dataset,scenario,seed,global_node_id,client_id,stage,subset,pool_role,true_class,membership_label,mia_score,decision,threshold,fallback_status,prob_vector
Cora,client,42,852,1,M0,attack_member,evaluation,0,1,0.170122891664505,0,0.8464870452880859,False,"[0.645649, 0.04319, 0.117199, 0.021261, 0.012873, 0.125353, 0.034475]"
Cora,client,42,1030,1,M0,attack_member,evaluation,2,1,0.9560298323631287,1,0.9013515114784241,False,"[0.050565, 0.036112, 0.77385, 0.059457, 0.036294, 0.023943, 0.01978]"
Cora,client,42,1248,1,M0,attack_member,evaluation,1,1,0.8391543626785278,1,0.7180246114730835,False,"[0.004334, 0.856864, 0.029782, 0.048561, 0.004889, 0.048666, 0.006904]"
Cora,client,42,1258,1,M0,attack_member,evaluation,1,1,0.753566563129425,1,0.7180246114730835,False,"[0.014052, 0.926795, 0.017141, 0.015884, 0.007522, 0.009149, 0.009456]"
Cora,client,42,1770,1,M0,attack_member,evaluation,1,1,0.8509137630462646,1,0.7180246114730835,False,"[0.005256, 0.911761, 0.022073, 0.014015, 0.005566, 0.029013, 0.012316]"
Cora,client,42,1777,1,M0,attack_member,evaluation,1,1,0.7870965600013733,1,0.7180246114730835,False,"[0.005683, 0.946837, 0.012764, 0.005626, 0.010476, 0.013385, 0.005229]"
Cora,client,42,1779,1,M0,attack_member,evaluation,1,1,0.7649526596069336,1,0.7180246114730835,False,"[0.00339, 0.970614, 0.006261, 0.005734, 0.002559, 0.009334, 0.002108]"
Cora,client,42,1790,1,M0,attack_member,evaluation,1,1,0.8221542239189148,1,0.7180246114730835,False,"[0.073164, 0.718683, 0.054647, 0.034042, 0.037234, 0.06537, 0.01686]"
Cora,client,42,2026,1,M0,attack_member,evaluation,1,1,0.769423246383667,1,0.7180246114730835,False,"[0.012865, 0.822941, 0.052453, 0.066565, 0.011973, 0.020559, 0.012645]"
Cora,client,42,2078,1,M0,attack_member,evaluation,3,1,0.521018385887146,0,0.6739380955696106,False,"[0.043562, 0.473513, 0.07259, 0.32105, 0.018222, 0.05012, 0.020944]"
Cora,client,42,2094,1,M0,attack_member,evaluation,1,1,0.7544910907745361,1,0.7180246114730835,False,"[0.02701, 0.90752, 0.016189, 0.009202, 0.013118, 0.017186, 0.009775]"
Cora,client,42,116,1,M0,attack_member,evaluation,6,1,0.7820802927017212,1,0.7456499338150024,False,"[0.035345, 0.011629, 0.014672, 0.014344, 0.031398, 0.022224, 0.870388]"
Cora,client,42,497,1,M0,attack_member,evaluation,0,1,0.8363087177276611,0,0.8464870452880859,False,"[0.967576, 0.001234, 0.011682, 0.010511, 0.004561, 0.00141, 0.003026]"
Cora,client,42,1344,1,M0,attack_member,evaluation,3,1,0.5815005302429199,0,0.6739380955696106,False,"[0.044727, 0.002132, 0.014924, 0.928408, 0.003893, 0.003382, 0.002535]"
Cora,client,42,1387,1,M0,attack_member,evaluation,6,1,0.7524512410163879,1,0.7456499338150024,False,"[0.053597, 0.005549, 0.030781, 0.017571, 0.028533, 0.037467, 0.826503]"
Cora,client,42,1487,1,M0,attack_member,evaluation,6,1,0.5420324206352234,0,0.7456499338150024,False,"[0.209099, 0.011153, 0.032845, 0.016454, 0.033346, 0.082238, 0.614865]"
Cora,client,42,1676,1,M0,attack_member,evaluation,6,1,0.8570541739463806,1,0.7456499338150024,False,"[0.006389, 0.001069, 0.014455, 0.002964, 0.005321, 0.010579, 0.959223]"
Cora,client,42,1922,1,M0,attack_member,evaluation,0,1,0.8376801609992981,0,0.8464870452880859,False,"[0.965, 0.000866, 0.006506, 0.007677, 0.007322, 0.005315, 0.007314]"
Cora,client,42,1927,1,M0,attack_member,evaluation,0,1,0.8534526228904724,1,0.8464870452880859,False,"[0.990459, 5.1e-05, 0.003798, 0.005146, 0.000197, 0.00017, 0.000179]"
Cora,client,42,1929,1,M0,attack_member,evaluation,3,1,0.08881466090679169,0,0.6739380955696106,False,"[0.494602, 0.011057, 0.051374, 0.34517, 0.048749, 0.017563, 0.031486]"
Cora,client,42,1982,1,M0,attack_member,evaluation,5,1,0.5400605797767639,0,0.6212708353996277,False,"[0.010348, 0.004106, 0.016679, 0.003573, 0.004268, 0.940907, 0.020119]"
Cora,client,42,2013,1,M0,attack_member,evaluation,6,1,0.19523464143276215,0,0.7456499338150024,False,"[0.191006, 0.037684, 0.062133, 0.1301, 0.07115, 0.106139, 0.401788]"
Cora,client,42,2017,1,M0,attack_member,evaluation,5,1,0.03700639307498932,0,0.6212708353996277,False,"[0.272725, 0.009487, 0.080617, 0.015758, 0.022486, 0.492443, 0.106483]"
Cora,client,42,2059,1,M0,attack_member,evaluation,0,1,0.8384573459625244,0,0.8464870452880859,False,"[0.977326, 0.00024, 0.014359, 0.001697, 0.003202, 0.001993, 0.001182]"
Cora,client,42,2344,1,M0,attack_member,evaluation,3,1,0.5831091403961182,0,0.6739380955696106,False,"[0.023265, 0.005909, 0.011709, 0.933057, 0.005927, 0.009548, 0.010584]"
Cora,client,42,2385,1,M0,attack_member,evaluation,4,1,0.01436126884073019,0,0.7088910341262817,False,"[0.043828, 0.01304, 0.09418, 0.366095, 0.123371, 0.312613, 0.046874]"
Cora,client,42,2213,1,M0,attack_member,evaluation,3,1,0.44014179706573486,0,0.6739380955696106,False,"[0.025658, 0.0413, 0.035146, 0.800954, 0.042536, 0.028628, 0.025778]"
Cora,client,42,1151,1,M0,attack_member,evaluation,3,1,0.5757297277450562,0,0.6739380955696106,False,"[0.009088, 0.003936, 0.013999, 0.944369, 0.006724, 0.016784, 0.005099]"
Cora,client,42,1092,1,M0,attack_member,evaluation,3,1,0.6682921051979065,0,0.6739380955696106,False,"[0.001207, 0.001003, 0.002012, 0.992201, 0.001509, 0.000594, 0.001474]"
Cora,client,42,1554,1,M0,attack_member,evaluation,3,1,0.6558138728141785,0,0.6739380955696106,False,"[0.005029, 0.001777, 0.003038, 0.978793, 0.006491, 0.001511, 0.003362]"
Cora,client,42,431,1,M0,attack_member,evaluation,4,1,0.7233304977416992,1,0.7088910341262817,False,"[0.000854, 2.4e-05, 0.000809, 0.000263, 0.997914, 1.7e-05, 0.000119]"
Cora,client,42,2173,1,M0,attack_member,evaluation,6,1,0.8007459044456482,1,0.7456499338150024,False,"[0.027347, 0.009375, 0.020793, 0.019075, 0.004434, 0.038969, 0.880008]"
Cora,client,42,446,2,M0,attack_member,evaluation,0,1,0.15067870914936066,0,0.8464870452880859,False,"[0.520738, 0.012269, 0.033676, 0.06039, 0.139207, 0.180573, 0.053148]"
Cora,client,42,491,2,M0,attack_member,evaluation,6,1,0.8683987855911255,1,0.7456499338150024,False,"[0.000541, 0.002445, 0.010945, 0.001366, 0.001125, 0.004422, 0.979156]"
Cora,client,42,496,2,M0,attack_member,evaluation,0,1,0.6444350481033325,0,0.8464870452880859,False,"[0.658449, 0.022939, 0.022785, 0.006203, 0.005259, 0.088159, 0.196206]"
Cora,client,42,528,2,M0,attack_member,evaluation,5,1,0.556155800819397,0,0.6212708353996277,False,"[0.023152, 0.009612, 0.010826, 0.003258, 0.007644, 0.913868, 0.031639]"
Cora,client,42,596,2,M0,attack_member,evaluation,6,1,0.4770250618457794,0,0.7456499338150024,False,"[0.288201, 0.027217, 0.032089, 0.00492, 0.002971, 0.118392, 0.526209]"
Cora,client,42,1029,2,M0,attack_member,evaluation,5,1,0.36825522780418396,0,0.6212708353996277,False,"[0.026706, 0.02324, 0.040801, 0.043028, 0.038517, 0.799439, 0.02827]"
Cora,client,42,1690,2,M0,attack_member,evaluation,5,1,0.34781384468078613,0,0.6212708353996277,False,"[0.087772, 0.02951, 0.038711, 0.028612, 0.0752, 0.660384, 0.079811]"
Cora,client,42,2050,2,M0,attack_member,evaluation,6,1,0.4173082411289215,0,0.7456499338150024,False,"[0.062084, 0.099484, 0.068127, 0.049277, 0.032104, 0.154206, 0.534717]"
Cora,client,42,2111,2,M0,attack_member,evaluation,5,1,0.1383960247039795,0,0.6212708353996277,False,"[0.12243, 0.039539, 0.076777, 0.022424, 0.026413, 0.642207, 0.07021]"
Cora,client,42,2155,2,M0,attack_member,evaluation,0,1,0.7465250492095947,0,0.8464870452880859,False,"[0.841671, 0.006459, 0.023214, 0.007041, 0.074749, 0.012746, 0.03412]"
Cora,client,42,79,2,M0,attack_member,evaluation,0,1,0.028334375470876694,0,0.8464870452880859,False,"[0.38202, 0.109146, 0.124319, 0.108341, 0.044815, 0.158466, 0.072894]"
Cora,client,42,159,2,M0,attack_member,evaluation,3,1,0.6602988243103027,0,0.6739380955696106,False,"[0.000758, 0.003696, 0.004487, 0.980781, 0.007348, 0.001063, 0.001866]"
Cora,client,42,678,2,M0,attack_member,evaluation,3,1,0.1556980311870575,0,0.6739380955696106,False,"[0.164584, 0.025659, 0.057809, 0.087115, 0.62929, 0.013161, 0.022383]"
Cora,client,42,1062,2,M0,attack_member,evaluation,3,1,0.557515561580658,0,0.6739380955696106,False,"[0.016036, 0.013694, 0.020646, 0.862758, 0.069944, 0.006773, 0.010148]"
Cora,client,42,1654,2,M0,attack_member,evaluation,3,1,0.6373595595359802,0,0.6739380955696106,False,"[0.004192, 0.002669, 0.005842, 0.956561, 0.024298, 0.004552, 0.001885]"
Cora,client,42,2409,2,M0,attack_member,evaluation,2,1,0.8666802644729614,0,0.9013515114784241,False,"[0.022508, 0.011276, 0.87104, 0.066645, 0.013652, 0.007644, 0.007236]"
Cora,client,42,2552,2,M0,attack_member,evaluation,3,1,0.39516115188598633,0,0.6739380955696106,False,"[0.029194, 0.021086, 0.055622, 0.681458, 0.186255, 0.007273, 0.019111]"
Cora,client,42,2611,2,M0,attack_member,evaluation,3,1,0.30495724081993103,0,0.6739380955696106,False,"[0.052064, 0.013645, 0.085408, 0.71956, 0.098648, 0.014672, 0.016003]"
Cora,client,42,527,2,M0,attack_member,evaluation,0,1,0.8123349547386169,0,0.8464870452880859,False,"[0.947541, 0.006138, 0.006083, 0.008472, 0.025621, 0.004636, 0.001508]"
Cora,client,42,736,2,M0,attack_member,evaluation,0,1,0.8450542092323303,0,0.8464870452880859,False,"[0.984795, 0.002749, 0.002108, 0.001863, 0.003011, 0.003291, 0.002182]"
Cora,client,42,858,2,M0,attack_member,evaluation,0,1,0.799011766910553,0,0.8464870452880859,False,"[0.937289, 0.00618, 0.013989, 0.016503, 0.010998, 0.00984, 0.0052]"
Cora,client,42,901,2,M0,attack_member,evaluation,0,1,0.6608220934867859,0,0.8464870452880859,False,"[0.860548, 0.022476, 0.05877, 0.02832, 0.015538, 0.009184, 0.005164]"
Cora,client,42,1025,2,M0,attack_member,evaluation,0,1,0.5960968136787415,0,0.8464870452880859,False,"[0.798698, 0.015617, 0.04133, 0.04102, 0.058702, 0.033892, 0.010742]"
Cora,client,42,1517,2,M0,attack_member,evaluation,0,1,0.5384352803230286,0,0.8464870452880859,False,"[0.775076, 0.021708, 0.063222, 0.035168, 0.057649, 0.032002, 0.015175]"
Cora,client,42,1635,2,M0,attack_member,evaluation,4,1,0.021081112325191498,0,0.7088910341262817,False,"[0.325321, 0.045184, 0.104022, 0.0348, 0.344197, 0.091161, 0.055314]"
Cora,client,42,1669,2,M0,attack_member,evaluation,0,1,0.7682041525840759,0,0.8464870452880859,False,"[0.882412, 0.00496, 0.01338, 0.012358, 0.073452, 0.005614, 0.007824]"
Cora,client,42,2054,2,M0,attack_member,evaluation,0,1,0.8389444351196289,0,0.8464870452880859,False,"[0.978179, 0.00239, 0.005611, 0.001466, 0.007463, 0.003424, 0.001468]"
Cora,client,42,2133,2,M0,attack_member,evaluation,0,1,0.8351395726203918,0,0.8464870452880859,False,"[0.975176, 0.00129, 0.008298, 0.003204, 0.004087, 0.006088, 0.001856]"
Cora,client,42,611,2,M0,attack_member,evaluation,6,1,0.6797176003456116,0,0.7456499338150024,False,"[0.059239, 0.005556, 0.017353, 0.02319, 0.058729, 0.06188, 0.774052]"
Cora,client,42,2629,2,M0,attack_member,evaluation,3,1,0.6646347641944885,0,0.6739380955696106,False,"[0.001099, 0.000524, 0.00334, 0.989007, 0.004816, 0.000799, 0.000416]"
Cora,client,42,1044,2,M0,attack_member,evaluation,3,1,0.6021353602409363,0,0.6739380955696106,False,"[0.000384, 0.001044, 0.018984, 0.960892, 0.008988, 0.007163, 0.002544]"
Cora,client,42,1541,2,M0,attack_member,evaluation,3,1,0.6412354111671448,0,0.6739380955696106,False,"[0.005305, 0.000601, 0.011178, 0.980379, 0.001029, 0.001102, 0.000405]"
Cora,client,42,314,3,M0,attack_member,evaluation,3,1,0.39027419686317444,0,0.6739380955696106,False,"[0.060399, 0.035606, 0.066018, 0.781387, 0.02404, 0.007304, 0.025246]"
Cora,client,42,673,3,M0,attack_member,evaluation,3,1,0.34062984585762024,0,0.6739380955696106,False,"[0.061847, 0.05046, 0.042325, 0.685558, 0.075573, 0.025736, 0.058501]"
Cora,client,42,927,3,M0,attack_member,evaluation,3,1,0.5943922400474548,0,0.6739380955696106,False,"[0.012904, 0.007204, 0.018135, 0.933337, 0.017738, 0.004886, 0.005796]"
Cora,client,42,1100,3,M0,attack_member,evaluation,3,1,0.3502386510372162,0,0.6739380955696106,False,"[0.02685, 0.042602, 0.052359, 0.78388, 0.026587, 0.047219, 0.020502]"
Cora,client,42,1166,3,M0,attack_member,evaluation,3,1,0.6135122179985046,0,0.6739380955696106,False,"[0.015161, 0.008842, 0.010655, 0.940479, 0.013558, 0.00491, 0.006395]"
Cora,client,42,1299,3,M0,attack_member,evaluation,3,1,0.5782989263534546,0,0.6739380955696106,False,"[0.009584, 0.017228, 0.020193, 0.925266, 0.011383, 0.013271, 0.003076]"
Cora,client,42,1316,3,M0,attack_member,evaluation,3,1,0.610331654548645,0,0.6739380955696106,False,"[0.011594, 0.003901, 0.015571, 0.950065, 0.010862, 0.002761, 0.005246]"
Cora,client,42,1868,3,M0,attack_member,evaluation,3,1,0.4777815639972687,0,0.6739380955696106,False,"[0.02022, 0.011655, 0.047016, 0.867601, 0.029132, 0.009099, 0.015278]"
Cora,client,42,1876,3,M0,attack_member,evaluation,3,1,0.55543452501297,0,0.6739380955696106,False,"[0.01835, 0.020218, 0.023644, 0.889561, 0.030089, 0.011289, 0.006848]"
Cora,client,42,2028,3,M0,attack_member,evaluation,3,1,0.0909280851483345,0,0.6739380955696106,False,"[0.102283, 0.015625, 0.092368, 0.551467, 0.066156, 0.078276, 0.093825]"
Cora,client,42,541,3,M0,attack_member,evaluation,5,1,0.6285992860794067,1,0.6212708353996277,False,"[0.001134, 0.000452, 0.001459, 6.7e-05, 0.000129, 0.996379, 0.00038]"
Cora,client,42,643,3,M0,attack_member,evaluation,5,1,0.6231156587600708,1,0.6212708353996277,False,"[0.000714, 0.003966, 0.003534, 0.000879, 0.000416, 0.988425, 0.002067]"
Cora,client,42,1276,3,M0,attack_member,evaluation,5,1,0.5887211561203003,0,0.6212708353996277,False,"[0.006734, 0.001491, 0.007632, 0.001014, 0.000898, 0.976553, 0.005678]"
Cora,client,42,1313,3,M0,attack_member,evaluation,5,1,0.630452036857605,1,0.6212708353996277,False,"[0.000719, 0.004041, 0.002184, 0.000599, 0.000401, 0.985004, 0.007051]"
Cora,client,42,1827,3,M0,attack_member,evaluation,5,1,0.5456923842430115,0,0.6212708353996277,False,"[0.015575, 0.004672, 0.012949, 0.002709, 0.001303, 0.953932, 0.00886]"
Cora,client,42,1900,3,M0,attack_member,evaluation,6,1,0.8567644953727722,1,0.7456499338150024,False,"[0.008779, 0.002193, 0.012436, 0.003155, 0.003208, 0.011965, 0.958263]"
Cora,client,42,2491,3,M0,attack_member,evaluation,5,1,0.6201165914535522,0,0.6212708353996277,False,"[0.002183, 0.007833, 0.004195, 0.002275, 0.001114, 0.979839, 0.002561]"
Cora,client,42,2608,3,M0,attack_member,evaluation,6,1,0.8753238320350647,1,0.7456499338150024,False,"[0.00083, 0.000199, 0.00175, 0.00043, 0.000472, 0.000843, 0.995477]"
Cora,client,42,1111,3,M0,attack_member,evaluation,4,1,0.1891060173511505,0,0.7088910341262817,False,"[0.059867, 0.019992, 0.066295, 0.298968, 0.494847, 0.029732, 0.030297]"
Cora,client,42,1324,3,M0,attack_member,evaluation,5,1,0.32151177525520325,0,0.6212708353996277,False,"[0.131236, 0.00443, 0.03429, 0.041775, 0.157157, 0.597266, 0.033845]"
Cora,client,42,1400,3,M0,attack_member,evaluation,3,1,0.6754974722862244,1,0.6739380955696106,False,"[0.000424, 7e-05, 0.000427, 0.998313, 0.000257, 0.000163, 0.000347]"
Cora,client,42,2039,3,M0,attack_member,evaluation,3,1,0.5720629096031189,0,0.6739380955696106,False,"[0.040425, 0.006094, 0.010457, 0.834532, 0.105589, 0.001699, 0.001203]"
Cora,client,42,1569,3,M0,attack_member,evaluation,4,1,0.632449209690094,0,0.7088910341262817,False,"[0.005224, 0.005647, 0.017312, 0.037378, 0.929468, 0.001012, 0.003959]"
Cora,client,42,67,3,M0,attack_member,evaluation,5,1,0.6025100946426392,0,0.6212708353996277,False,"[0.003292, 0.004259, 0.005673, 0.003636, 0.000827, 0.981414, 0.000899]"
Cora,client,42,114,3,M0,attack_member,evaluation,5,1,0.6415889263153076,1,0.6212708353996277,False,"[0.00224, 0.046768, 0.011037, 0.001452, 0.000762, 0.930881, 0.006861]"
Cora,client,42,393,3,M0,attack_member,evaluation,5,1,0.31212642788887024,0,0.6212708353996277,False,"[0.04784, 0.006792, 0.045665, 0.023031, 0.025668, 0.829768, 0.021236]"
Cora,client,42,661,3,M0,attack_member,evaluation,5,1,0.6325874328613281,1,0.6212708353996277,False,"[0.000322, 6.2e-05, 0.000804, 9.8e-05, 8.9e-05, 0.99837, 0.000256]"
Cora,client,42,1954,3,M0,attack_member,evaluation,5,1,0.5594485998153687,0,0.6212708353996277,False,"[0.007914, 0.001485, 0.012468, 0.003334, 0.002758, 0.970654, 0.001386]"
Cora,client,42,2176,3,M0,attack_member,evaluation,3,1,0.5924931168556213,0,0.6739380955696106,False,"[0.007691, 0.006052, 0.025663, 0.933545, 0.023171, 0.001359, 0.002519]"
Cora,client,42,2287,3,M0,attack_member,evaluation,5,1,0.6412748694419861,1,0.6212708353996277,False,"[0.003854, 0.027727, 0.00529, 0.000917, 0.000938, 0.954031, 0.007242]"
Cora,client,42,2664,3,M0,attack_member,evaluation,3,1,0.42469531297683716,0,0.6739380955696106,False,"[0.055752, 0.059347, 0.037319, 0.773313, 0.020261, 0.026755, 0.027254]"
Cora,client,42,2432,3,M0,attack_member,evaluation,4,1,0.6677371263504028,0,0.7088910341262817,False,"[0.013281, 0.00023, 0.005814, 0.007194, 0.971127, 0.00221, 0.000144]"
Cora,client,42,578,4,M0,attack_member,evaluation,5,1,0.239252507686615,0,0.6212708353996277,False,"[0.089298, 0.022021, 0.032044, 0.051147, 0.004285, 0.760028, 0.041177]"
Cora,client,42,1195,4,M0,attack_member,evaluation,0,1,0.7149960398674011,0,0.8464870452880859,False,"[0.737298, 0.007346, 0.018465, 0.112373, 0.016345, 0.029917, 0.078255]"
Cora,client,42,2023,4,M0,attack_member,evaluation,5,1,0.33388975262641907,0,0.6212708353996277,False,"[0.123575, 0.03778, 0.030345, 0.010879, 0.032845, 0.376576, 0.388]"
Cora,client,42,2099,4,M0,attack_member,evaluation,0,1,0.39859044551849365,0,0.8464870452880859,False,"[0.479053, 0.010963, 0.07599, 0.295673, 0.042326, 0.027595, 0.0684]"
Cora,client,42,2185,4,M0,attack_member,evaluation,5,1,0.575456440448761,0,0.6212708353996277,False,"[0.010015, 0.007357, 0.010068, 0.00367, 0.003399, 0.960067, 0.005425]"
Cora,client,42,2405,4,M0,attack_member,evaluation,3,1,0.010930439457297325,0,0.6739380955696106,False,"[0.053482, 0.056741, 0.055487, 0.368913, 0.019667, 0.330286, 0.115424]"
Cora,client,42,196,4,M0,attack_member,evaluation,4,1,0.6426656246185303,0,0.7088910341262817,False,"[0.006352, 0.027231, 0.025992, 0.048749, 0.879903, 0.002856, 0.008916]"
Cora,client,42,442,4,M0,attack_member,evaluation,4,1,0.7034426331520081,0,0.7088910341262817,False,"[0.000324, 0.001691, 0.005107, 0.007203, 0.985108, 0.000118, 0.000449]"
Cora,client,42,638,4,M0,attack_member,evaluation,4,1,0.698363721370697,0,0.7088910341262817,False,"[0.000976, 0.002278, 0.005834, 0.007724, 0.981095, 0.001398, 0.000694]"
Cora,client,42,879,4,M0,attack_member,evaluation,3,1,0.6391628384590149,0,0.6739380955696106,False,"[0.004831, 0.020757, 0.008971, 0.924653, 0.034356, 0.002067, 0.004365]"
Cora,client,42,1202,4,M0,attack_member,evaluation,4,1,0.7227248549461365,1,0.7088910341262817,False,"[0.000436, 0.00042, 0.001531, 0.000352, 0.996615, 0.000109, 0.000536]"
Cora,client,42,2524,4,M0,attack_member,evaluation,4,1,0.7187899947166443,1,0.7088910341262817,False,"[0.0015, 0.000862, 0.002741, 0.000899, 0.992296, 0.000274, 0.001429]"
Cora,client,42,253,4,M0,attack_member,evaluation,3,1,0.6221545338630676,0,0.6739380955696106,False,"[0.006055, 0.004681, 0.014525, 0.950791, 0.019237, 0.001998, 0.002713]"
Cora,client,42,352,4,M0,attack_member,evaluation,3,1,0.6290719509124756,0,0.6739380955696106,False,"[0.005333, 0.003906, 0.009261, 0.964716, 0.007311, 0.004816, 0.004657]"
Cora,client,42,892,4,M0,attack_member,evaluation,3,1,0.6134412884712219,0,0.6739380955696106,False,"[0.007912, 0.006604, 0.01022, 0.946092, 0.014853, 0.006508, 0.007812]"
Cora,client,42,1934,4,M0,attack_member,evaluation,3,1,0.5742213726043701,0,0.6739380955696106,False,"[0.01443, 0.008712, 0.026225, 0.911795, 0.030481, 0.002716, 0.005641]"
Cora,client,42,1939,4,M0,attack_member,evaluation,3,1,0.639793336391449,0,0.6739380955696106,False,"[0.006624, 0.007361, 0.007123, 0.969171, 0.003267, 0.005442, 0.001013]"
Cora,client,42,1087,4,M0,attack_member,evaluation,4,1,0.6271337866783142,0,0.7088910341262817,False,"[0.022492, 0.014276, 0.031971, 0.012825, 0.887977, 0.006962, 0.023496]"
Cora,client,42,1653,4,M0,attack_member,evaluation,4,1,0.7100608944892883,1,0.7088910341262817,False,"[0.004322, 0.002295, 0.005488, 0.00474, 0.977375, 0.001583, 0.004196]"
Cora,client,42,269,4,M0,attack_member,evaluation,3,1,0.6614605188369751,0,0.6739380955696106,False,"[0.002237, 0.000339, 0.004112, 0.989956, 0.001494, 0.000983, 0.000879]"
Cora,client,42,1228,4,M0,attack_member,evaluation,0,1,0.7715809345245361,0,0.8464870452880859,False,"[0.892331, 0.00417, 0.02049, 0.03784, 0.024363, 0.011492, 0.009314]"
Cora,client,42,2246,4,M0,attack_member,evaluation,0,1,0.3126467764377594,0,0.8464870452880859,False,"[0.255456, 0.002487, 0.006748, 0.722758, 0.005747, 0.002198, 0.004606]"
Cora,client,42,2534,4,M0,attack_member,evaluation,3,1,0.6623599529266357,0,0.6739380955696106,False,"[0.001413, 0.001833, 0.00277, 0.987496, 0.003119, 0.001974, 0.001394]"
Cora,client,42,1307,4,M0,attack_member,evaluation,4,1,0.6037507057189941,0,0.7088910341262817,False,"[0.000995, 6.8e-05, 0.022466, 0.000125, 0.976048, 0.000155, 0.000144]"
Cora,client,42,1728,4,M0,attack_member,evaluation,3,1,0.5970813035964966,0,0.6739380955696106,False,"[0.006149, 0.009178, 0.019494, 0.937358, 0.018556, 0.007032, 0.002233]"
Cora,client,42,2601,4,M0,attack_member,evaluation,3,1,0.6491603255271912,0,0.6739380955696106,False,"[0.003231, 0.003965, 0.00781, 0.980236, 0.001273, 0.002224, 0.00126]"
Cora,client,42,551,4,M0,attack_member,evaluation,6,1,0.7354301810264587,0,0.7456499338150024,False,"[0.006389, 0.057641, 0.027645, 0.02345, 0.014481, 0.059577, 0.810818]"
Cora,client,42,1188,4,M0,attack_member,evaluation,0,1,0.805898904800415,0,0.8464870452880859,False,"[0.940303, 0.00168, 0.027306, 0.011215, 0.005525, 0.007004, 0.006966]"
Cora,client,42,2329,4,M0,attack_member,evaluation,1,1,0.7269068360328674,1,0.7180246114730835,False,"[0.000796, 0.987365, 0.002355, 0.005577, 0.00277, 0.000906, 0.000231]"
Cora,client,42,2553,4,M0,attack_member,evaluation,5,1,0.029509859159588814,0,0.6212708353996277,False,"[0.060242, 0.038928, 0.186984, 0.019677, 0.018492, 0.608975, 0.066704]"
Cora,client,42,2118,4,M0,attack_member,evaluation,3,1,0.5022133588790894,0,0.6739380955696106,False,"[0.035731, 0.020484, 0.038322, 0.867774, 0.018978, 0.009556, 0.009155]"
Cora,client,42,2625,4,M0,attack_member,evaluation,3,1,0.6743450164794922,1,0.6739380955696106,False,"[4.3e-05, 8e-05, 0.001229, 0.99814, 0.000293, 0.000114, 0.000101]"
Cora,client,42,103,1,M0,attack_nonmember,evaluation,1,0,0.7658940553665161,1,0.7180246114730835,False,"[0.003904, 0.966218, 0.006614, 0.006514, 0.00328, 0.009709, 0.00376]"
Cora,client,42,124,1,M0,attack_nonmember,evaluation,1,0,0.6774251461029053,0,0.7180246114730835,False,"[0.018632, 0.892576, 0.011648, 0.037758, 0.0114, 0.018544, 0.009443]"
Cora,client,42,126,1,M0,attack_nonmember,evaluation,1,0,0.5674870014190674,0,0.7180246114730835,False,"[0.006044, 0.892305, 0.0133, 0.072178, 0.002608, 0.009115, 0.00445]"
Cora,client,42,139,1,M0,attack_nonmember,evaluation,1,0,0.7573096752166748,1,0.7180246114730835,False,"[0.002404, 0.983273, 0.004635, 0.002373, 0.001353, 0.004884, 0.001078]"
Cora,client,42,176,1,M0,attack_nonmember,evaluation,1,0,0.0913243219256401,0,0.7180246114730835,False,"[0.062957, 0.2385, 0.106244, 0.363941, 0.089445, 0.092867, 0.046047]"
Cora,client,42,215,1,M0,attack_nonmember,evaluation,3,0,0.5165978074073792,0,0.6739380955696106,False,"[0.027766, 0.259286, 0.055253, 0.577426, 0.028579, 0.030845, 0.020845]"
Cora,client,42,329,1,M0,attack_nonmember,evaluation,1,0,0.7389518618583679,1,0.7180246114730835,False,"[0.028003, 0.842424, 0.047233, 0.052554, 0.005681, 0.014559, 0.009545]"
Cora,client,42,426,1,M0,attack_nonmember,evaluation,1,0,0.782703161239624,1,0.7180246114730835,False,"[0.005494, 0.954407, 0.013013, 0.008376, 0.003379, 0.010786, 0.004546]"
Cora,client,42,476,1,M0,attack_nonmember,evaluation,1,0,0.052207835018634796,0,0.7180246114730835,False,"[0.506002, 0.295195, 0.096099, 0.008998, 0.010681, 0.07905, 0.003974]"
Cora,client,42,519,1,M0,attack_nonmember,evaluation,1,0,0.7469428777694702,1,0.7180246114730835,False,"[0.014802, 0.731907, 0.039744, 0.114533, 0.014666, 0.078, 0.006349]"
Cora,client,42,532,1,M0,attack_nonmember,evaluation,3,0,0.6575545072555542,0,0.6739380955696106,False,"[0.005127, 0.003797, 0.002592, 0.979804, 0.004475, 0.002778, 0.001426]"
Cora,client,42,556,1,M0,attack_nonmember,evaluation,1,0,0.9591518640518188,1,0.7180246114730835,False,"[0.062237, 0.598374, 0.076972, 0.055603, 0.032538, 0.12564, 0.048637]"
Cora,client,42,608,1,M0,attack_nonmember,evaluation,1,0,0.8283892869949341,1,0.7180246114730835,False,"[0.009735, 0.891655, 0.021862, 0.022711, 0.009259, 0.032848, 0.01193]"
Cora,client,42,695,1,M0,attack_nonmember,evaluation,3,0,0.3722497820854187,0,0.6739380955696106,False,"[0.075703, 0.270561, 0.036196, 0.263282, 0.283569, 0.053157, 0.017532]"
Cora,client,42,869,1,M0,attack_nonmember,evaluation,3,0,0.6693973541259766,0,0.6739380955696106,False,"[0.001344, 0.000522, 0.001904, 0.993883, 0.001079, 0.000575, 0.000692]"
Cora,client,42,887,1,M0,attack_nonmember,evaluation,1,0,0.7338292598724365,1,0.7180246114730835,False,"[0.033719, 0.853936, 0.028158, 0.022391, 0.029131, 0.022877, 0.009788]"
Cora,client,42,980,1,M0,attack_nonmember,evaluation,1,0,0.7486444711685181,1,0.7180246114730835,False,"[0.02315, 0.815278, 0.04314, 0.011383, 0.079534, 0.0185, 0.009014]"
Cora,client,42,1142,1,M0,attack_nonmember,evaluation,1,0,0.992807149887085,1,0.7180246114730835,False,"[0.11695, 0.364284, 0.069924, 0.068447, 0.035717, 0.305881, 0.038796]"
Cora,client,42,1251,1,M0,attack_nonmember,evaluation,1,0,0.7881889343261719,1,0.7180246114730835,False,"[0.011561, 0.885463, 0.020239, 0.030087, 0.01258, 0.03077, 0.0093]"
Cora,client,42,1560,1,M0,attack_nonmember,evaluation,1,0,0.7919710278511047,1,0.7180246114730835,False,"[0.017687, 0.884805, 0.027144, 0.023674, 0.01365, 0.024408, 0.00863]"
Cora,client,42,1780,1,M0,attack_nonmember,evaluation,1,0,0.8172400593757629,1,0.7180246114730835,False,"[0.006455, 0.934045, 0.019621, 0.008873, 0.006891, 0.01844, 0.005675]"
Cora,client,42,1781,1,M0,attack_nonmember,evaluation,1,0,0.7956218719482422,1,0.7180246114730835,False,"[0.004976, 0.948131, 0.011791, 0.009902, 0.003214, 0.017799, 0.004187]"
Cora,client,42,1782,1,M0,attack_nonmember,evaluation,1,0,0.7711970210075378,1,0.7180246114730835,False,"[0.002744, 0.968187, 0.009832, 0.007602, 0.001458, 0.008112, 0.002064]"
Cora,client,42,1783,1,M0,attack_nonmember,evaluation,1,0,0.48426756262779236,0,0.7180246114730835,False,"[0.118411, 0.664586, 0.043166, 0.072416, 0.028502, 0.044766, 0.028153]"
Cora,client,42,1804,1,M0,attack_nonmember,evaluation,2,0,0.4360392391681671,0,0.9013515114784241,False,"[0.051142, 0.581918, 0.140388, 0.072185, 0.025233, 0.071367, 0.057767]"
Cora,client,42,1805,1,M0,attack_nonmember,evaluation,1,0,0.8717167377471924,1,0.7180246114730835,False,"[0.017776, 0.863024, 0.033122, 0.021184, 0.007456, 0.042695, 0.014743]"
Cora,client,42,1863,1,M0,attack_nonmember,evaluation,3,0,0.6575545072555542,0,0.6739380955696106,False,"[0.005127, 0.003797, 0.002592, 0.979804, 0.004475, 0.002778, 0.001426]"
Cora,client,42,1878,1,M0,attack_nonmember,evaluation,5,0,0.21331988275051117,0,0.6212708353996277,False,"[0.054584, 0.015604, 0.06933, 0.043879, 0.055941, 0.735497, 0.025165]"
Cora,client,42,2082,1,M0,attack_nonmember,evaluation,1,0,0.8765995502471924,1,0.7180246114730835,False,"[0.07764, 0.578866, 0.091429, 0.068192, 0.061708, 0.08542, 0.036743]"
Cora,client,42,2096,1,M0,attack_nonmember,evaluation,1,0,0.4260082244873047,0,0.7180246114730835,False,"[0.021899, 0.667804, 0.06456, 0.177542, 0.021821, 0.032481, 0.013892]"
Cora,client,42,2143,1,M0,attack_nonmember,evaluation,1,0,0.7821796536445618,1,0.7180246114730835,False,"[0.023858, 0.788421, 0.028168, 0.034506, 0.056412, 0.050113, 0.01852]"
Cora,client,42,2251,1,M0,attack_nonmember,evaluation,1,0,0.4536462426185608,0,0.7180246114730835,False,"[0.019689, 0.672625, 0.036456, 0.037767, 0.192236, 0.027677, 0.01355]"
Cora,client,42,2328,1,M0,attack_nonmember,evaluation,1,0,0.3572979271411896,0,0.7180246114730835,False,"[0.122254, 0.638983, 0.04753, 0.092557, 0.034597, 0.031177, 0.032902]"
Cora,client,42,57,1,M0,attack_nonmember,evaluation,3,0,0.03058598004281521,0,0.6739380955696106,False,"[0.666068, 0.015455, 0.102616, 0.138706, 0.037346, 0.02766, 0.012149]"
Cora,client,42,146,1,M0,attack_nonmember,evaluation,0,0,0.7505629062652588,0,0.8464870452880859,False,"[0.899507, 0.004469, 0.04225, 0.018798, 0.013884, 0.013679, 0.007412]"
Cora,client,42,149,1,M0,attack_nonmember,evaluation,0,0,0.5703166723251343,0,0.8464870452880859,False,"[0.69667, 0.01175, 0.047859, 0.172257, 0.027811, 0.021512, 0.022142]"
Cora,client,42,415,1,M0,attack_nonmember,evaluation,0,0,0.6620803475379944,0,0.8464870452880859,False,"[0.889092, 0.000392, 0.026605, 0.002283, 0.003389, 0.071205, 0.007035]"
Cora,client,42,593,1,M0,attack_nonmember,evaluation,4,0,0.007560585625469685,0,0.7088910341262817,False,"[0.487025, 0.003905, 0.068845, 0.016529, 0.400261, 0.009335, 0.014099]"
Cora,client,42,697,1,M0,attack_nonmember,evaluation,3,0,0.3192388117313385,0,0.6739380955696106,False,"[0.209675, 0.008343, 0.033266, 0.697361, 0.026327, 0.010216, 0.014811]"
Cora,client,42,718,1,M0,attack_nonmember,evaluation,0,0,0.7865936756134033,0,0.8464870452880859,False,"[0.896708, 0.000859, 0.012068, 0.0056, 0.074395, 0.004562, 0.005809]"
Cora,client,42,1027,1,M0,attack_nonmember,evaluation,6,0,0.09887339919805527,0,0.7456499338150024,False,"[0.527489, 0.01644, 0.187382, 0.044565, 0.074433, 0.055342, 0.094349]"
Cora,client,42,1085,1,M0,attack_nonmember,evaluation,6,0,0.40755695104599,0,0.7456499338150024,False,"[0.07439, 0.022617, 0.298789, 0.050318, 0.047777, 0.053965, 0.452144]"
Cora,client,42,1220,1,M0,attack_nonmember,evaluation,0,0,0.6512976884841919,0,0.8464870452880859,False,"[0.836603, 0.011803, 0.022585, 0.020585, 0.0689, 0.034015, 0.005509]"
Cora,client,42,1403,1,M0,attack_nonmember,evaluation,3,0,0.08122163265943527,0,0.6739380955696106,False,"[0.291608, 0.027154, 0.053837, 0.4074, 0.094166, 0.08219, 0.043646]"
Cora,client,42,1527,1,M0,attack_nonmember,evaluation,0,0,0.0649448037147522,0,0.8464870452880859,False,"[0.545947, 0.007649, 0.219339, 0.0041, 0.00806, 0.191309, 0.023596]"
Cora,client,42,1671,1,M0,attack_nonmember,evaluation,4,0,0.057490307837724686,0,0.7088910341262817,False,"[0.176538, 0.002185, 0.019059, 0.746116, 0.036042, 0.004118, 0.015942]"
Cora,client,42,1905,1,M0,attack_nonmember,evaluation,0,0,0.09494879841804504,0,0.8464870452880859,False,"[0.208211, 0.051943, 0.098548, 0.284224, 0.170048, 0.065537, 0.121489]"
Cora,client,42,1975,1,M0,attack_nonmember,evaluation,6,0,0.6716204285621643,0,0.7456499338150024,False,"[0.02391, 0.009783, 0.180399, 0.03115, 0.020619, 0.038793, 0.695346]"
Cora,client,42,1983,1,M0,attack_nonmember,evaluation,0,0,0.3076748847961426,0,0.8464870452880859,False,"[0.547472, 0.013247, 0.067365, 0.026256, 0.269811, 0.042421, 0.033428]"
Cora,client,42,2018,1,M0,attack_nonmember,evaluation,0,0,0.7134382724761963,0,0.8464870452880859,False,"[0.848091, 0.005843, 0.04631, 0.02391, 0.015844, 0.02732, 0.032682]"
Cora,client,42,2020,1,M0,attack_nonmember,evaluation,4,0,0.0017113740323111415,0,0.7088910341262817,False,"[0.62157, 0.01665, 0.096329, 0.038654, 0.128842, 0.054451, 0.043504]"
Cora,client,42,2116,1,M0,attack_nonmember,evaluation,0,0,0.2576232850551605,0,0.8464870452880859,False,"[0.622897, 0.032872, 0.118626, 0.051852, 0.080675, 0.062868, 0.03021]"
Cora,client,42,2309,1,M0,attack_nonmember,evaluation,3,0,0.04455017298460007,0,0.6739380955696106,False,"[0.374345, 0.006448, 0.060807, 0.232614, 0.166328, 0.071318, 0.08814]"
Cora,client,42,2343,1,M0,attack_nonmember,evaluation,3,0,0.43370524048805237,0,0.6739380955696106,False,"[0.067084, 0.009542, 0.025879, 0.82704, 0.023, 0.020833, 0.026622]"
Cora,client,42,2397,1,M0,attack_nonmember,evaluation,6,0,0.1164543554186821,0,0.7456499338150024,False,"[0.42991, 0.017787, 0.172223, 0.097886, 0.057731, 0.037845, 0.186618]"
Cora,client,42,2418,1,M0,attack_nonmember,evaluation,0,0,0.7514919638633728,0,0.8464870452880859,False,"[0.893303, 0.005403, 0.042674, 0.032936, 0.017566, 0.005697, 0.002422]"
Cora,client,42,2428,1,M0,attack_nonmember,evaluation,5,0,0.015336057171225548,0,0.6212708353996277,False,"[0.187435, 0.06934, 0.055046, 0.320257, 0.093064, 0.20887, 0.065988]"
Cora,client,42,2467,1,M0,attack_nonmember,evaluation,6,0,0.0912158414721489,0,0.7456499338150024,False,"[0.027973, 0.008684, 0.127813, 0.047355, 0.038182, 0.7131, 0.036893]"
Cora,client,42,155,1,M0,attack_nonmember,evaluation,2,0,0.7697403430938721,0,0.9013515114784241,False,"[0.021241, 0.006899, 0.696277, 0.017221, 0.019421, 0.230245, 0.008695]"
Cora,client,42,1877,1,M0,attack_nonmember,evaluation,3,0,0.5666984915733337,0,0.6739380955696106,False,"[0.008861, 0.015301, 0.016688, 0.91801, 0.010919, 0.013628, 0.016594]"
Cora,client,42,2454,1,M0,attack_nonmember,evaluation,6,0,0.05900021269917488,0,0.7456499338150024,False,"[0.042115, 0.021354, 0.038525, 0.323385, 0.095198, 0.163678, 0.315745]"
Cora,client,42,2058,1,M0,attack_nonmember,evaluation,5,0,0.001455825287848711,0,0.6212708353996277,False,"[0.008318, 0.008418, 0.367227, 0.013009, 0.007964, 0.588564, 0.0065]"
Cora,client,42,2701,1,M0,attack_nonmember,evaluation,3,0,0.6605533361434937,0,0.6739380955696106,False,"[0.002541, 0.000578, 0.003504, 0.988586, 0.002349, 0.00179, 0.000653]"
Cora,client,42,2526,1,M0,attack_nonmember,evaluation,4,0,0.7001433372497559,0,0.7088910341262817,False,"[0.007677, 0.000229, 0.002735, 0.012796, 0.975019, 0.000208, 0.001336]"
Cora,client,42,677,1,M0,attack_nonmember,evaluation,4,0,0.4654415547847748,0,0.7088910341262817,False,"[0.029289, 0.002486, 0.026368, 0.026993, 0.855789, 0.048277, 0.010799]"
Cora,client,42,181,2,M0,attack_nonmember,evaluation,6,0,0.6801946759223938,0,0.7456499338150024,False,"[0.014068, 0.023109, 0.045736, 0.043295, 0.033921, 0.067947, 0.771925]"
Cora,client,42,262,2,M0,attack_nonmember,evaluation,6,0,0.6523615717887878,0,0.7456499338150024,False,"[0.017306, 0.025345, 0.04423, 0.023919, 0.033104, 0.136633, 0.719463]"
Cora,client,42,414,2,M0,attack_nonmember,evaluation,6,0,0.3145054876804352,0,0.7456499338150024,False,"[0.12872, 0.072031, 0.087533, 0.023734, 0.031195, 0.263608, 0.39318]"
Cora,client,42,451,2,M0,attack_nonmember,evaluation,5,0,0.6013380289077759,0,0.6212708353996277,False,"[0.00797, 0.001574, 0.004501, 0.001025, 0.000726, 0.975774, 0.00843]"
Cora,client,42,671,2,M0,attack_nonmember,evaluation,5,0,0.5548169612884521,0,0.6212708353996277,False,"[0.018954, 0.001959, 0.009955, 0.001181, 0.002352, 0.953717, 0.011883]"
Cora,client,42,822,2,M0,attack_nonmember,evaluation,5,0,0.007295809220522642,0,0.6212708353996277,False,"[0.313332, 0.052853, 0.147344, 0.068435, 0.046034, 0.165786, 0.206215]"
Cora,client,42,1152,2,M0,attack_nonmember,evaluation,0,0,0.08557168394327164,0,0.8464870452880859,False,"[0.203262, 0.008478, 0.072615, 0.012469, 0.679625, 0.012562, 0.010989]"
Cora,client,42,1351,2,M0,attack_nonmember,evaluation,6,0,0.8269780278205872,1,0.7456499338150024,False,"[0.033959, 0.002941, 0.019701, 0.004418, 0.007525, 0.024523, 0.906933]"
Cora,client,42,1464,2,M0,attack_nonmember,evaluation,6,0,0.8389348983764648,1,0.7456499338150024,False,"[0.005712, 0.005627, 0.017984, 0.005039, 0.006208, 0.032377, 0.927053]"
Cora,client,42,1592,2,M0,attack_nonmember,evaluation,6,0,0.558426558971405,0,0.7456499338150024,False,"[0.102348, 0.036787, 0.064778, 0.029593, 0.028154, 0.107171, 0.631168]"
Cora,client,42,1616,2,M0,attack_nonmember,evaluation,6,0,0.6561332941055298,0,0.7456499338150024,False,"[0.073613, 0.017237, 0.061862, 0.018329, 0.020721, 0.10417, 0.704068]"
Cora,client,42,1792,2,M0,attack_nonmember,evaluation,3,0,0.010312012396752834,0,0.6739380955696106,False,"[0.232658, 0.092289, 0.099784, 0.160502, 0.040908, 0.227355, 0.146504]"
Cora,client,42,1849,2,M0,attack_nonmember,evaluation,6,0,0.7350358963012695,0,0.7456499338150024,False,"[0.050429, 0.013929, 0.073532, 0.010617, 0.028836, 0.037451, 0.785206]"
Cora,client,42,1915,2,M0,attack_nonmember,evaluation,6,0,0.5857025980949402,0,0.7456499338150024,False,"[0.040523, 0.022079, 0.053577, 0.022788, 0.021354, 0.199534, 0.640145]"
Cora,client,42,2010,2,M0,attack_nonmember,evaluation,0,0,0.15617918968200684,0,0.8464870452880859,False,"[0.474257, 0.010614, 0.041015, 0.087096, 0.183225, 0.150727, 0.053066]"
Cora,client,42,2070,2,M0,attack_nonmember,evaluation,0,0,0.594064474105835,0,0.8464870452880859,False,"[0.786871, 0.021921, 0.05492, 0.044123, 0.024271, 0.033569, 0.034325]"
Cora,client,42,2134,2,M0,attack_nonmember,evaluation,6,0,0.6359841823577881,0,0.7456499338150024,False,"[0.065983, 0.015953, 0.057596, 0.031894, 0.043956, 0.067207, 0.717411]"
Cora,client,42,2189,2,M0,attack_nonmember,evaluation,0,0,0.727277398109436,0,0.8464870452880859,False,"[0.557165, 0.023206, 0.024761, 0.023126, 0.03224, 0.059366, 0.280137]"
Cora,client,42,2417,2,M0,attack_nonmember,evaluation,4,0,0.4674178957939148,0,0.7088910341262817,False,"[0.027399, 0.001703, 0.036421, 0.01125, 0.916374, 0.003436, 0.003418]"
Cora,client,42,2436,2,M0,attack_nonmember,evaluation,4,0,0.09101514518260956,0,0.7088910341262817,False,"[0.103827, 0.050753, 0.047997, 0.162558, 0.127634, 0.403721, 0.103508]"
Cora,client,42,13,2,M0,attack_nonmember,evaluation,3,0,0.25713786482810974,0,0.6739380955696106,False,"[0.057157, 0.054378, 0.091506, 0.661715, 0.074003, 0.029028, 0.032212]"
Cora,client,42,104,2,M0,attack_nonmember,evaluation,1,0,0.7893651723861694,1,0.7180246114730835,False,"[0.005967, 0.851057, 0.055473, 0.062671, 0.003798, 0.01492, 0.006113]"
Cora,client,42,224,2,M0,attack_nonmember,evaluation,4,0,0.12588807940483093,0,0.7088910341262817,False,"[0.039378, 0.034527, 0.044101, 0.69552, 0.151176, 0.022179, 0.01312]"
Cora,client,42,383,2,M0,attack_nonmember,evaluation,3,0,0.18947690725326538,0,0.6739380955696106,False,"[0.096247, 0.029285, 0.071011, 0.243328, 0.523856, 0.018765, 0.017509]"
Cora,client,42,618,2,M0,attack_nonmember,evaluation,3,0,0.274069607257843,0,0.6739380955696106,False,"[0.089243, 0.00626, 0.049849, 0.636875, 0.154748, 0.029338, 0.033686]"
Cora,client,42,994,2,M0,attack_nonmember,evaluation,3,0,0.24569959938526154,0,0.6739380955696106,False,"[0.121017, 0.006481, 0.063368, 0.641899, 0.107227, 0.021735, 0.038273]"
Cora,client,42,1020,2,M0,attack_nonmember,evaluation,3,0,0.6011128425598145,0,0.6739380955696106,False,"[0.003884, 0.039295, 0.015154, 0.892715, 0.023566, 0.008396, 0.01699]"
Cora,client,42,1160,2,M0,attack_nonmember,evaluation,3,0,0.28120046854019165,0,0.6739380955696106,False,"[0.127461, 0.03827, 0.06462, 0.488551, 0.264957, 0.005533, 0.010609]"
Cora,client,42,1590,2,M0,attack_nonmember,evaluation,3,0,0.1500830054283142,0,0.6739380955696106,False,"[0.198244, 0.04476, 0.104059, 0.358283, 0.268146, 0.00873, 0.017777]"
Cora,client,42,1591,2,M0,attack_nonmember,evaluation,3,0,0.6740700602531433,1,0.6739380955696106,False,"[0.000131, 0.000625, 0.001292, 0.996596, 0.001133, 0.00015, 7.3e-05]"
Cora,client,42,1621,2,M0,attack_nonmember,evaluation,3,0,0.07357019931077957,0,0.6739380955696106,False,"[0.045042, 0.024067, 0.171986, 0.211252, 0.483671, 0.034988, 0.028995]"
Cora,client,42,1820,2,M0,attack_nonmember,evaluation,3,0,0.4242952764034271,0,0.6739380955696106,False,"[0.031005, 0.024701, 0.026771, 0.834905, 0.022219, 0.041825, 0.018574]"
Cora,client,42,1821,2,M0,attack_nonmember,evaluation,3,0,0.3369908928871155,0,0.6739380955696106,False,"[0.053681, 0.03371, 0.077792, 0.777662, 0.018211, 0.021107, 0.017838]"
Cora,client,42,2097,2,M0,attack_nonmember,evaluation,0,0,0.0316227525472641,0,0.8464870452880859,False,"[0.44239, 0.074924, 0.118749, 0.0221, 0.133108, 0.180302, 0.028426]"
Cora,client,42,2231,2,M0,attack_nonmember,evaluation,0,0,0.4513408839702606,0,0.8464870452880859,False,"[0.63686, 0.016246, 0.045639, 0.065112, 0.211397, 0.013126, 0.011621]"
Cora,client,42,2301,2,M0,attack_nonmember,evaluation,3,0,0.27372685074806213,0,0.6739380955696106,False,"[0.084598, 0.037576, 0.068633, 0.601652, 0.162455, 0.026775, 0.018311]"
Cora,client,42,2302,2,M0,attack_nonmember,evaluation,3,0,0.3119108974933624,0,0.6739380955696106,False,"[0.083054, 0.019056, 0.040534, 0.487, 0.336723, 0.014101, 0.019531]"
Cora,client,42,2306,2,M0,attack_nonmember,evaluation,4,0,0.1749660074710846,0,0.7088910341262817,False,"[0.00707, 0.004448, 0.020215, 0.77719, 0.185271, 0.001003, 0.004801]"
Cora,client,42,2361,2,M0,attack_nonmember,evaluation,3,0,0.34782272577285767,0,0.6739380955696106,False,"[0.016885, 0.002907, 0.08171, 0.845257, 0.018111, 0.023362, 0.011767]"
Cora,client,42,2406,2,M0,attack_nonmember,evaluation,3,0,0.3185652792453766,0,0.6739380955696106,False,"[0.026937, 0.012178, 0.032039, 0.209797, 0.711623, 0.002476, 0.00495]"
Cora,client,42,2578,2,M0,attack_nonmember,evaluation,0,0,0.17374278604984283,0,0.8464870452880859,False,"[0.132133, 0.011885, 0.019471, 0.757755, 0.015791, 0.032562, 0.030403]"
Cora,client,42,667,2,M0,attack_nonmember,evaluation,0,0,0.08825409412384033,0,0.8464870452880859,False,"[0.426393, 0.105278, 0.056028, 0.095779, 0.125379, 0.093884, 0.097259]"
Cora,client,42,707,2,M0,attack_nonmember,evaluation,0,0,0.01623896323144436,0,0.8464870452880859,False,"[0.044365, 0.039326, 0.247135, 0.031687, 0.442899, 0.091067, 0.103521]"
Cora,client,42,1204,2,M0,attack_nonmember,evaluation,1,0,0.0002388560096733272,0,0.7180246114730835,False,"[0.812002, 0.03164, 0.058805, 0.015486, 0.028262, 0.029546, 0.024259]"
Cora,client,42,1330,2,M0,attack_nonmember,evaluation,0,0,0.17629967629909515,0,0.8464870452880859,False,"[0.488502, 0.051361, 0.175341, 0.040545, 0.109789, 0.041361, 0.093101]"
Cora,client,42,1540,2,M0,attack_nonmember,evaluation,0,0,0.7340627908706665,0,0.8464870452880859,False,"[0.882242, 0.012034, 0.020653, 0.013812, 0.040468, 0.018111, 0.012679]"
Cora,client,42,1695,2,M0,attack_nonmember,evaluation,0,0,0.7712256908416748,0,0.8464870452880859,False,"[0.920219, 0.004059, 0.02273, 0.014661, 0.012132, 0.019979, 0.00622]"
Cora,client,42,1838,2,M0,attack_nonmember,evaluation,0,0,0.7757297158241272,0,0.8464870452880859,False,"[0.931518, 0.006514, 0.015374, 0.006142, 0.010602, 0.022681, 0.007169]"
Cora,client,42,1921,2,M0,attack_nonmember,evaluation,0,0,0.8059002757072449,0,0.8464870452880859,False,"[0.953837, 0.006566, 0.010013, 0.008902, 0.007515, 0.011102, 0.002065]"
Cora,client,42,2051,2,M0,attack_nonmember,evaluation,0,0,0.44004926085472107,0,0.8464870452880859,False,"[0.675541, 0.031666, 0.030896, 0.10165, 0.024195, 0.075284, 0.060768]"
Cora,client,42,2073,2,M0,attack_nonmember,evaluation,0,0,0.6390421390533447,0,0.8464870452880859,False,"[0.844491, 0.018442, 0.055994, 0.027412, 0.025024, 0.021144, 0.007493]"
Cora,client,42,2198,2,M0,attack_nonmember,evaluation,0,0,0.7814252376556396,0,0.8464870452880859,False,"[0.934391, 0.008951, 0.012374, 0.008638, 0.010455, 0.018263, 0.006928]"
Cora,client,42,2201,2,M0,attack_nonmember,evaluation,0,0,0.11219298839569092,0,0.8464870452880859,False,"[0.470973, 0.09204, 0.112411, 0.063033, 0.102596, 0.067959, 0.090989]"
Cora,client,42,2266,2,M0,attack_nonmember,evaluation,0,0,0.2842887043952942,0,0.8464870452880859,False,"[0.679273, 0.021072, 0.041377, 0.020184, 0.016107, 0.159813, 0.062175]"
Cora,client,42,2511,2,M0,attack_nonmember,evaluation,0,0,0.7348105311393738,0,0.8464870452880859,False,"[0.89211, 0.008915, 0.060817, 0.019808, 0.005597, 0.004551, 0.008202]"
Cora,client,42,2576,2,M0,attack_nonmember,evaluation,0,0,0.8324059247970581,0,0.8464870452880859,False,"[0.97435, 0.001818, 0.014463, 0.002732, 0.003154, 0.002945, 0.000537]"
Cora,client,42,187,2,M0,attack_nonmember,evaluation,4,0,0.4355437159538269,0,0.7088910341262817,False,"[0.002434, 0.001658, 0.047051, 0.029984, 0.918226, 9.2e-05, 0.000554]"
Cora,client,42,307,2,M0,attack_nonmember,evaluation,6,0,0.033538755029439926,0,0.7456499338150024,False,"[0.155128, 0.017496, 0.150358, 0.349634, 0.119481, 0.018217, 0.189686]"
Cora,client,42,991,2,M0,attack_nonmember,evaluation,6,0,0.033538755029439926,0,0.7456499338150024,False,"[0.155128, 0.017496, 0.150358, 0.349634, 0.119481, 0.018217, 0.189686]"
Cora,client,42,538,2,M0,attack_nonmember,evaluation,4,0,0.6254284381866455,0,0.7088910341262817,False,"[0.035138, 0.000508, 0.006597, 0.01687, 0.939095, 0.000186, 0.001606]"
Cora,client,42,2669,2,M0,attack_nonmember,evaluation,3,0,0.6549813747406006,0,0.6739380955696106,False,"[0.002056, 0.000384, 0.002249, 0.988806, 0.000816, 0.005236, 0.000452]"
Cora,client,42,2600,2,M0,attack_nonmember,evaluation,3,0,0.1575639396905899,0,0.6739380955696106,False,"[0.108676, 0.003692, 0.112869, 0.667982, 0.048238, 0.044119, 0.014425]"
Cora,client,42,1005,2,M0,attack_nonmember,evaluation,3,0,0.6412354111671448,0,0.6739380955696106,False,"[0.005305, 0.000601, 0.011178, 0.980379, 0.001029, 0.001102, 0.000405]"
Cora,client,42,1263,2,M0,attack_nonmember,evaluation,2,0,0.8711193203926086,0,0.9013515114784241,False,"[0.000998, 0.013469, 0.783085, 0.010102, 0.033223, 0.102154, 0.05697]"
Cora,client,42,1310,2,M0,attack_nonmember,evaluation,3,0,0.3053799867630005,0,0.6739380955696106,False,"[0.000748, 0.012005, 0.077127, 0.833561, 0.004341, 0.042999, 0.029218]"
Cora,client,42,0,3,M0,attack_nonmember,evaluation,3,0,0.6515122056007385,0,0.6739380955696106,False,"[0.004326, 0.002989, 0.006612, 0.978339, 0.004423, 0.001117, 0.002193]"
Cora,client,42,169,3,M0,attack_nonmember,evaluation,3,0,0.5084834098815918,0,0.6739380955696106,False,"[0.057926, 0.005634, 0.010688, 0.867692, 0.022678, 0.016763, 0.018619]"
Cora,client,42,460,3,M0,attack_nonmember,evaluation,1,0,7.320247095776722e-05,0,0.7180246114730835,False,"[0.034007, 0.128228, 0.041746, 0.744439, 0.01413, 0.02329, 0.014159]"
Cora,client,42,598,3,M0,attack_nonmember,evaluation,3,0,0.6773673295974731,1,0.6739380955696106,False,"[3.8e-05, 1.2e-05, 0.000181, 0.999675, 8.9e-05, 3e-06, 3e-06]"
Cora,client,42,1126,3,M0,attack_nonmember,evaluation,3,0,0.5528513193130493,0,0.6739380955696106,False,"[0.019399, 0.034395, 0.023477, 0.869231, 0.03034, 0.012934, 0.010223]"
Cora,client,42,1127,3,M0,attack_nonmember,evaluation,3,0,0.18584540486335754,0,0.6739380955696106,False,"[0.107026, 0.028835, 0.101485, 0.56515, 0.136483, 0.021841, 0.039179]"
Cora,client,42,1295,3,M0,attack_nonmember,evaluation,3,0,0.6491798162460327,0,0.6739380955696106,False,"[0.008747, 0.003965, 0.004309, 0.964108, 0.015619, 0.001689, 0.001563]"
Cora,client,42,1297,3,M0,attack_nonmember,evaluation,3,0,0.5366696119308472,0,0.6739380955696106,False,"[0.014862, 0.011923, 0.034351, 0.902227, 0.019154, 0.006931, 0.010552]"
Cora,client,42,1315,3,M0,attack_nonmember,evaluation,3,0,0.33835911750793457,0,0.6739380955696106,False,"[0.070576, 0.026508, 0.071705, 0.754116, 0.041365, 0.015029, 0.020701]"
Cora,client,42,1574,3,M0,attack_nonmember,evaluation,3,0,0.51558518409729,0,0.6739380955696106,False,"[0.017652, 0.02978, 0.022585, 0.828292, 0.066613, 0.017741, 0.017337]"
Cora,client,42,1837,3,M0,attack_nonmember,evaluation,3,0,0.5798959136009216,0,0.6739380955696106,False,"[0.009081, 0.023149, 0.022011, 0.917883, 0.010451, 0.010931, 0.006495]"
Cora,client,42,1870,3,M0,attack_nonmember,evaluation,3,0,0.3787332773208618,0,0.6739380955696106,False,"[0.042502, 0.031413, 0.07404, 0.78317, 0.04197, 0.01229, 0.014616]"
Cora,client,42,1893,3,M0,attack_nonmember,evaluation,3,0,0.27608242630958557,0,0.6739380955696106,False,"[0.097366, 0.016129, 0.090221, 0.643677, 0.136609, 0.004974, 0.011023]"
Cora,client,42,2142,3,M0,attack_nonmember,evaluation,3,0,0.6685499548912048,0,0.6739380955696106,False,"[0.001546, 0.001199, 0.00236, 0.990492, 0.003623, 0.000395, 0.000384]"
Cora,client,42,2691,3,M0,attack_nonmember,evaluation,2,0,0.2498050034046173,0,0.9013515114784241,False,"[0.058744, 0.038886, 0.574558, 0.283232, 0.019861, 0.009723, 0.014995]"
Cora,client,42,448,3,M0,attack_nonmember,evaluation,5,0,0.5088396668434143,0,0.6212708353996277,False,"[0.015552, 0.01679, 0.024314, 0.01184, 0.018944, 0.897659, 0.014899]"
Cora,client,42,694,3,M0,attack_nonmember,evaluation,5,0,0.5412461757659912,0,0.6212708353996277,False,"[0.013781, 0.035616, 0.019581, 0.017215, 0.00854, 0.82095, 0.084317]"
Cora,client,42,709,3,M0,attack_nonmember,evaluation,5,0,0.676788330078125,1,0.6212708353996277,False,"[0.011235, 0.122304, 0.014599, 0.022363, 0.013525, 0.799376, 0.016598]"
Cora,client,42,844,3,M0,attack_nonmember,evaluation,5,0,0.38256755471229553,0,0.6212708353996277,False,"[0.040829, 0.035972, 0.042629, 0.025859, 0.035061, 0.792748, 0.026902]"
Cora,client,42,904,3,M0,attack_nonmember,evaluation,5,0,0.6340142488479614,1,0.6212708353996277,False,"[0.000336, 0.000125, 0.000527, 1.9e-05, 2.6e-05, 0.998765, 0.000202]"
Cora,client,42,1183,3,M0,attack_nonmember,evaluation,5,0,0.6135212779045105,0,0.6212708353996277,False,"[0.001613, 0.001939, 0.004818, 0.001172, 0.001691, 0.986809, 0.001959]"
Cora,client,42,1277,3,M0,attack_nonmember,evaluation,3,0,0.249062642455101,0,0.6739380955696106,False,"[0.08888, 0.061771, 0.023172, 0.562237, 0.09233, 0.029257, 0.142353]"
Cora,client,42,1409,3,M0,attack_nonmember,evaluation,5,0,0.5870617628097534,0,0.6212708353996277,False,"[0.007651, 0.002059, 0.007437, 0.00146, 0.000552, 0.975793, 0.005048]"
Cora,client,42,1650,3,M0,attack_nonmember,evaluation,5,0,0.5691278576850891,0,0.6212708353996277,False,"[0.007059, 0.000201, 0.011506, 0.000103, 0.000879, 0.979566, 0.000686]"
Cora,client,42,1899,3,M0,attack_nonmember,evaluation,5,0,0.623586893081665,1,0.6212708353996277,False,"[0.001502, 0.006051, 0.00353, 0.00149, 0.000878, 0.984676, 0.001872]"
Cora,client,42,1960,3,M0,attack_nonmember,evaluation,5,0,0.629797101020813,1,0.6212708353996277,False,"[0.001131, 0.003442, 0.001894, 0.000579, 0.000383, 0.991521, 0.00105]"
Cora,client,42,2497,3,M0,attack_nonmember,evaluation,5,0,0.5621345639228821,0,0.6212708353996277,False,"[0.023205, 0.007413, 0.011584, 0.003626, 0.019571, 0.931235, 0.003367]"
Cora,client,42,2592,3,M0,attack_nonmember,evaluation,5,0,0.5915185213088989,0,0.6212708353996277,False,"[0.015495, 0.085491, 0.017219, 0.03546, 0.022637, 0.793008, 0.030691]"
Cora,client,42,394,3,M0,attack_nonmember,evaluation,4,0,0.28072890639305115,0,0.7088910341262817,False,"[0.058149, 0.021355, 0.069621, 0.120898, 0.694013, 0.009914, 0.02605]"
Cora,client,42,546,3,M0,attack_nonmember,evaluation,3,0,0.1583380401134491,0,0.6739380955696106,False,"[0.057722, 0.016667, 0.071424, 0.218784, 0.55801, 0.027993, 0.049401]"
Cora,client,42,577,3,M0,attack_nonmember,evaluation,4,0,0.579496443271637,0,0.7088910341262817,False,"[0.019453, 0.002348, 0.0203, 0.069883, 0.877484, 0.001625, 0.008906]"
Cora,client,42,705,3,M0,attack_nonmember,evaluation,4,0,0.18660926818847656,0,0.7088910341262817,False,"[0.057678, 0.013998, 0.017302, 0.672615, 0.204058, 0.018265, 0.016084]"
Cora,client,42,740,3,M0,attack_nonmember,evaluation,4,0,0.09151121228933334,0,0.7088910341262817,False,"[0.025557, 0.004395, 0.049281, 0.709854, 0.198739, 0.006382, 0.005792]"
Cora,client,42,886,3,M0,attack_nonmember,evaluation,3,0,0.6577184200286865,0,0.6739380955696106,False,"[0.005588, 0.001193, 0.003051, 0.983027, 0.003615, 0.00148, 0.002047]"
Cora,client,42,1322,3,M0,attack_nonmember,evaluation,4,0,0.6896729469299316,0,0.7088910341262817,False,"[0.004964, 0.000791, 0.006659, 0.001611, 0.984736, 0.000312, 0.000926]"
Cora,client,42,1462,3,M0,attack_nonmember,evaluation,3,0,0.16687357425689697,0,0.6739380955696106,False,"[0.09253, 0.017695, 0.077068, 0.285669, 0.476934, 0.027778, 0.022326]"
Cora,client,42,1889,3,M0,attack_nonmember,evaluation,4,0,0.16934756934642792,0,0.7088910341262817,False,"[0.133162, 0.007876, 0.020372, 0.362804, 0.473582, 0.000664, 0.00154]"
Cora,client,42,2034,3,M0,attack_nonmember,evaluation,4,0,0.17540085315704346,0,0.7088910341262817,False,"[0.00186, 0.000199, 0.001015, 0.924283, 0.072564, 5.3e-05, 2.7e-05]"
Cora,client,42,2126,3,M0,attack_nonmember,evaluation,3,0,0.26372480392456055,0,0.6739380955696106,False,"[0.031175, 0.006897, 0.041428, 0.199809, 0.697038, 0.011705, 0.011947]"
Cora,client,42,2127,3,M0,attack_nonmember,evaluation,4,0,0.3696068823337555,0,0.7088910341262817,False,"[0.049315, 0.012366, 0.046464, 0.182819, 0.668883, 0.012982, 0.027169]"
Cora,client,42,2128,3,M0,attack_nonmember,evaluation,3,0,0.14614678919315338,0,0.6739380955696106,False,"[0.105575, 0.034494, 0.076178, 0.377926, 0.312935, 0.045979, 0.046912]"
Cora,client,42,2595,3,M0,attack_nonmember,evaluation,3,0,0.541076123714447,0,0.6739380955696106,False,"[0.029264, 0.011311, 0.032563, 0.903304, 0.012381, 0.005004, 0.006174]"
Cora,client,42,428,3,M0,attack_nonmember,evaluation,4,0,0.6956579089164734,0,0.7088910341262817,False,"[0.012465, 0.004793, 0.006919, 0.001317, 0.970416, 0.00027, 0.003821]"
Cora,client,42,856,3,M0,attack_nonmember,evaluation,4,0,0.10936198383569717,0,0.7088910341262817,False,"[0.171588, 0.025146, 0.076797, 0.032524, 0.680537, 0.002109, 0.011298]"
Cora,client,42,1135,3,M0,attack_nonmember,evaluation,4,0,0.7156772613525391,1,0.7088910341262817,False,"[0.004585, 0.001548, 0.002468, 0.00052, 0.989666, 5.1e-05, 0.001162]"
Cora,client,42,1194,3,M0,attack_nonmember,evaluation,4,0,0.7040552496910095,0,0.7088910341262817,False,"[0.013011, 0.011929, 0.014699, 0.00223, 0.945478, 0.000325, 0.012326]"
Cora,client,42,1255,3,M0,attack_nonmember,evaluation,4,0,0.6994873881340027,0,0.7088910341262817,False,"[0.01241, 0.002426, 0.0046, 0.001082, 0.976336, 0.000202, 0.002944]"
Cora,client,42,1545,3,M0,attack_nonmember,evaluation,4,0,0.576332151889801,0,0.7088910341262817,False,"[0.042085, 0.025618, 0.030688, 0.01184, 0.873121, 0.003832, 0.012817]"
Cora,client,42,1559,3,M0,attack_nonmember,evaluation,4,0,0.32332250475883484,0,0.7088910341262817,False,"[0.071366, 0.073719, 0.069726, 0.132735, 0.632962, 0.004043, 0.01545]"
Cora,client,42,1686,3,M0,attack_nonmember,evaluation,4,0,0.3408443033695221,0,0.7088910341262817,False,"[0.024591, 0.002497, 0.057946, 0.017427, 0.893632, 0.001498, 0.002409]"
Cora,client,42,2646,3,M0,attack_nonmember,evaluation,4,0,0.553749144077301,0,0.7088910341262817,False,"[0.047205, 0.007551, 0.016436, 0.097205, 0.819305, 0.000699, 0.0116]"
Cora,client,42,2678,3,M0,attack_nonmember,evaluation,4,0,0.6556940078735352,0,0.7088910341262817,False,"[0.026617, 0.014414, 0.019172, 0.005855, 0.920775, 0.001013, 0.012155]"
Cora,client,42,4,3,M0,attack_nonmember,evaluation,3,0,0.3163093328475952,0,0.6739380955696106,False,"[0.032608, 0.028833, 0.105244, 0.750602, 0.063603, 0.009246, 0.009863]"
Cora,client,42,113,3,M0,attack_nonmember,evaluation,5,0,0.5187072157859802,0,0.6212708353996277,False,"[0.024835, 0.005176, 0.015108, 0.004439, 0.006179, 0.935025, 0.009239]"
Cora,client,42,610,3,M0,attack_nonmember,evaluation,5,0,0.643308699131012,1,0.6212708353996277,False,"[0.000816, 0.016732, 0.003057, 0.000186, 0.000214, 0.976839, 0.002156]"
Cora,client,42,739,3,M0,attack_nonmember,evaluation,5,0,0.6231912970542908,1,0.6212708353996277,False,"[0.001474, 0.000112, 0.002352, 0.000306, 0.000448, 0.994798, 0.000511]"
Cora,client,42,750,3,M0,attack_nonmember,evaluation,5,0,0.0390794575214386,0,0.6212708353996277,False,"[0.100423, 0.041576, 0.140242, 0.074623, 0.058767, 0.525045, 0.059324]"
Cora,client,42,1441,3,M0,attack_nonmember,evaluation,5,0,0.6070008277893066,0,0.6212708353996277,False,"[0.0038, 0.000105, 0.004766, 0.000313, 0.000334, 0.990126, 0.000556]"
Cora,client,42,1458,3,M0,attack_nonmember,evaluation,3,0,0.17388543486595154,0,0.6739380955696106,False,"[0.114094, 0.03612, 0.133539, 0.614562, 0.069232, 0.018668, 0.013784]"
Cora,client,42,1881,3,M0,attack_nonmember,evaluation,5,0,0.6110984086990356,0,0.6212708353996277,False,"[0.002796, 0.000437, 0.004339, 0.000782, 0.000823, 0.989685, 0.001138]"
Cora,client,42,1958,3,M0,attack_nonmember,evaluation,5,0,0.6123024225234985,0,0.6212708353996277,False,"[0.002974, 0.000375, 0.004009, 0.000699, 0.000749, 0.990235, 0.00096]"
Cora,client,42,2660,3,M0,attack_nonmember,evaluation,4,0,0.0015900371363386512,0,0.7088910341262817,False,"[0.145412, 0.022436, 0.250282, 0.307226, 0.133422, 0.077017, 0.064206]"
Cora,client,42,2411,3,M0,attack_nonmember,evaluation,3,0,0.6549919843673706,0,0.6739380955696106,False,"[0.007654, 0.001063, 0.003555, 0.975102, 0.009826, 0.000418, 0.002382]"
Cora,client,42,2618,3,M0,attack_nonmember,evaluation,2,0,0.5789220929145813,0,0.9013515114784241,False,"[0.076316, 0.015426, 0.249237, 0.389574, 0.178034, 0.072734, 0.018679]"
Cora,client,42,2619,3,M0,attack_nonmember,evaluation,2,0,0.5789220929145813,0,0.9013515114784241,False,"[0.076316, 0.015426, 0.249237, 0.389574, 0.178034, 0.072734, 0.018679]"
Cora,client,42,621,4,M0,attack_nonmember,evaluation,5,0,0.2890109419822693,0,0.6212708353996277,False,"[0.101777, 0.007614, 0.032466, 0.001921, 0.003002, 0.842725, 0.010495]"
Cora,client,42,885,4,M0,attack_nonmember,evaluation,5,0,0.08800280839204788,0,0.6212708353996277,False,"[0.180166, 0.025235, 0.106089, 0.013991, 0.129902, 0.474676, 0.06994]"
Cora,client,42,1655,4,M0,attack_nonmember,evaluation,0,0,0.6569892168045044,0,0.8464870452880859,False,"[0.835473, 0.007544, 0.07062, 0.033965, 0.010615, 0.024847, 0.016937]"
Cora,client,42,1844,4,M0,attack_nonmember,evaluation,3,0,0.5186276435852051,0,0.6739380955696106,False,"[0.113767, 0.002153, 0.009497, 0.851442, 0.01537, 0.00234, 0.005431]"
Cora,client,42,1974,4,M0,attack_nonmember,evaluation,5,0,0.38618528842926025,0,0.6212708353996277,False,"[0.017116, 0.024225, 0.036471, 0.034882, 0.006003, 0.852556, 0.028747]"
Cora,client,42,1980,4,M0,attack_nonmember,evaluation,5,0,0.06947586685419083,0,0.6212708353996277,False,"[0.069616, 0.07943, 0.066514, 0.19554, 0.018901, 0.40075, 0.169249]"
Cora,client,42,2024,4,M0,attack_nonmember,evaluation,5,0,0.011546247638761997,0,0.6212708353996277,False,"[0.503756, 0.012718, 0.064745, 0.004059, 0.068001, 0.317604, 0.029117]"
Cora,client,42,2105,4,M0,attack_nonmember,evaluation,5,0,0.00035404390655457973,0,0.6212708353996277,False,"[0.357128, 0.044036, 0.248495, 0.171334, 0.029395, 0.109917, 0.039695]"
Cora,client,42,2156,4,M0,attack_nonmember,evaluation,0,0,0.1568659096956253,0,0.8464870452880859,False,"[0.610572, 0.02022, 0.031282, 0.016732, 0.099721, 0.190344, 0.031129]"
Cora,client,42,2423,4,M0,attack_nonmember,evaluation,6,0,0.09225719422101974,0,0.7456499338150024,False,"[0.655949, 0.057594, 0.039107, 0.037863, 0.013877, 0.110814, 0.084796]"
Cora,client,42,245,4,M0,attack_nonmember,evaluation,4,0,0.2314538061618805,0,0.7088910341262817,False,"[0.09398, 0.007995, 0.082669, 0.00927, 0.709576, 0.045199, 0.051311]"
Cora,client,42,330,4,M0,attack_nonmember,evaluation,4,0,0.4958783984184265,0,0.7088910341262817,False,"[0.029597, 0.018129, 0.042849, 0.048819, 0.822658, 0.017448, 0.0205]"
Cora,client,42,397,4,M0,attack_nonmember,evaluation,3,0,0.6416183114051819,0,0.6739380955696106,False,"[0.011517, 0.176696, 0.023516, 0.668232, 0.105305, 0.004718, 0.010017]"
Cora,client,42,503,4,M0,attack_nonmember,evaluation,3,0,0.18822602927684784,0,0.6739380955696106,False,"[0.09712, 0.031716, 0.06397, 0.057795, 0.726699, 0.004032, 0.018668]"
Cora,client,42,698,4,M0,attack_nonmember,evaluation,4,0,0.6432685852050781,0,0.7088910341262817,False,"[0.005097, 0.014274, 0.020186, 0.024565, 0.930341, 0.001482, 0.004054]"
Cora,client,42,911,4,M0,attack_nonmember,evaluation,4,0,0.654981791973114,0,0.7088910341262817,False,"[0.004598, 0.011127, 0.016756, 0.009979, 0.953108, 0.002288, 0.002143]"
Cora,client,42,1143,4,M0,attack_nonmember,evaluation,4,0,0.6658381223678589,0,0.7088910341262817,False,"[0.003592, 0.005662, 0.013835, 0.007787, 0.965347, 0.001245, 0.002531]"
Cora,client,42,1385,4,M0,attack_nonmember,evaluation,4,0,0.674957811832428,0,0.7088910341262817,False,"[0.003943, 0.003077, 0.0065, 0.053781, 0.929839, 0.00041, 0.00245]"
Cora,client,42,1406,4,M0,attack_nonmember,evaluation,4,0,0.5927249193191528,0,0.7088910341262817,False,"[0.011743, 0.002786, 0.022979, 0.003563, 0.953758, 0.002163, 0.003008]"
Cora,client,42,2044,4,M0,attack_nonmember,evaluation,3,0,0.23644466698169708,0,0.6739380955696106,False,"[0.041018, 0.028559, 0.057058, 0.193045, 0.646431, 0.010733, 0.023157]"
Cora,client,42,2336,4,M0,attack_nonmember,evaluation,4,0,0.7226529717445374,1,0.7088910341262817,False,"[0.000832, 0.000569, 0.001563, 0.000409, 0.99588, 9.5e-05, 0.000653]"
Cora,client,42,2362,4,M0,attack_nonmember,evaluation,4,0,0.48616892099380493,0,0.7088910341262817,False,"[0.003555, 0.00767, 0.043232, 0.026403, 0.912846, 0.002394, 0.003901]"
Cora,client,42,2380,4,M0,attack_nonmember,evaluation,4,0,0.6384598016738892,0,0.7088910341262817,False,"[0.015962, 0.011322, 0.021647, 0.024928, 0.910484, 0.003715, 0.011942]"
Cora,client,42,776,4,M0,attack_nonmember,evaluation,4,0,0.13436073064804077,0,0.7088910341262817,False,"[0.005981, 0.005226, 0.014799, 0.942289, 0.024083, 0.002997, 0.004624]"
Cora,client,42,875,4,M0,attack_nonmember,evaluation,3,0,0.6647675037384033,0,0.6739380955696106,False,"[0.00209, 0.001012, 0.003126, 0.989987, 0.001911, 0.000642, 0.001232]"
Cora,client,42,1177,4,M0,attack_nonmember,evaluation,3,0,0.6382271647453308,0,0.6739380955696106,False,"[0.00995, 0.002744, 0.010142, 0.968945, 0.00583, 0.00078, 0.001609]"
Cora,client,42,1607,4,M0,attack_nonmember,evaluation,3,0,0.625038206577301,0,0.6739380955696106,False,"[0.005165, 0.008753, 0.015553, 0.958499, 0.006595, 0.002516, 0.002918]"
Cora,client,42,1946,4,M0,attack_nonmember,evaluation,3,0,0.6654558777809143,0,0.6739380955696106,False,"[0.00117, 0.000823, 0.002641, 0.991749, 0.001431, 0.001326, 0.00086]"
Cora,client,42,2663,4,M0,attack_nonmember,evaluation,3,0,0.5529959201812744,0,0.6739380955696106,False,"[0.02032, 0.01424, 0.030841, 0.919545, 0.003402, 0.008912, 0.00274]"
Cora,client,42,258,4,M0,attack_nonmember,evaluation,4,0,0.6875808835029602,0,0.7088910341262817,False,"[0.001765, 0.000778, 0.00823, 0.005159, 0.981768, 0.000677, 0.001623]"
Cora,client,42,463,4,M0,attack_nonmember,evaluation,4,0,0.5857313871383667,0,0.7088910341262817,False,"[0.009015, 0.003678, 0.02525, 0.025859, 0.925052, 0.004543, 0.006603]"
Cora,client,42,946,4,M0,attack_nonmember,evaluation,4,0,0.2646205723285675,0,0.7088910341262817,False,"[0.052001, 0.002433, 0.069093, 0.017717, 0.827168, 0.015447, 0.016141]"
Cora,client,42,1153,4,M0,attack_nonmember,evaluation,4,0,0.32752180099487305,0,0.7088910341262817,False,"[0.016079, 0.010941, 0.074112, 0.03726, 0.833852, 0.009916, 0.017841]"
Cora,client,42,1529,4,M0,attack_nonmember,evaluation,4,0,0.3354809582233429,0,0.7088910341262817,False,"[0.077819, 0.005028, 0.042688, 0.030162, 0.807715, 0.02223, 0.014357]"
Cora,client,42,1531,4,M0,attack_nonmember,evaluation,4,0,0.3075833022594452,0,0.7088910341262817,False,"[0.030447, 0.023294, 0.052987, 0.274686, 0.587168, 0.011642, 0.019777]"
Cora,client,42,1966,4,M0,attack_nonmember,evaluation,4,0,0.7133584022521973,1,0.7088910341262817,False,"[0.001024, 0.000102, 0.002728, 0.003884, 0.991565, 0.000126, 0.000571]"
Cora,client,42,1971,4,M0,attack_nonmember,evaluation,4,0,0.6548675894737244,0,0.7088910341262817,False,"[0.007395, 0.002678, 0.015206, 0.01915, 0.94575, 0.002817, 0.007003]"
Cora,client,42,1984,4,M0,attack_nonmember,evaluation,4,0,0.0868043527007103,0,0.7088910341262817,False,"[0.1613, 0.014175, 0.060791, 0.035331, 0.579714, 0.120668, 0.028019]"
Cora,client,42,2260,4,M0,attack_nonmember,evaluation,4,0,0.34259316325187683,0,0.7088910341262817,False,"[0.015389, 0.008576, 0.065797, 0.041171, 0.855873, 0.003585, 0.009609]"
Cora,client,42,2350,4,M0,attack_nonmember,evaluation,4,0,0.1551264375448227,0,0.7088910341262817,False,"[0.074611, 0.014959, 0.090937, 0.06763, 0.671346, 0.046806, 0.033711]"
Cora,client,42,729,4,M0,attack_nonmember,evaluation,3,0,0.6562620401382446,0,0.6739380955696106,False,"[0.00159, 0.003631, 0.003617, 0.981151, 0.005048, 0.003312, 0.001651]"
Cora,client,42,923,4,M0,attack_nonmember,evaluation,3,0,0.5849618315696716,0,0.6739380955696106,False,"[0.012626, 0.012097, 0.010835, 0.91927, 0.014969, 0.007888, 0.022315]"
Cora,client,42,972,4,M0,attack_nonmember,evaluation,3,0,0.28646811842918396,0,0.6739380955696106,False,"[0.316111, 0.009749, 0.017671, 0.629648, 0.014685, 0.006794, 0.005341]"
Cora,client,42,1186,4,M0,attack_nonmember,evaluation,3,0,0.6715019941329956,0,0.6739380955696106,False,"[0.000254, 0.000637, 0.001905, 0.995946, 0.000255, 0.000294, 0.000708]"
Cora,client,42,1319,4,M0,attack_nonmember,evaluation,3,0,0.03596508502960205,0,0.6739380955696106,False,"[0.792, 0.009028, 0.03371, 0.052518, 0.066222, 0.023708, 0.022814]"
Cora,client,42,1325,4,M0,attack_nonmember,evaluation,3,0,0.6742411851882935,1,0.6739380955696106,False,"[0.000597, 0.001467, 0.000392, 0.994512, 0.00196, 0.000599, 0.000474]"
Cora,client,42,1326,4,M0,attack_nonmember,evaluation,3,0,0.6407385468482971,0,0.6739380955696106,False,"[0.005376, 0.008749, 0.004728, 0.954609, 0.018209, 0.005237, 0.003093]"
Cora,client,42,1949,4,M0,attack_nonmember,evaluation,3,0,0.5712345838546753,0,0.6739380955696106,False,"[0.009048, 0.013518, 0.021229, 0.922824, 0.012803, 0.010794, 0.009784]"
Cora,client,42,2412,4,M0,attack_nonmember,evaluation,3,0,0.6590737700462341,0,0.6739380955696106,False,"[0.002033, 0.003608, 0.003974, 0.984725, 0.001245, 0.001866, 0.002549]"
Cora,client,42,2551,4,M0,attack_nonmember,evaluation,3,0,0.5029110908508301,0,0.6739380955696106,False,"[0.017239, 0.006671, 0.030041, 0.891497, 0.025169, 0.018879, 0.010503]"
Cora,client,42,2,4,M0,attack_nonmember,evaluation,4,0,0.5892859697341919,0,0.7088910341262817,False,"[0.023288, 0.003272, 0.017369, 0.03908, 0.911677, 0.001088, 0.004225]"
Cora,client,42,601,4,M0,attack_nonmember,evaluation,3,0,0.3187008202075958,0,0.6739380955696106,False,"[0.039617, 0.015272, 0.088306, 0.791366, 0.031726, 0.020237, 0.013477]"
Cora,client,42,1937,4,M0,attack_nonmember,evaluation,3,0,0.30762216448783875,0,0.6739380955696106,False,"[0.04278, 0.01027, 0.073586, 0.799078, 0.020848, 0.033287, 0.020151]"
Cora,client,42,2542,4,M0,attack_nonmember,evaluation,3,0,0.474130243062973,0,0.6739380955696106,False,"[0.015929, 0.027009, 0.033674, 0.866239, 0.013617, 0.027753, 0.015778]"
Cora,client,42,135,4,M0,attack_nonmember,evaluation,1,0,0.7502416372299194,1,0.7180246114730835,False,"[0.003241, 0.980472, 0.006269, 0.002521, 0.003727, 0.003001, 0.000768]"
Cora,client,42,728,4,M0,attack_nonmember,evaluation,5,0,0.02424079366028309,0,0.6212708353996277,False,"[0.040932, 0.069995, 0.214459, 0.026258, 0.022709, 0.444857, 0.18079]"
Cora,client,42,945,4,M0,attack_nonmember,evaluation,1,0,0.9999687671661377,1,0.7180246114730835,False,"[0.047102, 0.101678, 0.150591, 0.030999, 0.025186, 0.312211, 0.332233]"
Cora,client,42,1296,4,M0,attack_nonmember,evaluation,0,0,0.008850141428411007,0,0.8464870452880859,False,"[0.295017, 0.031615, 0.245762, 0.022117, 0.045861, 0.29667, 0.062957]"
Cora,client,42,2144,4,M0,attack_nonmember,evaluation,1,0,0.7393434047698975,1,0.7180246114730835,False,"[0.000221, 0.997869, 0.000545, 0.000522, 0.000282, 0.000494, 6.7e-05]"
Cora,client,42,2388,4,M0,attack_nonmember,evaluation,5,0,0.3907453715801239,0,0.6212708353996277,False,"[0.010721, 0.062358, 0.065216, 0.021796, 0.012023, 0.104207, 0.72368]"
Cora,client,42,467,4,M0,attack_nonmember,evaluation,0,0,0.015184369869530201,0,0.8464870452880859,False,"[0.220894, 0.094044, 0.074069, 0.156012, 0.063555, 0.257063, 0.134363]"
Cora,client,42,1172,4,M0,attack_nonmember,evaluation,0,0,0.06358633935451508,0,0.8464870452880859,False,"[0.362889, 0.062342, 0.037198, 0.142548, 0.044963, 0.215943, 0.134116]"
Cora,client,42,1405,4,M0,attack_nonmember,evaluation,3,0,0.6042556762695312,0,0.6739380955696106,False,"[0.009256, 0.007991, 0.021557, 0.946715, 0.008886, 0.00211, 0.003485]"
Cora,client,42,2357,4,M0,attack_nonmember,evaluation,4,0,0.1673070192337036,0,0.7088910341262817,False,"[0.256537, 0.026388, 0.047167, 0.087335, 0.530548, 0.006401, 0.045624]"
Cora,client,42,5,0,M0,F,evaluation,2,1,0.9459043741226196,1,0.9013515114784241,False,"[0.020955, 0.011164, 0.897612, 0.028714, 0.03045, 0.008549, 0.002556]"
Cora,client,42,174,0,M0,F,evaluation,2,1,0.9088952541351318,1,0.9013515114784241,False,"[0.006657, 0.006214, 0.96347, 0.006551, 0.004075, 0.009392, 0.003642]"
Cora,client,42,268,0,M0,F,evaluation,2,1,0.9432592391967773,1,0.9013515114784241,False,"[0.065329, 0.049434, 0.665909, 0.078434, 0.03943, 0.072108, 0.029356]"
Cora,client,42,289,0,M0,F,evaluation,2,1,0.9348790645599365,1,0.9013515114784241,False,"[0.058957, 0.047034, 0.672397, 0.056673, 0.03432, 0.108372, 0.022247]"
Cora,client,42,301,0,M0,F,evaluation,2,1,0.9706653356552124,1,0.9013515114784241,False,"[0.048464, 0.011775, 0.859505, 0.020812, 0.022045, 0.022686, 0.014713]"
Cora,client,42,326,0,M0,F,evaluation,2,1,0.9769936203956604,1,0.9013515114784241,False,"[0.053029, 0.011792, 0.858611, 0.020747, 0.026534, 0.020762, 0.008525]"
Cora,client,42,328,0,M0,F,evaluation,2,1,0.9196922779083252,1,0.9013515114784241,False,"[0.058504, 0.019104, 0.696422, 0.124646, 0.05129, 0.030609, 0.019424]"
Cora,client,42,346,0,M0,F,evaluation,2,1,0.9391898512840271,1,0.9013515114784241,False,"[0.015883, 0.015013, 0.922459, 0.013647, 0.019274, 0.008296, 0.005427]"
Cora,client,42,364,0,M0,F,evaluation,2,1,0.9074574112892151,1,0.9013515114784241,False,"[0.002872, 0.000449, 0.992829, 0.001156, 0.00043, 0.002093, 0.00017]"
Cora,client,42,367,0,M0,F,evaluation,2,1,0.9395177364349365,1,0.9013515114784241,False,"[0.036244, 0.023923, 0.839437, 0.031537, 0.018464, 0.037207, 0.013188]"
Cora,client,42,439,0,M0,F,evaluation,2,1,0.909311830997467,1,0.9013515114784241,False,"[0.008029, 0.002308, 0.93765, 0.014189, 0.012657, 0.022, 0.003166]"
Cora,client,42,464,0,M0,F,evaluation,2,1,0.9305277466773987,1,0.9013515114784241,False,"[0.016016, 0.002403, 0.94754, 0.007039, 0.00656, 0.012157, 0.008284]"
Cora,client,42,480,0,M0,F,evaluation,2,1,0.07508296519517899,0,0.9013515114784241,False,"[0.063831, 0.0688, 0.395645, 0.375431, 0.045631, 0.033704, 0.016959]"
Cora,client,42,510,0,M0,F,evaluation,3,1,0.5726462006568909,0,0.6739380955696106,False,"[0.015668, 0.012153, 0.023922, 0.921705, 0.012305, 0.006548, 0.007698]"
Cora,client,42,513,0,M0,F,evaluation,2,1,0.9037851095199585,1,0.9013515114784241,False,"[0.010331, 0.019119, 0.921933, 0.011962, 0.006629, 0.020477, 0.009549]"
Cora,client,42,565,0,M0,F,evaluation,2,1,0.8989187479019165,0,0.9013515114784241,False,"[0.000627, 0.003854, 0.98777, 0.002576, 0.000849, 0.003139, 0.001186]"
Cora,client,42,615,0,M0,F,evaluation,2,1,0.9410645365715027,1,0.9013515114784241,False,"[0.025173, 0.016917, 0.872516, 0.026944, 0.022527, 0.013138, 0.022786]"
Cora,client,42,628,0,M0,F,evaluation,5,1,0.0026168045587837696,0,0.6212708353996277,False,"[0.071098, 0.018795, 0.308473, 0.026155, 0.02815, 0.530727, 0.016602]"
Cora,client,42,632,0,M0,F,evaluation,2,1,0.9828243255615234,1,0.9013515114784241,False,"[0.080225, 0.007369, 0.785531, 0.049387, 0.032345, 0.036429, 0.008715]"
Cora,client,42,689,0,M0,F,evaluation,2,1,0.9559260010719299,1,0.9013515114784241,False,"[0.028245, 0.010672, 0.913652, 0.007598, 0.016233, 0.018349, 0.005251]"
Cora,client,42,752,0,M0,F,evaluation,2,1,0.8687556982040405,0,0.9013515114784241,False,"[0.029257, 0.038391, 0.807634, 0.061954, 0.014419, 0.032308, 0.016037]"
Cora,client,42,758,0,M0,F,evaluation,2,1,0.9269480109214783,1,0.9013515114784241,False,"[0.012339, 0.002833, 0.967417, 0.004063, 0.004403, 0.007047, 0.001899]"
Cora,client,42,762,0,M0,F,evaluation,2,1,0.9345512986183167,1,0.9013515114784241,False,"[0.023931, 0.002535, 0.93334, 0.015184, 0.00602, 0.0136, 0.00539]"
Cora,client,42,819,0,M0,F,evaluation,2,1,0.9283668994903564,1,0.9013515114784241,False,"[0.018868, 0.005801, 0.941984, 0.013599, 0.006233, 0.010689, 0.002827]"
Cora,client,42,820,0,M0,F,evaluation,2,1,0.981050431728363,1,0.9013515114784241,False,"[0.082531, 0.064386, 0.617627, 0.066877, 0.05992, 0.06519, 0.04347]"
Cora,client,42,860,0,M0,F,evaluation,2,1,0.9405789375305176,1,0.9013515114784241,False,"[0.051834, 0.03029, 0.689458, 0.045851, 0.033785, 0.092661, 0.05612]"
Cora,client,42,882,0,M0,F,evaluation,2,1,0.9789573550224304,1,0.9013515114784241,False,"[0.114542, 0.059047, 0.518079, 0.120914, 0.064394, 0.086946, 0.036077]"
Cora,client,42,957,0,M0,F,evaluation,2,1,0.8952353000640869,0,0.9013515114784241,False,"[0.010112, 0.010517, 0.942415, 0.022049, 0.004997, 0.007607, 0.002303]"
Cora,client,42,970,0,M0,F,evaluation,2,1,0.9367773532867432,1,0.9013515114784241,False,"[0.025095, 0.008537, 0.906973, 0.020181, 0.013544, 0.020637, 0.005033]"
Cora,client,42,978,0,M0,F,evaluation,2,1,0.9268224835395813,1,0.9013515114784241,False,"[0.01897, 0.009237, 0.923063, 0.022297, 0.012513, 0.009428, 0.004493]"
Cora,client,42,998,0,M0,F,evaluation,2,1,0.9004961848258972,0,0.9013515114784241,False,"[0.002817, 0.001295, 0.982399, 0.008166, 0.002757, 0.002208, 0.000358]"
Cora,client,42,1003,0,M0,F,evaluation,2,1,0.9058443903923035,1,0.9013515114784241,False,"[0.001052, 0.000931, 0.985428, 0.004916, 0.005179, 0.001758, 0.000737]"
Cora,client,42,1035,0,M0,F,evaluation,2,1,0.8903074860572815,0,0.9013515114784241,False,"[0.076366, 0.081905, 0.526114, 0.166352, 0.06699, 0.054593, 0.027681]"
Cora,client,42,1037,0,M0,F,evaluation,2,1,0.9385824799537659,1,0.9013515114784241,False,"[0.020301, 0.00259, 0.948697, 0.009861, 0.007594, 0.007634, 0.003323]"
Cora,client,42,1103,0,M0,F,evaluation,2,1,0.9144338369369507,1,0.9013515114784241,False,"[0.005858, 0.000348, 0.986261, 0.002821, 0.002013, 0.002452, 0.000247]"
Cora,client,42,1114,0,M0,F,evaluation,2,1,0.9122962951660156,1,0.9013515114784241,False,"[0.00367, 0.00128, 0.985411, 0.00276, 0.003866, 0.002736, 0.000277]"
Cora,client,42,1123,0,M0,F,evaluation,2,1,0.9512504935264587,1,0.9013515114784241,False,"[0.036228, 0.021663, 0.824043, 0.033147, 0.031469, 0.040554, 0.012895]"
Cora,client,42,1145,0,M0,F,evaluation,2,1,0.9822141528129578,1,0.9013515114784241,False,"[0.072929, 0.011611, 0.822798, 0.009945, 0.014422, 0.055353, 0.012943]"
Cora,client,42,1155,0,M0,F,evaluation,2,1,0.9154340028762817,1,0.9013515114784241,False,"[0.008664, 0.01943, 0.887287, 0.014577, 0.022032, 0.030846, 0.017163]"
Cora,client,42,1171,0,M0,F,evaluation,3,1,0.6666110754013062,0,0.6739380955696106,False,"[0.000932, 0.000719, 0.003781, 0.993335, 0.000553, 0.000301, 0.000378]"
Cora,client,42,1173,0,M0,F,evaluation,2,1,0.9692888855934143,1,0.9013515114784241,False,"[0.037346, 0.020242, 0.812659, 0.049452, 0.057469, 0.015435, 0.007398]"
Cora,client,42,1209,0,M0,F,evaluation,2,1,0.9625585079193115,1,0.9013515114784241,False,"[0.029001, 0.009983, 0.849365, 0.034381, 0.046481, 0.018804, 0.011985]"
Cora,client,42,1229,0,M0,F,evaluation,2,1,0.9027292728424072,1,0.9013515114784241,False,"[0.000878, 0.000976, 0.992201, 0.000441, 0.000724, 0.004298, 0.000481]"
Cora,client,42,1238,0,M0,F,evaluation,2,1,0.9784430265426636,1,0.9013515114784241,False,"[0.054699, 0.018209, 0.833422, 0.025362, 0.033435, 0.024398, 0.010475]"
Cora,client,42,1252,0,M0,F,evaluation,2,1,0.9395326375961304,1,0.9013515114784241,False,"[0.032004, 0.029011, 0.846329, 0.013197, 0.011571, 0.041078, 0.02681]"
Cora,client,42,1262,0,M0,F,evaluation,2,1,0.8989408612251282,0,0.9013515114784241,False,"[0.000998, 0.002778, 0.988594, 0.003892, 0.000933, 0.002017, 0.000788]"
Cora,client,42,1374,0,M0,F,evaluation,0,1,0.04769228771328926,0,0.8464870452880859,False,"[0.430551, 0.010942, 0.272551, 0.017291, 0.068953, 0.153709, 0.046003]"
Cora,client,42,1383,0,M0,F,evaluation,2,1,0.9075706005096436,1,0.9013515114784241,False,"[0.004292, 0.001391, 0.97513, 0.003058, 0.002963, 0.009363, 0.003803]"
Cora,client,42,1445,0,M0,F,evaluation,3,1,0.6778534650802612,1,0.6739380955696106,False,"[0.0, 3e-06, 5e-06, 0.999985, 0.0, 1e-06, 4e-06]"
Cora,client,42,1509,0,M0,F,evaluation,2,1,0.8991283774375916,0,0.9013515114784241,False,"[0.00192, 0.006322, 0.974229, 0.00471, 0.002908, 0.007636, 0.002274]"
Cora,client,42,1528,0,M0,F,evaluation,2,1,0.8907211422920227,0,0.9013515114784241,False,"[0.003545, 0.011584, 0.950737, 0.008728, 0.003247, 0.014715, 0.007444]"
Cora,client,42,1547,0,M0,F,evaluation,1,1,0.9986390471458435,1,0.7180246114730835,False,"[0.029994, 0.465862, 0.356832, 0.084483, 0.011311, 0.033504, 0.018015]"
Cora,client,42,1604,0,M0,F,evaluation,2,1,0.9450158476829529,1,0.9013515114784241,False,"[0.014463, 0.008611, 0.91878, 0.009221, 0.025402, 0.019486, 0.004037]"
Cora,client,42,1606,0,M0,F,evaluation,2,1,0.9440605044364929,1,0.9013515114784241,False,"[0.038562, 0.011746, 0.862001, 0.030728, 0.015124, 0.032898, 0.008941]"
Cora,client,42,1617,0,M0,F,evaluation,2,1,0.9967652559280396,1,0.9013515114784241,False,"[0.145129, 0.017156, 0.59105, 0.020975, 0.018644, 0.063898, 0.143148]"
Cora,client,42,1646,0,M0,F,evaluation,2,1,0.9614177346229553,1,0.9013515114784241,False,"[0.040981, 0.014787, 0.863207, 0.034037, 0.027114, 0.014677, 0.005196]"
Cora,client,42,1687,0,M0,F,evaluation,2,1,0.9150070548057556,1,0.9013515114784241,False,"[0.003697, 0.003172, 0.972841, 0.003952, 0.007994, 0.006139, 0.002205]"
Cora,client,42,1694,0,M0,F,evaluation,2,1,0.7532055377960205,0,0.9013515114784241,False,"[0.083938, 0.012667, 0.615661, 0.221256, 0.032084, 0.014796, 0.019598]"
Cora,client,42,1716,0,M0,F,evaluation,2,1,0.9545148611068726,1,0.9013515114784241,False,"[0.052717, 0.043787, 0.700451, 0.059195, 0.047536, 0.06435, 0.031963]"
Cora,client,42,1717,0,M0,F,evaluation,2,1,0.9100837707519531,1,0.9013515114784241,False,"[0.003027, 0.000927, 0.989217, 0.001786, 0.002441, 0.002391, 0.000211]"
Cora,client,42,1721,0,M0,F,evaluation,2,1,0.9111545085906982,1,0.9013515114784241,False,"[0.003945, 0.006067, 0.976902, 0.003387, 0.004352, 0.003689, 0.001659]"
Cora,client,42,1724,0,M0,F,evaluation,2,1,0.8242223858833313,0,0.9013515114784241,False,"[0.030812, 0.029452, 0.77541, 0.081684, 0.019357, 0.055733, 0.007551]"
Cora,client,42,1727,0,M0,F,evaluation,2,1,0.9488803744316101,1,0.9013515114784241,False,"[0.030644, 0.018036, 0.880312, 0.017855, 0.018712, 0.028748, 0.005692]"
Cora,client,42,1749,0,M0,F,evaluation,2,1,0.918174147605896,1,0.9013515114784241,False,"[0.010458, 0.01299, 0.940274, 0.00493, 0.007113, 0.018131, 0.006104]"
Cora,client,42,1764,0,M0,F,evaluation,5,1,0.0048974305391311646,0,0.6212708353996277,False,"[0.111762, 0.043227, 0.253157, 0.063479, 0.058053, 0.444821, 0.025502]"
Cora,client,42,2167,0,M0,F,evaluation,2,1,0.6248722672462463,0,0.9013515114784241,False,"[0.045685, 0.11658, 0.531642, 0.164184, 0.045763, 0.070722, 0.025424]"
Cora,client,42,2365,0,M0,F,evaluation,2,1,0.9483697414398193,1,0.9013515114784241,False,"[0.031817, 0.004997, 0.905165, 0.026864, 0.016238, 0.010011, 0.004908]"
Cora,client,42,2439,0,M0,F,evaluation,2,1,0.9183796048164368,1,0.9013515114784241,False,"[0.010197, 0.008884, 0.941013, 0.004016, 0.007793, 0.022731, 0.005366]"
Cora,client,42,2444,0,M0,F,evaluation,2,1,0.9181347489356995,1,0.9013515114784241,False,"[0.014665, 0.004872, 0.943474, 0.016217, 0.006606, 0.008457, 0.005708]"
Cora,client,42,2445,0,M0,F,evaluation,2,1,0.9324723482131958,1,0.9013515114784241,False,"[0.022312, 0.005567, 0.924108, 0.018482, 0.00913, 0.010694, 0.009707]"
Cora,client,42,2507,0,M0,F,evaluation,2,1,0.9738624691963196,1,0.9013515114784241,False,"[0.047528, 0.012354, 0.857895, 0.029043, 0.032575, 0.014058, 0.006547]"
Cora,client,42,2514,0,M0,F,evaluation,2,1,0.9535400867462158,1,0.9013515114784241,False,"[0.030406, 0.011321, 0.885593, 0.027135, 0.026212, 0.015377, 0.003955]"
Cora,client,42,2522,0,M0,F,evaluation,2,1,0.9250415563583374,1,0.9013515114784241,False,"[0.016791, 0.015397, 0.918934, 0.005751, 0.006233, 0.023182, 0.013712]"
Cora,client,42,2556,0,M0,F,evaluation,2,1,0.8664001226425171,0,0.9013515114784241,False,"[0.016827, 0.033865, 0.821694, 0.044697, 0.02042, 0.048643, 0.013853]"
Cora,client,42,2557,0,M0,F,evaluation,2,1,0.8979493975639343,0,0.9013515114784241,False,"[0.006082, 0.036937, 0.895426, 0.011924, 0.014757, 0.030349, 0.004525]"
Cora,client,42,2561,0,M0,F,evaluation,2,1,0.9481008648872375,1,0.9013515114784241,False,"[0.025589, 0.006829, 0.900817, 0.026681, 0.025215, 0.012439, 0.00243]"
Cora,client,42,2642,0,M0,F,evaluation,2,1,0.9197516441345215,1,0.9013515114784241,False,"[0.019147, 0.007823, 0.928658, 0.015576, 0.004954, 0.019396, 0.004446]"
Cora,client,42,2652,0,M0,F,evaluation,2,1,0.931265652179718,1,0.9013515114784241,False,"[0.022702, 0.009279, 0.882337, 0.016982, 0.01643, 0.038004, 0.014267]"
Cora,client,42,2655,0,M0,F,evaluation,2,1,0.9832183718681335,1,0.9013515114784241,False,"[0.12401, 0.029421, 0.5032, 0.181068, 0.091939, 0.037702, 0.032661]"
Cora,client,42,172,0,M0,F,evaluation,3,1,0.5511459112167358,0,0.6739380955696106,False,"[0.044246, 0.013246, 0.006783, 0.8245, 0.094395, 0.010483, 0.006346]"
Cora,client,42,260,0,M0,F,evaluation,0,1,0.5259035229682922,0,0.8464870452880859,False,"[0.723901, 0.012892, 0.069504, 0.087796, 0.035245, 0.040444, 0.030218]"
Cora,client,42,433,0,M0,F,evaluation,3,1,0.6046158075332642,0,0.6739380955696106,False,"[0.014516, 0.005126, 0.004558, 0.909908, 0.051115, 0.008584, 0.006193]"
Cora,client,42,614,0,M0,F,evaluation,0,1,0.6237414479255676,0,0.8464870452880859,False,"[0.781976, 0.007668, 0.014338, 0.109003, 0.03771, 0.042513, 0.006793]"
Cora,client,42,1017,0,M0,F,evaluation,3,1,0.06400135904550552,0,0.6739380955696106,False,"[0.705553, 0.008573, 0.020686, 0.191108, 0.046311, 0.015799, 0.01197]"
Cora,client,42,1078,0,M0,F,evaluation,0,1,0.4397790729999542,0,0.8464870452880859,False,"[0.642591, 0.004804, 0.045963, 0.131085, 0.076003, 0.067639, 0.031915]"
Cora,client,42,1472,0,M0,F,evaluation,3,1,0.553539514541626,0,0.6739380955696106,False,"[0.044166, 0.011878, 0.006564, 0.828175, 0.093367, 0.01007, 0.00578]"
Cora,client,42,1992,0,M0,F,evaluation,3,1,0.4743928611278534,0,0.6739380955696106,False,"[0.019751, 0.013877, 0.008839, 0.862871, 0.032214, 0.040933, 0.021515]"
Cora,client,42,2358,0,M0,F,evaluation,3,1,0.532645583152771,0,0.6739380955696106,False,"[0.010713, 0.019358, 0.005876, 0.885022, 0.031398, 0.032345, 0.015288]"
Cora,client,42,2472,0,M0,F,evaluation,0,1,0.5151135921478271,0,0.8464870452880859,False,"[0.557025, 0.005263, 0.023786, 0.352187, 0.046083, 0.006467, 0.009189]"
Cora,client,42,684,0,M0,F,evaluation,2,1,0.9614965319633484,1,0.9013515114784241,False,"[0.059896, 0.07443, 0.683066, 0.040195, 0.034936, 0.064254, 0.043224]"
Cora,client,42,741,0,M0,F,evaluation,1,1,0.6780887842178345,0,0.7180246114730835,False,"[0.058366, 0.383841, 0.147025, 0.24598, 0.038757, 0.093104, 0.032926]"
Cora,client,42,754,0,M0,F,evaluation,2,1,0.9655749201774597,1,0.9013515114784241,False,"[0.053418, 0.041513, 0.802556, 0.020968, 0.020639, 0.050575, 0.010332]"
Cora,client,42,784,0,M0,F,evaluation,3,1,0.5488532185554504,0,0.6739380955696106,False,"[0.027244, 0.058269, 0.020899, 0.845441, 0.009957, 0.014015, 0.024175]"
Cora,client,42,1283,0,M0,F,evaluation,1,1,0.9491611123085022,1,0.7180246114730835,False,"[0.052889, 0.625634, 0.077289, 0.057458, 0.02571, 0.086995, 0.074024]"
Cora,client,42,2113,0,M0,F,evaluation,2,1,0.9633182287216187,1,0.9013515114784241,False,"[0.061925, 0.039783, 0.75578, 0.022257, 0.020644, 0.091334, 0.008276]"
Cora,client,42,140,0,M0,F,evaluation,4,1,0.6944294571876526,0,0.7088910341262817,False,"[0.020468, 0.005393, 0.003777, 0.02423, 0.921333, 0.013803, 0.010995]"
Cora,client,42,1796,0,M0,F,evaluation,4,1,0.6537901163101196,0,0.7088910341262817,False,"[0.03736, 0.008244, 0.005936, 0.01967, 0.885413, 0.028017, 0.015361]"
Cora,client,42,2298,0,M0,F,evaluation,4,1,0.4259811341762543,0,0.7088910341262817,False,"[0.071087, 0.024183, 0.054742, 0.048272, 0.724128, 0.03416, 0.043428]"
Cora,client,42,2547,0,M0,F,evaluation,4,1,0.6189297437667847,0,0.7088910341262817,False,"[0.013656, 0.012364, 0.008632, 0.049509, 0.83301, 0.065312, 0.017518]"
Cora,client,42,2548,0,M0,F,evaluation,4,1,0.7509334087371826,1,0.7088910341262817,False,"[0.017447, 0.013041, 0.003974, 0.035364, 0.887831, 0.01875, 0.023594]"
Cora,client,42,92,0,M0,F,evaluation,6,1,0.7591310739517212,1,0.7456499338150024,False,"[0.008274, 0.005527, 0.012753, 0.056053, 0.017861, 0.024043, 0.875488]"
Cora,client,42,144,0,M0,F,evaluation,6,1,0.7836735844612122,1,0.7456499338150024,False,"[0.005984, 0.003881, 0.004647, 0.044947, 0.015854, 0.028145, 0.896542]"
Cora,client,42,2158,0,M0,F,evaluation,6,1,0.5120390057563782,0,0.7456499338150024,False,"[0.030645, 0.019342, 0.012568, 0.102688, 0.057182, 0.075235, 0.702341]"
Cora,client,42,2622,0,M0,F,evaluation,6,1,0.7176851034164429,0,0.7456499338150024,False,"[0.020034, 0.008338, 0.007944, 0.057292, 0.021503, 0.054492, 0.830396]"
Cora,client,42,15,0,M0,F,evaluation,3,1,0.6484286189079285,0,0.6739380955696106,False,"[0.016458, 0.003652, 0.001056, 0.969375, 0.004382, 0.003356, 0.00172]"
Cora,client,42,398,0,M0,F,evaluation,3,1,0.646282434463501,0,0.6739380955696106,False,"[0.015558, 0.006207, 0.00429, 0.960357, 0.009395, 0.000584, 0.00361]"
Cora,client,42,846,0,M0,F,evaluation,3,1,0.6109517812728882,0,0.6739380955696106,False,"[0.010889, 0.005204, 0.00169, 0.945589, 0.016788, 0.014511, 0.005329]"
Cora,client,42,1213,0,M0,F,evaluation,3,1,0.6259430050849915,0,0.6739380955696106,False,"[0.004396, 0.002317, 0.000726, 0.948441, 0.028351, 0.010914, 0.004856]"
Cora,client,42,2146,0,M0,F,evaluation,3,1,0.6631676554679871,0,0.6739380955696106,False,"[0.002254, 0.001461, 0.000457, 0.98727, 0.003746, 0.003189, 0.001622]"
Cora,client,42,2258,0,M0,F,evaluation,3,1,0.5438781380653381,0,0.6739380955696106,False,"[0.017965, 0.006434, 0.004358, 0.894899, 0.035942, 0.024495, 0.015908]"
Cora,client,42,9,0,M0,H,evaluation,2,0,0.8892248868942261,0,0.9013515114784241,False,"[0.081493, 0.034508, 0.488724, 0.101456, 0.031862, 0.133189, 0.128767]"
Cora,client,42,34,0,M0,H,evaluation,2,0,0.9616559743881226,1,0.9013515114784241,False,"[0.045733, 0.021014, 0.778935, 0.056949, 0.048375, 0.03361, 0.015384]"
Cora,client,42,46,0,M0,H,evaluation,2,0,0.9633116126060486,1,0.9013515114784241,False,"[0.022515, 0.011209, 0.88109, 0.01538, 0.04113, 0.022057, 0.00662]"
Cora,client,42,64,0,M0,H,evaluation,2,0,0.97694331407547,1,0.9013515114784241,False,"[0.035061, 0.006322, 0.816777, 0.042552, 0.067898, 0.017187, 0.014202]"
Cora,client,42,72,0,M0,H,evaluation,2,0,0.9808309674263,1,0.9013515114784241,False,"[0.0813, 0.034702, 0.693251, 0.052449, 0.045046, 0.072616, 0.020636]"
Cora,client,42,73,0,M0,H,evaluation,2,0,0.2202027142047882,0,0.9013515114784241,False,"[0.026511, 0.046908, 0.606862, 0.227734, 0.025042, 0.05521, 0.011733]"
Cora,client,42,105,0,M0,H,evaluation,2,0,0.9161127209663391,1,0.9013515114784241,False,"[0.007419, 0.017716, 0.946334, 0.005386, 0.007919, 0.009073, 0.006153]"
Cora,client,42,110,0,M0,H,evaluation,2,0,0.8163514733314514,0,0.9013515114784241,False,"[0.019306, 0.023596, 0.852505, 0.076291, 0.009419, 0.004346, 0.014538]"
Cora,client,42,111,0,M0,H,evaluation,2,0,0.9202405214309692,1,0.9013515114784241,False,"[0.008491, 0.000859, 0.980072, 0.003017, 0.002892, 0.004089, 0.00058]"
Cora,client,42,170,0,M0,H,evaluation,2,0,0.9232889413833618,1,0.9013515114784241,False,"[0.025693, 0.036002, 0.834169, 0.026541, 0.020186, 0.042567, 0.014842]"
Cora,client,42,188,0,M0,H,evaluation,2,0,0.9734216332435608,1,0.9013515114784241,False,"[0.054937, 0.016643, 0.847556, 0.015318, 0.018957, 0.038998, 0.007591]"
Cora,client,42,189,0,M0,H,evaluation,2,0,0.9014175534248352,1,0.9013515114784241,False,"[0.001014, 0.002874, 0.987953, 0.002158, 0.001337, 0.00364, 0.001023]"
Cora,client,42,202,0,M0,H,evaluation,2,0,0.9618786573410034,1,0.9013515114784241,False,"[0.030357, 0.01593, 0.833892, 0.047814, 0.05342, 0.012544, 0.006043]"
Cora,client,42,263,0,M0,H,evaluation,2,0,0.9459657073020935,1,0.9013515114784241,False,"[0.047502, 0.028924, 0.785896, 0.030227, 0.020638, 0.072981, 0.013831]"
Cora,client,42,296,0,M0,H,evaluation,2,0,0.99577397108078,1,0.9013515114784241,False,"[0.140558, 0.026556, 0.633413, 0.040219, 0.036185, 0.109489, 0.013579]"
Cora,client,42,312,0,M0,H,evaluation,2,0,0.8871982097625732,0,0.9013515114784241,False,"[0.021792, 0.045995, 0.77835, 0.027927, 0.022886, 0.083931, 0.019119]"
Cora,client,42,333,0,M0,H,evaluation,2,0,0.908542275428772,1,0.9013515114784241,False,"[0.048757, 0.010717, 0.808318, 0.090461, 0.019891, 0.011703, 0.010152]"
Cora,client,42,341,0,M0,H,evaluation,2,0,0.5738154649734497,0,0.9013515114784241,False,"[0.011275, 0.023673, 0.791186, 0.139376, 0.019524, 0.009067, 0.005897]"
Cora,client,42,353,0,M0,H,evaluation,2,0,0.9622905254364014,1,0.9013515114784241,False,"[0.028267, 0.008599, 0.883772, 0.030547, 0.038952, 0.006233, 0.00363]"
Cora,client,42,357,0,M0,H,evaluation,2,0,0.9280422329902649,1,0.9013515114784241,False,"[0.014118, 0.00675, 0.945958, 0.008367, 0.008499, 0.011226, 0.005083]"
Cora,client,42,358,0,M0,H,evaluation,2,0,0.9222031831741333,1,0.9013515114784241,False,"[0.0279, 0.014079, 0.882132, 0.021849, 0.007188, 0.037277, 0.009575]"
Cora,client,42,403,0,M0,H,evaluation,2,0,0.9051415920257568,1,0.9013515114784241,False,"[0.001354, 0.000165, 0.995964, 0.000834, 0.000472, 0.000818, 0.000394]"
Cora,client,42,425,0,M0,H,evaluation,2,0,0.814926266670227,0,0.9013515114784241,False,"[0.019842, 0.038201, 0.739357, 0.064517, 0.026757, 0.073846, 0.03748]"
Cora,client,42,449,0,M0,H,evaluation,2,0,0.01053997129201889,0,0.9013515114784241,False,"[0.020692, 0.04773, 0.427468, 0.403073, 0.036127, 0.054252, 0.010658]"
Cora,client,42,489,0,M0,H,evaluation,2,0,0.9888359904289246,1,0.9013515114784241,False,"[0.097463, 0.016185, 0.784407, 0.029829, 0.014086, 0.033648, 0.024382]"
Cora,client,42,501,0,M0,H,evaluation,2,0,0.9609958529472351,1,0.9013515114784241,False,"[0.044813, 0.022117, 0.794229, 0.045368, 0.039773, 0.035052, 0.018649]"
Cora,client,42,526,0,M0,H,evaluation,2,0,0.9075667858123779,1,0.9013515114784241,False,"[0.007869, 0.018672, 0.920422, 0.010685, 0.010518, 0.018376, 0.013457]"
Cora,client,42,534,0,M0,H,evaluation,2,0,0.9020057320594788,1,0.9013515114784241,False,"[0.006074, 0.010285, 0.943322, 0.011874, 0.007783, 0.013812, 0.00685]"
Cora,client,42,535,0,M0,H,evaluation,2,0,0.9157516360282898,1,0.9013515114784241,False,"[0.028669, 0.0169, 0.71284, 0.036335, 0.033328, 0.070411, 0.101516]"
Cora,client,42,557,0,M0,H,evaluation,2,0,0.1809413582086563,0,0.9013515114784241,False,"[0.051132, 0.038672, 0.255718, 0.07565, 0.015372, 0.484708, 0.078748]"
Cora,client,42,564,0,M0,H,evaluation,2,0,0.9027965664863586,1,0.9013515114784241,False,"[0.002049, 0.005, 0.982055, 0.003101, 0.00193, 0.004035, 0.00183]"
Cora,client,42,580,0,M0,H,evaluation,2,0,0.9184266924858093,1,0.9013515114784241,False,"[0.007627, 0.001916, 0.976613, 0.00361, 0.003718, 0.004333, 0.002183]"
Cora,client,42,613,0,M0,H,evaluation,2,0,0.5709162950515747,0,0.9013515114784241,False,"[0.016185, 0.043381, 0.745185, 0.145627, 0.024196, 0.017109, 0.008317]"
Cora,client,42,616,0,M0,H,evaluation,2,0,0.9477208256721497,1,0.9013515114784241,False,"[0.027906, 0.011369, 0.904035, 0.022121, 0.01762, 0.009057, 0.007894]"
Cora,client,42,629,0,M0,H,evaluation,2,0,0.9019111394882202,1,0.9013515114784241,False,"[0.003556, 0.009019, 0.965086, 0.006269, 0.004093, 0.008071, 0.003907]"
Cora,client,42,650,0,M0,H,evaluation,2,0,0.934268593788147,1,0.9013515114784241,False,"[0.04533, 0.016935, 0.846468, 0.053641, 0.012452, 0.016748, 0.008426]"
Cora,client,42,681,0,M0,H,evaluation,3,0,0.6778485774993896,1,0.6739380955696106,False,"[1e-06, 4e-06, 7e-06, 0.999982, 1e-06, 1e-06, 4e-06]"
Cora,client,42,683,0,M0,H,evaluation,1,0,0.9381870627403259,1,0.7180246114730835,False,"[0.033016, 0.208461, 0.364711, 0.331423, 0.018489, 0.03076, 0.013141]"
Cora,client,42,687,0,M0,H,evaluation,2,0,0.7892065048217773,0,0.9013515114784241,False,"[0.002694, 0.007114, 0.929804, 0.05596, 0.002028, 0.001694, 0.000705]"
Cora,client,42,732,0,M0,H,evaluation,2,0,0.9698051810264587,1,0.9013515114784241,False,"[0.063539, 0.014272, 0.820085, 0.022904, 0.013873, 0.0594, 0.005928]"
Cora,client,42,744,0,M0,H,evaluation,2,0,0.9730897545814514,1,0.9013515114784241,False,"[0.052707, 0.010211, 0.864753, 0.029828, 0.023935, 0.01251, 0.006056]"
Cora,client,42,748,0,M0,H,evaluation,2,0,0.9814351797103882,1,0.9013515114784241,False,"[0.064408, 0.001185, 0.903391, 0.001664, 0.003842, 0.020729, 0.004781]"
Cora,client,42,760,0,M0,H,evaluation,2,0,0.00010321405716240406,0,0.9013515114784241,False,"[0.029484, 0.019155, 0.239496, 0.67752, 0.020686, 0.007611, 0.006049]"
Cora,client,42,768,0,M0,H,evaluation,3,0,0.001758685684762895,0,0.6739380955696106,False,"[0.057059, 0.028634, 0.651617, 0.150707, 0.026549, 0.073891, 0.011542]"
Cora,client,42,796,0,M0,H,evaluation,2,0,0.951744556427002,1,0.9013515114784241,False,"[0.024759, 0.009371, 0.921455, 0.006974, 0.015408, 0.017345, 0.004688]"
Cora,client,42,800,0,M0,H,evaluation,2,0,0.9570682048797607,1,0.9013515114784241,False,"[0.049406, 0.042136, 0.759484, 0.056526, 0.040515, 0.033211, 0.018722]"
Cora,client,42,806,0,M0,H,evaluation,2,0,0.9075706005096436,1,0.9013515114784241,False,"[0.004292, 0.001391, 0.97513, 0.003058, 0.002963, 0.009363, 0.003803]"
Cora,client,42,823,0,M0,H,evaluation,2,0,0.9181110262870789,1,0.9013515114784241,False,"[0.021061, 0.007167, 0.917394, 0.029756, 0.010409, 0.011192, 0.003021]"
Cora,client,42,825,0,M0,H,evaluation,2,0,0.9308028221130371,1,0.9013515114784241,False,"[0.054252, 0.051051, 0.592664, 0.1283, 0.0843, 0.060421, 0.029013]"
Cora,client,42,834,0,M0,H,evaluation,1,0,0.8909888863563538,1,0.7180246114730835,False,"[0.025662, 0.148655, 0.377372, 0.393451, 0.013107, 0.031794, 0.009959]"
Cora,client,42,848,0,M0,H,evaluation,2,0,0.21368460357189178,0,0.9013515114784241,False,"[0.008115, 0.009016, 0.729968, 0.227033, 0.020003, 0.00354, 0.002325]"
Cora,client,42,853,0,M0,H,evaluation,2,0,0.938335120677948,1,0.9013515114784241,False,"[0.022791, 0.007828, 0.930003, 0.007608, 0.00718, 0.020858, 0.003731]"
Cora,client,42,867,0,M0,H,evaluation,2,0,0.9071412086486816,1,0.9013515114784241,False,"[0.005248, 0.003902, 0.963534, 0.002503, 0.003876, 0.017156, 0.003781]"
Cora,client,42,871,0,M0,H,evaluation,2,0,0.9151089787483215,1,0.9013515114784241,False,"[0.008033, 0.007677, 0.95397, 0.00299, 0.0058, 0.017432, 0.004098]"
Cora,client,42,883,0,M0,H,evaluation,2,0,0.9023697376251221,1,0.9013515114784241,False,"[0.006135, 0.010356, 0.942425, 0.011964, 0.008084, 0.014086, 0.00695]"
Cora,client,42,889,0,M0,H,evaluation,2,0,0.888083815574646,0,0.9013515114784241,False,"[0.052868, 0.111004, 0.597695, 0.098554, 0.047596, 0.066613, 0.025671]"
Cora,client,42,902,0,M0,H,evaluation,2,0,0.957696795463562,1,0.9013515114784241,False,"[0.025571, 0.017218, 0.860417, 0.019416, 0.037503, 0.031883, 0.007993]"
Cora,client,42,919,0,M0,H,evaluation,2,0,0.9820629358291626,1,0.9013515114784241,False,"[0.073474, 0.034733, 0.706686, 0.063951, 0.057724, 0.039823, 0.023609]"
Cora,client,42,933,0,M0,H,evaluation,2,0,0.8820236921310425,0,0.9013515114784241,False,"[0.00698, 0.025087, 0.879295, 0.027616, 0.016597, 0.024132, 0.020295]"
Cora,client,42,951,0,M0,H,evaluation,2,0,0.9559230208396912,1,0.9013515114784241,False,"[0.0524, 0.020752, 0.765779, 0.068351, 0.041192, 0.029463, 0.022064]"
Cora,client,42,985,0,M0,H,evaluation,2,0,0.02617809735238552,0,0.9013515114784241,False,"[0.022322, 0.016828, 0.550488, 0.374392, 0.02516, 0.006263, 0.004548]"
Cora,client,42,987,0,M0,H,evaluation,3,0,0.6119678616523743,0,0.6739380955696106,False,"[0.003385, 0.009249, 0.005222, 0.935752, 0.029083, 0.013829, 0.00348]"
Cora,client,42,1007,0,M0,H,evaluation,2,0,0.914336621761322,1,0.9013515114784241,False,"[0.014295, 0.020068, 0.881545, 0.021607, 0.01831, 0.026498, 0.017678]"
Cora,client,42,1019,0,M0,H,evaluation,3,0,0.6292032599449158,0,0.6739380955696106,False,"[0.013219, 0.001799, 0.003639, 0.94957, 0.020729, 0.004074, 0.00697]"
Cora,client,42,1136,0,M0,H,evaluation,2,0,0.008248372003436089,0,0.9013515114784241,False,"[0.037373, 0.056142, 0.271049, 0.436903, 0.057409, 0.100984, 0.04014]"
Cora,client,42,1148,0,M0,H,evaluation,2,0,0.9656887650489807,1,0.9013515114784241,False,"[0.042523, 0.011571, 0.872686, 0.016439, 0.019743, 0.026421, 0.010617]"
Cora,client,42,1150,0,M0,H,evaluation,2,0,0.9709076285362244,1,0.9013515114784241,False,"[0.069757, 0.02485, 0.641437, 0.097154, 0.075802, 0.065624, 0.025376]"
Cora,client,42,1154,0,M0,H,evaluation,2,0,0.911440908908844,1,0.9013515114784241,False,"[0.005272, 0.001056, 0.982939, 0.00508, 0.002938, 0.002186, 0.000529]"
Cora,client,42,1164,0,M0,H,evaluation,2,0,0.0020139049738645554,0,0.9013515114784241,False,"[0.02569, 0.008568, 0.439116, 0.506313, 0.012779, 0.006294, 0.001241]"
Cora,client,42,1199,0,M0,H,evaluation,2,0,0.9291839599609375,1,0.9013515114784241,False,"[0.060849, 0.035603, 0.627476, 0.123601, 0.063341, 0.04547, 0.04366]"
Cora,client,42,1214,0,M0,H,evaluation,2,0,0.7813325524330139,0,0.9013515114784241,False,"[0.086674, 0.121698, 0.313367, 0.17233, 0.073589, 0.164407, 0.067935]"
Cora,client,42,1216,0,M0,H,evaluation,2,0,0.9072780013084412,1,0.9013515114784241,False,"[0.006937, 0.018895, 0.928034, 0.008462, 0.009319, 0.017642, 0.010712]"
Cora,client,42,1243,0,M0,H,evaluation,2,0,0.9491475820541382,1,0.9013515114784241,False,"[0.038731, 0.014619, 0.839636, 0.032112, 0.02412, 0.041301, 0.009482]"
Cora,client,42,1250,0,M0,H,evaluation,2,0,0.947282612323761,1,0.9013515114784241,False,"[0.025479, 0.00487, 0.924788, 0.021631, 0.017145, 0.003751, 0.002336]"
Cora,client,42,1254,0,M0,H,evaluation,2,0,0.9199573397636414,1,0.9013515114784241,False,"[0.015671, 0.024632, 0.890376, 0.006386, 0.012046, 0.041367, 0.009522]"
Cora,client,42,1287,0,M0,H,evaluation,2,0,0.5110089778900146,0,0.9013515114784241,False,"[0.010985, 0.006086, 0.828896, 0.143595, 0.006153, 0.003559, 0.000727]"
Cora,client,42,1308,0,M0,H,evaluation,2,0,0.9111159443855286,1,0.9013515114784241,False,"[0.016481, 0.030619, 0.858671, 0.008355, 0.014601, 0.060191, 0.011081]"
Cora,client,42,1317,0,M0,H,evaluation,2,0,0.9415914416313171,1,0.9013515114784241,False,"[0.018286, 0.001378, 0.966972, 0.003012, 0.005542, 0.003797, 0.001013]"
Cora,client,42,1339,0,M0,H,evaluation,2,0,0.928637683391571,1,0.9013515114784241,False,"[0.01319, 0.005274, 0.953517, 0.006295, 0.00809, 0.011282, 0.002352]"
Cora,client,42,1345,0,M0,H,evaluation,2,0,0.9770025014877319,1,0.9013515114784241,False,"[0.048315, 0.036542, 0.678655, 0.090691, 0.099381, 0.029389, 0.017027]"
Cora,client,42,1358,0,M0,H,evaluation,2,0,0.9028059244155884,1,0.9013515114784241,False,"[0.0, 0.0, 0.999999, 0.0, 0.0, 0.0, 0.0]"
Cora,client,42,1384,0,M0,H,evaluation,2,0,0.9412327408790588,1,0.9013515114784241,False,"[0.024243, 0.036051, 0.84303, 0.018448, 0.027217, 0.038577, 0.012434]"
Cora,client,42,1427,0,M0,H,evaluation,2,0,0.9040583372116089,1,0.9013515114784241,False,"[0.018128, 0.016552, 0.871263, 0.015759, 0.010161, 0.05159, 0.016547]"
Cora,client,42,1456,0,M0,H,evaluation,3,0,0.6330074071884155,0,0.6739380955696106,False,"[0.007567, 0.001965, 0.001952, 0.925077, 0.054929, 0.00305, 0.00546]"
Cora,client,42,1457,0,M0,H,evaluation,3,0,0.6642004251480103,0,0.6739380955696106,False,"[0.003347, 0.000299, 0.000684, 0.980116, 0.012785, 0.000917, 0.001853]"
Cora,client,42,1466,0,M0,H,evaluation,2,0,0.9840258955955505,1,0.9013515114784241,False,"[0.10252, 0.019085, 0.686922, 0.025802, 0.019302, 0.130495, 0.015873]"
Cora,client,42,1480,0,M0,H,evaluation,2,0,0.9784266948699951,1,0.9013515114784241,False,"[0.057128, 0.024484, 0.799218, 0.031417, 0.039722, 0.034945, 0.013086]"
Cora,client,42,1499,0,M0,H,evaluation,2,0,0.7656649351119995,0,0.9013515114784241,False,"[0.079087, 0.227138, 0.353301, 0.104461, 0.034448, 0.155289, 0.046277]"
Cora,client,42,1513,0,M0,H,evaluation,2,0,0.0007833711570128798,0,0.9013515114784241,False,"[0.041548, 0.07876, 0.257267, 0.563893, 0.022412, 0.019132, 0.016987]"
Cora,client,42,1516,0,M0,H,evaluation,2,0,0.00019727775361388922,0,0.9013515114784241,False,"[0.007747, 0.047201, 0.30344, 0.602409, 0.021544, 0.007975, 0.009683]"
Cora,client,42,1520,0,M0,H,evaluation,2,0,0.9410464763641357,1,0.9013515114784241,False,"[0.03842, 0.007606, 0.855405, 0.034993, 0.01768, 0.038953, 0.006942]"
Cora,client,42,1546,0,M0,H,evaluation,2,0,0.835629940032959,0,0.9013515114784241,False,"[0.01258, 0.040035, 0.87066, 0.054494, 0.009254, 0.008451, 0.004526]"
Cora,client,42,1550,0,M0,H,evaluation,2,0,0.9749495387077332,1,0.9013515114784241,False,"[0.062843, 0.02162, 0.821622, 0.017729, 0.014615, 0.038663, 0.022908]"
Cora,client,42,1557,0,M0,H,evaluation,2,0,0.8518216013908386,0,0.9013515114784241,False,"[0.034333, 0.051934, 0.792357, 0.076265, 0.010977, 0.020732, 0.013401]"
Cora,client,42,1565,0,M0,H,evaluation,2,0,0.9832837581634521,1,0.9013515114784241,False,"[0.084867, 0.051175, 0.633569, 0.081555, 0.065833, 0.044929, 0.038073]"
Cora,client,42,1566,0,M0,H,evaluation,2,0,0.9909658432006836,1,0.9013515114784241,False,"[0.100326, 0.005288, 0.82209, 0.031898, 0.015168, 0.020623, 0.004606]"
Cora,client,42,1589,0,M0,H,evaluation,2,0,0.16206271946430206,0,0.9013515114784241,False,"[0.034712, 0.153664, 0.159192, 0.058825, 0.041176, 0.484589, 0.067841]"
Cora,client,42,1642,0,M0,H,evaluation,2,0,0.8965919017791748,0,0.9013515114784241,False,"[0.001063, 0.000353, 0.980949, 0.010177, 0.004757, 0.002438, 0.000262]"
Cora,client,42,1710,0,M0,H,evaluation,2,0,0.8715688586235046,0,0.9013515114784241,False,"[0.047178, 0.058231, 0.730985, 0.095099, 0.023168, 0.034078, 0.011262]"
Cora,client,42,1714,0,M0,H,evaluation,2,0,0.9440853595733643,1,0.9013515114784241,False,"[0.025094, 0.014493, 0.897653, 0.013382, 0.016849, 0.026697, 0.005832]"
Cora,client,42,1720,0,M0,H,evaluation,2,0,0.9558327198028564,1,0.9013515114784241,False,"[0.030388, 0.009273, 0.909818, 0.010803, 0.015728, 0.018224, 0.005767]"
Cora,client,42,1726,0,M0,H,evaluation,2,0,0.9500049352645874,1,0.9013515114784241,False,"[0.061776, 0.079864, 0.719464, 0.049886, 0.022266, 0.052183, 0.014562]"
Cora,client,42,1730,0,M0,H,evaluation,2,0,0.9559828639030457,1,0.9013515114784241,False,"[0.037874, 0.007457, 0.874946, 0.032949, 0.023826, 0.017077, 0.005869]"
Cora,client,42,1731,0,M0,H,evaluation,2,0,0.9236819744110107,1,0.9013515114784241,False,"[0.010959, 0.002204, 0.965598, 0.005065, 0.005549, 0.009454, 0.001171]"
Cora,client,42,1737,0,M0,H,evaluation,2,0,0.9419652223587036,1,0.9013515114784241,False,"[0.01272, 0.002125, 0.947967, 0.00878, 0.019386, 0.006318, 0.002704]"
Cora,client,42,1739,0,M0,H,evaluation,2,0,0.9354844689369202,1,0.9013515114784241,False,"[0.017168, 0.001886, 0.96062, 0.00866, 0.00666, 0.003106, 0.0019]"
Cora,client,42,1742,0,M0,H,evaluation,2,0,0.9038187265396118,1,0.9013515114784241,False,"[0.000672, 0.00016, 0.996919, 0.000374, 0.000376, 0.001117, 0.000383]"
Cora,client,42,1744,0,M0,H,evaluation,2,0,0.9637301564216614,1,0.9013515114784241,False,"[0.045666, 0.021904, 0.806656, 0.042002, 0.037771, 0.031515, 0.014486]"
Cora,client,42,1745,0,M0,H,evaluation,2,0,0.5724838972091675,0,0.9013515114784241,False,"[0.033017, 0.078334, 0.487629, 0.051897, 0.027685, 0.28495, 0.036488]"
Cora,client,42,1746,0,M0,H,evaluation,2,0,0.9509609341621399,1,0.9013515114784241,False,"[0.034425, 0.017948, 0.87737, 0.011485, 0.013189, 0.037073, 0.00851]"
Cora,client,42,1747,0,M0,H,evaluation,2,0,0.9668461084365845,1,0.9013515114784241,False,"[0.051396, 0.035286, 0.761837, 0.038513, 0.040072, 0.049939, 0.022957]"
Cora,client,42,1748,0,M0,H,evaluation,2,0,0.9580554366111755,1,0.9013515114784241,False,"[0.03853, 0.015548, 0.874207, 0.013012, 0.015616, 0.035033, 0.008054]"
Cora,client,42,1755,0,M0,H,evaluation,2,0,0.9508281350135803,1,0.9013515114784241,False,"[0.031227, 0.011747, 0.874165, 0.021791, 0.022985, 0.030063, 0.008023]"
Cora,client,42,1756,0,M0,H,evaluation,2,0,0.9154664874076843,1,0.9013515114784241,False,"[0.011273, 0.005073, 0.961717, 0.007945, 0.002693, 0.009653, 0.001646]"
Cora,client,42,1760,0,M0,H,evaluation,2,0,0.9652073979377747,1,0.9013515114784241,False,"[0.05429, 0.042898, 0.723591, 0.050751, 0.047481, 0.055533, 0.025455]"
Cora,client,42,1831,0,M0,H,evaluation,2,0,0.10093603283166885,0,0.9013515114784241,False,"[0.043737, 0.221479, 0.131679, 0.247953, 0.088367, 0.23512, 0.031666]"
Cora,client,42,1832,0,M0,H,evaluation,2,0,0.9925985336303711,1,0.9013515114784241,False,"[0.102232, 0.115707, 0.364608, 0.113445, 0.140509, 0.098087, 0.065412]"
Cora,client,42,1855,0,M0,H,evaluation,3,0,0.5854966044425964,0,0.6739380955696106,False,"[0.020803, 0.010237, 0.020402, 0.928011, 0.01082, 0.004984, 0.004742]"
Cora,client,42,1886,0,M0,H,evaluation,2,0,0.9823748469352722,1,0.9013515114784241,False,"[0.078599, 0.031174, 0.697144, 0.073013, 0.057911, 0.036856, 0.025304]"
Cora,client,42,1888,0,M0,H,evaluation,2,0,0.990809440612793,1,0.9013515114784241,False,"[0.050867, 0.022391, 0.742121, 0.03984, 0.095609, 0.033503, 0.015669]"
Cora,client,42,2169,0,M0,H,evaluation,2,0,0.1604609191417694,0,0.9013515114784241,False,"[0.016009, 0.231413, 0.535379, 0.186866, 0.006493, 0.018117, 0.005723]"
Cora,client,42,2220,0,M0,H,evaluation,2,0,0.9656331539154053,1,0.9013515114784241,False,"[0.040399, 0.004216, 0.920973, 0.006073, 0.008922, 0.015781, 0.003636]"
Cora,client,42,2279,0,M0,H,evaluation,2,0,0.8292402625083923,0,0.9013515114784241,False,"[0.019633, 0.067933, 0.778988, 0.05659, 0.013782, 0.031413, 0.03166]"
Cora,client,42,2334,0,M0,H,evaluation,2,0,0.8910138010978699,0,0.9013515114784241,False,"[0.027482, 0.024337, 0.788346, 0.038441, 0.019655, 0.073008, 0.028731]"
Cora,client,42,2359,0,M0,H,evaluation,2,0,1.3285139175422955e-05,0,0.9013515114784241,False,"[0.009973, 0.018931, 0.185111, 0.75947, 0.015257, 0.007408, 0.003852]"
Cora,client,42,2366,0,M0,H,evaluation,2,0,0.9558165073394775,1,0.9013515114784241,False,"[0.023294, 0.006445, 0.908589, 0.015908, 0.027999, 0.014615, 0.00315]"
Cora,client,42,2372,0,M0,H,evaluation,2,0,0.11112615466117859,0,0.9013515114784241,False,"[0.064481, 0.090781, 0.362441, 0.359258, 0.057633, 0.036856, 0.02855]"
Cora,client,42,2392,0,M0,H,evaluation,2,0,0.8978908658027649,0,0.9013515114784241,False,"[0.019536, 0.016659, 0.819689, 0.033469, 0.019709, 0.043597, 0.047341]"
Cora,client,42,2415,0,M0,H,evaluation,2,0,0.15854483842849731,0,0.9013515114784241,False,"[0.082271, 0.094549, 0.203031, 0.397034, 0.104912, 0.07579, 0.042414]"
Cora,client,42,2442,0,M0,H,evaluation,2,0,0.9308509230613708,1,0.9013515114784241,False,"[0.02003, 0.018409, 0.889731, 0.007961, 0.013432, 0.038973, 0.011464]"
Cora,client,42,2443,0,M0,H,evaluation,2,0,0.9325217008590698,1,0.9013515114784241,False,"[0.023037, 0.012537, 0.885631, 0.028145, 0.018584, 0.012496, 0.019571]"
Cora,client,42,2446,0,M0,H,evaluation,2,0,0.9172966480255127,1,0.9013515114784241,False,"[0.010349, 0.004761, 0.957702, 0.004778, 0.003991, 0.013915, 0.004504]"
Cora,client,42,2447,0,M0,H,evaluation,2,0,0.9526694416999817,1,0.9013515114784241,False,"[0.030585, 0.008594, 0.904586, 0.012749, 0.014616, 0.020922, 0.007948]"
Cora,client,42,2448,0,M0,H,evaluation,2,0,0.9113323092460632,1,0.9013515114784241,False,"[0.007283, 0.002175, 0.972136, 0.004092, 0.00216, 0.010038, 0.002117]"
Cora,client,42,2451,0,M0,H,evaluation,2,0,0.9231919050216675,1,0.9013515114784241,False,"[0.014193, 0.001879, 0.95619, 0.010728, 0.00545, 0.00882, 0.002739]"
Cora,client,42,2459,0,M0,H,evaluation,3,0,0.31177493929862976,0,0.6739380955696106,False,"[0.035104, 0.025411, 0.085415, 0.751205, 0.058826, 0.021267, 0.022772]"
Cora,client,42,2466,0,M0,H,evaluation,2,0,0.8864341974258423,0,0.9013515114784241,False,"[0.007746, 0.01032, 0.88431, 0.025848, 0.016592, 0.030718, 0.024467]"
Cora,client,42,2492,0,M0,H,evaluation,2,0,0.9315690398216248,1,0.9013515114784241,False,"[0.014059, 0.001948, 0.967038, 0.004105, 0.004937, 0.005768, 0.002146]"
Cora,client,42,2503,0,M0,H,evaluation,2,0,0.9127762317657471,1,0.9013515114784241,False,"[0.00547, 0.002783, 0.971302, 0.004854, 0.004999, 0.005859, 0.004732]"
Cora,client,42,2523,0,M0,H,evaluation,2,0,0.9642349481582642,1,0.9013515114784241,False,"[0.050037, 0.031932, 0.723403, 0.034028, 0.045713, 0.081955, 0.032933]"
Cora,client,42,2530,0,M0,H,evaluation,2,0,0.9256738424301147,1,0.9013515114784241,False,"[0.013478, 0.006102, 0.928784, 0.006918, 0.012194, 0.028753, 0.003772]"
Cora,client,42,2546,0,M0,H,evaluation,2,0,0.8911179900169373,0,0.9013515114784241,False,"[0.051702, 0.031592, 0.55361, 0.04739, 0.056691, 0.246581, 0.012434]"
Cora,client,42,2585,0,M0,H,evaluation,2,0,1.0168902008445002e-05,0,0.9013515114784241,False,"[0.023804, 0.015317, 0.141517, 0.792018, 0.012325, 0.00927, 0.00575]"
Cora,client,42,2597,0,M0,H,evaluation,2,0,0.5819228887557983,0,0.9013515114784241,False,"[0.046937, 0.043878, 0.569805, 0.207262, 0.053921, 0.053398, 0.024799]"
Cora,client,42,2607,0,M0,H,evaluation,3,0,0.0011400975054129958,0,0.6739380955696106,False,"[0.027288, 0.014669, 0.767549, 0.045328, 0.081082, 0.036487, 0.027596]"
Cora,client,42,2614,0,M0,H,evaluation,2,0,0.8837203979492188,0,0.9013515114784241,False,"[0.059739, 0.026785, 0.641607, 0.084521, 0.022077, 0.089044, 0.076226]"
Cora,client,42,2616,0,M0,H,evaluation,2,0,0.9888384342193604,1,0.9013515114784241,False,"[0.054097, 0.010292, 0.743776, 0.051712, 0.089137, 0.028145, 0.02284]"
Cora,client,42,2627,0,M0,H,evaluation,2,0,0.2782049775123596,0,0.9013515114784241,False,"[0.030664, 0.031562, 0.565011, 0.182879, 0.025293, 0.142803, 0.021789]"
Cora,client,42,2643,0,M0,H,evaluation,2,0,0.9760720133781433,1,0.9013515114784241,False,"[0.080499, 0.010302, 0.688928, 0.102348, 0.06426, 0.04431, 0.009353]"
Cora,client,42,2651,0,M0,H,evaluation,2,0,0.919845461845398,1,0.9013515114784241,False,"[0.009771, 0.022855, 0.932149, 0.006465, 0.009522, 0.011241, 0.007996]"
Cora,client,42,2654,0,M0,H,evaluation,2,0,0.9593842029571533,1,0.9013515114784241,False,"[0.038161, 0.003956, 0.892461, 0.028567, 0.020929, 0.010073, 0.005853]"
Cora,client,42,2657,0,M0,H,evaluation,2,0,0.8874748945236206,0,0.9013515114784241,False,"[0.006645, 0.003451, 0.893483, 0.047305, 0.02919, 0.014734, 0.005193]"
Cora,client,42,2658,0,M0,H,evaluation,2,0,0.905653178691864,1,0.9013515114784241,False,"[0.005972, 0.003632, 0.951919, 0.018708, 0.012137, 0.006879, 0.000754]"
Cora,client,42,192,0,M0,H,evaluation,3,0,0.1730874478816986,0,0.6739380955696106,False,"[0.294122, 0.033667, 0.057698, 0.49821, 0.072512, 0.02048, 0.023311]"
Cora,client,42,240,0,M0,H,evaluation,3,0,0.5277342200279236,0,0.6739380955696106,False,"[0.056492, 0.014376, 0.007967, 0.80356, 0.098226, 0.012056, 0.007323]"
Cora,client,42,278,0,M0,H,evaluation,3,0,0.4330928325653076,0,0.6739380955696106,False,"[0.039441, 0.019796, 0.015996, 0.780761, 0.081667, 0.032964, 0.029374]"
Cora,client,42,291,0,M0,H,evaluation,3,0,0.4465646743774414,0,0.6739380955696106,False,"[0.068813, 0.047592, 0.009529, 0.731132, 0.091123, 0.03421, 0.0176]"
Cora,client,42,365,0,M0,H,evaluation,0,0,0.5988304018974304,0,0.8464870452880859,False,"[0.773757, 0.011177, 0.051186, 0.083324, 0.025635, 0.034853, 0.020069]"
Cora,client,42,591,0,M0,H,evaluation,0,0,0.6920910477638245,0,0.8464870452880859,False,"[0.753411, 0.001372, 0.01439, 0.170887, 0.043947, 0.008721, 0.007273]"
Cora,client,42,756,0,M0,H,evaluation,3,0,0.6550252437591553,0,0.6739380955696106,False,"[0.007385, 0.00125, 0.000683, 0.953397, 0.035646, 0.000937, 0.000702]"
Cora,client,42,1185,0,M0,H,evaluation,3,0,0.6609839200973511,0,0.6739380955696106,False,"[0.001247, 0.000888, 0.000329, 0.988045, 0.003727, 0.004448, 0.001317]"
Cora,client,42,1423,0,M0,H,evaluation,3,0,0.14131540060043335,0,0.6739380955696106,False,"[0.373848, 0.021093, 0.021847, 0.406133, 0.115119, 0.037495, 0.024465]"
Cora,client,42,1460,0,M0,H,evaluation,3,0,0.4694535434246063,0,0.6739380955696106,False,"[0.015088, 0.025128, 0.00636, 0.850015, 0.034642, 0.048743, 0.020025]"
Cora,client,42,1469,0,M0,H,evaluation,3,0,0.6297575235366821,0,0.6739380955696106,False,"[0.004774, 0.007438, 0.000511, 0.953667, 0.017954, 0.012731, 0.002926]"
Cora,client,42,1498,0,M0,H,evaluation,3,0,0.4583912193775177,0,0.6739380955696106,False,"[0.011772, 0.026733, 0.00285, 0.844209, 0.042202, 0.059111, 0.013124]"
Cora,client,42,1514,0,M0,H,evaluation,3,0,0.3122815191745758,0,0.6739380955696106,False,"[0.0711, 0.055688, 0.022784, 0.60396, 0.162605, 0.05528, 0.028583]"
Cora,client,42,1556,0,M0,H,evaluation,0,0,0.34288927912712097,0,0.8464870452880859,False,"[0.631463, 0.02162, 0.026884, 0.122608, 0.1183, 0.071713, 0.007413]"
Cora,client,42,2187,0,M0,H,evaluation,3,0,0.5295044779777527,0,0.6739380955696106,False,"[0.046659, 0.018574, 0.00857, 0.794626, 0.109777, 0.013096, 0.008699]"
Cora,client,42,2349,0,M0,H,evaluation,3,0,0.6231448650360107,0,0.6739380955696106,False,"[0.004796, 0.008622, 0.000602, 0.951024, 0.016114, 0.014742, 0.004101]"
Cora,client,42,2469,0,M0,H,evaluation,0,0,0.5495808124542236,0,0.8464870452880859,False,"[0.756123, 0.019196, 0.033901, 0.0971, 0.028745, 0.046554, 0.018381]"
Cora,client,42,138,0,M0,H,evaluation,1,0,0.8585996627807617,1,0.7180246114730835,False,"[0.043037, 0.554287, 0.051524, 0.154374, 0.012834, 0.147192, 0.036751]"
Cora,client,42,969,0,M0,H,evaluation,2,0,0.9580944180488586,1,0.9013515114784241,False,"[0.073325, 0.10059, 0.650159, 0.031639, 0.022323, 0.107888, 0.014076]"
Cora,client,42,1011,0,M0,H,evaluation,1,0,0.4284916818141937,0,0.7180246114730835,False,"[0.07317, 0.304197, 0.131767, 0.293753, 0.049802, 0.109323, 0.037987]"
Cora,client,42,1077,0,M0,H,evaluation,5,0,7.669286787859164e-06,0,0.6212708353996277,False,"[0.072961, 0.038676, 0.739349, 0.028308, 0.027444, 0.083359, 0.009902]"
Cora,client,42,1483,0,M0,H,evaluation,2,0,0.9209651947021484,1,0.9013515114784241,False,"[0.01838, 0.014218, 0.934561, 0.009369, 0.002303, 0.019926, 0.001243]"
Cora,client,42,1620,0,M0,H,evaluation,1,0,0.9999994039535522,1,0.7180246114730835,False,"[0.046539, 0.056211, 0.816264, 0.011684, 0.012206, 0.047908, 0.009188]"
Cora,client,42,1638,0,M0,H,evaluation,1,0,0.935192883014679,1,0.7180246114730835,False,"[0.121154, 0.297301, 0.140673, 0.148829, 0.062105, 0.173046, 0.056891]"
Cora,client,42,1735,0,M0,H,evaluation,1,0,0.9999222755432129,1,0.7180246114730835,False,"[0.064236, 0.257759, 0.466267, 0.058439, 0.020537, 0.107778, 0.024984]"
Cora,client,42,1743,0,M0,H,evaluation,2,0,0.9456833004951477,1,0.9013515114784241,False,"[0.045373, 0.041264, 0.821476, 0.016453, 0.008793, 0.062133, 0.004508]"
Cora,client,42,340,0,M0,H,evaluation,4,0,0.4334809184074402,0,0.7088910341262817,False,"[0.037441, 0.004606, 0.007293, 0.183664, 0.678646, 0.074086, 0.014264]"
Cora,client,42,515,0,M0,H,evaluation,4,0,0.7095792889595032,1,0.7088910341262817,False,"[0.00612, 0.002234, 0.000827, 0.013969, 0.962432, 0.010635, 0.003783]"
Cora,client,42,582,0,M0,H,evaluation,4,0,0.7348816394805908,1,0.7088910341262817,False,"[0.003012, 0.000737, 0.000314, 0.006257, 0.981169, 0.003424, 0.005087]"
Cora,client,42,584,0,M0,H,evaluation,4,0,0.6291624903678894,0,0.7088910341262817,False,"[0.018732, 0.001528, 0.001597, 0.057819, 0.889336, 0.026695, 0.004292]"
Cora,client,42,798,0,M0,H,evaluation,4,0,0.6159763932228088,0,0.7088910341262817,False,"[0.022, 0.001337, 0.002708, 0.008431, 0.923906, 0.038834, 0.002784]"
Cora,client,42,828,0,M0,H,evaluation,4,0,0.6271836161613464,0,0.7088910341262817,False,"[0.060048, 0.012205, 0.006429, 0.050237, 0.797844, 0.044528, 0.028709]"
Cora,client,42,1794,0,M0,H,evaluation,4,0,0.652476966381073,0,0.7088910341262817,False,"[0.017756, 0.002165, 0.002853, 0.008605, 0.934899, 0.029007, 0.004717]"
Cora,client,42,2299,0,M0,H,evaluation,4,0,0.6460098624229431,0,0.7088910341262817,False,"[0.058762, 0.017252, 0.011342, 0.044553, 0.796885, 0.038514, 0.032693]"
Cora,client,42,2464,0,M0,H,evaluation,4,0,0.7133420705795288,1,0.7088910341262817,False,"[0.005407, 0.000524, 0.00019, 0.008331, 0.978864, 0.005106, 0.001579]"
Cora,client,42,2496,0,M0,H,evaluation,4,0,0.5820423364639282,0,0.7088910341262817,False,"[0.061694, 0.014405, 0.011766, 0.137872, 0.665924, 0.06342, 0.04492]"
Cora,client,42,23,0,M0,H,evaluation,6,0,0.0061467173509299755,0,0.7456499338150024,False,"[0.150533, 0.014168, 0.036659, 0.605668, 0.115075, 0.024844, 0.053053]"
Cora,client,42,108,0,M0,H,evaluation,6,0,0.09180837124586105,0,0.7456499338150024,False,"[0.01535, 0.036292, 0.014832, 0.380506, 0.030037, 0.0681, 0.454882]"
Cora,client,42,145,0,M0,H,evaluation,6,0,0.8417627811431885,1,0.7456499338150024,False,"[0.002706, 0.001117, 0.001129, 0.021943, 0.006063, 0.010462, 0.95658]"
Cora,client,42,213,0,M0,H,evaluation,6,0,0.7836735844612122,1,0.7456499338150024,False,"[0.005984, 0.003881, 0.004647, 0.044947, 0.015854, 0.028145, 0.896542]"
Cora,client,42,495,0,M0,H,evaluation,6,0,0.021152155473828316,0,0.7456499338150024,False,"[0.028623, 0.014586, 0.026094, 0.551924, 0.048306, 0.05682, 0.273647]"
Cora,client,42,898,0,M0,H,evaluation,6,0,0.7837736010551453,1,0.7456499338150024,False,"[0.005047, 0.002648, 0.005083, 0.057376, 0.009975, 0.013163, 0.906708]"
Cora,client,42,1328,0,M0,H,evaluation,6,0,0.011507964693009853,0,0.7456499338150024,False,"[0.037392, 0.013085, 0.022041, 0.639791, 0.041289, 0.04132, 0.205081]"
Cora,client,42,1504,0,M0,H,evaluation,6,0,0.054991621524095535,0,0.7456499338150024,False,"[0.022919, 0.059825, 0.02777, 0.391385, 0.046803, 0.102638, 0.348661]"
Cora,client,42,1593,0,M0,H,evaluation,6,0,0.807375431060791,1,0.7456499338150024,False,"[0.004827, 0.002992, 0.003022, 0.037216, 0.013854, 0.016238, 0.921851]"
Cora,client,42,1698,0,M0,H,evaluation,6,0,0.47556498646736145,0,0.7456499338150024,False,"[0.038073, 0.020063, 0.023903, 0.137355, 0.051661, 0.027144, 0.7018]"
Cora,client,42,2157,0,M0,H,evaluation,6,0,0.38860374689102173,0,0.7456499338150024,False,"[0.014055, 0.006633, 0.005175, 0.221925, 0.025806, 0.027582, 0.698825]"
Cora,client,42,2160,0,M0,H,evaluation,6,0,0.30272260308265686,0,0.7456499338150024,False,"[0.008009, 0.003801, 0.005148, 0.279736, 0.019952, 0.012239, 0.671116]"
Cora,client,42,2161,0,M0,H,evaluation,6,0,0.009946472011506557,0,0.7456499338150024,False,"[0.050734, 0.017326, 0.021115, 0.646972, 0.048224, 0.035108, 0.180521]"
Cora,client,42,2192,0,M0,H,evaluation,6,0,0.6287111043930054,0,0.7456499338150024,False,"[0.012431, 0.006531, 0.008748, 0.114291, 0.020485, 0.03874, 0.798774]"
Cora,client,42,2209,0,M0,H,evaluation,6,0,0.040408868342638016,0,0.7456499338150024,False,"[0.015861, 0.045395, 0.018958, 0.464623, 0.0337, 0.080412, 0.341052]"
Cora,client,42,311,0,M0,H,evaluation,3,0,0.6735139489173889,0,0.6739380955696106,False,"[2.7e-05, 0.000186, 7.7e-05, 0.98706, 0.012496, 9.8e-05, 5.5e-05]"
Cora,client,42,343,0,M0,H,evaluation,3,0,0.6597528457641602,0,0.6739380955696106,False,"[0.000793, 0.004675, 0.001499, 0.954993, 0.035851, 0.001303, 0.000885]"
Cora,client,42,395,0,M0,H,evaluation,3,0,0.4999028146266937,0,0.6739380955696106,False,"[0.034435, 0.043507, 0.007963, 0.801154, 0.065082, 0.034452, 0.013405]"
Cora,client,42,765,0,M0,H,evaluation,3,0,0.5259772539138794,0,0.6739380955696106,False,"[0.033789, 0.047979, 0.005295, 0.809335, 0.061133, 0.03106, 0.011411]"
Cora,client,42,1132,0,M0,H,evaluation,3,0,0.6649801731109619,0,0.6739380955696106,False,"[0.000553, 0.001328, 0.000964, 0.973831, 0.021321, 0.000927, 0.001077]"
Cora,client,42,1271,0,M0,H,evaluation,3,0,0.656904935836792,0,0.6739380955696106,False,"[0.014221, 0.001945, 0.000713, 0.978034, 0.002369, 0.001689, 0.00103]"
Cora,client,42,1598,0,M0,H,evaluation,3,0,0.6391853094100952,0,0.6739380955696106,False,"[0.013335, 0.008854, 0.001153, 0.956496, 0.009965, 0.007267, 0.00293]"
Cora,client,42,2369,0,M0,H,evaluation,3,0,0.508949875831604,0,0.6739380955696106,False,"[0.06425, 0.009741, 0.00791, 0.780573, 0.119513, 0.01345, 0.004563]"
Cora,client,42,2370,0,M0,H,evaluation,3,0,0.5676989555358887,0,0.6739380955696106,False,"[0.044943, 0.004134, 0.003716, 0.836261, 0.101822, 0.007235, 0.001889]"
Cora,client,42,2371,0,M0,H,evaluation,3,0,0.5452308654785156,0,0.6739380955696106,False,"[0.027784, 0.040551, 0.010406, 0.817975, 0.073212, 0.020773, 0.009299]"
Cora,client,42,212,0,M0,H,evaluation,3,0,0.5862205028533936,0,0.6739380955696106,False,"[0.008844, 0.005794, 0.005466, 0.927915, 0.024519, 0.016598, 0.010865]"
Cora,client,42,413,0,M0,H,evaluation,3,0,0.2792603075504303,0,0.6739380955696106,False,"[0.087322, 0.025776, 0.030526, 0.709751, 0.050576, 0.058064, 0.037985]"
Cora,client,42,455,0,M0,H,evaluation,3,0,0.47889378666877747,0,0.6739380955696106,False,"[0.058123, 0.016646, 0.004529, 0.804242, 0.072094, 0.02976, 0.014606]"
Cora,client,42,509,0,M0,H,evaluation,3,0,0.6000518798828125,0,0.6739380955696106,False,"[0.009472, 0.00957, 0.005052, 0.938134, 0.013026, 0.014582, 0.010163]"
Cora,client,42,1084,0,M0,H,evaluation,3,0,0.46965667605400085,0,0.6739380955696106,False,"[0.016552, 0.009462, 0.004876, 0.830056, 0.079612, 0.043387, 0.016055]"
Cora,client,42,1290,0,M0,H,evaluation,3,0,0.6461573839187622,0,0.6739380955696106,False,"[0.002659, 0.001323, 0.000829, 0.974078, 0.010651, 0.006985, 0.003475]"
Cora,client,42,2147,0,M0,H,evaluation,3,0,0.6137468218803406,0,0.6739380955696106,False,"[0.023217, 0.003125, 0.001299, 0.930519, 0.029529, 0.008873, 0.003438]"
Cora,client,42,2148,0,M0,H,evaluation,3,0,0.6327150464057922,0,0.6739380955696106,False,"[0.005028, 0.005755, 0.003165, 0.962463, 0.008996, 0.008534, 0.006059]"
Cora,client,42,852,1,MR,attack_member,evaluation,0,1,0.101108118891716,0,0.8464870452880859,False,"[0.559399, 0.060229, 0.061716, 0.0557, 0.028723, 0.176986, 0.057246]"
Cora,client,42,1030,1,MR,attack_member,evaluation,2,1,0.9734084010124207,1,0.9013515114784241,False,"[0.148232, 0.138535, 0.160713, 0.223079, 0.125188, 0.101948, 0.102305]"
Cora,client,42,1248,1,MR,attack_member,evaluation,1,1,0.8229628205299377,1,0.7180246114730835,False,"[0.014476, 0.718311, 0.027658, 0.105655, 0.014414, 0.103638, 0.015848]"
Cora,client,42,1258,1,MR,attack_member,evaluation,1,1,0.6849306225776672,0,0.7180246114730835,False,"[0.031375, 0.872431, 0.009577, 0.028489, 0.01721, 0.020995, 0.019922]"
Cora,client,42,1770,1,MR,attack_member,evaluation,1,1,0.8440411686897278,1,0.7180246114730835,False,"[0.015171, 0.844056, 0.010097, 0.03128, 0.01445, 0.057946, 0.027]"
Cora,client,42,1777,1,MR,attack_member,evaluation,1,1,0.7698104977607727,1,0.7180246114730835,False,"[0.014951, 0.900324, 0.005784, 0.013771, 0.021654, 0.030893, 0.012623]"
Cora,client,42,1779,1,MR,attack_member,evaluation,1,1,0.7643448114395142,1,0.7180246114730835,False,"[0.010598, 0.933918, 0.00317, 0.013339, 0.007572, 0.024796, 0.006606]"
Cora,client,42,1790,1,MR,attack_member,evaluation,1,1,0.7480823993682861,1,0.7180246114730835,False,"[0.105114, 0.622319, 0.034014, 0.049117, 0.056592, 0.105052, 0.027792]"
Cora,client,42,2026,1,MR,attack_member,evaluation,1,1,0.5061933994293213,0,0.7180246114730835,False,"[0.029899, 0.736921, 0.023, 0.118436, 0.02285, 0.041784, 0.027111]"
Cora,client,42,2078,1,MR,attack_member,evaluation,3,1,0.42738813161849976,0,0.6739380955696106,False,"[0.063886, 0.385504, 0.034774, 0.370541, 0.027753, 0.081521, 0.036022]"
Cora,client,42,2094,1,MR,attack_member,evaluation,1,1,0.7000109553337097,0,0.7180246114730835,False,"[0.046584, 0.84409, 0.00986, 0.023191, 0.022682, 0.036416, 0.017177]"
Cora,client,42,116,1,MR,attack_member,evaluation,6,1,0.6905456781387329,0,0.7456499338150024,False,"[0.053384, 0.018929, 0.011462, 0.024636, 0.058323, 0.041232, 0.792033]"
Cora,client,42,497,1,MR,attack_member,evaluation,0,1,0.8141849637031555,0,0.8464870452880859,False,"[0.939793, 0.004825, 0.007824, 0.0212, 0.013745, 0.006202, 0.006412]"
Cora,client,42,1344,1,MR,attack_member,evaluation,3,1,0.6216522455215454,0,0.6739380955696106,False,"[0.032594, 0.002611, 0.003683, 0.949751, 0.004512, 0.004016, 0.002833]"
Cora,client,42,1387,1,MR,attack_member,evaluation,6,1,0.6388034820556641,0,0.7456499338150024,False,"[0.074597, 0.011089, 0.023393, 0.037111, 0.048786, 0.065098, 0.739926]"
Cora,client,42,1487,1,MR,attack_member,evaluation,6,1,0.3848324120044708,0,0.7456499338150024,False,"[0.246086, 0.024917, 0.018893, 0.030031, 0.056497, 0.11483, 0.508746]"
Cora,client,42,1676,1,MR,attack_member,evaluation,6,1,0.8207457065582275,1,0.7456499338150024,False,"[0.020716, 0.00405, 0.006809, 0.011315, 0.015336, 0.02798, 0.913795]"
Cora,client,42,1922,1,MR,attack_member,evaluation,0,1,0.8129540085792542,0,0.8464870452880859,False,"[0.934485, 0.002498, 0.006132, 0.014991, 0.015059, 0.013677, 0.013157]"
Cora,client,42,1927,1,MR,attack_member,evaluation,0,1,0.850027859210968,1,0.8464870452880859,False,"[0.980734, 0.000244, 0.000994, 0.015418, 0.000908, 0.001158, 0.000544]"
Cora,client,42,1929,1,MR,attack_member,evaluation,3,1,0.093038409948349,0,0.6739380955696106,False,"[0.456514, 0.02075, 0.034061, 0.335654, 0.07696, 0.035027, 0.041034]"
Cora,client,42,1982,1,MR,attack_member,evaluation,5,1,0.5355307459831238,0,0.6212708353996277,False,"[0.019878, 0.013684, 0.014096, 0.013694, 0.01259, 0.881796, 0.044261]"
Cora,client,42,2013,1,MR,attack_member,evaluation,6,1,0.09357660263776779,0,0.7456499338150024,False,"[0.221248, 0.058616, 0.034599, 0.16724, 0.106459, 0.126833, 0.285006]"
Cora,client,42,2017,1,MR,attack_member,evaluation,5,1,0.06922263652086258,0,0.6212708353996277,False,"[0.308042, 0.022645, 0.033247, 0.031968, 0.041436, 0.443324, 0.119338]"
Cora,client,42,2059,1,MR,attack_member,evaluation,0,1,0.8276135325431824,0,0.8464870452880859,False,"[0.96426, 0.000973, 0.007662, 0.005706, 0.009475, 0.008908, 0.003016]"
Cora,client,42,2344,1,MR,attack_member,evaluation,3,1,0.5606377124786377,0,0.6739380955696106,False,"[0.027023, 0.00839, 0.008986, 0.916437, 0.008228, 0.016065, 0.01487]"
Cora,client,42,2385,1,MR,attack_member,evaluation,4,1,0.07393819838762283,0,0.7088910341262817,False,"[0.054511, 0.016916, 0.031373, 0.514926, 0.088938, 0.244287, 0.049048]"
Cora,client,42,2213,1,MR,attack_member,evaluation,3,1,0.41636961698532104,0,0.6739380955696106,False,"[0.032615, 0.044317, 0.017653, 0.774892, 0.048454, 0.04277, 0.039299]"
Cora,client,42,1151,1,MR,attack_member,evaluation,3,1,0.528985857963562,0,0.6739380955696106,False,"[0.014512, 0.006935, 0.011324, 0.915798, 0.013471, 0.03113, 0.006829]"
Cora,client,42,1092,1,MR,attack_member,evaluation,3,1,0.6623814702033997,0,0.6739380955696106,False,"[0.002566, 0.002164, 0.002009, 0.985312, 0.003202, 0.001365, 0.003381]"
Cora,client,42,1554,1,MR,attack_member,evaluation,3,1,0.6370763778686523,0,0.6739380955696106,False,"[0.009709, 0.003929, 0.004237, 0.956603, 0.016557, 0.003751, 0.005215]"
Cora,client,42,431,1,MR,attack_member,evaluation,4,1,0.7148234248161316,1,0.7088910341262817,False,"[0.004574, 0.000229, 0.00143, 0.001676, 0.991368, 0.000202, 0.00052]"
Cora,client,42,2173,1,MR,attack_member,evaluation,6,1,0.7161656022071838,0,0.7456499338150024,False,"[0.043663, 0.020533, 0.011062, 0.038256, 0.00986, 0.07621, 0.800416]"
Cora,client,42,446,2,MR,attack_member,evaluation,0,1,0.07218846678733826,0,0.8464870452880859,False,"[0.427298, 0.023539, 0.036179, 0.07528, 0.109914, 0.241718, 0.086072]"
Cora,client,42,491,2,MR,attack_member,evaluation,6,1,0.8579006791114807,1,0.7456499338150024,False,"[0.001562, 0.006906, 0.002939, 0.005137, 0.002823, 0.014507, 0.966125]"
Cora,client,42,496,2,MR,attack_member,evaluation,0,1,0.44027480483055115,0,0.8464870452880859,False,"[0.539759, 0.038051, 0.012444, 0.014196, 0.010843, 0.14423, 0.240478]"
Cora,client,42,528,2,MR,attack_member,evaluation,5,1,0.5630385875701904,0,0.6212708353996277,False,"[0.038244, 0.023416, 0.007683, 0.007576, 0.016051, 0.843238, 0.063792]"
Cora,client,42,596,2,MR,attack_member,evaluation,6,1,0.4161891043186188,0,0.7456499338150024,False,"[0.251966, 0.038865, 0.009452, 0.011697, 0.005676, 0.196475, 0.485868]"
Cora,client,42,1029,2,MR,attack_member,evaluation,5,1,0.31642186641693115,0,0.6212708353996277,False,"[0.040022, 0.034565, 0.03556, 0.081647, 0.052677, 0.714722, 0.040808]"
Cora,client,42,1690,2,MR,attack_member,evaluation,5,1,0.32675883173942566,0,0.6212708353996277,False,"[0.106369, 0.045629, 0.033596, 0.04549, 0.079037, 0.581741, 0.108138]"
Cora,client,42,2050,2,MR,attack_member,evaluation,6,1,0.30713701248168945,0,0.7456499338150024,False,"[0.080547, 0.128991, 0.044828, 0.058018, 0.04357, 0.187233, 0.456812]"
Cora,client,42,2111,2,MR,attack_member,evaluation,5,1,0.23101931810379028,0,0.6212708353996277,False,"[0.133686, 0.057515, 0.039743, 0.045599, 0.043066, 0.572009, 0.108382]"
Cora,client,42,2155,2,MR,attack_member,evaluation,0,1,0.6679717898368835,0,0.8464870452880859,False,"[0.795571, 0.015413, 0.013625, 0.015645, 0.08309, 0.03369, 0.042966]"
Cora,client,42,79,2,MR,attack_member,evaluation,0,1,0.019765887409448624,0,0.8464870452880859,False,"[0.343525, 0.135324, 0.069886, 0.122839, 0.044129, 0.191592, 0.092704]"
Cora,client,42,159,2,MR,attack_member,evaluation,3,1,0.646912157535553,0,0.6739380955696106,False,"[0.002148, 0.008676, 0.005656, 0.95949, 0.016948, 0.003082, 0.003999]"
Cora,client,42,678,2,MR,attack_member,evaluation,3,1,0.16075550019741058,0,0.6739380955696106,False,"[0.159677, 0.038962, 0.048813, 0.101713, 0.600815, 0.022572, 0.027448]"
Cora,client,42,1062,2,MR,attack_member,evaluation,3,1,0.5124512314796448,0,0.6739380955696106,False,"[0.025055, 0.022222, 0.019431, 0.801277, 0.100538, 0.01348, 0.017997]"
Cora,client,42,1654,2,MR,attack_member,evaluation,3,1,0.6145151257514954,0,0.6739380955696106,False,"[0.00584, 0.00314, 0.005932, 0.93956, 0.03234, 0.010318, 0.002871]"
Cora,client,42,2409,2,MR,attack_member,evaluation,2,1,0.8995245695114136,0,0.9013515114784241,False,"[0.084993, 0.043166, 0.59504, 0.160211, 0.042055, 0.036938, 0.037597]"
Cora,client,42,2552,2,MR,attack_member,evaluation,3,1,0.44900017976760864,0,0.6739380955696106,False,"[0.037339, 0.026316, 0.024136, 0.678975, 0.196014, 0.011704, 0.025517]"
Cora,client,42,2611,2,MR,attack_member,evaluation,3,1,0.2755109369754791,0,0.6739380955696106,False,"[0.090725, 0.030371, 0.043383, 0.599949, 0.16558, 0.038038, 0.031954]"
Cora,client,42,527,2,MR,attack_member,evaluation,0,1,0.7773014903068542,0,0.8464870452880859,False,"[0.921045, 0.012223, 0.003884, 0.013237, 0.035068, 0.010953, 0.003591]"
Cora,client,42,736,2,MR,attack_member,evaluation,0,1,0.82102370262146,0,0.8464870452880859,False,"[0.964764, 0.007972, 0.001879, 0.003819, 0.006825, 0.009204, 0.005537]"
Cora,client,42,858,2,MR,attack_member,evaluation,0,1,0.7447598576545715,0,0.8464870452880859,False,"[0.892224, 0.012161, 0.010579, 0.03121, 0.019555, 0.023038, 0.011233]"
Cora,client,42,901,2,MR,attack_member,evaluation,0,1,0.5438554883003235,0,0.8464870452880859,False,"[0.801956, 0.046322, 0.032088, 0.050537, 0.033569, 0.023262, 0.012265]"
Cora,client,42,1025,2,MR,attack_member,evaluation,0,1,0.4384624660015106,0,0.8464870452880859,False,"[0.706278, 0.030767, 0.0227, 0.068759, 0.100451, 0.054428, 0.016617]"
Cora,client,42,1517,2,MR,attack_member,evaluation,0,1,0.44218549132347107,0,0.8464870452880859,False,"[0.726702, 0.037269, 0.033742, 0.054568, 0.076525, 0.050543, 0.020651]"
Cora,client,42,1635,2,MR,attack_member,evaluation,4,1,0.04323132708668709,0,0.7088910341262817,False,"[0.313133, 0.06291, 0.086902, 0.052679, 0.284928, 0.125867, 0.07358]"
Cora,client,42,1669,2,MR,attack_member,evaluation,0,1,0.6809071898460388,0,0.8464870452880859,False,"[0.813416, 0.012602, 0.014712, 0.022644, 0.107589, 0.01526, 0.013778]"
Cora,client,42,2054,2,MR,attack_member,evaluation,0,1,0.8161206841468811,0,0.8464870452880859,False,"[0.957408, 0.006892, 0.003821, 0.003683, 0.015297, 0.008679, 0.004219]"
Cora,client,42,2133,2,MR,attack_member,evaluation,0,1,0.810049295425415,0,0.8464870452880859,False,"[0.953099, 0.00408, 0.006138, 0.007588, 0.00902, 0.015289, 0.004785]"
Cora,client,42,611,2,MR,attack_member,evaluation,6,1,0.37183961272239685,0,0.7456499338150024,False,"[0.096887, 0.016515, 0.014954, 0.051795, 0.118988, 0.142529, 0.558332]"
Cora,client,42,2629,2,MR,attack_member,evaluation,3,1,0.6384487152099609,0,0.6739380955696106,False,"[0.004506, 0.002369, 0.007658, 0.961141, 0.019876, 0.003243, 0.001208]"
Cora,client,42,1044,2,MR,attack_member,evaluation,3,1,0.5423307418823242,0,0.6739380955696106,False,"[0.001603, 0.003041, 0.018741, 0.924068, 0.022992, 0.023132, 0.006422]"
Cora,client,42,1541,2,MR,attack_member,evaluation,3,1,0.6470683217048645,0,0.6739380955696106,False,"[0.011153, 0.000881, 0.005009, 0.978256, 0.001679, 0.002462, 0.00056]"
Cora,client,42,314,3,MR,attack_member,evaluation,3,1,0.40750613808631897,0,0.6739380955696106,False,"[0.085301, 0.054148, 0.036806, 0.725136, 0.044745, 0.012519, 0.041344]"
Cora,client,42,673,3,MR,attack_member,evaluation,3,1,0.24598819017410278,0,0.6739380955696106,False,"[0.082513, 0.074375, 0.039099, 0.573452, 0.101628, 0.049712, 0.079221]"
Cora,client,42,927,3,MR,attack_member,evaluation,3,1,0.592780590057373,0,0.6739380955696106,False,"[0.022079, 0.011768, 0.010245, 0.913867, 0.026053, 0.008285, 0.007703]"
Cora,client,42,1100,3,MR,attack_member,evaluation,3,1,0.36403730511665344,0,0.6739380955696106,False,"[0.038491, 0.058024, 0.02442, 0.751232, 0.036602, 0.059615, 0.031616]"
Cora,client,42,1166,3,MR,attack_member,evaluation,3,1,0.5917997360229492,0,0.6739380955696106,False,"[0.023225, 0.011612, 0.011162, 0.91649, 0.02199, 0.007867, 0.007654]"
Cora,client,42,1299,3,MR,attack_member,evaluation,3,1,0.5555232167243958,0,0.6739380955696106,False,"[0.014726, 0.025936, 0.0164, 0.896805, 0.01903, 0.021932, 0.00517]"
Cora,client,42,1316,3,MR,attack_member,evaluation,3,1,0.612632691860199,0,0.6739380955696106,False,"[0.020424, 0.006217, 0.008033, 0.937315, 0.016666, 0.004857, 0.006488]"
Cora,client,42,1868,3,MR,attack_member,evaluation,3,1,0.424735963344574,0,0.6739380955696106,False,"[0.035758, 0.018915, 0.04407, 0.811475, 0.047326, 0.018482, 0.023974]"
Cora,client,42,1876,3,MR,attack_member,evaluation,3,1,0.5456907153129578,0,0.6739380955696106,False,"[0.025678, 0.024218, 0.015515, 0.865635, 0.042814, 0.017552, 0.008588]"
Cora,client,42,2028,3,MR,attack_member,evaluation,3,1,0.07231400161981583,0,0.6739380955696106,False,"[0.128257, 0.02602, 0.052832, 0.480699, 0.104997, 0.131037, 0.076158]"
Cora,client,42,541,3,MR,attack_member,evaluation,5,1,0.6281163096427917,1,0.6212708353996277,False,"[0.003514, 0.001309, 0.00076, 0.000435, 0.000568, 0.99233, 0.001085]"
Cora,client,42,643,3,MR,attack_member,evaluation,5,1,0.6281253099441528,1,0.6212708353996277,False,"[0.002377, 0.007867, 0.001621, 0.004296, 0.001631, 0.977831, 0.004376]"
Cora,client,42,1276,3,MR,attack_member,evaluation,5,1,0.5748884677886963,0,0.6212708353996277,False,"[0.01504, 0.00423, 0.007265, 0.003335, 0.002963, 0.958285, 0.008882]"
Cora,client,42,1313,3,MR,attack_member,evaluation,5,1,0.6341100931167603,1,0.6212708353996277,False,"[0.001684, 0.006368, 0.000932, 0.002546, 0.00104, 0.978558, 0.008871]"
Cora,client,42,1827,3,MR,attack_member,evaluation,5,1,0.5255544185638428,0,0.6212708353996277,False,"[0.031917, 0.01116, 0.00977, 0.008934, 0.003639, 0.916654, 0.017926]"
Cora,client,42,1900,3,MR,attack_member,evaluation,6,1,0.8363605737686157,1,0.7456499338150024,False,"[0.014773, 0.00503, 0.009866, 0.00755, 0.007448, 0.025993, 0.929341]"
Cora,client,42,2491,3,MR,attack_member,evaluation,5,1,0.6216250061988831,1,0.6212708353996277,False,"[0.00499, 0.015539, 0.002764, 0.007989, 0.003056, 0.959581, 0.00608]"
Cora,client,42,2608,3,MR,attack_member,evaluation,6,1,0.8708680868148804,1,0.7456499338150024,False,"[0.002145, 0.000811, 0.0017, 0.001754, 0.001815, 0.003591, 0.988185]"
Cora,client,42,1111,3,MR,attack_member,evaluation,4,1,0.23873917758464813,0,0.7088910341262817,False,"[0.077631, 0.02559, 0.051481, 0.308198, 0.446946, 0.049396, 0.040757]"
Cora,client,42,1324,3,MR,attack_member,evaluation,5,1,0.385932058095932,0,0.6212708353996277,False,"[0.138557, 0.008374, 0.01951, 0.063824, 0.1998, 0.517929, 0.052005]"
Cora,client,42,1400,3,MR,attack_member,evaluation,3,1,0.6754516363143921,1,0.6739380955696106,False,"[0.000641, 0.000119, 0.000267, 0.997974, 0.000452, 0.000264, 0.000282]"
Cora,client,42,2039,3,MR,attack_member,evaluation,3,1,0.5502604842185974,0,0.6739380955696106,False,"[0.056246, 0.013927, 0.005954, 0.777398, 0.139423, 0.004184, 0.002869]"
Cora,client,42,1569,3,MR,attack_member,evaluation,4,1,0.7009435892105103,0,0.7088910341262817,False,"[0.009297, 0.01337, 0.007793, 0.057841, 0.899514, 0.003267, 0.008918]"
Cora,client,42,67,3,MR,attack_member,evaluation,5,1,0.5960965156555176,0,0.6212708353996277,False,"[0.00833, 0.008649, 0.003266, 0.010994, 0.003065, 0.964374, 0.001322]"
Cora,client,42,114,3,MR,attack_member,evaluation,5,1,0.6867933869361877,1,0.6212708353996277,False,"[0.005727, 0.066192, 0.004074, 0.004796, 0.00285, 0.899413, 0.016949]"
Cora,client,42,393,3,MR,attack_member,evaluation,5,1,0.29760056734085083,0,0.6212708353996277,False,"[0.074509, 0.011338, 0.036999, 0.037968, 0.043455, 0.761172, 0.034558]"
Cora,client,42,661,3,MR,attack_member,evaluation,5,1,0.6312825679779053,1,0.6212708353996277,False,"[0.001049, 0.000269, 0.000678, 0.000662, 0.000452, 0.996015, 0.000875]"
Cora,client,42,1954,3,MR,attack_member,evaluation,5,1,0.5656340718269348,0,0.6212708353996277,False,"[0.018011, 0.004957, 0.005232, 0.013262, 0.010009, 0.944405, 0.004125]"
Cora,client,42,2176,3,MR,attack_member,evaluation,3,1,0.613004207611084,0,0.6739380955696106,False,"[0.015308, 0.010695, 0.011125, 0.914261, 0.041636, 0.002893, 0.004083]"
Cora,client,42,2287,3,MR,attack_member,evaluation,5,1,0.6620240211486816,1,0.6212708353996277,False,"[0.010361, 0.047177, 0.003248, 0.003378, 0.00383, 0.917375, 0.014631]"
Cora,client,42,2664,3,MR,attack_member,evaluation,3,1,0.4079638719558716,0,0.6739380955696106,False,"[0.080451, 0.075587, 0.026173, 0.726644, 0.02815, 0.035864, 0.027132]"
Cora,client,42,2432,3,MR,attack_member,evaluation,4,1,0.6214547157287598,0,0.7088910341262817,False,"[0.035234, 0.000905, 0.00417, 0.021425, 0.931483, 0.006238, 0.000545]"
Cora,client,42,578,4,MR,attack_member,evaluation,5,1,0.2018967866897583,0,0.6212708353996277,False,"[0.149079, 0.038924, 0.015535, 0.069901, 0.010568, 0.660926, 0.055067]"
Cora,client,42,1195,4,MR,attack_member,evaluation,0,1,0.575199544429779,0,0.8464870452880859,False,"[0.655408, 0.018204, 0.015329, 0.11516, 0.031893, 0.063529, 0.100478]"
Cora,client,42,2023,4,MR,attack_member,evaluation,5,1,0.3942740559577942,0,0.6212708353996277,False,"[0.141503, 0.038425, 0.010189, 0.016884, 0.043875, 0.333867, 0.415258]"
Cora,client,42,2099,4,MR,attack_member,evaluation,0,1,0.4053633213043213,0,0.8464870452880859,False,"[0.482568, 0.01952, 0.034074, 0.272356, 0.062347, 0.044986, 0.084148]"
Cora,client,42,2185,4,MR,attack_member,evaluation,5,1,0.5857219099998474,0,0.6212708353996277,False,"[0.015527, 0.012648, 0.006266, 0.008166, 0.007868, 0.940852, 0.008673]"
Cora,client,42,2405,4,MR,attack_member,evaluation,3,1,0.009651757776737213,0,0.6739380955696106,False,"[0.063202, 0.07372, 0.027625, 0.309569, 0.028487, 0.353291, 0.144107]"
Cora,client,42,196,4,MR,attack_member,evaluation,4,1,0.6858367919921875,0,0.7088910341262817,False,"[0.01469, 0.054567, 0.028944, 0.097433, 0.775177, 0.008409, 0.02078]"
Cora,client,42,442,4,MR,attack_member,evaluation,4,1,0.715650200843811,1,0.7088910341262817,False,"[0.001221, 0.005718, 0.003452, 0.021166, 0.966142, 0.000615, 0.001687]"
Cora,client,42,638,4,MR,attack_member,evaluation,4,1,0.6652401685714722,0,0.7088910341262817,False,"[0.002754, 0.00792, 0.011551, 0.025474, 0.945197, 0.005224, 0.001881]"
Cora,client,42,879,4,MR,attack_member,evaluation,3,1,0.5742595791816711,0,0.6739380955696106,False,"[0.015587, 0.04214, 0.016305, 0.821094, 0.084437, 0.007993, 0.012445]"
Cora,client,42,1202,4,MR,attack_member,evaluation,4,1,0.7183808088302612,1,0.7088910341262817,False,"[0.001299, 0.001818, 0.003188, 0.001567, 0.989912, 0.000661, 0.001555]"
Cora,client,42,2524,4,MR,attack_member,evaluation,4,1,0.7132998704910278,1,0.7088910341262817,False,"[0.003607, 0.003061, 0.005185, 0.002936, 0.980244, 0.001365, 0.003603]"
Cora,client,42,253,4,MR,attack_member,evaluation,3,1,0.6110397577285767,0,0.6739380955696106,False,"[0.012345, 0.00945, 0.009798, 0.928068, 0.02834, 0.006111, 0.005889]"
Cora,client,42,352,4,MR,attack_member,evaluation,3,1,0.6006390452384949,0,0.6739380955696106,False,"[0.009271, 0.007041, 0.010587, 0.943024, 0.012342, 0.010659, 0.007075]"
Cora,client,42,892,4,MR,attack_member,evaluation,3,1,0.5428102016448975,0,0.6739380955696106,False,"[0.01863, 0.014561, 0.015446, 0.890181, 0.027694, 0.017102, 0.016386]"
Cora,client,42,1934,4,MR,attack_member,evaluation,3,1,0.5743376612663269,0,0.6739380955696106,False,"[0.026705, 0.017956, 0.013213, 0.877839, 0.045652, 0.007356, 0.011279]"
Cora,client,42,1939,4,MR,attack_member,evaluation,3,1,0.5990483164787292,0,0.6739380955696106,False,"[0.015631, 0.018214, 0.007188, 0.931544, 0.008158, 0.01674, 0.002525]"
Cora,client,42,1087,4,MR,attack_member,evaluation,4,1,0.668366014957428,0,0.7088910341262817,False,"[0.034844, 0.029422, 0.030536, 0.023876, 0.832377, 0.015581, 0.033365]"
Cora,client,42,1653,4,MR,attack_member,evaluation,4,1,0.7128814458847046,1,0.7088910341262817,False,"[0.008771, 0.005747, 0.005927, 0.009916, 0.958025, 0.004287, 0.007326]"
Cora,client,42,269,4,MR,attack_member,evaluation,3,1,0.6411367058753967,0,0.6739380955696106,False,"[0.006415, 0.001079, 0.004841, 0.974165, 0.005486, 0.004404, 0.003609]"
Cora,client,42,1228,4,MR,attack_member,evaluation,0,1,0.7020453810691833,0,0.8464870452880859,False,"[0.825037, 0.007978, 0.016537, 0.06583, 0.045786, 0.023585, 0.015249]"
Cora,client,42,2246,4,MR,attack_member,evaluation,0,1,0.24115274846553802,0,0.8464870452880859,False,"[0.15735, 0.003781, 0.004738, 0.813036, 0.012174, 0.003446, 0.005475]"
Cora,client,42,2534,4,MR,attack_member,evaluation,3,1,0.6541506052017212,0,0.6739380955696106,False,"[0.003477, 0.00407, 0.001744, 0.976846, 0.006709, 0.004471, 0.002683]"
Cora,client,42,1307,4,MR,attack_member,evaluation,4,1,0.5456903576850891,0,0.7088910341262817,False,"[0.00615, 0.00047, 0.030193, 0.001498, 0.959445, 0.001582, 0.000661]"
Cora,client,42,1728,4,MR,attack_member,evaluation,3,1,0.5931159257888794,0,0.6739380955696106,False,"[0.010175, 0.015138, 0.012546, 0.919793, 0.025953, 0.012639, 0.003756]"
Cora,client,42,2601,4,MR,attack_member,evaluation,3,1,0.636583685874939,0,0.6739380955696106,False,"[0.007275, 0.008778, 0.005354, 0.964432, 0.004049, 0.007113, 0.002999]"
Cora,client,42,551,4,MR,attack_member,evaluation,6,1,0.4974183440208435,0,0.7456499338150024,False,"[0.018205, 0.114925, 0.020606, 0.048018, 0.030893, 0.144426, 0.622927]"
Cora,client,42,1188,4,MR,attack_member,evaluation,0,1,0.7920646667480469,0,0.8464870452880859,False,"[0.91614, 0.005388, 0.009549, 0.023674, 0.013977, 0.016449, 0.014823]"
Cora,client,42,2329,4,MR,attack_member,evaluation,1,1,0.6999586224555969,0,0.7180246114730835,False,"[0.00297, 0.975818, 0.000908, 0.010295, 0.006906, 0.002611, 0.000492]"
Cora,client,42,2553,4,MR,attack_member,evaluation,5,1,0.28331729769706726,0,0.6212708353996277,False,"[0.106343, 0.059833, 0.038195, 0.038562, 0.032741, 0.655013, 0.069314]"
Cora,client,42,2118,4,MR,attack_member,evaluation,3,1,0.5332224369049072,0,0.6739380955696106,False,"[0.04828, 0.022102, 0.018305, 0.863366, 0.025688, 0.012417, 0.009843]"
Cora,client,42,2625,4,MR,attack_member,evaluation,3,1,0.6748181581497192,1,0.6739380955696106,False,"[9.1e-05, 0.000142, 0.000739, 0.997899, 0.000659, 0.000293, 0.000177]"
Cora,client,42,103,1,MR,attack_nonmember,evaluation,1,0,0.7729821801185608,1,0.7180246114730835,False,"[0.011645, 0.924493, 0.004349, 0.014044, 0.008981, 0.026356, 0.010132]"
Cora,client,42,124,1,MR,attack_nonmember,evaluation,1,0,0.5829651355743408,0,0.7180246114730835,False,"[0.043491, 0.805229, 0.00598, 0.061691, 0.022227, 0.041603, 0.01978]"
Cora,client,42,126,1,MR,attack_nonmember,evaluation,1,0,0.4224684536457062,0,0.7180246114730835,False,"[0.017936, 0.817629, 0.008064, 0.112183, 0.007368, 0.023889, 0.012931]"
Cora,client,42,139,1,MR,attack_nonmember,evaluation,1,0,0.7519591450691223,1,0.7180246114730835,False,"[0.008935, 0.957707, 0.001992, 0.007466, 0.004364, 0.015469, 0.004066]"
Cora,client,42,176,1,MR,attack_nonmember,evaluation,1,0,0.027262071147561073,0,0.7180246114730835,False,"[0.086824, 0.211815, 0.058973, 0.386993, 0.094978, 0.112154, 0.048263]"
Cora,client,42,215,1,MR,attack_nonmember,evaluation,3,0,0.4716213345527649,0,0.6739380955696106,False,"[0.044724, 0.238928, 0.037296, 0.562382, 0.041342, 0.045638, 0.02969]"
Cora,client,42,329,1,MR,attack_nonmember,evaluation,1,0,0.3458862006664276,0,0.7180246114730835,False,"[0.067251, 0.723185, 0.022754, 0.11936, 0.012958, 0.03084, 0.023651]"
Cora,client,42,426,1,MR,attack_nonmember,evaluation,1,0,0.7605537176132202,1,0.7180246114730835,False,"[0.014739, 0.915397, 0.005688, 0.018386, 0.008173, 0.025574, 0.012042]"
Cora,client,42,476,1,MR,attack_nonmember,evaluation,1,0,0.01840708777308464,0,0.7180246114730835,False,"[0.549557, 0.239766, 0.017386, 0.016122, 0.021196, 0.146591, 0.009382]"
Cora,client,42,519,1,MR,attack_nonmember,evaluation,1,0,0.46964386105537415,0,0.7180246114730835,False,"[0.033614, 0.581028, 0.019155, 0.197153, 0.030148, 0.125778, 0.013124]"
Cora,client,42,532,1,MR,attack_nonmember,evaluation,3,0,0.6372964978218079,0,0.6739380955696106,False,"[0.012023, 0.007519, 0.002886, 0.957588, 0.010681, 0.00661, 0.002693]"
Cora,client,42,556,1,MR,attack_nonmember,evaluation,1,0,0.9019597172737122,1,0.7180246114730835,False,"[0.0906, 0.520046, 0.033516, 0.082958, 0.04388, 0.160933, 0.068066]"
Cora,client,42,608,1,MR,attack_nonmember,evaluation,1,0,0.805517315864563,1,0.7180246114730835,False,"[0.025189, 0.811055, 0.011406, 0.043863, 0.019477, 0.063715, 0.025295]"
Cora,client,42,695,1,MR,attack_nonmember,evaluation,3,0,0.2680482864379883,0,0.6739380955696106,False,"[0.098839, 0.2109, 0.021985, 0.323741, 0.232673, 0.086793, 0.025068]"
Cora,client,42,869,1,MR,attack_nonmember,evaluation,3,0,0.6621353626251221,0,0.6739380955696106,False,"[0.003375, 0.001201, 0.00237, 0.987053, 0.003016, 0.001686, 0.001299]"
Cora,client,42,887,1,MR,attack_nonmember,evaluation,1,0,0.6361017227172852,0,0.7180246114730835,False,"[0.054288, 0.789079, 0.009804, 0.035472, 0.044824, 0.046215, 0.020318]"
Cora,client,42,980,1,MR,attack_nonmember,evaluation,1,0,0.583899199962616,0,0.7180246114730835,False,"[0.042571, 0.768624, 0.012276, 0.020778, 0.100174, 0.037571, 0.018005]"
Cora,client,42,1142,1,MR,attack_nonmember,evaluation,1,0,0.9775146245956421,1,0.7180246114730835,False,"[0.158662, 0.284662, 0.044031, 0.085535, 0.053807, 0.311512, 0.061792]"
Cora,client,42,1251,1,MR,attack_nonmember,evaluation,1,0,0.730012059211731,1,0.7180246114730835,False,"[0.030766, 0.79348, 0.008551, 0.05603, 0.026503, 0.06349, 0.02118]"
Cora,client,42,1560,1,MR,attack_nonmember,evaluation,1,0,0.705674409866333,0,0.7180246114730835,False,"[0.040958, 0.794481, 0.012886, 0.047889, 0.029295, 0.054269, 0.020222]"
Cora,client,42,1780,1,MR,attack_nonmember,evaluation,1,0,0.7983720898628235,1,0.7180246114730835,False,"[0.017803, 0.879163, 0.00789, 0.021619, 0.01524, 0.042875, 0.015409]"
Cora,client,42,1781,1,MR,attack_nonmember,evaluation,1,0,0.8005393147468567,1,0.7180246114730835,False,"[0.016205, 0.885944, 0.008746, 0.024918, 0.008894, 0.043436, 0.011858]"
Cora,client,42,1782,1,MR,attack_nonmember,evaluation,1,0,0.7486254572868347,1,0.7180246114730835,False,"[0.009523, 0.932685, 0.003748, 0.019983, 0.00455, 0.022641, 0.00687]"
Cora,client,42,1783,1,MR,attack_nonmember,evaluation,1,0,0.2949408292770386,0,0.7180246114730835,False,"[0.146713, 0.563544, 0.019493, 0.105729, 0.045561, 0.079394, 0.039566]"
Cora,client,42,1804,1,MR,attack_nonmember,evaluation,2,0,0.45543769001960754,0,0.9013515114784241,False,"[0.081978, 0.510573, 0.046575, 0.127918, 0.039384, 0.107156, 0.086416]"
Cora,client,42,1805,1,MR,attack_nonmember,evaluation,1,0,0.8402701020240784,1,0.7180246114730835,False,"[0.037584, 0.780788, 0.014398, 0.043774, 0.014696, 0.078799, 0.029961]"
Cora,client,42,1863,1,MR,attack_nonmember,evaluation,3,0,0.6372964978218079,0,0.6739380955696106,False,"[0.012023, 0.007519, 0.002886, 0.957588, 0.010681, 0.00661, 0.002693]"
Cora,client,42,1878,1,MR,attack_nonmember,evaluation,5,0,0.3284170925617218,0,0.6212708353996277,False,"[0.08988, 0.021065, 0.023102, 0.058637, 0.068319, 0.697096, 0.041901]"
Cora,client,42,2082,1,MR,attack_nonmember,evaluation,1,0,0.6488710045814514,0,0.7180246114730835,False,"[0.104494, 0.500041, 0.04398, 0.102551, 0.083385, 0.116748, 0.048801]"
Cora,client,42,2096,1,MR,attack_nonmember,evaluation,1,0,0.07339441031217575,0,0.7180246114730835,False,"[0.03889, 0.535155, 0.020927, 0.28078, 0.037962, 0.059849, 0.026438]"
Cora,client,42,2143,1,MR,attack_nonmember,evaluation,1,0,0.7160987257957458,0,0.7180246114730835,False,"[0.040337, 0.708729, 0.015499, 0.053152, 0.076207, 0.077783, 0.028293]"
Cora,client,42,2251,1,MR,attack_nonmember,evaluation,1,0,0.42033469676971436,0,0.7180246114730835,False,"[0.029249, 0.643485, 0.011194, 0.048032, 0.188212, 0.057546, 0.022282]"
Cora,client,42,2328,1,MR,attack_nonmember,evaluation,1,0,0.14052967727184296,0,0.7180246114730835,False,"[0.181788, 0.481116, 0.03208, 0.130506, 0.059736, 0.059777, 0.054996]"
Cora,client,42,57,1,MR,attack_nonmember,evaluation,3,0,0.03900560364127159,0,0.6739380955696106,False,"[0.605394, 0.027556, 0.056112, 0.165021, 0.066439, 0.060657, 0.018822]"
Cora,client,42,146,1,MR,attack_nonmember,evaluation,0,0,0.6812831163406372,0,0.8464870452880859,False,"[0.846462, 0.010124, 0.024351, 0.040759, 0.030409, 0.034694, 0.013201]"
Cora,client,42,149,1,MR,attack_nonmember,evaluation,0,0,0.4670964777469635,0,0.8464870452880859,False,"[0.630165, 0.019428, 0.036563, 0.208324, 0.040782, 0.037702, 0.027036]"
Cora,client,42,415,1,MR,attack_nonmember,evaluation,0,0,0.594188392162323,0,0.8464870452880859,False,"[0.862301, 0.002006, 0.004671, 0.006663, 0.007982, 0.104866, 0.01151]"
Cora,client,42,593,1,MR,attack_nonmember,evaluation,4,0,0.021601159125566483,0,0.7088910341262817,False,"[0.510478, 0.007923, 0.021033, 0.0309, 0.387639, 0.018905, 0.023121]"
Cora,client,42,697,1,MR,attack_nonmember,evaluation,3,0,0.34034305810928345,0,0.6739380955696106,False,"[0.17825, 0.011927, 0.02672, 0.714329, 0.034363, 0.017856, 0.016555]"
Cora,client,42,718,1,MR,attack_nonmember,evaluation,0,0,0.726449191570282,0,0.8464870452880859,False,"[0.833402, 0.002663, 0.009612, 0.012505, 0.113347, 0.015282, 0.01319]"
Cora,client,42,1027,1,MR,attack_nonmember,evaluation,6,0,0.06238950788974762,0,0.7456499338150024,False,"[0.614886, 0.0243, 0.046877, 0.076334, 0.08907, 0.076677, 0.071857]"
Cora,client,42,1085,1,MR,attack_nonmember,evaluation,6,0,0.22670340538024902,0,0.7456499338150024,False,"[0.196661, 0.04924, 0.055547, 0.097484, 0.076307, 0.107798, 0.416963]"
Cora,client,42,1220,1,MR,attack_nonmember,evaluation,0,0,0.4279465675354004,0,0.8464870452880859,False,"[0.731925, 0.02583, 0.015568, 0.034115, 0.102267, 0.076991, 0.013303]"
Cora,client,42,1403,1,MR,attack_nonmember,evaluation,3,0,0.08604167401790619,0,0.6739380955696106,False,"[0.237306, 0.045017, 0.023141, 0.395725, 0.124407, 0.113698, 0.060705]"
Cora,client,42,1527,1,MR,attack_nonmember,evaluation,0,0,0.1150505542755127,0,0.8464870452880859,False,"[0.621048, 0.024178, 0.022304, 0.010769, 0.021521, 0.253385, 0.046795]"
Cora,client,42,1671,1,MR,attack_nonmember,evaluation,4,0,0.08410429954528809,0,0.7088910341262817,False,"[0.156425, 0.003803, 0.009313, 0.762618, 0.040579, 0.008817, 0.018445]"
Cora,client,42,1905,1,MR,attack_nonmember,evaluation,0,0,0.07790647447109222,0,0.8464870452880859,False,"[0.191064, 0.068478, 0.058879, 0.280847, 0.16307, 0.095597, 0.142065]"
Cora,client,42,1975,1,MR,attack_nonmember,evaluation,6,0,0.5241274833679199,0,0.7456499338150024,False,"[0.08017, 0.024861, 0.031648, 0.074266, 0.040792, 0.081655, 0.666608]"
Cora,client,42,1983,1,MR,attack_nonmember,evaluation,0,0,0.2110544741153717,0,0.8464870452880859,False,"[0.468471, 0.022147, 0.044604, 0.045755, 0.290163, 0.076141, 0.052719]"
Cora,client,42,2018,1,MR,attack_nonmember,evaluation,0,0,0.6811956763267517,0,0.8464870452880859,False,"[0.830858, 0.014908, 0.015379, 0.045232, 0.021845, 0.040322, 0.031455]"
Cora,client,42,2020,1,MR,attack_nonmember,evaluation,4,0,0.010534045286476612,0,0.7088910341262817,False,"[0.54796, 0.028855, 0.05391, 0.05545, 0.155701, 0.091543, 0.06658]"
Cora,client,42,2116,1,MR,attack_nonmember,evaluation,0,0,0.2775103449821472,0,0.8464870452880859,False,"[0.629185, 0.050323, 0.03927, 0.08266, 0.089335, 0.075681, 0.033545]"
Cora,client,42,2309,1,MR,attack_nonmember,evaluation,3,0,0.04705231636762619,0,0.6739380955696106,False,"[0.311223, 0.012904, 0.027456, 0.235708, 0.203578, 0.106542, 0.102589]"
Cora,client,42,2343,1,MR,attack_nonmember,evaluation,3,0,0.4174145758152008,0,0.6739380955696106,False,"[0.061987, 0.011886, 0.019506, 0.818545, 0.025881, 0.031571, 0.030624]"
Cora,client,42,2397,1,MR,attack_nonmember,evaluation,6,0,0.07508005201816559,0,0.7456499338150024,False,"[0.489817, 0.035052, 0.065956, 0.10963, 0.087911, 0.064313, 0.147322]"
Cora,client,42,2418,1,MR,attack_nonmember,evaluation,0,0,0.6699863076210022,0,0.8464870452880859,False,"[0.830876, 0.016467, 0.023829, 0.062758, 0.039843, 0.020062, 0.006167]"
Cora,client,42,2428,1,MR,attack_nonmember,evaluation,5,0,0.02992849238216877,0,0.6212708353996277,False,"[0.196682, 0.074271, 0.043216, 0.265743, 0.095544, 0.24825, 0.076294]"
Cora,client,42,2467,1,MR,attack_nonmember,evaluation,6,0,0.06357017159461975,0,0.7456499338150024,False,"[0.045663, 0.018035, 0.056833, 0.09379, 0.073313, 0.664163, 0.048202]"
Cora,client,42,155,1,MR,attack_nonmember,evaluation,2,0,0.9736359715461731,1,0.9013515114784241,False,"[0.169604, 0.036623, 0.072383, 0.119832, 0.112764, 0.454566, 0.034227]"
Cora,client,42,1877,1,MR,attack_nonmember,evaluation,3,0,0.5343445539474487,0,0.6739380955696106,False,"[0.016831, 0.021845, 0.015048, 0.888752, 0.017913, 0.023143, 0.016469]"
Cora,client,42,2454,1,MR,attack_nonmember,evaluation,6,0,0.008129567839205265,0,0.7456499338150024,False,"[0.053769, 0.031687, 0.020434, 0.519679, 0.137879, 0.179268, 0.057282]"
Cora,client,42,2058,1,MR,attack_nonmember,evaluation,5,0,0.05534319952130318,0,0.6212708353996277,False,"[0.029933, 0.026072, 0.151847, 0.050595, 0.037302, 0.688751, 0.0155]"
Cora,client,42,2701,1,MR,attack_nonmember,evaluation,3,0,0.6533921957015991,0,0.6739380955696106,False,"[0.00404, 0.001124, 0.002575, 0.982342, 0.004889, 0.00447, 0.000561]"
Cora,client,42,2526,1,MR,attack_nonmember,evaluation,4,0,0.6996768712997437,0,0.7088910341262817,False,"[0.01155, 0.000982, 0.002312, 0.021712, 0.959091, 0.000944, 0.003409]"
Cora,client,42,677,1,MR,attack_nonmember,evaluation,4,0,0.2959572672843933,0,0.7088910341262817,False,"[0.057404, 0.007075, 0.02208, 0.060153, 0.709715, 0.127714, 0.01586]"
Cora,client,42,181,2,MR,attack_nonmember,evaluation,6,0,0.5494996905326843,0,0.7456499338150024,False,"[0.025947, 0.03922, 0.024399, 0.066629, 0.050892, 0.101686, 0.691227]"
Cora,client,42,262,2,MR,attack_nonmember,evaluation,6,0,0.5165882706642151,0,0.7456499338150024,False,"[0.028489, 0.040992, 0.033378, 0.040318, 0.04745, 0.184966, 0.624407]"
Cora,client,42,414,2,MR,attack_nonmember,evaluation,6,0,0.33449864387512207,0,0.7456499338150024,False,"[0.112838, 0.078555, 0.042182, 0.033734, 0.040759, 0.24469, 0.447242]"
Cora,client,42,451,2,MR,attack_nonmember,evaluation,5,0,0.5820026993751526,0,0.6212708353996277,False,"[0.01756, 0.003554, 0.004143, 0.004098, 0.002307, 0.950451, 0.017887]"
Cora,client,42,671,2,MR,attack_nonmember,evaluation,5,0,0.5370169878005981,0,0.6212708353996277,False,"[0.035074, 0.004348, 0.007179, 0.004002, 0.005806, 0.92111, 0.02248]"
Cora,client,42,822,2,MR,attack_nonmember,evaluation,5,0,0.04248984530568123,0,0.6212708353996277,False,"[0.295766, 0.072201, 0.063867, 0.079235, 0.060275, 0.202477, 0.22618]"
Cora,client,42,1152,2,MR,attack_nonmember,evaluation,0,0,0.10251571983098984,0,0.8464870452880859,False,"[0.273713, 0.020629, 0.047013, 0.021094, 0.588953, 0.03106, 0.017537]"
Cora,client,42,1351,2,MR,attack_nonmember,evaluation,6,0,0.7622168064117432,1,0.7456499338150024,False,"[0.053369, 0.009328, 0.015406, 0.010438, 0.016091, 0.068685, 0.826683]"
Cora,client,42,1464,2,MR,attack_nonmember,evaluation,6,0,0.7928239107131958,1,0.7456499338150024,False,"[0.014334, 0.014298, 0.007635, 0.013731, 0.013194, 0.064426, 0.872382]"
Cora,client,42,1592,2,MR,attack_nonmember,evaluation,6,0,0.42915788292884827,0,0.7456499338150024,False,"[0.122519, 0.056209, 0.038423, 0.042434, 0.040996, 0.151637, 0.547781]"
Cora,client,42,1616,2,MR,attack_nonmember,evaluation,6,0,0.5288219451904297,0,0.7456499338150024,False,"[0.108598, 0.035151, 0.022283, 0.029701, 0.029012, 0.158556, 0.616698]"
Cora,client,42,1792,2,MR,attack_nonmember,evaluation,3,0,0.017213374376296997,0,0.6739380955696106,False,"[0.282698, 0.110834, 0.04696, 0.163593, 0.052757, 0.217352, 0.125805]"
Cora,client,42,1849,2,MR,attack_nonmember,evaluation,6,0,0.6449025869369507,0,0.7456499338150024,False,"[0.081002, 0.031811, 0.03111, 0.019611, 0.04316, 0.069204, 0.724103]"
Cora,client,42,1915,2,MR,attack_nonmember,evaluation,6,0,0.497383177280426,0,0.7456499338150024,False,"[0.067351, 0.028316, 0.02257, 0.035373, 0.028343, 0.228959, 0.589088]"
Cora,client,42,2010,2,MR,attack_nonmember,evaluation,0,0,0.07851770520210266,0,0.8464870452880859,False,"[0.372098, 0.01754, 0.037195, 0.133436, 0.138438, 0.215138, 0.086155]"
Cora,client,42,2070,2,MR,attack_nonmember,evaluation,0,0,0.39822322130203247,0,0.8464870452880859,False,"[0.673215, 0.044486, 0.028828, 0.077236, 0.049466, 0.069598, 0.05717]"
Cora,client,42,2134,2,MR,attack_nonmember,evaluation,6,0,0.4922170042991638,0,0.7456499338150024,False,"[0.077136, 0.032312, 0.048142, 0.048649, 0.060376, 0.115524, 0.617861]"
Cora,client,42,2189,2,MR,attack_nonmember,evaluation,0,0,0.5542733669281006,0,0.8464870452880859,False,"[0.445484, 0.035434, 0.016446, 0.033989, 0.039884, 0.109413, 0.319349]"
Cora,client,42,2417,2,MR,attack_nonmember,evaluation,4,0,0.5155525207519531,0,0.7088910341262817,False,"[0.055112, 0.005094, 0.020231, 0.019793, 0.882856, 0.010011, 0.006903]"
Cora,client,42,2436,2,MR,attack_nonmember,evaluation,4,0,0.16339169442653656,0,0.7088910341262817,False,"[0.088701, 0.061306, 0.04243, 0.139357, 0.105499, 0.435438, 0.12727]"
Cora,client,42,13,2,MR,attack_nonmember,evaluation,3,0,0.20412816107273102,0,0.6739380955696106,False,"[0.104738, 0.080165, 0.059735, 0.536124, 0.109272, 0.054963, 0.055003]"
Cora,client,42,104,2,MR,attack_nonmember,evaluation,1,0,0.510817289352417,0,0.7180246114730835,False,"[0.016621, 0.733493, 0.035698, 0.142906, 0.012565, 0.041468, 0.01725]"
Cora,client,42,224,2,MR,attack_nonmember,evaluation,4,0,0.16360199451446533,0,0.7088910341262817,False,"[0.050135, 0.042593, 0.038201, 0.6477, 0.165849, 0.034981, 0.020541]"
Cora,client,42,383,2,MR,attack_nonmember,evaluation,3,0,0.21108070015907288,0,0.6739380955696106,False,"[0.11053, 0.038559, 0.044626, 0.24492, 0.511845, 0.026687, 0.022832]"
Cora,client,42,618,2,MR,attack_nonmember,evaluation,3,0,0.18291525542736053,0,0.6739380955696106,False,"[0.163764, 0.016459, 0.014097, 0.479773, 0.211112, 0.066079, 0.048715]"
Cora,client,42,994,2,MR,attack_nonmember,evaluation,3,0,0.2945456802845001,0,0.6739380955696106,False,"[0.128133, 0.010464, 0.03057, 0.645598, 0.119018, 0.027862, 0.038354]"
Cora,client,42,1020,2,MR,attack_nonmember,evaluation,3,0,0.5300785303115845,0,0.6739380955696106,False,"[0.008909, 0.077512, 0.019926, 0.791908, 0.04591, 0.021835, 0.034]"
Cora,client,42,1160,2,MR,attack_nonmember,evaluation,3,0,0.31534314155578613,0,0.6739380955696106,False,"[0.129777, 0.049278, 0.038944, 0.461423, 0.292613, 0.009819, 0.018146]"
Cora,client,42,1590,2,MR,attack_nonmember,evaluation,3,0,0.18484677374362946,0,0.6739380955696106,False,"[0.203927, 0.057614, 0.066109, 0.330661, 0.299533, 0.013979, 0.028178]"
Cora,client,42,1591,2,MR,attack_nonmember,evaluation,3,0,0.674927294254303,1,0.6739380955696106,False,"[0.000224, 0.00088, 0.000635, 0.996025, 0.001778, 0.000341, 0.000117]"
Cora,client,42,1621,2,MR,attack_nonmember,evaluation,3,0,0.1386517882347107,0,0.6739380955696106,False,"[0.073582, 0.035164, 0.062913, 0.232299, 0.499473, 0.057258, 0.039311]"
Cora,client,42,1820,2,MR,attack_nonmember,evaluation,3,0,0.33994266390800476,0,0.6739380955696106,False,"[0.045049, 0.033538, 0.025274, 0.771431, 0.032993, 0.061452, 0.030263]"
Cora,client,42,1821,2,MR,attack_nonmember,evaluation,3,0,0.27916279435157776,0,0.6739380955696106,False,"[0.076962, 0.055959, 0.067863, 0.695887, 0.030793, 0.03854, 0.033997]"
Cora,client,42,2097,2,MR,attack_nonmember,evaluation,0,0,0.01658419519662857,0,0.8464870452880859,False,"[0.406228, 0.081555, 0.036104, 0.03579, 0.106612, 0.291557, 0.042154]"
Cora,client,42,2231,2,MR,attack_nonmember,evaluation,0,0,0.2910899519920349,0,0.8464870452880859,False,"[0.548389, 0.033219, 0.042478, 0.08076, 0.24466, 0.031144, 0.01935]"
Cora,client,42,2301,2,MR,attack_nonmember,evaluation,3,0,0.2767511308193207,0,0.6739380955696106,False,"[0.080984, 0.041973, 0.056199, 0.596518, 0.163426, 0.034652, 0.026247]"
Cora,client,42,2302,2,MR,attack_nonmember,evaluation,3,0,0.2914053499698639,0,0.6739380955696106,False,"[0.089604, 0.025141, 0.03535, 0.472006, 0.330904, 0.024601, 0.022394]"
Cora,client,42,2306,2,MR,attack_nonmember,evaluation,4,0,0.24375636875629425,0,0.7088910341262817,False,"[0.009986, 0.00682, 0.006175, 0.771594, 0.195426, 0.002194, 0.007806]"
Cora,client,42,2361,2,MR,attack_nonmember,evaluation,3,0,0.3794141709804535,0,0.6739380955696106,False,"[0.035466, 0.005311, 0.029664, 0.834113, 0.029858, 0.048821, 0.016768]"
Cora,client,42,2406,2,MR,attack_nonmember,evaluation,3,0,0.3769799470901489,0,0.6739380955696106,False,"[0.045663, 0.027674, 0.018002, 0.335248, 0.558983, 0.005633, 0.008797]"
Cora,client,42,2578,2,MR,attack_nonmember,evaluation,0,0,0.15280500054359436,0,0.8464870452880859,False,"[0.192592, 0.017833, 0.012441, 0.647656, 0.027152, 0.067168, 0.035158]"
Cora,client,42,667,2,MR,attack_nonmember,evaluation,0,0,0.05423017591238022,0,0.8464870452880859,False,"[0.385509, 0.130896, 0.028547, 0.097158, 0.135347, 0.117539, 0.105005]"
Cora,client,42,707,2,MR,attack_nonmember,evaluation,0,0,0.013946612365543842,0,0.8464870452880859,False,"[0.072319, 0.060741, 0.178924, 0.055227, 0.331286, 0.164004, 0.137499]"
Cora,client,42,1204,2,MR,attack_nonmember,evaluation,1,0,0.00024989162920974195,0,0.7180246114730835,False,"[0.771867, 0.0515, 0.024683, 0.025383, 0.042002, 0.047609, 0.036957]"
Cora,client,42,1330,2,MR,attack_nonmember,evaluation,0,0,0.18707014620304108,0,0.8464870452880859,False,"[0.483826, 0.07527, 0.081125, 0.054628, 0.129922, 0.061822, 0.113407]"
Cora,client,42,1540,2,MR,attack_nonmember,evaluation,0,0,0.6461099982261658,0,0.8464870452880859,False,"[0.822809, 0.022371, 0.017574, 0.023326, 0.058978, 0.031868, 0.023073]"
Cora,client,42,1695,2,MR,attack_nonmember,evaluation,0,0,0.7069559693336487,0,0.8464870452880859,False,"[0.875248, 0.009736, 0.017903, 0.026115, 0.021315, 0.037115, 0.012569]"
Cora,client,42,1838,2,MR,attack_nonmember,evaluation,0,0,0.7012605667114258,0,0.8464870452880859,False,"[0.884544, 0.014116, 0.008837, 0.012216, 0.019946, 0.044483, 0.015858]"
Cora,client,42,1921,2,MR,attack_nonmember,evaluation,0,0,0.7447986602783203,0,0.8464870452880859,False,"[0.91709, 0.018205, 0.005675, 0.015908, 0.014922, 0.022781, 0.005417]"
Cora,client,42,2051,2,MR,attack_nonmember,evaluation,0,0,0.24021396040916443,0,0.8464870452880859,False,"[0.57056, 0.052916, 0.019629, 0.123242, 0.039908, 0.116757, 0.076988]"
Cora,client,42,2073,2,MR,attack_nonmember,evaluation,0,0,0.5307514667510986,0,0.8464870452880859,False,"[0.788457, 0.036918, 0.029431, 0.04532, 0.0463, 0.038792, 0.014783]"
Cora,client,42,2198,2,MR,attack_nonmember,evaluation,0,0,0.7015722990036011,0,0.8464870452880859,False,"[0.886361, 0.019687, 0.010371, 0.014465, 0.020619, 0.034729, 0.013767]"
Cora,client,42,2201,2,MR,attack_nonmember,evaluation,0,0,0.08962327241897583,0,0.8464870452880859,False,"[0.423711, 0.114321, 0.062096, 0.066905, 0.118485, 0.091911, 0.122572]"
Cora,client,42,2266,2,MR,attack_nonmember,evaluation,0,0,0.16390277445316315,0,0.8464870452880859,False,"[0.614855, 0.035075, 0.010642, 0.025576, 0.02678, 0.214049, 0.073023]"
Cora,client,42,2511,2,MR,attack_nonmember,evaluation,0,0,0.7096850275993347,0,0.8464870452880859,False,"[0.850858, 0.016603, 0.035386, 0.05584, 0.013214, 0.011225, 0.016875]"
Cora,client,42,2576,2,MR,attack_nonmember,evaluation,0,0,0.8277357816696167,0,0.8464870452880859,False,"[0.969401, 0.004534, 0.00413, 0.005819, 0.00765, 0.00685, 0.001617]"
Cora,client,42,187,2,MR,attack_nonmember,evaluation,4,0,0.6423404812812805,0,0.7088910341262817,False,"[0.004421, 0.00456, 0.01439, 0.027161, 0.947814, 0.00052, 0.001135]"
Cora,client,42,307,2,MR,attack_nonmember,evaluation,6,0,0.005788939539343119,0,0.7456499338150024,False,"[0.150311, 0.018786, 0.047564, 0.600257, 0.125474, 0.021989, 0.035619]"
Cora,client,42,991,2,MR,attack_nonmember,evaluation,6,0,0.005788939539343119,0,0.7456499338150024,False,"[0.150311, 0.018786, 0.047564, 0.600257, 0.125474, 0.021989, 0.035619]"
Cora,client,42,538,2,MR,attack_nonmember,evaluation,4,0,0.585983395576477,0,0.7088910341262817,False,"[0.062547, 0.001215, 0.004357, 0.021175, 0.907303, 0.000576, 0.002827]"
Cora,client,42,2669,2,MR,attack_nonmember,evaluation,3,0,0.6005920171737671,0,0.6739380955696106,False,"[0.008545, 0.002159, 0.002405, 0.959297, 0.00551, 0.020575, 0.001509]"
Cora,client,42,2600,2,MR,attack_nonmember,evaluation,3,0,0.07591592520475388,0,0.6739380955696106,False,"[0.200418, 0.00822, 0.078648, 0.51556, 0.066773, 0.104687, 0.025694]"
Cora,client,42,1005,2,MR,attack_nonmember,evaluation,3,0,0.6470683217048645,0,0.6739380955696106,False,"[0.011153, 0.000881, 0.005009, 0.978256, 0.001679, 0.002462, 0.00056]"
Cora,client,42,1263,2,MR,attack_nonmember,evaluation,2,0,0.6817282438278198,0,0.9013515114784241,False,"[0.008312, 0.066939, 0.102086, 0.1117, 0.181115, 0.365357, 0.16449]"
Cora,client,42,1310,2,MR,attack_nonmember,evaluation,3,0,0.5637495517730713,0,0.6739380955696106,False,"[0.000849, 0.007184, 0.008789, 0.945374, 0.003762, 0.028833, 0.00521]"
Cora,client,42,0,3,MR,attack_nonmember,evaluation,3,0,0.6483796834945679,0,0.6739380955696106,False,"[0.005605, 0.003329, 0.006048, 0.973285, 0.007533, 0.001963, 0.002237]"
Cora,client,42,169,3,MR,attack_nonmember,evaluation,3,0,0.4094124734401703,0,0.6739380955696106,False,"[0.080516, 0.010611, 0.014099, 0.794633, 0.03657, 0.029765, 0.033805]"
Cora,client,42,460,3,MR,attack_nonmember,evaluation,1,0,7.655762601643801e-05,0,0.7180246114730835,False,"[0.055571, 0.109931, 0.035471, 0.72256, 0.02417, 0.033337, 0.018959]"
Cora,client,42,598,3,MR,attack_nonmember,evaluation,3,0,0.6775611639022827,1,0.6739380955696106,False,"[8.6e-05, 2.6e-05, 6e-05, 0.999599, 0.000214, 1e-05, 5e-06]"
Cora,client,42,1126,3,MR,attack_nonmember,evaluation,3,0,0.46625298261642456,0,0.6739380955696106,False,"[0.040388, 0.052214, 0.02974, 0.782211, 0.054584, 0.026044, 0.014819]"
Cora,client,42,1127,3,MR,attack_nonmember,evaluation,3,0,0.16534540057182312,0,0.6739380955696106,False,"[0.148623, 0.051152, 0.050854, 0.426181, 0.2093, 0.04679, 0.067099]"
Cora,client,42,1295,3,MR,attack_nonmember,evaluation,3,0,0.645279586315155,0,0.6739380955696106,False,"[0.009872, 0.004789, 0.003133, 0.955282, 0.022093, 0.002981, 0.001849]"
Cora,client,42,1297,3,MR,attack_nonmember,evaluation,3,0,0.5006681680679321,0,0.6739380955696106,False,"[0.026177, 0.018728, 0.03108, 0.860873, 0.031742, 0.013886, 0.017514]"
Cora,client,42,1315,3,MR,attack_nonmember,evaluation,3,0,0.3812882602214813,0,0.6739380955696106,False,"[0.094068, 0.032716, 0.035834, 0.738583, 0.052643, 0.022487, 0.023669]"
Cora,client,42,1574,3,MR,attack_nonmember,evaluation,3,0,0.410422682762146,0,0.6739380955696106,False,"[0.030007, 0.049811, 0.022468, 0.716768, 0.113148, 0.041002, 0.026795]"
Cora,client,42,1837,3,MR,attack_nonmember,evaluation,3,0,0.5893979072570801,0,0.6739380955696106,False,"[0.012788, 0.023502, 0.015163, 0.915861, 0.014568, 0.012774, 0.005344]"
Cora,client,42,1870,3,MR,attack_nonmember,evaluation,3,0,0.4309481382369995,0,0.6739380955696106,False,"[0.056135, 0.038798, 0.038656, 0.770824, 0.056671, 0.018994, 0.019922]"
Cora,client,42,1893,3,MR,attack_nonmember,evaluation,3,0,0.3542187511920929,0,0.6739380955696106,False,"[0.122139, 0.027882, 0.036568, 0.61288, 0.17169, 0.00945, 0.019391]"
Cora,client,42,2142,3,MR,attack_nonmember,evaluation,3,0,0.66336590051651,0,0.6739380955696106,False,"[0.004104, 0.002419, 0.002121, 0.981725, 0.00757, 0.001104, 0.000957]"
Cora,client,42,2691,3,MR,attack_nonmember,evaluation,2,0,0.0017603229498490691,0,0.9013515114784241,False,"[0.133643, 0.05896, 0.050539, 0.678233, 0.037177, 0.019011, 0.022437]"
Cora,client,42,448,3,MR,attack_nonmember,evaluation,5,0,0.5058417320251465,0,0.6212708353996277,False,"[0.027288, 0.034557, 0.022226, 0.028999, 0.037931, 0.818388, 0.030612]"
Cora,client,42,694,3,MR,attack_nonmember,evaluation,5,0,0.5553012490272522,0,0.6212708353996277,False,"[0.024707, 0.057326, 0.013097, 0.03415, 0.018551, 0.759894, 0.092275]"
Cora,client,42,709,3,MR,attack_nonmember,evaluation,5,0,0.6940135359764099,1,0.6212708353996277,False,"[0.020298, 0.145663, 0.008388, 0.038324, 0.022601, 0.740544, 0.024182]"
Cora,client,42,844,3,MR,attack_nonmember,evaluation,5,0,0.45525041222572327,0,0.6212708353996277,False,"[0.059902, 0.061183, 0.022506, 0.049274, 0.059247, 0.701947, 0.045941]"
Cora,client,42,904,3,MR,attack_nonmember,evaluation,5,0,0.6338203549385071,1,0.6212708353996277,False,"[0.001045, 0.000416, 0.000327, 0.000157, 0.000147, 0.997294, 0.000614]"
Cora,client,42,1183,3,MR,attack_nonmember,evaluation,5,0,0.6115121841430664,0,0.6212708353996277,False,"[0.004562, 0.006315, 0.004299, 0.005803, 0.006102, 0.967355, 0.005565]"
Cora,client,42,1277,3,MR,attack_nonmember,evaluation,3,0,0.275270938873291,0,0.6739380955696106,False,"[0.114051, 0.064897, 0.013362, 0.571064, 0.099194, 0.039358, 0.098074]"
Cora,client,42,1409,3,MR,attack_nonmember,evaluation,5,0,0.5735203623771667,0,0.6212708353996277,False,"[0.01669, 0.005615, 0.005968, 0.005392, 0.001747, 0.953962, 0.010626]"
Cora,client,42,1650,3,MR,attack_nonmember,evaluation,5,0,0.5899733901023865,0,0.6212708353996277,False,"[0.01703, 0.000692, 0.00357, 0.000665, 0.003365, 0.973276, 0.001401]"
Cora,client,42,1899,3,MR,attack_nonmember,evaluation,5,0,0.6293686032295227,1,0.6212708353996277,False,"[0.003551, 0.01321, 0.002077, 0.005344, 0.002339, 0.969433, 0.004046]"
Cora,client,42,1960,3,MR,attack_nonmember,evaluation,5,0,0.6323822736740112,1,0.6212708353996277,False,"[0.003015, 0.007665, 0.001064, 0.002643, 0.001336, 0.981066, 0.003212]"
Cora,client,42,2497,3,MR,attack_nonmember,evaluation,5,0,0.5794609189033508,0,0.6212708353996277,False,"[0.037292, 0.014932, 0.007701, 0.010943, 0.04514, 0.878644, 0.005348]"
Cora,client,42,2592,3,MR,attack_nonmember,evaluation,5,0,0.5706059336662292,0,0.6212708353996277,False,"[0.02555, 0.088474, 0.010644, 0.058891, 0.035748, 0.742214, 0.03848]"
Cora,client,42,394,3,MR,attack_nonmember,evaluation,4,0,0.3971557021141052,0,0.7088910341262817,False,"[0.071126, 0.04002, 0.046893, 0.169464, 0.617153, 0.023427, 0.031918]"
Cora,client,42,546,3,MR,attack_nonmember,evaluation,3,0,0.17991967499256134,0,0.6739380955696106,False,"[0.068125, 0.020868, 0.045946, 0.252375, 0.526588, 0.039798, 0.046301]"
Cora,client,42,577,3,MR,attack_nonmember,evaluation,4,0,0.6176975965499878,0,0.7088910341262817,False,"[0.029843, 0.006377, 0.009594, 0.115548, 0.819418, 0.0057, 0.01352]"
Cora,client,42,705,3,MR,attack_nonmember,evaluation,4,0,0.23026014864444733,0,0.7088910341262817,False,"[0.078521, 0.023698, 0.016931, 0.532828, 0.294904, 0.032894, 0.020224]"
Cora,client,42,740,3,MR,attack_nonmember,evaluation,4,0,0.18813656270503998,0,0.7088910341262817,False,"[0.04604, 0.010326, 0.01338, 0.684817, 0.220633, 0.015947, 0.008856]"
Cora,client,42,886,3,MR,attack_nonmember,evaluation,3,0,0.6570993661880493,0,0.6739380955696106,False,"[0.007628, 0.001858, 0.001769, 0.979786, 0.004935, 0.002238, 0.001786]"
Cora,client,42,1322,3,MR,attack_nonmember,evaluation,4,0,0.7078980207443237,0,0.7088910341262817,False,"[0.008988, 0.003017, 0.003603, 0.002197, 0.978314, 0.001339, 0.002543]"
Cora,client,42,1462,3,MR,attack_nonmember,evaluation,3,0,0.17412196099758148,0,0.6739380955696106,False,"[0.108371, 0.022561, 0.054403, 0.297387, 0.451215, 0.04009, 0.025972]"
Cora,client,42,1889,3,MR,attack_nonmember,evaluation,4,0,0.24633808434009552,0,0.7088910341262817,False,"[0.155002, 0.017824, 0.005743, 0.304804, 0.511102, 0.001766, 0.003758]"
Cora,client,42,2034,3,MR,attack_nonmember,evaluation,4,0,0.19229844212532043,0,0.7088910341262817,False,"[0.004847, 0.000842, 0.000305, 0.881392, 0.112225, 0.000303, 8.7e-05]"
Cora,client,42,2126,3,MR,attack_nonmember,evaluation,3,0,0.265595942735672,0,0.6739380955696106,False,"[0.044319, 0.009953, 0.028788, 0.242608, 0.634963, 0.02256, 0.016809]"
Cora,client,42,2127,3,MR,attack_nonmember,evaluation,4,0,0.4323667585849762,0,0.7088910341262817,False,"[0.066731, 0.018379, 0.031334, 0.205745, 0.620505, 0.023957, 0.033347]"
Cora,client,42,2128,3,MR,attack_nonmember,evaluation,3,0,0.12483102828264236,0,0.6739380955696106,False,"[0.124245, 0.040097, 0.063116, 0.346948, 0.306577, 0.064013, 0.055005]"
Cora,client,42,2595,3,MR,attack_nonmember,evaluation,3,0,0.48923924565315247,0,0.6739380955696106,False,"[0.048895, 0.017928, 0.034304, 0.852033, 0.024012, 0.009937, 0.012892]"
Cora,client,42,428,3,MR,attack_nonmember,evaluation,4,0,0.7280566692352295,1,0.7088910341262817,False,"[0.021153, 0.012313, 0.004012, 0.002904, 0.949696, 0.001259, 0.008663]"
Cora,client,42,856,3,MR,attack_nonmember,evaluation,4,0,0.3537820279598236,0,0.7088910341262817,False,"[0.193713, 0.040832, 0.020546, 0.038158, 0.682979, 0.005157, 0.018615]"
Cora,client,42,1135,3,MR,attack_nonmember,evaluation,4,0,0.7267376780509949,1,0.7088910341262817,False,"[0.008643, 0.004506, 0.001267, 0.001145, 0.981303, 0.000287, 0.002849]"
Cora,client,42,1194,3,MR,attack_nonmember,evaluation,4,0,0.7712889313697815,1,0.7088910341262817,False,"[0.020864, 0.021662, 0.007238, 0.003722, 0.925856, 0.001163, 0.019495]"
Cora,client,42,1255,3,MR,attack_nonmember,evaluation,4,0,0.7039263248443604,0,0.7088910341262817,False,"[0.021194, 0.007221, 0.004084, 0.003034, 0.958005, 0.001119, 0.005343]"
Cora,client,42,1545,3,MR,attack_nonmember,evaluation,4,0,0.6887072324752808,0,0.7088910341262817,False,"[0.059835, 0.045256, 0.016718, 0.019754, 0.826721, 0.010556, 0.02116]"
Cora,client,42,1559,3,MR,attack_nonmember,evaluation,4,0,0.6503427624702454,0,0.7088910341262817,False,"[0.08427, 0.068874, 0.014752, 0.124092, 0.67776, 0.008291, 0.021962]"
Cora,client,42,1686,3,MR,attack_nonmember,evaluation,4,0,0.5680923461914062,0,0.7088910341262817,False,"[0.036923, 0.004402, 0.017202, 0.021496, 0.912963, 0.003361, 0.003653]"
Cora,client,42,2646,3,MR,attack_nonmember,evaluation,4,0,0.611138105392456,0,0.7088910341262817,False,"[0.070096, 0.014453, 0.00661, 0.12328, 0.762097, 0.001925, 0.021539]"
Cora,client,42,2678,3,MR,attack_nonmember,evaluation,4,0,0.7346042990684509,1,0.7088910341262817,False,"[0.04054, 0.027872, 0.011126, 0.008539, 0.887505, 0.003166, 0.021252]"
Cora,client,42,4,3,MR,attack_nonmember,evaluation,3,0,0.3743217885494232,0,0.6739380955696106,False,"[0.063527, 0.048893, 0.05484, 0.69193, 0.104576, 0.01821, 0.018024]"
Cora,client,42,113,3,MR,attack_nonmember,evaluation,5,0,0.525034487247467,0,0.6212708353996277,False,"[0.037109, 0.009479, 0.009251, 0.011072, 0.015115, 0.901906, 0.016067]"
Cora,client,42,610,3,MR,attack_nonmember,evaluation,5,0,0.6608392596244812,1,0.6212708353996277,False,"[0.0026, 0.026854, 0.001301, 0.000863, 0.001119, 0.961611, 0.005651]"
Cora,client,42,739,3,MR,attack_nonmember,evaluation,5,0,0.619503915309906,0,0.6212708353996277,False,"[0.004525, 0.000423, 0.001829, 0.001409, 0.001893, 0.987999, 0.001922]"
Cora,client,42,750,3,MR,attack_nonmember,evaluation,5,0,0.10219205170869827,0,0.6212708353996277,False,"[0.120754, 0.065084, 0.072463, 0.121736, 0.091007, 0.452185, 0.07677]"
Cora,client,42,1441,3,MR,attack_nonmember,evaluation,5,0,0.6132252216339111,0,0.6212708353996277,False,"[0.009072, 0.000669, 0.000885, 0.002462, 0.002158, 0.982931, 0.001823]"
Cora,client,42,1458,3,MR,attack_nonmember,evaluation,3,0,0.32610663771629333,0,0.6739380955696106,False,"[0.150397, 0.042705, 0.033792, 0.637282, 0.095651, 0.025981, 0.014192]"
Cora,client,42,1881,3,MR,attack_nonmember,evaluation,5,0,0.6048898696899414,0,0.6212708353996277,False,"[0.007557, 0.001532, 0.003466, 0.003232, 0.003182, 0.977288, 0.003744]"
Cora,client,42,1958,3,MR,attack_nonmember,evaluation,5,0,0.6079791188240051,0,0.6212708353996277,False,"[0.007728, 0.001274, 0.002841, 0.002712, 0.002929, 0.979314, 0.003201]"
Cora,client,42,2660,3,MR,attack_nonmember,evaluation,4,0,0.01373903825879097,0,0.7088910341262817,False,"[0.129027, 0.021398, 0.144142, 0.409937, 0.147605, 0.090002, 0.057888]"
Cora,client,42,2411,3,MR,attack_nonmember,evaluation,3,0,0.6375966668128967,0,0.6739380955696106,False,"[0.01344, 0.001704, 0.003239, 0.953303, 0.019829, 0.001656, 0.006828]"
Cora,client,42,2618,3,MR,attack_nonmember,evaluation,2,0,0.7140403389930725,0,0.9013515114784241,False,"[0.08192, 0.022508, 0.090064, 0.406415, 0.237466, 0.126542, 0.035084]"
Cora,client,42,2619,3,MR,attack_nonmember,evaluation,2,0,0.7140403389930725,0,0.9013515114784241,False,"[0.08192, 0.022508, 0.090064, 0.406415, 0.237466, 0.126542, 0.035084]"
Cora,client,42,621,4,MR,attack_nonmember,evaluation,5,0,0.37448790669441223,0,0.6212708353996277,False,"[0.107113, 0.013231, 0.011263, 0.007623, 0.008216, 0.833559, 0.018995]"
Cora,client,42,885,4,MR,attack_nonmember,evaluation,5,0,0.3208411633968353,0,0.6212708353996277,False,"[0.184617, 0.034732, 0.027344, 0.029565, 0.157964, 0.482113, 0.083665]"
Cora,client,42,1655,4,MR,attack_nonmember,evaluation,0,0,0.6396399736404419,0,0.8464870452880859,False,"[0.814038, 0.016431, 0.015845, 0.059907, 0.019931, 0.048043, 0.025806]"
Cora,client,42,1844,4,MR,attack_nonmember,evaluation,3,0,0.35163018107414246,0,0.6739380955696106,False,"[0.232729, 0.007691, 0.011299, 0.684488, 0.040991, 0.009136, 0.013667]"
Cora,client,42,1974,4,MR,attack_nonmember,evaluation,5,0,0.4135458469390869,0,0.6212708353996277,False,"[0.033135, 0.042127, 0.024271, 0.050352, 0.014392, 0.790129, 0.045595]"
Cora,client,42,1980,4,MR,attack_nonmember,evaluation,5,0,0.14666345715522766,0,0.6212708353996277,False,"[0.078038, 0.098921, 0.032095, 0.188691, 0.026882, 0.381349, 0.194023]"
Cora,client,42,2024,4,MR,attack_nonmember,evaluation,5,0,0.05633644014596939,0,0.6212708353996277,False,"[0.442517, 0.020248, 0.013544, 0.009561, 0.102036, 0.366301, 0.045793]"
Cora,client,42,2105,4,MR,attack_nonmember,evaluation,5,0,0.0035767590161412954,0,0.6212708353996277,False,"[0.408083, 0.06447, 0.070035, 0.229188, 0.040507, 0.148111, 0.039606]"
Cora,client,42,2156,4,MR,attack_nonmember,evaluation,0,0,0.07067115604877472,0,0.8464870452880859,False,"[0.509073, 0.03197, 0.010934, 0.02379, 0.128146, 0.249401, 0.046686]"
Cora,client,42,2423,4,MR,attack_nonmember,evaluation,6,0,0.09465837478637695,0,0.7456499338150024,False,"[0.499934, 0.120587, 0.021001, 0.049003, 0.02812, 0.154453, 0.1269]"
Cora,client,42,245,4,MR,attack_nonmember,evaluation,4,0,0.20400305092334747,0,0.7088910341262817,False,"[0.131806, 0.015643, 0.067556, 0.021931, 0.614323, 0.09094, 0.057801]"
Cora,client,42,330,4,MR,attack_nonmember,evaluation,4,0,0.4978790879249573,0,0.7088910341262817,False,"[0.043557, 0.028953, 0.03942, 0.088784, 0.729693, 0.038491, 0.031102]"
Cora,client,42,397,4,MR,attack_nonmember,evaluation,3,0,0.5741393566131592,0,0.6739380955696106,False,"[0.02961, 0.223839, 0.02436, 0.489139, 0.198892, 0.01347, 0.020691]"
Cora,client,42,503,4,MR,attack_nonmember,evaluation,3,0,0.1969529539346695,0,0.6739380955696106,False,"[0.146479, 0.047757, 0.039828, 0.059705, 0.669903, 0.009113, 0.027215]"
Cora,client,42,698,4,MR,attack_nonmember,evaluation,4,0,0.7024924755096436,0,0.7088910341262817,False,"[0.009831, 0.029156, 0.015281, 0.042114, 0.890225, 0.004111, 0.009283]"
Cora,client,42,911,4,MR,attack_nonmember,evaluation,4,0,0.6659112572669983,0,0.7088910341262817,False,"[0.009397, 0.026182, 0.018637, 0.022457, 0.911532, 0.006907, 0.004888]"
Cora,client,42,1143,4,MR,attack_nonmember,evaluation,4,0,0.6766571998596191,0,0.7088910341262817,False,"[0.008549, 0.015601, 0.01475, 0.026125, 0.922874, 0.004992, 0.00711]"
Cora,client,42,1385,4,MR,attack_nonmember,evaluation,4,0,0.6412674188613892,0,0.7088910341262817,False,"[0.008399, 0.008032, 0.009547, 0.1172, 0.847966, 0.001849, 0.007006]"
Cora,client,42,1406,4,MR,attack_nonmember,evaluation,4,0,0.4389466941356659,0,0.7088910341262817,False,"[0.029, 0.009811, 0.044912, 0.013018, 0.887852, 0.008259, 0.00715]"
Cora,client,42,2044,4,MR,attack_nonmember,evaluation,3,0,0.2449837625026703,0,0.6739380955696106,False,"[0.051286, 0.041827, 0.043869, 0.215797, 0.597237, 0.019242, 0.030742]"
Cora,client,42,2336,4,MR,attack_nonmember,evaluation,4,0,0.7193300127983093,1,0.7088910341262817,False,"[0.002101, 0.002123, 0.003058, 0.001617, 0.988771, 0.000548, 0.001781]"
Cora,client,42,2362,4,MR,attack_nonmember,evaluation,4,0,0.5916011929512024,0,0.7088910341262817,False,"[0.011553, 0.024531, 0.028223, 0.085928, 0.828603, 0.009238, 0.011923]"
Cora,client,42,2380,4,MR,attack_nonmember,evaluation,4,0,0.6583817601203918,0,0.7088910341262817,False,"[0.026484, 0.021369, 0.020759, 0.04941, 0.85156, 0.010016, 0.020401]"
Cora,client,42,776,4,MR,attack_nonmember,evaluation,4,0,0.16328874230384827,0,0.7088910341262817,False,"[0.01283, 0.011644, 0.010881, 0.910676, 0.035437, 0.009135, 0.009397]"
Cora,client,42,875,4,MR,attack_nonmember,evaluation,3,0,0.6597031354904175,0,0.6739380955696106,False,"[0.004098, 0.002265, 0.002558, 0.983542, 0.003448, 0.001838, 0.002251]"
Cora,client,42,1177,4,MR,attack_nonmember,evaluation,3,0,0.6365107297897339,0,0.6739380955696106,False,"[0.020302, 0.006134, 0.003899, 0.953361, 0.010112, 0.002601, 0.003591]"
Cora,client,42,1607,4,MR,attack_nonmember,evaluation,3,0,0.6264492869377136,0,0.6739380955696106,False,"[0.010629, 0.014038, 0.008825, 0.946308, 0.009579, 0.005945, 0.004676]"
Cora,client,42,1946,4,MR,attack_nonmember,evaluation,3,0,0.6532225608825684,0,0.6739380955696106,False,"[0.002916, 0.002024, 0.003426, 0.98267, 0.003174, 0.003887, 0.001902]"
Cora,client,42,2663,4,MR,attack_nonmember,evaluation,3,0,0.518818736076355,0,0.6739380955696106,False,"[0.044676, 0.025401, 0.017597, 0.875436, 0.006854, 0.022664, 0.007373]"
Cora,client,42,258,4,MR,attack_nonmember,evaluation,4,0,0.6944600939750671,0,0.7088910341262817,False,"[0.004999, 0.002749, 0.006914, 0.012554, 0.966688, 0.00246, 0.003636]"
Cora,client,42,463,4,MR,attack_nonmember,evaluation,4,0,0.5883263945579529,0,0.7088910341262817,False,"[0.016817, 0.007952, 0.02226, 0.0481, 0.883846, 0.010948, 0.010076]"
Cora,client,42,946,4,MR,attack_nonmember,evaluation,4,0,0.3754316568374634,0,0.7088910341262817,False,"[0.073244, 0.00499, 0.037003, 0.036529, 0.799708, 0.030483, 0.018044]"
Cora,client,42,1153,4,MR,attack_nonmember,evaluation,4,0,0.48201289772987366,0,0.7088910341262817,False,"[0.029537, 0.021521, 0.047828, 0.060726, 0.792594, 0.022078, 0.025716]"
Cora,client,42,1529,4,MR,attack_nonmember,evaluation,4,0,0.231759175658226,0,0.7088910341262817,False,"[0.113292, 0.011883, 0.048843, 0.068443, 0.678819, 0.052291, 0.026428]"
Cora,client,42,1531,4,MR,attack_nonmember,evaluation,4,0,0.37496164441108704,0,0.7088910341262817,False,"[0.043565, 0.030646, 0.028076, 0.35807, 0.495717, 0.022671, 0.021255]"
Cora,client,42,1966,4,MR,attack_nonmember,evaluation,4,0,0.7115040421485901,1,0.7088910341262817,False,"[0.00278, 0.000357, 0.002137, 0.011521, 0.981434, 0.000609, 0.001162]"
Cora,client,42,1971,4,MR,attack_nonmember,evaluation,4,0,0.6545870900154114,0,0.7088910341262817,False,"[0.014022, 0.005949, 0.015141, 0.033113, 0.913425, 0.006872, 0.011479]"
Cora,client,42,1984,4,MR,attack_nonmember,evaluation,4,0,0.08409266173839569,0,0.7088910341262817,False,"[0.183161, 0.024426, 0.051217, 0.063117, 0.472763, 0.164416, 0.0409]"
Cora,client,42,2260,4,MR,attack_nonmember,evaluation,4,0,0.30789420008659363,0,0.7088910341262817,False,"[0.035389, 0.025584, 0.074829, 0.11085, 0.710376, 0.015297, 0.027673]"
Cora,client,42,2350,4,MR,attack_nonmember,evaluation,4,0,0.1437038630247116,0,0.7088910341262817,False,"[0.092212, 0.025514, 0.08952, 0.109546, 0.552963, 0.080458, 0.049788]"
Cora,client,42,729,4,MR,attack_nonmember,evaluation,3,0,0.6488521099090576,0,0.6739380955696106,False,"[0.00329, 0.006366, 0.002339, 0.971102, 0.008219, 0.00621, 0.002474]"
Cora,client,42,923,4,MR,attack_nonmember,evaluation,3,0,0.5626276731491089,0,0.6739380955696106,False,"[0.021013, 0.021438, 0.004995, 0.882567, 0.02632, 0.014708, 0.028959]"
Cora,client,42,972,4,MR,attack_nonmember,evaluation,3,0,0.2354167401790619,0,0.6739380955696106,False,"[0.336172, 0.015926, 0.021349, 0.568996, 0.032525, 0.014867, 0.010165]"
Cora,client,42,1186,4,MR,attack_nonmember,evaluation,3,0,0.666377604007721,0,0.6739380955696106,False,"[0.000755, 0.001308, 0.002338, 0.991813, 0.000854, 0.001103, 0.001829]"
Cora,client,42,1319,4,MR,attack_nonmember,evaluation,3,0,0.03993164002895355,0,0.6739380955696106,False,"[0.666941, 0.015796, 0.024686, 0.096791, 0.10558, 0.049853, 0.040352]"
Cora,client,42,1325,4,MR,attack_nonmember,evaluation,3,0,0.6543610095977783,0,0.6739380955696106,False,"[0.003246, 0.006441, 0.00222, 0.969306, 0.012393, 0.003997, 0.002398]"
Cora,client,42,1326,4,MR,attack_nonmember,evaluation,3,0,0.5819589495658875,0,0.6739380955696106,False,"[0.011392, 0.016499, 0.011205, 0.895451, 0.044303, 0.013267, 0.007884]"
Cora,client,42,1949,4,MR,attack_nonmember,evaluation,3,0,0.5299564003944397,0,0.6739380955696106,False,"[0.016435, 0.020802, 0.020702, 0.887515, 0.019697, 0.02012, 0.014729]"
Cora,client,42,2412,4,MR,attack_nonmember,evaluation,3,0,0.6536974310874939,0,0.6739380955696106,False,"[0.003966, 0.005512, 0.002222, 0.977317, 0.002372, 0.003803, 0.004808]"
Cora,client,42,2551,4,MR,attack_nonmember,evaluation,3,0,0.3399967849254608,0,0.6739380955696106,False,"[0.034891, 0.01449, 0.036285, 0.780544, 0.056088, 0.050484, 0.027218]"
Cora,client,42,2,4,MR,attack_nonmember,evaluation,4,0,0.5739865303039551,0,0.7088910341262817,False,"[0.046382, 0.008705, 0.014367, 0.070678, 0.846109, 0.003845, 0.009915]"
Cora,client,42,601,4,MR,attack_nonmember,evaluation,3,0,0.45465004444122314,0,0.6739380955696106,False,"[0.040966, 0.012995, 0.030687, 0.841565, 0.036077, 0.023935, 0.013774]"
Cora,client,42,1937,4,MR,attack_nonmember,evaluation,3,0,0.28940820693969727,0,0.6739380955696106,False,"[0.081714, 0.021831, 0.034013, 0.731861, 0.043309, 0.05636, 0.030912]"
Cora,client,42,2542,4,MR,attack_nonmember,evaluation,3,0,0.47610554099082947,0,0.6739380955696106,False,"[0.024575, 0.025082, 0.017495, 0.861158, 0.01789, 0.03721, 0.016589]"
Cora,client,42,135,4,MR,attack_nonmember,evaluation,1,0,0.7158631682395935,0,0.7180246114730835,False,"[0.008839, 0.969728, 0.001531, 0.005756, 0.006573, 0.006263, 0.00131]"
Cora,client,42,728,4,MR,attack_nonmember,evaluation,5,0,0.36694246530532837,0,0.6212708353996277,False,"[0.067143, 0.090743, 0.043621, 0.043251, 0.033821, 0.569796, 0.151625]"
Cora,client,42,945,4,MR,attack_nonmember,evaluation,1,0,0.9998712539672852,1,0.7180246114730835,False,"[0.07761, 0.106, 0.043068, 0.045181, 0.037108, 0.406238, 0.284795]"
Cora,client,42,1296,4,MR,attack_nonmember,evaluation,0,0,0.01008541975170374,0,0.8464870452880859,False,"[0.33477, 0.044472, 0.052039, 0.041257, 0.067786, 0.390668, 0.069009]"
Cora,client,42,2144,4,MR,attack_nonmember,evaluation,1,0,0.7358556985855103,1,0.7180246114730835,False,"[0.00099, 0.995294, 0.00015, 0.001294, 0.000772, 0.001369, 0.00013]"
Cora,client,42,2388,4,MR,attack_nonmember,evaluation,5,0,0.5606403350830078,0,0.6212708353996277,False,"[0.027537, 0.111551, 0.028467, 0.042165, 0.024665, 0.23421, 0.531405]"
Cora,client,42,467,4,MR,attack_nonmember,evaluation,0,0,0.012646406888961792,0,0.8464870452880859,False,"[0.206881, 0.097378, 0.028831, 0.156939, 0.083084, 0.292053, 0.134834]"
Cora,client,42,1172,4,MR,attack_nonmember,evaluation,0,0,0.03268219158053398,0,0.8464870452880859,False,"[0.300746, 0.075765, 0.020236, 0.143874, 0.068397, 0.256435, 0.134547]"
Cora,client,42,1405,4,MR,attack_nonmember,evaluation,3,0,0.6279497146606445,0,0.6739380955696106,False,"[0.016377, 0.009347, 0.008609, 0.945701, 0.013619, 0.003, 0.003346]"
Cora,client,42,2357,4,MR,attack_nonmember,evaluation,4,0,0.32345131039619446,0,0.7088910341262817,False,"[0.247123, 0.041829, 0.025687, 0.103277, 0.516803, 0.011629, 0.053652]"
Cora,client,42,5,0,MR,F,evaluation,2,0,0.9968329071998596,1,0.9013515114784241,False,"[0.185006, 0.127761, 0.081762, 0.305975, 0.218544, 0.04309, 0.037861]"
Cora,client,42,174,0,MR,F,evaluation,2,0,0.9651462435722351,1,0.9013515114784241,False,"[0.188675, 0.173853, 0.095222, 0.193893, 0.064384, 0.164801, 0.119172]"
Cora,client,42,268,0,MR,F,evaluation,2,0,0.6511247158050537,0,0.9013515114784241,False,"[0.139512, 0.113767, 0.127876, 0.312553, 0.088036, 0.138303, 0.079954]"
Cora,client,42,289,0,MR,F,evaluation,2,0,0.947188675403595,1,0.9013515114784241,False,"[0.171394, 0.140175, 0.084309, 0.217094, 0.097815, 0.218449, 0.070764]"
Cora,client,42,301,0,MR,F,evaluation,2,0,0.9997332692146301,1,0.9013515114784241,False,"[0.255559, 0.088351, 0.21645, 0.127715, 0.103878, 0.113235, 0.094813]"
Cora,client,42,326,0,MR,F,evaluation,2,0,0.9999353885650635,1,0.9013515114784241,False,"[0.298228, 0.083748, 0.153754, 0.145337, 0.129479, 0.11897, 0.070485]"
Cora,client,42,328,0,MR,F,evaluation,2,0,0.6610681414604187,0,0.9013515114784241,False,"[0.161594, 0.050971, 0.108148, 0.436577, 0.127805, 0.067164, 0.047742]"
Cora,client,42,346,0,MR,F,evaluation,2,0,0.9955549836158752,1,0.9013515114784241,False,"[0.136229, 0.166601, 0.155945, 0.178932, 0.181465, 0.073722, 0.107105]"
Cora,client,42,364,0,MR,F,evaluation,2,0,0.9999436140060425,1,0.9013515114784241,False,"[0.377695, 0.049305, 0.149272, 0.169703, 0.059855, 0.175589, 0.01858]"
Cora,client,42,367,0,MR,F,evaluation,2,0,0.8249568343162537,0,0.9013515114784241,False,"[0.173586, 0.108663, 0.119317, 0.288278, 0.067839, 0.15467, 0.087646]"
Cora,client,42,439,0,MR,F,evaluation,2,0,0.6364012956619263,0,0.9013515114784241,False,"[0.094098, 0.041211, 0.191097, 0.287361, 0.132249, 0.205612, 0.048372]"
Cora,client,42,464,0,MR,F,evaluation,2,0,0.9994481205940247,1,0.9013515114784241,False,"[0.240387, 0.062357, 0.107926, 0.128278, 0.110742, 0.152644, 0.197664]"
Cora,client,42,480,0,MR,F,evaluation,2,0,0.0004071283037774265,0,0.9013515114784241,False,"[0.070831, 0.068139, 0.084825, 0.668122, 0.050829, 0.033343, 0.02391]"
Cora,client,42,510,0,MR,F,evaluation,3,0,0.49727708101272583,0,0.6739380955696106,False,"[0.036296, 0.02359, 0.025364, 0.854013, 0.025259, 0.018435, 0.017044]"
Cora,client,42,513,0,MR,F,evaluation,2,0,0.535993754863739,0,0.9013515114784241,False,"[0.097585, 0.164418, 0.165553, 0.196851, 0.057654, 0.199908, 0.11803]"
Cora,client,42,565,0,MR,F,evaluation,2,0,0.009222371503710747,0,0.9013515114784241,False,"[0.034573, 0.184491, 0.133439, 0.339687, 0.0414, 0.169254, 0.097155]"
Cora,client,42,615,0,MR,F,evaluation,2,0,0.9857184290885925,1,0.9013515114784241,False,"[0.161857, 0.150075, 0.083325, 0.226839, 0.138912, 0.078105, 0.160886]"
Cora,client,42,628,0,MR,F,evaluation,5,0,0.0567408911883831,0,0.6212708353996277,False,"[0.183428, 0.073473, 0.077535, 0.138799, 0.109089, 0.360296, 0.057381]"
Cora,client,42,632,0,MR,F,evaluation,2,0,0.9999940395355225,1,0.9013515114784241,False,"[0.421874, 0.028046, 0.028515, 0.230634, 0.145002, 0.119478, 0.026451]"
Cora,client,42,689,0,MR,F,evaluation,2,0,0.99986732006073,1,0.9013515114784241,False,"[0.255426, 0.115577, 0.200614, 0.107726, 0.12884, 0.131715, 0.060103]"
Cora,client,42,752,0,MR,F,evaluation,2,0,0.02029910869896412,0,0.9013515114784241,False,"[0.101941, 0.143773, 0.07746, 0.439875, 0.041588, 0.102279, 0.093084]"
Cora,client,42,758,0,MR,F,evaluation,2,0,0.9997370839118958,1,0.9013515114784241,False,"[0.285946, 0.096167, 0.180058, 0.146092, 0.086372, 0.133668, 0.071697]"
Cora,client,42,762,0,MR,F,evaluation,2,0,0.9610339999198914,1,0.9013515114784241,False,"[0.195429, 0.048812, 0.166145, 0.23452, 0.068654, 0.193947, 0.092493]"
Cora,client,42,819,0,MR,F,evaluation,2,0,0.9996329545974731,1,0.9013515114784241,False,"[0.307481, 0.075292, 0.159374, 0.205674, 0.084293, 0.125412, 0.042474]"
Cora,client,42,820,0,MR,F,evaluation,2,0,0.9474702477455139,1,0.9013515114784241,False,"[0.155818, 0.138018, 0.10577, 0.227951, 0.107029, 0.151147, 0.114267]"
Cora,client,42,860,0,MR,F,evaluation,2,0,0.9785741567611694,1,0.9013515114784241,False,"[0.169928, 0.100868, 0.056905, 0.152385, 0.094918, 0.232937, 0.19206]"
Cora,client,42,882,0,MR,F,evaluation,2,0,0.981626033782959,1,0.9013515114784241,False,"[0.192557, 0.087129, 0.133587, 0.261168, 0.116276, 0.137438, 0.071845]"
Cora,client,42,957,0,MR,F,evaluation,2,0,0.00266161747276783,0,0.9013515114784241,False,"[0.110682, 0.117976, 0.040978, 0.577669, 0.034987, 0.071903, 0.045806]"
Cora,client,42,970,0,MR,F,evaluation,2,0,0.9978348612785339,1,0.9013515114784241,False,"[0.218071, 0.084154, 0.181105, 0.214794, 0.131269, 0.12216, 0.048446]"
Cora,client,42,978,0,MR,F,evaluation,2,0,0.992476761341095,1,0.9013515114784241,False,"[0.200235, 0.106601, 0.170059, 0.265871, 0.131062, 0.079728, 0.046444]"
Cora,client,42,998,0,MR,F,evaluation,2,0,0.3110949695110321,0,0.9013515114784241,False,"[0.152368, 0.061413, 0.112732, 0.483841, 0.113124, 0.064065, 0.012457]"
Cora,client,42,1003,0,MR,F,evaluation,2,0,0.3306514024734497,0,0.9013515114784241,False,"[0.04966, 0.052728, 0.139851, 0.430574, 0.214874, 0.073218, 0.039096]"
Cora,client,42,1035,0,MR,F,evaluation,2,0,0.18767865002155304,0,0.9013515114784241,False,"[0.10531, 0.118064, 0.108608, 0.415756, 0.110391, 0.085077, 0.056795]"
Cora,client,42,1037,0,MR,F,evaluation,2,0,0.9997978806495667,1,0.9013515114784241,False,"[0.316626, 0.057552, 0.100934, 0.228464, 0.113545, 0.105354, 0.077524]"
Cora,client,42,1103,0,MR,F,evaluation,2,0,0.9988492727279663,1,0.9013515114784241,False,"[0.310131, 0.022672, 0.094105, 0.316185, 0.113847, 0.12852, 0.01454]"
Cora,client,42,1114,0,MR,F,evaluation,2,0,0.99801105260849,1,0.9013515114784241,False,"[0.147892, 0.069567, 0.244796, 0.178656, 0.200971, 0.142171, 0.015946]"
Cora,client,42,1123,0,MR,F,evaluation,2,0,0.9896844625473022,1,0.9013515114784241,False,"[0.17366, 0.10451, 0.134474, 0.205337, 0.136446, 0.173212, 0.07236]"
Cora,client,42,1145,0,MR,F,evaluation,2,0,0.9995614886283875,1,0.9013515114784241,False,"[0.26143, 0.078608, 0.135055, 0.077678, 0.084223, 0.266809, 0.096198]"
Cora,client,42,1155,0,MR,F,evaluation,2,0,0.7001684904098511,0,0.9013515114784241,False,"[0.067274, 0.134198, 0.100447, 0.176281, 0.125175, 0.234292, 0.162333]"
Cora,client,42,1171,0,MR,F,evaluation,3,0,0.6631727814674377,0,0.6739380955696106,False,"[0.003356, 0.002152, 0.002652, 0.987269, 0.001858, 0.001364, 0.001348]"
Cora,client,42,1173,0,MR,F,evaluation,2,0,0.9995201826095581,1,0.9013515114784241,False,"[0.166095, 0.093491, 0.095632, 0.265835, 0.293007, 0.04691, 0.03903]"
Cora,client,42,1209,0,MR,F,evaluation,2,0,0.998629093170166,1,0.9013515114784241,False,"[0.140936, 0.06264, 0.12151, 0.239364, 0.265923, 0.083065, 0.086562]"
Cora,client,42,1229,0,MR,F,evaluation,2,0,0.7217239141464233,0,0.9013515114784241,False,"[0.112514, 0.119851, 0.10173, 0.120494, 0.065309, 0.382099, 0.098004]"
Cora,client,42,1238,0,MR,F,evaluation,2,0,0.9998568296432495,1,0.9013515114784241,False,"[0.261171, 0.097396, 0.170212, 0.149679, 0.143691, 0.109288, 0.068563]"
Cora,client,42,1252,0,MR,F,evaluation,2,0,0.9693998098373413,1,0.9013515114784241,False,"[0.1691, 0.165864, 0.077919, 0.104043, 0.051819, 0.239278, 0.191976]"
Cora,client,42,1262,0,MR,F,evaluation,2,0,0.0004818543093279004,0,0.9013515114784241,False,"[0.032293, 0.16688, 0.047097, 0.508871, 0.036512, 0.13197, 0.076376]"
Cora,client,42,1374,0,MR,F,evaluation,0,0,0.010022725909948349,0,0.8464870452880859,False,"[0.22267, 0.032645, 0.073224, 0.048997, 0.172463, 0.355119, 0.094881]"
Cora,client,42,1383,0,MR,F,evaluation,2,0,0.9645239114761353,1,0.9013515114784241,False,"[0.154483, 0.085597, 0.083978, 0.145147, 0.095564, 0.275999, 0.159231]"
Cora,client,42,1445,0,MR,F,evaluation,3,0,0.6778120994567871,1,0.6739380955696106,False,"[3e-06, 1.6e-05, 8e-06, 0.999943, 2e-06, 7e-06, 2.1e-05]"
Cora,client,42,1509,0,MR,F,evaluation,2,0,0.007146840915083885,0,0.9013515114784241,False,"[0.03118, 0.198366, 0.050086, 0.332964, 0.054872, 0.224316, 0.108215]"
Cora,client,42,1528,0,MR,F,evaluation,2,0,0.07280289381742477,0,0.9013515114784241,False,"[0.048034, 0.147962, 0.169941, 0.237561, 0.046514, 0.226433, 0.123555]"
Cora,client,42,1547,0,MR,F,evaluation,1,0,0.04133893549442291,0,0.7180246114730835,False,"[0.046163, 0.206968, 0.107362, 0.470046, 0.026787, 0.089074, 0.0536]"
Cora,client,42,1604,0,MR,F,evaluation,2,0,0.9987105131149292,1,0.9013515114784241,False,"[0.1767, 0.104536, 0.166661, 0.156922, 0.18148, 0.166612, 0.04709]"
Cora,client,42,1606,0,MR,F,evaluation,2,0,0.9996780157089233,1,0.9013515114784241,False,"[0.295962, 0.063295, 0.143132, 0.183132, 0.101241, 0.171183, 0.042054]"
Cora,client,42,1617,0,MR,F,evaluation,2,0,0.9960145950317383,1,0.9013515114784241,False,"[0.19331, 0.045161, 0.06366, 0.05662, 0.051454, 0.193236, 0.396559]"
Cora,client,42,1646,0,MR,F,evaluation,2,0,0.9986899495124817,1,0.9013515114784241,False,"[0.226149, 0.104423, 0.100781, 0.261377, 0.177324, 0.091312, 0.038634]"
Cora,client,42,1687,0,MR,F,evaluation,2,0,0.979929506778717,1,0.9013515114784241,False,"[0.101642, 0.113792, 0.182041, 0.2001, 0.189298, 0.143052, 0.070075]"
Cora,client,42,1694,0,MR,F,evaluation,2,0,7.161372195696458e-05,0,0.9013515114784241,False,"[0.078178, 0.013049, 0.047071, 0.779321, 0.03589, 0.018593, 0.027898]"
Cora,client,42,1716,0,MR,F,evaluation,2,0,0.9214058518409729,1,0.9013515114784241,False,"[0.1469, 0.126344, 0.106607, 0.235449, 0.107163, 0.158489, 0.119047]"
Cora,client,42,1717,0,MR,F,evaluation,2,0,0.9980934262275696,1,0.9013515114784241,False,"[0.173456, 0.070289, 0.236417, 0.169996, 0.16823, 0.162565, 0.019047]"
Cora,client,42,1721,0,MR,F,evaluation,2,0,0.946527361869812,1,0.9013515114784241,False,"[0.12657, 0.205568, 0.198664, 0.200445, 0.10726, 0.091027, 0.070466]"
Cora,client,42,1724,0,MR,F,evaluation,2,0,0.030947702005505562,0,0.9013515114784241,False,"[0.084929, 0.128393, 0.110595, 0.428994, 0.078392, 0.135482, 0.033215]"
Cora,client,42,1727,0,MR,F,evaluation,2,0,0.9947519898414612,1,0.9013515114784241,False,"[0.190705, 0.141114, 0.159388, 0.179151, 0.120514, 0.15815, 0.050978]"
Cora,client,42,1749,0,MR,F,evaluation,2,0,0.972571611404419,1,0.9013515114784241,False,"[0.147979, 0.190083, 0.121062, 0.114319, 0.081675, 0.207119, 0.137763]"
Cora,client,42,1764,0,MR,F,evaluation,5,0,0.037985365837812424,0,0.6212708353996277,False,"[0.206057, 0.09196, 0.077075, 0.195117, 0.140869, 0.232556, 0.056365]"
Cora,client,42,2167,0,MR,F,evaluation,2,0,0.002636263845488429,0,0.9013515114784241,False,"[0.075263, 0.174764, 0.026173, 0.511381, 0.050957, 0.106497, 0.054964]"
Cora,client,42,2365,0,MR,F,evaluation,2,0,0.9991670846939087,1,0.9013515114784241,False,"[0.265552, 0.053047, 0.153223, 0.285819, 0.144285, 0.057911, 0.040162]"
Cora,client,42,2439,0,MR,F,evaluation,2,0,0.9860746264457703,1,0.9013515114784241,False,"[0.161538, 0.127708, 0.136782, 0.093487, 0.092319, 0.294311, 0.093854]"
Cora,client,42,2444,0,MR,F,evaluation,2,0,0.9369565844535828,1,0.9013515114784241,False,"[0.171379, 0.095159, 0.123528, 0.277413, 0.099437, 0.117446, 0.115638]"
Cora,client,42,2445,0,MR,F,evaluation,2,0,0.9860100746154785,1,0.9013515114784241,False,"[0.190671, 0.089401, 0.095404, 0.234064, 0.110209, 0.119765, 0.160486]"
Cora,client,42,2507,0,MR,F,evaluation,2,0,0.9999423027038574,1,0.9013515114784241,False,"[0.295394, 0.081643, 0.120194, 0.217027, 0.17975, 0.065201, 0.04079]"
Cora,client,42,2514,0,MR,F,evaluation,2,0,0.9903454184532166,1,0.9013515114784241,False,"[0.203534, 0.099295, 0.127893, 0.276766, 0.136536, 0.115944, 0.040033]"
Cora,client,42,2522,0,MR,F,evaluation,2,0,0.9802325963973999,1,0.9013515114784241,False,"[0.17263, 0.163612, 0.095565, 0.084772, 0.051382, 0.24499, 0.18705]"
Cora,client,42,2556,0,MR,F,evaluation,2,0,0.16995859146118164,0,0.9013515114784241,False,"[0.075149, 0.116891, 0.161569, 0.293071, 0.081412, 0.200545, 0.071363]"
Cora,client,42,2557,0,MR,F,evaluation,2,0,0.333722323179245,0,0.9013515114784241,False,"[0.050747, 0.291743, 0.092559, 0.171584, 0.097021, 0.234974, 0.061372]"
Cora,client,42,2561,0,MR,F,evaluation,2,0,0.9948603510856628,1,0.9013515114784241,False,"[0.151357, 0.057615, 0.192929, 0.27713, 0.21627, 0.085451, 0.019249]"
Cora,client,42,2642,0,MR,F,evaluation,2,0,0.9957427382469177,1,0.9013515114784241,False,"[0.267238, 0.086344, 0.095729, 0.219747, 0.071244, 0.210711, 0.048987]"
Cora,client,42,2652,0,MR,F,evaluation,2,0,0.9620285630226135,1,0.9013515114784241,False,"[0.154799, 0.066329, 0.152434, 0.173185, 0.098591, 0.255693, 0.098968]"
Cora,client,42,2655,0,MR,F,evaluation,2,0,0.9770430326461792,1,0.9013515114784241,False,"[0.223767, 0.05143, 0.052442, 0.400221, 0.150748, 0.060444, 0.060949]"
Cora,client,42,172,0,MR,F,evaluation,3,0,0.1375250518321991,0,0.6739380955696106,False,"[0.235068, 0.05112, 0.032192, 0.11877, 0.495642, 0.041108, 0.026101]"
Cora,client,42,260,0,MR,F,evaluation,0,0,0.07524976879358292,0,0.8464870452880859,False,"[0.265801, 0.041771, 0.094708, 0.257637, 0.136176, 0.114698, 0.08921]"
Cora,client,42,433,0,MR,F,evaluation,3,0,0.17783403396606445,0,0.6739380955696106,False,"[0.105681, 0.02723, 0.030807, 0.36189, 0.373114, 0.062906, 0.038373]"
Cora,client,42,614,0,MR,F,evaluation,0,0,0.07200081646442413,0,0.8464870452880859,False,"[0.386216, 0.037985, 0.044094, 0.190661, 0.153166, 0.158467, 0.029412]"
Cora,client,42,1017,0,MR,F,evaluation,3,0,0.05441365763545036,0,0.6739380955696106,False,"[0.289567, 0.044145, 0.066829, 0.158027, 0.297217, 0.07997, 0.064245]"
Cora,client,42,1078,0,MR,F,evaluation,0,0,0.03216307982802391,0,0.8464870452880859,False,"[0.165211, 0.016077, 0.059562, 0.1368, 0.336446, 0.201099, 0.084806]"
Cora,client,42,1472,0,MR,F,evaluation,3,0,0.1344500333070755,0,0.6739380955696106,False,"[0.238687, 0.045843, 0.033248, 0.119528, 0.497682, 0.040862, 0.02415]"
Cora,client,42,1992,0,MR,F,evaluation,3,0,0.1249256432056427,0,0.6739380955696106,False,"[0.061626, 0.043406, 0.034766, 0.547223, 0.126074, 0.127864, 0.059041]"
Cora,client,42,2358,0,MR,F,evaluation,3,0,0.13177067041397095,0,0.6739380955696106,False,"[0.042648, 0.073471, 0.031217, 0.500941, 0.153553, 0.131157, 0.067014]"
Cora,client,42,2472,0,MR,F,evaluation,0,0,0.09295523911714554,0,0.8464870452880859,False,"[0.195215, 0.028843, 0.073834, 0.240116, 0.374886, 0.036827, 0.050279]"
Cora,client,42,684,0,MR,F,evaluation,2,0,0.990872323513031,1,0.9013515114784241,False,"[0.181377, 0.138272, 0.105769, 0.146864, 0.093739, 0.167719, 0.16626]"
Cora,client,42,741,0,MR,F,evaluation,1,0,0.015618454664945602,0,0.7180246114730835,False,"[0.073257, 0.072644, 0.06373, 0.521778, 0.051338, 0.159119, 0.058134]"
Cora,client,42,754,0,MR,F,evaluation,2,0,0.9983731508255005,1,0.9013515114784241,False,"[0.2425, 0.158522, 0.127145, 0.134749, 0.084139, 0.197613, 0.055333]"
Cora,client,42,784,0,MR,F,evaluation,3,0,0.23200328648090363,0,0.6739380955696106,False,"[0.090715, 0.124577, 0.059941, 0.566602, 0.030783, 0.055522, 0.071859]"
Cora,client,42,1283,0,MR,F,evaluation,1,0,0.9471729397773743,1,0.7180246114730835,False,"[0.118682, 0.334432, 0.053477, 0.110822, 0.046882, 0.172725, 0.162979]"
Cora,client,42,2113,0,MR,F,evaluation,2,0,0.9958702921867371,1,0.9013515114784241,False,"[0.23688, 0.136797, 0.088795, 0.114888, 0.070283, 0.316892, 0.035466]"
Cora,client,42,140,0,MR,F,evaluation,4,0,0.30944064259529114,0,0.7088910341262817,False,"[0.093259, 0.045654, 0.063742, 0.151043, 0.428262, 0.134177, 0.083863]"
Cora,client,42,1796,0,MR,F,evaluation,4,0,0.1400931477546692,0,0.7088910341262817,False,"[0.167891, 0.042379, 0.045823, 0.105998, 0.443286, 0.148399, 0.046225]"
Cora,client,42,2298,0,MR,F,evaluation,4,0,0.05130543187260628,0,0.7088910341262817,False,"[0.21911, 0.059741, 0.109357, 0.122796, 0.310634, 0.106474, 0.071887]"
Cora,client,42,2547,0,MR,F,evaluation,4,0,0.1236163079738617,0,0.7088910341262817,False,"[0.040381, 0.045044, 0.043235, 0.17016, 0.340031, 0.3097, 0.051449]"
Cora,client,42,2548,0,MR,F,evaluation,4,0,0.8587054014205933,1,0.7088910341262817,False,"[0.065578, 0.086493, 0.041749, 0.214443, 0.312278, 0.123101, 0.156359]"
Cora,client,42,92,0,MR,F,evaluation,6,0,0.003922771196812391,0,0.7456499338150024,False,"[0.041348, 0.019019, 0.030601, 0.714342, 0.096189, 0.074438, 0.024063]"
Cora,client,42,144,0,MR,F,evaluation,6,0,0.014022956602275372,0,0.7456499338150024,False,"[0.055933, 0.034742, 0.08191, 0.46756, 0.087341, 0.180272, 0.092241]"
Cora,client,42,2158,0,MR,F,evaluation,6,0,0.010744050145149231,0,0.7456499338150024,False,"[0.088616, 0.05438, 0.03844, 0.444284, 0.164431, 0.139292, 0.070556]"
Cora,client,42,2622,0,MR,F,evaluation,6,0,0.018287021666765213,0,0.7456499338150024,False,"[0.117821, 0.043113, 0.071529, 0.401063, 0.084552, 0.187428, 0.094494]"
Cora,client,42,15,0,MR,F,evaluation,3,0,0.5521743297576904,0,0.6739380955696106,False,"[0.054127, 0.01242, 0.008707, 0.892675, 0.011256, 0.014263, 0.006553]"
Cora,client,42,398,0,MR,F,evaluation,3,0,0.5205104351043701,0,0.6739380955696106,False,"[0.069629, 0.03178, 0.019268, 0.818013, 0.037861, 0.004644, 0.018805]"
Cora,client,42,846,0,MR,F,evaluation,3,0,0.07097973674535751,0,0.6739380955696106,False,"[0.103544, 0.047527, 0.044351, 0.396613, 0.207712, 0.156427, 0.043826]"
Cora,client,42,1213,0,MR,F,evaluation,3,0,0.04661218076944351,0,0.6739380955696106,False,"[0.053802, 0.026551, 0.028176, 0.098932, 0.555758, 0.180036, 0.056745]"
Cora,client,42,2146,0,MR,F,evaluation,3,0,0.2759440243244171,0,0.6739380955696106,False,"[0.047263, 0.024411, 0.028985, 0.692821, 0.109125, 0.074347, 0.023048]"
Cora,client,42,2258,0,MR,F,evaluation,3,0,0.020090114325284958,0,0.6739380955696106,False,"[0.114157, 0.053115, 0.050674, 0.102203, 0.360506, 0.227805, 0.09154]"
Cora,client,42,9,0,MR,H,evaluation,2,0,0.6773205995559692,0,0.9013515114784241,False,"[0.123033, 0.064191, 0.087011, 0.204234, 0.060062, 0.231487, 0.229981]"
Cora,client,42,34,0,MR,H,evaluation,2,0,0.9883667826652527,1,0.9013515114784241,False,"[0.165606, 0.087524, 0.129529, 0.254952, 0.161282, 0.111987, 0.08912]"
Cora,client,42,46,0,MR,H,evaluation,2,0,0.999306321144104,1,0.9013515114784241,False,"[0.17216, 0.097113, 0.202339, 0.150118, 0.197279, 0.134239, 0.046751]"
Cora,client,42,64,0,MR,H,evaluation,2,0,0.9996800422668457,1,0.9013515114784241,False,"[0.136577, 0.034938, 0.116778, 0.244204, 0.331551, 0.060933, 0.075019]"
Cora,client,42,72,0,MR,H,evaluation,2,0,0.9967526793479919,1,0.9013515114784241,False,"[0.214891, 0.093136, 0.129036, 0.193773, 0.122748, 0.177506, 0.068909]"
Cora,client,42,73,0,MR,H,evaluation,2,0,0.00013458430476021022,0,0.9013515114784241,False,"[0.040932, 0.066892, 0.082419, 0.657654, 0.045402, 0.076137, 0.030564]"
Cora,client,42,105,0,MR,H,evaluation,2,0,0.9532793760299683,1,0.9013515114784241,False,"[0.120997, 0.254164, 0.164197, 0.143481, 0.093106, 0.111855, 0.112201]"
Cora,client,42,110,0,MR,H,evaluation,2,0,0.0006882852176204324,0,0.9013515114784241,False,"[0.083248, 0.095674, 0.04188, 0.630157, 0.036783, 0.028779, 0.08348]"
Cora,client,42,111,0,MR,H,evaluation,2,0,0.999901294708252,1,0.9013515114784241,False,"[0.322871, 0.052863, 0.159978, 0.188956, 0.108766, 0.12857, 0.037996]"
Cora,client,42,170,0,MR,H,evaluation,2,0,0.9043083786964417,1,0.9013515114784241,False,"[0.119675, 0.191775, 0.128196, 0.174313, 0.099672, 0.177909, 0.108459]"
Cora,client,42,188,0,MR,H,evaluation,2,0,0.9996845722198486,1,0.9013515114784241,False,"[0.263434, 0.119009, 0.157285, 0.120882, 0.105831, 0.178797, 0.054761]"
Cora,client,42,189,0,MR,H,evaluation,2,0,0.0085771968588233,0,0.9013515114784241,False,"[0.032585, 0.199872, 0.052715, 0.319587, 0.054583, 0.238106, 0.102553]"
Cora,client,42,202,0,MR,H,evaluation,2,0,0.9995406866073608,1,0.9013515114784241,False,"[0.159431, 0.081749, 0.082888, 0.285491, 0.316667, 0.039838, 0.033936]"
Cora,client,42,263,0,MR,H,evaluation,2,0,0.9873701333999634,1,0.9013515114784241,False,"[0.183634, 0.104891, 0.141248, 0.158598, 0.101165, 0.255081, 0.055383]"
Cora,client,42,296,0,MR,H,evaluation,2,0,0.9997333884239197,1,0.9013515114784241,False,"[0.265021, 0.075943, 0.149255, 0.125707, 0.123257, 0.223715, 0.037103]"
Cora,client,42,312,0,MR,H,evaluation,2,0,0.5269021987915039,0,0.9013515114784241,False,"[0.087438, 0.173194, 0.10213, 0.172189, 0.0823, 0.288666, 0.094084]"
Cora,client,42,333,0,MR,H,evaluation,2,0,0.0011871317401528358,0,0.9013515114784241,False,"[0.10863, 0.026016, 0.068547, 0.676839, 0.05045, 0.031352, 0.038166]"
Cora,client,42,341,0,MR,H,evaluation,2,0,0.0005807660636492074,0,0.9013515114784241,False,"[0.03703, 0.070022, 0.150779, 0.616596, 0.067049, 0.029781, 0.028743]"
Cora,client,42,353,0,MR,H,evaluation,2,0,0.9998898506164551,1,0.9013515114784241,False,"[0.201583, 0.066514, 0.095279, 0.270779, 0.307494, 0.028854, 0.029496]"
Cora,client,42,357,0,MR,H,evaluation,2,0,0.9948886036872864,1,0.9013515114784241,False,"[0.203549, 0.101201, 0.157492, 0.177326, 0.100566, 0.161546, 0.098321]"
Cora,client,42,358,0,MR,H,evaluation,2,0,0.9939806461334229,1,0.9013515114784241,False,"[0.25665, 0.091138, 0.074565, 0.185675, 0.061669, 0.261695, 0.068608]"
Cora,client,42,403,0,MR,H,evaluation,2,0,0.9940021634101868,1,0.9013515114784241,False,"[0.245417, 0.059579, 0.078556, 0.250281, 0.091552, 0.150506, 0.124109]"
Cora,client,42,425,0,MR,H,evaluation,2,0,0.22654880583286285,0,0.9013515114784241,False,"[0.066754, 0.142659, 0.104825, 0.220001, 0.077742, 0.257023, 0.130997]"
Cora,client,42,449,0,MR,H,evaluation,2,0,2.9236052796477452e-05,0,0.9013515114784241,False,"[0.02263, 0.040686, 0.080408, 0.723896, 0.042273, 0.068544, 0.021564]"
Cora,client,42,489,0,MR,H,evaluation,2,0,0.9995517134666443,1,0.9013515114784241,False,"[0.304188, 0.082149, 0.112111, 0.177173, 0.064885, 0.128236, 0.131258]"
Cora,client,42,501,0,MR,H,evaluation,2,0,0.9901160597801208,1,0.9013515114784241,False,"[0.170851, 0.096547, 0.155894, 0.220805, 0.139357, 0.129975, 0.086571]"
Cora,client,42,526,0,MR,H,evaluation,2,0,0.7097986340522766,0,0.9013515114784241,False,"[0.081228, 0.193413, 0.109985, 0.1559, 0.083998, 0.177827, 0.197648]"
Cora,client,42,534,0,MR,H,evaluation,2,0,0.4020838439464569,0,0.9013515114784241,False,"[0.111152, 0.165241, 0.093176, 0.275826, 0.076332, 0.179194, 0.099079]"
Cora,client,42,535,0,MR,H,evaluation,2,0,0.4561651349067688,0,0.9013515114784241,False,"[0.073384, 0.060149, 0.137874, 0.219124, 0.096184, 0.240826, 0.172459]"
Cora,client,42,557,0,MR,H,evaluation,2,0,0.1425897479057312,0,0.9013515114784241,False,"[0.085078, 0.07951, 0.060373, 0.158099, 0.034634, 0.455848, 0.126458]"
Cora,client,42,564,0,MR,H,evaluation,2,0,0.053758710622787476,0,0.9013515114784241,False,"[0.055237, 0.229103, 0.07989, 0.276322, 0.058834, 0.187091, 0.113523]"
Cora,client,42,580,0,MR,H,evaluation,2,0,0.9988370537757874,1,0.9013515114784241,False,"[0.231004, 0.097439, 0.12384, 0.171459, 0.117353, 0.128246, 0.13066]"
Cora,client,42,613,0,MR,H,evaluation,2,0,0.003434509737417102,0,0.9013515114784241,False,"[0.049709, 0.11475, 0.151877, 0.527741, 0.073285, 0.047491, 0.035147]"
Cora,client,42,616,0,MR,H,evaluation,2,0,0.9975252747535706,1,0.9013515114784241,False,"[0.213531, 0.11278, 0.152534, 0.232944, 0.135766, 0.066908, 0.085537]"
Cora,client,42,629,0,MR,H,evaluation,2,0,0.856074333190918,0,0.9013515114784241,False,"[0.1494, 0.234962, 0.099874, 0.195268, 0.056566, 0.152826, 0.111104]"
Cora,client,42,650,0,MR,H,evaluation,2,0,0.9425122737884521,1,0.9013515114784241,False,"[0.259682, 0.082698, 0.084435, 0.390424, 0.058247, 0.071667, 0.052847]"
Cora,client,42,681,0,MR,H,evaluation,3,0,0.6777969598770142,1,0.6739380955696106,False,"[5e-06, 2.1e-05, 1.1e-05, 0.999927, 4e-06, 8e-06, 2.5e-05]"
Cora,client,42,683,0,MR,H,evaluation,1,0,0.0006003326852805912,0,0.7180246114730835,False,"[0.035253, 0.109858, 0.088321, 0.673331, 0.024871, 0.04469, 0.023675]"
Cora,client,42,687,0,MR,H,evaluation,2,0,5.616779617412249e-06,0,0.9013515114784241,False,"[0.025025, 0.048222, 0.066016, 0.820356, 0.01608, 0.013227, 0.011075]"
Cora,client,42,732,0,MR,H,evaluation,2,0,0.9991965889930725,1,0.9013515114784241,False,"[0.26674, 0.074791, 0.132784, 0.155402, 0.100027, 0.240216, 0.03004]"
Cora,client,42,744,0,MR,H,evaluation,2,0,0.9996346235275269,1,0.9013515114784241,False,"[0.280036, 0.079018, 0.128022, 0.242119, 0.13864, 0.078108, 0.054057]"
Cora,client,42,748,0,MR,H,evaluation,2,0,0.9999552965164185,1,0.9013515114784241,False,"[0.348446, 0.026795, 0.078004, 0.043891, 0.064373, 0.335473, 0.103018]"
Cora,client,42,760,0,MR,H,evaluation,2,0,1.9927103949157754e-06,0,0.9013515114784241,False,"[0.025701, 0.015213, 0.023919, 0.900928, 0.020098, 0.006819, 0.007322]"
Cora,client,42,768,0,MR,H,evaluation,3,0,0.08240842074155807,0,0.6739380955696106,False,"[0.098448, 0.088745, 0.098582, 0.490755, 0.066938, 0.126538, 0.029994]"
Cora,client,42,796,0,MR,H,evaluation,2,0,0.9999427795410156,1,0.9013515114784241,False,"[0.276247, 0.095448, 0.149464, 0.10955, 0.150554, 0.161145, 0.057592]"
Cora,client,42,800,0,MR,H,evaluation,2,0,0.7576392292976379,0,0.9013515114784241,False,"[0.133985, 0.125271, 0.12316, 0.308742, 0.109848, 0.115767, 0.083227]"
Cora,client,42,806,0,MR,H,evaluation,2,0,0.9645239114761353,1,0.9013515114784241,False,"[0.154483, 0.085597, 0.083978, 0.145147, 0.095564, 0.275999, 0.159231]"
Cora,client,42,823,0,MR,H,evaluation,2,0,0.8976798057556152,0,0.9013515114784241,False,"[0.193947, 0.087619, 0.136885, 0.347722, 0.092214, 0.101804, 0.03981]"
Cora,client,42,825,0,MR,H,evaluation,2,0,0.8305336236953735,0,0.9013515114784241,False,"[0.114864, 0.120791, 0.103686, 0.300125, 0.155626, 0.139872, 0.065036]"
Cora,client,42,834,0,MR,H,evaluation,1,0,0.00017162012227345258,0,0.7180246114730835,False,"[0.026927, 0.081159, 0.069022, 0.744001, 0.017657, 0.042477, 0.018757]"
Cora,client,42,848,0,MR,H,evaluation,2,0,9.506074093224015e-06,0,0.9013515114784241,False,"[0.02076, 0.023295, 0.061618, 0.826352, 0.048322, 0.009682, 0.009971]"
Cora,client,42,853,0,MR,H,evaluation,2,0,0.9985039234161377,1,0.9013515114784241,False,"[0.240586, 0.12302, 0.169392, 0.133732, 0.079482, 0.187103, 0.066685]"
Cora,client,42,867,0,MR,H,evaluation,2,0,0.8372467756271362,0,0.9013515114784241,False,"[0.12197, 0.106919, 0.100304, 0.105311, 0.067993, 0.378343, 0.11916]"
Cora,client,42,871,0,MR,H,evaluation,2,0,0.9854200482368469,1,0.9013515114784241,False,"[0.164472, 0.137681, 0.138361, 0.08857, 0.083093, 0.292001, 0.095822]"
Cora,client,42,883,0,MR,H,evaluation,2,0,0.41037049889564514,0,0.9013515114784241,False,"[0.110285, 0.164076, 0.093723, 0.274392, 0.078074, 0.18061, 0.09884]"
Cora,client,42,889,0,MR,H,evaluation,2,0,0.11966480314731598,0,0.9013515114784241,False,"[0.08887, 0.20893, 0.069243, 0.336769, 0.082101, 0.145677, 0.068411]"
Cora,client,42,902,0,MR,H,evaluation,2,0,0.9976893663406372,1,0.9013515114784241,False,"[0.17539, 0.111749, 0.158746, 0.17691, 0.170184, 0.151718, 0.055303]"
Cora,client,42,919,0,MR,H,evaluation,2,0,0.9973236322402954,1,0.9013515114784241,False,"[0.197192, 0.103864, 0.156953, 0.217127, 0.149537, 0.097963, 0.077363]"
Cora,client,42,933,0,MR,H,evaluation,2,0,0.2187897264957428,0,0.9013515114784241,False,"[0.075086, 0.187539, 0.088358, 0.265615, 0.078451, 0.158849, 0.146102]"
Cora,client,42,951,0,MR,H,evaluation,2,0,0.9584327340126038,1,0.9013515114784241,False,"[0.182488, 0.072602, 0.117115, 0.333299, 0.133068, 0.082725, 0.078703]"
Cora,client,42,985,0,MR,H,evaluation,2,0,1.0189636668656021e-05,0,0.9013515114784241,False,"[0.03441, 0.025625, 0.046191, 0.833907, 0.040566, 0.009088, 0.010212]"
Cora,client,42,987,0,MR,H,evaluation,3,0,0.565333366394043,0,0.6739380955696106,False,"[0.004805, 0.012228, 0.005758, 0.896547, 0.049534, 0.025036, 0.006092]"
Cora,client,42,1007,0,MR,H,evaluation,2,0,0.8297228217124939,0,0.9013515114784241,False,"[0.103219, 0.165273, 0.091175, 0.179678, 0.10134, 0.18548, 0.173835]"
Cora,client,42,1019,0,MR,H,evaluation,3,0,0.5265212059020996,0,0.6739380955696106,False,"[0.023012, 0.006099, 0.018281, 0.867635, 0.053694, 0.012775, 0.018503]"
Cora,client,42,1136,0,MR,H,evaluation,2,0,0.00042324193054810166,0,0.9013515114784241,False,"[0.039348, 0.048754, 0.098317, 0.611341, 0.065164, 0.087649, 0.049427]"
Cora,client,42,1148,0,MR,H,evaluation,2,0,0.9999043941497803,1,0.9013515114784241,False,"[0.314032, 0.09161, 0.102033, 0.154286, 0.107939, 0.139088, 0.091013]"
Cora,client,42,1150,0,MR,H,evaluation,2,0,0.9347861409187317,1,0.9013515114784241,False,"[0.126189, 0.056821, 0.216273, 0.264114, 0.141185, 0.13561, 0.05981]"
Cora,client,42,1154,0,MR,H,evaluation,2,0,0.9031591415405273,1,0.9013515114784241,False,"[0.211492, 0.063037, 0.108783, 0.384764, 0.097382, 0.097016, 0.037527]"
Cora,client,42,1164,0,MR,H,evaluation,2,0,3.582599902074435e-06,0,0.9013515114784241,False,"[0.029288, 0.012179, 0.05113, 0.872074, 0.021478, 0.010343, 0.003507]"
Cora,client,42,1199,0,MR,H,evaluation,2,0,0.4455229341983795,0,0.9013515114784241,False,"[0.128665, 0.085109, 0.07477, 0.380728, 0.110669, 0.103951, 0.116108]"
Cora,client,42,1214,0,MR,H,evaluation,2,0,0.40978702902793884,0,0.9013515114784241,False,"[0.109848, 0.137752, 0.082298, 0.295196, 0.092069, 0.180212, 0.102625]"
Cora,client,42,1216,0,MR,H,evaluation,2,0,0.6781837940216064,0,0.9013515114784241,False,"[0.08093, 0.217964, 0.109562, 0.152249, 0.08086, 0.188601, 0.169834]"
Cora,client,42,1243,0,MR,H,evaluation,2,0,0.9520627856254578,1,0.9013515114784241,False,"[0.159667, 0.079435, 0.174588, 0.23148, 0.105135, 0.185753, 0.063943]"
Cora,client,42,1250,0,MR,H,evaluation,2,0,0.9988487958908081,1,0.9013515114784241,False,"[0.256828, 0.055879, 0.111942, 0.338742, 0.177042, 0.028616, 0.03095]"
Cora,client,42,1254,0,MR,H,evaluation,2,0,0.96855229139328,1,0.9013515114784241,False,"[0.139392, 0.183353, 0.124197, 0.088972, 0.08347, 0.266914, 0.113702]"
Cora,client,42,1287,0,MR,H,evaluation,2,0,1.208061530633131e-05,0,0.9013515114784241,False,"[0.041574, 0.026612, 0.064113, 0.817399, 0.02742, 0.016713, 0.006169]"
Cora,client,42,1308,0,MR,H,evaluation,2,0,0.926128089427948,1,0.9013515114784241,False,"[0.121414, 0.177517, 0.108747, 0.093993, 0.085246, 0.307417, 0.105666]"
Cora,client,42,1317,0,MR,H,evaluation,2,0,0.9999991655349731,1,0.9013515114784241,False,"[0.449985, 0.043447, 0.171788, 0.124954, 0.103064, 0.079455, 0.027307]"
Cora,client,42,1339,0,MR,H,evaluation,2,0,0.9993245601654053,1,0.9013515114784241,False,"[0.229755, 0.088266, 0.22237, 0.124812, 0.109065, 0.167943, 0.057789]"
Cora,client,42,1345,0,MR,H,evaluation,2,0,0.9994069337844849,1,0.9013515114784241,False,"[0.138157, 0.099452, 0.08478, 0.259629, 0.319556, 0.051786, 0.046639]"
Cora,client,42,1358,0,MR,H,evaluation,2,0,5.451343167806044e-05,0,0.9013515114784241,False,"[0.115566, 0.001013, 0.032671, 0.832495, 0.008299, 0.00968, 0.000276]"
Cora,client,42,1384,0,MR,H,evaluation,2,0,0.9792020916938782,1,0.9013515114784241,False,"[0.133207, 0.198675, 0.125638, 0.143542, 0.126348, 0.174953, 0.097638]"
Cora,client,42,1427,0,MR,H,evaluation,2,0,0.797325611114502,0,0.9013515114784241,False,"[0.129584, 0.135279, 0.065102, 0.152618, 0.063848, 0.287911, 0.165656]"
Cora,client,42,1456,0,MR,H,evaluation,3,0,0.5469827055931091,0,0.6739380955696106,False,"[0.013429, 0.005885, 0.011363, 0.814125, 0.133518, 0.009612, 0.012068]"
Cora,client,42,1457,0,MR,H,evaluation,3,0,0.6196492314338684,0,0.6739380955696106,False,"[0.007646, 0.001507, 0.005568, 0.924913, 0.049743, 0.00455, 0.006073]"
Cora,client,42,1466,0,MR,H,evaluation,2,0,0.9968360662460327,1,0.9013515114784241,False,"[0.255095, 0.068281, 0.096935, 0.116802, 0.058749, 0.344958, 0.05918]"
Cora,client,42,1480,0,MR,H,evaluation,2,0,0.9993440508842468,1,0.9013515114784241,False,"[0.220383, 0.105203, 0.148633, 0.169997, 0.155144, 0.134293, 0.066348]"
Cora,client,42,1499,0,MR,H,evaluation,2,0,0.6768715381622314,0,0.9013515114784241,False,"[0.128681, 0.237503, 0.088207, 0.198544, 0.057577, 0.201612, 0.087877]"
Cora,client,42,1513,0,MR,H,evaluation,2,0,1.900008828670252e-05,0,0.9013515114784241,False,"[0.038778, 0.070083, 0.045523, 0.767657, 0.026829, 0.024491, 0.026638]"
Cora,client,42,1516,0,MR,H,evaluation,2,0,1.5306153500205255e-06,0,0.9013515114784241,False,"[0.010084, 0.033363, 0.025238, 0.887096, 0.020694, 0.008662, 0.014863]"
Cora,client,42,1520,0,MR,H,evaluation,2,0,0.9495601654052734,1,0.9013515114784241,False,"[0.189528, 0.045582, 0.160407, 0.278253, 0.095807, 0.188373, 0.04205]"
Cora,client,42,1546,0,MR,H,evaluation,2,0,0.0047487481497228146,0,0.9013515114784241,False,"[0.058792, 0.129571, 0.187566, 0.495381, 0.048361, 0.04342, 0.036907]"
Cora,client,42,1550,0,MR,H,evaluation,2,0,0.9952979683876038,1,0.9013515114784241,False,"[0.218977, 0.116477, 0.112855, 0.141877, 0.068206, 0.179046, 0.162561]"
Cora,client,42,1557,0,MR,H,evaluation,2,0,0.013262719847261906,0,0.9013515114784241,False,"[0.115442, 0.142763, 0.084651, 0.488427, 0.029696, 0.065526, 0.073495]"
Cora,client,42,1565,0,MR,H,evaluation,2,0,0.9967447519302368,1,0.9013515114784241,False,"[0.195067, 0.121457, 0.136566, 0.221719, 0.148012, 0.086954, 0.090226]"
Cora,client,42,1566,0,MR,H,evaluation,2,0,0.9998998641967773,1,0.9013515114784241,False,"[0.39646, 0.04455, 0.091489, 0.25712, 0.061846, 0.114727, 0.033809]"
Cora,client,42,1589,0,MR,H,evaluation,2,0,0.21989047527313232,0,0.9013515114784241,False,"[0.043123, 0.170382, 0.0774, 0.087694, 0.066472, 0.444675, 0.110255]"
Cora,client,42,1642,0,MR,H,evaluation,2,0,0.002877820748835802,0,0.9013515114784241,False,"[0.03108, 0.019737, 0.166096, 0.581096, 0.12222, 0.06548, 0.014292]"
Cora,client,42,1710,0,MR,H,evaluation,2,0,0.2269614040851593,0,0.9013515114784241,False,"[0.132558, 0.151117, 0.125719, 0.390224, 0.066454, 0.083564, 0.050364]"
Cora,client,42,1714,0,MR,H,evaluation,2,0,0.9957706332206726,1,0.9013515114784241,False,"[0.185479, 0.13949, 0.159918, 0.151293, 0.121499, 0.17819, 0.064131]"
Cora,client,42,1720,0,MR,H,evaluation,2,0,0.999685525894165,1,0.9013515114784241,False,"[0.245188, 0.103774, 0.179099, 0.130718, 0.125255, 0.144367, 0.0716]"
Cora,client,42,1726,0,MR,H,evaluation,2,0,0.9158037900924683,1,0.9013515114784241,False,"[0.181957, 0.174511, 0.123925, 0.245614, 0.064676, 0.148076, 0.061241]"
Cora,client,42,1730,0,MR,H,evaluation,2,0,0.9992924928665161,1,0.9013515114784241,False,"[0.261262, 0.060905, 0.159403, 0.238961, 0.132477, 0.094873, 0.052119]"
Cora,client,42,1731,0,MR,H,evaluation,2,0,0.9992875456809998,1,0.9013515114784241,False,"[0.239366, 0.061027, 0.215424, 0.147126, 0.113422, 0.187199, 0.036436]"
Cora,client,42,1737,0,MR,H,evaluation,2,0,0.9999465942382812,1,0.9013515114784241,False,"[0.18806, 0.040788, 0.126128, 0.195515, 0.311152, 0.078464, 0.059892]"
Cora,client,42,1739,0,MR,H,evaluation,2,0,0.9998914003372192,1,0.9013515114784241,False,"[0.330238, 0.051524, 0.147068, 0.253035, 0.122856, 0.052013, 0.043266]"
Cora,client,42,1742,0,MR,H,evaluation,2,0,0.9733966588973999,1,0.9013515114784241,False,"[0.170949, 0.077416, 0.082147, 0.171335, 0.089134, 0.217339, 0.191681]"
Cora,client,42,1744,0,MR,H,evaluation,2,0,0.9937368631362915,1,0.9013515114784241,False,"[0.178305, 0.104296, 0.170341, 0.208839, 0.137766, 0.123312, 0.077141]"
Cora,client,42,1745,0,MR,H,evaluation,2,0,0.24537357687950134,0,0.9013515114784241,False,"[0.064396, 0.145523, 0.094261, 0.146007, 0.064366, 0.377623, 0.107824]"
Cora,client,42,1746,0,MR,H,evaluation,2,0,0.996523916721344,1,0.9013515114784241,False,"[0.195929, 0.127061, 0.201831, 0.121415, 0.093561, 0.195263, 0.06494]"
Cora,client,42,1747,0,MR,H,evaluation,2,0,0.9955905675888062,1,0.9013515114784241,False,"[0.194929, 0.134251, 0.106493, 0.18189, 0.124477, 0.141325, 0.116635]"
Cora,client,42,1748,0,MR,H,evaluation,2,0,0.9983539581298828,1,0.9013515114784241,False,"[0.220676, 0.106849, 0.164425, 0.131323, 0.103895, 0.205095, 0.067737]"
Cora,client,42,1755,0,MR,H,evaluation,2,0,0.996362030506134,1,0.9013515114784241,False,"[0.192548, 0.082377, 0.172161, 0.175068, 0.129785, 0.179707, 0.068353]"
Cora,client,42,1756,0,MR,H,evaluation,2,0,0.9966115355491638,1,0.9013515114784241,False,"[0.26889, 0.102564, 0.133699, 0.223267, 0.067558, 0.165662, 0.038361]"
Cora,client,42,1760,0,MR,H,evaluation,2,0,0.986649215221405,1,0.9013515114784241,False,"[0.152275, 0.130076, 0.139243, 0.198703, 0.144912, 0.148785, 0.086005]"
Cora,client,42,1831,0,MR,H,evaluation,2,0,0.01553785428404808,0,0.9013515114784241,False,"[0.039587, 0.243484, 0.026317, 0.335759, 0.086729, 0.227704, 0.04042]"
Cora,client,42,1832,0,MR,H,evaluation,2,0,0.9766969680786133,1,0.9013515114784241,False,"[0.129192, 0.147534, 0.119634, 0.210225, 0.162044, 0.141312, 0.090058]"
Cora,client,42,1855,0,MR,H,evaluation,3,0,0.4836081266403198,0,0.6739380955696106,False,"[0.057705, 0.025917, 0.025587, 0.833424, 0.027336, 0.017853, 0.012179]"
Cora,client,42,1886,0,MR,H,evaluation,2,0,0.9963672161102295,1,0.9013515114784241,False,"[0.199047, 0.091188, 0.14162, 0.241314, 0.152684, 0.101215, 0.072932]"
Cora,client,42,1888,0,MR,H,evaluation,2,0,0.9999450445175171,1,0.9013515114784241,False,"[0.19845, 0.067587, 0.09716, 0.165894, 0.288917, 0.117381, 0.064611]"
Cora,client,42,2169,0,MR,H,evaluation,2,0,8.337869076058269e-06,0,0.9013515114784241,False,"[0.018658, 0.084357, 0.072848, 0.762246, 0.011958, 0.035241, 0.014692]"
Cora,client,42,2220,0,MR,H,evaluation,2,0,0.9999988079071045,1,0.9013515114784241,False,"[0.456173, 0.064213, 0.102805, 0.098912, 0.083481, 0.141918, 0.052498]"
Cora,client,42,2279,0,MR,H,evaluation,2,0,0.07368261367082596,0,0.9013515114784241,False,"[0.079769, 0.209812, 0.082056, 0.312288, 0.047397, 0.124109, 0.144569]"
Cora,client,42,2334,0,MR,H,evaluation,2,0,0.8732541799545288,0,0.9013515114784241,False,"[0.149295, 0.128094, 0.094278, 0.197334, 0.068718, 0.208638, 0.153642]"
Cora,client,42,2359,0,MR,H,evaluation,2,0,8.581084784964332e-07,0,0.9013515114784241,False,"[0.009526, 0.014761, 0.021495, 0.924702, 0.016198, 0.007841, 0.005477]"
Cora,client,42,2366,0,MR,H,evaluation,2,0,0.9995424747467041,1,0.9013515114784241,False,"[0.200621, 0.071531, 0.216268, 0.188255, 0.192929, 0.099797, 0.0306]"
Cora,client,42,2372,0,MR,H,evaluation,2,0,0.0023934722412377596,0,0.9013515114784241,False,"[0.075191, 0.092121, 0.102406, 0.584999, 0.065684, 0.040119, 0.03948]"
Cora,client,42,2392,0,MR,H,evaluation,2,0,0.19800400733947754,0,0.9013515114784241,False,"[0.075643, 0.078847, 0.149706, 0.282385, 0.073358, 0.181538, 0.158524]"
Cora,client,42,2415,0,MR,H,evaluation,2,0,0.02577630802989006,0,0.9013515114784241,False,"[0.074799, 0.102693, 0.06824, 0.507073, 0.125041, 0.069261, 0.052893]"
Cora,client,42,2442,0,MR,H,evaluation,2,0,0.9849709868431091,1,0.9013515114784241,False,"[0.162379, 0.150899, 0.118724, 0.091467, 0.085222, 0.273686, 0.117623]"
Cora,client,42,2443,0,MR,H,evaluation,2,0,0.9720630049705505,1,0.9013515114784241,False,"[0.154026, 0.137459, 0.072317, 0.246665, 0.137079, 0.086417, 0.166037]"
Cora,client,42,2446,0,MR,H,evaluation,2,0,0.9657649993896484,1,0.9013515114784241,False,"[0.184311, 0.109764, 0.113915, 0.189034, 0.071036, 0.209842, 0.122099]"
Cora,client,42,2447,0,MR,H,evaluation,2,0,0.998755693435669,1,0.9013515114784241,False,"[0.246912, 0.093531, 0.111731, 0.188557, 0.112447, 0.15209, 0.094732]"
Cora,client,42,2448,0,MR,H,evaluation,2,0,0.7992985844612122,0,0.9013515114784241,False,"[0.156531, 0.088018, 0.12037, 0.202199, 0.052936, 0.284777, 0.09517]"
Cora,client,42,2451,0,MR,H,evaluation,2,0,0.5808209776878357,0,0.9013515114784241,False,"[0.189202, 0.032724, 0.131681, 0.413915, 0.069356, 0.118588, 0.044534]"
Cora,client,42,2459,0,MR,H,evaluation,3,0,0.41520723700523376,0,0.6739380955696106,False,"[0.035099, 0.021221, 0.044472, 0.792683, 0.063824, 0.021114, 0.021586]"
Cora,client,42,2466,0,MR,H,evaluation,2,0,0.3498452603816986,0,0.9013515114784241,False,"[0.065326, 0.09047, 0.076195, 0.235212, 0.104866, 0.223083, 0.204849]"
Cora,client,42,2492,0,MR,H,evaluation,2,0,0.9999315738677979,1,0.9013515114784241,False,"[0.308857, 0.072765, 0.201956, 0.131281, 0.096799, 0.116679, 0.071663]"
Cora,client,42,2503,0,MR,H,evaluation,2,0,0.9751313924789429,1,0.9013515114784241,False,"[0.138292, 0.108113, 0.135364, 0.181713, 0.119143, 0.132817, 0.184558]"
Cora,client,42,2523,0,MR,H,evaluation,2,0,0.9863700866699219,1,0.9013515114784241,False,"[0.155709, 0.108433, 0.11977, 0.134652, 0.116705, 0.240506, 0.124224]"
Cora,client,42,2530,0,MR,H,evaluation,2,0,0.9808387756347656,1,0.9013515114784241,False,"[0.159178, 0.085549, 0.13163, 0.144349, 0.117465, 0.303379, 0.05845]"
Cora,client,42,2546,0,MR,H,evaluation,2,0,0.9876720905303955,1,0.9013515114784241,False,"[0.137808, 0.117105, 0.090467, 0.207421, 0.192693, 0.20734, 0.047166]"
Cora,client,42,2585,0,MR,H,evaluation,2,0,1.98057546185737e-06,0,0.9013515114784241,False,"[0.02362, 0.014869, 0.037565, 0.889286, 0.013967, 0.011346, 0.009347]"
Cora,client,42,2597,0,MR,H,evaluation,2,0,0.01682131737470627,0,0.9013515114784241,False,"[0.073188, 0.084284, 0.087935, 0.508624, 0.107891, 0.076583, 0.061496]"
Cora,client,42,2607,0,MR,H,evaluation,3,0,0.030662639066576958,0,0.6739380955696106,False,"[0.091767, 0.051743, 0.151698, 0.227844, 0.271161, 0.116496, 0.08929]"
Cora,client,42,2614,0,MR,H,evaluation,2,0,0.4385544955730438,0,0.9013515114784241,False,"[0.12816, 0.072149, 0.066291, 0.263908, 0.053421, 0.212973, 0.203098]"
Cora,client,42,2616,0,MR,H,evaluation,2,0,0.9997979998588562,1,0.9013515114784241,False,"[0.154566, 0.040193, 0.133327, 0.211171, 0.305203, 0.071489, 0.084051]"
Cora,client,42,2627,0,MR,H,evaluation,2,0,0.0022209181915968657,0,0.9013515114784241,False,"[0.058923, 0.096534, 0.096418, 0.522346, 0.062779, 0.125429, 0.037571]"
Cora,client,42,2643,0,MR,H,evaluation,2,0,0.9945646524429321,1,0.9013515114784241,False,"[0.201582, 0.033512, 0.103485, 0.334722, 0.198278, 0.099842, 0.028579]"
Cora,client,42,2651,0,MR,H,evaluation,2,0,0.9606525301933289,1,0.9013515114784241,False,"[0.126693, 0.262439, 0.148179, 0.137689, 0.091966, 0.114607, 0.118427]"
Cora,client,42,2654,0,MR,H,evaluation,2,0,0.9995740056037903,1,0.9013515114784241,False,"[0.301955, 0.039718, 0.061686, 0.312597, 0.154291, 0.068309, 0.061444]"
Cora,client,42,2657,0,MR,H,evaluation,2,0,0.04302338883280754,0,0.9013515114784241,False,"[0.038347, 0.026426, 0.190279, 0.467463, 0.150944, 0.082874, 0.043667]"
Cora,client,42,2658,0,MR,H,evaluation,2,0,0.32070454955101013,0,0.9013515114784241,False,"[0.079867, 0.097423, 0.161213, 0.399034, 0.155282, 0.086845, 0.020336]"
Cora,client,42,192,0,MR,H,evaluation,3,0,0.09856755286455154,0,0.6739380955696106,False,"[0.168474, 0.069814, 0.107362, 0.330111, 0.225507, 0.049433, 0.0493]"
Cora,client,42,240,0,MR,H,evaluation,3,0,0.12070024758577347,0,0.6739380955696106,False,"[0.260302, 0.050574, 0.037016, 0.109579, 0.473104, 0.043059, 0.026367]"
Cora,client,42,278,0,MR,H,evaluation,3,0,0.13725551962852478,0,0.6739380955696106,False,"[0.084456, 0.049473, 0.049952, 0.470403, 0.193941, 0.091019, 0.060757]"
Cora,client,42,291,0,MR,H,evaluation,3,0,0.11871985346078873,0,0.6739380955696106,False,"[0.189635, 0.098627, 0.033564, 0.234951, 0.307878, 0.086779, 0.048566]"
Cora,client,42,365,0,MR,H,evaluation,0,0,0.07797861844301224,0,0.8464870452880859,False,"[0.307572, 0.041168, 0.087545, 0.260192, 0.115576, 0.120214, 0.067734]"
Cora,client,42,591,0,MR,H,evaluation,0,0,0.10337997227907181,0,0.8464870452880859,False,"[0.210758, 0.010951, 0.040734, 0.141353, 0.488861, 0.05816, 0.049183]"
Cora,client,42,756,0,MR,H,evaluation,3,0,0.25315240025520325,0,0.6739380955696106,False,"[0.129864, 0.014751, 0.012217, 0.147739, 0.671445, 0.014307, 0.009676]"
Cora,client,42,1185,0,MR,H,evaluation,3,0,0.4375964105129242,0,0.6739380955696106,False,"[0.014437, 0.010069, 0.006919, 0.842427, 0.056884, 0.056781, 0.012483]"
Cora,client,42,1423,0,MR,H,evaluation,3,0,0.07653245329856873,0,0.6739380955696106,False,"[0.246448, 0.053651, 0.039718, 0.143014, 0.373471, 0.081459, 0.062238]"
Cora,client,42,1460,0,MR,H,evaluation,3,0,0.0969260111451149,0,0.6739380955696106,False,"[0.051452, 0.082814, 0.033185, 0.471419, 0.134283, 0.157865, 0.068981]"
Cora,client,42,1469,0,MR,H,evaluation,3,0,0.13534779846668243,0,0.6739380955696106,False,"[0.063009, 0.071276, 0.013071, 0.415326, 0.260114, 0.139525, 0.037678]"
Cora,client,42,1498,0,MR,H,evaluation,3,0,0.05385848879814148,0,0.6739380955696106,False,"[0.049957, 0.083444, 0.02275, 0.378305, 0.190219, 0.222949, 0.052376]"
Cora,client,42,1514,0,MR,H,evaluation,3,0,0.11156901717185974,0,0.6739380955696106,False,"[0.141144, 0.095548, 0.0433, 0.229298, 0.343778, 0.09339, 0.053541]"
Cora,client,42,1556,0,MR,H,evaluation,0,0,0.06194488704204559,0,0.8464870452880859,False,"[0.350492, 0.044581, 0.040072, 0.166348, 0.24924, 0.133302, 0.015966]"
Cora,client,42,2187,0,MR,H,evaluation,3,0,0.1391485035419464,0,0.6739380955696106,False,"[0.204257, 0.063633, 0.038396, 0.142861, 0.472174, 0.046783, 0.031896]"
Cora,client,42,2349,0,MR,H,evaluation,3,0,0.1425727754831314,0,0.6739380955696106,False,"[0.05178, 0.075426, 0.013582, 0.474135, 0.198167, 0.142004, 0.044906]"
Cora,client,42,2469,0,MR,H,evaluation,0,0,0.06462356448173523,0,0.8464870452880859,False,"[0.376115, 0.059164, 0.073207, 0.201052, 0.094981, 0.142998, 0.052483]"
Cora,client,42,138,0,MR,H,evaluation,1,0,0.9462333917617798,1,0.7180246114730835,False,"[0.085083, 0.352909, 0.05908, 0.173654, 0.022632, 0.245528, 0.061114]"
Cora,client,42,969,0,MR,H,evaluation,2,0,0.9910377264022827,1,0.9013515114784241,False,"[0.218954, 0.194796, 0.090017, 0.116985, 0.057052, 0.273362, 0.048835]"
Cora,client,42,1011,0,MR,H,evaluation,1,0,0.01833159476518631,0,0.7180246114730835,False,"[0.073332, 0.066435, 0.073673, 0.51427, 0.059988, 0.157844, 0.054458]"
Cora,client,42,1077,0,MR,H,evaluation,5,0,0.028626298531889915,0,0.6212708353996277,False,"[0.244902, 0.120669, 0.099403, 0.132258, 0.087948, 0.277922, 0.036898]"
Cora,client,42,1483,0,MR,H,evaluation,2,0,0.9932512640953064,1,0.9013515114784241,False,"[0.3022, 0.118569, 0.046508, 0.223153, 0.027735, 0.258198, 0.023637]"
Cora,client,42,1620,0,MR,H,evaluation,1,0,0.7739512920379639,1,0.7180246114730835,False,"[0.262829, 0.230264, 0.0766, 0.092414, 0.058926, 0.219455, 0.059513]"
Cora,client,42,1638,0,MR,H,evaluation,1,0,0.5372083187103271,0,0.7180246114730835,False,"[0.111653, 0.110425, 0.062522, 0.291079, 0.095725, 0.23333, 0.095265]"
Cora,client,42,1735,0,MR,H,evaluation,1,0,0.8543834686279297,1,0.7180246114730835,False,"[0.17183, 0.236404, 0.069973, 0.166293, 0.043478, 0.234548, 0.077474]"
Cora,client,42,1743,0,MR,H,evaluation,2,0,0.9950141310691833,1,0.9013515114784241,False,"[0.259574, 0.176629, 0.066844, 0.13058, 0.042973, 0.291981, 0.031419]"
Cora,client,42,340,0,MR,H,evaluation,4,0,0.19592583179473877,0,0.7088910341262817,False,"[0.056013, 0.008296, 0.014964, 0.355452, 0.414567, 0.130365, 0.020344]"
Cora,client,42,515,0,MR,H,evaluation,4,0,0.35187965631484985,0,0.7088910341262817,False,"[0.045847, 0.026787, 0.022137, 0.125477, 0.588735, 0.156706, 0.034311]"
Cora,client,42,582,0,MR,H,evaluation,4,0,0.8318644165992737,1,0.7088910341262817,False,"[0.046034, 0.022866, 0.029393, 0.143476, 0.496679, 0.119495, 0.142057]"
Cora,client,42,584,0,MR,H,evaluation,4,0,0.19633501768112183,0,0.7088910341262817,False,"[0.062589, 0.007643, 0.014193, 0.260264, 0.494524, 0.145111, 0.015676]"
Cora,client,42,798,0,MR,H,evaluation,4,0,0.15385577082633972,0,0.7088910341262817,False,"[0.092336, 0.009394, 0.023887, 0.049306, 0.637668, 0.177524, 0.009885]"
Cora,client,42,828,0,MR,H,evaluation,4,0,0.18165414035320282,0,0.7088910341262817,False,"[0.148447, 0.042647, 0.055124, 0.149167, 0.34491, 0.177467, 0.082236]"
Cora,client,42,1794,0,MR,H,evaluation,4,0,0.22075101733207703,0,0.7088910341262817,False,"[0.080399, 0.01581, 0.026648, 0.062713, 0.648736, 0.148735, 0.016959]"
Cora,client,42,2299,0,MR,H,evaluation,4,0,0.1400972604751587,0,0.7088910341262817,False,"[0.196096, 0.059979, 0.061286, 0.139044, 0.315796, 0.151814, 0.075984]"
Cora,client,42,2464,0,MR,H,evaluation,4,0,0.33798685669898987,0,0.7088910341262817,False,"[0.058797, 0.010736, 0.01332, 0.122452, 0.648362, 0.125504, 0.020828]"
Cora,client,42,2496,0,MR,H,evaluation,4,0,0.38944029808044434,0,0.7088910341262817,False,"[0.081815, 0.037787, 0.043416, 0.225807, 0.362994, 0.155105, 0.093075]"
Cora,client,42,23,0,MR,H,evaluation,6,0,0.005639052949845791,0,0.7456499338150024,False,"[0.164125, 0.015836, 0.044289, 0.579821, 0.142625, 0.033425, 0.019878]"
Cora,client,42,108,0,MR,H,evaluation,6,0,0.0042362334206700325,0,0.7456499338150024,False,"[0.026797, 0.04854, 0.027409, 0.735149, 0.044504, 0.080651, 0.036951]"
Cora,client,42,145,0,MR,H,evaluation,6,0,0.007697162684053183,0,0.7456499338150024,False,"[0.057102, 0.022992, 0.060389, 0.589393, 0.074236, 0.137277, 0.058611]"
Cora,client,42,213,0,MR,H,evaluation,6,0,0.014022956602275372,0,0.7456499338150024,False,"[0.055933, 0.034742, 0.08191, 0.46756, 0.087341, 0.180272, 0.092241]"
Cora,client,42,495,0,MR,H,evaluation,6,0,0.004090273752808571,0,0.7456499338150024,False,"[0.029282, 0.017965, 0.04844, 0.746417, 0.05803, 0.063386, 0.03648]"
Cora,client,42,898,0,MR,H,evaluation,6,0,0.002962493570521474,0,0.7456499338150024,False,"[0.028718, 0.010874, 0.024577, 0.813409, 0.061119, 0.042712, 0.018591]"
Cora,client,42,1328,0,MR,H,evaluation,6,0,0.0033202592749148607,0,0.7456499338150024,False,"[0.033458, 0.014369, 0.041921, 0.798581, 0.048013, 0.039745, 0.023914]"
Cora,client,42,1504,0,MR,H,evaluation,6,0,0.00534848403185606,0,0.7456499338150024,False,"[0.033237, 0.06335, 0.033038, 0.675617, 0.051791, 0.095274, 0.047693]"
Cora,client,42,1593,0,MR,H,evaluation,6,0,0.009995453990995884,0,0.7456499338150024,False,"[0.055422, 0.034582, 0.084105, 0.520412, 0.099246, 0.138292, 0.067941]"
Cora,client,42,1698,0,MR,H,evaluation,6,0,0.010591435246169567,0,0.7456499338150024,False,"[0.089675, 0.048772, 0.106831, 0.5108, 0.110474, 0.055043, 0.078404]"
Cora,client,42,2157,0,MR,H,evaluation,6,0,0.0031546945683658123,0,0.7456499338150024,False,"[0.036051, 0.014363, 0.022143, 0.794408, 0.06624, 0.043639, 0.023156]"
Cora,client,42,2160,0,MR,H,evaluation,6,0,0.00234169140458107,0,0.7456499338150024,False,"[0.014426, 0.006416, 0.018314, 0.89453, 0.036893, 0.016584, 0.012837]"
Cora,client,42,2161,0,MR,H,evaluation,6,0,0.00329845049418509,0,0.7456499338150024,False,"[0.044236, 0.018818, 0.036516, 0.795305, 0.04965, 0.032756, 0.02272]"
Cora,client,42,2192,0,MR,H,evaluation,6,0,0.008376083336770535,0,0.7456499338150024,False,"[0.052045, 0.027826, 0.067029, 0.589496, 0.064242, 0.126115, 0.073247]"
Cora,client,42,2209,0,MR,H,evaluation,6,0,0.003922696691006422,0,0.7456499338150024,False,"[0.024005, 0.046359, 0.024299, 0.757726, 0.037998, 0.075722, 0.033893]"
Cora,client,42,311,0,MR,H,evaluation,3,0,0.671455979347229,0,0.6739380955696106,False,"[9.2e-05, 0.000329, 0.000657, 0.98542, 0.013166, 0.000236, 9.9e-05]"
Cora,client,42,343,0,MR,H,evaluation,3,0,0.6393033266067505,0,0.6739380955696106,False,"[0.002234, 0.00858, 0.006898, 0.935052, 0.042656, 0.002625, 0.001956]"
Cora,client,42,395,0,MR,H,evaluation,3,0,0.2814844846725464,0,0.6739380955696106,False,"[0.059198, 0.070301, 0.030762, 0.645359, 0.093918, 0.076351, 0.024112]"
Cora,client,42,765,0,MR,H,evaluation,3,0,0.30808934569358826,0,0.6739380955696106,False,"[0.061027, 0.080896, 0.025218, 0.648543, 0.088583, 0.074384, 0.021349]"
Cora,client,42,1132,0,MR,H,evaluation,3,0,0.6577502489089966,0,0.6739380955696106,False,"[0.000963, 0.00174, 0.003023, 0.969016, 0.022646, 0.001389, 0.001222]"
Cora,client,42,1271,0,MR,H,evaluation,3,0,0.5842856168746948,0,0.6739380955696106,False,"[0.050665, 0.007757, 0.005806, 0.916321, 0.006773, 0.008407, 0.004272]"
Cora,client,42,1598,0,MR,H,evaluation,3,0,0.5220890641212463,0,0.6739380955696106,False,"[0.037826, 0.0238, 0.010922, 0.86937, 0.021798, 0.026817, 0.009468]"
Cora,client,42,2369,0,MR,H,evaluation,3,0,0.4204670488834381,0,0.6739380955696106,False,"[0.070874, 0.017838, 0.017115, 0.717837, 0.140993, 0.029683, 0.00566]"
Cora,client,42,2370,0,MR,H,evaluation,3,0,0.5019839406013489,0,0.6739380955696106,False,"[0.05161, 0.008661, 0.009174, 0.782902, 0.126508, 0.018811, 0.002333]"
Cora,client,42,2371,0,MR,H,evaluation,3,0,0.3430218994617462,0,0.6739380955696106,False,"[0.060113, 0.072073, 0.037064, 0.652252, 0.110426, 0.0486, 0.019471]"
Cora,client,42,212,0,MR,H,evaluation,3,0,0.03587043657898903,0,0.6739380955696106,False,"[0.065429, 0.056681, 0.076538, 0.230565, 0.31311, 0.176879, 0.080798]"
Cora,client,42,413,0,MR,H,evaluation,3,0,0.0436188168823719,0,0.6739380955696106,False,"[0.180538, 0.050524, 0.077923, 0.348239, 0.126792, 0.140095, 0.075891]"
Cora,client,42,455,0,MR,H,evaluation,3,0,0.08772178739309311,0,0.6739380955696106,False,"[0.192887, 0.055314, 0.039674, 0.283695, 0.279841, 0.105852, 0.042738]"
Cora,client,42,509,0,MR,H,evaluation,3,0,0.1755400002002716,0,0.6739380955696106,False,"[0.054396, 0.045553, 0.057324, 0.613159, 0.09842, 0.09008, 0.041068]"
Cora,client,42,1084,0,MR,H,evaluation,3,0,0.025819307193160057,0,0.6739380955696106,False,"[0.066706, 0.034972, 0.044057, 0.102324, 0.464549, 0.225394, 0.061998]"
Cora,client,42,1290,0,MR,H,evaluation,3,0,0.02858748286962509,0,0.6739380955696106,False,"[0.055647, 0.034838, 0.041968, 0.150566, 0.429807, 0.224098, 0.063077]"
Cora,client,42,2147,0,MR,H,evaluation,3,0,0.14579446613788605,0,0.6739380955696106,False,"[0.171975, 0.023628, 0.030271, 0.41393, 0.258135, 0.079756, 0.022305]"
Cora,client,42,2148,0,MR,H,evaluation,3,0,0.2634522318840027,0,0.6739380955696106,False,"[0.037643, 0.032649, 0.046634, 0.697169, 0.08836, 0.067799, 0.029747]"
