dataset,scenario,seed,global_node_id,client_id,stage,subset,pool_role,true_class,membership_label,mia_score,decision,threshold,fallback_status,local_degree,local_label_agreement,correct_prediction,prob_vector
Actor,client,99,3015,0,M0,attack_member,evaluation,2,1,0.41234833002090454,0,0.6948522925376892,False,1,0.0,0,"[0.180915, 0.178758, 0.205754, 0.211073, 0.2235]"
Actor,client,99,3042,0,M0,attack_member,evaluation,1,1,0.32256805896759033,0,0.5864935517311096,False,1,0.0,0,"[0.114053, 0.135393, 0.179025, 0.265363, 0.306166]"
Actor,client,99,3095,0,M0,attack_member,evaluation,4,1,0.558972179889679,0,0.6842027902603149,False,0,,0,"[0.104125, 0.336359, 0.085311, 0.21619, 0.258014]"
Actor,client,99,3102,0,M0,attack_member,evaluation,2,1,0.2278566062450409,0,0.6948522925376892,False,3,0.0,0,"[0.032851, 0.064181, 0.096412, 0.302269, 0.504287]"
Actor,client,99,3128,0,M0,attack_member,evaluation,3,1,0.4654608368873596,0,0.5564348697662354,False,1,0.0,0,"[0.182456, 0.182966, 0.245171, 0.231094, 0.158313]"
Actor,client,99,3137,0,M0,attack_member,evaluation,3,1,0.6366754174232483,1,0.5564348697662354,False,1,0.0,1,"[0.136227, 0.138817, 0.178728, 0.378327, 0.1679]"
Actor,client,99,3181,0,M0,attack_member,evaluation,1,1,0.38698509335517883,0,0.5864935517311096,False,4,0.0,0,"[0.0662, 0.18438, 0.251112, 0.210009, 0.288299]"
Actor,client,99,3233,0,M0,attack_member,evaluation,3,1,0.5937041640281677,1,0.5564348697662354,False,2,0.0,1,"[0.132862, 0.156374, 0.162387, 0.349972, 0.198405]"
Actor,client,99,3300,0,M0,attack_member,evaluation,4,1,0.5889995098114014,0,0.6842027902603149,False,6,0.3333333333333333,1,"[0.125741, 0.183586, 0.157386, 0.230377, 0.30291]"
Actor,client,99,3301,0,M0,attack_member,evaluation,4,1,0.5555088520050049,0,0.6842027902603149,False,1,1.0,1,"[0.109249, 0.148309, 0.172098, 0.265749, 0.304595]"
Actor,client,99,3306,0,M0,attack_member,evaluation,3,1,0.42669737339019775,0,0.5564348697662354,False,2,0.0,0,"[0.133504, 0.19945, 0.177003, 0.230523, 0.25952]"
Actor,client,99,3335,0,M0,attack_member,evaluation,1,1,0.5108940601348877,0,0.5864935517311096,False,3,0.0,0,"[0.112644, 0.21585, 0.212905, 0.25369, 0.204911]"
Actor,client,99,3337,0,M0,attack_member,evaluation,0,1,0.5197705626487732,0,0.5510123372077942,False,0,,0,"[0.203202, 0.238259, 0.290411, 0.167496, 0.100631]"
Actor,client,99,3367,0,M0,attack_member,evaluation,1,1,0.42135557532310486,0,0.5864935517311096,False,1,0.0,0,"[0.136118, 0.176353, 0.260353, 0.240279, 0.186898]"
Actor,client,99,3404,0,M0,attack_member,evaluation,2,1,0.5238956212997437,0,0.6948522925376892,False,1,0.0,1,"[0.179897, 0.185552, 0.26118, 0.201943, 0.171428]"
Actor,client,99,3406,0,M0,attack_member,evaluation,0,1,0.9487727880477905,1,0.5510123372077942,False,1,0.0,1,"[0.425805, 0.05095, 0.052693, 0.150047, 0.320505]"
Actor,client,99,3429,0,M0,attack_member,evaluation,4,1,0.4632683992385864,0,0.6842027902603149,False,1,0.0,0,"[0.133933, 0.189462, 0.25761, 0.213758, 0.205236]"
Actor,client,99,3443,0,M0,attack_member,evaluation,2,1,0.4207756817340851,0,0.6948522925376892,False,1,1.0,0,"[0.095156, 0.092786, 0.224917, 0.328463, 0.258678]"
Actor,client,99,3447,0,M0,attack_member,evaluation,1,1,0.40494850277900696,0,0.5864935517311096,False,2,0.0,0,"[0.099639, 0.172761, 0.224986, 0.282604, 0.220011]"
Actor,client,99,3452,0,M0,attack_member,evaluation,1,1,0.39734306931495667,0,0.5864935517311096,False,1,0.0,0,"[0.13169, 0.169001, 0.164122, 0.222644, 0.312544]"
Actor,client,99,3471,0,M0,attack_member,evaluation,2,1,0.3933682441711426,0,0.6948522925376892,False,0,,0,"[0.136026, 0.25277, 0.194182, 0.22758, 0.189442]"
Actor,client,99,3482,0,M0,attack_member,evaluation,4,1,0.3069634735584259,0,0.6842027902603149,False,0,,0,"[0.073097, 0.172561, 0.179553, 0.369397, 0.205392]"
Actor,client,99,3499,0,M0,attack_member,evaluation,3,1,0.5136036276817322,0,0.5564348697662354,False,0,,0,"[0.095878, 0.170809, 0.302276, 0.286769, 0.144269]"
Actor,client,99,3516,0,M0,attack_member,evaluation,2,1,0.4099375307559967,0,0.6948522925376892,False,2,0.0,0,"[0.141611, 0.196911, 0.204104, 0.230507, 0.226868]"
Actor,client,99,3520,0,M0,attack_member,evaluation,3,1,0.872185230255127,1,0.5564348697662354,False,1,1.0,1,"[0.01323, 0.013274, 0.090016, 0.698936, 0.184545]"
Actor,client,99,3530,0,M0,attack_member,evaluation,2,1,0.5099078416824341,0,0.6948522925376892,False,2,0.0,0,"[0.132954, 0.167813, 0.262647, 0.268962, 0.167623]"
Actor,client,99,3539,0,M0,attack_member,evaluation,3,1,0.3860330581665039,0,0.5564348697662354,False,3,0.3333333333333333,0,"[0.107831, 0.273655, 0.260519, 0.205789, 0.152206]"
Actor,client,99,3549,0,M0,attack_member,evaluation,2,1,0.6348268985748291,0,0.6948522925376892,False,0,,1,"[0.117613, 0.183344, 0.310528, 0.191859, 0.196655]"
Actor,client,99,3571,0,M0,attack_member,evaluation,1,1,0.5178695917129517,0,0.5864935517311096,False,2,1.0,0,"[0.110875, 0.207898, 0.14412, 0.328225, 0.208882]"
Actor,client,99,3579,0,M0,attack_member,evaluation,4,1,0.5782216787338257,0,0.6842027902603149,False,3,0.0,1,"[0.178791, 0.149716, 0.215792, 0.185505, 0.270196]"
Actor,client,99,3611,0,M0,attack_member,evaluation,1,1,0.7281476855278015,1,0.5864935517311096,False,0,,1,"[0.187919, 0.307709, 0.206788, 0.137625, 0.15996]"
Actor,client,99,3643,0,M0,attack_member,evaluation,3,1,0.46315300464630127,0,0.5564348697662354,False,2,0.0,1,"[0.143834, 0.231727, 0.207329, 0.252798, 0.164312]"
Actor,client,99,3645,0,M0,attack_member,evaluation,1,1,0.4696314334869385,0,0.5864935517311096,False,2,0.5,0,"[0.110954, 0.200897, 0.275965, 0.251268, 0.160916]"
Actor,client,99,3669,0,M0,attack_member,evaluation,4,1,0.45756933093070984,0,0.6842027902603149,False,3,0.3333333333333333,0,"[0.086829, 0.15257, 0.155662, 0.331788, 0.273151]"
Actor,client,99,3670,0,M0,attack_member,evaluation,1,1,0.35269635915756226,0,0.5864935517311096,False,1,0.0,0,"[0.166621, 0.137735, 0.223719, 0.251614, 0.22031]"
Actor,client,99,3777,0,M0,attack_member,evaluation,0,1,0.2904494106769562,0,0.5510123372077942,False,4,0.0,0,"[0.069638, 0.123561, 0.228969, 0.304481, 0.273351]"
Actor,client,99,3778,0,M0,attack_member,evaluation,4,1,0.44560495018959045,0,0.6842027902603149,False,3,0.3333333333333333,0,"[0.152997, 0.244868, 0.220664, 0.196362, 0.185109]"
Actor,client,99,3836,0,M0,attack_member,evaluation,3,1,0.5755011439323425,1,0.5564348697662354,False,1,0.0,1,"[0.169088, 0.095326, 0.191891, 0.313221, 0.230475]"
Actor,client,99,3894,0,M0,attack_member,evaluation,2,1,0.32785019278526306,0,0.6948522925376892,False,0,,0,"[0.101888, 0.173575, 0.188603, 0.391777, 0.144156]"
Actor,client,99,3917,0,M0,attack_member,evaluation,4,1,0.6729768514633179,0,0.6842027902603149,False,0,,1,"[0.007253, 0.041049, 0.057382, 0.226125, 0.66819]"
Actor,client,99,3941,0,M0,attack_member,evaluation,2,1,0.4081082046031952,0,0.6948522925376892,False,0,,0,"[0.126379, 0.327025, 0.192945, 0.189505, 0.164146]"
Actor,client,99,3945,0,M0,attack_member,evaluation,0,1,0.47690096497535706,0,0.5510123372077942,False,2,0.0,0,"[0.16843, 0.198669, 0.198346, 0.214302, 0.220252]"
Actor,client,99,3962,0,M0,attack_member,evaluation,3,1,0.5552032589912415,0,0.5564348697662354,False,2,0.0,1,"[0.081146, 0.178008, 0.187551, 0.33791, 0.215385]"
Actor,client,99,3987,0,M0,attack_member,evaluation,2,1,0.4496040344238281,0,0.6948522925376892,False,1,0.0,0,"[0.186409, 0.174123, 0.207102, 0.123671, 0.308694]"
Actor,client,99,3996,0,M0,attack_member,evaluation,3,1,0.5009836554527283,0,0.5564348697662354,False,0,,0,"[0.122085, 0.129344, 0.133891, 0.286407, 0.328272]"
Actor,client,99,4026,0,M0,attack_member,evaluation,3,1,0.39563077688217163,0,0.5564348697662354,False,0,,0,"[0.199869, 0.219635, 0.203885, 0.183286, 0.193325]"
Actor,client,99,4045,0,M0,attack_member,evaluation,0,1,0.3758471608161926,0,0.5510123372077942,False,4,0.0,0,"[0.128906, 0.198375, 0.241916, 0.208877, 0.221926]"
Actor,client,99,4053,0,M0,attack_member,evaluation,3,1,0.4486636221408844,0,0.5564348697662354,False,5,0.2,0,"[0.100873, 0.168398, 0.182813, 0.253723, 0.294194]"
Actor,client,99,4129,0,M0,attack_member,evaluation,4,1,0.524141788482666,0,0.6842027902603149,False,3,0.0,1,"[0.192442, 0.157509, 0.195511, 0.21106, 0.243478]"
Actor,client,99,4136,0,M0,attack_member,evaluation,2,1,0.36380770802497864,0,0.6948522925376892,False,2,0.5,0,"[0.134403, 0.170775, 0.191577, 0.292367, 0.210877]"
Actor,client,99,4158,0,M0,attack_member,evaluation,2,1,0.4365346431732178,0,0.6948522925376892,False,4,0.0,0,"[0.088723, 0.096187, 0.206064, 0.205006, 0.404019]"
Actor,client,99,4209,0,M0,attack_member,evaluation,1,1,0.4383150041103363,0,0.5864935517311096,False,1,0.0,0,"[0.103863, 0.185258, 0.129021, 0.275103, 0.306755]"
Actor,client,99,4236,0,M0,attack_member,evaluation,1,1,0.511944591999054,0,0.5864935517311096,False,1,0.0,0,"[0.081922, 0.239209, 0.158901, 0.147804, 0.372164]"
Actor,client,99,4367,0,M0,attack_member,evaluation,4,1,0.6834190487861633,0,0.6842027902603149,False,0,,1,"[0.017428, 0.146873, 0.111359, 0.254002, 0.470338]"
Actor,client,99,4393,0,M0,attack_member,evaluation,4,1,0.7176036834716797,1,0.6842027902603149,False,0,,1,"[0.043854, 0.006478, 0.024509, 0.027791, 0.897369]"
Actor,client,99,4398,0,M0,attack_member,evaluation,4,1,0.3729933798313141,0,0.6842027902603149,False,1,0.0,0,"[0.090317, 0.103566, 0.270709, 0.319922, 0.215486]"
Actor,client,99,4414,0,M0,attack_member,evaluation,0,1,0.47917434573173523,0,0.5510123372077942,False,1,0.0,0,"[0.148406, 0.120581, 0.236163, 0.22017, 0.27468]"
Actor,client,99,4421,0,M0,attack_member,evaluation,3,1,0.450114369392395,0,0.5564348697662354,False,2,0.5,1,"[0.127016, 0.212717, 0.165175, 0.252725, 0.242367]"
Actor,client,99,4445,0,M0,attack_member,evaluation,1,1,0.4749091565608978,0,0.5864935517311096,False,1,0.0,0,"[0.085142, 0.194385, 0.22785, 0.357146, 0.135477]"
Actor,client,99,4458,0,M0,attack_member,evaluation,4,1,0.5275914072990417,0,0.6842027902603149,False,1,1.0,1,"[0.148015, 0.144052, 0.193768, 0.24498, 0.269186]"
Actor,client,99,4489,0,M0,attack_member,evaluation,2,1,0.4369993507862091,0,0.6948522925376892,False,1,0.0,0,"[0.163688, 0.159383, 0.224303, 0.247576, 0.205051]"
Actor,client,99,4495,0,M0,attack_member,evaluation,3,1,0.4814576208591461,0,0.5564348697662354,False,2,0.0,1,"[0.1582, 0.239534, 0.189533, 0.264272, 0.148462]"
Actor,client,99,4512,0,M0,attack_member,evaluation,1,1,0.2946397364139557,0,0.5864935517311096,False,6,0.0,0,"[0.127156, 0.130281, 0.141063, 0.179821, 0.421678]"
Actor,client,99,4524,0,M0,attack_member,evaluation,4,1,0.5664771795272827,0,0.6842027902603149,False,0,,1,"[0.195379, 0.089215, 0.250139, 0.188811, 0.276456]"
Actor,client,99,4529,0,M0,attack_member,evaluation,3,1,0.48217859864234924,0,0.5564348697662354,False,2,0.0,1,"[0.126085, 0.198178, 0.148637, 0.276846, 0.250254]"
Actor,client,99,4564,0,M0,attack_member,evaluation,1,1,0.5947359800338745,1,0.5864935517311096,False,0,,0,"[0.26471, 0.204691, 0.12318, 0.286372, 0.121047]"
Actor,client,99,4578,0,M0,attack_member,evaluation,2,1,0.5589779615402222,0,0.6948522925376892,False,1,0.0,1,"[0.070826, 0.211194, 0.265956, 0.199481, 0.252543]"
Actor,client,99,4778,0,M0,attack_member,evaluation,4,1,0.3656136691570282,0,0.6842027902603149,False,0,,0,"[0.067808, 0.228791, 0.259373, 0.261734, 0.182294]"
Actor,client,99,4804,0,M0,attack_member,evaluation,3,1,0.3955792486667633,0,0.5564348697662354,False,2,0.0,0,"[0.137434, 0.161789, 0.297169, 0.186661, 0.216946]"
Actor,client,99,4838,0,M0,attack_member,evaluation,3,1,0.710223913192749,1,0.5564348697662354,False,0,,1,"[0.090656, 0.118276, 0.209713, 0.451336, 0.130018]"
Actor,client,99,4873,0,M0,attack_member,evaluation,3,1,0.5417473912239075,0,0.5564348697662354,False,2,0.0,1,"[0.12896, 0.14057, 0.157927, 0.311513, 0.261029]"
Actor,client,99,4874,0,M0,attack_member,evaluation,0,1,0.366241991519928,0,0.5510123372077942,False,0,,0,"[0.141602, 0.259712, 0.233735, 0.179897, 0.185054]"
Actor,client,99,4887,0,M0,attack_member,evaluation,0,1,0.5403083562850952,0,0.5510123372077942,False,0,,0,"[0.199869, 0.219635, 0.203885, 0.183286, 0.193325]"
Actor,client,99,4897,0,M0,attack_member,evaluation,1,1,0.5813764929771423,0,0.5864935517311096,False,1,1.0,0,"[0.15661, 0.248802, 0.259196, 0.143996, 0.191395]"
Actor,client,99,4901,0,M0,attack_member,evaluation,2,1,0.7205496430397034,1,0.6948522925376892,False,0,,1,"[0.071564, 0.204992, 0.352809, 0.172938, 0.197697]"
Actor,client,99,4948,0,M0,attack_member,evaluation,3,1,0.3986372649669647,0,0.5564348697662354,False,2,0.0,0,"[0.051468, 0.138806, 0.067476, 0.24607, 0.496179]"
Actor,client,99,4964,0,M0,attack_member,evaluation,3,1,0.4240199029445648,0,0.5564348697662354,False,2,0.0,0,"[0.145453, 0.212687, 0.227297, 0.219213, 0.19535]"
Actor,client,99,4983,0,M0,attack_member,evaluation,4,1,0.5641477704048157,0,0.6842027902603149,False,0,,1,"[0.138489, 0.10265, 0.099237, 0.301613, 0.358011]"
Actor,client,99,5050,0,M0,attack_member,evaluation,4,1,0.536986768245697,0,0.6842027902603149,False,1,0.0,1,"[0.209952, 0.16188, 0.148986, 0.220237, 0.258944]"
Actor,client,99,5080,0,M0,attack_member,evaluation,0,1,0.467634379863739,0,0.5510123372077942,False,1,0.0,0,"[0.166841, 0.203861, 0.208402, 0.210875, 0.210022]"
Actor,client,99,5126,0,M0,attack_member,evaluation,3,1,0.664654016494751,1,0.5564348697662354,False,0,,1,"[0.025424, 0.096927, 0.227791, 0.428337, 0.221522]"
Actor,client,99,5149,0,M0,attack_member,evaluation,2,1,0.4441194236278534,0,0.6948522925376892,False,2,0.0,0,"[0.182743, 0.129968, 0.214217, 0.173074, 0.299999]"
Actor,client,99,5187,0,M0,attack_member,evaluation,0,1,0.38553354144096375,0,0.5510123372077942,False,1,0.0,0,"[0.109298, 0.138234, 0.122408, 0.292798, 0.337262]"
Actor,client,99,5206,0,M0,attack_member,evaluation,4,1,0.47516337037086487,0,0.6842027902603149,False,1,0.0,0,"[0.123584, 0.228513, 0.170239, 0.247322, 0.230341]"
Actor,client,99,5207,0,M0,attack_member,evaluation,3,1,0.39510849118232727,0,0.5564348697662354,False,1,0.0,0,"[0.089224, 0.401685, 0.111413, 0.252075, 0.145604]"
Actor,client,99,5231,0,M0,attack_member,evaluation,0,1,0.33156701922416687,0,0.5510123372077942,False,1,0.0,0,"[0.10775, 0.175975, 0.258442, 0.300096, 0.157737]"
Actor,client,99,5232,0,M0,attack_member,evaluation,2,1,0.4155982434749603,0,0.6948522925376892,False,0,,0,"[0.199869, 0.219635, 0.203885, 0.183286, 0.193325]"
Actor,client,99,5253,0,M0,attack_member,evaluation,0,1,0.4753769040107727,0,0.5510123372077942,False,1,0.0,0,"[0.153348, 0.161392, 0.158258, 0.218291, 0.308711]"
Actor,client,99,5266,0,M0,attack_member,evaluation,3,1,0.4322158694267273,0,0.5564348697662354,False,1,1.0,1,"[0.14624, 0.205908, 0.191564, 0.228927, 0.227361]"
Actor,client,99,5297,0,M0,attack_member,evaluation,4,1,0.5469687581062317,0,0.6842027902603149,False,1,0.0,1,"[0.18717, 0.174974, 0.123184, 0.23821, 0.276462]"
Actor,client,99,5305,0,M0,attack_member,evaluation,0,1,0.3489270508289337,0,0.5510123372077942,False,2,0.0,0,"[0.129562, 0.247719, 0.186356, 0.242717, 0.193645]"
Actor,client,99,5322,0,M0,attack_member,evaluation,2,1,0.32916900515556335,0,0.6948522925376892,False,1,0.0,0,"[0.191548, 0.13218, 0.16567, 0.231723, 0.278879]"
Actor,client,99,5348,0,M0,attack_member,evaluation,1,1,0.8634808659553528,1,0.5864935517311096,False,0,,1,"[0.055172, 0.42975, 0.233137, 0.170753, 0.111187]"
Actor,client,99,5450,0,M0,attack_member,evaluation,4,1,0.6652859449386597,0,0.6842027902603149,False,0,,1,"[0.069321, 0.077531, 0.206439, 0.203436, 0.443272]"
Actor,client,99,5472,0,M0,attack_member,evaluation,3,1,0.39563077688217163,0,0.5564348697662354,False,0,,0,"[0.199869, 0.219635, 0.203885, 0.183286, 0.193325]"
Actor,client,99,5541,0,M0,attack_member,evaluation,2,1,0.2632090747356415,0,0.6948522925376892,False,5,0.2,0,"[0.051639, 0.060845, 0.151627, 0.43365, 0.302239]"
Actor,client,99,5589,0,M0,attack_member,evaluation,0,1,0.39442136883735657,0,0.5510123372077942,False,4,0.25,0,"[0.112496, 0.131582, 0.138603, 0.2959, 0.32142]"
Actor,client,99,5591,0,M0,attack_member,evaluation,3,1,0.45089372992515564,0,0.5564348697662354,False,1,1.0,0,"[0.114462, 0.154991, 0.194172, 0.247784, 0.288591]"
Actor,client,99,5627,0,M0,attack_member,evaluation,1,1,0.5566987991333008,0,0.5864935517311096,False,1,0.0,0,"[0.118087, 0.231767, 0.208013, 0.260652, 0.181481]"
Actor,client,99,5651,0,M0,attack_member,evaluation,0,1,0.3174959421157837,0,0.5510123372077942,False,7,0.0,0,"[0.101466, 0.196202, 0.196746, 0.275902, 0.229684]"
Actor,client,99,5695,0,M0,attack_member,evaluation,4,1,0.3724713921546936,0,0.6842027902603149,False,0,,0,"[0.121099, 0.137768, 0.178215, 0.338617, 0.224302]"
Actor,client,99,5772,0,M0,attack_member,evaluation,4,1,0.43480929732322693,0,0.6842027902603149,False,3,0.3333333333333333,0,"[0.112036, 0.119936, 0.199822, 0.31702, 0.251187]"
Actor,client,99,5782,0,M0,attack_member,evaluation,1,1,0.23445028066635132,0,0.5864935517311096,False,3,0.3333333333333333,0,"[0.098264, 0.094795, 0.26006, 0.277582, 0.269299]"
Actor,client,99,5803,0,M0,attack_member,evaluation,3,1,0.5164862275123596,0,0.5564348697662354,False,2,0.0,1,"[0.137246, 0.19564, 0.206333, 0.289822, 0.170959]"
Actor,client,99,5827,0,M0,attack_member,evaluation,3,1,0.5501267910003662,0,0.5564348697662354,False,2,1.0,1,"[0.129609, 0.168121, 0.117065, 0.325897, 0.259308]"
Actor,client,99,5852,0,M0,attack_member,evaluation,2,1,0.6326494812965393,0,0.6948522925376892,False,1,1.0,1,"[0.117478, 0.25282, 0.310774, 0.196141, 0.122787]"
Actor,client,99,5922,0,M0,attack_member,evaluation,2,1,0.3814641833305359,0,0.6948522925376892,False,3,0.3333333333333333,0,"[0.123424, 0.11469, 0.200327, 0.294941, 0.266618]"
Actor,client,99,5967,0,M0,attack_member,evaluation,3,1,0.41892391443252563,0,0.5564348697662354,False,5,0.0,0,"[0.12097, 0.200978, 0.259585, 0.218469, 0.199998]"
Actor,client,99,5993,0,M0,attack_member,evaluation,2,1,0.47605904936790466,0,0.6948522925376892,False,1,0.0,0,"[0.056767, 0.127456, 0.239003, 0.28156, 0.295214]"
Actor,client,99,6008,0,M0,attack_member,evaluation,4,1,0.47320717573165894,0,0.6842027902603149,False,1,0.0,0,"[0.135765, 0.337312, 0.224573, 0.134156, 0.168194]"
Actor,client,99,6036,0,M0,attack_member,evaluation,4,1,0.48763763904571533,0,0.6842027902603149,False,3,0.0,0,"[0.095104, 0.136369, 0.279029, 0.247031, 0.242466]"
Actor,client,99,6075,0,M0,attack_member,evaluation,3,1,0.4491889774799347,0,0.5564348697662354,False,3,0.6666666666666666,1,"[0.140922, 0.210078, 0.195274, 0.243027, 0.210699]"
Actor,client,99,6120,0,M0,attack_member,evaluation,3,1,0.45707494020462036,0,0.5564348697662354,False,3,0.3333333333333333,0,"[0.108073, 0.126611, 0.238476, 0.245719, 0.281122]"
Actor,client,99,6136,0,M0,attack_member,evaluation,2,1,0.49780306220054626,0,0.6948522925376892,False,2,0.5,1,"[0.163206, 0.232279, 0.250037, 0.22071, 0.133768]"
Actor,client,99,6175,0,M0,attack_member,evaluation,4,1,0.3602651059627533,0,0.6842027902603149,False,7,0.14285714285714285,0,"[0.123815, 0.202854, 0.21585, 0.274388, 0.183092]"
Actor,client,99,6214,0,M0,attack_member,evaluation,0,1,0.42667463421821594,0,0.5510123372077942,False,1,0.0,0,"[0.158, 0.233386, 0.169691, 0.251818, 0.187104]"
Actor,client,99,6255,0,M0,attack_member,evaluation,1,1,0.6560307145118713,1,0.5864935517311096,False,0,,0,"[0.311811, 0.242915, 0.203941, 0.12056, 0.120773]"
Actor,client,99,6262,0,M0,attack_member,evaluation,2,1,0.41480106115341187,0,0.6948522925376892,False,4,0.25,0,"[0.133105, 0.137196, 0.20272, 0.21753, 0.309449]"
Actor,client,99,6286,0,M0,attack_member,evaluation,4,1,0.5123902559280396,0,0.6842027902603149,False,1,0.0,1,"[0.136854, 0.125283, 0.221781, 0.251795, 0.264288]"
Actor,client,99,6310,0,M0,attack_member,evaluation,3,1,0.8036584854125977,1,0.5564348697662354,False,0,,1,"[0.105331, 0.015598, 0.07764, 0.555025, 0.246407]"
Actor,client,99,6312,0,M0,attack_member,evaluation,1,1,0.5701574087142944,0,0.5864935517311096,False,2,0.5,0,"[0.143508, 0.245157, 0.246161, 0.160593, 0.204582]"
Actor,client,99,6371,0,M0,attack_member,evaluation,3,1,0.4723040759563446,0,0.5564348697662354,False,5,0.2,1,"[0.140037, 0.209393, 0.204026, 0.258788, 0.187756]"
Actor,client,99,6389,0,M0,attack_member,evaluation,3,1,0.46220308542251587,0,0.5564348697662354,False,1,1.0,1,"[0.154129, 0.221548, 0.121235, 0.258936, 0.244153]"
Actor,client,99,6390,0,M0,attack_member,evaluation,2,1,0.6473549604415894,0,0.6948522925376892,False,0,,1,"[0.097338, 0.236244, 0.315441, 0.191213, 0.159764]"
Actor,client,99,6437,0,M0,attack_member,evaluation,3,1,0.5029506087303162,0,0.5564348697662354,False,2,0.0,1,"[0.108188, 0.182253, 0.210978, 0.287999, 0.210583]"
Actor,client,99,6470,0,M0,attack_member,evaluation,2,1,0.29250845313072205,0,0.6948522925376892,False,2,0.0,0,"[0.158357, 0.149034, 0.129518, 0.182802, 0.380289]"
Actor,client,99,6491,0,M0,attack_member,evaluation,3,1,0.641344428062439,1,0.5564348697662354,False,0,,1,"[0.033146, 0.168343, 0.270295, 0.40889, 0.119325]"
Actor,client,99,6515,0,M0,attack_member,evaluation,2,1,0.3773330748081207,0,0.6948522925376892,False,1,0.0,0,"[0.153455, 0.226251, 0.192161, 0.24947, 0.178664]"
Actor,client,99,6523,0,M0,attack_member,evaluation,4,1,0.6895984411239624,1,0.6842027902603149,False,0,,1,"[0.001709, 0.003694, 0.018643, 0.12613, 0.849823]"
Actor,client,99,6526,0,M0,attack_member,evaluation,2,1,0.3102722764015198,0,0.6948522925376892,False,3,0.0,0,"[0.19055, 0.190999, 0.14209, 0.173037, 0.303324]"
Actor,client,99,6536,0,M0,attack_member,evaluation,2,1,0.6142226457595825,0,0.6948522925376892,False,2,0.5,1,"[0.08099, 0.075988, 0.316478, 0.296427, 0.230117]"
Actor,client,99,6549,0,M0,attack_member,evaluation,3,1,0.5333506464958191,0,0.5564348697662354,False,2,1.0,1,"[0.108007, 0.183788, 0.189392, 0.313067, 0.205747]"
Actor,client,99,6561,0,M0,attack_member,evaluation,1,1,0.46642938256263733,0,0.5864935517311096,False,1,0.0,0,"[0.242915, 0.177405, 0.280209, 0.165903, 0.133568]"
Actor,client,99,6585,0,M0,attack_member,evaluation,3,1,0.4249538481235504,0,0.5564348697662354,False,2,0.0,0,"[0.120447, 0.205131, 0.2719, 0.221875, 0.180646]"
Actor,client,99,6606,0,M0,attack_member,evaluation,4,1,0.5291566848754883,0,0.6842027902603149,False,0,,0,"[0.0187, 0.06713, 0.100367, 0.407694, 0.406108]"
Actor,client,99,6609,0,M0,attack_member,evaluation,0,1,0.6088712811470032,1,0.5510123372077942,False,1,0.0,0,"[0.209975, 0.149137, 0.200739, 0.250719, 0.18943]"
Actor,client,99,6648,0,M0,attack_member,evaluation,4,1,0.5928938984870911,0,0.6842027902603149,False,2,1.0,1,"[0.078944, 0.140234, 0.180502, 0.261875, 0.338445]"
Actor,client,99,6667,0,M0,attack_member,evaluation,2,1,0.4386444389820099,0,0.6948522925376892,False,3,0.3333333333333333,0,"[0.161574, 0.209809, 0.222285, 0.234479, 0.171852]"
Actor,client,99,6674,0,M0,attack_member,evaluation,1,1,0.44681039452552795,0,0.5864935517311096,False,0,,0,"[0.101888, 0.173575, 0.188603, 0.391777, 0.144156]"
Actor,client,99,6677,0,M0,attack_member,evaluation,0,1,0.40887126326560974,0,0.5510123372077942,False,2,0.0,0,"[0.14385, 0.210383, 0.18481, 0.237909, 0.223048]"
Actor,client,99,6738,0,M0,attack_member,evaluation,4,1,0.7004707455635071,1,0.6842027902603149,False,1,1.0,1,"[0.195129, 0.066695, 0.104749, 0.096864, 0.536563]"
Actor,client,99,6755,0,M0,attack_member,evaluation,1,1,0.5263743996620178,0,0.5864935517311096,False,3,0.0,0,"[0.122808, 0.223531, 0.234167, 0.225763, 0.193731]"
Actor,client,99,6761,0,M0,attack_member,evaluation,4,1,0.3746732473373413,0,0.6842027902603149,False,2,0.0,0,"[0.188834, 0.185368, 0.214972, 0.240848, 0.169978]"
Actor,client,99,6782,0,M0,attack_member,evaluation,2,1,0.6769975423812866,0,0.6948522925376892,False,2,0.5,1,"[0.141967, 0.18885, 0.330845, 0.158435, 0.179903]"
Actor,client,99,6874,0,M0,attack_member,evaluation,1,1,0.5406339764595032,0,0.5864935517311096,False,1,0.0,0,"[0.156371, 0.223356, 0.18763, 0.20243, 0.230213]"
Actor,client,99,6979,0,M0,attack_member,evaluation,3,1,0.29065459966659546,0,0.5564348697662354,False,2,0.0,0,"[0.137724, 0.164178, 0.19012, 0.116675, 0.391303]"
Actor,client,99,6983,0,M0,attack_member,evaluation,0,1,0.3561876118183136,0,0.5510123372077942,False,0,,0,"[0.097534, 0.09207, 0.25564, 0.399276, 0.15548]"
Actor,client,99,7016,0,M0,attack_member,evaluation,1,1,0.597144365310669,1,0.5864935517311096,False,2,0.5,1,"[0.163285, 0.241991, 0.189123, 0.221037, 0.184564]"
Actor,client,99,7044,0,M0,attack_member,evaluation,0,1,0.2527221441268921,0,0.5510123372077942,False,8,0.0,0,"[0.072281, 0.182335, 0.285102, 0.302007, 0.158276]"
Actor,client,99,7073,0,M0,attack_member,evaluation,2,1,0.5031787753105164,0,0.6948522925376892,False,2,0.0,0,"[0.086305, 0.171893, 0.252669, 0.263947, 0.225186]"
Actor,client,99,7131,0,M0,attack_member,evaluation,4,1,0.49070608615875244,0,0.6842027902603149,False,3,0.0,0,"[0.127485, 0.166055, 0.228112, 0.240222, 0.238126]"
Actor,client,99,7139,0,M0,attack_member,evaluation,4,1,0.5082787275314331,0,0.6842027902603149,False,1,1.0,0,"[0.091948, 0.090565, 0.172241, 0.327726, 0.31752]"
Actor,client,99,7146,0,M0,attack_member,evaluation,2,1,0.5414892435073853,0,0.6948522925376892,False,5,0.2,1,"[0.139783, 0.152934, 0.278006, 0.261473, 0.167804]"
Actor,client,99,7167,0,M0,attack_member,evaluation,3,1,0.4383266866207123,0,0.5564348697662354,False,0,,0,"[0.114824, 0.058716, 0.372527, 0.205587, 0.248345]"
Actor,client,99,7186,0,M0,attack_member,evaluation,3,1,0.43173179030418396,0,0.5564348697662354,False,1,0.0,0,"[0.140714, 0.162027, 0.165958, 0.229302, 0.301998]"
Actor,client,99,7249,0,M0,attack_member,evaluation,3,1,0.4645611643791199,0,0.5564348697662354,False,2,0.0,0,"[0.137811, 0.14842, 0.186018, 0.249982, 0.277769]"
Actor,client,99,7257,0,M0,attack_member,evaluation,3,1,0.4635898470878601,0,0.5564348697662354,False,6,0.16666666666666666,0,"[0.114798, 0.09838, 0.329025, 0.233438, 0.224359]"
Actor,client,99,7270,0,M0,attack_member,evaluation,0,1,0.47009971737861633,0,0.5510123372077942,False,1,0.0,0,"[0.149549, 0.167287, 0.201005, 0.081199, 0.40096]"
Actor,client,99,7272,0,M0,attack_member,evaluation,1,1,0.36541011929512024,0,0.5864935517311096,False,4,0.25,0,"[0.113309, 0.155067, 0.201274, 0.263192, 0.267158]"
Actor,client,99,7327,0,M0,attack_member,evaluation,2,1,0.5680126547813416,0,0.6948522925376892,False,1,0.0,1,"[0.138277, 0.201625, 0.279603, 0.203935, 0.17656]"
Actor,client,99,7368,0,M0,attack_member,evaluation,2,1,0.6073949933052063,0,0.6948522925376892,False,0,,1,"[0.100782, 0.177793, 0.310349, 0.271229, 0.139847]"
Actor,client,99,7384,0,M0,attack_member,evaluation,3,1,0.48349231481552124,0,0.5564348697662354,False,1,0.0,1,"[0.170253, 0.177186, 0.214866, 0.251634, 0.186061]"
Actor,client,99,7398,0,M0,attack_member,evaluation,3,1,0.42785385251045227,0,0.5564348697662354,False,5,0.2,0,"[0.100325, 0.117067, 0.272788, 0.221838, 0.287982]"
Actor,client,99,7425,0,M0,attack_member,evaluation,3,1,0.6719690561294556,1,0.5564348697662354,False,3,0.0,1,"[0.079844, 0.084056, 0.109854, 0.430043, 0.296202]"
Actor,client,99,7438,0,M0,attack_member,evaluation,3,1,0.41537994146347046,0,0.5564348697662354,False,3,0.0,0,"[0.13594, 0.197009, 0.209972, 0.216811, 0.240268]"
Actor,client,99,7487,0,M0,attack_member,evaluation,2,1,0.5569872856140137,0,0.6948522925376892,False,1,0.0,0,"[0.053014, 0.099238, 0.303599, 0.392977, 0.151172]"
Actor,client,99,7508,0,M0,attack_member,evaluation,1,1,0.337396502494812,0,0.5864935517311096,False,1,0.0,0,"[0.116294, 0.143353, 0.226043, 0.256279, 0.258031]"
Actor,client,99,7545,0,M0,attack_member,evaluation,2,1,0.3238162398338318,0,0.6948522925376892,False,4,0.0,0,"[0.136509, 0.196039, 0.165594, 0.27512, 0.226737]"
Actor,client,99,7550,0,M0,attack_member,evaluation,0,1,0.31917575001716614,0,0.5510123372077942,False,2,0.0,0,"[0.101705, 0.187809, 0.203601, 0.307157, 0.199727]"
Actor,client,99,7554,0,M0,attack_member,evaluation,1,1,0.7776234149932861,1,0.5864935517311096,False,0,,1,"[0.099351, 0.349291, 0.248597, 0.205212, 0.097549]"
Actor,client,99,7584,0,M0,attack_member,evaluation,4,1,0.5297122597694397,0,0.6842027902603149,False,1,1.0,1,"[0.040224, 0.121892, 0.229737, 0.29979, 0.308357]"
Actor,client,99,3467,1,M0,attack_member,evaluation,4,1,0.48168015480041504,0,0.6842027902603149,False,1,0.0,0,"[0.161537, 0.126057, 0.172976, 0.279629, 0.259801]"
Actor,client,99,3497,1,M0,attack_member,evaluation,4,1,0.7531576156616211,1,0.6842027902603149,False,0,,1,"[0.118181, 0.114742, 0.028756, 0.053229, 0.685092]"
Actor,client,99,3502,1,M0,attack_member,evaluation,1,1,0.4792078137397766,0,0.5864935517311096,False,2,0.0,0,"[0.145007, 0.196201, 0.155221, 0.239717, 0.263854]"
Actor,client,99,3514,1,M0,attack_member,evaluation,2,1,0.6982638239860535,1,0.6948522925376892,False,3,0.3333333333333333,1,"[0.108367, 0.290073, 0.333789, 0.125871, 0.1419]"
Actor,client,99,3525,1,M0,attack_member,evaluation,3,1,0.4342901408672333,0,0.5564348697662354,False,10,0.3,0,"[0.106753, 0.252967, 0.257421, 0.240212, 0.142647]"
Actor,client,99,3616,1,M0,attack_member,evaluation,4,1,0.3622637689113617,0,0.6842027902603149,False,4,0.5,0,"[0.132099, 0.249404, 0.245308, 0.217855, 0.155334]"
Actor,client,99,3617,1,M0,attack_member,evaluation,2,1,0.4559754729270935,0,0.6948522925376892,False,3,0.0,0,"[0.14685, 0.156398, 0.225578, 0.216946, 0.254228]"
Actor,client,99,3621,1,M0,attack_member,evaluation,4,1,0.6073001027107239,0,0.6842027902603149,False,23,0.2608695652173913,1,"[0.028858, 0.071361, 0.128179, 0.321368, 0.450233]"
Actor,client,99,3661,1,M0,attack_member,evaluation,2,1,0.5470245480537415,0,0.6948522925376892,False,1,0.0,1,"[0.179672, 0.225263, 0.266052, 0.167858, 0.161154]"
Actor,client,99,3681,1,M0,attack_member,evaluation,3,1,0.44694626331329346,0,0.5564348697662354,False,6,0.3333333333333333,0,"[0.094199, 0.270557, 0.173028, 0.266733, 0.195484]"
Actor,client,99,3692,1,M0,attack_member,evaluation,4,1,0.6919686198234558,1,0.6842027902603149,False,0,,0,"[0.045218, 0.156144, 0.337456, 0.124896, 0.336285]"
Actor,client,99,3702,1,M0,attack_member,evaluation,3,1,0.4156070649623871,0,0.5564348697662354,False,32,0.21875,0,"[0.092564, 0.188049, 0.20553, 0.23156, 0.282297]"
Actor,client,99,3714,1,M0,attack_member,evaluation,2,1,0.5010426044464111,0,0.6948522925376892,False,3,0.3333333333333333,0,"[0.12052, 0.254837, 0.244622, 0.210776, 0.169244]"
Actor,client,99,3738,1,M0,attack_member,evaluation,1,1,0.27556586265563965,0,0.5864935517311096,False,2,0.0,0,"[0.075778, 0.140937, 0.140033, 0.131405, 0.511847]"
Actor,client,99,3743,1,M0,attack_member,evaluation,1,1,0.6455828547477722,1,0.5864935517311096,False,3,0.0,1,"[0.113362, 0.276437, 0.241186, 0.21998, 0.149035]"
Actor,client,99,3802,1,M0,attack_member,evaluation,4,1,0.5603619813919067,0,0.6842027902603149,False,4,0.5,1,"[0.13371, 0.178563, 0.19018, 0.222822, 0.274725]"
Actor,client,99,3806,1,M0,attack_member,evaluation,1,1,0.6855549812316895,1,0.5864935517311096,False,1,0.0,1,"[0.087292, 0.298874, 0.19357, 0.236384, 0.183879]"
Actor,client,99,3825,1,M0,attack_member,evaluation,4,1,0.669256329536438,0,0.6842027902603149,False,1,1.0,1,"[0.093672, 0.106643, 0.156004, 0.207167, 0.436514]"
Actor,client,99,3854,1,M0,attack_member,evaluation,4,1,0.49477988481521606,0,0.6842027902603149,False,1,1.0,0,"[0.105572, 0.116133, 0.22319, 0.283042, 0.272062]"
Actor,client,99,3891,1,M0,attack_member,evaluation,1,1,0.3958044648170471,0,0.5864935517311096,False,4,0.0,0,"[0.107225, 0.17633, 0.275107, 0.21994, 0.221397]"
Actor,client,99,3908,1,M0,attack_member,evaluation,1,1,0.5785523056983948,0,0.5864935517311096,False,3,0.3333333333333333,1,"[0.142097, 0.238196, 0.223944, 0.234905, 0.160859]"
Actor,client,99,3949,1,M0,attack_member,evaluation,2,1,0.42042645812034607,0,0.6948522925376892,False,1,0.0,0,"[0.151694, 0.196277, 0.218819, 0.268376, 0.164834]"
Actor,client,99,3980,1,M0,attack_member,evaluation,1,1,0.6039283871650696,1,0.5864935517311096,False,2,0.5,1,"[0.205085, 0.245882, 0.229499, 0.13928, 0.180254]"
Actor,client,99,4000,1,M0,attack_member,evaluation,4,1,0.7460634708404541,1,0.6842027902603149,False,1,0.0,1,"[0.095942, 0.159397, 0.199161, 0.096877, 0.448624]"
Actor,client,99,4081,1,M0,attack_member,evaluation,1,1,0.4200211465358734,0,0.5864935517311096,False,1,0.0,0,"[0.222425, 0.156666, 0.269745, 0.218561, 0.132604]"
Actor,client,99,4108,1,M0,attack_member,evaluation,0,1,0.5471636056900024,0,0.5510123372077942,False,1,0.0,0,"[0.196457, 0.184253, 0.235066, 0.229028, 0.155196]"
Actor,client,99,4195,1,M0,attack_member,evaluation,4,1,0.4059200882911682,0,0.6842027902603149,False,1,0.0,0,"[0.178143, 0.18857, 0.167254, 0.265292, 0.20074]"
Actor,client,99,4199,1,M0,attack_member,evaluation,3,1,0.40220367908477783,0,0.5564348697662354,False,7,0.42857142857142855,0,"[0.122095, 0.149466, 0.209126, 0.207107, 0.312205]"
Actor,client,99,4239,1,M0,attack_member,evaluation,2,1,0.3710007965564728,0,0.6948522925376892,False,5,0.0,0,"[0.100541, 0.103086, 0.181999, 0.248141, 0.366233]"
Actor,client,99,4273,1,M0,attack_member,evaluation,0,1,0.5169605016708374,0,0.5510123372077942,False,0,,0,"[0.207309, 0.262711, 0.25201, 0.180969, 0.097001]"
Actor,client,99,4275,1,M0,attack_member,evaluation,1,1,0.6996673941612244,1,0.5864935517311096,False,1,0.0,1,"[0.13209, 0.316026, 0.265275, 0.086958, 0.199651]"
Actor,client,99,4278,1,M0,attack_member,evaluation,2,1,0.8725478649139404,1,0.6948522925376892,False,1,1.0,1,"[0.063385, 0.235613, 0.471991, 0.099807, 0.129204]"
Actor,client,99,4300,1,M0,attack_member,evaluation,1,1,0.6046847105026245,1,0.5864935517311096,False,0,,0,"[0.329301, 0.21812, 0.167691, 0.104289, 0.1806]"
Actor,client,99,4305,1,M0,attack_member,evaluation,2,1,0.6353012919425964,0,0.6948522925376892,False,1,0.0,1,"[0.171067, 0.17696, 0.320865, 0.20847, 0.122638]"
Actor,client,99,4432,1,M0,attack_member,evaluation,3,1,0.4222746789455414,0,0.5564348697662354,False,4,0.25,0,"[0.144571, 0.152511, 0.178461, 0.218459, 0.305997]"
Actor,client,99,4463,1,M0,attack_member,evaluation,0,1,0.43437090516090393,0,0.5510123372077942,False,4,0.25,0,"[0.137732, 0.163141, 0.195122, 0.176807, 0.327198]"
Actor,client,99,4521,1,M0,attack_member,evaluation,1,1,0.4984613060951233,0,0.5864935517311096,False,5,0.2,0,"[0.128832, 0.207596, 0.215308, 0.247425, 0.200838]"
Actor,client,99,4525,1,M0,attack_member,evaluation,1,1,0.615110456943512,1,0.5864935517311096,False,0,,0,"[0.126125, 0.251976, 0.16087, 0.270743, 0.190286]"
Actor,client,99,4548,1,M0,attack_member,evaluation,1,1,0.4938950538635254,0,0.5864935517311096,False,0,,0,"[0.266428, 0.183287, 0.200833, 0.151691, 0.197762]"
Actor,client,99,4576,1,M0,attack_member,evaluation,4,1,0.693162739276886,1,0.6842027902603149,False,1,1.0,1,"[0.117682, 0.138503, 0.14809, 0.171046, 0.424679]"
Actor,client,99,4632,1,M0,attack_member,evaluation,2,1,0.6137128472328186,0,0.6948522925376892,False,5,0.2,1,"[0.096425, 0.189934, 0.304837, 0.23155, 0.177254]"
Actor,client,99,4639,1,M0,attack_member,evaluation,0,1,0.432416707277298,0,0.5510123372077942,False,3,0.6666666666666666,0,"[0.159362, 0.214781, 0.258347, 0.20787, 0.15964]"
Actor,client,99,4649,1,M0,attack_member,evaluation,4,1,0.3845984637737274,0,0.6842027902603149,False,2,0.5,0,"[0.095141, 0.141341, 0.215237, 0.324139, 0.224142]"
Actor,client,99,4682,1,M0,attack_member,evaluation,2,1,0.5974084734916687,0,0.6948522925376892,False,5,0.2,1,"[0.141819, 0.180142, 0.297299, 0.212338, 0.168401]"
Actor,client,99,4692,1,M0,attack_member,evaluation,0,1,0.5360831022262573,0,0.5510123372077942,False,4,0.0,0,"[0.204555, 0.235958, 0.262712, 0.118534, 0.178241]"
Actor,client,99,4711,1,M0,attack_member,evaluation,2,1,0.35155346989631653,0,0.6948522925376892,False,5,0.2,0,"[0.13695, 0.132343, 0.173286, 0.237371, 0.32005]"
Actor,client,99,4714,1,M0,attack_member,evaluation,1,1,0.5084948539733887,0,0.5864935517311096,False,3,0.0,0,"[0.127034, 0.214356, 0.221128, 0.231515, 0.205968]"
Actor,client,99,4720,1,M0,attack_member,evaluation,1,1,0.5292137265205383,0,0.5864935517311096,False,1,0.0,0,"[0.139147, 0.213827, 0.1896, 0.269283, 0.188142]"
Actor,client,99,4753,1,M0,attack_member,evaluation,1,1,0.5143439769744873,0,0.5864935517311096,False,1,1.0,0,"[0.143461, 0.218286, 0.251997, 0.192027, 0.19423]"
Actor,client,99,4763,1,M0,attack_member,evaluation,4,1,0.6727638840675354,0,0.6842027902603149,False,1,0.0,1,"[0.130767, 0.1228, 0.126617, 0.194747, 0.42507]"
Actor,client,99,4841,1,M0,attack_member,evaluation,2,1,0.3933117985725403,0,0.6948522925376892,False,2,0.0,0,"[0.165283, 0.230145, 0.188656, 0.18596, 0.229956]"
Actor,client,99,4844,1,M0,attack_member,evaluation,2,1,0.40739187598228455,0,0.6948522925376892,False,6,0.0,0,"[0.113885, 0.211023, 0.195645, 0.211997, 0.26745]"
Actor,client,99,4853,1,M0,attack_member,evaluation,4,1,0.47689202427864075,0,0.6842027902603149,False,0,,0,"[0.199869, 0.219635, 0.203885, 0.183286, 0.193325]"
Actor,client,99,4966,1,M0,attack_member,evaluation,2,1,0.4615405201911926,0,0.6948522925376892,False,2,0.0,1,"[0.164662, 0.183905, 0.227463, 0.202108, 0.221862]"
Actor,client,99,4969,1,M0,attack_member,evaluation,1,1,0.7557272911071777,1,0.5864935517311096,False,0,,1,"[0.110124, 0.333749, 0.221152, 0.203489, 0.131486]"
Actor,client,99,5026,1,M0,attack_member,evaluation,1,1,0.6320769786834717,1,0.5864935517311096,False,1,1.0,1,"[0.213053, 0.251541, 0.232355, 0.169225, 0.133826]"
Actor,client,99,5065,1,M0,attack_member,evaluation,2,1,0.669378936290741,0,0.6948522925376892,False,1,0.0,1,"[0.09654, 0.151053, 0.323556, 0.172892, 0.255958]"
Actor,client,99,5076,1,M0,attack_member,evaluation,4,1,0.6135417819023132,0,0.6842027902603149,False,0,,0,"[0.054477, 0.100561, 0.328685, 0.19736, 0.318917]"
Actor,client,99,5081,1,M0,attack_member,evaluation,0,1,0.24159294366836548,0,0.5510123372077942,False,1,0.0,0,"[0.095627, 0.297066, 0.253339, 0.230529, 0.12344]"
Actor,client,99,5132,1,M0,attack_member,evaluation,4,1,0.6202701926231384,0,0.6842027902603149,False,9,0.2222222222222222,1,"[0.040234, 0.078698, 0.154739, 0.290449, 0.43588]"
Actor,client,99,5135,1,M0,attack_member,evaluation,3,1,0.43504074215888977,0,0.5564348697662354,False,1,0.0,0,"[0.174151, 0.115222, 0.111804, 0.222467, 0.376356]"
Actor,client,99,5208,1,M0,attack_member,evaluation,3,1,0.4137182831764221,0,0.5564348697662354,False,2,0.5,0,"[0.14494, 0.202256, 0.216186, 0.212215, 0.224403]"
Actor,client,99,5238,1,M0,attack_member,evaluation,3,1,0.4091111123561859,0,0.5564348697662354,False,2,0.0,0,"[0.151288, 0.204457, 0.185223, 0.210917, 0.248115]"
Actor,client,99,5282,1,M0,attack_member,evaluation,4,1,0.3696758449077606,0,0.6842027902603149,False,1,0.0,0,"[0.106508, 0.2361, 0.225841, 0.253204, 0.178346]"
Actor,client,99,5347,1,M0,attack_member,evaluation,4,1,0.5882581472396851,0,0.6842027902603149,False,3,0.6666666666666666,1,"[0.162344, 0.197456, 0.13868, 0.212811, 0.288709]"
Actor,client,99,5350,1,M0,attack_member,evaluation,0,1,0.40602901577949524,0,0.5510123372077942,False,4,0.0,0,"[0.143668, 0.203884, 0.212119, 0.256541, 0.183788]"
Actor,client,99,5419,1,M0,attack_member,evaluation,4,1,0.4805501401424408,0,0.6842027902603149,False,1,0.0,0,"[0.206886, 0.065232, 0.16968, 0.285661, 0.272541]"
Actor,client,99,5434,1,M0,attack_member,evaluation,1,1,0.5272945761680603,0,0.5864935517311096,False,4,0.0,0,"[0.143033, 0.218776, 0.224534, 0.224032, 0.189625]"
Actor,client,99,5446,1,M0,attack_member,evaluation,4,1,0.5537036061286926,0,0.6842027902603149,False,3,0.0,1,"[0.163697, 0.206633, 0.213043, 0.178259, 0.238369]"
Actor,client,99,5475,1,M0,attack_member,evaluation,1,1,0.5944924354553223,1,0.5864935517311096,False,4,0.5,1,"[0.112188, 0.2584, 0.256105, 0.196216, 0.17709]"
Actor,client,99,5502,1,M0,attack_member,evaluation,3,1,0.48063400387763977,0,0.5564348697662354,False,0,,0,"[0.112591, 0.118025, 0.233642, 0.260797, 0.274944]"
Actor,client,99,5518,1,M0,attack_member,evaluation,2,1,0.4256981909275055,0,0.6948522925376892,False,8,0.125,0,"[0.086972, 0.273949, 0.209184, 0.244564, 0.185332]"
Actor,client,99,5617,1,M0,attack_member,evaluation,0,1,0.31895551085472107,0,0.5510123372077942,False,1,0.0,0,"[0.072765, 0.089042, 0.277003, 0.22691, 0.334279]"
Actor,client,99,5618,1,M0,attack_member,evaluation,1,1,0.43871432542800903,0,0.5864935517311096,False,1,0.0,0,"[0.16461, 0.181969, 0.23711, 0.195478, 0.220833]"
Actor,client,99,5625,1,M0,attack_member,evaluation,4,1,0.5320284962654114,0,0.6842027902603149,False,5,0.0,1,"[0.142461, 0.171507, 0.207599, 0.223419, 0.255014]"
Actor,client,99,5638,1,M0,attack_member,evaluation,4,1,0.5000572800636292,0,0.6842027902603149,False,1,0.0,1,"[0.098248, 0.218276, 0.21313, 0.233006, 0.23734]"
Actor,client,99,5646,1,M0,attack_member,evaluation,3,1,0.395832359790802,0,0.5564348697662354,False,2,0.5,0,"[0.122903, 0.10812, 0.121954, 0.209207, 0.437817]"
Actor,client,99,5678,1,M0,attack_member,evaluation,4,1,0.5497642755508423,0,0.6842027902603149,False,4,0.25,1,"[0.151687, 0.176047, 0.147001, 0.243889, 0.281376]"
Actor,client,99,5704,1,M0,attack_member,evaluation,4,1,0.43832045793533325,0,0.6842027902603149,False,4,0.75,0,"[0.12551, 0.168734, 0.201044, 0.277057, 0.227655]"
Actor,client,99,5723,1,M0,attack_member,evaluation,1,1,0.4660249650478363,0,0.5864935517311096,False,1,0.0,0,"[0.134174, 0.196326, 0.20395, 0.224997, 0.240552]"
Actor,client,99,5752,1,M0,attack_member,evaluation,0,1,0.27599388360977173,0,0.5510123372077942,False,3,0.0,0,"[0.098255, 0.25427, 0.158933, 0.323841, 0.164701]"
Actor,client,99,5805,1,M0,attack_member,evaluation,0,1,0.31148409843444824,0,0.5510123372077942,False,4,0.0,0,"[0.117537, 0.23558, 0.3707, 0.141875, 0.134308]"
Actor,client,99,5836,1,M0,attack_member,evaluation,4,1,0.42964041233062744,0,0.6842027902603149,False,1,0.0,0,"[0.176191, 0.175399, 0.210086, 0.238793, 0.199532]"
Actor,client,99,5844,1,M0,attack_member,evaluation,1,1,0.552520751953125,0,0.5864935517311096,False,0,,1,"[0.199869, 0.219635, 0.203885, 0.183286, 0.193325]"
Actor,client,99,5875,1,M0,attack_member,evaluation,4,1,0.4413985013961792,0,0.6842027902603149,False,9,0.1111111111111111,0,"[0.139559, 0.221456, 0.196778, 0.236765, 0.205442]"
Actor,client,99,5877,1,M0,attack_member,evaluation,4,1,0.6581616401672363,0,0.6842027902603149,False,9,0.2222222222222222,1,"[0.058506, 0.106712, 0.211942, 0.216349, 0.406492]"
Actor,client,99,5915,1,M0,attack_member,evaluation,2,1,0.5712617039680481,0,0.6948522925376892,False,0,,1,"[0.15914, 0.267887, 0.279691, 0.182516, 0.110766]"
Actor,client,99,5947,1,M0,attack_member,evaluation,2,1,0.2926076054573059,0,0.6948522925376892,False,0,,0,"[0.054767, 0.226139, 0.151631, 0.341804, 0.225658]"
Actor,client,99,6005,1,M0,attack_member,evaluation,1,1,0.49352169036865234,0,0.5864935517311096,False,4,0.0,0,"[0.11831, 0.214356, 0.25119, 0.207501, 0.208643]"
Actor,client,99,6040,1,M0,attack_member,evaluation,0,1,0.5404356718063354,0,0.5510123372077942,False,3,0.3333333333333333,0,"[0.200601, 0.221616, 0.193177, 0.201285, 0.18332]"
Actor,client,99,6156,1,M0,attack_member,evaluation,3,1,0.43485963344573975,0,0.5564348697662354,False,5,0.2,0,"[0.143064, 0.183825, 0.234095, 0.22408, 0.214936]"
Actor,client,99,6202,1,M0,attack_member,evaluation,0,1,0.4069897532463074,0,0.5510123372077942,False,8,0.5,0,"[0.142934, 0.202666, 0.24566, 0.188275, 0.220465]"
Actor,client,99,6219,1,M0,attack_member,evaluation,2,1,0.26244083046913147,0,0.6948522925376892,False,1,0.0,0,"[0.176575, 0.150811, 0.123102, 0.233018, 0.316494]"
Actor,client,99,6268,1,M0,attack_member,evaluation,2,1,0.37994763255119324,0,0.6948522925376892,False,3,0.0,0,"[0.146864, 0.183752, 0.19889, 0.278485, 0.192009]"
Actor,client,99,6282,1,M0,attack_member,evaluation,3,1,0.40064185857772827,0,0.5564348697662354,False,7,0.0,0,"[0.158084, 0.174213, 0.16143, 0.202307, 0.303967]"
Actor,client,99,6297,1,M0,attack_member,evaluation,1,1,0.501695454120636,0,0.5864935517311096,False,3,0.3333333333333333,0,"[0.13849, 0.209299, 0.236189, 0.22815, 0.187872]"
Actor,client,99,6303,1,M0,attack_member,evaluation,3,1,0.5104880928993225,0,0.5564348697662354,False,0,,0,"[0.128675, 0.122931, 0.083862, 0.29696, 0.367572]"
Actor,client,99,6319,1,M0,attack_member,evaluation,2,1,0.34263113141059875,0,0.6948522925376892,False,1,0.0,0,"[0.161554, 0.167581, 0.173515, 0.248212, 0.249139]"
Actor,client,99,6362,1,M0,attack_member,evaluation,3,1,0.3675908148288727,0,0.5564348697662354,False,2,0.0,0,"[0.156121, 0.29853, 0.226594, 0.182084, 0.136672]"
Actor,client,99,6374,1,M0,attack_member,evaluation,4,1,0.468633234500885,0,0.6842027902603149,False,3,0.0,0,"[0.151315, 0.217883, 0.204149, 0.21739, 0.209263]"
Actor,client,99,6381,1,M0,attack_member,evaluation,2,1,0.5085923075675964,0,0.6948522925376892,False,2,0.0,1,"[0.191833, 0.195155, 0.246573, 0.163444, 0.202995]"
Actor,client,99,6387,1,M0,attack_member,evaluation,3,1,0.4173976182937622,0,0.5564348697662354,False,2,0.0,0,"[0.173267, 0.199075, 0.162115, 0.21195, 0.253594]"
Actor,client,99,6446,1,M0,attack_member,evaluation,4,1,0.49559110403060913,0,0.6842027902603149,False,0,,0,"[0.118452, 0.259376, 0.134276, 0.246889, 0.241006]"
Actor,client,99,6522,1,M0,attack_member,evaluation,4,1,0.612904965877533,0,0.6842027902603149,False,0,,1,"[0.158731, 0.12315, 0.166212, 0.214302, 0.337604]"
Actor,client,99,6538,1,M0,attack_member,evaluation,1,1,0.43383172154426575,0,0.5864935517311096,False,2,0.0,0,"[0.149318, 0.178822, 0.139491, 0.224743, 0.307626]"
Actor,client,99,6579,1,M0,attack_member,evaluation,2,1,0.6014400720596313,0,0.6948522925376892,False,3,0.6666666666666666,1,"[0.044855, 0.199895, 0.299024, 0.263973, 0.192254]"
Actor,client,99,6638,1,M0,attack_member,evaluation,3,1,0.4075332581996918,0,0.5564348697662354,False,2,0.0,0,"[0.129547, 0.219995, 0.208388, 0.215781, 0.226289]"
Actor,client,99,6662,1,M0,attack_member,evaluation,1,1,0.5233404040336609,0,0.5864935517311096,False,7,0.2857142857142857,0,"[0.12491, 0.210299, 0.201977, 0.305054, 0.15776]"
Actor,client,99,6710,1,M0,attack_member,evaluation,0,1,0.8881711959838867,1,0.5510123372077942,False,0,,1,"[0.387297, 0.202704, 0.166258, 0.118137, 0.125604]"
Actor,client,99,6802,1,M0,attack_member,evaluation,1,1,0.45558592677116394,0,0.5864935517311096,False,9,0.1111111111111111,0,"[0.147746, 0.186835, 0.239359, 0.240619, 0.185441]"
Actor,client,99,6824,1,M0,attack_member,evaluation,2,1,0.4320998191833496,0,0.6948522925376892,False,3,0.3333333333333333,0,"[0.166962, 0.177691, 0.220892, 0.2414, 0.193056]"
Actor,client,99,6827,1,M0,attack_member,evaluation,1,1,0.7101947069168091,1,0.5864935517311096,False,0,,1,"[0.068774, 0.329251, 0.259174, 0.14695, 0.195851]"
Actor,client,99,6836,1,M0,attack_member,evaluation,1,1,0.6368140578269958,1,0.5864935517311096,False,1,0.0,1,"[0.112409, 0.278854, 0.235021, 0.17785, 0.195866]"
Actor,client,99,6862,1,M0,attack_member,evaluation,2,1,0.38257336616516113,0,0.6948522925376892,False,7,0.0,0,"[0.103058, 0.216702, 0.191877, 0.262282, 0.22608]"
Actor,client,99,6886,1,M0,attack_member,evaluation,0,1,0.49680519104003906,0,0.5510123372077942,False,7,0.14285714285714285,0,"[0.144232, 0.097743, 0.15817, 0.254189, 0.345667]"
Actor,client,99,6897,1,M0,attack_member,evaluation,2,1,0.49381688237190247,0,0.6948522925376892,False,3,0.0,1,"[0.106335, 0.185907, 0.246284, 0.245101, 0.216374]"
Actor,client,99,6921,1,M0,attack_member,evaluation,2,1,0.5897751450538635,0,0.6948522925376892,False,0,,1,"[0.053837, 0.26202, 0.29397, 0.262702, 0.127471]"
Actor,client,99,7089,1,M0,attack_member,evaluation,0,1,0.3576480746269226,0,0.5510123372077942,False,1,0.0,0,"[0.121022, 0.219889, 0.212625, 0.124237, 0.322228]"
Actor,client,99,7103,1,M0,attack_member,evaluation,3,1,0.4164828658103943,0,0.5564348697662354,False,2,0.5,0,"[0.147873, 0.222629, 0.196554, 0.217913, 0.21503]"
Actor,client,99,7124,1,M0,attack_member,evaluation,2,1,0.372504860162735,0,0.6948522925376892,False,6,0.3333333333333333,0,"[0.079712, 0.191058, 0.17919, 0.241222, 0.308818]"
Actor,client,99,7153,1,M0,attack_member,evaluation,4,1,0.6091936230659485,0,0.6842027902603149,False,3,0.3333333333333333,1,"[0.140746, 0.202655, 0.194627, 0.179968, 0.282003]"
Actor,client,99,7154,1,M0,attack_member,evaluation,3,1,0.5722954869270325,1,0.5564348697662354,False,5,0.2,1,"[0.112134, 0.090166, 0.12431, 0.338814, 0.334576]"
Actor,client,99,7194,1,M0,attack_member,evaluation,1,1,0.29783597588539124,0,0.5864935517311096,False,1,0.0,0,"[0.182948, 0.111823, 0.11134, 0.217191, 0.376699]"
Actor,client,99,7201,1,M0,attack_member,evaluation,3,1,0.4202583134174347,0,0.5564348697662354,False,2,0.5,0,"[0.162207, 0.183892, 0.189067, 0.212752, 0.252083]"
Actor,client,99,7221,1,M0,attack_member,evaluation,2,1,0.45204606652259827,0,0.6948522925376892,False,1,0.0,0,"[0.164622, 0.19749, 0.212967, 0.156772, 0.268149]"
Actor,client,99,7259,1,M0,attack_member,evaluation,4,1,0.5289597511291504,0,0.6842027902603149,False,1,0.0,1,"[0.102744, 0.132099, 0.136909, 0.311524, 0.316723]"
Actor,client,99,7276,1,M0,attack_member,evaluation,4,1,0.7127594351768494,1,0.6842027902603149,False,0,,1,"[0.087354, 0.091743, 0.030293, 0.149371, 0.64124]"
Actor,client,99,7280,1,M0,attack_member,evaluation,1,1,0.4568711519241333,0,0.5864935517311096,False,8,0.0,0,"[0.10307, 0.196556, 0.189205, 0.253733, 0.257437]"
Actor,client,99,7299,1,M0,attack_member,evaluation,1,1,0.8557112216949463,1,0.5864935517311096,False,3,0.0,1,"[0.059616, 0.425113, 0.156167, 0.148522, 0.210582]"
Actor,client,99,7349,1,M0,attack_member,evaluation,0,1,0.6948450207710266,1,0.5510123372077942,False,2,0.0,0,"[0.231471, 0.132489, 0.143889, 0.081926, 0.410225]"
Actor,client,99,7350,1,M0,attack_member,evaluation,1,1,0.4563761055469513,0,0.5864935517311096,False,3,0.0,0,"[0.126397, 0.19569, 0.220201, 0.217659, 0.240053]"
Actor,client,99,7351,1,M0,attack_member,evaluation,4,1,0.47897663712501526,0,0.6842027902603149,False,1,1.0,0,"[0.109387, 0.216785, 0.113274, 0.297986, 0.262569]"
Actor,client,99,7389,1,M0,attack_member,evaluation,1,1,0.752750039100647,1,0.5864935517311096,False,1,1.0,1,"[0.113793, 0.328949, 0.20498, 0.217628, 0.13465]"
Actor,client,99,7450,1,M0,attack_member,evaluation,4,1,0.37125906348228455,0,0.6842027902603149,False,3,0.0,0,"[0.088049, 0.267567, 0.224883, 0.243604, 0.175897]"
Actor,client,99,7488,1,M0,attack_member,evaluation,1,1,0.5459945797920227,0,0.5864935517311096,False,1,0.0,0,"[0.152633, 0.223033, 0.216373, 0.228688, 0.179273]"
Actor,client,99,7536,1,M0,attack_member,evaluation,1,1,0.5356348752975464,0,0.5864935517311096,False,1,0.0,1,"[0.17026, 0.21613, 0.188635, 0.213651, 0.211323]"
Actor,client,99,54,2,M0,attack_member,evaluation,0,1,0.466117262840271,0,0.5510123372077942,False,1,0.0,0,"[0.182477, 0.272191, 0.139901, 0.219216, 0.186215]"
Actor,client,99,180,2,M0,attack_member,evaluation,4,1,0.5583136677742004,0,0.6842027902603149,False,1,0.0,0,"[0.228195, 0.214237, 0.214268, 0.131436, 0.211865]"
Actor,client,99,246,2,M0,attack_member,evaluation,4,1,0.7033957839012146,1,0.6842027902603149,False,1,0.0,1,"[0.094292, 0.148549, 0.14119, 0.17526, 0.440709]"
Actor,client,99,347,2,M0,attack_member,evaluation,0,1,0.46741583943367004,0,0.5510123372077942,False,1,0.0,0,"[0.179533, 0.244504, 0.208964, 0.213517, 0.153482]"
Actor,client,99,507,2,M0,attack_member,evaluation,1,1,0.641710102558136,1,0.5864935517311096,False,0,,0,"[0.181518, 0.246592, 0.196448, 0.289922, 0.08552]"
Actor,client,99,515,2,M0,attack_member,evaluation,4,1,0.5988249182701111,0,0.6842027902603149,False,1,0.0,1,"[0.154196, 0.143944, 0.128902, 0.239677, 0.333282]"
Actor,client,99,758,2,M0,attack_member,evaluation,4,1,0.7078861594200134,1,0.6842027902603149,False,0,,1,"[0.04632, 0.092987, 0.103021, 0.17827, 0.579402]"
Actor,client,99,871,2,M0,attack_member,evaluation,3,1,0.3783101439476013,0,0.5564348697662354,False,2,0.5,0,"[0.098502, 0.212445, 0.360857, 0.183824, 0.144372]"
Actor,client,99,883,2,M0,attack_member,evaluation,1,1,0.5053312182426453,0,0.5864935517311096,False,2,0.0,0,"[0.103518, 0.210567, 0.180403, 0.289983, 0.215528]"
Actor,client,99,944,2,M0,attack_member,evaluation,1,1,0.22487595677375793,0,0.5864935517311096,False,2,0.0,0,"[0.054512, 0.117135, 0.130098, 0.142546, 0.55571]"
Actor,client,99,963,2,M0,attack_member,evaluation,4,1,0.5594543218612671,0,0.6842027902603149,False,1,0.0,1,"[0.148647, 0.159083, 0.227659, 0.201654, 0.262957]"
Actor,client,99,985,2,M0,attack_member,evaluation,4,1,0.4536266028881073,0,0.6842027902603149,False,1,0.0,0,"[0.03841, 0.217065, 0.478466, 0.115733, 0.150326]"
Actor,client,99,1108,2,M0,attack_member,evaluation,2,1,0.38004791736602783,0,0.6948522925376892,False,1,0.0,0,"[0.132776, 0.198363, 0.192148, 0.253975, 0.222739]"
Actor,client,99,1129,2,M0,attack_member,evaluation,0,1,0.570766270160675,1,0.5510123372077942,False,1,0.0,0,"[0.204233, 0.188177, 0.211274, 0.201052, 0.195265]"
Actor,client,99,1275,2,M0,attack_member,evaluation,4,1,0.5283278822898865,0,0.6842027902603149,False,1,1.0,1,"[0.072161, 0.099079, 0.173474, 0.324301, 0.330985]"
Actor,client,99,1277,2,M0,attack_member,evaluation,3,1,0.6316102147102356,1,0.5564348697662354,False,0,,1,"[0.064687, 0.115061, 0.095466, 0.407327, 0.31746]"
Actor,client,99,1329,2,M0,attack_member,evaluation,2,1,0.7038747072219849,1,0.6948522925376892,False,2,0.0,1,"[0.063479, 0.125201, 0.3564, 0.247593, 0.207328]"
Actor,client,99,1392,2,M0,attack_member,evaluation,4,1,0.7270964980125427,1,0.6842027902603149,False,0,,1,"[0.086253, 0.062745, 0.047401, 0.072963, 0.730638]"
Actor,client,99,1410,2,M0,attack_member,evaluation,2,1,0.42559126019477844,0,0.6948522925376892,False,1,0.0,0,"[0.127906, 0.226623, 0.209279, 0.223422, 0.212769]"
Actor,client,99,1461,2,M0,attack_member,evaluation,0,1,0.5444737076759338,0,0.5510123372077942,False,1,0.0,0,"[0.186771, 0.149122, 0.283473, 0.200023, 0.180611]"
Actor,client,99,1606,2,M0,attack_member,evaluation,3,1,0.37038564682006836,0,0.5564348697662354,False,1,1.0,0,"[0.173093, 0.244341, 0.18598, 0.178226, 0.21836]"
Actor,client,99,1706,2,M0,attack_member,evaluation,3,1,0.7827417254447937,1,0.5564348697662354,False,0,,1,"[0.109647, 0.052851, 0.127159, 0.524853, 0.185491]"
Actor,client,99,1719,2,M0,attack_member,evaluation,2,1,0.4774308204650879,0,0.6948522925376892,False,1,0.0,1,"[0.198726, 0.198549, 0.230868, 0.160749, 0.211109]"
Actor,client,99,1965,2,M0,attack_member,evaluation,2,1,0.5324917435646057,0,0.6948522925376892,False,2,0.5,1,"[0.106601, 0.247857, 0.261456, 0.221886, 0.1622]"
Actor,client,99,1981,2,M0,attack_member,evaluation,3,1,0.38803136348724365,0,0.5564348697662354,False,1,1.0,0,"[0.180931, 0.221397, 0.225025, 0.181507, 0.191139]"
Actor,client,99,2015,2,M0,attack_member,evaluation,2,1,0.4687029719352722,0,0.6948522925376892,False,1,0.0,0,"[0.151427, 0.233017, 0.227616, 0.191992, 0.195949]"
Actor,client,99,2043,2,M0,attack_member,evaluation,1,1,0.4726366400718689,0,0.5864935517311096,False,1,0.0,0,"[0.180705, 0.192714, 0.210276, 0.18384, 0.232464]"
Actor,client,99,2053,2,M0,attack_member,evaluation,2,1,0.8258379101753235,1,0.6948522925376892,False,0,,1,"[0.150274, 0.14772, 0.438868, 0.143344, 0.119794]"
Actor,client,99,2101,2,M0,attack_member,evaluation,4,1,0.48565199971199036,0,0.6842027902603149,False,1,0.0,0,"[0.183497, 0.189789, 0.226335, 0.194399, 0.20598]"
Actor,client,99,2152,2,M0,attack_member,evaluation,3,1,0.5489230751991272,0,0.5564348697662354,False,0,,1,"[0.111768, 0.155223, 0.280456, 0.308122, 0.144431]"
Actor,client,99,2220,2,M0,attack_member,evaluation,2,1,0.3714112341403961,0,0.6948522925376892,False,1,0.0,0,"[0.155756, 0.126662, 0.1801, 0.207858, 0.329623]"
Actor,client,99,2308,2,M0,attack_member,evaluation,2,1,0.46141988039016724,0,0.6948522925376892,False,1,0.0,0,"[0.112487, 0.174276, 0.230413, 0.245095, 0.237729]"
Actor,client,99,2324,2,M0,attack_member,evaluation,0,1,0.4764734208583832,0,0.5510123372077942,False,1,0.0,0,"[0.178542, 0.23506, 0.208871, 0.177802, 0.199724]"
Actor,client,99,2348,2,M0,attack_member,evaluation,4,1,0.5636094212532043,0,0.6842027902603149,False,1,1.0,1,"[0.159045, 0.218298, 0.227304, 0.161593, 0.23376]"
Actor,client,99,2438,2,M0,attack_member,evaluation,2,1,0.5756705403327942,0,0.6948522925376892,False,0,,1,"[0.086064, 0.205195, 0.271097, 0.174344, 0.2633]"
Actor,client,99,2457,2,M0,attack_member,evaluation,3,1,0.44950729608535767,0,0.5564348697662354,False,1,0.0,0,"[0.096351, 0.110947, 0.202107, 0.247451, 0.343144]"
Actor,client,99,2489,2,M0,attack_member,evaluation,0,1,0.42312270402908325,0,0.5510123372077942,False,1,0.0,0,"[0.147907, 0.198681, 0.224663, 0.208843, 0.219906]"
Actor,client,99,2513,2,M0,attack_member,evaluation,4,1,0.5509230494499207,0,0.6842027902603149,False,2,0.0,1,"[0.140471, 0.172051, 0.215574, 0.211139, 0.260766]"
Actor,client,99,2526,2,M0,attack_member,evaluation,3,1,0.40875282883644104,0,0.5564348697662354,False,1,1.0,0,"[0.131783, 0.234643, 0.18899, 0.219968, 0.224617]"
Actor,client,99,2722,2,M0,attack_member,evaluation,1,1,0.49626424908638,0,0.5864935517311096,False,1,0.0,0,"[0.118106, 0.205272, 0.181448, 0.275077, 0.220097]"
Actor,client,99,2776,2,M0,attack_member,evaluation,4,1,0.6807814836502075,0,0.6842027902603149,False,0,,1,"[0.083945, 0.067794, 0.259331, 0.155344, 0.433585]"
Actor,client,99,2870,2,M0,attack_member,evaluation,0,1,0.44620177149772644,0,0.5510123372077942,False,1,0.0,0,"[0.166371, 0.237859, 0.189908, 0.196558, 0.209304]"
Actor,client,99,2894,2,M0,attack_member,evaluation,3,1,0.36395177245140076,0,0.5564348697662354,False,1,1.0,0,"[0.170061, 0.201969, 0.246067, 0.162171, 0.219732]"
Actor,client,99,2917,2,M0,attack_member,evaluation,4,1,0.6421315670013428,0,0.6842027902603149,False,1,0.0,1,"[0.09822, 0.114542, 0.152845, 0.234307, 0.400086]"
Actor,client,99,2939,2,M0,attack_member,evaluation,1,1,0.5021530389785767,0,0.5864935517311096,False,1,0.0,0,"[0.1564, 0.200498, 0.206812, 0.256792, 0.179498]"
Actor,client,99,2979,2,M0,attack_member,evaluation,2,1,0.8527916669845581,1,0.6948522925376892,False,1,1.0,1,"[0.017452, 0.109174, 0.472987, 0.252246, 0.148141]"
Actor,client,99,3058,2,M0,attack_member,evaluation,2,1,0.45256680250167847,0,0.6948522925376892,False,1,0.0,1,"[0.185609, 0.19307, 0.221699, 0.184993, 0.21463]"
Actor,client,99,3080,2,M0,attack_member,evaluation,4,1,0.6044214367866516,0,0.6842027902603149,False,1,0.0,1,"[0.172309, 0.141749, 0.204154, 0.18489, 0.2969]"
Actor,client,99,3171,2,M0,attack_member,evaluation,0,1,0.4405747354030609,0,0.5510123372077942,False,1,0.0,0,"[0.154739, 0.190696, 0.260508, 0.193217, 0.200839]"
Actor,client,99,3232,2,M0,attack_member,evaluation,3,1,0.4759838581085205,0,0.5564348697662354,False,1,0.0,1,"[0.179624, 0.18711, 0.21389, 0.244189, 0.175188]"
Actor,client,99,3265,2,M0,attack_member,evaluation,2,1,0.3642737567424774,0,0.6948522925376892,False,1,0.0,0,"[0.164567, 0.20417, 0.174127, 0.192303, 0.264833]"
Actor,client,99,3365,2,M0,attack_member,evaluation,1,1,0.49685925245285034,0,0.5864935517311096,False,1,0.0,0,"[0.133521, 0.211149, 0.231441, 0.210165, 0.213724]"
Actor,client,99,3426,2,M0,attack_member,evaluation,3,1,0.4781073331832886,0,0.5564348697662354,False,1,1.0,1,"[0.129536, 0.17991, 0.158786, 0.269449, 0.262318]"
Actor,client,99,3582,2,M0,attack_member,evaluation,4,1,0.4871959388256073,0,0.6842027902603149,False,1,0.0,0,"[0.188193, 0.228168, 0.191402, 0.189506, 0.202731]"
Actor,client,99,3833,2,M0,attack_member,evaluation,3,1,0.8415337800979614,1,0.5564348697662354,False,3,0.3333333333333333,1,"[0.020114, 0.039654, 0.152965, 0.633671, 0.153596]"
Actor,client,99,3848,2,M0,attack_member,evaluation,4,1,0.571963906288147,0,0.6842027902603149,False,1,0.0,1,"[0.103714, 0.084735, 0.186282, 0.276834, 0.348435]"
Actor,client,99,4009,2,M0,attack_member,evaluation,4,1,0.6212562322616577,0,0.6842027902603149,False,1,0.0,0,"[0.140044, 0.189376, 0.284063, 0.128019, 0.258499]"
Actor,client,99,4050,2,M0,attack_member,evaluation,4,1,0.7113887667655945,1,0.6842027902603149,False,0,,1,"[0.132435, 0.063246, 0.060574, 0.097882, 0.645863]"
Actor,client,99,4122,2,M0,attack_member,evaluation,1,1,0.3531952500343323,0,0.5864935517311096,False,1,0.0,0,"[0.163714, 0.143688, 0.267061, 0.219473, 0.206064]"
Actor,client,99,4155,2,M0,attack_member,evaluation,1,1,0.5277043581008911,0,0.5864935517311096,False,1,0.0,0,"[0.181553, 0.212614, 0.217314, 0.197202, 0.191317]"
Actor,client,99,4213,2,M0,attack_member,evaluation,3,1,0.523340106010437,0,0.5564348697662354,False,3,0.3333333333333333,1,"[0.113977, 0.172086, 0.171014, 0.30493, 0.237992]"
Actor,client,99,4234,2,M0,attack_member,evaluation,0,1,0.49170881509780884,0,0.5510123372077942,False,1,0.0,0,"[0.182313, 0.223331, 0.235812, 0.158798, 0.199746]"
Actor,client,99,4365,2,M0,attack_member,evaluation,4,1,0.5210499167442322,0,0.6842027902603149,False,1,0.0,1,"[0.173125, 0.16493, 0.169637, 0.236043, 0.256266]"
Actor,client,99,4405,2,M0,attack_member,evaluation,4,1,0.555613100528717,0,0.6842027902603149,False,1,0.0,1,"[0.067931, 0.128178, 0.156464, 0.308741, 0.338686]"
Actor,client,99,4467,2,M0,attack_member,evaluation,1,1,0.5912490487098694,1,0.5864935517311096,False,1,0.0,0,"[0.140321, 0.238255, 0.158619, 0.27047, 0.192335]"
Actor,client,99,4477,2,M0,attack_member,evaluation,4,1,0.38545656204223633,0,0.6842027902603149,False,1,0.0,0,"[0.11393, 0.21642, 0.187018, 0.281684, 0.200948]"
Actor,client,99,4545,2,M0,attack_member,evaluation,3,1,0.42724090814590454,0,0.5564348697662354,False,1,1.0,0,"[0.122378, 0.161372, 0.221244, 0.225034, 0.269971]"
Actor,client,99,4617,2,M0,attack_member,evaluation,2,1,0.41870081424713135,0,0.6948522925376892,False,1,0.0,0,"[0.1523, 0.212444, 0.21075, 0.234098, 0.190408]"
Actor,client,99,4669,2,M0,attack_member,evaluation,4,1,0.5328707098960876,0,0.6842027902603149,False,1,0.0,0,"[0.183099, 0.174288, 0.268933, 0.158704, 0.214976]"
Actor,client,99,4690,2,M0,attack_member,evaluation,1,1,0.4585970640182495,0,0.5864935517311096,False,1,0.0,0,"[0.170542, 0.192923, 0.212478, 0.161505, 0.262552]"
Actor,client,99,4805,2,M0,attack_member,evaluation,2,1,0.45207399129867554,0,0.6948522925376892,False,2,0.0,0,"[0.11288, 0.198073, 0.229099, 0.260856, 0.199092]"
Actor,client,99,4815,2,M0,attack_member,evaluation,3,1,0.5562373399734497,0,0.5564348697662354,False,1,1.0,1,"[0.120999, 0.160168, 0.170428, 0.325323, 0.223082]"
Actor,client,99,4846,2,M0,attack_member,evaluation,1,1,0.4366236627101898,0,0.5864935517311096,False,1,0.0,0,"[0.195696, 0.169632, 0.19138, 0.216382, 0.226911]"
Actor,client,99,4889,2,M0,attack_member,evaluation,0,1,0.4437071979045868,0,0.5510123372077942,False,1,0.0,0,"[0.15812, 0.201198, 0.233077, 0.212472, 0.195133]"
Actor,client,99,5001,2,M0,attack_member,evaluation,3,1,0.45795536041259766,0,0.5564348697662354,False,1,1.0,1,"[0.1118, 0.187923, 0.212496, 0.254795, 0.232986]"
Actor,client,99,5031,2,M0,attack_member,evaluation,3,1,0.48351559042930603,0,0.5564348697662354,False,1,1.0,1,"[0.17611, 0.168137, 0.189042, 0.252096, 0.214614]"
Actor,client,99,5156,2,M0,attack_member,evaluation,4,1,0.4897398352622986,0,0.6842027902603149,False,1,0.0,0,"[0.189635, 0.155173, 0.246922, 0.196739, 0.211531]"
Actor,client,99,5173,2,M0,attack_member,evaluation,0,1,0.5890917778015137,1,0.5510123372077942,False,1,0.0,0,"[0.209088, 0.182568, 0.206791, 0.185554, 0.215999]"
Actor,client,99,5273,2,M0,attack_member,evaluation,3,1,0.382512629032135,0,0.5564348697662354,False,1,1.0,0,"[0.15037, 0.225999, 0.201342, 0.191424, 0.230865]"
Actor,client,99,5418,2,M0,attack_member,evaluation,1,1,0.4309389293193817,0,0.5864935517311096,False,1,0.0,0,"[0.143179, 0.174952, 0.157844, 0.256626, 0.267399]"
Actor,client,99,5549,2,M0,attack_member,evaluation,4,1,0.6754851937294006,0,0.6842027902603149,False,0,,1,"[0.019259, 0.017485, 0.016813, 0.17979, 0.766653]"
Actor,client,99,5686,2,M0,attack_member,evaluation,1,1,0.5076415538787842,0,0.5864935517311096,False,1,0.0,0,"[0.14552, 0.215533, 0.23511, 0.187635, 0.216202]"
Actor,client,99,5794,2,M0,attack_member,evaluation,4,1,0.6980262994766235,1,0.6842027902603149,False,1,1.0,1,"[0.07411, 0.077033, 0.100093, 0.17189, 0.576874]"
Actor,client,99,5806,2,M0,attack_member,evaluation,1,1,0.49038171768188477,0,0.5864935517311096,False,1,0.0,0,"[0.198726, 0.198549, 0.230868, 0.160749, 0.211109]"
Actor,client,99,5943,2,M0,attack_member,evaluation,3,1,0.4023381173610687,0,0.5564348697662354,False,1,1.0,0,"[0.144048, 0.182634, 0.174453, 0.207559, 0.291306]"
Actor,client,99,5944,2,M0,attack_member,evaluation,1,1,0.43374186754226685,0,0.5864935517311096,False,4,0.0,0,"[0.126615, 0.191329, 0.251259, 0.185811, 0.244986]"
Actor,client,99,5952,2,M0,attack_member,evaluation,3,1,0.4382094144821167,0,0.5564348697662354,False,1,1.0,0,"[0.132695, 0.174395, 0.18809, 0.235141, 0.269679]"
Actor,client,99,5963,2,M0,attack_member,evaluation,2,1,0.27120450139045715,0,0.6948522925376892,False,1,0.0,0,"[0.153023, 0.118191, 0.139602, 0.296489, 0.292695]"
Actor,client,99,6004,2,M0,attack_member,evaluation,1,1,0.5772029757499695,0,0.5864935517311096,False,1,0.0,1,"[0.172092, 0.237181, 0.18972, 0.180848, 0.22016]"
Actor,client,99,6044,2,M0,attack_member,evaluation,4,1,0.6254421472549438,0,0.6842027902603149,False,1,0.0,1,"[0.129306, 0.112034, 0.161216, 0.227275, 0.37017]"
Actor,client,99,6092,2,M0,attack_member,evaluation,1,1,0.4283548891544342,0,0.5864935517311096,False,1,0.0,0,"[0.109379, 0.185928, 0.210589, 0.237532, 0.256572]"
Actor,client,99,6183,2,M0,attack_member,evaluation,1,1,0.5525208711624146,0,0.5864935517311096,False,0,,1,"[0.199869, 0.219635, 0.203885, 0.183286, 0.193325]"
Actor,client,99,6185,2,M0,attack_member,evaluation,0,1,0.3733106851577759,0,0.5510123372077942,False,1,0.0,0,"[0.132136, 0.211289, 0.238508, 0.221183, 0.196884]"
Actor,client,99,6213,2,M0,attack_member,evaluation,2,1,0.3858792185783386,0,0.6948522925376892,False,1,0.0,0,"[0.13502, 0.209395, 0.195966, 0.255835, 0.203784]"
Actor,client,99,6228,2,M0,attack_member,evaluation,4,1,0.5064536333084106,0,0.6842027902603149,False,1,0.0,0,"[0.152795, 0.094417, 0.269609, 0.232102, 0.251077]"
Actor,client,99,6382,2,M0,attack_member,evaluation,1,1,0.4878680408000946,0,0.5864935517311096,False,2,0.0,0,"[0.131389, 0.201722, 0.17756, 0.251741, 0.237588]"
Actor,client,99,6447,2,M0,attack_member,evaluation,2,1,0.4969675838947296,0,0.6948522925376892,False,1,0.0,1,"[0.126517, 0.213288, 0.243449, 0.212577, 0.204167]"
Actor,client,99,6520,2,M0,attack_member,evaluation,2,1,0.7908709049224854,1,0.6948522925376892,False,0,,1,"[0.025175, 0.109718, 0.419187, 0.273072, 0.172849]"
Actor,client,99,6601,2,M0,attack_member,evaluation,3,1,0.45449399948120117,0,0.5564348697662354,False,1,1.0,0,"[0.171139, 0.150079, 0.272163, 0.220164, 0.186455]"
Actor,client,99,6629,2,M0,attack_member,evaluation,4,1,0.5491941571235657,0,0.6842027902603149,False,1,0.0,1,"[0.163288, 0.214636, 0.183273, 0.194241, 0.244563]"
Actor,client,99,6631,2,M0,attack_member,evaluation,1,1,0.6181575059890747,1,0.5864935517311096,False,1,0.0,0,"[0.062751, 0.245999, 0.083139, 0.434371, 0.173741]"
Actor,client,99,6702,2,M0,attack_member,evaluation,4,1,0.6772121787071228,0,0.6842027902603149,False,0,,1,"[0.135771, 0.07104, 0.03985, 0.185362, 0.567976]"
Actor,client,99,6732,2,M0,attack_member,evaluation,3,1,0.3956635892391205,0,0.5564348697662354,False,1,1.0,0,"[0.135677, 0.141062, 0.206155, 0.197102, 0.320004]"
Actor,client,99,6773,2,M0,attack_member,evaluation,2,1,0.4345698654651642,0,0.6948522925376892,False,1,0.0,0,"[0.163341, 0.233831, 0.208514, 0.178343, 0.215971]"
Actor,client,99,6901,2,M0,attack_member,evaluation,3,1,0.3791384994983673,0,0.5564348697662354,False,2,0.5,0,"[0.172165, 0.217885, 0.249478, 0.174239, 0.186233]"
Actor,client,99,6925,2,M0,attack_member,evaluation,3,1,0.5194893479347229,0,0.5564348697662354,False,1,0.0,1,"[0.099993, 0.212534, 0.186544, 0.309233, 0.191697]"
Actor,client,99,6974,2,M0,attack_member,evaluation,2,1,0.522147536277771,0,0.6948522925376892,False,1,0.0,0,"[0.14892, 0.160792, 0.252575, 0.183688, 0.254025]"
Actor,client,99,6993,2,M0,attack_member,evaluation,0,1,0.36940518021583557,0,0.5510123372077942,False,1,0.0,0,"[0.141107, 0.259726, 0.203674, 0.188636, 0.206856]"
Actor,client,99,7077,2,M0,attack_member,evaluation,1,1,0.5547983050346375,0,0.5864935517311096,False,1,0.0,1,"[0.184238, 0.225147, 0.20482, 0.179786, 0.206009]"
Actor,client,99,7158,2,M0,attack_member,evaluation,1,1,0.4745352864265442,0,0.5864935517311096,False,1,0.0,0,"[0.176991, 0.194568, 0.204935, 0.182532, 0.240974]"
Actor,client,99,7164,2,M0,attack_member,evaluation,4,1,0.6949562430381775,1,0.6842027902603149,False,1,0.0,1,"[0.116956, 0.080932, 0.103415, 0.159291, 0.539405]"
Actor,client,99,94,3,M0,attack_member,evaluation,3,1,0.3877047002315521,0,0.5564348697662354,False,1,0.0,0,"[0.130109, 0.303384, 0.201708, 0.210177, 0.154622]"
Actor,client,99,167,3,M0,attack_member,evaluation,0,1,0.40754643082618713,0,0.5510123372077942,False,0,,0,"[0.169648, 0.281924, 0.318363, 0.113787, 0.116278]"
Actor,client,99,179,3,M0,attack_member,evaluation,1,1,0.5361196398735046,0,0.5864935517311096,False,3,0.0,0,"[0.02358, 0.245446, 0.276058, 0.284335, 0.170581]"
Actor,client,99,233,3,M0,attack_member,evaluation,3,1,0.4561603367328644,0,0.5564348697662354,False,1,0.0,0,"[0.140661, 0.165814, 0.189343, 0.244326, 0.259856]"
Actor,client,99,295,3,M0,attack_member,evaluation,4,1,0.46250009536743164,0,0.6842027902603149,False,3,0.3333333333333333,0,"[0.217237, 0.26516, 0.164581, 0.173702, 0.17932]"
Actor,client,99,311,3,M0,attack_member,evaluation,1,1,0.25316014885902405,0,0.5864935517311096,False,3,0.0,0,"[0.007016, 0.115729, 0.13017, 0.355196, 0.391889]"
Actor,client,99,343,3,M0,attack_member,evaluation,0,1,0.592907190322876,1,0.5510123372077942,False,4,0.0,0,"[0.194585, 0.125025, 0.245146, 0.159671, 0.275573]"
Actor,client,99,364,3,M0,attack_member,evaluation,2,1,0.5378932356834412,0,0.6948522925376892,False,0,,1,"[0.111205, 0.169062, 0.271515, 0.255267, 0.192951]"
Actor,client,99,377,3,M0,attack_member,evaluation,3,1,0.4762957990169525,0,0.5564348697662354,False,0,,0,"[0.088791, 0.12954, 0.333402, 0.254128, 0.19414]"
Actor,client,99,379,3,M0,attack_member,evaluation,1,1,0.5217009782791138,0,0.5864935517311096,False,2,0.0,0,"[0.087158, 0.241113, 0.117153, 0.15103, 0.403545]"
Actor,client,99,383,3,M0,attack_member,evaluation,4,1,0.7252901196479797,1,0.6842027902603149,False,0,,1,"[0.008511, 0.022392, 0.102714, 0.059012, 0.807371]"
Actor,client,99,432,3,M0,attack_member,evaluation,0,1,0.3474632799625397,0,0.5510123372077942,False,6,0.16666666666666666,0,"[0.123532, 0.233032, 0.162125, 0.264476, 0.216836]"
Actor,client,99,437,3,M0,attack_member,evaluation,0,1,0.23553912341594696,0,0.5510123372077942,False,3,0.0,0,"[0.07701, 0.251182, 0.23243, 0.241949, 0.197429]"
Actor,client,99,451,3,M0,attack_member,evaluation,3,1,0.903997540473938,1,0.5564348697662354,False,0,,1,"[0.013497, 0.027342, 0.033967, 0.790211, 0.134982]"
Actor,client,99,518,3,M0,attack_member,evaluation,3,1,0.4390218257904053,0,0.5564348697662354,False,1,0.0,0,"[0.124286, 0.260138, 0.147525, 0.25292, 0.215131]"
Actor,client,99,591,3,M0,attack_member,evaluation,3,1,0.4416826069355011,0,0.5564348697662354,False,5,0.6,0,"[0.172762, 0.257385, 0.100782, 0.244168, 0.224904]"
Actor,client,99,604,3,M0,attack_member,evaluation,3,1,0.4801909029483795,0,0.5564348697662354,False,1,0.0,1,"[0.069273, 0.191424, 0.273643, 0.277771, 0.187889]"
Actor,client,99,619,3,M0,attack_member,evaluation,4,1,0.6007076501846313,0,0.6842027902603149,False,0,,1,"[0.08285, 0.054271, 0.081316, 0.315376, 0.466187]"
Actor,client,99,630,3,M0,attack_member,evaluation,4,1,0.34971657395362854,0,0.6842027902603149,False,4,0.0,0,"[0.070235, 0.126898, 0.143388, 0.408542, 0.250936]"
Actor,client,99,640,3,M0,attack_member,evaluation,4,1,0.7328583002090454,1,0.6842027902603149,False,3,0.3333333333333333,1,"[0.042911, 0.055769, 0.105814, 0.07212, 0.723386]"
Actor,client,99,677,3,M0,attack_member,evaluation,3,1,0.7592983245849609,1,0.5564348697662354,False,1,0.0,1,"[0.128911, 0.151967, 0.092682, 0.508499, 0.117941]"
Actor,client,99,678,3,M0,attack_member,evaluation,0,1,0.4665769636631012,0,0.5510123372077942,False,3,0.0,0,"[0.186218, 0.284569, 0.156078, 0.188097, 0.185037]"
Actor,client,99,746,3,M0,attack_member,evaluation,1,1,0.7378261089324951,1,0.5864935517311096,False,1,0.0,1,"[0.108739, 0.315066, 0.158556, 0.264572, 0.153068]"
Actor,client,99,779,3,M0,attack_member,evaluation,4,1,0.3425116240978241,0,0.6842027902603149,False,3,0.0,0,"[0.149805, 0.157193, 0.22341, 0.289841, 0.179751]"
Actor,client,99,786,3,M0,attack_member,evaluation,4,1,0.3727567493915558,0,0.6842027902603149,False,0,,0,"[0.140044, 0.101611, 0.175032, 0.351535, 0.231779]"
Actor,client,99,824,3,M0,attack_member,evaluation,2,1,0.39657726883888245,0,0.6948522925376892,False,3,0.0,0,"[0.094839, 0.172084, 0.190565, 0.225902, 0.316611]"
Actor,client,99,837,3,M0,attack_member,evaluation,2,1,0.8194113373756409,1,0.6948522925376892,False,0,,1,"[0.072734, 0.287417, 0.42177, 0.129273, 0.088805]"
Actor,client,99,880,3,M0,attack_member,evaluation,2,1,0.3622683584690094,0,0.6948522925376892,False,3,0.3333333333333333,0,"[0.161592, 0.259147, 0.185912, 0.254345, 0.139004]"
Actor,client,99,923,3,M0,attack_member,evaluation,0,1,0.47339701652526855,0,0.5510123372077942,False,2,0.0,0,"[0.165777, 0.201788, 0.171846, 0.211904, 0.248685]"
Actor,client,99,1017,3,M0,attack_member,evaluation,3,1,0.6167616844177246,1,0.5564348697662354,False,3,0.3333333333333333,1,"[0.078004, 0.138867, 0.079494, 0.395874, 0.307761]"
Actor,client,99,1038,3,M0,attack_member,evaluation,4,1,0.3807271122932434,0,0.6842027902603149,False,1,0.0,0,"[0.121238, 0.23749, 0.187995, 0.264115, 0.189162]"
Actor,client,99,1048,3,M0,attack_member,evaluation,4,1,0.5665208101272583,0,0.6842027902603149,False,0,,0,"[0.081738, 0.149344, 0.425217, 0.124961, 0.21874]"
Actor,client,99,1063,3,M0,attack_member,evaluation,1,1,0.657383918762207,1,0.5864935517311096,False,0,,1,"[0.207309, 0.262711, 0.25201, 0.180969, 0.097001]"
Actor,client,99,1128,3,M0,attack_member,evaluation,4,1,0.5279510617256165,0,0.6842027902603149,False,2,0.0,1,"[0.195347, 0.168915, 0.152775, 0.227393, 0.25557]"
Actor,client,99,1132,3,M0,attack_member,evaluation,0,1,0.4541650116443634,0,0.5510123372077942,False,1,0.0,0,"[0.152353, 0.16366, 0.245772, 0.223489, 0.214725]"
Actor,client,99,1134,3,M0,attack_member,evaluation,1,1,0.3952840566635132,0,0.5864935517311096,False,0,,0,"[0.09959, 0.180034, 0.338262, 0.211309, 0.170805]"
Actor,client,99,1167,3,M0,attack_member,evaluation,4,1,0.21527747809886932,0,0.6842027902603149,False,1,0.0,0,"[0.009633, 0.128424, 0.081628, 0.542003, 0.238312]"
Actor,client,99,1204,3,M0,attack_member,evaluation,1,1,0.5709876418113708,0,0.5864935517311096,False,3,0.0,0,"[0.110021, 0.236598, 0.097511, 0.276089, 0.27978]"
Actor,client,99,1266,3,M0,attack_member,evaluation,4,1,0.39518553018569946,0,0.6842027902603149,False,1,0.0,0,"[0.090273, 0.230765, 0.199986, 0.275237, 0.203739]"
Actor,client,99,1288,3,M0,attack_member,evaluation,0,1,0.8978292346000671,1,0.5510123372077942,False,0,,1,"[0.375147, 0.120438, 0.191788, 0.132211, 0.180416]"
Actor,client,99,1323,3,M0,attack_member,evaluation,4,1,0.39334970712661743,0,0.6842027902603149,False,8,0.25,0,"[0.073142, 0.167986, 0.241026, 0.300964, 0.216883]"
Actor,client,99,1475,3,M0,attack_member,evaluation,1,1,0.39099326729774475,0,0.5864935517311096,False,8,0.25,0,"[0.144353, 0.163249, 0.140496, 0.219494, 0.332408]"
Actor,client,99,1491,3,M0,attack_member,evaluation,1,1,0.48483920097351074,0,0.5864935517311096,False,2,0.0,0,"[0.14348, 0.201992, 0.172238, 0.218647, 0.263643]"
Actor,client,99,1568,3,M0,attack_member,evaluation,4,1,0.6981460452079773,1,0.6842027902603149,False,2,1.0,1,"[0.025905, 0.011082, 0.070621, 0.110177, 0.782216]"
Actor,client,99,1609,3,M0,attack_member,evaluation,4,1,0.657672107219696,0,0.6842027902603149,False,0,,1,"[0.014155, 0.017276, 0.208158, 0.22083, 0.539581]"
Actor,client,99,1641,3,M0,attack_member,evaluation,1,1,0.7385837435722351,1,0.5864935517311096,False,0,,1,"[0.087077, 0.330819, 0.298697, 0.204897, 0.07851]"
Actor,client,99,1644,3,M0,attack_member,evaluation,1,1,0.4440421462059021,0,0.5864935517311096,False,3,0.0,0,"[0.154097, 0.181935, 0.077731, 0.219105, 0.367133]"
Actor,client,99,1668,3,M0,attack_member,evaluation,4,1,0.7107724547386169,1,0.6842027902603149,False,7,0.42857142857142855,1,"[0.017845, 0.074795, 0.235296, 0.15367, 0.518394]"
Actor,client,99,1697,3,M0,attack_member,evaluation,3,1,0.5033894777297974,0,0.5564348697662354,False,1,0.0,1,"[0.102652, 0.222105, 0.211555, 0.294382, 0.169306]"
Actor,client,99,1698,3,M0,attack_member,evaluation,3,1,0.6787768006324768,1,0.5564348697662354,False,0,,1,"[0.100314, 0.098785, 0.281783, 0.407932, 0.111186]"
Actor,client,99,1709,3,M0,attack_member,evaluation,4,1,0.5171225070953369,0,0.6842027902603149,False,4,0.25,1,"[0.1165, 0.135695, 0.225536, 0.254388, 0.267881]"
Actor,client,99,1726,3,M0,attack_member,evaluation,2,1,0.6887929439544678,0,0.6948522925376892,False,1,0.0,1,"[0.053869, 0.133569, 0.333426, 0.188965, 0.290172]"
Actor,client,99,1745,3,M0,attack_member,evaluation,0,1,0.5708996653556824,1,0.5510123372077942,False,3,0.3333333333333333,0,"[0.226615, 0.266107, 0.200347, 0.180152, 0.126778]"
Actor,client,99,1800,3,M0,attack_member,evaluation,1,1,0.7190676927566528,1,0.5864935517311096,False,3,0.0,1,"[0.123021, 0.299259, 0.124204, 0.278714, 0.174802]"
Actor,client,99,1802,3,M0,attack_member,evaluation,0,1,0.3399795889854431,0,0.5510123372077942,False,2,0.5,0,"[0.143578, 0.313496, 0.147265, 0.258779, 0.136881]"
Actor,client,99,1821,3,M0,attack_member,evaluation,2,1,0.24726936221122742,0,0.6948522925376892,False,3,0.3333333333333333,0,"[0.15548, 0.260584, 0.116859, 0.263105, 0.203972]"
Actor,client,99,1830,3,M0,attack_member,evaluation,0,1,0.5004072785377502,0,0.5510123372077942,False,1,0.0,0,"[0.180908, 0.197159, 0.259886, 0.18418, 0.177867]"
Actor,client,99,1837,3,M0,attack_member,evaluation,2,1,0.6660221815109253,0,0.6948522925376892,False,1,0.0,1,"[0.261921, 0.069442, 0.321933, 0.082592, 0.264111]"
Actor,client,99,1858,3,M0,attack_member,evaluation,4,1,0.6278681755065918,0,0.6842027902603149,False,3,0.0,1,"[0.113204, 0.149123, 0.120143, 0.246779, 0.370752]"
Actor,client,99,1923,3,M0,attack_member,evaluation,2,1,0.50361567735672,0,0.6948522925376892,False,0,,0,"[0.204686, 0.269485, 0.250098, 0.182941, 0.09279]"
Actor,client,99,1943,3,M0,attack_member,evaluation,2,1,0.38120970129966736,0,0.6948522925376892,False,1,0.0,0,"[0.176212, 0.181457, 0.191699, 0.225455, 0.225176]"
Actor,client,99,1947,3,M0,attack_member,evaluation,1,1,0.7202225923538208,1,0.5864935517311096,False,1,0.0,1,"[0.130771, 0.307012, 0.183847, 0.217562, 0.160808]"
Actor,client,99,1963,3,M0,attack_member,evaluation,0,1,0.4844553470611572,0,0.5510123372077942,False,1,0.0,0,"[0.177715, 0.211206, 0.220213, 0.226099, 0.164768]"
Actor,client,99,1985,3,M0,attack_member,evaluation,2,1,0.6077590584754944,0,0.6948522925376892,False,0,,1,"[0.036394, 0.055948, 0.309455, 0.304806, 0.293398]"
Actor,client,99,2065,3,M0,attack_member,evaluation,3,1,0.4291117191314697,0,0.5564348697662354,False,2,0.0,0,"[0.152472, 0.282009, 0.234811, 0.226708, 0.103999]"
Actor,client,99,2102,3,M0,attack_member,evaluation,0,1,0.46798014640808105,0,0.5510123372077942,False,1,0.0,0,"[0.175366, 0.233334, 0.193612, 0.218841, 0.178847]"
Actor,client,99,2124,3,M0,attack_member,evaluation,1,1,0.755564272403717,1,0.5864935517311096,False,0,,1,"[0.171492, 0.320224, 0.203763, 0.182904, 0.121618]"
Actor,client,99,2145,3,M0,attack_member,evaluation,2,1,0.45002564787864685,0,0.6948522925376892,False,2,0.0,0,"[0.186045, 0.233914, 0.222986, 0.196242, 0.160814]"
Actor,client,99,2189,3,M0,attack_member,evaluation,0,1,0.38568544387817383,0,0.5510123372077942,False,0,,0,"[0.151101, 0.270566, 0.169287, 0.233021, 0.176025]"
Actor,client,99,2212,3,M0,attack_member,evaluation,1,1,0.31558501720428467,0,0.5864935517311096,False,14,0.14285714285714285,0,"[0.078991, 0.144709, 0.127312, 0.235699, 0.413289]"
Actor,client,99,2261,3,M0,attack_member,evaluation,4,1,0.5751559138298035,0,0.6842027902603149,False,2,0.0,1,"[0.114401, 0.191139, 0.238709, 0.192079, 0.263672]"
Actor,client,99,2299,3,M0,attack_member,evaluation,0,1,0.4020012617111206,0,0.5510123372077942,False,0,,0,"[0.150029, 0.217502, 0.204526, 0.347778, 0.080166]"
Actor,client,99,2337,3,M0,attack_member,evaluation,4,1,0.26761502027511597,0,0.6842027902603149,False,4,0.0,0,"[0.149033, 0.175497, 0.215713, 0.310863, 0.148894]"
Actor,client,99,2369,3,M0,attack_member,evaluation,2,1,0.2477284073829651,0,0.6948522925376892,False,2,0.0,0,"[0.154672, 0.2309, 0.124005, 0.295799, 0.194624]"
Actor,client,99,2403,3,M0,attack_member,evaluation,1,1,0.32832276821136475,0,0.5864935517311096,False,7,0.14285714285714285,0,"[0.101379, 0.13907, 0.23711, 0.286719, 0.23572]"
Actor,client,99,2490,3,M0,attack_member,evaluation,4,1,0.5652565956115723,0,0.6842027902603149,False,0,,1,"[0.175384, 0.087405, 0.200497, 0.229751, 0.306964]"
Actor,client,99,2514,3,M0,attack_member,evaluation,4,1,0.6014769673347473,0,0.6842027902603149,False,0,,1,"[0.070145, 0.167989, 0.270777, 0.199033, 0.292056]"
Actor,client,99,2517,3,M0,attack_member,evaluation,1,1,0.7592994570732117,1,0.5864935517311096,False,0,,1,"[0.160878, 0.330557, 0.272289, 0.148795, 0.087482]"
Actor,client,99,2543,3,M0,attack_member,evaluation,3,1,0.8046668171882629,1,0.5564348697662354,False,3,0.0,1,"[0.007875, 0.057194, 0.059585, 0.597594, 0.277752]"
Actor,client,99,2607,3,M0,attack_member,evaluation,3,1,0.5116339325904846,0,0.5564348697662354,False,5,0.4,1,"[0.135089, 0.18966, 0.212369, 0.285618, 0.177265]"
Actor,client,99,2619,3,M0,attack_member,evaluation,2,1,0.6051896214485168,0,0.6948522925376892,False,0,,0,"[0.071302, 0.287077, 0.284801, 0.170597, 0.186223]"
Actor,client,99,2668,3,M0,attack_member,evaluation,3,1,0.4484712779521942,0,0.5564348697662354,False,2,0.5,1,"[0.134534, 0.213951, 0.188104, 0.246052, 0.217358]"
Actor,client,99,2677,3,M0,attack_member,evaluation,3,1,0.46505409479141235,0,0.5564348697662354,False,2,0.5,1,"[0.139418, 0.166315, 0.207233, 0.248856, 0.238178]"
Actor,client,99,2699,3,M0,attack_member,evaluation,2,1,0.3677050769329071,0,0.6948522925376892,False,5,0.0,0,"[0.103717, 0.284972, 0.171791, 0.204821, 0.234698]"
Actor,client,99,2709,3,M0,attack_member,evaluation,1,1,0.7075236439704895,1,0.5864935517311096,False,0,,1,"[0.158216, 0.30145, 0.251688, 0.164868, 0.123778]"
Actor,client,99,2748,3,M0,attack_member,evaluation,2,1,0.3109533190727234,0,0.6948522925376892,False,1,0.0,0,"[0.058971, 0.067346, 0.172782, 0.388111, 0.31279]"
Actor,client,99,2763,3,M0,attack_member,evaluation,2,1,0.37031805515289307,0,0.6948522925376892,False,1,0.0,0,"[0.162167, 0.143907, 0.190691, 0.256612, 0.246623]"
Actor,client,99,2767,3,M0,attack_member,evaluation,1,1,0.5197482705116272,0,0.5864935517311096,False,3,0.3333333333333333,0,"[0.099676, 0.224743, 0.235925, 0.241253, 0.198403]"
Actor,client,99,2802,3,M0,attack_member,evaluation,4,1,0.5084075927734375,0,0.6842027902603149,False,6,0.5,1,"[0.116584, 0.087411, 0.206685, 0.294084, 0.295236]"
Actor,client,99,2827,3,M0,attack_member,evaluation,2,1,0.5712346434593201,0,0.6948522925376892,False,2,0.0,1,"[0.206413, 0.172826, 0.280762, 0.163836, 0.176163]"
Actor,client,99,2857,3,M0,attack_member,evaluation,3,1,0.5759298801422119,1,0.5564348697662354,False,13,0.38461538461538464,0,"[0.031866, 0.060261, 0.084437, 0.37121, 0.452226]"
Actor,client,99,2890,3,M0,attack_member,evaluation,3,1,0.6878421902656555,1,0.5564348697662354,False,0,,1,"[0.071508, 0.196174, 0.209256, 0.446686, 0.076376]"
Actor,client,99,2896,3,M0,attack_member,evaluation,3,1,0.499973863363266,0,0.5564348697662354,False,4,0.0,1,"[0.138802, 0.205804, 0.169984, 0.283281, 0.202129]"
Actor,client,99,2915,3,M0,attack_member,evaluation,4,1,0.3706451952457428,0,0.6842027902603149,False,4,0.75,0,"[0.107639, 0.122536, 0.115113, 0.397768, 0.256943]"
Actor,client,99,2947,3,M0,attack_member,evaluation,3,1,0.48697492480278015,0,0.5564348697662354,False,1,0.0,1,"[0.083102, 0.246901, 0.183807, 0.29558, 0.190611]"
Actor,client,99,3026,3,M0,attack_member,evaluation,3,1,0.431409627199173,0,0.5564348697662354,False,1,1.0,1,"[0.119674, 0.234582, 0.171102, 0.243142, 0.2315]"
Actor,client,99,3029,3,M0,attack_member,evaluation,0,1,0.2945622503757477,0,0.5510123372077942,False,3,0.0,0,"[0.074954, 0.146268, 0.174889, 0.31358, 0.290309]"
Actor,client,99,3031,3,M0,attack_member,evaluation,1,1,0.5084874629974365,0,0.5864935517311096,False,3,0.0,0,"[0.129268, 0.208218, 0.175155, 0.267633, 0.219726]"
Actor,client,99,3033,3,M0,attack_member,evaluation,2,1,0.41698190569877625,0,0.6948522925376892,False,1,0.0,0,"[0.161098, 0.174989, 0.215345, 0.25563, 0.192938]"
Actor,client,99,3037,3,M0,attack_member,evaluation,3,1,0.6032745838165283,1,0.5564348697662354,False,0,,1,"[0.036028, 0.06384, 0.311373, 0.361191, 0.227568]"
Actor,client,99,3039,3,M0,attack_member,evaluation,4,1,0.6171324253082275,0,0.6842027902603149,False,3,0.0,1,"[0.122187, 0.122667, 0.080676, 0.274948, 0.399522]"
Actor,client,99,3081,3,M0,attack_member,evaluation,4,1,0.4053080081939697,0,0.6842027902603149,False,1,0.0,0,"[0.129327, 0.233022, 0.168693, 0.266253, 0.202705]"
Actor,client,99,3092,3,M0,attack_member,evaluation,4,1,0.7202044725418091,1,0.6842027902603149,False,0,,1,"[0.000195, 0.003388, 0.009697, 0.030433, 0.956287]"
Actor,client,99,3130,3,M0,attack_member,evaluation,2,1,0.4276377558708191,0,0.6948522925376892,False,3,0.0,0,"[0.136144, 0.167694, 0.219588, 0.263195, 0.213378]"
Actor,client,99,3140,3,M0,attack_member,evaluation,1,1,0.6596536040306091,1,0.5864935517311096,False,0,,1,"[0.183417, 0.269428, 0.233279, 0.183668, 0.130206]"
Actor,client,99,3262,3,M0,attack_member,evaluation,3,1,0.47512105107307434,0,0.5564348697662354,False,1,0.0,1,"[0.114464, 0.191867, 0.256453, 0.260872, 0.176343]"
Actor,client,99,3274,3,M0,attack_member,evaluation,1,1,0.6556475162506104,1,0.5864935517311096,False,2,0.0,0,"[0.114234, 0.270368, 0.148261, 0.286947, 0.18019]"
Actor,client,99,3302,3,M0,attack_member,evaluation,4,1,0.25387659668922424,0,0.6842027902603149,False,4,0.0,0,"[0.097193, 0.333196, 0.241507, 0.222796, 0.105307]"
Actor,client,99,3324,3,M0,attack_member,evaluation,1,1,0.4332646131515503,0,0.5864935517311096,False,2,0.0,0,"[0.240241, 0.156532, 0.152939, 0.214582, 0.235706]"
Actor,client,99,3332,3,M0,attack_member,evaluation,4,1,0.5570192337036133,0,0.6842027902603149,False,5,0.4,1,"[0.150085, 0.192787, 0.119796, 0.249154, 0.288178]"
Actor,client,99,3349,3,M0,attack_member,evaluation,4,1,0.5769568681716919,0,0.6842027902603149,False,0,,1,"[0.032225, 0.027568, 0.084241, 0.367127, 0.488839]"
Actor,client,99,4,4,M0,attack_member,evaluation,1,1,0.5597925782203674,0,0.5864935517311096,False,2,0.5,0,"[0.177732, 0.229491, 0.235817, 0.177419, 0.179541]"
Actor,client,99,14,4,M0,attack_member,evaluation,2,1,0.4124552011489868,0,0.6948522925376892,False,3,0.3333333333333333,0,"[0.113801, 0.236001, 0.201533, 0.226903, 0.221762]"
Actor,client,99,200,4,M0,attack_member,evaluation,3,1,0.6480726003646851,1,0.5564348697662354,False,0,,1,"[0.226154, 0.168446, 0.121343, 0.368156, 0.1159]"
Actor,client,99,202,4,M0,attack_member,evaluation,2,1,0.3520795702934265,0,0.6948522925376892,False,0,,0,"[0.171422, 0.101515, 0.189221, 0.292553, 0.24529]"
Actor,client,99,239,4,M0,attack_member,evaluation,3,1,0.7019407153129578,1,0.5564348697662354,False,0,,1,"[0.087142, 0.060151, 0.198732, 0.4395, 0.214475]"
Actor,client,99,397,4,M0,attack_member,evaluation,3,1,0.8403961062431335,1,0.5564348697662354,False,1,1.0,1,"[0.045991, 0.104605, 0.172408, 0.629237, 0.047759]"
Actor,client,99,413,4,M0,attack_member,evaluation,2,1,0.7241266369819641,1,0.6948522925376892,False,0,,1,"[0.112071, 0.188682, 0.361781, 0.180998, 0.156468]"
Actor,client,99,637,4,M0,attack_member,evaluation,3,1,0.38282305002212524,0,0.5564348697662354,False,0,,0,"[0.122327, 0.255147, 0.234297, 0.199946, 0.188282]"
Actor,client,99,818,4,M0,attack_member,evaluation,0,1,0.5965389609336853,1,0.5510123372077942,False,3,0.0,0,"[0.199476, 0.126476, 0.253476, 0.2049, 0.215672]"
Actor,client,99,829,4,M0,attack_member,evaluation,3,1,0.3931521475315094,0,0.5564348697662354,False,2,0.5,0,"[0.144583, 0.251182, 0.229469, 0.200313, 0.174454]"
Actor,client,99,860,4,M0,attack_member,evaluation,3,1,0.43604201078414917,0,0.5564348697662354,False,8,0.125,0,"[0.080534, 0.191659, 0.317704, 0.236335, 0.173767]"
Actor,client,99,1033,4,M0,attack_member,evaluation,3,1,0.6397184133529663,1,0.5564348697662354,False,0,,1,"[0.056981, 0.151919, 0.207311, 0.405695, 0.178094]"
Actor,client,99,1115,4,M0,attack_member,evaluation,2,1,0.47743934392929077,0,0.6948522925376892,False,1,0.0,0,"[0.145254, 0.148044, 0.225138, 0.164399, 0.317164]"
Actor,client,99,1139,4,M0,attack_member,evaluation,1,1,0.6183369755744934,1,0.5864935517311096,False,2,0.5,1,"[0.16716, 0.252148, 0.214888, 0.206868, 0.158937]"
Actor,client,99,1341,4,M0,attack_member,evaluation,4,1,0.44488826394081116,0,0.6842027902603149,False,1,0.0,0,"[0.156134, 0.217465, 0.253124, 0.191425, 0.181852]"
Actor,client,99,1373,4,M0,attack_member,evaluation,3,1,0.7781550288200378,1,0.5564348697662354,False,0,,1,"[0.027599, 0.104066, 0.109145, 0.55641, 0.20278]"
Actor,client,99,1476,4,M0,attack_member,evaluation,0,1,0.6178928017616272,1,0.5510123372077942,False,1,1.0,0,"[0.222035, 0.160286, 0.287201, 0.208233, 0.122246]"
Actor,client,99,1516,4,M0,attack_member,evaluation,0,1,0.38597172498703003,0,0.5510123372077942,False,1,0.0,0,"[0.110272, 0.116115, 0.261305, 0.227884, 0.284424]"
Actor,client,99,1756,4,M0,attack_member,evaluation,4,1,0.5630945563316345,0,0.6842027902603149,False,1,0.0,0,"[0.166132, 0.204046, 0.241472, 0.156748, 0.231602]"
Actor,client,99,1759,4,M0,attack_member,evaluation,3,1,0.8410888314247131,1,0.5564348697662354,False,1,1.0,1,"[0.053306, 0.112627, 0.165163, 0.629979, 0.038924]"
Actor,client,99,1812,4,M0,attack_member,evaluation,0,1,0.35957595705986023,0,0.5510123372077942,False,2,0.0,0,"[0.113805, 0.181723, 0.188266, 0.237679, 0.278527]"
Actor,client,99,1899,4,M0,attack_member,evaluation,3,1,0.4954880475997925,0,0.5564348697662354,False,1,0.0,0,"[0.102911, 0.150854, 0.138555, 0.290698, 0.316983]"
Actor,client,99,1935,4,M0,attack_member,evaluation,0,1,0.4505956768989563,0,0.5510123372077942,False,3,0.3333333333333333,0,"[0.149359, 0.148516, 0.278169, 0.23678, 0.187176]"
Actor,client,99,1983,4,M0,attack_member,evaluation,3,1,0.5924791693687439,1,0.5564348697662354,False,1,0.0,1,"[0.058181, 0.12426, 0.178598, 0.368975, 0.269986]"
Actor,client,99,1993,4,M0,attack_member,evaluation,2,1,0.4698238968849182,0,0.6948522925376892,False,1,1.0,1,"[0.178882, 0.233859, 0.233913, 0.203646, 0.149701]"
Actor,client,99,2025,4,M0,attack_member,evaluation,2,1,0.3917556405067444,0,0.6948522925376892,False,3,0.0,0,"[0.103357, 0.139486, 0.199383, 0.275168, 0.282605]"
Actor,client,99,2119,4,M0,attack_member,evaluation,2,1,0.7615525722503662,1,0.6948522925376892,False,0,,1,"[0.131938, 0.149424, 0.396983, 0.212254, 0.1094]"
Actor,client,99,2170,4,M0,attack_member,evaluation,4,1,0.40791234374046326,0,0.6842027902603149,False,4,0.25,0,"[0.098579, 0.104652, 0.287685, 0.289831, 0.219254]"
Actor,client,99,2259,4,M0,attack_member,evaluation,0,1,0.427479088306427,0,0.5510123372077942,False,2,0.0,0,"[0.149627, 0.195591, 0.23614, 0.207991, 0.210651]"
Actor,client,99,2263,4,M0,attack_member,evaluation,4,1,0.5138006210327148,0,0.6842027902603149,False,2,0.0,1,"[0.061841, 0.232901, 0.221403, 0.236366, 0.247488]"
Actor,client,99,2282,4,M0,attack_member,evaluation,2,1,0.24521943926811218,0,0.6948522925376892,False,1,0.0,0,"[0.147445, 0.086426, 0.095162, 0.175131, 0.495836]"
Actor,client,99,2427,4,M0,attack_member,evaluation,0,1,0.7642326951026917,1,0.5510123372077942,False,1,0.0,1,"[0.303963, 0.223819, 0.198692, 0.154245, 0.119281]"
Actor,client,99,2454,4,M0,attack_member,evaluation,3,1,0.48393210768699646,0,0.5564348697662354,False,3,0.6666666666666666,1,"[0.092186, 0.278693, 0.193828, 0.292341, 0.142953]"
Actor,client,99,2480,4,M0,attack_member,evaluation,1,1,0.17523160576820374,0,0.5864935517311096,False,2,0.0,0,"[0.030693, 0.055038, 0.122863, 0.40801, 0.383396]"
Actor,client,99,2577,4,M0,attack_member,evaluation,3,1,0.3590691089630127,0,0.5564348697662354,False,1,0.0,0,"[0.148535, 0.325938, 0.225495, 0.180985, 0.119047]"
Actor,client,99,2594,4,M0,attack_member,evaluation,4,1,0.628568172454834,0,0.6842027902603149,False,3,0.6666666666666666,1,"[0.135347, 0.200798, 0.186333, 0.178532, 0.298991]"
Actor,client,99,2630,4,M0,attack_member,evaluation,3,1,0.3873503804206848,0,0.5564348697662354,False,2,0.5,0,"[0.173752, 0.258927, 0.263418, 0.182236, 0.121667]"
Actor,client,99,2646,4,M0,attack_member,evaluation,4,1,0.6636704802513123,0,0.6842027902603149,False,1,1.0,1,"[0.18222, 0.143793, 0.111762, 0.180792, 0.381433]"
Actor,client,99,2690,4,M0,attack_member,evaluation,4,1,0.6752164959907532,0,0.6842027902603149,False,2,0.0,1,"[0.030953, 0.12588, 0.060985, 0.270484, 0.511698]"
Actor,client,99,2784,4,M0,attack_member,evaluation,3,1,0.38727372884750366,0,0.5564348697662354,False,1,0.0,0,"[0.146993, 0.266535, 0.217771, 0.198162, 0.170538]"
Actor,client,99,2798,4,M0,attack_member,evaluation,2,1,0.655971109867096,0,0.6948522925376892,False,0,,1,"[0.160493, 0.159357, 0.3309, 0.206982, 0.142268]"
Actor,client,99,2942,4,M0,attack_member,evaluation,3,1,0.5852316617965698,1,0.5564348697662354,False,3,0.3333333333333333,0,"[0.012196, 0.031478, 0.083459, 0.381987, 0.49088]"
Actor,client,99,2986,4,M0,attack_member,evaluation,2,1,0.5000666379928589,0,0.6948522925376892,False,3,0.6666666666666666,0,"[0.107262, 0.243942, 0.242821, 0.212231, 0.193744]"
Actor,client,99,3116,4,M0,attack_member,evaluation,3,1,0.35248199105262756,0,0.5564348697662354,False,5,0.0,0,"[0.050196, 0.085314, 0.092858, 0.202515, 0.569116]"
Actor,client,99,3220,4,M0,attack_member,evaluation,4,1,0.5081649422645569,0,0.6842027902603149,False,4,0.0,0,"[0.094476, 0.162875, 0.203612, 0.270451, 0.268586]"
Actor,client,99,3352,4,M0,attack_member,evaluation,3,1,0.4108363389968872,0,0.5564348697662354,False,1,0.0,0,"[0.163527, 0.155048, 0.14346, 0.208368, 0.329598]"
Actor,client,99,3424,4,M0,attack_member,evaluation,2,1,0.5956950783729553,0,0.6948522925376892,False,1,0.0,1,"[0.171236, 0.22909, 0.279499, 0.115274, 0.204901]"
Actor,client,99,3519,4,M0,attack_member,evaluation,2,1,0.7802775502204895,1,0.6948522925376892,False,0,,1,"[0.059319, 0.102328, 0.424234, 0.316445, 0.097674]"
Actor,client,99,3596,4,M0,attack_member,evaluation,3,1,0.42986375093460083,0,0.5564348697662354,False,2,0.0,0,"[0.157669, 0.206339, 0.234204, 0.217721, 0.184067]"
Actor,client,99,3600,4,M0,attack_member,evaluation,2,1,0.5712617039680481,0,0.6948522925376892,False,0,,1,"[0.15914, 0.267887, 0.279691, 0.182516, 0.110766]"
Actor,client,99,3724,4,M0,attack_member,evaluation,1,1,0.5034131407737732,0,0.5864935517311096,False,2,0.0,0,"[0.195116, 0.202236, 0.160777, 0.173287, 0.268584]"
Actor,client,99,3746,4,M0,attack_member,evaluation,2,1,0.43716827034950256,0,0.6948522925376892,False,2,0.0,0,"[0.169364, 0.194129, 0.225038, 0.246976, 0.164493]"
Actor,client,99,3765,4,M0,attack_member,evaluation,3,1,0.7376815676689148,1,0.5564348697662354,False,1,1.0,1,"[0.057929, 0.050876, 0.21533, 0.480816, 0.195049]"
Actor,client,99,3821,4,M0,attack_member,evaluation,3,1,0.4965079724788666,0,0.5564348697662354,False,1,0.0,0,"[0.112245, 0.163295, 0.355785, 0.261136, 0.107539]"
Actor,client,99,3860,4,M0,attack_member,evaluation,0,1,0.4726656973361969,0,0.5510123372077942,False,2,0.0,0,"[0.14675, 0.150414, 0.136896, 0.209322, 0.356618]"
Actor,client,99,3898,4,M0,attack_member,evaluation,1,1,0.3883979022502899,0,0.5864935517311096,False,2,0.0,0,"[0.133773, 0.161268, 0.203785, 0.250705, 0.250469]"
Actor,client,99,3918,4,M0,attack_member,evaluation,2,1,0.6599275469779968,0,0.6948522925376892,False,0,,1,"[0.125344, 0.165129, 0.320586, 0.168134, 0.220808]"
Actor,client,99,3927,4,M0,attack_member,evaluation,3,1,0.3652409613132477,0,0.5564348697662354,False,1,0.0,0,"[0.191435, 0.269061, 0.189045, 0.170058, 0.180402]"
Actor,client,99,3930,4,M0,attack_member,evaluation,1,1,0.7289757132530212,1,0.5864935517311096,False,0,,1,"[0.179428, 0.303359, 0.213254, 0.186173, 0.117786]"
Actor,client,99,3998,4,M0,attack_member,evaluation,2,1,0.9006811380386353,1,0.6948522925376892,False,0,,1,"[0.06062, 0.073753, 0.526317, 0.172846, 0.166464]"
Actor,client,99,4101,4,M0,attack_member,evaluation,1,1,0.5939096808433533,1,0.5864935517311096,False,1,0.0,0,"[0.143399, 0.249323, 0.123105, 0.194141, 0.290032]"
Actor,client,99,4110,4,M0,attack_member,evaluation,2,1,0.4844503700733185,0,0.6948522925376892,False,1,0.0,0,"[0.094909, 0.218893, 0.222529, 0.161711, 0.301957]"
Actor,client,99,4172,4,M0,attack_member,evaluation,0,1,0.33696427941322327,0,0.5510123372077942,False,8,0.0,0,"[0.106078, 0.170724, 0.247071, 0.26556, 0.210567]"
Actor,client,99,4204,4,M0,attack_member,evaluation,4,1,0.6381046772003174,0,0.6842027902603149,False,0,,1,"[0.028017, 0.034622, 0.180184, 0.260046, 0.497131]"
Actor,client,99,4206,4,M0,attack_member,evaluation,0,1,0.3487400412559509,0,0.5510123372077942,False,4,0.0,0,"[0.133947, 0.273554, 0.117063, 0.280937, 0.1945]"
Actor,client,99,4350,4,M0,attack_member,evaluation,2,1,0.46201223134994507,0,0.6948522925376892,False,3,0.0,0,"[0.110182, 0.196689, 0.235083, 0.26651, 0.191536]"
Actor,client,99,4399,4,M0,attack_member,evaluation,1,1,0.5911259651184082,1,0.5864935517311096,False,4,0.0,1,"[0.152258, 0.24891, 0.215668, 0.176913, 0.206251]"
Actor,client,99,4626,4,M0,attack_member,evaluation,2,1,0.7012662291526794,1,0.6948522925376892,False,1,0.0,1,"[0.115981, 0.190386, 0.32769, 0.08884, 0.277103]"
Actor,client,99,4707,4,M0,attack_member,evaluation,2,1,0.6553007960319519,0,0.6948522925376892,False,1,0.0,0,"[0.073815, 0.131526, 0.311193, 0.166574, 0.316891]"
Actor,client,99,4724,4,M0,attack_member,evaluation,2,1,0.7143926024436951,1,0.6948522925376892,False,3,0.6666666666666666,1,"[0.090649, 0.11842, 0.367968, 0.254926, 0.168037]"
Actor,client,99,4738,4,M0,attack_member,evaluation,3,1,0.6124497056007385,1,0.5564348697662354,False,10,0.4,1,"[0.069334, 0.129421, 0.258882, 0.370538, 0.171824]"
Actor,client,99,4767,4,M0,attack_member,evaluation,4,1,0.4619167447090149,0,0.6842027902603149,False,1,0.0,0,"[0.087713, 0.038982, 0.121926, 0.408268, 0.343111]"
Actor,client,99,4772,4,M0,attack_member,evaluation,3,1,0.5079889893531799,0,0.5564348697662354,False,2,0.5,0,"[0.067128, 0.063789, 0.314265, 0.280026, 0.274792]"
Actor,client,99,4786,4,M0,attack_member,evaluation,2,1,0.4155982434749603,0,0.6948522925376892,False,0,,0,"[0.199869, 0.219635, 0.203885, 0.183286, 0.193325]"
Actor,client,99,4794,4,M0,attack_member,evaluation,2,1,0.769106388092041,1,0.6948522925376892,False,1,0.0,1,"[0.169919, 0.160282, 0.388387, 0.123076, 0.158335]"
Actor,client,99,4827,4,M0,attack_member,evaluation,4,1,0.41270768642425537,0,0.6842027902603149,False,1,0.0,0,"[0.106643, 0.074634, 0.369961, 0.249193, 0.199569]"
Actor,client,99,4833,4,M0,attack_member,evaluation,1,1,0.3796773850917816,0,0.5864935517311096,False,2,0.0,0,"[0.223027, 0.151447, 0.358065, 0.142601, 0.124859]"
Actor,client,99,5045,4,M0,attack_member,evaluation,1,1,0.521763265132904,0,0.5864935517311096,False,1,1.0,0,"[0.181133, 0.203999, 0.189734, 0.240339, 0.184795]"
Actor,client,99,5085,4,M0,attack_member,evaluation,4,1,0.481144517660141,0,0.6842027902603149,False,0,,0,"[0.015264, 0.047484, 0.064693, 0.468434, 0.404126]"
Actor,client,99,5107,4,M0,attack_member,evaluation,1,1,0.4921477138996124,0,0.5864935517311096,False,2,0.0,0,"[0.177514, 0.198973, 0.243538, 0.203005, 0.176972]"
Actor,client,99,5134,4,M0,attack_member,evaluation,3,1,0.4796345829963684,0,0.5564348697662354,False,1,0.0,0,"[0.11378, 0.186568, 0.290913, 0.259297, 0.149442]"
Actor,client,99,5220,4,M0,attack_member,evaluation,4,1,0.5807862877845764,0,0.6842027902603149,False,3,0.0,1,"[0.17986, 0.219916, 0.185939, 0.165863, 0.248421]"
Actor,client,99,5227,4,M0,attack_member,evaluation,4,1,0.6012179851531982,0,0.6842027902603149,False,2,0.5,1,"[0.069092, 0.185901, 0.257624, 0.198848, 0.288534]"
Actor,client,99,5301,4,M0,attack_member,evaluation,4,1,0.5612316131591797,0,0.6842027902603149,False,1,0.0,1,"[0.140636, 0.213371, 0.21327, 0.1854, 0.247323]"
Actor,client,99,5372,4,M0,attack_member,evaluation,1,1,0.560497522354126,0,0.5864935517311096,False,2,1.0,0,"[0.134149, 0.238174, 0.246017, 0.199197, 0.182464]"
Actor,client,99,5556,4,M0,attack_member,evaluation,3,1,0.45521366596221924,0,0.5564348697662354,False,0,,0,"[0.076909, 0.224679, 0.276915, 0.260176, 0.161321]"
Actor,client,99,5567,4,M0,attack_member,evaluation,2,1,0.46274831891059875,0,0.6948522925376892,False,1,0.0,0,"[0.12338, 0.098398, 0.237548, 0.270698, 0.269977]"
Actor,client,99,5568,4,M0,attack_member,evaluation,2,1,0.5877197980880737,0,0.6948522925376892,False,0,,1,"[0.203202, 0.238259, 0.290411, 0.167496, 0.100631]"
Actor,client,99,5576,4,M0,attack_member,evaluation,3,1,0.4274936616420746,0,0.5564348697662354,False,1,0.0,0,"[0.10933, 0.20392, 0.283702, 0.225887, 0.177161]"
Actor,client,99,5588,4,M0,attack_member,evaluation,4,1,0.5479626655578613,0,0.6842027902603149,False,1,1.0,1,"[0.120891, 0.159496, 0.147498, 0.271534, 0.30058]"
Actor,client,99,5780,4,M0,attack_member,evaluation,4,1,0.5925474762916565,0,0.6842027902603149,False,4,0.5,1,"[0.052873, 0.075504, 0.1773, 0.298437, 0.395887]"
Actor,client,99,5956,4,M0,attack_member,evaluation,2,1,0.6211901903152466,0,0.6948522925376892,False,4,0.5,1,"[0.162382, 0.202868, 0.313065, 0.212815, 0.10887]"
Actor,client,99,5960,4,M0,attack_member,evaluation,1,1,0.6236922740936279,1,0.5864935517311096,False,1,0.0,1,"[0.088826, 0.273559, 0.214644, 0.217251, 0.205719]"
Actor,client,99,6026,4,M0,attack_member,evaluation,0,1,0.5351154804229736,0,0.5510123372077942,False,3,0.3333333333333333,0,"[0.198939, 0.210403, 0.266372, 0.167007, 0.157279]"
Actor,client,99,6087,4,M0,attack_member,evaluation,1,1,0.404994398355484,0,0.5864935517311096,False,4,0.0,0,"[0.090099, 0.173564, 0.292342, 0.30065, 0.143345]"
Actor,client,99,6251,4,M0,attack_member,evaluation,4,1,0.43489110469818115,0,0.6842027902603149,False,2,0.0,0,"[0.149435, 0.125744, 0.283569, 0.237501, 0.203752]"
Actor,client,99,6308,4,M0,attack_member,evaluation,2,1,0.6856861710548401,0,0.6948522925376892,False,2,1.0,1,"[0.079668, 0.128662, 0.342756, 0.227258, 0.221656]"
Actor,client,99,6448,4,M0,attack_member,evaluation,4,1,0.5309808254241943,0,0.6842027902603149,False,1,0.0,1,"[0.075506, 0.046797, 0.174266, 0.340085, 0.363345]"
Actor,client,99,6460,4,M0,attack_member,evaluation,2,1,0.5018359422683716,0,0.6948522925376892,False,1,0.0,1,"[0.164748, 0.174912, 0.248504, 0.204234, 0.207602]"
Actor,client,99,6472,4,M0,attack_member,evaluation,2,1,0.36337122321128845,0,0.6948522925376892,False,1,0.0,0,"[0.173221, 0.19822, 0.171013, 0.175392, 0.282153]"
Actor,client,99,6570,4,M0,attack_member,evaluation,4,1,0.5862178206443787,0,0.6842027902603149,False,3,0.0,1,"[0.13562, 0.173821, 0.179896, 0.217278, 0.293385]"
Actor,client,99,6670,4,M0,attack_member,evaluation,4,1,0.3991168737411499,0,0.6842027902603149,False,1,0.0,0,"[0.122921, 0.165183, 0.330375, 0.211798, 0.169723]"
Actor,client,99,6744,4,M0,attack_member,evaluation,4,1,0.7071893811225891,1,0.6842027902603149,False,0,,1,"[0.033111, 0.024046, 0.035561, 0.095017, 0.812265]"
Actor,client,99,6754,4,M0,attack_member,evaluation,1,1,0.6267926692962646,1,0.5864935517311096,False,0,,1,"[0.1147, 0.267218, 0.248561, 0.225154, 0.144367]"
Actor,client,99,6796,4,M0,attack_member,evaluation,3,1,0.43992283940315247,0,0.5564348697662354,False,5,0.0,0,"[0.142709, 0.187145, 0.232643, 0.228409, 0.209094]"
Actor,client,99,6814,4,M0,attack_member,evaluation,2,1,0.4984705150127411,0,0.6948522925376892,False,1,0.0,0,"[0.064302, 0.040764, 0.268899, 0.365688, 0.260348]"
Actor,client,99,6902,4,M0,attack_member,evaluation,3,1,0.664858877658844,1,0.5564348697662354,False,2,0.5,1,"[0.084391, 0.103885, 0.095448, 0.426665, 0.289611]"
Actor,client,99,6928,4,M0,attack_member,evaluation,4,1,0.6012179851531982,0,0.6842027902603149,False,2,0.5,1,"[0.069092, 0.185901, 0.257624, 0.198848, 0.288534]"
Actor,client,99,7075,4,M0,attack_member,evaluation,1,1,0.3770730197429657,0,0.5864935517311096,False,4,0.0,0,"[0.076775, 0.191696, 0.140487, 0.103367, 0.487674]"
Actor,client,99,7118,4,M0,attack_member,evaluation,2,1,0.677457332611084,0,0.6948522925376892,False,3,0.0,1,"[0.1608, 0.137582, 0.340084, 0.191394, 0.170139]"
Actor,client,99,7145,4,M0,attack_member,evaluation,3,1,0.5123849511146545,0,0.5564348697662354,False,4,0.25,0,"[0.081516, 0.121303, 0.380668, 0.275648, 0.140865]"
Actor,client,99,47,6,M0,attack_member,evaluation,4,1,0.5508497953414917,0,0.6842027902603149,False,2,0.5,1,"[0.149342, 0.173726, 0.165263, 0.235091, 0.276578]"
Actor,client,99,111,6,M0,attack_member,evaluation,3,1,0.4423120617866516,0,0.5564348697662354,False,1,0.0,0,"[0.173323, 0.154647, 0.203556, 0.220073, 0.2484]"
Actor,client,99,140,6,M0,attack_member,evaluation,2,1,0.5211061239242554,0,0.6948522925376892,False,0,,0,"[0.096705, 0.165131, 0.281993, 0.352853, 0.103319]"
Actor,client,99,252,6,M0,attack_member,evaluation,4,1,0.6884565353393555,1,0.6842027902603149,False,1,1.0,1,"[0.033115, 0.05432, 0.069544, 0.192002, 0.651018]"
Actor,client,99,273,6,M0,attack_member,evaluation,1,1,0.549803614616394,0,0.5864935517311096,False,1,0.0,0,"[0.19794, 0.218534, 0.23508, 0.189073, 0.159374]"
Actor,client,99,565,6,M0,attack_member,evaluation,3,1,0.4063791334629059,0,0.5564348697662354,False,4,0.25,0,"[0.119921, 0.206475, 0.248385, 0.211615, 0.213603]"
Actor,client,99,596,6,M0,attack_member,evaluation,4,1,0.6333966851234436,0,0.6842027902603149,False,2,0.0,1,"[0.074811, 0.083787, 0.207743, 0.234467, 0.399193]"
Actor,client,99,600,6,M0,attack_member,evaluation,3,1,0.7584426403045654,1,0.5564348697662354,False,1,1.0,1,"[0.110159, 0.093575, 0.106088, 0.504629, 0.18555]"
Actor,client,99,642,6,M0,attack_member,evaluation,4,1,0.7295835614204407,1,0.6842027902603149,False,0,,1,"[0.004206, 0.010567, 0.016195, 0.011748, 0.957284]"
Actor,client,99,693,6,M0,attack_member,evaluation,2,1,0.5375657081604004,0,0.6948522925376892,False,4,0.25,0,"[0.127328, 0.159405, 0.257103, 0.179785, 0.276378]"
Actor,client,99,771,6,M0,attack_member,evaluation,0,1,0.3949970006942749,0,0.5510123372077942,False,2,0.5,0,"[0.142331, 0.20312, 0.295485, 0.198876, 0.160188]"
Actor,client,99,851,6,M0,attack_member,evaluation,0,1,0.3509293496608734,0,0.5510123372077942,False,14,0.14285714285714285,0,"[0.118093, 0.189313, 0.271996, 0.223946, 0.196652]"
Actor,client,99,885,6,M0,attack_member,evaluation,4,1,0.46559253334999084,0,0.6842027902603149,False,2,0.0,0,"[0.164726, 0.187309, 0.293338, 0.172256, 0.182372]"
Actor,client,99,941,6,M0,attack_member,evaluation,0,1,0.517434298992157,0,0.5510123372077942,False,5,0.4,0,"[0.17057, 0.135139, 0.276801, 0.196018, 0.221472]"
Actor,client,99,1053,6,M0,attack_member,evaluation,2,1,0.918369472026825,1,0.6948522925376892,False,1,0.0,1,"[0.011137, 0.077468, 0.557858, 0.196312, 0.157224]"
Actor,client,99,1118,6,M0,attack_member,evaluation,3,1,0.46712055802345276,0,0.5564348697662354,False,2,1.0,1,"[0.144139, 0.188245, 0.233618, 0.247533, 0.186465]"
Actor,client,99,1181,6,M0,attack_member,evaluation,2,1,0.6836503148078918,0,0.6948522925376892,False,0,,1,"[0.189005, 0.050701, 0.362271, 0.26417, 0.133854]"
Actor,client,99,1328,6,M0,attack_member,evaluation,4,1,0.49599286913871765,0,0.6842027902603149,False,2,0.0,0,"[0.123583, 0.262513, 0.193529, 0.203692, 0.216682]"
Actor,client,99,1407,6,M0,attack_member,evaluation,4,1,0.4708808362483978,0,0.6842027902603149,False,3,0.0,0,"[0.167093, 0.187771, 0.260973, 0.189281, 0.194882]"
Actor,client,99,1436,6,M0,attack_member,evaluation,4,1,0.7110294699668884,1,0.6842027902603149,False,4,0.0,1,"[0.089232, 0.206298, 0.157491, 0.160437, 0.386541]"
Actor,client,99,1704,6,M0,attack_member,evaluation,2,1,0.4981079399585724,0,0.6948522925376892,False,2,0.5,1,"[0.168963, 0.218514, 0.249425, 0.214197, 0.148901]"
Actor,client,99,1761,6,M0,attack_member,evaluation,0,1,0.5872295498847961,1,0.5510123372077942,False,4,0.5,0,"[0.192264, 0.127392, 0.186509, 0.23834, 0.255495]"
Actor,client,99,1776,6,M0,attack_member,evaluation,4,1,0.46742144227027893,0,0.6842027902603149,False,2,0.0,0,"[0.164169, 0.198897, 0.247284, 0.194141, 0.195509]"
Actor,client,99,1815,6,M0,attack_member,evaluation,0,1,0.5809928178787231,1,0.5510123372077942,False,0,,0,"[0.21504, 0.197817, 0.261735, 0.191819, 0.13359]"
Actor,client,99,1839,6,M0,attack_member,evaluation,2,1,0.5173133611679077,0,0.6948522925376892,False,1,0.0,1,"[0.132317, 0.140264, 0.264836, 0.262404, 0.200178]"
Actor,client,99,1849,6,M0,attack_member,evaluation,2,1,0.5049052834510803,0,0.6948522925376892,False,1,1.0,0,"[0.151666, 0.155461, 0.245705, 0.191426, 0.255743]"
Actor,client,99,2018,6,M0,attack_member,evaluation,4,1,0.4189422130584717,0,0.6842027902603149,False,10,0.2,0,"[0.133673, 0.20496, 0.240607, 0.23053, 0.190231]"
Actor,client,99,2037,6,M0,attack_member,evaluation,4,1,0.4581437408924103,0,0.6842027902603149,False,3,0.6666666666666666,0,"[0.143134, 0.246877, 0.161639, 0.235093, 0.213257]"
Actor,client,99,2051,6,M0,attack_member,evaluation,3,1,0.41270768642425537,0,0.5564348697662354,False,3,0.0,0,"[0.155395, 0.215667, 0.213424, 0.209612, 0.205902]"
Actor,client,99,2092,6,M0,attack_member,evaluation,3,1,0.3964168131351471,0,0.5564348697662354,False,1,0.0,0,"[0.181803, 0.232107, 0.234802, 0.187307, 0.163981]"
Actor,client,99,2094,6,M0,attack_member,evaluation,4,1,0.6494283080101013,0,0.6842027902603149,False,1,0.0,1,"[0.176202, 0.190045, 0.151412, 0.164881, 0.317459]"
Actor,client,99,2142,6,M0,attack_member,evaluation,1,1,0.5384689569473267,0,0.5864935517311096,False,4,0.0,0,"[0.140955, 0.223339, 0.200661, 0.225619, 0.209427]"
Actor,client,99,2380,6,M0,attack_member,evaluation,3,1,0.4757191240787506,0,0.5564348697662354,False,0,,0,"[0.091493, 0.165903, 0.282341, 0.263135, 0.197128]"
Actor,client,99,2697,6,M0,attack_member,evaluation,1,1,0.7722969055175781,1,0.5864935517311096,False,0,,1,"[0.246374, 0.300088, 0.115834, 0.247827, 0.089877]"
Actor,client,99,2707,6,M0,attack_member,evaluation,0,1,0.5955401062965393,1,0.5510123372077942,False,2,0.0,0,"[0.20802, 0.157511, 0.236565, 0.218107, 0.179797]"
Actor,client,99,2803,6,M0,attack_member,evaluation,2,1,0.5239062905311584,0,0.6948522925376892,False,3,0.3333333333333333,0,"[0.089841, 0.132912, 0.263843, 0.265516, 0.247888]"
Actor,client,99,2804,6,M0,attack_member,evaluation,4,1,0.5273144841194153,0,0.6842027902603149,False,2,0.5,1,"[0.136022, 0.151014, 0.21987, 0.233074, 0.26002]"
Actor,client,99,2805,6,M0,attack_member,evaluation,3,1,0.4357602894306183,0,0.5564348697662354,False,1,0.0,0,"[0.154857, 0.169937, 0.243367, 0.218036, 0.213804]"
Actor,client,99,2806,6,M0,attack_member,evaluation,3,1,0.627007782459259,1,0.5564348697662354,False,1,0.0,1,"[0.076111, 0.188605, 0.120025, 0.404814, 0.210446]"
Actor,client,99,2813,6,M0,attack_member,evaluation,3,1,0.6332284212112427,1,0.5564348697662354,False,0,,1,"[0.069709, 0.066414, 0.261717, 0.379544, 0.222617]"
Actor,client,99,2836,6,M0,attack_member,evaluation,4,1,0.5412923693656921,0,0.6842027902603149,False,2,1.0,1,"[0.134824, 0.126335, 0.18217, 0.261926, 0.294744]"
Actor,client,99,2848,6,M0,attack_member,evaluation,0,1,0.37634143233299255,0,0.5510123372077942,False,3,0.0,0,"[0.135381, 0.21024, 0.277216, 0.205932, 0.171231]"
Actor,client,99,2888,6,M0,attack_member,evaluation,2,1,0.32336583733558655,0,0.6948522925376892,False,1,0.0,0,"[0.144507, 0.244896, 0.16733, 0.280142, 0.163125]"
Actor,client,99,2889,6,M0,attack_member,evaluation,2,1,0.5246422290802002,0,0.6948522925376892,False,2,0.0,1,"[0.131781, 0.194826, 0.260139, 0.221876, 0.191379]"
Actor,client,99,2981,6,M0,attack_member,evaluation,3,1,0.4716627597808838,0,0.5564348697662354,False,2,0.5,0,"[0.236342, 0.205181, 0.161203, 0.230498, 0.166776]"
Actor,client,99,3025,6,M0,attack_member,evaluation,1,1,0.4362189769744873,0,0.5864935517311096,False,2,0.0,0,"[0.135266, 0.183549, 0.245853, 0.232136, 0.203196]"
Actor,client,99,3129,6,M0,attack_member,evaluation,3,1,0.45183178782463074,0,0.5564348697662354,False,0,,0,"[0.117707, 0.166708, 0.173848, 0.251225, 0.290512]"
Actor,client,99,3156,6,M0,attack_member,evaluation,0,1,0.511715292930603,0,0.5510123372077942,False,0,,0,"[0.194492, 0.244142, 0.132333, 0.270859, 0.158174]"
Actor,client,99,3204,6,M0,attack_member,evaluation,3,1,0.7718896269798279,1,0.5564348697662354,False,2,0.5,1,"[0.042242, 0.038684, 0.032563, 0.546477, 0.340034]"
Actor,client,99,3219,6,M0,attack_member,evaluation,4,1,0.5046078562736511,0,0.6842027902603149,False,5,0.2,1,"[0.14543, 0.217378, 0.196011, 0.213367, 0.227813]"
Actor,client,99,3238,6,M0,attack_member,evaluation,0,1,0.6014906167984009,1,0.5510123372077942,False,0,,0,"[0.226891, 0.233972, 0.100968, 0.28139, 0.156778]"
Actor,client,99,3258,6,M0,attack_member,evaluation,1,1,0.5501073002815247,0,0.5864935517311096,False,5,0.2,0,"[0.133805, 0.233603, 0.235735, 0.201747, 0.195111]"
Actor,client,99,3291,6,M0,attack_member,evaluation,3,1,0.4259972870349884,0,0.5564348697662354,False,3,0.0,1,"[0.109001, 0.220372, 0.229622, 0.23368, 0.207325]"
Actor,client,99,3322,6,M0,attack_member,evaluation,2,1,0.5622233152389526,0,0.6948522925376892,False,1,0.0,1,"[0.144955, 0.20613, 0.271758, 0.177563, 0.199593]"
Actor,client,99,3329,6,M0,attack_member,evaluation,1,1,0.5462877750396729,0,0.5864935517311096,False,1,0.0,0,"[0.146414, 0.222197, 0.240024, 0.248739, 0.142626]"
Actor,client,99,3543,6,M0,attack_member,evaluation,0,1,0.3719194233417511,0,0.5510123372077942,False,10,0.1,0,"[0.118931, 0.19121, 0.150355, 0.231087, 0.308417]"
Actor,client,99,3688,6,M0,attack_member,evaluation,3,1,0.5412803888320923,0,0.5564348697662354,False,1,0.0,1,"[0.146919, 0.127128, 0.166894, 0.302374, 0.256685]"
Actor,client,99,3887,6,M0,attack_member,evaluation,4,1,0.47226110100746155,0,0.6842027902603149,False,1,0.0,0,"[0.124475, 0.170756, 0.220869, 0.251054, 0.232846]"
Actor,client,99,3967,6,M0,attack_member,evaluation,1,1,0.8143582940101624,1,0.5864935517311096,False,0,,1,"[0.109492, 0.365633, 0.187796, 0.235988, 0.101092]"
Actor,client,99,4001,6,M0,attack_member,evaluation,4,1,0.6575190424919128,0,0.6842027902603149,False,1,0.0,1,"[0.09065, 0.135457, 0.164473, 0.216693, 0.392726]"
Actor,client,99,4029,6,M0,attack_member,evaluation,4,1,0.6845957636833191,1,0.6842027902603149,False,17,0.29411764705882354,1,"[0.043269, 0.165958, 0.18065, 0.207584, 0.402538]"
Actor,client,99,4127,6,M0,attack_member,evaluation,1,1,0.5525208711624146,0,0.5864935517311096,False,0,,1,"[0.199869, 0.219635, 0.203885, 0.183286, 0.193325]"
Actor,client,99,4150,6,M0,attack_member,evaluation,4,1,0.6418741345405579,0,0.6842027902603149,False,0,,1,"[0.163756, 0.184297, 0.118393, 0.197143, 0.336411]"
Actor,client,99,4214,6,M0,attack_member,evaluation,4,1,0.6081695556640625,0,0.6842027902603149,False,1,1.0,1,"[0.09145, 0.075899, 0.149648, 0.275058, 0.407945]"
Actor,client,99,4357,6,M0,attack_member,evaluation,3,1,0.6033051013946533,1,0.5564348697662354,False,1,0.0,1,"[0.131302, 0.190009, 0.182814, 0.358923, 0.136953]"
Actor,client,99,4428,6,M0,attack_member,evaluation,3,1,0.4798195958137512,0,0.5564348697662354,False,3,0.6666666666666666,1,"[0.139664, 0.19703, 0.201293, 0.263385, 0.198628]"
Actor,client,99,4438,6,M0,attack_member,evaluation,1,1,0.6632415056228638,1,0.5864935517311096,False,1,0.0,1,"[0.160982, 0.272475, 0.233018, 0.214963, 0.118562]"
Actor,client,99,4552,6,M0,attack_member,evaluation,1,1,0.8108727931976318,1,0.5864935517311096,False,2,0.5,1,"[0.110537, 0.36807, 0.228364, 0.202272, 0.090757]"
Actor,client,99,4657,6,M0,attack_member,evaluation,0,1,0.6998981833457947,1,0.5510123372077942,False,0,,0,"[0.245346, 0.151081, 0.114976, 0.246339, 0.242258]"
Actor,client,99,4702,6,M0,attack_member,evaluation,1,1,0.5447639226913452,0,0.5864935517311096,False,2,0.5,0,"[0.195306, 0.218932, 0.274335, 0.179663, 0.131764]"
Actor,client,99,4888,6,M0,attack_member,evaluation,4,1,0.6867193579673767,1,0.6842027902603149,False,1,1.0,1,"[0.093112, 0.11087, 0.11322, 0.199629, 0.48317]"
Actor,client,99,4925,6,M0,attack_member,evaluation,4,1,0.4987817108631134,0,0.6842027902603149,False,1,0.0,0,"[0.086958, 0.167363, 0.227934, 0.261417, 0.256329]"
Actor,client,99,4958,6,M0,attack_member,evaluation,4,1,0.17934274673461914,0,0.6842027902603149,False,1,0.0,0,"[0.115882, 0.109991, 0.087018, 0.502083, 0.185027]"
Actor,client,99,5147,6,M0,attack_member,evaluation,0,1,0.2906544506549835,0,0.5510123372077942,False,3,0.0,0,"[0.105167, 0.263595, 0.151902, 0.263736, 0.2156]"
Actor,client,99,5169,6,M0,attack_member,evaluation,4,1,0.7445138096809387,1,0.6842027902603149,False,0,,1,"[0.026382, 0.165259, 0.14973, 0.153847, 0.504782]"
Actor,client,99,5215,6,M0,attack_member,evaluation,4,1,0.5499436259269714,0,0.6842027902603149,False,1,0.0,0,"[0.191508, 0.219582, 0.217963, 0.152149, 0.218798]"
Actor,client,99,5237,6,M0,attack_member,evaluation,3,1,0.611039400100708,1,0.5564348697662354,False,0,,1,"[0.016856, 0.196585, 0.020445, 0.427138, 0.338976]"
Actor,client,99,5257,6,M0,attack_member,evaluation,3,1,0.4486934244632721,0,0.5564348697662354,False,5,0.4,1,"[0.113089, 0.194323, 0.240032, 0.244716, 0.207839]"
Actor,client,99,5422,6,M0,attack_member,evaluation,4,1,0.7307374477386475,1,0.6842027902603149,False,1,0.0,1,"[0.061174, 0.272735, 0.117443, 0.16392, 0.384727]"
Actor,client,99,5428,6,M0,attack_member,evaluation,4,1,0.5305328965187073,0,0.6842027902603149,False,3,0.3333333333333333,1,"[0.136266, 0.213468, 0.204439, 0.20607, 0.239757]"
Actor,client,99,5497,6,M0,attack_member,evaluation,3,1,0.6568775177001953,1,0.5564348697662354,False,2,0.0,1,"[0.120046, 0.194923, 0.070167, 0.421979, 0.192885]"
Actor,client,99,5546,6,M0,attack_member,evaluation,1,1,0.6211910843849182,1,0.5864935517311096,False,1,0.0,1,"[0.090141, 0.278923, 0.206366, 0.170363, 0.254207]"
Actor,client,99,5592,6,M0,attack_member,evaluation,4,1,0.6059309840202332,0,0.6842027902603149,False,6,0.16666666666666666,1,"[0.081868, 0.219875, 0.213712, 0.197704, 0.286842]"
Actor,client,99,5633,6,M0,attack_member,evaluation,3,1,0.39563077688217163,0,0.5564348697662354,False,0,,0,"[0.199869, 0.219635, 0.203885, 0.183286, 0.193325]"
Actor,client,99,5636,6,M0,attack_member,evaluation,3,1,0.44060003757476807,0,0.5564348697662354,False,9,0.3333333333333333,1,"[0.115183, 0.201268, 0.238488, 0.239056, 0.206005]"
Actor,client,99,5674,6,M0,attack_member,evaluation,2,1,0.5081530213356018,0,0.6948522925376892,False,1,0.0,0,"[0.105092, 0.164422, 0.269301, 0.319843, 0.141342]"
Actor,client,99,5681,6,M0,attack_member,evaluation,3,1,0.4387981593608856,0,0.5564348697662354,False,2,0.0,0,"[0.172506, 0.157376, 0.253662, 0.211529, 0.204928]"
Actor,client,99,5702,6,M0,attack_member,evaluation,2,1,0.59870845079422,0,0.6948522925376892,False,1,0.0,0,"[0.072603, 0.081283, 0.278499, 0.161414, 0.406201]"
Actor,client,99,5770,6,M0,attack_member,evaluation,0,1,0.38087987899780273,0,0.5510123372077942,False,1,0.0,0,"[0.107448, 0.118081, 0.206409, 0.290061, 0.278]"
Actor,client,99,5897,6,M0,attack_member,evaluation,2,1,0.42648592591285706,0,0.6948522925376892,False,1,1.0,0,"[0.122114, 0.215915, 0.220934, 0.279406, 0.161632]"
Actor,client,99,5909,6,M0,attack_member,evaluation,1,1,0.5666654109954834,0,0.5864935517311096,False,0,,0,"[0.106007, 0.237917, 0.282309, 0.273652, 0.100115]"
Actor,client,99,5995,6,M0,attack_member,evaluation,3,1,0.37561655044555664,0,0.5564348697662354,False,1,0.0,0,"[0.118047, 0.214612, 0.260269, 0.188444, 0.218629]"
Actor,client,99,6025,6,M0,attack_member,evaluation,1,1,0.4635206162929535,0,0.5864935517311096,False,1,0.0,0,"[0.174459, 0.18108, 0.203457, 0.252046, 0.188959]"
Actor,client,99,6263,6,M0,attack_member,evaluation,1,1,0.3929010331630707,0,0.5864935517311096,False,3,0.3333333333333333,0,"[0.147721, 0.161074, 0.227618, 0.241752, 0.221836]"
Actor,client,99,6265,6,M0,attack_member,evaluation,1,1,0.3749341666698456,0,0.5864935517311096,False,4,0.0,0,"[0.147058, 0.156079, 0.227793, 0.224692, 0.244377]"
Actor,client,99,6345,6,M0,attack_member,evaluation,3,1,0.4874263107776642,0,0.5564348697662354,False,3,0.0,1,"[0.104633, 0.248101, 0.207586, 0.285483, 0.154198]"
Actor,client,99,6552,6,M0,attack_member,evaluation,1,1,0.5837036371231079,0,0.5864935517311096,False,2,0.5,0,"[0.13158, 0.248004, 0.274512, 0.203422, 0.142481]"
Actor,client,99,6557,6,M0,attack_member,evaluation,3,1,0.4956834614276886,0,0.5564348697662354,False,1,0.0,0,"[0.195348, 0.110042, 0.283284, 0.235789, 0.175537]"
Actor,client,99,6731,6,M0,attack_member,evaluation,1,1,0.5956194996833801,1,0.5864935517311096,False,1,0.0,1,"[0.171689, 0.243562, 0.219647, 0.191954, 0.173148]"
Actor,client,99,6734,6,M0,attack_member,evaluation,4,1,0.5727756023406982,0,0.6842027902603149,False,5,0.4,1,"[0.118737, 0.119786, 0.200353, 0.246905, 0.314219]"
Actor,client,99,6867,6,M0,attack_member,evaluation,1,1,0.4496876001358032,0,0.5864935517311096,False,4,0.25,0,"[0.170234, 0.183521, 0.260801, 0.207459, 0.177985]"
Actor,client,99,6889,6,M0,attack_member,evaluation,0,1,0.24707955121994019,0,0.5510123372077942,False,14,0.14285714285714285,0,"[0.083425, 0.274808, 0.194689, 0.15112, 0.295958]"
Actor,client,99,6903,6,M0,attack_member,evaluation,4,1,0.6892229914665222,1,0.6842027902603149,False,0,,1,"[0.122555, 0.137056, 0.218839, 0.14311, 0.37844]"
Actor,client,99,7039,6,M0,attack_member,evaluation,4,1,0.41199877858161926,0,0.6842027902603149,False,2,0.0,0,"[0.12881, 0.124242, 0.328929, 0.230863, 0.187156]"
Actor,client,99,7051,6,M0,attack_member,evaluation,4,1,0.5970162153244019,0,0.6842027902603149,False,1,0.0,1,"[0.1675, 0.200386, 0.176891, 0.181334, 0.27389]"
Actor,client,99,7095,6,M0,attack_member,evaluation,1,1,0.28814616799354553,0,0.5864935517311096,False,3,0.0,0,"[0.071765, 0.136376, 0.116887, 0.214094, 0.460879]"
Actor,client,99,7296,6,M0,attack_member,evaluation,3,1,0.5879294276237488,1,0.5564348697662354,False,3,0.0,1,"[0.109701, 0.123966, 0.080336, 0.361005, 0.324992]"
Actor,client,99,7322,6,M0,attack_member,evaluation,2,1,0.42614874243736267,0,0.6948522925376892,False,2,0.0,0,"[0.146006, 0.233242, 0.210343, 0.217057, 0.193352]"
Actor,client,99,7421,6,M0,attack_member,evaluation,2,1,0.6181096434593201,0,0.6948522925376892,False,1,0.0,1,"[0.085316, 0.172781, 0.318479, 0.290703, 0.132721]"
Actor,client,99,7498,6,M0,attack_member,evaluation,4,1,0.6587291955947876,0,0.6842027902603149,False,3,0.6666666666666666,1,"[0.03204, 0.0744, 0.159425, 0.247643, 0.486491]"
Actor,client,99,107,7,M0,attack_member,evaluation,1,1,0.6124236583709717,1,0.5864935517311096,False,1,0.0,1,"[0.082964, 0.280881, 0.226193, 0.145174, 0.264787]"
Actor,client,99,346,7,M0,attack_member,evaluation,3,1,0.46208512783050537,0,0.5564348697662354,False,3,0.0,0,"[0.122604, 0.160337, 0.200528, 0.252762, 0.263769]"
Actor,client,99,371,7,M0,attack_member,evaluation,2,1,0.44012925028800964,0,0.6948522925376892,False,4,0.0,0,"[0.136854, 0.185378, 0.215033, 0.21073, 0.252005]"
Actor,client,99,543,7,M0,attack_member,evaluation,2,1,0.24612824618816376,0,0.6948522925376892,False,2,0.0,0,"[0.09298, 0.180113, 0.141719, 0.41837, 0.166818]"
Actor,client,99,545,7,M0,attack_member,evaluation,1,1,0.3788840174674988,0,0.5864935517311096,False,1,0.0,0,"[0.162814, 0.167088, 0.374292, 0.140696, 0.15511]"
Actor,client,99,803,7,M0,attack_member,evaluation,3,1,0.6524922847747803,1,0.5564348697662354,False,0,,1,"[0.022387, 0.027933, 0.241826, 0.409852, 0.298002]"
Actor,client,99,1173,7,M0,attack_member,evaluation,3,1,0.7758926749229431,1,0.5564348697662354,False,0,,1,"[0.021337, 0.074379, 0.26733, 0.531476, 0.105476]"
Actor,client,99,1186,7,M0,attack_member,evaluation,2,1,0.46772944927215576,0,0.6948522925376892,False,0,,0,"[0.122717, 0.141189, 0.229482, 0.220519, 0.286093]"
Actor,client,99,1235,7,M0,attack_member,evaluation,4,1,0.5760454535484314,0,0.6842027902603149,False,1,0.0,1,"[0.108695, 0.114543, 0.193714, 0.256778, 0.32627]"
Actor,client,99,1263,7,M0,attack_member,evaluation,0,1,0.3661060631275177,0,0.5510123372077942,False,5,0.0,0,"[0.115114, 0.169776, 0.220353, 0.22977, 0.264988]"
Actor,client,99,1297,7,M0,attack_member,evaluation,1,1,0.5079806447029114,0,0.5864935517311096,False,1,0.0,0,"[0.140344, 0.204462, 0.197473, 0.274072, 0.183649]"
Actor,client,99,1314,7,M0,attack_member,evaluation,4,1,0.706989586353302,1,0.6842027902603149,False,2,1.0,1,"[0.010572, 0.020506, 0.149779, 0.115369, 0.703773]"
Actor,client,99,1352,7,M0,attack_member,evaluation,2,1,0.4098326861858368,0,0.6948522925376892,False,1,0.0,0,"[0.133293, 0.173482, 0.212171, 0.27356, 0.207495]"
Actor,client,99,1442,7,M0,attack_member,evaluation,4,1,0.35012519359588623,0,0.6842027902603149,False,1,0.0,0,"[0.145128, 0.086023, 0.394553, 0.225516, 0.148781]"
Actor,client,99,1453,7,M0,attack_member,evaluation,0,1,0.6580448150634766,1,0.5510123372077942,False,0,,0,"[0.221778, 0.103764, 0.282274, 0.204424, 0.18776]"
Actor,client,99,1465,7,M0,attack_member,evaluation,1,1,0.6656928062438965,1,0.5864935517311096,False,3,0.3333333333333333,1,"[0.135819, 0.28418, 0.249166, 0.188081, 0.142753]"
Actor,client,99,1591,7,M0,attack_member,evaluation,2,1,0.3580537438392639,0,0.6948522925376892,False,1,0.0,0,"[0.096726, 0.160134, 0.140087, 0.086985, 0.516068]"
Actor,client,99,1705,7,M0,attack_member,evaluation,4,1,0.44200950860977173,0,0.6842027902603149,False,3,0.3333333333333333,0,"[0.100823, 0.150665, 0.195919, 0.305242, 0.247351]"
Actor,client,99,1803,7,M0,attack_member,evaluation,4,1,0.2684527337551117,0,0.6842027902603149,False,6,0.3333333333333333,0,"[0.069282, 0.051241, 0.223936, 0.439823, 0.215717]"
Actor,client,99,2009,7,M0,attack_member,evaluation,1,1,0.400616854429245,0,0.5864935517311096,False,1,0.0,0,"[0.144764, 0.175658, 0.26721, 0.168704, 0.243664]"
Actor,client,99,2022,7,M0,attack_member,evaluation,1,1,0.5963487029075623,1,0.5864935517311096,False,1,0.0,1,"[0.105855, 0.255831, 0.246907, 0.230779, 0.160628]"
Actor,client,99,2140,7,M0,attack_member,evaluation,3,1,0.48598891496658325,0,0.5564348697662354,False,4,0.0,1,"[0.129926, 0.207042, 0.191373, 0.273541, 0.198118]"
Actor,client,99,2160,7,M0,attack_member,evaluation,3,1,0.5382100343704224,0,0.5564348697662354,False,1,0.0,0,"[0.048599, 0.117954, 0.164172, 0.333305, 0.33597]"
Actor,client,99,2288,7,M0,attack_member,evaluation,3,1,0.42509815096855164,0,0.5564348697662354,False,1,0.0,0,"[0.110532, 0.264842, 0.240594, 0.235632, 0.148399]"
Actor,client,99,2458,7,M0,attack_member,evaluation,2,1,0.6536496877670288,0,0.6948522925376892,False,3,0.3333333333333333,1,"[0.083044, 0.174566, 0.327772, 0.242229, 0.17239]"
Actor,client,99,2531,7,M0,attack_member,evaluation,3,1,0.5080450773239136,0,0.5564348697662354,False,2,0.5,1,"[0.152847, 0.16533, 0.264793, 0.267458, 0.149572]"
Actor,client,99,2601,7,M0,attack_member,evaluation,4,1,0.6911664009094238,1,0.6842027902603149,False,1,1.0,1,"[0.081902, 0.032016, 0.058106, 0.133642, 0.694334]"
Actor,client,99,2603,7,M0,attack_member,evaluation,3,1,0.6738618016242981,1,0.5564348697662354,False,1,1.0,1,"[0.014828, 0.102638, 0.096783, 0.457903, 0.327848]"
Actor,client,99,2622,7,M0,attack_member,evaluation,0,1,0.49189457297325134,0,0.5510123372077942,False,1,1.0,0,"[0.186995, 0.24322, 0.167819, 0.23379, 0.168177]"
Actor,client,99,2674,7,M0,attack_member,evaluation,4,1,0.46804264187812805,0,0.6842027902603149,False,1,0.0,0,"[0.128559, 0.223164, 0.172597, 0.248623, 0.227057]"
Actor,client,99,2753,7,M0,attack_member,evaluation,4,1,0.6917594075202942,1,0.6842027902603149,False,1,0.0,1,"[0.124599, 0.209765, 0.192572, 0.137194, 0.33587]"
Actor,client,99,2816,7,M0,attack_member,evaluation,2,1,0.4441335201263428,0,0.6948522925376892,False,6,0.16666666666666666,0,"[0.054494, 0.166695, 0.21159, 0.230155, 0.337067]"
Actor,client,99,2971,7,M0,attack_member,evaluation,2,1,0.3428407609462738,0,0.6948522925376892,False,2,0.5,0,"[0.118548, 0.185026, 0.165629, 0.23372, 0.297078]"
Actor,client,99,2987,7,M0,attack_member,evaluation,4,1,0.4088641405105591,0,0.6842027902603149,False,3,0.0,0,"[0.133073, 0.169896, 0.196877, 0.285174, 0.21498]"
Actor,client,99,3147,7,M0,attack_member,evaluation,3,1,0.4456709027290344,0,0.5564348697662354,False,1,0.0,1,"[0.133789, 0.211754, 0.211659, 0.240945, 0.201853]"
Actor,client,99,3201,7,M0,attack_member,evaluation,2,1,0.3022879362106323,0,0.6948522925376892,False,1,0.0,0,"[0.070376, 0.110013, 0.169504, 0.390424, 0.259682]"
Actor,client,99,3288,7,M0,attack_member,evaluation,4,1,0.6003091335296631,0,0.6842027902603149,False,1,0.0,1,"[0.170457, 0.125955, 0.103012, 0.248195, 0.352382]"
Actor,client,99,3297,7,M0,attack_member,evaluation,3,1,0.5074987411499023,0,0.5564348697662354,False,2,0.0,1,"[0.125182, 0.174104, 0.185593, 0.287924, 0.227198]"
Actor,client,99,3412,7,M0,attack_member,evaluation,4,1,0.47920528054237366,0,0.6842027902603149,False,1,0.0,0,"[0.095142, 0.191158, 0.286461, 0.212692, 0.214547]"
Actor,client,99,3613,7,M0,attack_member,evaluation,3,1,0.37733152508735657,0,0.5564348697662354,False,8,0.0,0,"[0.099182, 0.087148, 0.087144, 0.205779, 0.520748]"
Actor,client,99,3631,7,M0,attack_member,evaluation,1,1,0.4291814863681793,0,0.5864935517311096,False,4,0.25,0,"[0.078027, 0.190609, 0.266796, 0.269015, 0.195553]"
Actor,client,99,3657,7,M0,attack_member,evaluation,2,1,0.5212016105651855,0,0.6948522925376892,False,2,0.5,1,"[0.108243, 0.208033, 0.258099, 0.233355, 0.192271]"
Actor,client,99,3700,7,M0,attack_member,evaluation,3,1,0.6350507140159607,1,0.5564348697662354,False,0,,1,"[0.172859, 0.070434, 0.223158, 0.350947, 0.182603]"
Actor,client,99,3947,7,M0,attack_member,evaluation,3,1,0.4165557026863098,0,0.5564348697662354,False,1,0.0,0,"[0.100907, 0.156479, 0.260301, 0.219016, 0.263297]"
Actor,client,99,4093,7,M0,attack_member,evaluation,0,1,0.4312312602996826,0,0.5510123372077942,False,5,0.0,0,"[0.130631, 0.147962, 0.144092, 0.235066, 0.342249]"
Actor,client,99,4189,7,M0,attack_member,evaluation,3,1,0.8050602078437805,1,0.5564348697662354,False,0,,1,"[0.017705, 0.087019, 0.139461, 0.587679, 0.168136]"
Actor,client,99,4282,7,M0,attack_member,evaluation,1,1,0.42519882321357727,0,0.5864935517311096,False,2,0.0,0,"[0.102957, 0.182777, 0.186138, 0.260849, 0.26728]"
Actor,client,99,4355,7,M0,attack_member,evaluation,4,1,0.7121201157569885,1,0.6842027902603149,False,0,,1,"[0.010753, 0.007222, 0.122487, 0.077463, 0.782074]"
Actor,client,99,4550,7,M0,attack_member,evaluation,0,1,0.3958495259284973,0,0.5510123372077942,False,0,,0,"[0.158747, 0.27494, 0.202705, 0.218978, 0.14463]"
Actor,client,99,4904,7,M0,attack_member,evaluation,4,1,0.5924558639526367,0,0.6842027902603149,False,3,0.6666666666666666,1,"[0.130551, 0.142254, 0.167749, 0.237293, 0.322153]"
Actor,client,99,4987,7,M0,attack_member,evaluation,2,1,0.4155982434749603,0,0.6948522925376892,False,0,,0,"[0.199869, 0.219635, 0.203885, 0.183286, 0.193325]"
Actor,client,99,5331,7,M0,attack_member,evaluation,4,1,0.3163711428642273,0,0.6842027902603149,False,2,0.5,0,"[0.077183, 0.195145, 0.289901, 0.275521, 0.162251]"
Actor,client,99,5396,7,M0,attack_member,evaluation,3,1,0.4514769911766052,0,0.5564348697662354,False,3,0.0,0,"[0.155525, 0.239098, 0.235826, 0.237342, 0.132209]"
Actor,client,99,5436,7,M0,attack_member,evaluation,1,1,0.3948380947113037,0,0.5864935517311096,False,7,0.0,0,"[0.083697, 0.186612, 0.198805, 0.181513, 0.349372]"
Actor,client,99,5438,7,M0,attack_member,evaluation,1,1,0.5324713587760925,0,0.5864935517311096,False,2,0.0,0,"[0.150784, 0.228367, 0.306849, 0.16228, 0.15172]"
Actor,client,99,6108,7,M0,attack_member,evaluation,2,1,0.27900686860084534,0,0.6948522925376892,False,7,0.42857142857142855,0,"[0.059924, 0.212516, 0.145113, 0.348588, 0.233858]"
Actor,client,99,6144,7,M0,attack_member,evaluation,1,1,0.9524718523025513,1,0.5864935517311096,False,1,1.0,1,"[0.083331, 0.564519, 0.152668, 0.123088, 0.076394]"
Actor,client,99,6364,7,M0,attack_member,evaluation,0,1,0.36070141196250916,0,0.5510123372077942,False,5,0.0,0,"[0.081247, 0.063766, 0.194219, 0.300232, 0.360536]"
Actor,client,99,6510,7,M0,attack_member,evaluation,2,1,0.7223566174507141,1,0.6948522925376892,False,6,0.3333333333333333,0,"[0.129277, 0.354653, 0.341236, 0.071624, 0.10321]"
Actor,client,99,6590,7,M0,attack_member,evaluation,2,1,0.6708672642707825,0,0.6948522925376892,False,0,,1,"[0.181345, 0.218787, 0.327111, 0.133954, 0.138804]"
Actor,client,99,6620,7,M0,attack_member,evaluation,1,1,0.5891784429550171,1,0.5864935517311096,False,1,0.0,1,"[0.148407, 0.240872, 0.199449, 0.23367, 0.177603]"
Actor,client,99,6622,7,M0,attack_member,evaluation,2,1,0.8149797916412354,1,0.6948522925376892,False,2,0.5,1,"[0.152767, 0.204275, 0.42149, 0.105281, 0.116188]"
Actor,client,99,6684,7,M0,attack_member,evaluation,3,1,0.44300633668899536,0,0.5564348697662354,False,1,1.0,0,"[0.146637, 0.167086, 0.23569, 0.226826, 0.22376]"
Actor,client,99,6776,7,M0,attack_member,evaluation,1,1,0.5887959003448486,1,0.5864935517311096,False,1,0.0,1,"[0.159407, 0.241126, 0.175131, 0.209133, 0.215204]"
Actor,client,99,6905,7,M0,attack_member,evaluation,4,1,0.6155385971069336,0,0.6842027902603149,False,1,0.0,1,"[0.137295, 0.116754, 0.189662, 0.214875, 0.341415]"
Actor,client,99,6995,7,M0,attack_member,evaluation,2,1,0.40262481570243835,0,0.6948522925376892,False,3,0.3333333333333333,0,"[0.099621, 0.234653, 0.190729, 0.208212, 0.266785]"
Actor,client,99,7135,7,M0,attack_member,evaluation,0,1,0.2487887740135193,0,0.5510123372077942,False,1,0.0,0,"[0.057032, 0.200723, 0.087527, 0.235407, 0.419311]"
Actor,client,99,7361,7,M0,attack_member,evaluation,4,1,0.4500613808631897,0,0.6842027902603149,False,1,0.0,0,"[0.091948, 0.255748, 0.283792, 0.184847, 0.183665]"
Actor,client,99,7363,7,M0,attack_member,evaluation,3,1,0.5019665956497192,0,0.5564348697662354,False,5,0.2,0,"[0.081754, 0.060389, 0.257597, 0.277628, 0.322633]"
Actor,client,99,7526,7,M0,attack_member,evaluation,4,1,0.5007019639015198,0,0.6842027902603149,False,2,0.5,0,"[0.141073, 0.226445, 0.231277, 0.189613, 0.211593]"
Actor,client,99,7,7,M0,attack_member,evaluation,4,1,0.19913040101528168,0,0.6842027902603149,False,3,0.3333333333333333,0,"[0.047004, 0.160056, 0.353638, 0.322994, 0.116308]"
Actor,client,99,197,7,M0,attack_member,evaluation,3,1,0.6084321141242981,1,0.5564348697662354,False,1,0.0,1,"[0.056591, 0.179484, 0.2279, 0.381384, 0.154641]"
Actor,client,99,975,7,M0,attack_member,evaluation,2,1,0.5572285652160645,0,0.6948522925376892,False,2,0.0,0,"[0.066679, 0.145679, 0.290021, 0.320297, 0.177325]"
Actor,client,99,1004,7,M0,attack_member,evaluation,3,1,0.5802796483039856,1,0.5564348697662354,False,1,0.0,1,"[0.092396, 0.18681, 0.230831, 0.347966, 0.141997]"
Actor,client,99,1342,7,M0,attack_member,evaluation,4,1,0.7146465182304382,1,0.6842027902603149,False,0,,1,"[0.047413, 0.026938, 0.032375, 0.0702, 0.823074]"
Actor,client,99,1450,7,M0,attack_member,evaluation,1,1,0.673267662525177,1,0.5864935517311096,False,4,0.0,0,"[0.039877, 0.31361, 0.133253, 0.183278, 0.329981]"
Actor,client,99,1571,7,M0,attack_member,evaluation,3,1,0.36956390738487244,0,0.5564348697662354,False,0,,0,"[0.036757, 0.250552, 0.379893, 0.199673, 0.133125]"
Actor,client,99,1578,7,M0,attack_member,evaluation,4,1,0.8146600723266602,1,0.6842027902603149,False,0,,1,"[0.086806, 0.345392, 0.055902, 0.070624, 0.441277]"
Actor,client,99,1630,7,M0,attack_member,evaluation,1,1,0.3327192962169647,0,0.5864935517311096,False,2,0.0,0,"[0.091856, 0.142979, 0.226679, 0.289433, 0.249053]"
Actor,client,99,2005,7,M0,attack_member,evaluation,3,1,0.47722628712654114,0,0.5564348697662354,False,6,0.3333333333333333,1,"[0.033293, 0.16256, 0.250087, 0.288104, 0.265956]"
Actor,client,99,2266,7,M0,attack_member,evaluation,0,1,0.5243949890136719,0,0.5510123372077942,False,2,0.0,0,"[0.18126, 0.174309, 0.19589, 0.236032, 0.212508]"
Actor,client,99,2338,7,M0,attack_member,evaluation,2,1,0.5277246236801147,0,0.6948522925376892,False,1,0.0,0,"[0.216339, 0.266945, 0.261665, 0.172248, 0.082803]"
Actor,client,99,2819,7,M0,attack_member,evaluation,4,1,0.5661618113517761,0,0.6842027902603149,False,1,0.0,1,"[0.103168, 0.090873, 0.160827, 0.292581, 0.352551]"
Actor,client,99,3105,7,M0,attack_member,evaluation,0,1,0.31864550709724426,0,0.5510123372077942,False,1,0.0,0,"[0.109131, 0.216766, 0.245674, 0.213715, 0.214713]"
Actor,client,99,3480,7,M0,attack_member,evaluation,2,1,0.31668710708618164,0,0.6948522925376892,False,1,0.0,0,"[0.014898, 0.399762, 0.133864, 0.210977, 0.240499]"
Actor,client,99,3609,7,M0,attack_member,evaluation,2,1,0.3979699909687042,0,0.6948522925376892,False,0,,0,"[0.116409, 0.183593, 0.202699, 0.267559, 0.229739]"
Actor,client,99,4269,7,M0,attack_member,evaluation,3,1,0.3997447192668915,0,0.5564348697662354,False,3,0.3333333333333333,0,"[0.078087, 0.219561, 0.144988, 0.235942, 0.321422]"
Actor,client,99,4353,7,M0,attack_member,evaluation,2,1,0.4328910708427429,0,0.6948522925376892,False,2,0.0,0,"[0.164394, 0.233102, 0.208378, 0.18123, 0.212895]"
Actor,client,99,4439,7,M0,attack_member,evaluation,0,1,0.5169605016708374,0,0.5510123372077942,False,0,,0,"[0.207309, 0.262711, 0.25201, 0.180969, 0.097001]"
Actor,client,99,4609,7,M0,attack_member,evaluation,2,1,0.45281511545181274,0,0.6948522925376892,False,1,0.0,0,"[0.11341, 0.242318, 0.233981, 0.281112, 0.129179]"
Actor,client,99,4783,7,M0,attack_member,evaluation,0,1,0.3727250099182129,0,0.5510123372077942,False,2,0.0,0,"[0.087784, 0.079963, 0.171064, 0.259021, 0.402168]"
Actor,client,99,5030,7,M0,attack_member,evaluation,0,1,0.3990299105644226,0,0.5510123372077942,False,6,0.16666666666666666,0,"[0.126032, 0.149247, 0.184648, 0.34726, 0.192813]"
Actor,client,99,5036,7,M0,attack_member,evaluation,1,1,0.6405274868011475,1,0.5864935517311096,False,0,,0,"[0.15914, 0.267887, 0.279691, 0.182516, 0.110766]"
Actor,client,99,5421,7,M0,attack_member,evaluation,4,1,0.7242017388343811,1,0.6842027902603149,False,2,0.5,1,"[0.068163, 0.08547, 0.07241, 0.122331, 0.651625]"
Actor,client,99,5509,7,M0,attack_member,evaluation,2,1,0.4972451627254486,0,0.6948522925376892,False,2,0.0,1,"[0.113403, 0.235187, 0.244589, 0.224073, 0.182748]"
Actor,client,99,5534,7,M0,attack_member,evaluation,3,1,0.43735939264297485,0,0.5564348697662354,False,2,0.0,0,"[0.151692, 0.24561, 0.167448, 0.238127, 0.197123]"
Actor,client,99,5847,7,M0,attack_member,evaluation,3,1,0.6368124485015869,1,0.5564348697662354,False,2,0.5,1,"[0.149765, 0.16176, 0.148214, 0.380545, 0.159716]"
Actor,client,99,5933,7,M0,attack_member,evaluation,4,1,0.3948769271373749,0,0.6842027902603149,False,1,0.0,0,"[0.103917, 0.151125, 0.275385, 0.269884, 0.199689]"
Actor,client,99,6178,7,M0,attack_member,evaluation,1,1,0.5599274039268494,0,0.5864935517311096,False,2,0.0,0,"[0.151119, 0.225454, 0.204291, 0.253352, 0.165785]"
Actor,client,99,6236,7,M0,attack_member,evaluation,4,1,0.3972001373767853,0,0.6842027902603149,False,3,0.3333333333333333,0,"[0.202699, 0.201675, 0.212662, 0.21515, 0.167815]"
Actor,client,99,6294,7,M0,attack_member,evaluation,1,1,0.5290102362632751,0,0.5864935517311096,False,1,0.0,0,"[0.137313, 0.20787, 0.146837, 0.311339, 0.196641]"
Actor,client,99,6338,7,M0,attack_member,evaluation,2,1,0.5500819683074951,0,0.6948522925376892,False,3,0.6666666666666666,1,"[0.11283, 0.162102, 0.274825, 0.240551, 0.209691]"
Actor,client,99,6401,7,M0,attack_member,evaluation,1,1,0.4505981206893921,0,0.5864935517311096,False,1,0.0,0,"[0.133708, 0.195695, 0.270128, 0.191385, 0.209084]"
Actor,client,99,6451,7,M0,attack_member,evaluation,3,1,0.5341062545776367,0,0.5564348697662354,False,1,0.0,1,"[0.055797, 0.179835, 0.314565, 0.314792, 0.135011]"
Actor,client,99,6719,7,M0,attack_member,evaluation,2,1,0.6796108484268188,0,0.6948522925376892,False,2,0.0,1,"[0.101258, 0.219582, 0.331978, 0.178432, 0.168749]"
Actor,client,99,6818,7,M0,attack_member,evaluation,0,1,0.3212524950504303,0,0.5510123372077942,False,2,0.0,0,"[0.070652, 0.089037, 0.187533, 0.304361, 0.348417]"
Actor,client,99,6826,7,M0,attack_member,evaluation,2,1,0.6542578935623169,0,0.6948522925376892,False,3,0.6666666666666666,1,"[0.062715, 0.161563, 0.332668, 0.275299, 0.167755]"
Actor,client,99,6942,7,M0,attack_member,evaluation,1,1,0.8784217238426208,1,0.5864935517311096,False,1,0.0,1,"[0.044944, 0.442749, 0.090684, 0.203534, 0.218089]"
Actor,client,99,7013,7,M0,attack_member,evaluation,4,1,0.540813684463501,0,0.6842027902603149,False,1,0.0,0,"[0.145351, 0.16834, 0.251586, 0.192699, 0.242024]"
Actor,client,99,7061,7,M0,attack_member,evaluation,4,1,0.6800988912582397,0,0.6842027902603149,False,0,,1,"[0.071091, 0.13824, 0.1714, 0.202686, 0.416583]"
Actor,client,99,7184,7,M0,attack_member,evaluation,1,1,0.5167876482009888,0,0.5864935517311096,False,2,0.0,0,"[0.089086, 0.213034, 0.241289, 0.336536, 0.120055]"
Actor,client,99,7329,7,M0,attack_member,evaluation,3,1,0.5244694948196411,0,0.5564348697662354,False,0,,1,"[0.113945, 0.142749, 0.272913, 0.289253, 0.18114]"
Actor,client,99,987,9,M0,attack_member,evaluation,2,1,0.4503237009048462,0,0.6948522925376892,False,1,0.0,0,"[0.083224, 0.205708, 0.213398, 0.207436, 0.290234]"
Actor,client,99,1012,9,M0,attack_member,evaluation,4,1,0.643631637096405,0,0.6842027902603149,False,2,0.0,1,"[0.122674, 0.167389, 0.149188, 0.209497, 0.351251]"
Actor,client,99,1538,9,M0,attack_member,evaluation,0,1,0.46479156613349915,0,0.5510123372077942,False,2,0.5,0,"[0.184578, 0.261863, 0.255316, 0.155869, 0.142374]"
Actor,client,99,2766,9,M0,attack_member,evaluation,0,1,0.4442315101623535,0,0.5510123372077942,False,1,0.0,0,"[0.15437, 0.170018, 0.291147, 0.236294, 0.14817]"
Actor,client,99,3376,9,M0,attack_member,evaluation,4,1,0.7011073231697083,1,0.6842027902603149,False,1,1.0,1,"[0.013433, 0.04506, 0.130376, 0.160119, 0.651012]"
Actor,client,99,3884,9,M0,attack_member,evaluation,4,1,0.4376051723957062,0,0.6842027902603149,False,1,0.0,0,"[0.21072, 0.195648, 0.252866, 0.174084, 0.166682]"
Actor,client,99,3928,9,M0,attack_member,evaluation,4,1,0.7108784914016724,1,0.6842027902603149,False,1,1.0,1,"[0.055402, 0.081956, 0.166463, 0.150751, 0.545428]"
Actor,client,99,4034,9,M0,attack_member,evaluation,0,1,0.5186061859130859,0,0.5510123372077942,False,2,0.0,0,"[0.136858, 0.066604, 0.103445, 0.199832, 0.493261]"
Actor,client,99,5501,9,M0,attack_member,evaluation,2,1,0.5146808624267578,0,0.6948522925376892,False,1,0.0,1,"[0.169072, 0.174393, 0.262456, 0.236394, 0.157684]"
Actor,client,99,5594,9,M0,attack_member,evaluation,2,1,0.7958898544311523,1,0.6948522925376892,False,1,1.0,1,"[0.161581, 0.123568, 0.408807, 0.124957, 0.181087]"
Actor,client,99,6168,9,M0,attack_member,evaluation,2,1,0.466086208820343,0,0.6948522925376892,False,1,0.0,0,"[0.139418, 0.223939, 0.238007, 0.253906, 0.14473]"
Actor,client,99,7018,9,M0,attack_member,evaluation,0,1,0.5320848822593689,0,0.5510123372077942,False,1,0.0,0,"[0.195965, 0.22769, 0.171115, 0.174152, 0.231078]"
Actor,client,99,7402,9,M0,attack_member,evaluation,4,1,0.7105963826179504,1,0.6842027902603149,False,2,0.5,1,"[0.036949, 0.081601, 0.183757, 0.157834, 0.539859]"
Actor,client,99,210,9,M0,attack_member,evaluation,4,1,0.4783977270126343,0,0.6842027902603149,False,2,0.0,0,"[0.149264, 0.22212, 0.180383, 0.227679, 0.220554]"
Actor,client,99,1454,9,M0,attack_member,evaluation,3,1,0.5579887628555298,1,0.5564348697662354,False,0,,1,"[0.114062, 0.224523, 0.225916, 0.32868, 0.106819]"
Actor,client,99,2685,9,M0,attack_member,evaluation,3,1,0.44674527645111084,0,0.5564348697662354,False,1,0.0,0,"[0.188084, 0.243332, 0.201148, 0.227755, 0.139681]"
Actor,client,99,3334,9,M0,attack_member,evaluation,3,1,0.5805261135101318,1,0.5564348697662354,False,4,0.25,1,"[0.089647, 0.114041, 0.170354, 0.349126, 0.276832]"
Actor,client,99,4497,9,M0,attack_member,evaluation,2,1,0.4155982434749603,0,0.6948522925376892,False,0,,0,"[0.199869, 0.219635, 0.203885, 0.183286, 0.193325]"
Actor,client,99,4648,9,M0,attack_member,evaluation,1,1,0.3598690330982208,0,0.5864935517311096,False,5,0.0,0,"[0.047166, 0.143234, 0.228533, 0.457087, 0.12398]"
Actor,client,99,4732,9,M0,attack_member,evaluation,2,1,0.5640328526496887,0,0.6948522925376892,False,0,,0,"[0.054773, 0.077933, 0.303119, 0.373096, 0.191079]"
Actor,client,99,5172,9,M0,attack_member,evaluation,2,1,0.5231370329856873,0,0.6948522925376892,False,9,0.1111111111111111,0,"[0.059373, 0.088345, 0.269851, 0.313078, 0.269353]"
Actor,client,99,5289,9,M0,attack_member,evaluation,4,1,0.28107383847236633,0,0.6842027902603149,False,3,0.0,0,"[0.113339, 0.258674, 0.184749, 0.291431, 0.151806]"
Actor,client,99,622,9,M0,attack_member,evaluation,3,1,0.5422207117080688,0,0.5564348697662354,False,1,1.0,1,"[0.099427, 0.145062, 0.221798, 0.314044, 0.21967]"
Actor,client,99,1072,9,M0,attack_member,evaluation,3,1,0.7225673198699951,1,0.5564348697662354,False,3,0.0,1,"[0.030815, 0.075898, 0.095897, 0.493952, 0.303437]"
Actor,client,99,1870,9,M0,attack_member,evaluation,4,1,0.5632472634315491,0,0.6842027902603149,False,0,,1,"[0.053305, 0.05733, 0.089047, 0.367574, 0.432744]"
Actor,client,99,2182,9,M0,attack_member,evaluation,0,1,0.6632570028305054,1,0.5510123372077942,False,2,0.0,0,"[0.201172, 0.1009, 0.049954, 0.103043, 0.544931]"
Actor,client,99,2394,9,M0,attack_member,evaluation,2,1,0.5008766055107117,0,0.6948522925376892,False,1,0.0,0,"[0.093361, 0.252201, 0.236731, 0.189232, 0.228475]"
Actor,client,99,4174,9,M0,attack_member,evaluation,1,1,0.5923296213150024,1,0.5864935517311096,False,1,0.0,0,"[0.092443, 0.261653, 0.182425, 0.199891, 0.263588]"
Actor,client,99,7054,9,M0,attack_member,evaluation,4,1,0.2945539653301239,0,0.6842027902603149,False,1,0.0,0,"[0.060064, 0.176403, 0.171976, 0.384619, 0.206937]"
Actor,client,99,7203,9,M0,attack_member,evaluation,4,1,0.6871634721755981,1,0.6842027902603149,False,1,1.0,1,"[0.048026, 0.148554, 0.203309, 0.194154, 0.405957]"
Actor,client,99,7224,9,M0,attack_member,evaluation,4,1,0.6928374171257019,1,0.6842027902603149,False,0,,1,"[0.062575, 0.14722, 0.23861, 0.164317, 0.387278]"
Actor,client,99,7240,9,M0,attack_member,evaluation,1,1,0.4179590940475464,0,0.5864935517311096,False,0,,0,"[0.04182, 0.186199, 0.255894, 0.334188, 0.181898]"
Actor,client,99,7243,9,M0,attack_member,evaluation,1,1,0.6205599904060364,1,0.5864935517311096,False,0,,1,"[0.119184, 0.273626, 0.240048, 0.153293, 0.21385]"
Actor,client,99,7269,9,M0,attack_member,evaluation,2,1,0.5861726403236389,0,0.6948522925376892,False,0,,0,"[0.021404, 0.088403, 0.334279, 0.482274, 0.07364]"
Actor,client,99,7281,9,M0,attack_member,evaluation,4,1,0.24444681406021118,0,0.6842027902603149,False,1,0.0,0,"[0.051004, 0.141509, 0.214958, 0.405621, 0.186907]"
Actor,client,99,7320,9,M0,attack_member,evaluation,2,1,0.5075979828834534,0,0.6948522925376892,False,0,,0,"[0.207309, 0.262711, 0.25201, 0.180969, 0.097001]"
Actor,client,99,7332,9,M0,attack_member,evaluation,2,1,0.9247525334358215,1,0.6948522925376892,False,0,,1,"[0.047382, 0.031905, 0.572119, 0.17955, 0.169044]"
Actor,client,99,7362,9,M0,attack_member,evaluation,3,1,0.8083089590072632,1,0.5564348697662354,False,0,,1,"[0.029746, 0.067533, 0.147394, 0.584362, 0.170964]"
Actor,client,99,7486,9,M0,attack_member,evaluation,1,1,0.5076857805252075,0,0.5864935517311096,False,0,,0,"[0.150817, 0.203013, 0.214553, 0.265503, 0.166114]"
Actor,client,99,7534,9,M0,attack_member,evaluation,0,1,0.8151978254318237,1,0.5510123372077942,False,0,,1,"[0.329301, 0.21812, 0.167691, 0.104289, 0.1806]"
Actor,client,99,7572,9,M0,attack_member,evaluation,3,1,0.8817799687385559,1,0.5564348697662354,False,0,,1,"[0.014862, 0.015277, 0.059429, 0.724507, 0.185925]"
Actor,client,99,7573,9,M0,attack_member,evaluation,4,1,0.7043044567108154,1,0.6842027902603149,False,0,,1,"[0.012487, 0.012263, 0.05728, 0.097666, 0.820303]"
Actor,client,99,7459,9,M0,attack_member,evaluation,4,1,0.720960795879364,1,0.6842027902603149,False,0,,1,"[0.010585, 0.004357, 0.005316, 0.024274, 0.955468]"
Actor,client,99,7481,9,M0,attack_member,evaluation,1,1,0.8207592964172363,1,0.5864935517311096,False,0,,1,"[0.064361, 0.38713, 0.255867, 0.205649, 0.086994]"
Actor,client,99,7499,9,M0,attack_member,evaluation,3,1,0.8374659419059753,1,0.5564348697662354,False,0,,1,"[0.095996, 0.051429, 0.096349, 0.610128, 0.146098]"
Actor,client,99,7592,9,M0,attack_member,evaluation,1,1,0.45640674233436584,0,0.5864935517311096,False,0,,0,"[0.13698, 0.192085, 0.259113, 0.226927, 0.184895]"
Actor,client,99,3888,9,M0,attack_member,evaluation,1,1,0.6266051530838013,1,0.5864935517311096,False,1,0.0,1,"[0.107571, 0.266792, 0.237639, 0.240031, 0.147966]"
Actor,client,99,4716,9,M0,attack_member,evaluation,1,1,0.6868454217910767,1,0.5864935517311096,False,4,0.25,0,"[0.137847, 0.27564, 0.171912, 0.30849, 0.10611]"
Actor,client,99,191,9,M0,attack_member,evaluation,3,1,0.5328465104103088,0,0.5564348697662354,False,2,0.5,1,"[0.128244, 0.128511, 0.191482, 0.299554, 0.252209]"
Actor,client,99,2134,9,M0,attack_member,evaluation,4,1,0.5436357855796814,0,0.6842027902603149,False,1,0.0,1,"[0.132654, 0.143925, 0.203572, 0.240999, 0.27885]"
Actor,client,99,2314,9,M0,attack_member,evaluation,2,1,0.4061810374259949,0,0.6948522925376892,False,1,1.0,0,"[0.17237, 0.177194, 0.217916, 0.288321, 0.144199]"
Actor,client,99,3158,9,M0,attack_member,evaluation,3,1,0.5514781475067139,0,0.5564348697662354,False,3,0.0,1,"[0.114786, 0.095028, 0.182244, 0.315398, 0.292544]"
Actor,client,99,2429,9,M0,attack_member,evaluation,4,1,0.4915362596511841,0,0.6842027902603149,False,2,0.0,0,"[0.101303, 0.082349, 0.089291, 0.382575, 0.344482]"
Actor,client,99,5105,9,M0,attack_member,evaluation,3,1,0.8889564275741577,1,0.5564348697662354,False,0,,1,"[0.01867, 0.013966, 0.162906, 0.726832, 0.077625]"
Actor,client,99,2919,9,M0,attack_member,evaluation,4,1,0.7219493985176086,1,0.6842027902603149,False,0,,1,"[0.002401, 0.006633, 0.008075, 0.028993, 0.953898]"
Actor,client,99,2258,9,M0,attack_member,evaluation,0,1,0.5577527284622192,1,0.5510123372077942,False,1,0.0,0,"[0.182971, 0.131262, 0.230517, 0.207303, 0.247948]"
Actor,client,99,3417,9,M0,attack_member,evaluation,2,1,0.35829001665115356,0,0.6948522925376892,False,4,0.0,0,"[0.046484, 0.10838, 0.199296, 0.391492, 0.254347]"
Actor,client,99,4940,9,M0,attack_member,evaluation,3,1,0.5243245363235474,0,0.5564348697662354,False,0,,1,"[0.055112, 0.182559, 0.219243, 0.320618, 0.222469]"
Actor,client,99,2589,9,M0,attack_member,evaluation,2,1,0.924009382724762,1,0.6948522925376892,False,0,,1,"[0.048204, 0.147476, 0.558614, 0.114761, 0.130945]"
Actor,client,99,4381,9,M0,attack_member,evaluation,2,1,0.9269656538963318,1,0.6948522925376892,False,1,1.0,1,"[0.045124, 0.14024, 0.567236, 0.125675, 0.121725]"
Actor,client,99,2467,9,M0,attack_member,evaluation,1,1,0.6746510863304138,1,0.5864935517311096,False,1,0.0,1,"[0.176191, 0.277557, 0.149664, 0.18407, 0.212518]"
Actor,client,99,5393,9,M0,attack_member,evaluation,4,1,0.7324582934379578,1,0.6842027902603149,False,2,0.0,1,"[0.09019, 0.132626, 0.213733, 0.109137, 0.454315]"
Actor,client,99,3126,9,M0,attack_member,evaluation,2,1,0.5662709474563599,0,0.6948522925376892,False,1,0.0,1,"[0.213224, 0.109644, 0.291976, 0.226438, 0.158718]"
Actor,client,99,3186,0,M0,attack_nonmember,evaluation,4,0,0.5490941405296326,0,0.6842027902603149,False,1,0.0,1,"[0.121035, 0.163613, 0.245955, 0.21002, 0.259378]"
Actor,client,99,3230,0,M0,attack_nonmember,evaluation,4,0,0.4952372610569,0,0.6842027902603149,False,2,0.5,0,"[0.154461, 0.163913, 0.174501, 0.256204, 0.25092]"
Actor,client,99,3268,0,M0,attack_nonmember,evaluation,2,0,0.4343635141849518,0,0.6948522925376892,False,1,0.0,0,"[0.114457, 0.141752, 0.216719, 0.245569, 0.281503]"
Actor,client,99,3328,0,M0,attack_nonmember,evaluation,3,0,0.4240005910396576,0,0.5564348697662354,False,4,0.5,0,"[0.15025, 0.166046, 0.218749, 0.213884, 0.251071]"
Actor,client,99,3362,0,M0,attack_nonmember,evaluation,4,0,0.4117051661014557,0,0.6842027902603149,False,9,0.2222222222222222,0,"[0.088814, 0.117221, 0.197542, 0.343851, 0.252573]"
Actor,client,99,3409,0,M0,attack_nonmember,evaluation,1,0,0.1738654226064682,0,0.5864935517311096,False,3,0.3333333333333333,0,"[0.029267, 0.080563, 0.478626, 0.254335, 0.157209]"
Actor,client,99,3413,0,M0,attack_nonmember,evaluation,1,0,0.8857414126396179,1,0.5864935517311096,False,0,,1,"[0.128927, 0.424687, 0.110697, 0.219188, 0.116501]"
Actor,client,99,3461,0,M0,attack_nonmember,evaluation,2,0,0.5068657398223877,0,0.6948522925376892,False,1,0.0,1,"[0.170083, 0.145109, 0.258829, 0.238258, 0.187721]"
Actor,client,99,3546,0,M0,attack_nonmember,evaluation,4,0,0.5992785096168518,0,0.6842027902603149,False,0,,1,"[0.003565, 0.030926, 0.12239, 0.342814, 0.500305]"
Actor,client,99,3605,0,M0,attack_nonmember,evaluation,3,0,0.39563077688217163,0,0.5564348697662354,False,0,,0,"[0.199869, 0.219635, 0.203885, 0.183286, 0.193325]"
Actor,client,99,3715,0,M0,attack_nonmember,evaluation,4,0,0.6065124869346619,0,0.6842027902603149,False,1,0.0,1,"[0.157201, 0.155937, 0.158075, 0.212714, 0.316072]"
Actor,client,99,3762,0,M0,attack_nonmember,evaluation,2,0,0.5723618865013123,0,0.6948522925376892,False,2,0.0,1,"[0.129572, 0.188392, 0.274929, 0.176636, 0.230471]"
Actor,client,99,3857,0,M0,attack_nonmember,evaluation,2,0,0.21769006550312042,0,0.6948522925376892,False,3,0.0,0,"[0.039344, 0.024884, 0.064451, 0.189756, 0.681566]"
Actor,client,99,3878,0,M0,attack_nonmember,evaluation,3,0,0.26093557476997375,0,0.5564348697662354,False,0,,0,"[0.022011, 0.048037, 0.064671, 0.133244, 0.732037]"
Actor,client,99,3881,0,M0,attack_nonmember,evaluation,4,0,0.43779146671295166,0,0.6842027902603149,False,2,0.0,0,"[0.157164, 0.198603, 0.211059, 0.232439, 0.200735]"
Actor,client,99,3922,0,M0,attack_nonmember,evaluation,4,0,0.4968269467353821,0,0.6842027902603149,False,6,0.3333333333333333,0,"[0.08112, 0.105393, 0.195952, 0.31906, 0.298474]"
Actor,client,99,4047,0,M0,attack_nonmember,evaluation,3,0,0.47299298644065857,0,0.5564348697662354,False,3,0.0,1,"[0.131794, 0.16731, 0.203126, 0.257825, 0.239944]"
Actor,client,99,4097,0,M0,attack_nonmember,evaluation,2,0,0.5517520308494568,0,0.6948522925376892,False,2,0.5,1,"[0.140019, 0.151225, 0.275168, 0.223241, 0.210348]"
Actor,client,99,4104,0,M0,attack_nonmember,evaluation,3,0,0.5754522681236267,1,0.5564348697662354,False,0,,1,"[0.131434, 0.188269, 0.12674, 0.345022, 0.208535]"
Actor,client,99,4126,0,M0,attack_nonmember,evaluation,0,0,0.4601270258426666,0,0.5510123372077942,False,2,0.0,0,"[0.172365, 0.223295, 0.288165, 0.138269, 0.177906]"
Actor,client,99,4137,0,M0,attack_nonmember,evaluation,1,0,0.49896523356437683,0,0.5864935517311096,False,5,0.0,0,"[0.136874, 0.19816, 0.168581, 0.297663, 0.198722]"
Actor,client,99,4177,0,M0,attack_nonmember,evaluation,4,0,0.4463857114315033,0,0.6842027902603149,False,0,,0,"[0.151679, 0.25722, 0.127863, 0.248959, 0.214279]"
Actor,client,99,4231,0,M0,attack_nonmember,evaluation,0,0,0.37244775891304016,0,0.5510123372077942,False,0,,0,"[0.15554, 0.295408, 0.234982, 0.181095, 0.132975]"
Actor,client,99,4254,0,M0,attack_nonmember,evaluation,4,0,0.4157697856426239,0,0.6842027902603149,False,2,0.5,0,"[0.139637, 0.124484, 0.214295, 0.295652, 0.225932]"
Actor,client,99,4303,0,M0,attack_nonmember,evaluation,4,0,0.6679428815841675,0,0.6842027902603149,False,1,1.0,1,"[0.070969, 0.166236, 0.092628, 0.2475, 0.422667]"
Actor,client,99,4310,0,M0,attack_nonmember,evaluation,4,0,0.6413933038711548,0,0.6842027902603149,False,3,0.0,1,"[0.122789, 0.275305, 0.172371, 0.151437, 0.278098]"
Actor,client,99,4377,0,M0,attack_nonmember,evaluation,1,0,0.4867812693119049,0,0.5864935517311096,False,3,0.0,0,"[0.13138, 0.199181, 0.163531, 0.265706, 0.240202]"
Actor,client,99,4408,0,M0,attack_nonmember,evaluation,1,0,0.2472122460603714,0,0.5864935517311096,False,2,0.0,0,"[0.056465, 0.092268, 0.091687, 0.406806, 0.352774]"
Actor,client,99,4425,0,M0,attack_nonmember,evaluation,0,0,0.506753146648407,0,0.5510123372077942,False,1,1.0,0,"[0.17989, 0.182123, 0.275063, 0.181353, 0.18157]"
Actor,client,99,4666,0,M0,attack_nonmember,evaluation,4,0,0.6361056566238403,0,0.6842027902603149,False,1,0.0,1,"[0.087067, 0.137865, 0.187776, 0.224664, 0.362628]"
Actor,client,99,4734,0,M0,attack_nonmember,evaluation,2,0,0.46202003955841064,0,0.6948522925376892,False,1,0.0,1,"[0.167537, 0.224288, 0.225526, 0.189544, 0.193105]"
Actor,client,99,4754,0,M0,attack_nonmember,evaluation,3,0,0.4220134913921356,0,0.5564348697662354,False,1,0.0,0,"[0.111527, 0.181121, 0.170035, 0.233675, 0.303642]"
Actor,client,99,4868,0,M0,attack_nonmember,evaluation,0,0,0.5262266397476196,0,0.5510123372077942,False,1,0.0,0,"[0.185653, 0.174936, 0.269304, 0.190201, 0.179906]"
Actor,client,99,4913,0,M0,attack_nonmember,evaluation,0,0,0.40754643082618713,0,0.5510123372077942,False,0,,0,"[0.169648, 0.281924, 0.318363, 0.113787, 0.116278]"
Actor,client,99,4944,0,M0,attack_nonmember,evaluation,3,0,0.37834787368774414,0,0.5564348697662354,False,4,0.0,0,"[0.117996, 0.253209, 0.224866, 0.199077, 0.204852]"
Actor,client,99,4950,0,M0,attack_nonmember,evaluation,0,0,0.32185882329940796,0,0.5510123372077942,False,4,0.0,0,"[0.112341, 0.213488, 0.252181, 0.258952, 0.163039]"
Actor,client,99,4963,0,M0,attack_nonmember,evaluation,1,0,0.28094053268432617,0,0.5864935517311096,False,1,0.0,0,"[0.100241, 0.116523, 0.142716, 0.281087, 0.359432]"
Actor,client,99,4985,0,M0,attack_nonmember,evaluation,2,0,0.4760591983795166,0,0.6948522925376892,False,2,0.5,1,"[0.175922, 0.187455, 0.234257, 0.192791, 0.209575]"
Actor,client,99,5042,0,M0,attack_nonmember,evaluation,2,0,0.17858564853668213,0,0.6948522925376892,False,2,0.5,0,"[0.062934, 0.121389, 0.05768, 0.290388, 0.467609]"
Actor,client,99,5058,0,M0,attack_nonmember,evaluation,4,0,0.21944871544837952,0,0.6842027902603149,False,0,,0,"[0.015585, 0.021189, 0.188842, 0.539711, 0.234673]"
Actor,client,99,5245,0,M0,attack_nonmember,evaluation,3,0,0.3997668921947479,0,0.5564348697662354,False,0,,0,"[0.168427, 0.28743, 0.226179, 0.201215, 0.116749]"
Actor,client,99,5280,0,M0,attack_nonmember,evaluation,0,0,0.5660825967788696,1,0.5510123372077942,False,1,0.0,0,"[0.199501, 0.189651, 0.156029, 0.222581, 0.232237]"
Actor,client,99,5312,0,M0,attack_nonmember,evaluation,1,0,0.3189181685447693,0,0.5864935517311096,False,5,0.2,0,"[0.107621, 0.143725, 0.212999, 0.208214, 0.327441]"
Actor,client,99,5361,0,M0,attack_nonmember,evaluation,2,0,0.4726080298423767,0,0.6948522925376892,False,0,,0,"[0.048512, 0.157058, 0.233011, 0.26572, 0.2957]"
Actor,client,99,5511,0,M0,attack_nonmember,evaluation,3,0,0.5355805158615112,0,0.5564348697662354,False,2,0.0,0,"[0.051274, 0.129831, 0.053364, 0.346525, 0.419006]"
Actor,client,99,5666,0,M0,attack_nonmember,evaluation,3,0,0.4339735805988312,0,0.5564348697662354,False,3,0.0,0,"[0.127263, 0.197837, 0.23591, 0.230074, 0.208916]"
Actor,client,99,5712,0,M0,attack_nonmember,evaluation,1,0,0.554784893989563,0,0.5864935517311096,False,3,0.0,1,"[0.08633, 0.245657, 0.233505, 0.217543, 0.216966]"
Actor,client,99,5733,0,M0,attack_nonmember,evaluation,2,0,0.4734649062156677,0,0.6948522925376892,False,0,,0,"[0.060076, 0.098482, 0.225873, 0.224643, 0.390926]"
Actor,client,99,5741,0,M0,attack_nonmember,evaluation,4,0,0.47689202427864075,0,0.6842027902603149,False,0,,0,"[0.199869, 0.219635, 0.203885, 0.183286, 0.193325]"
Actor,client,99,5765,0,M0,attack_nonmember,evaluation,4,0,0.5936821699142456,0,0.6842027902603149,False,1,1.0,1,"[0.117643, 0.12063, 0.188267, 0.24107, 0.332389]"
Actor,client,99,5795,0,M0,attack_nonmember,evaluation,0,0,0.3712616562843323,0,0.5510123372077942,False,0,,0,"[0.143837, 0.239661, 0.283764, 0.227976, 0.104762]"
Actor,client,99,5835,0,M0,attack_nonmember,evaluation,3,0,0.40082573890686035,0,0.5564348697662354,False,1,0.0,0,"[0.218928, 0.199329, 0.162821, 0.183906, 0.235017]"
Actor,client,99,5906,0,M0,attack_nonmember,evaluation,3,0,0.3550737500190735,0,0.5564348697662354,False,0,,0,"[0.047052, 0.225221, 0.445168, 0.17376, 0.108798]"
Actor,client,99,5946,0,M0,attack_nonmember,evaluation,4,0,0.5981782078742981,0,0.6842027902603149,False,2,0.5,1,"[0.195483, 0.21182, 0.185886, 0.152538, 0.254273]"
Actor,client,99,6071,0,M0,attack_nonmember,evaluation,3,0,0.45044198632240295,0,0.5564348697662354,False,0,,0,"[0.050964, 0.224662, 0.34369, 0.256946, 0.123738]"
Actor,client,99,6078,0,M0,attack_nonmember,evaluation,2,0,0.4365730881690979,0,0.6948522925376892,False,0,,0,"[0.139322, 0.076304, 0.220131, 0.243708, 0.320535]"
Actor,client,99,6085,0,M0,attack_nonmember,evaluation,2,0,0.11604218930006027,0,0.6948522925376892,False,4,0.25,0,"[0.024136, 0.053646, 0.043573, 0.565767, 0.312879]"
Actor,client,99,6096,0,M0,attack_nonmember,evaluation,3,0,0.5254920125007629,0,0.5564348697662354,False,3,0.3333333333333333,1,"[0.055674, 0.090915, 0.263599, 0.30586, 0.283953]"
Actor,client,99,6209,0,M0,attack_nonmember,evaluation,3,0,0.430605947971344,0,0.5564348697662354,False,1,0.0,0,"[0.028981, 0.072245, 0.564522, 0.206227, 0.128025]"
Actor,client,99,6256,0,M0,attack_nonmember,evaluation,1,0,0.4690888524055481,0,0.5864935517311096,False,2,0.5,0,"[0.173932, 0.184745, 0.200798, 0.242435, 0.19809]"
Actor,client,99,6302,0,M0,attack_nonmember,evaluation,2,0,0.5162239074707031,0,0.6948522925376892,False,1,1.0,1,"[0.188267, 0.24171, 0.245539, 0.141098, 0.183386]"
Actor,client,99,6314,0,M0,attack_nonmember,evaluation,2,0,0.37113291025161743,0,0.6948522925376892,False,0,,0,"[0.0872, 0.279754, 0.193886, 0.309422, 0.129738]"
Actor,client,99,6322,0,M0,attack_nonmember,evaluation,1,0,0.34099438786506653,0,0.5864935517311096,False,0,,0,"[0.186701, 0.124903, 0.286589, 0.27619, 0.125618]"
Actor,client,99,6323,0,M0,attack_nonmember,evaluation,3,0,0.43253934383392334,0,0.5564348697662354,False,4,0.0,0,"[0.144407, 0.181798, 0.27442, 0.216444, 0.182931]"
Actor,client,99,6336,0,M0,attack_nonmember,evaluation,2,0,0.3321683704853058,0,0.6948522925376892,False,0,,0,"[0.039716, 0.190853, 0.157594, 0.267404, 0.344433]"
Actor,client,99,6358,0,M0,attack_nonmember,evaluation,4,0,0.10138984024524689,0,0.6842027902603149,False,0,,0,"[0.01398, 0.019325, 0.169542, 0.6263, 0.170854]"
Actor,client,99,6468,0,M0,attack_nonmember,evaluation,2,0,0.5681866407394409,0,0.6948522925376892,False,4,0.25,1,"[0.127257, 0.162913, 0.282508, 0.224329, 0.202993]"
Actor,client,99,6516,0,M0,attack_nonmember,evaluation,2,0,0.3404660224914551,0,0.6948522925376892,False,1,0.0,0,"[0.141773, 0.29352, 0.166654, 0.231733, 0.166319]"
Actor,client,99,6632,0,M0,attack_nonmember,evaluation,2,0,0.47885918617248535,0,0.6948522925376892,False,0,,0,"[0.06111, 0.072867, 0.270496, 0.421305, 0.174221]"
Actor,client,99,6742,0,M0,attack_nonmember,evaluation,3,0,0.2966679036617279,0,0.5564348697662354,False,0,,0,"[0.11685, 0.298756, 0.2814, 0.130637, 0.172357]"
Actor,client,99,6820,0,M0,attack_nonmember,evaluation,3,0,0.5900483727455139,1,0.5564348697662354,False,1,0.0,1,"[0.134356, 0.174151, 0.138135, 0.351933, 0.201425]"
Actor,client,99,6872,0,M0,attack_nonmember,evaluation,4,0,0.5516392588615417,0,0.6842027902603149,False,4,0.0,1,"[0.163584, 0.19311, 0.154922, 0.222108, 0.266276]"
Actor,client,99,6906,0,M0,attack_nonmember,evaluation,3,0,0.4251736104488373,0,0.5564348697662354,False,3,0.3333333333333333,0,"[0.143341, 0.197017, 0.165202, 0.227326, 0.267115]"
Actor,client,99,6908,0,M0,attack_nonmember,evaluation,3,0,0.3731849193572998,0,0.5564348697662354,False,1,0.0,0,"[0.088467, 0.180173, 0.210558, 0.199781, 0.32102]"
Actor,client,99,6914,0,M0,attack_nonmember,evaluation,1,0,0.3710416555404663,0,0.5864935517311096,False,0,,0,"[0.153138, 0.159897, 0.162864, 0.168807, 0.355295]"
Actor,client,99,6917,0,M0,attack_nonmember,evaluation,4,0,0.25347352027893066,0,0.6842027902603149,False,1,1.0,0,"[0.009675, 0.031757, 0.014305, 0.63472, 0.309544]"
Actor,client,99,6945,0,M0,attack_nonmember,evaluation,4,0,0.5532734990119934,0,0.6842027902603149,False,2,0.5,1,"[0.166532, 0.206535, 0.229947, 0.166305, 0.230681]"
Actor,client,99,7002,0,M0,attack_nonmember,evaluation,4,0,0.4678594768047333,0,0.6842027902603149,False,3,0.6666666666666666,0,"[0.100824, 0.241085, 0.166591, 0.25856, 0.232939]"
Actor,client,99,7017,0,M0,attack_nonmember,evaluation,1,0,0.37241119146347046,0,0.5864935517311096,False,2,0.5,0,"[0.15078, 0.150251, 0.174677, 0.247369, 0.276923]"
Actor,client,99,7074,0,M0,attack_nonmember,evaluation,3,0,0.48921188712120056,0,0.5564348697662354,False,3,0.0,0,"[0.080053, 0.07266, 0.145823, 0.284933, 0.416531]"
Actor,client,99,7414,0,M0,attack_nonmember,evaluation,4,0,0.3680274784564972,0,0.6842027902603149,False,2,0.0,0,"[0.050846, 0.188337, 0.267171, 0.293501, 0.200145]"
Actor,client,99,7439,0,M0,attack_nonmember,evaluation,1,0,0.3247902989387512,0,0.5864935517311096,False,0,,0,"[0.050877, 0.177528, 0.27389, 0.095715, 0.401989]"
Actor,client,99,7457,0,M0,attack_nonmember,evaluation,4,0,0.32201993465423584,0,0.6842027902603149,False,1,0.0,0,"[0.106136, 0.155353, 0.136996, 0.382403, 0.219112]"
Actor,client,99,7496,0,M0,attack_nonmember,evaluation,4,0,0.4168713688850403,0,0.6842027902603149,False,5,0.6,0,"[0.112831, 0.142199, 0.231446, 0.29008, 0.223443]"
Actor,client,99,7566,0,M0,attack_nonmember,evaluation,4,0,0.32571518421173096,0,0.6842027902603149,False,0,,0,"[0.011911, 0.041523, 0.018086, 0.588741, 0.339739]"
Actor,client,99,7599,0,M0,attack_nonmember,evaluation,3,0,0.3152731955051422,0,0.5564348697662354,False,2,1.0,0,"[0.113899, 0.148911, 0.149986, 0.149586, 0.437618]"
Actor,client,99,3380,1,M0,attack_nonmember,evaluation,0,0,0.43285876512527466,0,0.5510123372077942,False,1,0.0,0,"[0.156739, 0.208696, 0.19822, 0.283891, 0.152454]"
Actor,client,99,3388,1,M0,attack_nonmember,evaluation,0,0,0.5502700805664062,0,0.5510123372077942,False,1,0.0,0,"[0.206967, 0.225055, 0.22777, 0.171722, 0.168486]"
Actor,client,99,3420,1,M0,attack_nonmember,evaluation,1,0,0.4635632634162903,0,0.5864935517311096,False,3,0.0,0,"[0.148794, 0.191083, 0.198147, 0.227821, 0.234155]"
Actor,client,99,3436,1,M0,attack_nonmember,evaluation,0,0,0.408867746591568,0,0.5510123372077942,False,1,0.0,0,"[0.145575, 0.203725, 0.249316, 0.213145, 0.18824]"
Actor,client,99,3478,1,M0,attack_nonmember,evaluation,0,0,0.39217624068260193,0,0.5510123372077942,False,0,,0,"[0.15914, 0.267887, 0.279691, 0.182516, 0.110766]"
Actor,client,99,3481,1,M0,attack_nonmember,evaluation,3,0,0.5572335720062256,1,0.5564348697662354,False,3,0.6666666666666666,0,"[0.096648, 0.065362, 0.117236, 0.331305, 0.38945]"
Actor,client,99,3534,1,M0,attack_nonmember,evaluation,4,0,0.5477223992347717,0,0.6842027902603149,False,1,0.0,1,"[0.120034, 0.165562, 0.142236, 0.272318, 0.299849]"
Actor,client,99,3794,1,M0,attack_nonmember,evaluation,3,0,0.3859180510044098,0,0.5564348697662354,False,4,0.75,0,"[0.137585, 0.222368, 0.217141, 0.195961, 0.226945]"
Actor,client,99,3870,1,M0,attack_nonmember,evaluation,4,0,0.4519971013069153,0,0.6842027902603149,False,0,,0,"[0.072081, 0.154811, 0.152742, 0.343714, 0.276651]"
Actor,client,99,3896,1,M0,attack_nonmember,evaluation,4,0,0.27954405546188354,0,0.6842027902603149,False,6,0.3333333333333333,0,"[0.113729, 0.251178, 0.21337, 0.277974, 0.143748]"
Actor,client,99,3934,1,M0,attack_nonmember,evaluation,4,0,0.18510720133781433,0,0.6842027902603149,False,0,,0,"[0.103642, 0.352456, 0.154294, 0.293998, 0.09561]"
Actor,client,99,4060,1,M0,attack_nonmember,evaluation,1,0,0.3436374366283417,0,0.5864935517311096,False,0,,0,"[0.05317, 0.123207, 0.19344, 0.536489, 0.093693]"
Actor,client,99,4098,1,M0,attack_nonmember,evaluation,2,0,0.4456357955932617,0,0.6948522925376892,False,3,0.0,0,"[0.146394, 0.181518, 0.221221, 0.221279, 0.229588]"
Actor,client,99,4115,1,M0,attack_nonmember,evaluation,2,0,0.4953765571117401,0,0.6948522925376892,False,2,0.0,0,"[0.097607, 0.231559, 0.232621, 0.181186, 0.257028]"
Actor,client,99,4156,1,M0,attack_nonmember,evaluation,3,0,0.4775158166885376,0,0.5564348697662354,False,0,,1,"[0.123181, 0.14653, 0.235899, 0.257573, 0.236817]"
Actor,client,99,4242,1,M0,attack_nonmember,evaluation,0,0,0.4788355529308319,0,0.5510123372077942,False,1,0.0,0,"[0.15123, 0.109018, 0.306804, 0.24148, 0.191467]"
Actor,client,99,4409,1,M0,attack_nonmember,evaluation,3,0,0.3633855879306793,0,0.5564348697662354,False,3,0.0,0,"[0.100196, 0.145996, 0.348839, 0.166721, 0.238247]"
Actor,client,99,4549,1,M0,attack_nonmember,evaluation,2,0,0.49877744913101196,0,0.6948522925376892,False,4,0.25,0,"[0.079963, 0.186085, 0.245226, 0.242767, 0.245959]"
Actor,client,99,4571,1,M0,attack_nonmember,evaluation,0,0,0.35056108236312866,0,0.5510123372077942,False,5,0.0,0,"[0.121922, 0.217864, 0.215966, 0.213533, 0.230715]"
Actor,client,99,4588,1,M0,attack_nonmember,evaluation,4,0,0.513759434223175,0,0.6842027902603149,False,1,0.0,1,"[0.2005, 0.111711, 0.224263, 0.21765, 0.245876]"
Actor,client,99,4660,1,M0,attack_nonmember,evaluation,4,0,0.4029290974140167,0,0.6842027902603149,False,0,,0,"[0.133349, 0.358961, 0.119766, 0.21193, 0.175995]"
Actor,client,99,4671,1,M0,attack_nonmember,evaluation,0,0,0.5060831308364868,0,0.5510123372077942,False,1,0.0,0,"[0.17262, 0.175607, 0.208339, 0.18581, 0.257624]"
Actor,client,99,4773,1,M0,attack_nonmember,evaluation,4,0,0.46544691920280457,0,0.6842027902603149,False,2,0.5,0,"[0.150358, 0.194648, 0.235506, 0.213622, 0.205867]"
Actor,client,99,4785,1,M0,attack_nonmember,evaluation,3,0,0.4710845649242401,0,0.5564348697662354,False,10,0.6,0,"[0.130838, 0.165479, 0.176939, 0.260039, 0.266704]"
Actor,client,99,4811,1,M0,attack_nonmember,evaluation,2,0,0.5835714340209961,0,0.6948522925376892,False,0,,0,"[0.136485, 0.32092, 0.262401, 0.082348, 0.197846]"
Actor,client,99,5015,1,M0,attack_nonmember,evaluation,1,0,0.6277807354927063,1,0.5864935517311096,False,2,0.0,1,"[0.148535, 0.263932, 0.212092, 0.186867, 0.188574]"
Actor,client,99,5017,1,M0,attack_nonmember,evaluation,3,0,0.5635515451431274,1,0.5564348697662354,False,1,0.0,1,"[0.101553, 0.156931, 0.178305, 0.336001, 0.22721]"
Actor,client,99,5072,1,M0,attack_nonmember,evaluation,2,0,0.5151987075805664,0,0.6948522925376892,False,1,0.0,0,"[0.095627, 0.297066, 0.253339, 0.230529, 0.12344]"
Actor,client,99,5108,1,M0,attack_nonmember,evaluation,4,0,0.5039462447166443,0,0.6842027902603149,False,2,0.5,0,"[0.115368, 0.231772, 0.157816, 0.24769, 0.247354]"
Actor,client,99,5345,1,M0,attack_nonmember,evaluation,1,0,0.20661571621894836,0,0.5864935517311096,False,0,,0,"[0.102832, 0.063805, 0.229242, 0.373464, 0.230658]"
Actor,client,99,5465,1,M0,attack_nonmember,evaluation,4,0,0.41481921076774597,0,0.6842027902603149,False,1,0.0,0,"[0.187649, 0.15839, 0.20313, 0.25223, 0.198601]"
Actor,client,99,5540,1,M0,attack_nonmember,evaluation,3,0,0.5372682213783264,0,0.5564348697662354,False,1,1.0,1,"[0.0878, 0.170191, 0.165685, 0.32454, 0.251783]"
Actor,client,99,5623,1,M0,attack_nonmember,evaluation,2,0,0.351718932390213,0,0.6948522925376892,False,5,0.0,0,"[0.154877, 0.170855, 0.175113, 0.235282, 0.263873]"
Actor,client,99,5661,1,M0,attack_nonmember,evaluation,0,0,0.41366925835609436,0,0.5510123372077942,False,0,,0,"[0.169664, 0.277382, 0.261283, 0.178894, 0.112777]"
Actor,client,99,5669,1,M0,attack_nonmember,evaluation,2,0,0.831264853477478,1,0.6948522925376892,False,0,,1,"[0.117491, 0.185365, 0.441934, 0.149853, 0.105357]"
Actor,client,99,5688,1,M0,attack_nonmember,evaluation,2,0,0.4379649758338928,0,0.6948522925376892,False,3,0.3333333333333333,0,"[0.044217, 0.186637, 0.229961, 0.336805, 0.20238]"
Actor,client,99,5727,1,M0,attack_nonmember,evaluation,2,0,0.4531557261943817,0,0.6948522925376892,False,0,,0,"[0.174795, 0.227094, 0.232167, 0.238147, 0.127797]"
Actor,client,99,5853,1,M0,attack_nonmember,evaluation,1,0,0.48598983883857727,0,0.5864935517311096,False,3,0.3333333333333333,0,"[0.144962, 0.201873, 0.206943, 0.222398, 0.223823]"
Actor,client,99,5953,1,M0,attack_nonmember,evaluation,3,0,0.38382261991500854,0,0.5564348697662354,False,1,0.0,0,"[0.176299, 0.241757, 0.258121, 0.17765, 0.146174]"
Actor,client,99,5977,1,M0,attack_nonmember,evaluation,4,0,0.40939587354660034,0,0.6842027902603149,False,1,0.0,0,"[0.098956, 0.221374, 0.206296, 0.267041, 0.206334]"
Actor,client,99,6043,1,M0,attack_nonmember,evaluation,4,0,0.4286046326160431,0,0.6842027902603149,False,11,0.18181818181818182,0,"[0.076962, 0.174552, 0.249837, 0.276058, 0.222591]"
Actor,client,99,6098,1,M0,attack_nonmember,evaluation,3,0,0.47559022903442383,0,0.5564348697662354,False,2,0.5,0,"[0.189013, 0.144756, 0.129946, 0.247329, 0.288955]"
Actor,client,99,6135,1,M0,attack_nonmember,evaluation,4,0,0.5360851883888245,0,0.6842027902603149,False,4,0.25,1,"[0.123802, 0.165622, 0.224301, 0.22616, 0.260115]"
Actor,client,99,6138,1,M0,attack_nonmember,evaluation,4,0,0.45947661995887756,0,0.6842027902603149,False,1,0.0,0,"[0.113516, 0.172801, 0.221638, 0.261004, 0.23104]"
Actor,client,99,6170,1,M0,attack_nonmember,evaluation,1,0,0.5503859519958496,0,0.5864935517311096,False,3,0.0,1,"[0.197886, 0.221068, 0.21617, 0.171559, 0.193317]"
Actor,client,99,6260,1,M0,attack_nonmember,evaluation,1,0,0.3734702169895172,0,0.5864935517311096,False,9,0.1111111111111111,0,"[0.097736, 0.170235, 0.237296, 0.210886, 0.283847]"
Actor,client,99,6333,1,M0,attack_nonmember,evaluation,4,0,0.2932341992855072,0,0.6842027902603149,False,4,0.0,0,"[0.131485, 0.151013, 0.143931, 0.375961, 0.19761]"
Actor,client,99,6476,1,M0,attack_nonmember,evaluation,4,0,0.5490972995758057,0,0.6842027902603149,False,3,0.0,1,"[0.15291, 0.163559, 0.21107, 0.211505, 0.260955]"
Actor,client,99,6501,1,M0,attack_nonmember,evaluation,4,0,0.6001381874084473,0,0.6842027902603149,False,1,0.0,1,"[0.072765, 0.089042, 0.277003, 0.22691, 0.334279]"
Actor,client,99,6596,1,M0,attack_nonmember,evaluation,4,0,0.5617712140083313,0,0.6842027902603149,False,7,0.14285714285714285,0,"[0.045268, 0.280658, 0.169671, 0.232276, 0.272126]"
Actor,client,99,6759,1,M0,attack_nonmember,evaluation,0,0,0.3950077295303345,0,0.5510123372077942,False,9,0.4444444444444444,0,"[0.134455, 0.193474, 0.199623, 0.25035, 0.222098]"
Actor,client,99,6781,1,M0,attack_nonmember,evaluation,3,0,0.8811619281768799,1,0.5564348697662354,False,0,,1,"[0.042274, 0.023648, 0.057221, 0.715186, 0.161671]"
Actor,client,99,6835,1,M0,attack_nonmember,evaluation,1,0,0.4935998320579529,0,0.5864935517311096,False,3,0.3333333333333333,0,"[0.159092, 0.205279, 0.218533, 0.194447, 0.222648]"
Actor,client,99,6861,1,M0,attack_nonmember,evaluation,4,0,0.3906402587890625,0,0.6842027902603149,False,1,0.0,0,"[0.149533, 0.211777, 0.155187, 0.281365, 0.202138]"
Actor,client,99,6863,1,M0,attack_nonmember,evaluation,4,0,0.36662769317626953,0,0.6842027902603149,False,1,1.0,0,"[0.130687, 0.265053, 0.18175, 0.248486, 0.174024]"
Actor,client,99,6891,1,M0,attack_nonmember,evaluation,2,0,0.43652158975601196,0,0.6948522925376892,False,9,0.2222222222222222,0,"[0.108202, 0.268394, 0.211121, 0.215632, 0.196651]"
Actor,client,99,7035,1,M0,attack_nonmember,evaluation,1,0,0.35796743631362915,0,0.5864935517311096,False,2,0.5,0,"[0.137235, 0.15615, 0.307838, 0.197231, 0.201546]"
Actor,client,99,7143,1,M0,attack_nonmember,evaluation,3,0,0.5030949115753174,0,0.5564348697662354,False,5,0.4,0,"[0.079523, 0.124465, 0.106757, 0.305626, 0.383629]"
Actor,client,99,7162,1,M0,attack_nonmember,evaluation,4,0,0.5943467617034912,0,0.6842027902603149,False,2,0.0,1,"[0.113509, 0.119371, 0.139721, 0.269253, 0.358146]"
Actor,client,99,7168,1,M0,attack_nonmember,evaluation,4,0,0.6780762672424316,0,0.6842027902603149,False,1,0.0,0,"[0.079536, 0.18688, 0.343984, 0.099384, 0.290216]"
Actor,client,99,7180,1,M0,attack_nonmember,evaluation,3,0,0.4315246045589447,0,0.5564348697662354,False,2,1.0,0,"[0.153158, 0.189953, 0.186733, 0.225029, 0.245127]"
Actor,client,99,7256,1,M0,attack_nonmember,evaluation,3,0,0.4569051265716553,0,0.5564348697662354,False,5,0.2,0,"[0.147467, 0.173836, 0.155273, 0.247847, 0.275577]"
Actor,client,99,7275,1,M0,attack_nonmember,evaluation,4,0,0.46769723296165466,0,0.6842027902603149,False,2,0.0,0,"[0.145172, 0.178621, 0.197781, 0.249777, 0.228649]"
Actor,client,99,7311,1,M0,attack_nonmember,evaluation,3,0,0.44616782665252686,0,0.5564348697662354,False,3,0.3333333333333333,0,"[0.115245, 0.177621, 0.196613, 0.24612, 0.264401]"
Actor,client,99,7359,1,M0,attack_nonmember,evaluation,2,0,0.3559548258781433,0,0.6948522925376892,False,1,0.0,0,"[0.049022, 0.331276, 0.162361, 0.220533, 0.236807]"
Actor,client,99,7525,1,M0,attack_nonmember,evaluation,4,0,0.6567279100418091,0,0.6842027902603149,False,0,,1,"[0.192005, 0.042145, 0.13393, 0.158817, 0.473103]"
Actor,client,99,7544,1,M0,attack_nonmember,evaluation,4,0,0.7067359685897827,1,0.6842027902603149,False,0,,1,"[0.151646, 0.143874, 0.191251, 0.119042, 0.394186]"
Actor,client,99,7581,1,M0,attack_nonmember,evaluation,4,0,0.6841975450515747,0,0.6842027902603149,False,3,0.3333333333333333,1,"[0.111511, 0.191161, 0.19282, 0.156213, 0.348295]"
Actor,client,99,19,2,M0,attack_nonmember,evaluation,4,0,0.6952341198921204,1,0.6842027902603149,False,1,0.0,1,"[0.105065, 0.109896, 0.089394, 0.18558, 0.510065]"
Actor,client,99,253,2,M0,attack_nonmember,evaluation,3,0,0.3231014609336853,0,0.5564348697662354,False,1,0.0,0,"[0.173367, 0.187297, 0.235953, 0.128367, 0.275016]"
Actor,client,99,316,2,M0,attack_nonmember,evaluation,4,0,0.5106987357139587,0,0.6842027902603149,False,1,0.0,1,"[0.103366, 0.158829, 0.209493, 0.262525, 0.265787]"
Actor,client,99,378,2,M0,attack_nonmember,evaluation,2,0,0.5145202875137329,0,0.6948522925376892,False,1,0.0,1,"[0.161906, 0.16349, 0.258355, 0.221811, 0.194438]"
Actor,client,99,527,2,M0,attack_nonmember,evaluation,2,0,0.4730411767959595,0,0.6948522925376892,False,1,1.0,1,"[0.19709, 0.218405, 0.230176, 0.168551, 0.185778]"
Actor,client,99,537,2,M0,attack_nonmember,evaluation,1,0,0.47464847564697266,0,0.5864935517311096,False,1,0.0,0,"[0.147907, 0.198681, 0.224663, 0.208843, 0.219906]"
Actor,client,99,590,2,M0,attack_nonmember,evaluation,2,0,0.458013117313385,0,0.6948522925376892,False,1,0.0,0,"[0.098965, 0.18599, 0.241446, 0.31239, 0.161209]"
Actor,client,99,620,2,M0,attack_nonmember,evaluation,2,0,0.5016530156135559,0,0.6948522925376892,False,2,0.0,0,"[0.146247, 0.266664, 0.234156, 0.145688, 0.207245]"
Actor,client,99,696,2,M0,attack_nonmember,evaluation,4,0,0.44040146470069885,0,0.6842027902603149,False,2,0.0,0,"[0.090124, 0.18874, 0.204575, 0.283635, 0.232927]"
Actor,client,99,1075,2,M0,attack_nonmember,evaluation,4,0,0.5116336941719055,0,0.6842027902603149,False,1,0.0,0,"[0.159622, 0.217686, 0.232595, 0.178621, 0.211476]"
Actor,client,99,1121,2,M0,attack_nonmember,evaluation,0,0,0.413256973028183,0,0.5510123372077942,False,1,0.0,0,"[0.144211, 0.197629, 0.235085, 0.208468, 0.214606]"
Actor,client,99,1441,2,M0,attack_nonmember,evaluation,3,0,0.41989389061927795,0,0.5564348697662354,False,1,1.0,0,"[0.143197, 0.205888, 0.226091, 0.216427, 0.208398]"
Actor,client,99,1596,2,M0,attack_nonmember,evaluation,1,0,0.534144937992096,0,0.5864935517311096,False,1,0.0,0,"[0.147362, 0.216673, 0.192232, 0.248094, 0.195639]"
Actor,client,99,1948,2,M0,attack_nonmember,evaluation,4,0,0.48469454050064087,0,0.6842027902603149,False,1,0.0,0,"[0.13684, 0.235031, 0.198209, 0.213734, 0.216186]"
Actor,client,99,1957,2,M0,attack_nonmember,evaluation,3,0,0.3736124038696289,0,0.5564348697662354,False,1,1.0,0,"[0.161596, 0.20559, 0.264366, 0.170479, 0.197969]"
Actor,client,99,1978,2,M0,attack_nonmember,evaluation,1,0,0.5627925992012024,0,0.5864935517311096,False,1,0.0,0,"[0.119437, 0.235361, 0.183283, 0.248663, 0.213256]"
Actor,client,99,2143,2,M0,attack_nonmember,evaluation,1,0,0.3468945622444153,0,0.5864935517311096,False,2,0.0,0,"[0.13713, 0.143782, 0.188891, 0.241279, 0.288918]"
Actor,client,99,2224,2,M0,attack_nonmember,evaluation,1,0,0.4699907898902893,0,0.5864935517311096,False,0,,0,"[0.17131, 0.202721, 0.222177, 0.123794, 0.279998]"
Actor,client,99,2334,2,M0,attack_nonmember,evaluation,2,0,0.3738706111907959,0,0.6948522925376892,False,0,,0,"[0.076679, 0.298603, 0.186764, 0.274298, 0.163656]"
Actor,client,99,2351,2,M0,attack_nonmember,evaluation,3,0,0.4275999069213867,0,0.5564348697662354,False,2,0.5,0,"[0.160573, 0.177835, 0.226096, 0.213205, 0.222291]"
Actor,client,99,2506,2,M0,attack_nonmember,evaluation,4,0,0.6748406291007996,0,0.6842027902603149,False,1,0.0,1,"[0.106291, 0.133426, 0.225233, 0.163848, 0.371202]"
Actor,client,99,2745,2,M0,attack_nonmember,evaluation,3,0,0.3937031924724579,0,0.5564348697662354,False,1,1.0,0,"[0.200418, 0.179932, 0.231687, 0.173963, 0.214]"
Actor,client,99,2898,2,M0,attack_nonmember,evaluation,2,0,0.4596371352672577,0,0.6948522925376892,False,1,0.0,1,"[0.151845, 0.209495, 0.224397, 0.198909, 0.215353]"
Actor,client,99,2907,2,M0,attack_nonmember,evaluation,3,0,0.44846439361572266,0,0.5564348697662354,False,1,1.0,0,"[0.173533, 0.178052, 0.228573, 0.223583, 0.196259]"
Actor,client,99,3041,2,M0,attack_nonmember,evaluation,3,0,0.39143040776252747,0,0.5564348697662354,False,1,1.0,0,"[0.186047, 0.212042, 0.220306, 0.181967, 0.199637]"
Actor,client,99,3272,2,M0,attack_nonmember,evaluation,2,0,0.5237400531768799,0,0.6948522925376892,False,2,0.0,1,"[0.117878, 0.165076, 0.256282, 0.214334, 0.24643]"
Actor,client,99,3504,2,M0,attack_nonmember,evaluation,3,0,0.4059436023235321,0,0.5564348697662354,False,2,0.5,0,"[0.404873, 0.17438, 0.078075, 0.132251, 0.210421]"
Actor,client,99,3517,2,M0,attack_nonmember,evaluation,0,0,0.5229455828666687,0,0.5510123372077942,False,1,0.0,0,"[0.185548, 0.188256, 0.24281, 0.173856, 0.209531]"
Actor,client,99,3560,2,M0,attack_nonmember,evaluation,4,0,0.5343310236930847,0,0.6842027902603149,False,2,0.0,1,"[0.071544, 0.170496, 0.165183, 0.292246, 0.300532]"
Actor,client,99,3637,2,M0,attack_nonmember,evaluation,4,0,0.5684940218925476,0,0.6842027902603149,False,1,0.0,1,"[0.097314, 0.168969, 0.202624, 0.238648, 0.292445]"
Actor,client,99,3650,2,M0,attack_nonmember,evaluation,4,0,0.5636544227600098,0,0.6842027902603149,False,1,0.0,1,"[0.057277, 0.041745, 0.21034, 0.309913, 0.380725]"
Actor,client,99,3805,2,M0,attack_nonmember,evaluation,2,0,0.33120882511138916,0,0.6948522925376892,False,1,0.0,0,"[0.114141, 0.175178, 0.166755, 0.272696, 0.27123]"
Actor,client,99,3817,2,M0,attack_nonmember,evaluation,0,0,0.5444695949554443,0,0.5510123372077942,False,1,0.0,0,"[0.196, 0.199245, 0.192888, 0.215249, 0.196618]"
Actor,client,99,3931,2,M0,attack_nonmember,evaluation,2,0,0.3284897208213806,0,0.6948522925376892,False,2,0.0,0,"[0.090467, 0.122254, 0.12806, 0.113326, 0.545893]"
Actor,client,99,4320,2,M0,attack_nonmember,evaluation,1,0,0.4967193603515625,0,0.5864935517311096,False,1,0.0,0,"[0.127691, 0.207389, 0.22105, 0.246503, 0.197367]"
Actor,client,99,4340,2,M0,attack_nonmember,evaluation,3,0,0.3989998400211334,0,0.5564348697662354,False,3,0.3333333333333333,0,"[0.108992, 0.244458, 0.173767, 0.223553, 0.249229]"
Actor,client,99,4625,2,M0,attack_nonmember,evaluation,3,0,0.3728127181529999,0,0.5564348697662354,False,1,1.0,0,"[0.198726, 0.198549, 0.230868, 0.160749, 0.211109]"
Actor,client,99,4663,2,M0,attack_nonmember,evaluation,4,0,0.48764342069625854,0,0.6842027902603149,False,2,0.0,0,"[0.220941, 0.206774, 0.216209, 0.166425, 0.18965]"
Actor,client,99,4875,2,M0,attack_nonmember,evaluation,2,0,0.39476919174194336,0,0.6948522925376892,False,1,0.0,0,"[0.180946, 0.186727, 0.200175, 0.228463, 0.203689]"
Actor,client,99,4876,2,M0,attack_nonmember,evaluation,1,0,0.671458899974823,1,0.5864935517311096,False,0,,1,"[0.204686, 0.269485, 0.250098, 0.182941, 0.09279]"
Actor,client,99,4935,2,M0,attack_nonmember,evaluation,1,0,0.44182270765304565,0,0.5864935517311096,False,1,0.0,0,"[0.099809, 0.185022, 0.195458, 0.299394, 0.220316]"
Actor,client,99,5287,2,M0,attack_nonmember,evaluation,3,0,0.43498265743255615,0,0.5564348697662354,False,1,1.0,0,"[0.138968, 0.188866, 0.25954, 0.222763, 0.189863]"
Actor,client,99,5461,2,M0,attack_nonmember,evaluation,2,0,0.46242305636405945,0,0.6948522925376892,False,3,0.3333333333333333,0,"[0.100412, 0.106366, 0.233102, 0.263018, 0.297102]"
Actor,client,99,5706,2,M0,attack_nonmember,evaluation,4,0,0.39445552229881287,0,0.6842027902603149,False,2,0.0,0,"[0.130589, 0.183153, 0.260837, 0.242006, 0.183414]"
Actor,client,99,5755,2,M0,attack_nonmember,evaluation,4,0,0.5519615411758423,0,0.6842027902603149,False,1,0.0,1,"[0.168878, 0.181486, 0.235698, 0.175878, 0.23806]"
Actor,client,99,5923,2,M0,attack_nonmember,evaluation,3,0,0.48997771739959717,0,0.5564348697662354,False,1,1.0,0,"[0.108479, 0.152906, 0.151571, 0.283321, 0.303724]"
Actor,client,99,6089,2,M0,attack_nonmember,evaluation,3,0,0.4773499071598053,0,0.5564348697662354,False,1,1.0,1,"[0.102726, 0.187049, 0.216526, 0.271248, 0.222451]"
Actor,client,99,6128,2,M0,attack_nonmember,evaluation,3,0,0.42196106910705566,0,0.5564348697662354,False,1,1.0,0,"[0.091193, 0.204773, 0.229461, 0.23527, 0.239303]"
Actor,client,99,6252,2,M0,attack_nonmember,evaluation,2,0,0.46113672852516174,0,0.6948522925376892,False,1,0.0,0,"[0.142458, 0.189128, 0.2324, 0.238393, 0.197621]"
Actor,client,99,6351,2,M0,attack_nonmember,evaluation,4,0,0.6614407300949097,0,0.6842027902603149,False,1,0.0,1,"[0.111129, 0.191079, 0.13419, 0.204099, 0.359504]"
Actor,client,99,6403,2,M0,attack_nonmember,evaluation,1,0,0.4742959141731262,0,0.5864935517311096,False,1,0.0,0,"[0.133494, 0.202445, 0.234247, 0.208439, 0.221375]"
Actor,client,99,6488,2,M0,attack_nonmember,evaluation,1,0,0.41981783509254456,0,0.5864935517311096,False,1,0.0,0,"[0.102507, 0.177359, 0.200397, 0.285891, 0.233845]"
Actor,client,99,6633,2,M0,attack_nonmember,evaluation,1,0,0.38999107480049133,0,0.5864935517311096,False,2,0.0,0,"[0.179077, 0.159164, 0.27845, 0.19287, 0.190439]"
Actor,client,99,6645,2,M0,attack_nonmember,evaluation,2,0,0.4368685781955719,0,0.6948522925376892,False,1,0.0,0,"[0.221204, 0.211322, 0.20948, 0.145795, 0.2122]"
Actor,client,99,6778,2,M0,attack_nonmember,evaluation,1,0,0.5547983050346375,0,0.5864935517311096,False,1,0.0,1,"[0.184238, 0.225147, 0.20482, 0.179786, 0.206009]"
Actor,client,99,6894,2,M0,attack_nonmember,evaluation,1,0,0.46642443537712097,0,0.5864935517311096,False,1,0.0,0,"[0.146819, 0.19786, 0.212869, 0.192533, 0.249919]"
Actor,client,99,42,3,M0,attack_nonmember,evaluation,3,0,0.5801007747650146,1,0.5564348697662354,False,0,,1,"[0.103347, 0.119695, 0.262642, 0.332608, 0.181708]"
Actor,client,99,74,3,M0,attack_nonmember,evaluation,3,0,0.4340933561325073,0,0.5564348697662354,False,2,0.0,0,"[0.17632, 0.192434, 0.238834, 0.212345, 0.180066]"
Actor,client,99,137,3,M0,attack_nonmember,evaluation,1,0,0.6726952791213989,1,0.5864935517311096,False,2,0.0,1,"[0.162715, 0.271057, 0.07512, 0.244397, 0.246712]"
Actor,client,99,182,3,M0,attack_nonmember,evaluation,2,0,0.22680039703845978,0,0.6948522925376892,False,3,0.6666666666666666,0,"[0.076816, 0.104604, 0.07791, 0.19514, 0.545529]"
Actor,client,99,276,3,M0,attack_nonmember,evaluation,4,0,0.7098453044891357,1,0.6842027902603149,False,0,,1,"[0.079094, 0.018557, 0.063918, 0.062674, 0.775756]"
Actor,client,99,403,3,M0,attack_nonmember,evaluation,2,0,0.4838545620441437,0,0.6948522925376892,False,1,0.0,0,"[0.200884, 0.15663, 0.224442, 0.114996, 0.303048]"
Actor,client,99,520,3,M0,attack_nonmember,evaluation,4,0,0.20012246072292328,0,0.6842027902603149,False,6,0.16666666666666666,0,"[0.121775, 0.173687, 0.184961, 0.378091, 0.141486]"
Actor,client,99,555,3,M0,attack_nonmember,evaluation,2,0,0.3615894615650177,0,0.6948522925376892,False,1,0.0,0,"[0.101553, 0.111534, 0.210138, 0.404106, 0.172669]"
Actor,client,99,558,3,M0,attack_nonmember,evaluation,2,0,0.2575134336948395,0,0.6948522925376892,False,0,,0,"[0.071473, 0.076456, 0.113421, 0.262028, 0.476622]"
Actor,client,99,859,3,M0,attack_nonmember,evaluation,4,0,0.5167200565338135,0,0.6842027902603149,False,1,1.0,1,"[0.066925, 0.216175, 0.211289, 0.248553, 0.257058]"
Actor,client,99,867,3,M0,attack_nonmember,evaluation,2,0,0.28496676683425903,0,0.6948522925376892,False,2,0.5,0,"[0.047555, 0.189661, 0.148539, 0.353755, 0.260491]"
Actor,client,99,925,3,M0,attack_nonmember,evaluation,1,0,0.2976519465446472,0,0.5864935517311096,False,3,0.0,0,"[0.126633, 0.115453, 0.184037, 0.302921, 0.270956]"
Actor,client,99,1002,3,M0,attack_nonmember,evaluation,4,0,0.28138336539268494,0,0.6842027902603149,False,0,,0,"[0.107814, 0.043854, 0.119819, 0.483026, 0.245488]"
Actor,client,99,1023,3,M0,attack_nonmember,evaluation,1,0,0.41632476449012756,0,0.5864935517311096,False,0,,0,"[0.220119, 0.165287, 0.234922, 0.146635, 0.233036]"
Actor,client,99,1209,3,M0,attack_nonmember,evaluation,0,0,0.4358478784561157,0,0.5510123372077942,False,1,0.0,0,"[0.151492, 0.192598, 0.221658, 0.216448, 0.217804]"
Actor,client,99,1221,3,M0,attack_nonmember,evaluation,2,0,0.34970560669898987,0,0.6948522925376892,False,1,0.0,0,"[0.272507, 0.164787, 0.17623, 0.182172, 0.204304]"
Actor,client,99,1247,3,M0,attack_nonmember,evaluation,4,0,0.5270270705223083,0,0.6842027902603149,False,0,,0,"[0.030847, 0.135625, 0.148808, 0.347778, 0.336942]"
Actor,client,99,1285,3,M0,attack_nonmember,evaluation,3,0,0.4172130525112152,0,0.5564348697662354,False,2,0.5,0,"[0.144971, 0.216654, 0.143825, 0.225765, 0.268785]"
Actor,client,99,1309,3,M0,attack_nonmember,evaluation,4,0,0.21124066412448883,0,0.6842027902603149,False,4,0.25,0,"[0.153344, 0.196064, 0.060674, 0.420231, 0.169687]"
Actor,client,99,1321,3,M0,attack_nonmember,evaluation,1,0,0.5002658367156982,0,0.5864935517311096,False,2,0.0,0,"[0.177169, 0.195854, 0.161752, 0.242666, 0.22256]"
Actor,client,99,1406,3,M0,attack_nonmember,evaluation,2,0,0.41720807552337646,0,0.6948522925376892,False,1,0.0,0,"[0.122029, 0.119399, 0.206869, 0.237398, 0.314305]"
Actor,client,99,1418,3,M0,attack_nonmember,evaluation,3,0,0.5283946394920349,0,0.5564348697662354,False,1,1.0,1,"[0.189838, 0.190287, 0.187912, 0.28228, 0.149683]"
Actor,client,99,1421,3,M0,attack_nonmember,evaluation,3,0,0.3932088017463684,0,0.5564348697662354,False,2,0.0,0,"[0.180313, 0.20492, 0.153025, 0.193351, 0.268391]"
Actor,client,99,1437,3,M0,attack_nonmember,evaluation,4,0,0.5732731223106384,0,0.6842027902603149,False,2,0.0,1,"[0.117804, 0.092057, 0.208865, 0.25304, 0.328234]"
Actor,client,99,1473,3,M0,attack_nonmember,evaluation,2,0,0.5483458042144775,0,0.6948522925376892,False,1,0.0,1,"[0.142132, 0.224413, 0.260949, 0.161892, 0.210615]"
Actor,client,99,1549,3,M0,attack_nonmember,evaluation,1,0,0.6057040095329285,1,0.5864935517311096,False,3,0.3333333333333333,1,"[0.185083, 0.244341, 0.183986, 0.189357, 0.197234]"
Actor,client,99,1656,3,M0,attack_nonmember,evaluation,3,0,0.45317503809928894,0,0.5564348697662354,False,0,,0,"[0.112717, 0.146671, 0.329791, 0.231489, 0.179332]"
Actor,client,99,1658,3,M0,attack_nonmember,evaluation,3,0,0.3756835162639618,0,0.5564348697662354,False,0,,0,"[0.199488, 0.184337, 0.278669, 0.15499, 0.182516]"
Actor,client,99,1731,3,M0,attack_nonmember,evaluation,4,0,0.507175624370575,0,0.6842027902603149,False,2,0.0,1,"[0.145832, 0.192181, 0.199195, 0.225105, 0.237688]"
Actor,client,99,1734,3,M0,attack_nonmember,evaluation,2,0,0.7598989009857178,1,0.6948522925376892,False,2,0.5,1,"[0.070055, 0.282291, 0.37619, 0.150352, 0.121112]"
Actor,client,99,1804,3,M0,attack_nonmember,evaluation,1,0,0.3066634237766266,0,0.5864935517311096,False,0,,0,"[0.054072, 0.138324, 0.225133, 0.306851, 0.27562]"
Actor,client,99,2026,3,M0,attack_nonmember,evaluation,2,0,0.4018050730228424,0,0.6948522925376892,False,1,0.0,0,"[0.167169, 0.253605, 0.197755, 0.206229, 0.175243]"
Actor,client,99,2088,3,M0,attack_nonmember,evaluation,3,0,0.4677540957927704,0,0.5564348697662354,False,11,0.18181818181818182,0,"[0.128988, 0.279188, 0.123269, 0.2775, 0.191054]"
Actor,client,99,2183,3,M0,attack_nonmember,evaluation,0,0,0.29170891642570496,0,0.5510123372077942,False,0,,0,"[0.107834, 0.264591, 0.171789, 0.269655, 0.18613]"
Actor,client,99,2336,3,M0,attack_nonmember,evaluation,4,0,0.4044281840324402,0,0.6842027902603149,False,1,0.0,0,"[0.097202, 0.263112, 0.203112, 0.244273, 0.192301]"
Actor,client,99,2373,3,M0,attack_nonmember,evaluation,0,0,0.5952539443969727,1,0.5510123372077942,False,0,,0,"[0.194547, 0.098125, 0.280118, 0.250969, 0.176241]"
Actor,client,99,2378,3,M0,attack_nonmember,evaluation,4,0,0.48143333196640015,0,0.6842027902603149,False,2,0.0,0,"[0.154958, 0.195781, 0.246198, 0.197437, 0.205625]"
Actor,client,99,2453,3,M0,attack_nonmember,evaluation,4,0,0.4286153018474579,0,0.6842027902603149,False,1,0.0,0,"[0.124584, 0.133327, 0.183356, 0.314116, 0.244616]"
Actor,client,99,2502,3,M0,attack_nonmember,evaluation,1,0,0.4069596230983734,0,0.5864935517311096,False,1,0.0,0,"[0.173153, 0.159378, 0.254839, 0.250977, 0.161654]"
Actor,client,99,2535,3,M0,attack_nonmember,evaluation,3,0,0.5354509949684143,0,0.5564348697662354,False,2,0.5,1,"[0.164662, 0.15476, 0.213326, 0.288849, 0.178403]"
Actor,client,99,2540,3,M0,attack_nonmember,evaluation,2,0,0.5231912136077881,0,0.6948522925376892,False,4,0.25,0,"[0.11431, 0.135712, 0.27162, 0.290156, 0.188201]"
Actor,client,99,2562,3,M0,attack_nonmember,evaluation,4,0,0.6872157454490662,1,0.6842027902603149,False,1,1.0,1,"[0.126972, 0.176379, 0.163458, 0.162649, 0.370542]"
Actor,client,99,2599,3,M0,attack_nonmember,evaluation,2,0,0.41899988055229187,0,0.6948522925376892,False,5,0.2,0,"[0.069918, 0.138838, 0.211238, 0.281624, 0.298382]"
Actor,client,99,2797,3,M0,attack_nonmember,evaluation,4,0,0.6062698364257812,0,0.6842027902603149,False,15,0.4,1,"[0.01104, 0.015977, 0.071371, 0.336334, 0.565277]"
Actor,client,99,2824,3,M0,attack_nonmember,evaluation,1,0,0.6555418372154236,1,0.5864935517311096,False,0,,0,"[0.169648, 0.281924, 0.318363, 0.113787, 0.116278]"
Actor,client,99,2892,3,M0,attack_nonmember,evaluation,4,0,0.47689202427864075,0,0.6842027902603149,False,0,,0,"[0.199869, 0.219635, 0.203885, 0.183286, 0.193325]"
Actor,client,99,2927,3,M0,attack_nonmember,evaluation,1,0,0.3293534815311432,0,0.5864935517311096,False,0,,0,"[0.209611, 0.118648, 0.218175, 0.234487, 0.219079]"
Actor,client,99,2963,3,M0,attack_nonmember,evaluation,4,0,0.5805660486221313,0,0.6842027902603149,False,2,0.5,1,"[0.157421, 0.165124, 0.150122, 0.228196, 0.299137]"
Actor,client,99,2982,3,M0,attack_nonmember,evaluation,1,0,0.40763750672340393,0,0.5864935517311096,False,4,0.0,0,"[0.075068, 0.186142, 0.239061, 0.241299, 0.25843]"
Actor,client,99,3027,3,M0,attack_nonmember,evaluation,2,0,0.19787445664405823,0,0.6948522925376892,False,1,0.0,0,"[0.007853, 0.028573, 0.099737, 0.441619, 0.422218]"
Actor,client,99,3104,3,M0,attack_nonmember,evaluation,2,0,0.7030442357063293,1,0.6948522925376892,False,0,,1,"[0.076131, 0.232172, 0.343292, 0.177451, 0.170955]"
Actor,client,99,3120,3,M0,attack_nonmember,evaluation,1,0,0.23873759806156158,0,0.5864935517311096,False,0,,0,"[0.047392, 0.136974, 0.072228, 0.067379, 0.676027]"
Actor,client,99,3136,3,M0,attack_nonmember,evaluation,4,0,0.4102547764778137,0,0.6842027902603149,False,2,0.5,0,"[0.114682, 0.171797, 0.201185, 0.29216, 0.220176]"
Actor,client,99,3138,3,M0,attack_nonmember,evaluation,3,0,0.4720539152622223,0,0.5564348697662354,False,3,0.0,0,"[0.079511, 0.137382, 0.125012, 0.282283, 0.375811]"
Actor,client,99,3145,3,M0,attack_nonmember,evaluation,4,0,0.36098963022232056,0,0.6842027902603149,False,2,0.5,0,"[0.070103, 0.120345, 0.164868, 0.394531, 0.250153]"
Actor,client,99,3293,3,M0,attack_nonmember,evaluation,0,0,0.3796955645084381,0,0.5510123372077942,False,0,,0,"[0.16735, 0.324266, 0.222173, 0.195267, 0.090944]"
Actor,client,99,23,4,M0,attack_nonmember,evaluation,4,0,0.6132141947746277,0,0.6842027902603149,False,1,1.0,1,"[0.132651, 0.120302, 0.160885, 0.233102, 0.35306]"
Actor,client,99,102,4,M0,attack_nonmember,evaluation,3,0,0.4131956696510315,0,0.5564348697662354,False,1,0.0,0,"[0.197334, 0.19123, 0.259214, 0.18703, 0.165192]"
Actor,client,99,342,4,M0,attack_nonmember,evaluation,0,0,0.2898728549480438,0,0.5510123372077942,False,2,0.5,0,"[0.103801, 0.282444, 0.120048, 0.177071, 0.316635]"
Actor,client,99,835,4,M0,attack_nonmember,evaluation,4,0,0.4109452962875366,0,0.6842027902603149,False,1,0.0,0,"[0.189257, 0.163548, 0.242469, 0.224118, 0.180609]"
Actor,client,99,1041,4,M0,attack_nonmember,evaluation,2,0,0.7529836893081665,1,0.6948522925376892,False,1,1.0,1,"[0.139941, 0.130869, 0.385139, 0.182998, 0.161053]"
Actor,client,99,1187,4,M0,attack_nonmember,evaluation,2,0,0.4449414908885956,0,0.6948522925376892,False,1,0.0,0,"[0.107911, 0.163688, 0.230608, 0.288437, 0.209356]"
Actor,client,99,1335,4,M0,attack_nonmember,evaluation,3,0,0.5024100542068481,0,0.5564348697662354,False,1,0.0,1,"[0.138264, 0.22554, 0.18182, 0.285769, 0.168606]"
Actor,client,99,1498,4,M0,attack_nonmember,evaluation,1,0,0.619800329208374,1,0.5864935517311096,False,0,,0,"[0.331119, 0.212404, 0.131291, 0.184005, 0.141181]"
Actor,client,99,1685,4,M0,attack_nonmember,evaluation,1,0,0.3978748619556427,0,0.5864935517311096,False,4,0.25,0,"[0.109998, 0.175858, 0.23607, 0.221114, 0.25696]"
Actor,client,99,1688,4,M0,attack_nonmember,evaluation,2,0,0.5022141337394714,0,0.6948522925376892,False,1,0.0,0,"[0.1303, 0.182033, 0.24317, 0.197238, 0.247259]"
Actor,client,99,1725,4,M0,attack_nonmember,evaluation,3,0,0.4534033238887787,0,0.5564348697662354,False,1,0.0,0,"[0.148118, 0.164238, 0.192829, 0.239153, 0.255662]"
Actor,client,99,1760,4,M0,attack_nonmember,evaluation,1,0,0.5122953057289124,0,0.5864935517311096,False,1,0.0,0,"[0.117044, 0.206527, 0.273901, 0.321357, 0.081171]"
Actor,client,99,1860,4,M0,attack_nonmember,evaluation,0,0,0.4399946928024292,0,0.5510123372077942,False,0,,0,"[0.155041, 0.189788, 0.153102, 0.380055, 0.122014]"
Actor,client,99,1861,4,M0,attack_nonmember,evaluation,2,0,0.43448805809020996,0,0.6948522925376892,False,1,0.0,0,"[0.142588, 0.226936, 0.20962, 0.195235, 0.22562]"
Actor,client,99,2079,4,M0,attack_nonmember,evaluation,3,0,0.3460894525051117,0,0.5564348697662354,False,2,0.0,0,"[0.030671, 0.070863, 0.141457, 0.196509, 0.5605]"
Actor,client,99,2095,4,M0,attack_nonmember,evaluation,1,0,0.4778063893318176,0,0.5864935517311096,False,6,0.0,0,"[0.148698, 0.207459, 0.280364, 0.158009, 0.205471]"
Actor,client,99,2113,4,M0,attack_nonmember,evaluation,0,0,0.3490806221961975,0,0.5510123372077942,False,8,0.0,0,"[0.110904, 0.1816, 0.220387, 0.224551, 0.262558]"
Actor,client,99,2165,4,M0,attack_nonmember,evaluation,3,0,0.22493039071559906,0,0.5564348697662354,False,1,0.0,0,"[0.092117, 0.349177, 0.352824, 0.066006, 0.139876]"
Actor,client,99,2524,4,M0,attack_nonmember,evaluation,2,0,0.3744044601917267,0,0.6948522925376892,False,21,0.3333333333333333,0,"[0.02897, 0.057469, 0.203145, 0.378294, 0.332121]"
Actor,client,99,2727,4,M0,attack_nonmember,evaluation,3,0,0.33557143807411194,0,0.5564348697662354,False,2,0.0,0,"[0.131608, 0.211469, 0.18462, 0.161982, 0.31032]"
Actor,client,99,2833,4,M0,attack_nonmember,evaluation,2,0,0.47673359513282776,0,0.6948522925376892,False,2,0.5,1,"[0.140557, 0.195862, 0.240208, 0.238479, 0.184894]"
Actor,client,99,2954,4,M0,attack_nonmember,evaluation,0,0,0.41439759731292725,0,0.5510123372077942,False,2,0.0,0,"[0.124078, 0.125961, 0.266029, 0.19197, 0.291962]"
Actor,client,99,2990,4,M0,attack_nonmember,evaluation,3,0,0.35808515548706055,0,0.5564348697662354,False,1,0.0,0,"[0.211515, 0.244694, 0.215936, 0.151587, 0.176268]"
Actor,client,99,3004,4,M0,attack_nonmember,evaluation,3,0,0.2481759935617447,0,0.5564348697662354,False,2,0.5,0,"[0.18515, 0.199214, 0.17107, 0.066694, 0.377872]"
Actor,client,99,3040,4,M0,attack_nonmember,evaluation,4,0,0.5653491020202637,0,0.6842027902603149,False,1,1.0,1,"[0.141455, 0.215577, 0.208452, 0.184877, 0.24964]"
Actor,client,99,3124,4,M0,attack_nonmember,evaluation,2,0,0.27968040108680725,0,0.6948522925376892,False,1,0.0,0,"[0.094046, 0.192788, 0.139408, 0.301161, 0.272598]"
Actor,client,99,3553,4,M0,attack_nonmember,evaluation,4,0,0.4817529320716858,0,0.6842027902603149,False,6,0.16666666666666666,0,"[0.12296, 0.227457, 0.187381, 0.235059, 0.227142]"
Actor,client,99,3663,4,M0,attack_nonmember,evaluation,3,0,0.1921807825565338,0,0.5564348697662354,False,0,,0,"[0.017759, 0.07075, 0.089229, 0.059527, 0.762735]"
Actor,client,99,3690,4,M0,attack_nonmember,evaluation,3,0,0.38223832845687866,0,0.5564348697662354,False,2,0.5,0,"[0.156136, 0.203047, 0.246023, 0.181059, 0.213735]"
Actor,client,99,4005,4,M0,attack_nonmember,evaluation,4,0,0.5917084217071533,0,0.6842027902603149,False,1,0.0,1,"[0.127031, 0.232039, 0.141037, 0.214049, 0.285843]"
Actor,client,99,4016,4,M0,attack_nonmember,evaluation,1,0,0.46478554606437683,0,0.5864935517311096,False,3,0.3333333333333333,0,"[0.174894, 0.174935, 0.148789, 0.29442, 0.206963]"
Actor,client,99,4106,4,M0,attack_nonmember,evaluation,4,0,0.3574953079223633,0,0.6842027902603149,False,1,0.0,0,"[0.155509, 0.292563, 0.243398, 0.176492, 0.132038]"
Actor,client,99,4297,4,M0,attack_nonmember,evaluation,1,0,0.27959635853767395,0,0.5864935517311096,False,1,0.0,0,"[0.110255, 0.130647, 0.45571, 0.184902, 0.118485]"
Actor,client,99,4361,4,M0,attack_nonmember,evaluation,4,0,0.5452209711074829,0,0.6842027902603149,False,2,0.5,1,"[0.080629, 0.142401, 0.15001, 0.304123, 0.322837]"
Actor,client,99,4493,4,M0,attack_nonmember,evaluation,0,0,0.28507035970687866,0,0.5510123372077942,False,0,,0,"[0.101715, 0.291198, 0.098484, 0.164186, 0.344418]"
Actor,client,99,4502,4,M0,attack_nonmember,evaluation,1,0,0.5488682389259338,0,0.5864935517311096,False,2,0.0,1,"[0.173851, 0.223182, 0.214927, 0.196549, 0.191491]"
Actor,client,99,4517,4,M0,attack_nonmember,evaluation,1,0,0.2310274988412857,0,0.5864935517311096,False,6,0.16666666666666666,0,"[0.111823, 0.100574, 0.275976, 0.197199, 0.314427]"
Actor,client,99,4664,4,M0,attack_nonmember,evaluation,0,0,0.25529053807258606,0,0.5510123372077942,False,4,0.5,0,"[0.079218, 0.237586, 0.163778, 0.255902, 0.263516]"
Actor,client,99,4799,4,M0,attack_nonmember,evaluation,0,0,0.30591633915901184,0,0.5510123372077942,False,7,0.0,0,"[0.108637, 0.216796, 0.322312, 0.208463, 0.143791]"
Actor,client,99,5101,4,M0,attack_nonmember,evaluation,4,0,0.4416672885417938,0,0.6842027902603149,False,3,0.6666666666666666,0,"[0.079919, 0.09265, 0.105864, 0.407045, 0.314521]"
Actor,client,99,5201,4,M0,attack_nonmember,evaluation,4,0,0.46820133924484253,0,0.6842027902603149,False,0,,0,"[0.066663, 0.151288, 0.129126, 0.356953, 0.29597]"
Actor,client,99,5310,4,M0,attack_nonmember,evaluation,1,0,0.32984790205955505,0,0.5864935517311096,False,1,0.0,0,"[0.128845, 0.135181, 0.265881, 0.271485, 0.198608]"
Actor,client,99,5374,4,M0,attack_nonmember,evaluation,2,0,0.31926238536834717,0,0.6948522925376892,False,5,0.2,0,"[0.150401, 0.163494, 0.15129, 0.213198, 0.321618]"
Actor,client,99,5544,4,M0,attack_nonmember,evaluation,3,0,0.41616290807724,0,0.5564348697662354,False,1,0.0,0,"[0.202331, 0.172766, 0.267386, 0.184537, 0.17298]"
Actor,client,99,5613,4,M0,attack_nonmember,evaluation,3,0,0.39153802394866943,0,0.5564348697662354,False,1,0.0,0,"[0.193211, 0.177493, 0.2176, 0.176417, 0.235279]"
Actor,client,99,5829,4,M0,attack_nonmember,evaluation,0,0,0.4421895742416382,0,0.5510123372077942,False,2,0.0,0,"[0.155907, 0.197227, 0.219706, 0.226379, 0.200782]"
Actor,client,99,5935,4,M0,attack_nonmember,evaluation,2,0,0.6346551775932312,0,0.6948522925376892,False,1,0.0,1,"[0.161283, 0.164462, 0.310914, 0.169953, 0.193388]"
Actor,client,99,6037,4,M0,attack_nonmember,evaluation,1,0,0.3910720944404602,0,0.5864935517311096,False,3,0.6666666666666666,0,"[0.12043, 0.170644, 0.307788, 0.225057, 0.176082]"
Actor,client,99,6173,4,M0,attack_nonmember,evaluation,4,0,0.549612283706665,0,0.6842027902603149,False,1,1.0,1,"[0.131504, 0.141284, 0.150821, 0.270874, 0.305518]"
Actor,client,99,6235,4,M0,attack_nonmember,evaluation,3,0,0.4838412404060364,0,0.5564348697662354,False,1,0.0,1,"[0.140482, 0.203449, 0.19709, 0.267231, 0.191747]"
Actor,client,99,6277,4,M0,attack_nonmember,evaluation,3,0,0.40075573325157166,0,0.5564348697662354,False,1,0.0,0,"[0.110814, 0.053294, 0.046979, 0.221116, 0.567797]"
Actor,client,99,6673,4,M0,attack_nonmember,evaluation,4,0,0.37204620242118835,0,0.6842027902603149,False,2,0.5,0,"[0.097268, 0.201789, 0.283829, 0.243213, 0.173902]"
Actor,client,99,6810,4,M0,attack_nonmember,evaluation,3,0,0.5145919322967529,0,0.5564348697662354,False,0,,1,"[0.036538, 0.225869, 0.132688, 0.336091, 0.268815]"
Actor,client,99,6813,4,M0,attack_nonmember,evaluation,4,0,0.5650263428688049,0,0.6842027902603149,False,2,0.0,0,"[0.102019, 0.127407, 0.324568, 0.185871, 0.260136]"
Actor,client,99,7001,4,M0,attack_nonmember,evaluation,4,0,0.29145944118499756,0,0.6842027902603149,False,3,0.3333333333333333,0,"[0.133282, 0.145541, 0.29296, 0.281167, 0.14705]"
Actor,client,99,7040,4,M0,attack_nonmember,evaluation,2,0,0.6603710651397705,0,0.6948522925376892,False,5,0.6,1,"[0.074102, 0.116274, 0.347154, 0.321384, 0.141086]"
Actor,client,99,89,6,M0,attack_nonmember,evaluation,4,0,0.6852839589118958,1,0.6842027902603149,False,1,1.0,1,"[0.136266, 0.102167, 0.134824, 0.169007, 0.457735]"
Actor,client,99,268,6,M0,attack_nonmember,evaluation,2,0,0.48466652631759644,0,0.6948522925376892,False,1,0.0,0,"[0.090583, 0.24876, 0.231404, 0.204697, 0.224557]"
Actor,client,99,410,6,M0,attack_nonmember,evaluation,3,0,0.4578079879283905,0,0.5564348697662354,False,1,0.0,0,"[0.125246, 0.178794, 0.175051, 0.254044, 0.266864]"
Actor,client,99,443,6,M0,attack_nonmember,evaluation,3,0,0.43891432881355286,0,0.5564348697662354,False,2,0.0,1,"[0.182342, 0.218287, 0.206744, 0.220679, 0.171948]"
Actor,client,99,522,6,M0,attack_nonmember,evaluation,4,0,0.17948251962661743,0,0.6842027902603149,False,2,0.5,0,"[0.058166, 0.164579, 0.070956, 0.510513, 0.195786]"
Actor,client,99,660,6,M0,attack_nonmember,evaluation,4,0,0.4963403344154358,0,0.6842027902603149,False,1,0.0,0,"[0.167289, 0.234042, 0.183649, 0.200499, 0.214521]"
Actor,client,99,879,6,M0,attack_nonmember,evaluation,3,0,0.44887590408325195,0,0.5564348697662354,False,6,0.16666666666666666,0,"[0.096521, 0.194437, 0.252764, 0.248891, 0.207387]"
Actor,client,99,898,6,M0,attack_nonmember,evaluation,4,0,0.37621793150901794,0,0.6842027902603149,False,4,0.25,0,"[0.171333, 0.151616, 0.287983, 0.225943, 0.163124]"
Actor,client,99,937,6,M0,attack_nonmember,evaluation,2,0,0.5035805106163025,0,0.6948522925376892,False,2,0.0,1,"[0.147999, 0.201834, 0.245608, 0.195188, 0.209371]"
Actor,client,99,1040,6,M0,attack_nonmember,evaluation,3,0,0.33080431818962097,0,0.5564348697662354,False,5,0.2,0,"[0.163675, 0.190046, 0.350628, 0.123258, 0.172393]"
Actor,client,99,1327,6,M0,attack_nonmember,evaluation,2,0,0.1326649785041809,0,0.6948522925376892,False,1,0.0,0,"[0.004733, 0.085021, 0.035279, 0.43958, 0.435386]"
Actor,client,99,1457,6,M0,attack_nonmember,evaluation,1,0,0.5836436152458191,0,0.5864935517311096,False,1,0.0,1,"[0.200285, 0.229249, 0.199385, 0.203866, 0.167215]"
Actor,client,99,1733,6,M0,attack_nonmember,evaluation,2,0,0.7317439913749695,1,0.6948522925376892,False,0,,1,"[0.158935, 0.175556, 0.371481, 0.175288, 0.11874]"
Actor,client,99,1770,6,M0,attack_nonmember,evaluation,1,0,0.5176904797554016,0,0.5864935517311096,False,1,0.0,0,"[0.099171, 0.230301, 0.35567, 0.205919, 0.108939]"
Actor,client,99,1773,6,M0,attack_nonmember,evaluation,2,0,0.2783711552619934,0,0.6948522925376892,False,1,0.0,0,"[0.145945, 0.198702, 0.139225, 0.276146, 0.239982]"
Actor,client,99,1850,6,M0,attack_nonmember,evaluation,4,0,0.689436137676239,1,0.6842027902603149,False,1,0.0,1,"[0.162258, 0.230832, 0.154116, 0.129857, 0.322936]"
Actor,client,99,1898,6,M0,attack_nonmember,evaluation,1,0,0.4019981622695923,0,0.5864935517311096,False,2,0.5,0,"[0.106677, 0.190383, 0.196343, 0.133678, 0.37292]"
Actor,client,99,2008,6,M0,attack_nonmember,evaluation,1,0,0.44548818469047546,0,0.5864935517311096,False,2,0.5,0,"[0.181267, 0.179727, 0.27354, 0.203208, 0.162258]"
Actor,client,99,2422,6,M0,attack_nonmember,evaluation,4,0,0.6352319717407227,0,0.6842027902603149,False,1,0.0,1,"[0.071861, 0.136829, 0.150524, 0.253192, 0.387594]"
Actor,client,99,2481,6,M0,attack_nonmember,evaluation,1,0,0.43977731466293335,0,0.5864935517311096,False,2,0.5,0,"[0.152725, 0.174687, 0.17128, 0.26741, 0.233898]"
Actor,client,99,2592,6,M0,attack_nonmember,evaluation,3,0,0.6192041635513306,1,0.5564348697662354,False,1,1.0,1,"[0.133164, 0.107327, 0.187128, 0.36083, 0.211551]"
Actor,client,99,2655,6,M0,attack_nonmember,evaluation,1,0,0.5152699947357178,0,0.5864935517311096,False,1,1.0,0,"[0.152176, 0.211416, 0.236467, 0.226221, 0.173719]"
Actor,client,99,2799,6,M0,attack_nonmember,evaluation,3,0,0.389815092086792,0,0.5564348697662354,False,2,0.0,0,"[0.191921, 0.220992, 0.190381, 0.183566, 0.21314]"
Actor,client,99,2983,6,M0,attack_nonmember,evaluation,3,0,0.41124191880226135,0,0.5564348697662354,False,2,0.5,0,"[0.145743, 0.218996, 0.246838, 0.207805, 0.180617]"
Actor,client,99,3135,6,M0,attack_nonmember,evaluation,4,0,0.24912089109420776,0,0.6842027902603149,False,0,,0,"[0.032125, 0.178277, 0.276162, 0.349636, 0.1638]"
Actor,client,99,3173,6,M0,attack_nonmember,evaluation,2,0,0.6008274555206299,0,0.6948522925376892,False,3,0.0,1,"[0.098042, 0.200148, 0.296929, 0.226033, 0.178847]"
Actor,client,99,3466,6,M0,attack_nonmember,evaluation,4,0,0.5773593783378601,0,0.6842027902603149,False,0,,0,"[0.084902, 0.237322, 0.259522, 0.170852, 0.247401]"
Actor,client,99,3731,6,M0,attack_nonmember,evaluation,3,0,0.43862026929855347,0,0.5564348697662354,False,4,0.0,0,"[0.13932, 0.183901, 0.286273, 0.221276, 0.16923]"
Actor,client,99,3753,6,M0,attack_nonmember,evaluation,4,0,0.7307641506195068,1,0.6842027902603149,False,1,1.0,1,"[0.074202, 0.204487, 0.138326, 0.157287, 0.425698]"
Actor,client,99,3838,6,M0,attack_nonmember,evaluation,4,0,0.2712151110172272,0,0.6842027902603149,False,3,0.0,0,"[0.120836, 0.290719, 0.154478, 0.288306, 0.145661]"
Actor,client,99,3923,6,M0,attack_nonmember,evaluation,3,0,0.41167986392974854,0,0.5564348697662354,False,5,0.4,0,"[0.157734, 0.198961, 0.270663, 0.198835, 0.173806]"
Actor,client,99,4230,6,M0,attack_nonmember,evaluation,1,0,0.5972543358802795,1,0.5864935517311096,False,2,0.0,1,"[0.163681, 0.243852, 0.201829, 0.208337, 0.182301]"
Actor,client,99,4292,6,M0,attack_nonmember,evaluation,2,0,0.505150556564331,0,0.6948522925376892,False,1,0.0,0,"[0.151391, 0.251249, 0.247654, 0.198035, 0.151672]"
Actor,client,99,4387,6,M0,attack_nonmember,evaluation,3,0,0.5408670902252197,0,0.5564348697662354,False,6,0.16666666666666666,0,"[0.123149, 0.108492, 0.086142, 0.319013, 0.363204]"
Actor,client,99,4752,6,M0,attack_nonmember,evaluation,1,0,0.4647221863269806,0,0.5864935517311096,False,1,0.0,0,"[0.131402, 0.197063, 0.26064, 0.225519, 0.185376]"
Actor,client,99,4865,6,M0,attack_nonmember,evaluation,4,0,0.5570085048675537,0,0.6842027902603149,False,2,0.5,1,"[0.122071, 0.209504, 0.200833, 0.208448, 0.259143]"
Actor,client,99,4934,6,M0,attack_nonmember,evaluation,2,0,0.6244068145751953,0,0.6948522925376892,False,4,0.25,0,"[0.030136, 0.074524, 0.299417, 0.217807, 0.378116]"
Actor,client,99,4967,6,M0,attack_nonmember,evaluation,2,0,0.506889820098877,0,0.6948522925376892,False,1,0.0,1,"[0.209753, 0.155142, 0.252199, 0.184832, 0.198074]"
Actor,client,99,4971,6,M0,attack_nonmember,evaluation,3,0,0.3613269627094269,0,0.5564348697662354,False,0,,0,"[0.140974, 0.221598, 0.171973, 0.181792, 0.283663]"
Actor,client,99,5330,6,M0,attack_nonmember,evaluation,3,0,0.48256370425224304,0,0.5564348697662354,False,9,0.1111111111111111,1,"[0.106838, 0.164963, 0.229656, 0.269548, 0.228995]"
Actor,client,99,5362,6,M0,attack_nonmember,evaluation,0,0,0.15173710882663727,0,0.5510123372077942,False,0,,0,"[0.077395, 0.448645, 0.230229, 0.178738, 0.064993]"
Actor,client,99,5574,6,M0,attack_nonmember,evaluation,4,0,0.5633630752563477,0,0.6842027902603149,False,1,0.0,1,"[0.161337, 0.139041, 0.176294, 0.231727, 0.2916]"
Actor,client,99,5599,6,M0,attack_nonmember,evaluation,3,0,0.4142380952835083,0,0.5564348697662354,False,1,0.0,0,"[0.140243, 0.152675, 0.257298, 0.203779, 0.246005]"
Actor,client,99,5629,6,M0,attack_nonmember,evaluation,1,0,0.32835352420806885,0,0.5864935517311096,False,2,0.0,0,"[0.143424, 0.140798, 0.18566, 0.191225, 0.338892]"
Actor,client,99,5728,6,M0,attack_nonmember,evaluation,2,0,0.3369349241256714,0,0.6948522925376892,False,3,0.6666666666666666,0,"[0.147879, 0.253785, 0.160849, 0.210562, 0.226925]"
Actor,client,99,5729,6,M0,attack_nonmember,evaluation,0,0,0.2506956160068512,0,0.5510123372077942,False,2,0.0,0,"[0.079159, 0.258567, 0.124888, 0.236143, 0.301243]"
Actor,client,99,5930,6,M0,attack_nonmember,evaluation,1,0,0.5913512110710144,1,0.5864935517311096,False,4,0.0,0,"[0.14036, 0.2517, 0.263612, 0.182725, 0.161603]"
Actor,client,99,6124,6,M0,attack_nonmember,evaluation,3,0,0.4428459703922272,0,0.5564348697662354,False,1,0.0,0,"[0.161818, 0.181533, 0.242856, 0.222035, 0.191758]"
Actor,client,99,6157,6,M0,attack_nonmember,evaluation,0,0,0.41014501452445984,0,0.5510123372077942,False,0,,0,"[0.160214, 0.27096, 0.176357, 0.19167, 0.2008]"
Actor,client,99,6281,6,M0,attack_nonmember,evaluation,4,0,0.49118268489837646,0,0.6842027902603149,False,3,0.3333333333333333,0,"[0.166113, 0.180396, 0.170198, 0.243872, 0.239422]"
Actor,client,99,6413,6,M0,attack_nonmember,evaluation,3,0,0.43100935220718384,0,0.5564348697662354,False,3,0.3333333333333333,0,"[0.130064, 0.19531, 0.231779, 0.227235, 0.215612]"
Actor,client,99,6854,6,M0,attack_nonmember,evaluation,3,0,0.4031318128108978,0,0.5564348697662354,False,2,0.0,0,"[0.107465, 0.189341, 0.358381, 0.197382, 0.147431]"
Actor,client,99,6958,6,M0,attack_nonmember,evaluation,2,0,0.4841597080230713,0,0.6948522925376892,False,2,0.5,0,"[0.1054, 0.151473, 0.233119, 0.207551, 0.302458]"
Actor,client,99,6963,6,M0,attack_nonmember,evaluation,3,0,0.4890934228897095,0,0.5564348697662354,False,4,0.0,0,"[0.132545, 0.113083, 0.308309, 0.249769, 0.196293]"
Actor,client,99,7594,6,M0,attack_nonmember,evaluation,1,0,0.5529785752296448,0,0.5864935517311096,False,3,0.0,0,"[0.161611, 0.228096, 0.278896, 0.200696, 0.1307]"
Actor,client,99,186,7,M0,attack_nonmember,evaluation,2,0,0.4701520800590515,0,0.6948522925376892,False,3,0.0,0,"[0.147368, 0.234271, 0.239496, 0.246533, 0.132333]"
Actor,client,99,373,7,M0,attack_nonmember,evaluation,3,0,0.4783962368965149,0,0.5564348697662354,False,1,1.0,1,"[0.156734, 0.156626, 0.235611, 0.247747, 0.203281]"
Actor,client,99,438,7,M0,attack_nonmember,evaluation,4,0,0.4926587641239166,0,0.6842027902603149,False,1,0.0,0,"[0.067939, 0.109907, 0.229269, 0.306785, 0.2861]"
Actor,client,99,490,7,M0,attack_nonmember,evaluation,3,0,0.40235432982444763,0,0.5564348697662354,False,1,1.0,0,"[0.101905, 0.122655, 0.3452, 0.193721, 0.23652]"
Actor,client,99,551,7,M0,attack_nonmember,evaluation,3,0,0.5939589142799377,1,0.5564348697662354,False,1,0.0,1,"[0.062601, 0.140311, 0.118944, 0.378318, 0.299826]"
Actor,client,99,561,7,M0,attack_nonmember,evaluation,2,0,0.25558629631996155,0,0.6948522925376892,False,1,0.0,0,"[0.046354, 0.14241, 0.127203, 0.344659, 0.339373]"
Actor,client,99,564,7,M0,attack_nonmember,evaluation,2,0,0.6663193106651306,0,0.6948522925376892,False,2,0.0,0,"[0.015068, 0.008736, 0.366365, 0.43058, 0.179251]"
Actor,client,99,757,7,M0,attack_nonmember,evaluation,2,0,0.5739409327507019,0,0.6948522925376892,False,1,0.0,0,"[0.070436, 0.141477, 0.295285, 0.302132, 0.19067]"
Actor,client,99,1361,7,M0,attack_nonmember,evaluation,2,0,0.3407084345817566,0,0.6948522925376892,False,10,0.1,0,"[0.085977, 0.108887, 0.177267, 0.31268, 0.31519]"
Actor,client,99,1467,7,M0,attack_nonmember,evaluation,0,0,0.3834284842014313,0,0.5510123372077942,False,4,0.25,0,"[0.144204, 0.231799, 0.227347, 0.265285, 0.131365]"
Actor,client,99,1885,7,M0,attack_nonmember,evaluation,4,0,0.5666221380233765,0,0.6842027902603149,False,2,0.5,1,"[0.059719, 0.104631, 0.159196, 0.314557, 0.361897]"
Actor,client,99,1921,7,M0,attack_nonmember,evaluation,2,0,0.6748325824737549,0,0.6948522925376892,False,3,0.6666666666666666,1,"[0.171095, 0.196388, 0.319597, 0.094984, 0.217937]"
Actor,client,99,2703,7,M0,attack_nonmember,evaluation,4,0,0.3856199383735657,0,0.6842027902603149,False,1,0.0,0,"[0.152136, 0.171119, 0.230101, 0.259428, 0.187217]"
Actor,client,99,2746,7,M0,attack_nonmember,evaluation,1,0,0.7016242146492004,1,0.5864935517311096,False,2,0.5,1,"[0.182235, 0.299233, 0.192642, 0.114386, 0.211504]"
Actor,client,99,3208,7,M0,attack_nonmember,evaluation,2,0,0.4550190567970276,0,0.6948522925376892,False,4,0.25,0,"[0.125871, 0.119626, 0.234837, 0.274838, 0.244828]"
Actor,client,99,3402,7,M0,attack_nonmember,evaluation,1,0,0.44696950912475586,0,0.5864935517311096,False,1,0.0,0,"[0.154787, 0.185346, 0.240106, 0.213535, 0.206226]"
Actor,client,99,3768,7,M0,attack_nonmember,evaluation,2,0,0.38851067423820496,0,0.6948522925376892,False,1,1.0,0,"[0.130189, 0.250812, 0.19608, 0.252008, 0.170911]"
Actor,client,99,3775,7,M0,attack_nonmember,evaluation,4,0,0.5567270517349243,0,0.6842027902603149,False,6,0.16666666666666666,1,"[0.078979, 0.142194, 0.236673, 0.24871, 0.293444]"
Actor,client,99,4163,7,M0,attack_nonmember,evaluation,2,0,0.19045303761959076,0,0.6948522925376892,False,0,,0,"[0.085176, 0.228493, 0.106333, 0.457764, 0.122234]"
Actor,client,99,4260,7,M0,attack_nonmember,evaluation,3,0,0.5189388394355774,0,0.5564348697662354,False,2,0.0,1,"[0.137801, 0.165509, 0.12947, 0.2984, 0.26882]"
Actor,client,99,4629,7,M0,attack_nonmember,evaluation,4,0,0.5314775109291077,0,0.6842027902603149,False,2,0.0,1,"[0.147731, 0.152688, 0.245732, 0.207413, 0.246436]"
Actor,client,99,4655,7,M0,attack_nonmember,evaluation,2,0,0.7943027019500732,1,0.6948522925376892,False,1,0.0,1,"[0.070837, 0.205138, 0.418586, 0.224844, 0.080595]"
Actor,client,99,4706,7,M0,attack_nonmember,evaluation,3,0,0.3966792821884155,0,0.5564348697662354,False,1,0.0,0,"[0.184864, 0.200445, 0.199119, 0.187895, 0.227676]"
Actor,client,99,4796,7,M0,attack_nonmember,evaluation,2,0,0.5300689339637756,0,0.6948522925376892,False,2,0.5,1,"[0.104593, 0.200769, 0.262939, 0.236893, 0.194805]"
Actor,client,99,4909,7,M0,attack_nonmember,evaluation,4,0,0.5872735977172852,0,0.6842027902603149,False,0,,1,"[0.070645, 0.258676, 0.220746, 0.187352, 0.26258]"
Actor,client,99,5056,7,M0,attack_nonmember,evaluation,3,0,0.4982021749019623,0,0.5564348697662354,False,2,0.5,1,"[0.127321, 0.192496, 0.203478, 0.280082, 0.196623]"
Actor,client,99,5290,7,M0,attack_nonmember,evaluation,0,0,0.2955181896686554,0,0.5510123372077942,False,2,0.0,0,"[0.089017, 0.182898, 0.263196, 0.218288, 0.246601]"
Actor,client,99,5526,7,M0,attack_nonmember,evaluation,4,0,0.656436026096344,0,0.6842027902603149,False,6,0.3333333333333333,1,"[0.100143, 0.048611, 0.063499, 0.223596, 0.56415]"
Actor,client,99,5716,7,M0,attack_nonmember,evaluation,2,0,0.4635738134384155,0,0.6948522925376892,False,1,0.0,0,"[0.078297, 0.210758, 0.232047, 0.265759, 0.213139]"
Actor,client,99,5928,7,M0,attack_nonmember,evaluation,4,0,0.5488922595977783,0,0.6842027902603149,False,5,0.0,1,"[0.065505, 0.108544, 0.13236, 0.33546, 0.358129]"
Actor,client,99,6473,7,M0,attack_nonmember,evaluation,1,0,0.6530842185020447,1,0.5864935517311096,False,0,,1,"[0.173812, 0.278068, 0.255537, 0.121846, 0.170736]"
Actor,client,99,6740,7,M0,attack_nonmember,evaluation,3,0,0.6630292534828186,1,0.5564348697662354,False,0,,1,"[0.122083, 0.199436, 0.136986, 0.417774, 0.123721]"
Actor,client,99,7005,7,M0,attack_nonmember,evaluation,4,0,0.4899374842643738,0,0.6842027902603149,False,1,0.0,0,"[0.15707, 0.150828, 0.232383, 0.2284, 0.231318]"
Actor,client,99,7374,7,M0,attack_nonmember,evaluation,2,0,0.5112125873565674,0,0.6948522925376892,False,1,0.0,0,"[0.127099, 0.297702, 0.243964, 0.178648, 0.152587]"
Actor,client,99,348,7,M0,attack_nonmember,evaluation,3,0,0.5205302238464355,0,0.5564348697662354,False,1,0.0,0,"[0.038971, 0.084009, 0.245729, 0.309641, 0.32165]"
Actor,client,99,1550,7,M0,attack_nonmember,evaluation,1,0,0.5777398347854614,0,0.5864935517311096,False,3,0.0,0,"[0.169639, 0.240974, 0.260768, 0.164601, 0.164018]"
Actor,client,99,2484,7,M0,attack_nonmember,evaluation,3,0,0.31164899468421936,0,0.5564348697662354,False,0,,0,"[0.165641, 0.293417, 0.257225, 0.129295, 0.154422]"
Actor,client,99,2494,7,M0,attack_nonmember,evaluation,3,0,0.507379412651062,0,0.5564348697662354,False,1,0.0,1,"[0.179957, 0.160185, 0.191421, 0.266776, 0.201661]"
Actor,client,99,2608,7,M0,attack_nonmember,evaluation,3,0,0.39563077688217163,0,0.5564348697662354,False,0,,0,"[0.199869, 0.219635, 0.203885, 0.183286, 0.193325]"
Actor,client,99,2692,7,M0,attack_nonmember,evaluation,4,0,0.3385195732116699,0,0.6842027902603149,False,3,0.0,0,"[0.133933, 0.159929, 0.189075, 0.321819, 0.195244]"
Actor,client,99,4508,7,M0,attack_nonmember,evaluation,4,0,0.3540053367614746,0,0.6842027902603149,False,3,0.3333333333333333,0,"[0.075562, 0.200268, 0.268573, 0.273981, 0.181616]"
Actor,client,99,5112,7,M0,attack_nonmember,evaluation,2,0,0.4669143855571747,0,0.6948522925376892,False,1,0.0,1,"[0.18396, 0.202187, 0.230378, 0.191851, 0.191624]"
Actor,client,99,5166,7,M0,attack_nonmember,evaluation,3,0,0.911189079284668,1,0.5564348697662354,False,0,,1,"[0.012537, 0.010378, 0.117186, 0.799889, 0.06001]"
Actor,client,99,5380,7,M0,attack_nonmember,evaluation,3,0,0.5171027183532715,0,0.5564348697662354,False,3,0.3333333333333333,1,"[0.038267, 0.096503, 0.260174, 0.306843, 0.298213]"
Actor,client,99,5622,7,M0,attack_nonmember,evaluation,3,0,0.3984188139438629,0,0.5564348697662354,False,1,0.0,0,"[0.171833, 0.216473, 0.223555, 0.192113, 0.196026]"
Actor,client,99,5653,7,M0,attack_nonmember,evaluation,2,0,0.315657377243042,0,0.6948522925376892,False,5,0.4,0,"[0.050899, 0.14209, 0.189471, 0.457399, 0.16014]"
Actor,client,99,6066,7,M0,attack_nonmember,evaluation,1,0,0.4987381398677826,0,0.5864935517311096,False,1,0.0,0,"[0.131576, 0.212721, 0.241686, 0.208641, 0.205375]"
Actor,client,99,6117,7,M0,attack_nonmember,evaluation,2,0,0.539937436580658,0,0.6948522925376892,False,2,0.5,1,"[0.11936, 0.244075, 0.263185, 0.204962, 0.168419]"
Actor,client,99,6186,7,M0,attack_nonmember,evaluation,2,0,0.28850486874580383,0,0.6948522925376892,False,1,0.0,0,"[0.149134, 0.176318, 0.160262, 0.343823, 0.170463]"
Actor,client,99,6391,7,M0,attack_nonmember,evaluation,1,0,0.353067547082901,0,0.5864935517311096,False,1,0.0,0,"[0.15812, 0.132927, 0.153637, 0.296863, 0.258454]"
Actor,client,99,6436,7,M0,attack_nonmember,evaluation,4,0,0.46645161509513855,0,0.6842027902603149,False,4,0.0,0,"[0.09379, 0.261582, 0.153944, 0.258545, 0.232139]"
Actor,client,99,6530,7,M0,attack_nonmember,evaluation,4,0,0.5967192649841309,0,0.6842027902603149,False,3,0.3333333333333333,1,"[0.112311, 0.139228, 0.204172, 0.226717, 0.317572]"
Actor,client,99,6804,7,M0,attack_nonmember,evaluation,0,0,0.2349751889705658,0,0.5510123372077942,False,2,0.5,0,"[0.039969, 0.101548, 0.327207, 0.290277, 0.240999]"
Actor,client,99,7060,7,M0,attack_nonmember,evaluation,0,0,0.4218209683895111,0,0.5510123372077942,False,1,0.0,0,"[0.148432, 0.217209, 0.191766, 0.166318, 0.276275]"
Actor,client,99,7411,7,M0,attack_nonmember,evaluation,4,0,0.6036674976348877,0,0.6842027902603149,False,3,0.3333333333333333,0,"[0.110254, 0.137931, 0.287569, 0.17748, 0.286766]"
Actor,client,99,7541,7,M0,attack_nonmember,evaluation,1,0,0.4263244569301605,0,0.5864935517311096,False,2,0.5,0,"[0.087453, 0.176068, 0.192755, 0.341443, 0.202282]"
Actor,client,99,3851,9,M0,attack_nonmember,evaluation,1,0,0.14326508343219757,0,0.5864935517311096,False,1,0.0,0,"[0.013258, 0.061404, 0.139971, 0.211036, 0.574331]"
Actor,client,99,6059,9,M0,attack_nonmember,evaluation,1,0,0.6553696990013123,1,0.5864935517311096,False,0,,1,"[0.143777, 0.277696, 0.259173, 0.186753, 0.132601]"
Actor,client,99,6240,9,M0,attack_nonmember,evaluation,3,0,0.4270211458206177,0,0.5564348697662354,False,2,0.0,0,"[0.143791, 0.220468, 0.236887, 0.22152, 0.177334]"
Actor,client,99,6432,9,M0,attack_nonmember,evaluation,0,0,0.23418360948562622,0,0.5510123372077942,False,6,0.0,0,"[0.032816, 0.100384, 0.121766, 0.498732, 0.246301]"
Actor,client,99,1270,9,M0,attack_nonmember,evaluation,1,0,0.49886354804039,0,0.5864935517311096,False,2,0.5,0,"[0.166769, 0.205652, 0.249924, 0.194783, 0.182872]"
Actor,client,99,2305,9,M0,attack_nonmember,evaluation,1,0,0.3750874400138855,0,0.5864935517311096,False,1,1.0,0,"[0.171754, 0.145764, 0.256743, 0.256407, 0.169331]"
Actor,client,99,2873,9,M0,attack_nonmember,evaluation,3,0,0.36905211210250854,0,0.5564348697662354,False,0,,0,"[0.061395, 0.11394, 0.242793, 0.195064, 0.386808]"
Actor,client,99,3730,9,M0,attack_nonmember,evaluation,3,0,0.3923322260379791,0,0.5564348697662354,False,2,0.0,0,"[0.120024, 0.213009, 0.227653, 0.204498, 0.234816]"
Actor,client,99,4435,9,M0,attack_nonmember,evaluation,4,0,0.3884851634502411,0,0.6842027902603149,False,2,0.0,0,"[0.064931, 0.189138, 0.276059, 0.271298, 0.198575]"
Actor,client,99,4698,9,M0,attack_nonmember,evaluation,2,0,0.31002652645111084,0,0.6948522925376892,False,0,,0,"[0.206375, 0.268248, 0.160774, 0.253292, 0.111312]"
Actor,client,99,7192,9,M0,attack_nonmember,evaluation,3,0,0.13696330785751343,0,0.5564348697662354,False,0,,0,"[0.048319, 0.529511, 0.086499, 0.014547, 0.321124]"
Actor,client,99,7567,9,M0,attack_nonmember,evaluation,0,0,0.24330531060695648,0,0.5510123372077942,False,4,0.0,0,"[0.083532, 0.254677, 0.229025, 0.268772, 0.163995]"
Actor,client,99,1201,9,M0,attack_nonmember,evaluation,1,0,0.5909178256988525,1,0.5864935517311096,False,1,1.0,0,"[0.130736, 0.250439, 0.252353, 0.207338, 0.159134]"
Actor,client,99,2447,9,M0,attack_nonmember,evaluation,3,0,0.3911074101924896,0,0.5564348697662354,False,3,0.6666666666666666,0,"[0.143976, 0.194427, 0.227671, 0.19345, 0.240476]"
Actor,client,99,3919,9,M0,attack_nonmember,evaluation,3,0,0.4040069580078125,0,0.5564348697662354,False,1,0.0,0,"[0.177309, 0.253379, 0.262313, 0.193064, 0.113935]"
Actor,client,99,7195,9,M0,attack_nonmember,evaluation,1,0,0.4936903119087219,0,0.5864935517311096,False,0,,0,"[0.343269, 0.161298, 0.155655, 0.162059, 0.177719]"
Actor,client,99,7419,9,M0,attack_nonmember,evaluation,2,0,0.34439176321029663,0,0.6948522925376892,False,0,,0,"[0.143379, 0.200801, 0.157731, 0.178911, 0.319178]"
Actor,client,99,7267,9,M0,attack_nonmember,evaluation,1,0,0.6987725496292114,1,0.5864935517311096,False,0,,1,"[0.15554, 0.295408, 0.234982, 0.181095, 0.132975]"
Actor,client,99,7268,9,M0,attack_nonmember,evaluation,3,0,0.33689042925834656,0,0.5564348697662354,False,0,,0,"[0.124591, 0.066107, 0.405288, 0.121895, 0.282118]"
Actor,client,99,7443,9,M0,attack_nonmember,evaluation,1,0,0.20516850054264069,0,0.5864935517311096,False,0,,0,"[0.103031, 0.088346, 0.295988, 0.193169, 0.319465]"
Actor,client,99,7472,9,M0,attack_nonmember,evaluation,4,0,0.3995121717453003,0,0.6842027902603149,False,0,,0,"[0.26145, 0.164664, 0.220167, 0.196824, 0.156895]"
Actor,client,99,7491,9,M0,attack_nonmember,evaluation,1,0,0.4224795401096344,0,0.5864935517311096,False,0,,0,"[0.034079, 0.163911, 0.113811, 0.510009, 0.17819]"
Actor,client,99,7568,9,M0,attack_nonmember,evaluation,2,0,0.4155982434749603,0,0.6948522925376892,False,0,,0,"[0.199869, 0.219635, 0.203885, 0.183286, 0.193325]"
Actor,client,99,5643,9,M0,attack_nonmember,evaluation,4,0,0.45296087861061096,0,0.6842027902603149,False,1,0.0,0,"[0.133472, 0.171784, 0.2024, 0.263866, 0.228477]"
Actor,client,99,6051,9,M0,attack_nonmember,evaluation,3,0,0.6000687479972839,1,0.5564348697662354,False,6,0.0,1,"[0.078358, 0.156387, 0.330017, 0.351689, 0.083549]"
Actor,client,99,6726,9,M0,attack_nonmember,evaluation,2,0,0.31862449645996094,0,0.6948522925376892,False,2,0.5,0,"[0.08462, 0.243562, 0.152652, 0.256287, 0.26288]"
Actor,client,99,372,9,M0,attack_nonmember,evaluation,4,0,0.4029880166053772,0,0.6842027902603149,False,2,0.0,0,"[0.164215, 0.205573, 0.187158, 0.251193, 0.191861]"
Actor,client,99,3827,9,M0,attack_nonmember,evaluation,2,0,0.4061810374259949,0,0.6948522925376892,False,1,1.0,0,"[0.17237, 0.177194, 0.217916, 0.288321, 0.144199]"
Actor,client,99,5295,9,M0,attack_nonmember,evaluation,3,0,0.5076713562011719,0,0.5564348697662354,False,0,,0,"[0.119842, 0.070936, 0.207357, 0.27621, 0.325656]"
Actor,client,99,682,9,M0,attack_nonmember,evaluation,3,0,0.6899254322052002,1,0.5564348697662354,False,0,,1,"[0.050647, 0.230429, 0.127863, 0.470951, 0.12011]"
Actor,client,99,2011,9,M0,attack_nonmember,evaluation,4,0,0.1128775030374527,0,0.6842027902603149,False,1,0.0,0,"[0.028145, 0.122753, 0.154975, 0.543403, 0.150725]"
Actor,client,99,966,9,M0,attack_nonmember,evaluation,0,0,0.4690830707550049,0,0.5510123372077942,False,1,0.0,0,"[0.167678, 0.199849, 0.258296, 0.162657, 0.211519]"
Actor,client,99,11,5,M0,F,evaluation,1,1,0.866649329662323,1,0.5864935517311096,False,1,1.0,1,"[0.078747, 0.440666, 0.215227, 0.078179, 0.187181]"
Actor,client,99,12,5,M0,F,evaluation,0,1,0.4300723075866699,0,0.5510123372077942,False,0,,0,"[0.178794, 0.31291, 0.181812, 0.126749, 0.199734]"
Actor,client,99,13,5,M0,F,evaluation,0,1,0.5712137818336487,1,0.5510123372077942,False,1,0.0,0,"[0.213329, 0.236388, 0.132343, 0.203187, 0.214753]"
Actor,client,99,15,5,M0,F,evaluation,2,1,0.26931652426719666,0,0.6948522925376892,False,0,,0,"[0.105772, 0.161652, 0.157317, 0.411362, 0.163897]"
Actor,client,99,29,5,M0,F,evaluation,4,1,0.6316834092140198,0,0.6842027902603149,False,1,0.0,1,"[0.095079, 0.138585, 0.134814, 0.249711, 0.381812]"
Actor,client,99,52,5,M0,F,evaluation,0,1,0.6264132857322693,1,0.5510123372077942,False,2,0.5,1,"[0.22502, 0.177171, 0.204999, 0.21834, 0.17447]"
Actor,client,99,56,5,M0,F,evaluation,3,1,0.3432718515396118,0,0.5564348697662354,False,1,0.0,0,"[0.210304, 0.345739, 0.140876, 0.160374, 0.142706]"
Actor,client,99,66,5,M0,F,evaluation,2,1,0.4642230272293091,0,0.6948522925376892,False,8,0.25,0,"[0.101725, 0.208357, 0.219748, 0.193611, 0.276559]"
Actor,client,99,76,5,M0,F,evaluation,4,1,0.6869637966156006,1,0.6842027902603149,False,1,0.0,1,"[0.077024, 0.208795, 0.183377, 0.174327, 0.356478]"
Actor,client,99,82,5,M0,F,evaluation,2,1,0.3760659396648407,0,0.6948522925376892,False,1,0.0,0,"[0.179229, 0.222341, 0.187377, 0.21615, 0.194903]"
Actor,client,99,109,5,M0,F,evaluation,1,1,0.41283416748046875,0,0.5864935517311096,False,4,0.25,0,"[0.147955, 0.168243, 0.246594, 0.250496, 0.186711]"
Actor,client,99,119,5,M0,F,evaluation,3,1,0.8173841238021851,1,0.5564348697662354,False,0,,1,"[0.07301, 0.033501, 0.216531, 0.568846, 0.108112]"
Actor,client,99,126,5,M0,F,evaluation,3,1,0.4599730670452118,0,0.5564348697662354,False,5,0.2,0,"[0.234593, 0.098112, 0.219624, 0.203791, 0.243879]"
Actor,client,99,131,5,M0,F,evaluation,1,1,0.36979517340660095,0,0.5864935517311096,False,0,,0,"[0.097561, 0.147585, 0.281686, 0.367632, 0.105536]"
Actor,client,99,134,5,M0,F,evaluation,4,1,0.7260565161705017,1,0.6842027902603149,False,0,,1,"[0.002869, 0.004034, 0.002314, 0.010056, 0.980727]"
Actor,client,99,138,5,M0,F,evaluation,3,1,0.5967763066291809,1,0.5564348697662354,False,3,0.0,1,"[0.100758, 0.170789, 0.236538, 0.355098, 0.136816]"
Actor,client,99,146,5,M0,F,evaluation,3,1,0.7355090975761414,1,0.5564348697662354,False,0,,1,"[0.038567, 0.168433, 0.219426, 0.498956, 0.074618]"
Actor,client,99,148,5,M0,F,evaluation,2,1,0.48264047503471375,0,0.6948522925376892,False,0,,0,"[0.094914, 0.109837, 0.270028, 0.390965, 0.134256]"
Actor,client,99,155,5,M0,F,evaluation,4,1,0.637917160987854,0,0.6842027902603149,False,1,0.0,1,"[0.092852, 0.156993, 0.236228, 0.188373, 0.325554]"
Actor,client,99,184,5,M0,F,evaluation,2,1,0.3493744730949402,0,0.6948522925376892,False,1,0.0,0,"[0.183209, 0.22522, 0.173822, 0.219539, 0.19821]"
Actor,client,99,199,5,M0,F,evaluation,3,1,0.4605325758457184,0,0.5564348697662354,False,1,0.0,0,"[0.15468, 0.142719, 0.224573, 0.235638, 0.24239]"
Actor,client,99,203,5,M0,F,evaluation,2,1,0.39030197262763977,0,0.6948522925376892,False,2,0.0,0,"[0.136095, 0.14293, 0.198317, 0.255941, 0.266717]"
Actor,client,99,205,5,M0,F,evaluation,4,1,0.4455319046974182,0,0.6842027902603149,False,0,,0,"[0.138206, 0.151724, 0.289996, 0.220391, 0.199683]"
Actor,client,99,209,5,M0,F,evaluation,4,1,0.7861340045928955,1,0.6842027902603149,False,0,,1,"[0.050263, 0.31933, 0.093045, 0.116149, 0.421212]"
Actor,client,99,211,5,M0,F,evaluation,4,1,0.47725245356559753,0,0.6842027902603149,False,0,,0,"[0.125512, 0.036122, 0.077173, 0.402115, 0.359078]"
Actor,client,99,213,5,M0,F,evaluation,0,1,0.32736846804618835,0,0.5510123372077942,False,2,0.5,0,"[0.111523, 0.200737, 0.161625, 0.417269, 0.108846]"
Actor,client,99,215,5,M0,F,evaluation,4,1,0.6933346390724182,1,0.6842027902603149,False,0,,1,"[0.021031, 0.014899, 0.014728, 0.123728, 0.825615]"
Actor,client,99,224,5,M0,F,evaluation,3,1,0.42345863580703735,0,0.5564348697662354,False,1,0.0,0,"[0.203626, 0.220981, 0.146636, 0.210286, 0.21847]"
Actor,client,99,234,5,M0,F,evaluation,3,1,0.3386647403240204,0,0.5564348697662354,False,0,,0,"[0.273464, 0.160997, 0.176239, 0.111536, 0.277765]"
Actor,client,99,245,5,M0,F,evaluation,1,1,0.3241020441055298,0,0.5864935517311096,False,4,0.0,0,"[0.055778, 0.149337, 0.301875, 0.289329, 0.203681]"
Actor,client,99,247,5,M0,F,evaluation,3,1,0.537152111530304,0,0.5564348697662354,False,0,,1,"[0.053967, 0.22158, 0.200428, 0.337036, 0.186989]"
Actor,client,99,250,5,M0,F,evaluation,0,1,0.4271625280380249,0,0.5510123372077942,False,1,0.0,0,"[0.18748, 0.331399, 0.249071, 0.105389, 0.126661]"
Actor,client,99,251,5,M0,F,evaluation,3,1,0.5483106374740601,0,0.5564348697662354,False,2,0.0,1,"[0.063552, 0.222908, 0.197832, 0.342424, 0.173284]"
Actor,client,99,262,5,M0,F,evaluation,3,1,0.3834296464920044,0,0.5564348697662354,False,3,0.0,0,"[0.090151, 0.199313, 0.206444, 0.209456, 0.294637]"
Actor,client,99,263,5,M0,F,evaluation,4,1,0.6903676986694336,1,0.6842027902603149,False,0,,1,"[0.030958, 0.145793, 0.244419, 0.182595, 0.396235]"
Actor,client,99,270,5,M0,F,evaluation,0,1,0.47626611590385437,0,0.5510123372077942,False,4,0.0,0,"[0.161402, 0.171558, 0.220362, 0.212729, 0.23395]"
Actor,client,99,275,5,M0,F,evaluation,3,1,0.4850906729698181,0,0.5564348697662354,False,1,0.0,1,"[0.104808, 0.274561, 0.20747, 0.286585, 0.126576]"
Actor,client,99,291,5,M0,F,evaluation,1,1,0.3917360305786133,0,0.5864935517311096,False,2,0.0,0,"[0.089743, 0.181047, 0.198783, 0.200526, 0.329901]"
Actor,client,99,294,5,M0,F,evaluation,1,1,0.3142928183078766,0,0.5864935517311096,False,2,0.5,0,"[0.051514, 0.143249, 0.124708, 0.292395, 0.388135]"
Actor,client,99,298,5,M0,F,evaluation,4,1,0.501214861869812,0,0.6842027902603149,False,4,0.0,0,"[0.119025, 0.253407, 0.246835, 0.176266, 0.204467]"
Actor,client,99,320,5,M0,F,evaluation,3,1,0.3616493046283722,0,0.5564348697662354,False,3,0.3333333333333333,0,"[0.064302, 0.08647, 0.150183, 0.197578, 0.501468]"
Actor,client,99,323,5,M0,F,evaluation,1,1,0.9105538129806519,1,0.5864935517311096,False,0,,1,"[0.117726, 0.467542, 0.1966, 0.16009, 0.058042]"
Actor,client,99,341,5,M0,F,evaluation,4,1,0.6467185616493225,0,0.6842027902603149,False,4,0.5,1,"[0.152228, 0.134276, 0.129327, 0.206997, 0.377172]"
Actor,client,99,367,5,M0,F,evaluation,3,1,0.5302295088768005,0,0.5564348697662354,False,0,,0,"[0.078183, 0.102388, 0.45005, 0.27904, 0.090338]"
Actor,client,99,369,5,M0,F,evaluation,1,1,0.777667760848999,1,0.5864935517311096,False,0,,1,"[0.095522, 0.34849, 0.133791, 0.215151, 0.207046]"
Actor,client,99,384,5,M0,F,evaluation,3,1,0.7762832641601562,1,0.5564348697662354,False,0,,1,"[0.044632, 0.016887, 0.239713, 0.52037, 0.178399]"
Actor,client,99,395,5,M0,F,evaluation,1,1,0.3762551248073578,0,0.5864935517311096,False,2,0.0,0,"[0.060539, 0.174835, 0.127862, 0.246943, 0.389821]"
Actor,client,99,402,5,M0,F,evaluation,2,1,0.7279368042945862,1,0.6948522925376892,False,0,,1,"[0.062472, 0.025637, 0.399582, 0.379638, 0.132671]"
Actor,client,99,406,5,M0,F,evaluation,2,1,0.37380582094192505,0,0.6948522925376892,False,0,,0,"[0.10273, 0.165422, 0.215196, 0.395403, 0.121248]"
Actor,client,99,407,5,M0,F,evaluation,3,1,0.45801636576652527,0,0.5564348697662354,False,2,0.0,1,"[0.176731, 0.203377, 0.179433, 0.238499, 0.20196]"
Actor,client,99,418,5,M0,F,evaluation,0,1,0.4837692379951477,0,0.5510123372077942,False,1,0.0,0,"[0.173294, 0.212861, 0.161564, 0.224516, 0.227766]"
Actor,client,99,421,5,M0,F,evaluation,1,1,0.9080017805099487,1,0.5864935517311096,False,0,,1,"[0.047621, 0.491672, 0.164261, 0.110479, 0.185967]"
Actor,client,99,430,5,M0,F,evaluation,2,1,0.497345894575119,0,0.6948522925376892,False,1,1.0,0,"[0.143376, 0.08833, 0.266573, 0.313307, 0.188414]"
Actor,client,99,442,5,M0,F,evaluation,1,1,0.5466689467430115,0,0.5864935517311096,False,0,,0,"[0.198435, 0.212604, 0.193551, 0.218298, 0.177112]"
Actor,client,99,444,5,M0,F,evaluation,3,1,0.5898105502128601,1,0.5564348697662354,False,0,,1,"[0.119122, 0.074841, 0.28776, 0.326453, 0.191824]"
Actor,client,99,452,5,M0,F,evaluation,0,1,0.3117487132549286,0,0.5510123372077942,False,2,0.0,0,"[0.077132, 0.110422, 0.192574, 0.38737, 0.232503]"
Actor,client,99,456,5,M0,F,evaluation,1,1,0.385475218296051,0,0.5864935517311096,False,1,0.0,0,"[0.164876, 0.155371, 0.243763, 0.230061, 0.205929]"
Actor,client,99,460,5,M0,F,evaluation,0,1,0.3599221110343933,0,0.5510123372077942,False,1,0.0,0,"[0.094355, 0.11622, 0.125627, 0.353009, 0.31079]"
Actor,client,99,464,5,M0,F,evaluation,4,1,0.5015549063682556,0,0.6842027902603149,False,1,1.0,0,"[0.13996, 0.183554, 0.172573, 0.252562, 0.25135]"
Actor,client,99,469,5,M0,F,evaluation,2,1,0.34619659185409546,0,0.6948522925376892,False,3,0.3333333333333333,0,"[0.065102, 0.154325, 0.174026, 0.293676, 0.312871]"
Actor,client,99,471,5,M0,F,evaluation,1,1,0.6387096047401428,1,0.5864935517311096,False,2,0.5,1,"[0.082132, 0.281169, 0.187064, 0.220817, 0.228817]"
Actor,client,99,472,5,M0,F,evaluation,4,1,0.6047306656837463,0,0.6842027902603149,False,1,0.0,1,"[0.132074, 0.160063, 0.154591, 0.229287, 0.323985]"
Actor,client,99,473,5,M0,F,evaluation,2,1,0.4110991656780243,0,0.6948522925376892,False,2,0.0,0,"[0.083596, 0.150044, 0.214356, 0.308108, 0.243896]"
Actor,client,99,481,5,M0,F,evaluation,2,1,0.40470269322395325,0,0.6948522925376892,False,0,,0,"[0.192655, 0.077162, 0.203474, 0.214546, 0.312163]"
Actor,client,99,482,5,M0,F,evaluation,0,1,0.37888458371162415,0,0.5510123372077942,False,2,0.0,0,"[0.138343, 0.221389, 0.255835, 0.206956, 0.177476]"
Actor,client,99,486,5,M0,F,evaluation,4,1,0.4340705871582031,0,0.6842027902603149,False,1,0.0,0,"[0.180679, 0.181353, 0.201824, 0.235934, 0.20021]"
Actor,client,99,491,5,M0,F,evaluation,2,1,0.45466330647468567,0,0.6948522925376892,False,2,0.0,0,"[0.138253, 0.175651, 0.228435, 0.237914, 0.219746]"
Actor,client,99,517,5,M0,F,evaluation,3,1,0.4435983896255493,0,0.5564348697662354,False,3,0.3333333333333333,0,"[0.092136, 0.144162, 0.166891, 0.252652, 0.34416]"
Actor,client,99,524,5,M0,F,evaluation,3,1,0.4126832187175751,0,0.5564348697662354,False,1,0.0,0,"[0.170116, 0.227478, 0.236161, 0.202754, 0.16349]"
Actor,client,99,525,5,M0,F,evaluation,0,1,0.525272011756897,0,0.5510123372077942,False,1,0.0,0,"[0.191439, 0.181393, 0.246766, 0.307978, 0.072425]"
Actor,client,99,528,5,M0,F,evaluation,4,1,0.5183787941932678,0,0.6842027902603149,False,1,0.0,0,"[0.095389, 0.129028, 0.170371, 0.303185, 0.302027]"
Actor,client,99,536,5,M0,F,evaluation,1,1,0.5430276989936829,0,0.5864935517311096,False,3,0.0,0,"[0.040784, 0.232095, 0.193888, 0.361145, 0.172089]"
Actor,client,99,538,5,M0,F,evaluation,4,1,0.6638485193252563,0,0.6842027902603149,False,4,0.25,1,"[0.156765, 0.173765, 0.154307, 0.169643, 0.34552]"
Actor,client,99,550,5,M0,F,evaluation,1,1,0.5749347805976868,0,0.5864935517311096,False,2,0.0,0,"[0.188549, 0.229421, 0.235967, 0.201581, 0.144481]"
Actor,client,99,556,5,M0,F,evaluation,1,1,0.7120080590248108,1,0.5864935517311096,False,0,,1,"[0.170043, 0.285786, 0.136938, 0.261651, 0.145581]"
Actor,client,99,559,5,M0,F,evaluation,2,1,0.4503813087940216,0,0.6948522925376892,False,2,0.0,0,"[0.14263, 0.183278, 0.230161, 0.253838, 0.190094]"
Actor,client,99,570,5,M0,F,evaluation,3,1,0.40344154834747314,0,0.5564348697662354,False,0,,0,"[0.032363, 0.032657, 0.34434, 0.209484, 0.381157]"
Actor,client,99,581,5,M0,F,evaluation,1,1,0.5768682956695557,0,0.5864935517311096,False,1,1.0,1,"[0.187853, 0.236337, 0.194897, 0.157184, 0.22373]"
Actor,client,99,599,5,M0,F,evaluation,4,1,0.5142776966094971,0,0.6842027902603149,False,1,0.0,1,"[0.185239, 0.214348, 0.200147, 0.184213, 0.216053]"
Actor,client,99,609,5,M0,F,evaluation,0,1,0.24854686856269836,0,0.5510123372077942,False,0,,0,"[0.093087, 0.283827, 0.205056, 0.257711, 0.160319]"
Actor,client,99,611,5,M0,F,evaluation,2,1,0.8219150304794312,1,0.6948522925376892,False,0,,1,"[0.070572, 0.091032, 0.448769, 0.257735, 0.131891]"
Actor,client,99,614,5,M0,F,evaluation,2,1,0.5828873515129089,0,0.6948522925376892,False,5,0.6,1,"[0.155088, 0.138986, 0.298898, 0.249776, 0.157252]"
Actor,client,99,626,5,M0,F,evaluation,4,1,0.6567323803901672,0,0.6842027902603149,False,1,0.0,1,"[0.058474, 0.063372, 0.113505, 0.244804, 0.519844]"
Actor,client,99,656,5,M0,F,evaluation,1,1,0.5666654109954834,0,0.5864935517311096,False,0,,0,"[0.106007, 0.237917, 0.282309, 0.273652, 0.100115]"
Actor,client,99,659,5,M0,F,evaluation,1,1,0.6405274868011475,1,0.5864935517311096,False,0,,0,"[0.15914, 0.267887, 0.279691, 0.182516, 0.110766]"
Actor,client,99,662,5,M0,F,evaluation,4,1,0.7409775257110596,1,0.6842027902603149,False,3,0.3333333333333333,1,"[0.078092, 0.263146, 0.13146, 0.139978, 0.387324]"
Actor,client,99,669,5,M0,F,evaluation,3,1,0.6181684732437134,1,0.5564348697662354,False,0,,1,"[0.103422, 0.1879, 0.208682, 0.376403, 0.123593]"
Actor,client,99,689,5,M0,F,evaluation,4,1,0.3836691081523895,0,0.6842027902603149,False,0,,0,"[0.068071, 0.249756, 0.208432, 0.274838, 0.198903]"
Actor,client,99,691,5,M0,F,evaluation,2,1,0.4985240697860718,0,0.6948522925376892,False,1,1.0,1,"[0.170622, 0.198463, 0.248813, 0.209846, 0.172255]"
Actor,client,99,698,5,M0,F,evaluation,2,1,0.6033909916877747,0,0.6948522925376892,False,0,,1,"[0.062674, 0.17576, 0.311168, 0.30654, 0.143856]"
Actor,client,99,710,5,M0,F,evaluation,2,1,0.5242893695831299,0,0.6948522925376892,False,3,0.0,1,"[0.136896, 0.20821, 0.25802, 0.209642, 0.187232]"
Actor,client,99,711,5,M0,F,evaluation,4,1,0.5068431496620178,0,0.6842027902603149,False,2,0.0,0,"[0.296948, 0.11537, 0.160905, 0.197792, 0.228986]"
Actor,client,99,719,5,M0,F,evaluation,4,1,0.41818302869796753,0,0.6842027902603149,False,1,0.0,0,"[0.104789, 0.169708, 0.217545, 0.286259, 0.2217]"
Actor,client,99,729,5,M0,F,evaluation,1,1,0.41527560353279114,0,0.5864935517311096,False,3,0.0,0,"[0.201288, 0.162563, 0.227559, 0.19762, 0.21097]"
Actor,client,99,738,5,M0,F,evaluation,0,1,0.6006212830543518,1,0.5510123372077942,False,1,0.0,0,"[0.196297, 0.087465, 0.304886, 0.266672, 0.144679]"
Actor,client,99,740,5,M0,F,evaluation,3,1,0.5965187549591064,1,0.5564348697662354,False,9,0.2222222222222222,1,"[0.045984, 0.224894, 0.162646, 0.389627, 0.176849]"
Actor,client,99,749,5,M0,F,evaluation,4,1,0.39321425557136536,0,0.6842027902603149,False,1,1.0,0,"[0.109635, 0.188089, 0.18378, 0.302243, 0.216253]"
Actor,client,99,750,5,M0,F,evaluation,4,1,0.3370480239391327,0,0.6842027902603149,False,0,,0,"[0.031321, 0.148483, 0.098891, 0.452667, 0.268638]"
Actor,client,99,751,5,M0,F,evaluation,4,1,0.5066688656806946,0,0.6842027902603149,False,2,0.5,1,"[0.140698, 0.153386, 0.190037, 0.256154, 0.259726]"
Actor,client,99,762,5,M0,F,evaluation,3,1,0.5346797108650208,0,0.5564348697662354,False,2,0.0,1,"[0.112324, 0.149725, 0.16444, 0.312198, 0.261314]"
Actor,client,99,791,5,M0,F,evaluation,4,1,0.4354116916656494,0,0.6842027902603149,False,0,,0,"[0.06788, 0.095968, 0.148992, 0.389304, 0.297856]"
Actor,client,99,794,5,M0,F,evaluation,2,1,0.7302911877632141,1,0.6948522925376892,False,0,,1,"[0.130728, 0.213464, 0.364892, 0.163932, 0.126984]"
Actor,client,99,812,5,M0,F,evaluation,4,1,0.6831183433532715,0,0.6842027902603149,False,4,0.25,1,"[0.034531, 0.08307, 0.223274, 0.194866, 0.46426]"
Actor,client,99,822,5,M0,F,evaluation,3,1,0.9129211902618408,1,0.5564348697662354,False,1,1.0,1,"[0.01369, 0.008, 0.080955, 0.809913, 0.087442]"
Actor,client,99,833,5,M0,F,evaluation,3,1,0.5670799016952515,1,0.5564348697662354,False,1,1.0,1,"[0.049133, 0.157194, 0.18453, 0.355831, 0.253312]"
Actor,client,99,848,5,M0,F,evaluation,4,1,0.5590497851371765,0,0.6842027902603149,False,4,0.25,1,"[0.125552, 0.114345, 0.18732, 0.260267, 0.312517]"
Actor,client,99,857,5,M0,F,evaluation,3,1,0.5028725862503052,0,0.5564348697662354,False,1,0.0,1,"[0.14133, 0.150822, 0.220203, 0.272021, 0.215624]"
Actor,client,99,872,5,M0,F,evaluation,3,1,0.5118128061294556,0,0.5564348697662354,False,2,1.0,0,"[0.046179, 0.157124, 0.139822, 0.322429, 0.334446]"
Actor,client,99,881,5,M0,F,evaluation,3,1,0.40966352820396423,0,0.5564348697662354,False,5,0.2,0,"[0.187135, 0.161373, 0.137339, 0.200829, 0.313324]"
Actor,client,99,891,5,M0,F,evaluation,4,1,0.4893251359462738,0,0.6842027902603149,False,2,0.5,0,"[0.065277, 0.256076, 0.167309, 0.263204, 0.248133]"
Actor,client,99,892,5,M0,F,evaluation,0,1,0.8151978254318237,1,0.5510123372077942,False,0,,1,"[0.329301, 0.21812, 0.167691, 0.104289, 0.1806]"
Actor,client,99,896,5,M0,F,evaluation,2,1,0.49814605712890625,0,0.6948522925376892,False,2,0.0,1,"[0.185442, 0.146787, 0.258298, 0.248099, 0.161375]"
Actor,client,99,908,5,M0,F,evaluation,0,1,0.5403083562850952,0,0.5510123372077942,False,0,,0,"[0.199869, 0.219635, 0.203885, 0.183286, 0.193325]"
Actor,client,99,914,5,M0,F,evaluation,4,1,0.5209843516349792,0,0.6842027902603149,False,3,0.3333333333333333,0,"[0.161387, 0.236593, 0.171314, 0.201271, 0.229435]"
Actor,client,99,918,5,M0,F,evaluation,3,1,0.48246824741363525,0,0.5564348697662354,False,2,0.0,1,"[0.188785, 0.125546, 0.231611, 0.236938, 0.21712]"
Actor,client,99,935,5,M0,F,evaluation,3,1,0.5364625453948975,0,0.5564348697662354,False,5,0.0,0,"[0.119777, 0.101377, 0.132956, 0.309952, 0.335938]"
Actor,client,99,948,5,M0,F,evaluation,3,1,0.445728063583374,0,0.5564348697662354,False,3,0.0,1,"[0.137291, 0.201716, 0.207506, 0.239287, 0.2142]"
Actor,client,99,950,5,M0,F,evaluation,0,1,0.3673640191555023,0,0.5510123372077942,False,0,,0,"[0.11806, 0.160748, 0.302664, 0.205685, 0.212843]"
Actor,client,99,958,5,M0,F,evaluation,4,1,0.4474864602088928,0,0.6842027902603149,False,3,0.0,0,"[0.126127, 0.158596, 0.26881, 0.236418, 0.210049]"
Actor,client,99,959,5,M0,F,evaluation,1,1,0.6450334191322327,1,0.5864935517311096,False,5,0.2,1,"[0.112147, 0.277463, 0.170204, 0.21009, 0.230097]"
Actor,client,99,968,5,M0,F,evaluation,3,1,0.5273267030715942,0,0.5564348697662354,False,0,,1,"[0.092073, 0.14889, 0.276251, 0.299062, 0.183724]"
Actor,client,99,979,5,M0,F,evaluation,3,1,0.7040664553642273,1,0.5564348697662354,False,3,0.6666666666666666,1,"[0.093895, 0.18095, 0.139576, 0.461432, 0.124147]"
Actor,client,99,986,5,M0,F,evaluation,4,1,0.6056545972824097,0,0.6842027902603149,False,0,,1,"[0.119093, 0.124646, 0.210266, 0.21917, 0.326826]"
Actor,client,99,1003,5,M0,F,evaluation,3,1,0.6453396677970886,1,0.5564348697662354,False,0,,1,"[0.085298, 0.174302, 0.17526, 0.407393, 0.157746]"
Actor,client,99,1005,5,M0,F,evaluation,2,1,0.3579607903957367,0,0.6948522925376892,False,0,,0,"[0.049498, 0.11261, 0.215198, 0.465728, 0.156966]"
Actor,client,99,1020,5,M0,F,evaluation,1,1,0.5293128490447998,0,0.5864935517311096,False,1,0.0,0,"[0.154697, 0.222321, 0.222793, 0.183058, 0.217131]"
Actor,client,99,1032,5,M0,F,evaluation,0,1,0.5523059964179993,1,0.5510123372077942,False,2,0.0,0,"[0.183866, 0.149227, 0.228797, 0.161448, 0.276662]"
Actor,client,99,1035,5,M0,F,evaluation,1,1,0.49394935369491577,0,0.5864935517311096,False,2,0.0,0,"[0.152941, 0.206799, 0.224285, 0.196426, 0.219548]"
Actor,client,99,1042,5,M0,F,evaluation,4,1,0.6355794668197632,0,0.6842027902603149,False,3,0.6666666666666666,1,"[0.154623, 0.205432, 0.137721, 0.188338, 0.313886]"
Actor,client,99,1064,5,M0,F,evaluation,4,1,0.5220410823822021,0,0.6842027902603149,False,2,0.5,0,"[0.078163, 0.07486, 0.103401, 0.372928, 0.370648]"
Actor,client,99,1071,5,M0,F,evaluation,4,1,0.686378538608551,1,0.6842027902603149,False,5,0.2,1,"[0.113006, 0.113906, 0.126916, 0.18593, 0.460242]"
Actor,client,99,1078,5,M0,F,evaluation,0,1,0.5624919533729553,1,0.5510123372077942,False,1,0.0,0,"[0.20064, 0.182542, 0.231222, 0.202116, 0.183481]"
Actor,client,99,1083,5,M0,F,evaluation,4,1,0.6088248491287231,0,0.6842027902603149,False,0,,1,"[0.281467, 0.076299, 0.107393, 0.18335, 0.351492]"
Actor,client,99,1088,5,M0,F,evaluation,2,1,0.40745651721954346,0,0.6948522925376892,False,2,0.5,0,"[0.205748, 0.141575, 0.202496, 0.194884, 0.255296]"
Actor,client,99,1093,5,M0,F,evaluation,0,1,0.4147564172744751,0,0.5510123372077942,False,2,0.5,0,"[0.140228, 0.177669, 0.242567, 0.22843, 0.211106]"
Actor,client,99,1101,5,M0,F,evaluation,1,1,0.4708724021911621,0,0.5864935517311096,False,2,0.0,0,"[0.062398, 0.227813, 0.130199, 0.147368, 0.432222]"
Actor,client,99,1106,5,M0,F,evaluation,4,1,0.43730032444000244,0,0.6842027902603149,False,1,0.0,0,"[0.135489, 0.149988, 0.315452, 0.209907, 0.189163]"
Actor,client,99,1109,5,M0,F,evaluation,2,1,0.488178551197052,0,0.6948522925376892,False,1,0.0,1,"[0.177207, 0.22512, 0.243216, 0.204217, 0.150239]"
Actor,client,99,1114,5,M0,F,evaluation,0,1,0.5772368311882019,1,0.5510123372077942,False,0,,0,"[0.184321, 0.108917, 0.19619, 0.263353, 0.247219]"
Actor,client,99,1120,5,M0,F,evaluation,1,1,0.11758668720722198,0,0.5864935517311096,False,3,0.0,0,"[0.014177, 0.049779, 0.020447, 0.096057, 0.819539]"
Actor,client,99,1131,5,M0,F,evaluation,4,1,0.41092172265052795,0,0.6842027902603149,False,1,0.0,0,"[0.162333, 0.148476, 0.228078, 0.259706, 0.201407]"
Actor,client,99,1138,5,M0,F,evaluation,0,1,0.4161200225353241,0,0.5510123372077942,False,4,0.0,0,"[0.128757, 0.10388, 0.369363, 0.248465, 0.149535]"
Actor,client,99,1141,5,M0,F,evaluation,3,1,0.482012540102005,0,0.5564348697662354,False,0,,1,"[0.034838, 0.307653, 0.176905, 0.316005, 0.1646]"
Actor,client,99,1145,5,M0,F,evaluation,0,1,0.5005161762237549,0,0.5510123372077942,False,1,0.0,0,"[0.176169, 0.197856, 0.172448, 0.220656, 0.232871]"
Actor,client,99,1148,5,M0,F,evaluation,3,1,0.3861147165298462,0,0.5564348697662354,False,3,0.0,0,"[0.106888, 0.17844, 0.162757, 0.209299, 0.342616]"
Actor,client,99,1158,5,M0,F,evaluation,3,1,0.51842200756073,0,0.5564348697662354,False,1,0.0,0,"[0.060574, 0.064639, 0.137287, 0.312844, 0.424656]"
Actor,client,99,1166,5,M0,F,evaluation,0,1,0.4472528398036957,0,0.5510123372077942,False,4,0.0,0,"[0.132337, 0.125797, 0.149186, 0.26552, 0.32716]"
Actor,client,99,1206,5,M0,F,evaluation,4,1,0.4822958707809448,0,0.6842027902603149,False,4,0.25,0,"[0.151819, 0.178326, 0.209387, 0.232918, 0.227551]"
Actor,client,99,1208,5,M0,F,evaluation,1,1,0.8737689256668091,1,0.5864935517311096,False,1,0.0,1,"[0.095631, 0.417298, 0.104586, 0.245229, 0.137256]"
Actor,client,99,1216,5,M0,F,evaluation,3,1,0.4624289870262146,0,0.5564348697662354,False,1,0.0,1,"[0.192707, 0.238866, 0.170753, 0.241108, 0.156566]"
Actor,client,99,1244,5,M0,F,evaluation,1,1,0.657383918762207,1,0.5864935517311096,False,0,,1,"[0.207309, 0.262711, 0.25201, 0.180969, 0.097001]"
Actor,client,99,1255,5,M0,F,evaluation,0,1,0.3961997926235199,0,0.5510123372077942,False,2,0.0,0,"[0.119272, 0.139531, 0.171286, 0.316456, 0.253455]"
Actor,client,99,1256,5,M0,F,evaluation,1,1,0.48342210054397583,0,0.5864935517311096,False,6,0.16666666666666666,0,"[0.161576, 0.196037, 0.212182, 0.226312, 0.203893]"
Actor,client,99,1258,5,M0,F,evaluation,3,1,0.440682977437973,0,0.5564348697662354,False,2,0.0,0,"[0.059915, 0.200423, 0.153891, 0.269138, 0.316632]"
Actor,client,99,1261,5,M0,F,evaluation,2,1,0.4639568626880646,0,0.6948522925376892,False,4,0.75,1,"[0.15692, 0.178656, 0.229037, 0.208042, 0.227344]"
Actor,client,99,1282,5,M0,F,evaluation,0,1,0.8151978254318237,1,0.5510123372077942,False,0,,1,"[0.329301, 0.21812, 0.167691, 0.104289, 0.1806]"
Actor,client,99,1287,5,M0,F,evaluation,4,1,0.3681142032146454,0,0.6842027902603149,False,0,,0,"[0.117241, 0.309279, 0.283046, 0.159309, 0.131125]"
Actor,client,99,1292,5,M0,F,evaluation,3,1,0.8179232478141785,1,0.5564348697662354,False,0,,1,"[0.11441, 0.10181, 0.133827, 0.575346, 0.074607]"
Actor,client,99,1304,5,M0,F,evaluation,4,1,0.7169100642204285,1,0.6842027902603149,False,0,,1,"[0.026901, 0.02314, 0.010013, 0.062036, 0.877911]"
Actor,client,99,1306,5,M0,F,evaluation,3,1,0.6257279515266418,1,0.5564348697662354,False,0,,1,"[0.05013, 0.074914, 0.13255, 0.398169, 0.344236]"
Actor,client,99,1307,5,M0,F,evaluation,1,1,0.5894210934638977,1,0.5864935517311096,False,0,,0,"[0.194835, 0.245759, 0.306409, 0.121438, 0.13156]"
Actor,client,99,1311,5,M0,F,evaluation,0,1,0.5042622089385986,0,0.5510123372077942,False,2,0.0,0,"[0.157031, 0.107772, 0.249473, 0.245779, 0.239947]"
Actor,client,99,1318,5,M0,F,evaluation,3,1,0.46441763639450073,0,0.5564348697662354,False,3,0.0,0,"[0.075748, 0.143205, 0.27106, 0.259577, 0.250411]"
Actor,client,99,1325,5,M0,F,evaluation,2,1,0.7550778388977051,1,0.6948522925376892,False,1,0.0,1,"[0.097546, 0.126432, 0.387062, 0.209818, 0.179141]"
Actor,client,99,1337,5,M0,F,evaluation,3,1,0.4509170949459076,0,0.5564348697662354,False,1,0.0,1,"[0.146568, 0.237598, 0.203114, 0.244181, 0.16854]"
Actor,client,99,1350,5,M0,F,evaluation,1,1,0.5627642869949341,0,0.5864935517311096,False,4,0.25,0,"[0.072553, 0.25505, 0.143003, 0.196405, 0.332989]"
Actor,client,99,1358,5,M0,F,evaluation,3,1,0.5988767743110657,1,0.5564348697662354,False,0,,0,"[0.073553, 0.034295, 0.119736, 0.366644, 0.405772]"
Actor,client,99,1371,5,M0,F,evaluation,3,1,0.8807636499404907,1,0.5564348697662354,False,0,,1,"[0.028104, 0.021316, 0.107699, 0.711833, 0.131049]"
Actor,client,99,1378,5,M0,F,evaluation,4,1,0.6706468462944031,0,0.6842027902603149,False,2,0.5,1,"[0.058558, 0.034793, 0.133791, 0.196779, 0.57608]"
Actor,client,99,1384,5,M0,F,evaluation,4,1,0.5966692566871643,0,0.6842027902603149,False,2,0.0,1,"[0.170376, 0.184157, 0.171556, 0.190651, 0.28326]"
Actor,client,99,1387,5,M0,F,evaluation,1,1,0.40961408615112305,0,0.5864935517311096,False,1,0.0,0,"[0.162935, 0.176515, 0.296705, 0.157799, 0.206045]"
Actor,client,99,1417,5,M0,F,evaluation,0,1,0.5198695063591003,0,0.5510123372077942,False,1,0.0,0,"[0.184881, 0.192529, 0.206398, 0.216185, 0.200007]"
Actor,client,99,1422,5,M0,F,evaluation,0,1,0.5309687256813049,0,0.5510123372077942,False,3,0.3333333333333333,0,"[0.184446, 0.176054, 0.198794, 0.230282, 0.210425]"
Actor,client,99,1434,5,M0,F,evaluation,0,1,0.4365471601486206,0,0.5510123372077942,False,0,,0,"[0.14367, 0.17301, 0.153896, 0.281974, 0.247449]"
Actor,client,99,1439,5,M0,F,evaluation,1,1,0.5623268485069275,0,0.5864935517311096,False,0,,0,"[0.11421, 0.233523, 0.233605, 0.273385, 0.145278]"
Actor,client,99,1440,5,M0,F,evaluation,3,1,0.4313889145851135,0,0.5564348697662354,False,1,0.0,0,"[0.205815, 0.191962, 0.204239, 0.204728, 0.193256]"
Actor,client,99,1444,5,M0,F,evaluation,2,1,0.45839446783065796,0,0.6948522925376892,False,2,0.5,0,"[0.153682, 0.171847, 0.223852, 0.198997, 0.251623]"
Actor,client,99,1464,5,M0,F,evaluation,3,1,0.6379683613777161,1,0.5564348697662354,False,0,,1,"[0.043465, 0.107977, 0.200521, 0.404881, 0.243157]"
Actor,client,99,1506,5,M0,F,evaluation,2,1,0.5884994864463806,0,0.6948522925376892,False,0,,1,"[0.056049, 0.230972, 0.279975, 0.200157, 0.232847]"
Actor,client,99,1508,5,M0,F,evaluation,0,1,0.3712616562843323,0,0.5510123372077942,False,0,,0,"[0.143837, 0.239661, 0.283764, 0.227976, 0.104762]"
Actor,client,99,1519,5,M0,F,evaluation,2,1,0.6299026012420654,0,0.6948522925376892,False,1,0.0,1,"[0.130871, 0.231039, 0.3107, 0.196189, 0.131201]"
Actor,client,99,1521,5,M0,F,evaluation,3,1,0.49444741010665894,0,0.5564348697662354,False,2,0.0,0,"[0.201134, 0.117073, 0.26643, 0.235836, 0.179527]"
Actor,client,99,1522,5,M0,F,evaluation,0,1,0.5055844187736511,0,0.5510123372077942,False,0,,0,"[0.204686, 0.269485, 0.250098, 0.182941, 0.09279]"
Actor,client,99,1523,5,M0,F,evaluation,4,1,0.7056724429130554,1,0.6842027902603149,False,0,,1,"[0.013116, 0.013943, 0.288315, 0.112571, 0.572054]"
Actor,client,99,1524,5,M0,F,evaluation,0,1,0.29047489166259766,0,0.5510123372077942,False,2,0.0,0,"[0.082124, 0.1499, 0.235655, 0.384743, 0.147578]"
Actor,client,99,1532,5,M0,F,evaluation,2,1,0.4512496292591095,0,0.6948522925376892,False,1,1.0,0,"[0.159782, 0.169379, 0.238701, 0.282681, 0.149457]"
Actor,client,99,1536,5,M0,F,evaluation,0,1,0.47810304164886475,0,0.5510123372077942,False,3,0.3333333333333333,0,"[0.171768, 0.188619, 0.260605, 0.236479, 0.14253]"
Actor,client,99,1544,5,M0,F,evaluation,1,1,0.48279643058776855,0,0.5864935517311096,False,1,0.0,0,"[0.159288, 0.184696, 0.185577, 0.307877, 0.162562]"
Actor,client,99,1547,5,M0,F,evaluation,4,1,0.6112645268440247,0,0.6842027902603149,False,2,0.5,1,"[0.082568, 0.074404, 0.080818, 0.305682, 0.456527]"
Actor,client,99,1566,5,M0,F,evaluation,3,1,0.5106214284896851,0,0.5564348697662354,False,1,0.0,1,"[0.15939, 0.229425, 0.176734, 0.285565, 0.148886]"
Actor,client,99,1567,5,M0,F,evaluation,2,1,0.588379979133606,0,0.6948522925376892,False,1,0.0,1,"[0.144591, 0.229713, 0.286888, 0.183159, 0.155649]"
Actor,client,99,1576,5,M0,F,evaluation,2,1,0.3630615472793579,0,0.6948522925376892,False,2,0.0,0,"[0.256598, 0.090998, 0.188178, 0.213064, 0.251162]"
Actor,client,99,1577,5,M0,F,evaluation,3,1,0.7675052285194397,1,0.5564348697662354,False,0,,1,"[0.006961, 0.061317, 0.082468, 0.549371, 0.299883]"
Actor,client,99,1585,5,M0,F,evaluation,2,1,0.6514397859573364,0,0.6948522925376892,False,1,0.0,1,"[0.209499, 0.157046, 0.318351, 0.132638, 0.182465]"
Actor,client,99,1595,5,M0,F,evaluation,4,1,0.7014868259429932,1,0.6842027902603149,False,1,1.0,1,"[0.153037, 0.155132, 0.088523, 0.164895, 0.438413]"
Actor,client,99,1603,5,M0,F,evaluation,4,1,0.4523821473121643,0,0.6842027902603149,False,1,0.0,0,"[0.136829, 0.171588, 0.223195, 0.248931, 0.219457]"
Actor,client,99,1604,5,M0,F,evaluation,3,1,0.47267237305641174,0,0.5564348697662354,False,0,,0,"[0.180906, 0.144931, 0.296618, 0.226141, 0.151404]"
Actor,client,99,1612,5,M0,F,evaluation,2,1,0.48453330993652344,0,0.6948522925376892,False,4,0.0,0,"[0.086039, 0.14309, 0.253988, 0.315414, 0.201469]"
Actor,client,99,1620,5,M0,F,evaluation,1,1,0.5876281261444092,1,0.5864935517311096,False,3,0.0,1,"[0.153634, 0.243375, 0.23892, 0.204437, 0.159635]"
Actor,client,99,1624,5,M0,F,evaluation,2,1,0.4474400281906128,0,0.6948522925376892,False,1,0.0,0,"[0.118216, 0.163226, 0.233527, 0.290477, 0.194554]"
Actor,client,99,1625,5,M0,F,evaluation,1,1,0.8019654750823975,1,0.5864935517311096,False,0,,1,"[0.127606, 0.366243, 0.279488, 0.144379, 0.082284]"
Actor,client,99,1626,5,M0,F,evaluation,2,1,0.3691658079624176,0,0.6948522925376892,False,2,0.0,0,"[0.163152, 0.151708, 0.198585, 0.296134, 0.190421]"
Actor,client,99,1635,5,M0,F,evaluation,0,1,0.8544483184814453,1,0.5510123372077942,False,0,,1,"[0.324005, 0.099145, 0.164284, 0.13998, 0.272586]"
Actor,client,99,1651,5,M0,F,evaluation,4,1,0.5493290424346924,0,0.6842027902603149,False,2,1.0,1,"[0.114862, 0.11576, 0.252524, 0.233936, 0.282918]"
Actor,client,99,1664,5,M0,F,evaluation,3,1,0.49102628231048584,0,0.5564348697662354,False,2,0.0,0,"[0.088793, 0.1462, 0.142507, 0.291329, 0.331171]"
Actor,client,99,1669,5,M0,F,evaluation,2,1,0.7109958529472351,1,0.6948522925376892,False,0,,1,"[0.052538, 0.220801, 0.349472, 0.196543, 0.180646]"
Actor,client,99,1677,5,M0,F,evaluation,4,1,0.6648057699203491,0,0.6842027902603149,False,1,1.0,1,"[0.041491, 0.109279, 0.113213, 0.257658, 0.478358]"
Actor,client,99,1681,5,M0,F,evaluation,3,1,0.5624286532402039,1,0.5564348697662354,False,5,0.2,1,"[0.092515, 0.144807, 0.17243, 0.337736, 0.252513]"
Actor,client,99,1686,5,M0,F,evaluation,3,1,0.44665610790252686,0,0.5564348697662354,False,4,0.25,1,"[0.144227, 0.183207, 0.221605, 0.233803, 0.217158]"
Actor,client,99,1700,5,M0,F,evaluation,4,1,0.5143824219703674,0,0.6842027902603149,False,1,0.0,1,"[0.114746, 0.15516, 0.208051, 0.25682, 0.265222]"
Actor,client,99,1710,5,M0,F,evaluation,1,1,0.6803746819496155,1,0.5864935517311096,False,0,,1,"[0.066035, 0.305791, 0.201219, 0.211399, 0.215556]"
Actor,client,99,1712,5,M0,F,evaluation,0,1,0.3084537386894226,0,0.5510123372077942,False,3,0.0,0,"[0.086473, 0.136551, 0.219271, 0.403689, 0.154016]"
Actor,client,99,1724,5,M0,F,evaluation,4,1,0.6041815876960754,0,0.6842027902603149,False,0,,1,"[0.164103, 0.097551, 0.210808, 0.201687, 0.325851]"
Actor,client,99,1729,5,M0,F,evaluation,3,1,0.5015491843223572,0,0.5564348697662354,False,4,0.25,1,"[0.122295, 0.182575, 0.22925, 0.279769, 0.18611]"
Actor,client,99,1736,5,M0,F,evaluation,0,1,0.30153876543045044,0,0.5510123372077942,False,1,0.0,0,"[0.080414, 0.13577, 0.235548, 0.324988, 0.223281]"
Actor,client,99,1737,5,M0,F,evaluation,3,1,0.4515591859817505,0,0.5564348697662354,False,1,0.0,0,"[0.135416, 0.111488, 0.205838, 0.235052, 0.312207]"
Actor,client,99,1740,5,M0,F,evaluation,4,1,0.668190062046051,0,0.6842027902603149,False,1,0.0,1,"[0.127469, 0.143598, 0.140759, 0.195172, 0.393002]"
Actor,client,99,1763,5,M0,F,evaluation,2,1,0.3964281976222992,0,0.6948522925376892,False,3,0.0,0,"[0.129362, 0.178733, 0.198171, 0.243109, 0.250624]"
Actor,client,99,1768,5,M0,F,evaluation,2,1,0.4614628553390503,0,0.6948522925376892,False,0,,0,"[0.108184, 0.08435, 0.248519, 0.333864, 0.225082]"
Actor,client,99,1769,5,M0,F,evaluation,2,1,0.7194713354110718,1,0.6948522925376892,False,0,,1,"[0.043953, 0.078929, 0.364828, 0.252526, 0.259764]"
Actor,client,99,1771,5,M0,F,evaluation,0,1,0.219972163438797,0,0.5510123372077942,False,2,0.5,0,"[0.076672, 0.27905, 0.222157, 0.263891, 0.158229]"
Actor,client,99,1788,5,M0,F,evaluation,1,1,0.3028084635734558,0,0.5864935517311096,False,2,0.0,0,"[0.10135, 0.127622, 0.238537, 0.284739, 0.247753]"
Actor,client,99,1796,5,M0,F,evaluation,4,1,0.656266987323761,0,0.6842027902603149,False,3,0.0,1,"[0.062457, 0.149514, 0.166956, 0.230743, 0.39033]"
Actor,client,99,1799,5,M0,F,evaluation,3,1,0.6503604650497437,1,0.5564348697662354,False,0,,1,"[0.031474, 0.135854, 0.084526, 0.437849, 0.310296]"
Actor,client,99,1806,5,M0,F,evaluation,4,1,0.599317193031311,0,0.6842027902603149,False,3,0.3333333333333333,1,"[0.073009, 0.18921, 0.194129, 0.233115, 0.310537]"
Actor,client,99,1835,5,M0,F,evaluation,2,1,0.5471987724304199,0,0.6948522925376892,False,0,,0,"[0.09647, 0.104952, 0.290735, 0.332413, 0.17543]"
Actor,client,99,1844,5,M0,F,evaluation,4,1,0.6760153770446777,0,0.6842027902603149,False,1,1.0,1,"[0.014627, 0.011256, 0.015766, 0.170971, 0.787381]"
Actor,client,99,1873,5,M0,F,evaluation,2,1,0.7658370137214661,1,0.6948522925376892,False,0,,1,"[0.119464, 0.051093, 0.416374, 0.299328, 0.113741]"
Actor,client,99,1875,5,M0,F,evaluation,4,1,0.5789154767990112,0,0.6842027902603149,False,1,0.0,1,"[0.077939, 0.105632, 0.271462, 0.233945, 0.311022]"
Actor,client,99,1877,5,M0,F,evaluation,1,1,0.5407217741012573,0,0.5864935517311096,False,0,,0,"[0.084901, 0.244644, 0.266324, 0.189438, 0.214693]"
Actor,client,99,1880,5,M0,F,evaluation,4,1,0.5756548047065735,0,0.6842027902603149,False,1,1.0,1,"[0.14708, 0.197569, 0.227039, 0.175398, 0.252915]"
Actor,client,99,1883,5,M0,F,evaluation,3,1,0.41268008947372437,0,0.5564348697662354,False,4,0.25,0,"[0.101586, 0.230099, 0.275188, 0.22147, 0.171658]"
Actor,client,99,1884,5,M0,F,evaluation,3,1,0.8899871110916138,1,0.5564348697662354,False,0,,1,"[0.018903, 0.063873, 0.034849, 0.754272, 0.128103]"
Actor,client,99,1900,5,M0,F,evaluation,0,1,0.36105167865753174,0,0.5510123372077942,False,4,0.25,0,"[0.121796, 0.198343, 0.176942, 0.300383, 0.202536]"
Actor,client,99,1907,5,M0,F,evaluation,4,1,0.3956286609172821,0,0.6842027902603149,False,1,0.0,0,"[0.129367, 0.202198, 0.165261, 0.291911, 0.211263]"
Actor,client,99,1926,5,M0,F,evaluation,4,1,0.4402605891227722,0,0.6842027902603149,False,0,,0,"[0.142367, 0.276769, 0.171515, 0.21579, 0.193559]"
Actor,client,99,1929,5,M0,F,evaluation,3,1,0.37576231360435486,0,0.5564348697662354,False,1,0.0,0,"[0.157829, 0.225361, 0.244709, 0.177985, 0.194115]"
Actor,client,99,1933,5,M0,F,evaluation,3,1,0.3809615671634674,0,0.5564348697662354,False,2,0.5,0,"[0.125887, 0.218876, 0.192535, 0.199097, 0.263605]"
Actor,client,99,1952,5,M0,F,evaluation,3,1,0.44610488414764404,0,0.5564348697662354,False,3,0.3333333333333333,1,"[0.062647, 0.18575, 0.239306, 0.259407, 0.252891]"
Actor,client,99,1954,5,M0,F,evaluation,4,1,0.7458177804946899,1,0.6842027902603149,False,0,,1,"[0.033423, 0.05588, 0.045014, 0.026576, 0.839107]"
Actor,client,99,1960,5,M0,F,evaluation,2,1,0.4507695138454437,0,0.6948522925376892,False,1,1.0,0,"[0.159284, 0.20022, 0.233778, 0.260479, 0.14624]"
Actor,client,99,1964,5,M0,F,evaluation,3,1,0.34945693612098694,0,0.5564348697662354,False,0,,0,"[0.043008, 0.1779, 0.053852, 0.216962, 0.508278]"
Actor,client,99,1966,5,M0,F,evaluation,2,1,0.48192018270492554,0,0.6948522925376892,False,1,0.0,1,"[0.164876, 0.155371, 0.243763, 0.230061, 0.205929]"
Actor,client,99,1969,5,M0,F,evaluation,3,1,0.4791761040687561,0,0.5564348697662354,False,3,0.3333333333333333,1,"[0.152706, 0.171649, 0.229236, 0.252095, 0.194313]"
Actor,client,99,1970,5,M0,F,evaluation,4,1,0.734950065612793,1,0.6842027902603149,False,1,1.0,1,"[0.055342, 0.161714, 0.151387, 0.152001, 0.479557]"
Actor,client,99,1975,5,M0,F,evaluation,2,1,0.4025801718235016,0,0.6948522925376892,False,1,0.0,0,"[0.116815, 0.186566, 0.199826, 0.242295, 0.254498]"
Actor,client,99,1982,5,M0,F,evaluation,3,1,0.5022326707839966,0,0.5564348697662354,False,2,0.5,1,"[0.070548, 0.217844, 0.165597, 0.310213, 0.235798]"
Actor,client,99,2039,5,M0,F,evaluation,2,1,0.5876367092132568,0,0.6948522925376892,False,4,0.5,0,"[0.091585, 0.123892, 0.307177, 0.312637, 0.16471]"
Actor,client,99,2040,5,M0,F,evaluation,2,1,0.36782315373420715,0,0.6948522925376892,False,0,,0,"[0.191197, 0.140763, 0.178322, 0.189259, 0.300459]"
Actor,client,99,2049,5,M0,F,evaluation,3,1,0.8727191686630249,1,0.5564348697662354,False,0,,1,"[0.015816, 0.008886, 0.006527, 0.710332, 0.258439]"
Actor,client,99,2056,5,M0,F,evaluation,0,1,0.8704105615615845,1,0.5510123372077942,False,0,,1,"[0.345833, 0.115547, 0.195889, 0.142608, 0.200123]"
Actor,client,99,2061,5,M0,F,evaluation,4,1,0.3979873061180115,0,0.6842027902603149,False,1,0.0,0,"[0.115706, 0.151008, 0.298796, 0.24637, 0.18812]"
Actor,client,99,2070,5,M0,F,evaluation,3,1,0.5392563343048096,0,0.5564348697662354,False,1,1.0,1,"[0.08074, 0.11368, 0.204491, 0.317254, 0.283835]"
Actor,client,99,2072,5,M0,F,evaluation,3,1,0.6016818881034851,1,0.5564348697662354,False,3,0.3333333333333333,1,"[0.100215, 0.07009, 0.116954, 0.363856, 0.348885]"
Actor,client,99,2085,5,M0,F,evaluation,2,1,0.5765718817710876,0,0.6948522925376892,False,5,0.4,1,"[0.155622, 0.194435, 0.281211, 0.180839, 0.187893]"
Actor,client,99,2087,5,M0,F,evaluation,2,1,0.26896288990974426,0,0.6948522925376892,False,0,,0,"[0.090349, 0.17284, 0.124827, 0.267355, 0.344629]"
Actor,client,99,2096,5,M0,F,evaluation,2,1,0.29079699516296387,0,0.6948522925376892,False,0,,0,"[0.202875, 0.229961, 0.154835, 0.282558, 0.129771]"
Actor,client,99,2097,5,M0,F,evaluation,2,1,0.2805788516998291,0,0.6948522925376892,False,3,0.3333333333333333,0,"[0.038705, 0.032513, 0.096833, 0.135197, 0.696752]"
Actor,client,99,2122,5,M0,F,evaluation,3,1,0.31578752398490906,0,0.5564348697662354,False,0,,0,"[0.04703, 0.097517, 0.544871, 0.115592, 0.194991]"
Actor,client,99,2125,5,M0,F,evaluation,0,1,0.2803937792778015,0,0.5510123372077942,False,0,,0,"[0.076884, 0.14016, 0.272662, 0.385952, 0.124342]"
Actor,client,99,2127,5,M0,F,evaluation,0,1,0.6190130114555359,1,0.5510123372077942,False,2,0.0,0,"[0.220346, 0.181457, 0.20078, 0.169912, 0.227505]"
Actor,client,99,2129,5,M0,F,evaluation,1,1,0.364149272441864,0,0.5864935517311096,False,3,0.3333333333333333,0,"[0.097858, 0.164841, 0.285055, 0.224906, 0.227339]"
Actor,client,99,2133,5,M0,F,evaluation,2,1,0.4213637709617615,0,0.6948522925376892,False,0,,0,"[0.171492, 0.320224, 0.203763, 0.182904, 0.121618]"
Actor,client,99,2135,5,M0,F,evaluation,2,1,0.468673974275589,0,0.6948522925376892,False,2,0.0,0,"[0.162013, 0.230335, 0.229258, 0.193968, 0.184426]"
Actor,client,99,2153,5,M0,F,evaluation,1,1,0.5768916606903076,0,0.5864935517311096,False,0,,0,"[0.11266, 0.261052, 0.321633, 0.129775, 0.17488]"
Actor,client,99,2172,5,M0,F,evaluation,1,1,0.31931349635124207,0,0.5864935517311096,False,1,0.0,0,"[0.161218, 0.101482, 0.209681, 0.415939, 0.11168]"
Actor,client,99,2173,5,M0,F,evaluation,4,1,0.6822631359100342,0,0.6842027902603149,False,0,,1,"[0.030735, 0.059729, 0.077558, 0.213094, 0.618884]"
Actor,client,99,2174,5,M0,F,evaluation,4,1,0.5312475562095642,0,0.6842027902603149,False,2,0.5,1,"[0.069485, 0.056637, 0.084414, 0.387033, 0.402431]"
Actor,client,99,2178,5,M0,F,evaluation,4,1,0.30893582105636597,0,0.6842027902603149,False,1,0.0,0,"[0.119538, 0.154169, 0.28109, 0.285265, 0.159939]"
Actor,client,99,2187,5,M0,F,evaluation,1,1,0.30657318234443665,0,0.5864935517311096,False,18,0.2777777777777778,0,"[0.075047, 0.146001, 0.192623, 0.209185, 0.377144]"
Actor,client,99,2194,5,M0,F,evaluation,4,1,0.7070955038070679,1,0.6842027902603149,False,1,1.0,1,"[0.103799, 0.138685, 0.087628, 0.180031, 0.489857]"
Actor,client,99,2196,5,M0,F,evaluation,3,1,0.3748227655887604,0,0.5564348697662354,False,2,0.5,0,"[0.166258, 0.083553, 0.173472, 0.169271, 0.407446]"
Actor,client,99,2200,5,M0,F,evaluation,2,1,0.4363323152065277,0,0.6948522925376892,False,2,0.0,0,"[0.191178, 0.164563, 0.209201, 0.163165, 0.271893]"
Actor,client,99,2211,5,M0,F,evaluation,3,1,0.865296483039856,1,0.5564348697662354,False,0,,1,"[0.033012, 0.066908, 0.09097, 0.685311, 0.123799]"
Actor,client,99,2215,5,M0,F,evaluation,2,1,0.381386935710907,0,0.6948522925376892,False,2,0.5,0,"[0.125912, 0.079437, 0.195486, 0.271573, 0.327592]"
Actor,client,99,2218,5,M0,F,evaluation,2,1,0.5275543928146362,0,0.6948522925376892,False,0,,0,"[0.166734, 0.270498, 0.246507, 0.129638, 0.186622]"
Actor,client,99,2222,5,M0,F,evaluation,1,1,0.46630993485450745,0,0.5864935517311096,False,0,,0,"[0.021682, 0.225207, 0.120508, 0.225575, 0.407027]"
Actor,client,99,2223,5,M0,F,evaluation,0,1,0.5809928178787231,1,0.5510123372077942,False,0,,0,"[0.21504, 0.197817, 0.261735, 0.191819, 0.13359]"
Actor,client,99,2226,5,M0,F,evaluation,1,1,0.4830895662307739,0,0.5864935517311096,False,1,0.0,0,"[0.182479, 0.190583, 0.160626, 0.221661, 0.244652]"
Actor,client,99,2241,5,M0,F,evaluation,1,1,0.5200151801109314,0,0.5864935517311096,False,4,0.0,0,"[0.095193, 0.221142, 0.173093, 0.271496, 0.239075]"
Actor,client,99,2253,5,M0,F,evaluation,0,1,0.24541370570659637,0,0.5510123372077942,False,4,0.5,0,"[0.064026, 0.18885, 0.151165, 0.389114, 0.206845]"
Actor,client,99,2255,5,M0,F,evaluation,4,1,0.5735422968864441,0,0.6842027902603149,False,2,0.0,1,"[0.056888, 0.075756, 0.160249, 0.319417, 0.38769]"
Actor,client,99,2262,5,M0,F,evaluation,1,1,0.5056952238082886,0,0.5864935517311096,False,2,0.0,0,"[0.167618, 0.209753, 0.254751, 0.183713, 0.184165]"
Actor,client,99,2264,5,M0,F,evaluation,4,1,0.6891940832138062,1,0.6842027902603149,False,0,,1,"[0.068919, 0.095011, 0.079483, 0.208565, 0.548023]"
Actor,client,99,2270,5,M0,F,evaluation,1,1,0.48397180438041687,0,0.5864935517311096,False,1,0.0,0,"[0.065688, 0.200875, 0.204505, 0.370531, 0.158401]"
Actor,client,99,2272,5,M0,F,evaluation,1,1,0.6739996671676636,1,0.5864935517311096,False,0,,1,"[0.037975, 0.301453, 0.223054, 0.27281, 0.164707]"
Actor,client,99,2315,5,M0,F,evaluation,1,1,0.39138713479042053,0,0.5864935517311096,False,2,0.0,0,"[0.131992, 0.168428, 0.230171, 0.213767, 0.255642]"
Actor,client,99,2330,5,M0,F,evaluation,4,1,0.6539916396141052,0,0.6842027902603149,False,1,0.0,1,"[0.071551, 0.187416, 0.15634, 0.222646, 0.362048]"
Actor,client,99,2341,5,M0,F,evaluation,2,1,0.5489349961280823,0,0.6948522925376892,False,0,,0,"[0.126994, 0.28989, 0.256242, 0.145131, 0.181743]"
Actor,client,99,2347,5,M0,F,evaluation,3,1,0.6882482767105103,1,0.5564348697662354,False,0,,1,"[0.045765, 0.130502, 0.250475, 0.44274, 0.130517]"
Actor,client,99,2358,5,M0,F,evaluation,1,1,0.8551772236824036,1,0.5864935517311096,False,0,,1,"[0.091665, 0.428375, 0.200062, 0.067165, 0.212732]"
Actor,client,99,2367,5,M0,F,evaluation,1,1,0.4628303050994873,0,0.5864935517311096,False,3,0.0,0,"[0.166871, 0.187889, 0.213802, 0.216232, 0.215206]"
Actor,client,99,2382,5,M0,F,evaluation,4,1,0.5800321698188782,0,0.6842027902603149,False,3,0.3333333333333333,1,"[0.208107, 0.158158, 0.223547, 0.158133, 0.252054]"
Actor,client,99,2389,5,M0,F,evaluation,2,1,0.4966219663619995,0,0.6948522925376892,False,0,,1,"[0.174652, 0.181333, 0.240899, 0.175455, 0.227662]"
Actor,client,99,2398,5,M0,F,evaluation,1,1,0.830895721912384,1,0.5864935517311096,False,0,,1,"[0.225636, 0.360391, 0.13693, 0.14147, 0.135572]"
Actor,client,99,2400,5,M0,F,evaluation,2,1,0.4483835995197296,0,0.6948522925376892,False,1,0.0,0,"[0.146634, 0.239183, 0.227386, 0.242585, 0.144213]"
Actor,client,99,2402,5,M0,F,evaluation,4,1,0.3822120130062103,0,0.6842027902603149,False,2,1.0,0,"[0.043087, 0.1436, 0.159867, 0.391596, 0.26185]"
Actor,client,99,2409,5,M0,F,evaluation,4,1,0.6146094799041748,0,0.6842027902603149,False,1,1.0,1,"[0.196119, 0.168561, 0.120265, 0.200238, 0.314817]"
Actor,client,99,2419,5,M0,F,evaluation,3,1,0.47712811827659607,0,0.5564348697662354,False,0,,0,"[0.115599, 0.203106, 0.074539, 0.287208, 0.319547]"
Actor,client,99,2425,5,M0,F,evaluation,3,1,0.8088502883911133,1,0.5564348697662354,False,0,,1,"[0.046502, 0.057706, 0.145733, 0.578291, 0.171768]"
Actor,client,99,2449,5,M0,F,evaluation,4,1,0.6004887819290161,0,0.6842027902603149,False,3,0.3333333333333333,1,"[0.151423, 0.162852, 0.150153, 0.221515, 0.314056]"
Actor,client,99,2466,5,M0,F,evaluation,3,1,0.35405781865119934,0,0.5564348697662354,False,0,,0,"[0.146109, 0.329076, 0.228175, 0.177848, 0.118792]"
Actor,client,99,2468,5,M0,F,evaluation,4,1,0.4548599421977997,0,0.6842027902603149,False,7,0.2857142857142857,0,"[0.143894, 0.150307, 0.234922, 0.249138, 0.221738]"
Actor,client,99,2478,5,M0,F,evaluation,1,1,0.6037493348121643,1,0.5864935517311096,False,4,0.0,0,"[0.075018, 0.256372, 0.150123, 0.299781, 0.218706]"
Actor,client,99,2485,5,M0,F,evaluation,2,1,0.479203999042511,0,0.6948522925376892,False,0,,0,"[0.087165, 0.171091, 0.238871, 0.256086, 0.246786]"
Actor,client,99,2495,5,M0,F,evaluation,4,1,0.6945858597755432,1,0.6842027902603149,False,0,,1,"[0.024339, 0.010113, 0.018297, 0.111585, 0.835666]"
Actor,client,99,2500,5,M0,F,evaluation,4,1,0.30114081501960754,0,0.6842027902603149,False,1,0.0,0,"[0.201471, 0.149215, 0.22542, 0.276738, 0.147155]"
Actor,client,99,2507,5,M0,F,evaluation,4,1,0.41943830251693726,0,0.6842027902603149,False,1,1.0,0,"[0.23488, 0.16889, 0.250267, 0.184197, 0.161765]"
Actor,client,99,2510,5,M0,F,evaluation,2,1,0.4171825349330902,0,0.6948522925376892,False,3,0.0,0,"[0.151103, 0.191542, 0.200779, 0.191913, 0.264662]"
Actor,client,99,2518,5,M0,F,evaluation,4,1,0.6813238859176636,0,0.6842027902603149,False,0,,1,"[0.021428, 0.013629, 0.026779, 0.158063, 0.780101]"
Actor,client,99,2520,5,M0,F,evaluation,3,1,0.46863675117492676,0,0.5564348697662354,False,1,1.0,0,"[0.170138, 0.112624, 0.219555, 0.233687, 0.263996]"
Actor,client,99,2530,5,M0,F,evaluation,0,1,0.563377320766449,1,0.5510123372077942,False,2,1.0,0,"[0.192151, 0.154599, 0.211253, 0.229552, 0.212444]"
Actor,client,99,2533,5,M0,F,evaluation,2,1,0.8001378178596497,1,0.6948522925376892,False,0,,1,"[0.035746, 0.25994, 0.395982, 0.114958, 0.193374]"
Actor,client,99,2550,5,M0,F,evaluation,2,1,0.3843076229095459,0,0.6948522925376892,False,1,0.0,0,"[0.191533, 0.253431, 0.194638, 0.222417, 0.137981]"
Actor,client,99,2555,5,M0,F,evaluation,3,1,0.4307195842266083,0,0.5564348697662354,False,1,0.0,0,"[0.215504, 0.177947, 0.256403, 0.192611, 0.157536]"
Actor,client,99,2556,5,M0,F,evaluation,4,1,0.5111607313156128,0,0.6842027902603149,False,3,0.3333333333333333,0,"[0.197559, 0.272757, 0.152082, 0.172379, 0.205222]"
Actor,client,99,2560,5,M0,F,evaluation,4,1,0.6491425633430481,0,0.6842027902603149,False,1,0.0,1,"[0.074708, 0.062133, 0.056207, 0.260567, 0.546385]"
Actor,client,99,2566,5,M0,F,evaluation,3,1,0.588257372379303,1,0.5564348697662354,False,4,0.25,1,"[0.048557, 0.1694, 0.130147, 0.380531, 0.271365]"
Actor,client,99,2567,5,M0,F,evaluation,2,1,0.4902413785457611,0,0.6948522925376892,False,3,0.3333333333333333,1,"[0.149134, 0.203463, 0.24801, 0.237782, 0.161611]"
Actor,client,99,2585,5,M0,F,evaluation,3,1,0.4966101050376892,0,0.5564348697662354,False,0,,1,"[0.062962, 0.139714, 0.246639, 0.289871, 0.260814]"
Actor,client,99,2596,5,M0,F,evaluation,2,1,0.38294604420661926,0,0.6948522925376892,False,4,0.25,0,"[0.14084, 0.123977, 0.210268, 0.3284, 0.196516]"
Actor,client,99,2604,5,M0,F,evaluation,4,1,0.7137316465377808,1,0.6842027902603149,False,1,1.0,1,"[0.155852, 0.248765, 0.157546, 0.10775, 0.330086]"
Actor,client,99,2613,5,M0,F,evaluation,3,1,0.5168489217758179,0,0.5564348697662354,False,0,,1,"[0.110751, 0.149411, 0.266623, 0.286373, 0.186843]"
Actor,client,99,2623,5,M0,F,evaluation,2,1,0.42820823192596436,0,0.6948522925376892,False,1,0.0,0,"[0.182644, 0.151408, 0.231086, 0.290666, 0.144196]"
Actor,client,99,2625,5,M0,F,evaluation,3,1,0.3926154375076294,0,0.5564348697662354,False,5,0.0,0,"[0.13358, 0.200988, 0.202624, 0.202098, 0.260709]"
Actor,client,99,2642,5,M0,F,evaluation,3,1,0.497479647397995,0,0.5564348697662354,False,1,1.0,1,"[0.181537, 0.157104, 0.244204, 0.251832, 0.165322]"
Actor,client,99,2644,5,M0,F,evaluation,2,1,0.42132681608200073,0,0.6948522925376892,False,4,0.0,0,"[0.1082, 0.244483, 0.216991, 0.280813, 0.149513]"
Actor,client,99,2647,5,M0,F,evaluation,2,1,0.5433695316314697,0,0.6948522925376892,False,0,,0,"[0.052601, 0.022908, 0.272963, 0.283511, 0.368018]"
Actor,client,99,2652,5,M0,F,evaluation,4,1,0.6906178593635559,1,0.6842027902603149,False,1,1.0,1,"[0.036133, 0.15676, 0.104346, 0.238384, 0.464376]"
Actor,client,99,2657,5,M0,F,evaluation,1,1,0.3400903642177582,0,0.5864935517311096,False,2,0.0,0,"[0.126282, 0.133005, 0.125537, 0.311739, 0.303438]"
Actor,client,99,2662,5,M0,F,evaluation,2,1,0.5501302480697632,0,0.6948522925376892,False,0,,0,"[0.066281, 0.145501, 0.295542, 0.363558, 0.129118]"
Actor,client,99,2666,5,M0,F,evaluation,3,1,0.39305809140205383,0,0.5564348697662354,False,1,1.0,0,"[0.136792, 0.213451, 0.222994, 0.199929, 0.226834]"
Actor,client,99,2681,5,M0,F,evaluation,0,1,0.4938289225101471,0,0.5510123372077942,False,2,0.0,0,"[0.185413, 0.238068, 0.154026, 0.23984, 0.182653]"
Actor,client,99,2702,5,M0,F,evaluation,1,1,0.5944889783859253,1,0.5864935517311096,False,5,0.0,0,"[0.134956, 0.244071, 0.155923, 0.24888, 0.21617]"
Actor,client,99,2712,5,M0,F,evaluation,3,1,0.35781624913215637,0,0.5564348697662354,False,1,1.0,0,"[0.159313, 0.224265, 0.279857, 0.158932, 0.177632]"
Actor,client,99,2713,5,M0,F,evaluation,0,1,0.3665575683116913,0,0.5510123372077942,False,0,,0,"[0.141578, 0.239606, 0.360296, 0.105604, 0.152915]"
Actor,client,99,2731,5,M0,F,evaluation,3,1,0.38735347986221313,0,0.5564348697662354,False,2,0.0,0,"[0.168823, 0.17376, 0.176297, 0.186679, 0.294441]"
Actor,client,99,2734,5,M0,F,evaluation,0,1,0.48481738567352295,0,0.5510123372077942,False,1,0.0,0,"[0.179783, 0.210162, 0.304243, 0.139681, 0.166131]"
Actor,client,99,2736,5,M0,F,evaluation,3,1,0.47132807970046997,0,0.5564348697662354,False,2,0.5,1,"[0.079937, 0.139886, 0.262801, 0.263826, 0.253551]"
Actor,client,99,2738,5,M0,F,evaluation,3,1,0.4336133897304535,0,0.5564348697662354,False,2,0.0,0,"[0.12302, 0.202286, 0.179811, 0.239098, 0.255785]"
Actor,client,99,2744,5,M0,F,evaluation,3,1,0.4619191288948059,0,0.5564348697662354,False,1,0.0,1,"[0.16299, 0.229766, 0.207501, 0.245097, 0.154646]"
Actor,client,99,2752,5,M0,F,evaluation,3,1,0.4620155692100525,0,0.5564348697662354,False,2,0.5,1,"[0.117907, 0.1979, 0.224727, 0.255051, 0.204415]"
Actor,client,99,2761,5,M0,F,evaluation,3,1,0.3710085451602936,0,0.5564348697662354,False,1,0.0,0,"[0.209741, 0.271268, 0.21212, 0.165407, 0.141465]"
Actor,client,99,2765,5,M0,F,evaluation,3,1,0.5462850332260132,0,0.5564348697662354,False,0,,1,"[0.067162, 0.237815, 0.222606, 0.338043, 0.134374]"
Actor,client,99,2770,5,M0,F,evaluation,3,1,0.49130627512931824,0,0.5564348697662354,False,0,,1,"[0.127233, 0.157441, 0.2369, 0.26707, 0.211356]"
Actor,client,99,2779,5,M0,F,evaluation,1,1,0.6958569884300232,1,0.5864935517311096,False,0,,1,"[0.185311, 0.291724, 0.25634, 0.143501, 0.123125]"
Actor,client,99,2783,5,M0,F,evaluation,0,1,0.39217624068260193,0,0.5510123372077942,False,0,,0,"[0.15914, 0.267887, 0.279691, 0.182516, 0.110766]"
Actor,client,99,2801,5,M0,F,evaluation,0,1,0.458888441324234,0,0.5510123372077942,False,4,0.0,0,"[0.156912, 0.192076, 0.190669, 0.184802, 0.275541]"
Actor,client,99,2817,5,M0,F,evaluation,3,1,0.6400981545448303,1,0.5564348697662354,False,2,1.0,1,"[0.096037, 0.239834, 0.140725, 0.411823, 0.111581]"
Actor,client,99,2821,5,M0,F,evaluation,1,1,0.7253847718238831,1,0.5864935517311096,False,0,,0,"[0.287555, 0.285712, 0.18279, 0.096718, 0.147227]"
Actor,client,99,2825,5,M0,F,evaluation,2,1,0.41296204924583435,0,0.6948522925376892,False,1,0.0,0,"[0.114746, 0.15516, 0.208051, 0.25682, 0.265222]"
Actor,client,99,2844,5,M0,F,evaluation,4,1,0.7046112418174744,1,0.6842027902603149,False,0,,1,"[0.037856, 0.032882, 0.024474, 0.112665, 0.792123]"
Actor,client,99,2849,5,M0,F,evaluation,0,1,0.44571438431739807,0,0.5510123372077942,False,1,0.0,0,"[0.155815, 0.20719, 0.176655, 0.200226, 0.260113]"
Actor,client,99,2856,5,M0,F,evaluation,3,1,0.5450181365013123,0,0.5564348697662354,False,0,,1,"[0.15665, 0.263228, 0.10298, 0.325431, 0.151711]"
Actor,client,99,2862,5,M0,F,evaluation,1,1,0.8059352040290833,1,0.5864935517311096,False,0,,1,"[0.089533, 0.375575, 0.157587, 0.166913, 0.210392]"
Actor,client,99,2863,5,M0,F,evaluation,3,1,0.554604709148407,0,0.5564348697662354,False,3,0.3333333333333333,1,"[0.094656, 0.143197, 0.141808, 0.335135, 0.285203]"
Actor,client,99,2865,5,M0,F,evaluation,2,1,0.49091216921806335,0,0.6948522925376892,False,6,0.5,1,"[0.144604, 0.208199, 0.246954, 0.233635, 0.166608]"
Actor,client,99,2866,5,M0,F,evaluation,3,1,0.4822210967540741,0,0.5564348697662354,False,1,1.0,1,"[0.111259, 0.215252, 0.217105, 0.274706, 0.181678]"
Actor,client,99,2869,5,M0,F,evaluation,4,1,0.7516217231750488,1,0.6842027902603149,False,0,,1,"[0.024397, 0.123191, 0.065541, 0.114563, 0.672309]"
Actor,client,99,2875,5,M0,F,evaluation,3,1,0.6637594699859619,1,0.5564348697662354,False,0,,1,"[0.014822, 0.084125, 0.076235, 0.449957, 0.374862]"
Actor,client,99,2924,5,M0,F,evaluation,4,1,0.4655529260635376,0,0.6842027902603149,False,2,0.0,0,"[0.179058, 0.187082, 0.209624, 0.216881, 0.207355]"
Actor,client,99,2944,5,M0,F,evaluation,1,1,0.6326317191123962,1,0.5864935517311096,False,0,,1,"[0.147665, 0.267636, 0.235787, 0.178551, 0.170361]"
Actor,client,99,2960,5,M0,F,evaluation,4,1,0.57529616355896,0,0.6842027902603149,False,4,0.25,0,"[0.075212, 0.265989, 0.20308, 0.196148, 0.259571]"
Actor,client,99,2964,5,M0,F,evaluation,1,1,0.5623912215232849,0,0.5864935517311096,False,1,0.0,0,"[0.039609, 0.251845, 0.239713, 0.28208, 0.186753]"
Actor,client,99,2965,5,M0,F,evaluation,3,1,0.399065226316452,0,0.5564348697662354,False,1,0.0,0,"[0.126051, 0.173375, 0.310683, 0.192581, 0.19731]"
Actor,client,99,2969,5,M0,F,evaluation,2,1,0.4046779274940491,0,0.6948522925376892,False,1,0.0,0,"[0.135572, 0.190652, 0.209932, 0.274366, 0.189478]"
Actor,client,99,2973,5,M0,F,evaluation,3,1,0.5871778726577759,1,0.5564348697662354,False,3,0.3333333333333333,1,"[0.132218, 0.185618, 0.207426, 0.342471, 0.132267]"
Actor,client,99,2984,5,M0,F,evaluation,3,1,0.762215256690979,1,0.5564348697662354,False,0,,1,"[0.036124, 0.037945, 0.090837, 0.529397, 0.305697]"
Actor,client,99,2988,5,M0,F,evaluation,2,1,0.40774014592170715,0,0.6948522925376892,False,2,0.5,0,"[0.157364, 0.2004, 0.19945, 0.205417, 0.237369]"
Actor,client,99,2992,5,M0,F,evaluation,4,1,0.7195582389831543,1,0.6842027902603149,False,0,,1,"[0.053522, 0.010529, 0.049347, 0.028751, 0.857851]"
Actor,client,99,22,8,M0,F,evaluation,2,1,0.46524086594581604,0,0.6948522925376892,False,6,0.0,0,"[0.149362, 0.17381, 0.228191, 0.20523, 0.243407]"
Actor,client,99,41,8,M0,F,evaluation,4,1,0.6814724206924438,0,0.6842027902603149,False,0,,1,"[0.134597, 0.10748, 0.125342, 0.179694, 0.452887]"
Actor,client,99,48,8,M0,F,evaluation,3,1,0.4596131145954132,0,0.5564348697662354,False,1,0.0,1,"[0.160846, 0.200498, 0.229524, 0.238196, 0.170936]"
Actor,client,99,49,8,M0,F,evaluation,2,1,0.6280953884124756,0,0.6948522925376892,False,3,0.0,0,"[0.152121, 0.13211, 0.288665, 0.089079, 0.338026]"
Actor,client,99,123,8,M0,F,evaluation,4,1,0.5736246109008789,0,0.6842027902603149,False,0,,1,"[0.098021, 0.128721, 0.172156, 0.271074, 0.330028]"
Actor,client,99,457,8,M0,F,evaluation,3,1,0.3984677493572235,0,0.5564348697662354,False,2,0.0,0,"[0.12546, 0.214507, 0.189034, 0.212424, 0.258574]"
Actor,client,99,586,8,M0,F,evaluation,3,1,0.42062991857528687,0,0.5564348697662354,False,2,0.0,0,"[0.205452, 0.164486, 0.299955, 0.181632, 0.148475]"
Actor,client,99,754,8,M0,F,evaluation,4,1,0.4037008285522461,0,0.6842027902603149,False,0,,0,"[0.225636, 0.360391, 0.13693, 0.14147, 0.135572]"
Actor,client,99,821,8,M0,F,evaluation,1,1,0.5860533118247986,0,0.5864935517311096,False,1,1.0,0,"[0.131462, 0.254898, 0.277903, 0.162127, 0.17361]"
Actor,client,99,827,8,M0,F,evaluation,4,1,0.5273039937019348,0,0.6842027902603149,False,1,0.0,0,"[0.076181, 0.178349, 0.329656, 0.186913, 0.2289]"
Actor,client,99,890,8,M0,F,evaluation,0,1,0.33554819226264954,0,0.5510123372077942,False,0,,0,"[0.117665, 0.224326, 0.199075, 0.252364, 0.206569]"
Actor,client,99,909,8,M0,F,evaluation,3,1,0.521836519241333,0,0.5564348697662354,False,0,,0,"[0.107228, 0.078146, 0.191588, 0.293523, 0.329515]"
Actor,client,99,927,8,M0,F,evaluation,3,1,0.498526006937027,0,0.5564348697662354,False,0,,0,"[0.05174, 0.152858, 0.294513, 0.29026, 0.210629]"
Actor,client,99,945,8,M0,F,evaluation,3,1,0.43650105595588684,0,0.5564348697662354,False,1,1.0,0,"[0.106483, 0.26467, 0.21133, 0.249211, 0.168307]"
Actor,client,99,955,8,M0,F,evaluation,1,1,0.5028114914894104,0,0.5864935517311096,False,1,0.0,0,"[0.184862, 0.206788, 0.245069, 0.164022, 0.19926]"
Actor,client,99,996,8,M0,F,evaluation,3,1,0.37914326786994934,0,0.5564348697662354,False,2,0.0,0,"[0.146324, 0.21977, 0.254672, 0.182649, 0.196585]"
Actor,client,99,1045,8,M0,F,evaluation,4,1,0.4937813878059387,0,0.6842027902603149,False,8,0.0,0,"[0.163325, 0.133494, 0.236563, 0.230214, 0.236403]"
Actor,client,99,1052,8,M0,F,evaluation,4,1,0.7187768816947937,1,0.6842027902603149,False,0,,1,"[0.106738, 0.07493, 0.227197, 0.094092, 0.497043]"
Actor,client,99,1076,8,M0,F,evaluation,2,1,0.5074375867843628,0,0.6948522925376892,False,1,0.0,1,"[0.157781, 0.141074, 0.255005, 0.225876, 0.220264]"
Actor,client,99,1195,8,M0,F,evaluation,1,1,0.5233738422393799,0,0.5864935517311096,False,5,0.0,0,"[0.136501, 0.218157, 0.243095, 0.230739, 0.171508]"
Actor,client,99,1251,8,M0,F,evaluation,4,1,0.5645618438720703,0,0.6842027902603149,False,1,0.0,1,"[0.146756, 0.176698, 0.219219, 0.196403, 0.260924]"
Actor,client,99,1299,8,M0,F,evaluation,3,1,0.6828233003616333,1,0.5564348697662354,False,3,0.0,1,"[0.078044, 0.120752, 0.142809, 0.439888, 0.218507]"
Actor,client,99,1349,8,M0,F,evaluation,1,1,0.5565483570098877,0,0.5864935517311096,False,1,0.0,0,"[0.151944, 0.234345, 0.234415, 0.181372, 0.197924]"
Actor,client,99,1554,8,M0,F,evaluation,1,1,0.5608078241348267,0,0.5864935517311096,False,2,0.0,0,"[0.290296, 0.205192, 0.19498, 0.14166, 0.167873]"
Actor,client,99,1587,8,M0,F,evaluation,2,1,0.655691921710968,0,0.6948522925376892,False,1,1.0,1,"[0.122168, 0.203578, 0.324054, 0.1961, 0.154099]"
Actor,client,99,1600,8,M0,F,evaluation,2,1,0.4861532747745514,0,0.6948522925376892,False,0,,0,"[0.15554, 0.295408, 0.234982, 0.181095, 0.132975]"
Actor,client,99,1629,8,M0,F,evaluation,1,1,0.4556701183319092,0,0.5864935517311096,False,2,0.0,0,"[0.14525, 0.18618, 0.138751, 0.242432, 0.287388]"
Actor,client,99,1661,8,M0,F,evaluation,4,1,0.381591796875,0,0.6842027902603149,False,2,0.0,0,"[0.121551, 0.188543, 0.254685, 0.252573, 0.182648]"
Actor,client,99,1689,8,M0,F,evaluation,4,1,0.7023245692253113,1,0.6842027902603149,False,1,0.0,1,"[0.080968, 0.029674, 0.337426, 0.088899, 0.463032]"
Actor,client,99,1789,8,M0,F,evaluation,1,1,0.530157744884491,0,0.5864935517311096,False,1,0.0,0,"[0.144802, 0.22368, 0.260876, 0.196694, 0.173948]"
Actor,client,99,1801,8,M0,F,evaluation,2,1,0.4939204156398773,0,0.6948522925376892,False,1,0.0,1,"[0.20008, 0.212195, 0.242545, 0.174804, 0.170376]"
Actor,client,99,1831,8,M0,F,evaluation,1,1,0.6322817206382751,1,0.5864935517311096,False,1,0.0,0,"[0.086446, 0.267987, 0.195695, 0.285263, 0.164609]"
Actor,client,99,1846,8,M0,F,evaluation,2,1,0.7930341362953186,1,0.6948522925376892,False,2,1.0,1,"[0.073314, 0.195106, 0.412386, 0.200615, 0.118579]"
Actor,client,99,1879,8,M0,F,evaluation,3,1,0.539117157459259,0,0.5564348697662354,False,3,0.0,1,"[0.044176, 0.056348, 0.28604, 0.313201, 0.300235]"
Actor,client,99,1997,8,M0,F,evaluation,1,1,0.6669871807098389,1,0.5864935517311096,False,0,,1,"[0.144122, 0.289619, 0.220124, 0.13825, 0.207885]"
Actor,client,99,2136,8,M0,F,evaluation,2,1,0.5684638023376465,0,0.6948522925376892,False,2,0.5,1,"[0.139448, 0.120384, 0.286746, 0.237772, 0.21565]"
Actor,client,99,2185,8,M0,F,evaluation,3,1,0.4555341899394989,0,0.5564348697662354,False,3,0.0,0,"[0.148546, 0.209366, 0.244732, 0.238404, 0.158952]"
Actor,client,99,2230,8,M0,F,evaluation,1,1,0.5932409763336182,1,0.5864935517311096,False,1,0.0,1,"[0.100737, 0.258394, 0.231279, 0.21221, 0.19738]"
Actor,client,99,2279,8,M0,F,evaluation,4,1,0.5499271750450134,0,0.6842027902603149,False,3,0.0,1,"[0.11653, 0.231273, 0.233521, 0.182016, 0.23666]"
Actor,client,99,2300,8,M0,F,evaluation,2,1,0.5699997544288635,0,0.6948522925376892,False,2,0.0,1,"[0.187656, 0.165359, 0.282828, 0.187371, 0.176786]"
Actor,client,99,2323,8,M0,F,evaluation,4,1,0.377957284450531,0,0.6842027902603149,False,1,0.0,0,"[0.126402, 0.187545, 0.240701, 0.260563, 0.184789]"
Actor,client,99,2390,8,M0,F,evaluation,3,1,0.5844882726669312,1,0.5564348697662354,False,1,0.0,1,"[0.128672, 0.149307, 0.222811, 0.335607, 0.163603]"
Actor,client,99,2393,8,M0,F,evaluation,3,1,0.5220423340797424,0,0.5564348697662354,False,3,0.3333333333333333,1,"[0.143702, 0.201391, 0.174812, 0.296443, 0.183653]"
Actor,client,99,2435,8,M0,F,evaluation,1,1,0.42922165989875793,0,0.5864935517311096,False,2,0.0,0,"[0.11294, 0.181681, 0.235188, 0.265817, 0.204373]"
Actor,client,99,2511,8,M0,F,evaluation,3,1,0.5399953722953796,0,0.5564348697662354,False,1,0.0,1,"[0.172298, 0.109121, 0.231935, 0.282228, 0.204418]"
Actor,client,99,2683,8,M0,F,evaluation,0,1,0.24886317551136017,0,0.5510123372077942,False,1,0.0,0,"[0.096752, 0.292542, 0.218479, 0.253196, 0.139031]"
Actor,client,99,2698,8,M0,F,evaluation,4,1,0.6715163588523865,0,0.6842027902603149,False,2,0.0,1,"[0.110577, 0.161844, 0.187037, 0.177283, 0.363258]"
Actor,client,99,2732,8,M0,F,evaluation,0,1,0.35805386304855347,0,0.5510123372077942,False,1,0.0,0,"[0.115316, 0.169065, 0.227262, 0.300881, 0.187476]"
Actor,client,99,2773,8,M0,F,evaluation,1,1,0.5915738344192505,1,0.5864935517311096,False,2,0.0,0,"[0.116249, 0.256796, 0.158658, 0.186895, 0.281401]"
Actor,client,99,2928,8,M0,F,evaluation,3,1,0.4030352234840393,0,0.5564348697662354,False,4,0.25,0,"[0.079768, 0.2989, 0.093185, 0.252869, 0.275279]"
Actor,client,99,2997,8,M0,F,evaluation,1,1,0.6383894681930542,1,0.5864935517311096,False,3,0.3333333333333333,1,"[0.148867, 0.26486, 0.178599, 0.21014, 0.197534]"
Actor,client,99,3017,8,M0,F,evaluation,4,1,0.465754896402359,0,0.6842027902603149,False,2,0.0,0,"[0.155172, 0.16022, 0.256897, 0.218103, 0.209608]"
Actor,client,99,3066,8,M0,F,evaluation,1,1,0.5637559294700623,0,0.5864935517311096,False,1,0.0,1,"[0.155734, 0.233632, 0.229331, 0.199674, 0.18163]"
Actor,client,99,3071,8,M0,F,evaluation,4,1,0.3963804244995117,0,0.6842027902603149,False,1,0.0,0,"[0.126497, 0.215649, 0.202192, 0.260703, 0.194959]"
Actor,client,99,3106,8,M0,F,evaluation,2,1,0.6033040881156921,0,0.6948522925376892,False,1,0.0,0,"[0.104174, 0.288316, 0.276818, 0.119528, 0.211164]"
Actor,client,99,3197,8,M0,F,evaluation,2,1,0.4241064488887787,0,0.6948522925376892,False,2,0.0,0,"[0.14486, 0.240773, 0.202618, 0.186263, 0.225485]"
Actor,client,99,3209,8,M0,F,evaluation,3,1,0.38444724678993225,0,0.5564348697662354,False,1,0.0,0,"[0.139858, 0.223371, 0.217788, 0.194085, 0.224897]"
Actor,client,99,3278,8,M0,F,evaluation,1,1,0.6499632000923157,1,0.5864935517311096,False,1,0.0,1,"[0.112076, 0.293881, 0.268321, 0.116575, 0.209147]"
Actor,client,99,3353,8,M0,F,evaluation,4,1,0.7348137497901917,1,0.6842027902603149,False,2,0.5,1,"[0.09325, 0.176406, 0.12331, 0.144153, 0.462882]"
Actor,client,99,3354,8,M0,F,evaluation,3,1,0.4553825557231903,0,0.5564348697662354,False,1,0.0,1,"[0.136786, 0.19, 0.221346, 0.243402, 0.208467]"
Actor,client,99,3366,8,M0,F,evaluation,2,1,0.38643792271614075,0,0.6948522925376892,False,5,0.2,0,"[0.160094, 0.134289, 0.189034, 0.209162, 0.307422]"
Actor,client,99,3403,8,M0,F,evaluation,2,1,0.678836464881897,0,0.6948522925376892,False,0,,0,"[0.046244, 0.016372, 0.33595, 0.235433, 0.366001]"
Actor,client,99,3572,8,M0,F,evaluation,1,1,0.4516400396823883,0,0.5864935517311096,False,2,0.0,0,"[0.107823, 0.186754, 0.226092, 0.302917, 0.176414]"
Actor,client,99,3577,8,M0,F,evaluation,0,1,0.43630146980285645,0,0.5510123372077942,False,2,0.0,0,"[0.154887, 0.193763, 0.262945, 0.209101, 0.179304]"
Actor,client,99,3620,8,M0,F,evaluation,2,1,0.4665010869503021,0,0.6948522925376892,False,2,0.0,0,"[0.122671, 0.267524, 0.228939, 0.218807, 0.162059]"
Actor,client,99,3646,8,M0,F,evaluation,4,1,0.6902650594711304,1,0.6842027902603149,False,1,1.0,1,"[0.162236, 0.104566, 0.16693, 0.138152, 0.428116]"
Actor,client,99,3672,8,M0,F,evaluation,3,1,0.46189406514167786,0,0.5564348697662354,False,2,0.5,1,"[0.124807, 0.237718, 0.215015, 0.258038, 0.164422]"
Actor,client,99,3684,8,M0,F,evaluation,3,1,0.39617013931274414,0,0.5564348697662354,False,3,0.0,0,"[0.157697, 0.196248, 0.297021, 0.183623, 0.165412]"
Actor,client,99,3686,8,M0,F,evaluation,4,1,0.2888448238372803,0,0.6842027902603149,False,1,1.0,0,"[0.164036, 0.32124, 0.261275, 0.162822, 0.090627]"
Actor,client,99,3804,8,M0,F,evaluation,4,1,0.6463934183120728,0,0.6842027902603149,False,0,,1,"[0.009626, 0.01204, 0.005028, 0.252505, 0.720802]"
Actor,client,99,3813,8,M0,F,evaluation,0,1,0.46244123578071594,0,0.5510123372077942,False,5,0.0,0,"[0.145845, 0.129087, 0.299028, 0.155877, 0.270164]"
Actor,client,99,4042,8,M0,F,evaluation,3,1,0.5365798473358154,0,0.5564348697662354,False,2,0.5,1,"[0.13737, 0.206618, 0.171942, 0.310154, 0.173917]"
Actor,client,99,4131,8,M0,F,evaluation,0,1,0.5095868110656738,0,0.5510123372077942,False,2,0.0,0,"[0.183049, 0.192953, 0.245622, 0.200063, 0.178313]"
Actor,client,99,4176,8,M0,F,evaluation,3,1,0.38402625918388367,0,0.5564348697662354,False,3,0.0,0,"[0.152949, 0.238619, 0.217708, 0.190823, 0.1999]"
Actor,client,99,4210,8,M0,F,evaluation,0,1,0.8108981847763062,1,0.5510123372077942,False,1,0.0,1,"[0.330473, 0.227905, 0.14573, 0.15898, 0.136913]"
Actor,client,99,4215,8,M0,F,evaluation,1,1,0.41822269558906555,0,0.5864935517311096,False,2,0.5,0,"[0.165894, 0.164641, 0.1904, 0.254006, 0.225059]"
Actor,client,99,4345,8,M0,F,evaluation,4,1,0.6562503576278687,0,0.6842027902603149,False,2,0.5,1,"[0.144314, 0.119279, 0.158948, 0.191046, 0.386413]"
Actor,client,99,4687,8,M0,F,evaluation,2,1,0.5489864945411682,0,0.6948522925376892,False,3,0.3333333333333333,0,"[0.216715, 0.098415, 0.257603, 0.106229, 0.32104]"
Actor,client,99,4704,8,M0,F,evaluation,4,1,0.6141594648361206,0,0.6842027902603149,False,2,0.0,1,"[0.145498, 0.162482, 0.199453, 0.189571, 0.302996]"
Actor,client,99,4717,8,M0,F,evaluation,3,1,0.5412018895149231,0,0.5564348697662354,False,8,0.125,0,"[0.070569, 0.052349, 0.179486, 0.319008, 0.378589]"
Actor,client,99,4731,8,M0,F,evaluation,3,1,0.47308745980262756,0,0.5564348697662354,False,1,0.0,1,"[0.1095, 0.226092, 0.184539, 0.274183, 0.205686]"
Actor,client,99,4779,8,M0,F,evaluation,1,1,0.5165325403213501,0,0.5864935517311096,False,7,0.14285714285714285,0,"[0.130881, 0.217051, 0.254356, 0.230452, 0.167261]"
Actor,client,99,4825,8,M0,F,evaluation,1,1,0.39635881781578064,0,0.5864935517311096,False,2,0.0,0,"[0.079059, 0.158942, 0.175618, 0.390528, 0.195854]"
Actor,client,99,4845,8,M0,F,evaluation,1,1,0.30449604988098145,0,0.5864935517311096,False,9,0.3333333333333333,0,"[0.145926, 0.120346, 0.236492, 0.260052, 0.237184]"
Actor,client,99,4859,8,M0,F,evaluation,2,1,0.6598559021949768,0,0.6948522925376892,False,9,0.6666666666666666,1,"[0.070315, 0.123232, 0.329085, 0.24042, 0.236948]"
Actor,client,99,4886,8,M0,F,evaluation,3,1,0.46123167872428894,0,0.5564348697662354,False,6,0.16666666666666666,0,"[0.163724, 0.140024, 0.235821, 0.231278, 0.229154]"
Actor,client,99,4954,8,M0,F,evaluation,2,1,0.42507442831993103,0,0.6948522925376892,False,1,0.0,0,"[0.186267, 0.209092, 0.21446, 0.217297, 0.172883]"
Actor,client,99,5022,8,M0,F,evaluation,0,1,0.6073529720306396,1,0.5510123372077942,False,1,0.0,0,"[0.201722, 0.110642, 0.259987, 0.244765, 0.182883]"
Actor,client,99,5063,8,M0,F,evaluation,4,1,0.7155959606170654,1,0.6842027902603149,False,3,0.6666666666666666,1,"[0.055722, 0.088666, 0.184565, 0.143092, 0.527956]"
Actor,client,99,5122,8,M0,F,evaluation,2,1,0.49854719638824463,0,0.6948522925376892,False,1,0.0,0,"[0.130677, 0.196528, 0.236515, 0.174308, 0.261973]"
Actor,client,99,5267,8,M0,F,evaluation,4,1,0.543116569519043,0,0.6842027902603149,False,6,0.3333333333333333,0,"[0.118936, 0.3552, 0.167729, 0.147377, 0.210758]"
Actor,client,99,5292,8,M0,F,evaluation,0,1,0.45996925234794617,0,0.5510123372077942,False,2,0.0,0,"[0.154855, 0.186024, 0.146276, 0.241875, 0.27097]"
Actor,client,99,5355,8,M0,F,evaluation,4,1,0.5381168723106384,0,0.6842027902603149,False,1,1.0,1,"[0.158638, 0.154768, 0.170124, 0.242167, 0.274303]"
Actor,client,99,5395,8,M0,F,evaluation,1,1,0.38735663890838623,0,0.5864935517311096,False,2,0.0,0,"[0.1095, 0.177906, 0.401473, 0.189982, 0.121139]"
Actor,client,99,5405,8,M0,F,evaluation,2,1,0.7482911944389343,1,0.6948522925376892,False,0,,1,"[0.072629, 0.200298, 0.382317, 0.221092, 0.123664]"
Actor,client,99,5439,8,M0,F,evaluation,1,1,0.442241907119751,0,0.5864935517311096,False,1,0.0,0,"[0.219773, 0.173034, 0.270722, 0.170052, 0.16642]"
Actor,client,99,5490,8,M0,F,evaluation,0,1,0.46904072165489197,0,0.5510123372077942,False,1,0.0,0,"[0.172614, 0.213446, 0.23692, 0.21083, 0.16619]"
Actor,client,99,5519,8,M0,F,evaluation,2,1,0.7615525722503662,1,0.6948522925376892,False,0,,1,"[0.131938, 0.149424, 0.396983, 0.212254, 0.1094]"
Actor,client,99,5520,8,M0,F,evaluation,4,1,0.5763657689094543,0,0.6842027902603149,False,8,0.25,1,"[0.066505, 0.055641, 0.173557, 0.30929, 0.395008]"
Actor,client,99,5575,8,M0,F,evaluation,3,1,0.3002801239490509,0,0.5564348697662354,False,2,0.0,0,"[0.144522, 0.087436, 0.135351, 0.121919, 0.510771]"
Actor,client,99,5644,8,M0,F,evaluation,1,1,0.5844759345054626,0,0.5864935517311096,False,1,0.0,1,"[0.106083, 0.267779, 0.266938, 0.114075, 0.245126]"
Actor,client,99,5694,8,M0,F,evaluation,4,1,0.5448238849639893,0,0.6842027902603149,False,3,0.3333333333333333,1,"[0.165246, 0.187521, 0.195161, 0.202666, 0.249406]"
Actor,client,99,5793,8,M0,F,evaluation,0,1,0.5186398029327393,0,0.5510123372077942,False,1,0.0,0,"[0.196313, 0.234648, 0.221741, 0.169484, 0.177815]"
Actor,client,99,5804,8,M0,F,evaluation,0,1,0.5001626014709473,0,0.5510123372077942,False,5,0.0,0,"[0.164248, 0.166701, 0.218488, 0.105255, 0.345308]"
Actor,client,99,5864,8,M0,F,evaluation,4,1,0.4472038149833679,0,0.6842027902603149,False,1,0.0,0,"[0.183577, 0.245185, 0.237261, 0.165743, 0.168234]"
Actor,client,99,5890,8,M0,F,evaluation,3,1,0.5261044502258301,0,0.5564348697662354,False,1,0.0,1,"[0.139852, 0.192647, 0.217946, 0.294036, 0.155519]"
Actor,client,99,5916,8,M0,F,evaluation,3,1,0.4301101565361023,0,0.5564348697662354,False,1,1.0,0,"[0.108935, 0.277306, 0.209795, 0.245216, 0.158748]"
Actor,client,99,5920,8,M0,F,evaluation,4,1,0.7242186069488525,1,0.6842027902603149,False,0,,1,"[0.007473, 0.008135, 0.006503, 0.021711, 0.956177]"
Actor,client,99,6261,8,M0,F,evaluation,3,1,0.4657641649246216,0,0.5564348697662354,False,1,0.0,1,"[0.12547, 0.209497, 0.235528, 0.25494, 0.174565]"
Actor,client,99,6375,8,M0,F,evaluation,1,1,0.5057613253593445,0,0.5864935517311096,False,1,0.0,0,"[0.109884, 0.216571, 0.277189, 0.243976, 0.152381]"
Actor,client,99,6418,8,M0,F,evaluation,0,1,0.44993412494659424,0,0.5510123372077942,False,1,0.0,0,"[0.170378, 0.245271, 0.188129, 0.202607, 0.193614]"
Actor,client,99,6459,8,M0,F,evaluation,2,1,0.5728580951690674,0,0.6948522925376892,False,1,1.0,1,"[0.146251, 0.222823, 0.2808, 0.192493, 0.157633]"
Actor,client,99,6471,8,M0,F,evaluation,0,1,0.5239626169204712,0,0.5510123372077942,False,2,0.0,0,"[0.198467, 0.228643, 0.250385, 0.161242, 0.161263]"
Actor,client,99,6548,8,M0,F,evaluation,1,1,0.56291663646698,0,0.5864935517311096,False,4,0.0,0,"[0.15348, 0.237658, 0.259976, 0.175057, 0.173829]"
Actor,client,99,6650,8,M0,F,evaluation,4,1,0.5318189263343811,0,0.6842027902603149,False,2,0.0,1,"[0.116857, 0.219197, 0.210992, 0.210132, 0.242823]"
Actor,client,99,6714,8,M0,F,evaluation,1,1,0.4406169056892395,0,0.5864935517311096,False,3,0.3333333333333333,0,"[0.15042, 0.187507, 0.283035, 0.191351, 0.187686]"
Actor,client,99,6752,8,M0,F,evaluation,4,1,0.35351574420928955,0,0.6842027902603149,False,1,0.0,0,"[0.103659, 0.124565, 0.194583, 0.354661, 0.222533]"
Actor,client,99,6834,8,M0,F,evaluation,4,1,0.2938790023326874,0,0.6842027902603149,False,3,0.3333333333333333,0,"[0.144146, 0.126315, 0.210143, 0.340945, 0.178451]"
Actor,client,99,6843,8,M0,F,evaluation,2,1,0.44979676604270935,0,0.6948522925376892,False,3,0.3333333333333333,0,"[0.102699, 0.23022, 0.225454, 0.254341, 0.187286]"
Actor,client,99,6859,8,M0,F,evaluation,3,1,0.38630667328834534,0,0.5564348697662354,False,1,0.0,0,"[0.09866, 0.236175, 0.156122, 0.219027, 0.290015]"
Actor,client,99,6962,8,M0,F,evaluation,3,1,0.43089962005615234,0,0.5564348697662354,False,6,0.5,0,"[0.128853, 0.231864, 0.237024, 0.230646, 0.171613]"
Actor,client,99,6981,8,M0,F,evaluation,0,1,0.3749052882194519,0,0.5510123372077942,False,2,0.0,0,"[0.140961, 0.262454, 0.173917, 0.166675, 0.255993]"
Actor,client,99,7141,8,M0,F,evaluation,3,1,0.403982549905777,0,0.5564348697662354,False,4,0.0,0,"[0.129803, 0.170613, 0.317832, 0.193726, 0.188026]"
Actor,client,99,7178,8,M0,F,evaluation,4,1,0.6556538939476013,0,0.6842027902603149,False,1,1.0,1,"[0.100856, 0.076127, 0.139181, 0.220887, 0.462949]"
Actor,client,99,7202,8,M0,F,evaluation,0,1,0.3709164559841156,0,0.5510123372077942,False,1,0.0,0,"[0.140129, 0.245246, 0.194651, 0.260567, 0.159407]"
Actor,client,99,7302,8,M0,F,evaluation,0,1,0.6208196878433228,1,0.5510123372077942,False,0,,0,"[0.209978, 0.119684, 0.247729, 0.25591, 0.166699]"
Actor,client,99,7408,8,M0,F,evaluation,1,1,0.5138052701950073,0,0.5864935517311096,False,1,0.0,0,"[0.118424, 0.218105, 0.175682, 0.232867, 0.254922]"
Actor,client,99,7440,8,M0,F,evaluation,2,1,0.6686028242111206,0,0.6948522925376892,False,0,,0,"[0.140145, 0.388664, 0.302032, 0.039217, 0.129941]"
Actor,client,99,7485,8,M0,F,evaluation,2,1,0.4507484436035156,0,0.6948522925376892,False,4,0.25,0,"[0.119229, 0.236819, 0.216337, 0.200002, 0.227613]"
Actor,client,99,7530,8,M0,F,evaluation,1,1,0.5920568704605103,1,0.5864935517311096,False,1,0.0,1,"[0.161223, 0.242988, 0.238458, 0.206083, 0.151248]"
Actor,client,99,45,8,M0,F,evaluation,1,1,0.3890933692455292,0,0.5864935517311096,False,1,0.0,0,"[0.150845, 0.167145, 0.282997, 0.185546, 0.213467]"
Actor,client,99,277,8,M0,F,evaluation,0,1,0.49443599581718445,0,0.5510123372077942,False,2,0.0,0,"[0.173288, 0.170661, 0.297796, 0.185998, 0.172257]"
Actor,client,99,314,8,M0,F,evaluation,1,1,0.5837313532829285,0,0.5864935517311096,False,2,1.0,0,"[0.080944, 0.264747, 0.285834, 0.179741, 0.188734]"
Actor,client,99,623,8,M0,F,evaluation,4,1,0.7249987125396729,1,0.6842027902603149,False,1,1.0,1,"[0.126214, 0.094659, 0.234381, 0.081805, 0.462941]"
Actor,client,99,672,8,M0,F,evaluation,4,1,0.7247157692909241,1,0.6842027902603149,False,0,,1,"[0.021276, 0.032052, 0.051264, 0.061945, 0.833464]"
Actor,client,99,875,8,M0,F,evaluation,3,1,0.39553794264793396,0,0.5564348697662354,False,1,0.0,0,"[0.119038, 0.275924, 0.271927, 0.207818, 0.125292]"
Actor,client,99,889,8,M0,F,evaluation,4,1,0.7239448428153992,1,0.6842027902603149,False,2,0.5,1,"[0.003704, 0.002605, 0.005403, 0.014746, 0.973542]"
Actor,client,99,939,8,M0,F,evaluation,0,1,0.5311448574066162,0,0.5510123372077942,False,0,,0,"[0.188081, 0.204292, 0.154037, 0.195862, 0.257728]"
Actor,client,99,971,8,M0,F,evaluation,3,1,0.40379953384399414,0,0.5564348697662354,False,2,0.0,0,"[0.0922, 0.310137, 0.243859, 0.230411, 0.123393]"
Actor,client,99,1099,8,M0,F,evaluation,2,1,0.3461911082267761,0,0.6948522925376892,False,1,0.0,0,"[0.093228, 0.323984, 0.169643, 0.256892, 0.156253]"
Actor,client,99,1123,8,M0,F,evaluation,4,1,0.4378128945827484,0,0.6842027902603149,False,1,0.0,0,"[0.094388, 0.210586, 0.214926, 0.261456, 0.218643]"
Actor,client,99,1147,8,M0,F,evaluation,2,1,0.5879031419754028,0,0.6948522925376892,False,0,,1,"[0.130144, 0.229571, 0.287497, 0.195359, 0.157429]"
Actor,client,99,1303,8,M0,F,evaluation,1,1,0.8043140769004822,1,0.5864935517311096,False,1,0.0,1,"[0.13835, 0.345295, 0.16523, 0.274496, 0.07663]"
Actor,client,99,1319,8,M0,F,evaluation,1,1,0.5432376265525818,0,0.5864935517311096,False,3,1.0,0,"[0.077413, 0.249534, 0.300579, 0.178097, 0.194377]"
Actor,client,99,1415,8,M0,F,evaluation,3,1,0.6015124320983887,1,0.5564348697662354,False,0,,1,"[0.041061, 0.147873, 0.126813, 0.391278, 0.292974]"
Actor,client,99,1458,8,M0,F,evaluation,0,1,0.39217624068260193,0,0.5510123372077942,False,0,,0,"[0.15914, 0.267887, 0.279691, 0.182516, 0.110766]"
Actor,client,99,1520,8,M0,F,evaluation,1,1,0.7305866479873657,1,0.5864935517311096,False,1,1.0,1,"[0.076306, 0.333831, 0.244625, 0.172433, 0.172804]"
Actor,client,99,1945,8,M0,F,evaluation,3,1,0.503921389579773,0,0.5564348697662354,False,2,0.0,1,"[0.061365, 0.120671, 0.263844, 0.291451, 0.262668]"
Actor,client,99,2089,8,M0,F,evaluation,3,1,0.6314060688018799,1,0.5564348697662354,False,2,0.5,1,"[0.075534, 0.159233, 0.211439, 0.392891, 0.160903]"
Actor,client,99,2361,8,M0,F,evaluation,0,1,0.5020787119865417,0,0.5510123372077942,False,1,0.0,0,"[0.209022, 0.297541, 0.206753, 0.192089, 0.094594]"
Actor,client,99,2460,8,M0,F,evaluation,3,1,0.7883277535438538,1,0.5564348697662354,False,1,1.0,1,"[0.067605, 0.114557, 0.108152, 0.556635, 0.153051]"
Actor,client,99,2720,8,M0,F,evaluation,1,1,0.6154289245605469,1,0.5864935517311096,False,3,0.0,1,"[0.118721, 0.256326, 0.174858, 0.255661, 0.194434]"
Actor,client,99,2764,8,M0,F,evaluation,3,1,0.6334686875343323,1,0.5564348697662354,False,3,0.3333333333333333,1,"[0.028378, 0.033684, 0.187171, 0.400091, 0.350676]"
Actor,client,99,2854,8,M0,F,evaluation,1,1,0.1290145367383957,0,0.5864935517311096,False,4,0.0,0,"[0.011404, 0.061574, 0.041858, 0.102599, 0.782565]"
Actor,client,99,2877,8,M0,F,evaluation,1,1,0.7749252319335938,1,0.5864935517311096,False,1,1.0,1,"[0.142679, 0.346881, 0.178832, 0.130533, 0.201075]"
Actor,client,99,2921,8,M0,F,evaluation,2,1,0.20028924942016602,0,0.6948522925376892,False,2,0.0,0,"[0.014228, 0.103743, 0.076794, 0.320192, 0.485042]"
Actor,client,99,3024,8,M0,F,evaluation,3,1,0.5721904039382935,1,0.5564348697662354,False,1,0.0,1,"[0.153481, 0.115996, 0.160539, 0.322506, 0.247478]"
Actor,client,99,3062,8,M0,F,evaluation,2,1,0.40332892537117004,0,0.6948522925376892,False,1,0.0,0,"[0.11754, 0.306287, 0.202218, 0.250254, 0.123701]"
Actor,client,99,3160,8,M0,F,evaluation,1,1,0.442007452249527,0,0.5864935517311096,False,1,0.0,0,"[0.053461, 0.197117, 0.182028, 0.298317, 0.269077]"
Actor,client,99,3331,8,M0,F,evaluation,3,1,0.5572038888931274,1,0.5564348697662354,False,1,0.0,0,"[0.149766, 0.071438, 0.111056, 0.314522, 0.353218]"
Actor,client,99,3656,8,M0,F,evaluation,4,1,0.7260822057723999,1,0.6842027902603149,False,7,0.5714285714285714,1,"[0.00701, 0.075072, 0.037443, 0.12851, 0.751965]"
Actor,client,99,3679,8,M0,F,evaluation,3,1,0.527777373790741,0,0.5564348697662354,False,0,,0,"[0.096338, 0.192832, 0.325317, 0.296208, 0.089306]"
Actor,client,99,3689,8,M0,F,evaluation,4,1,0.5533555746078491,0,0.6842027902603149,False,1,0.0,1,"[0.146513, 0.178, 0.23232, 0.193001, 0.250167]"
Actor,client,99,3708,8,M0,F,evaluation,2,1,0.4057174026966095,0,0.6948522925376892,False,3,0.6666666666666666,0,"[0.137121, 0.179904, 0.209953, 0.271157, 0.201865]"
Actor,client,99,3982,8,M0,F,evaluation,2,1,0.4000888764858246,0,0.6948522925376892,False,1,0.0,0,"[0.122306, 0.162146, 0.217291, 0.32804, 0.170216]"
Actor,client,99,4011,8,M0,F,evaluation,1,1,0.8117780685424805,1,0.5864935517311096,False,2,1.0,1,"[0.095637, 0.383469, 0.208706, 0.130397, 0.181791]"
Actor,client,99,4623,8,M0,F,evaluation,3,1,0.5177179574966431,0,0.5564348697662354,False,1,0.0,1,"[0.060963, 0.225518, 0.219157, 0.318431, 0.175932]"
Actor,client,99,4640,8,M0,F,evaluation,3,1,0.5922206044197083,1,0.5564348697662354,False,0,,1,"[0.093399, 0.181984, 0.205826, 0.359442, 0.15935]"
Actor,client,99,4670,8,M0,F,evaluation,4,1,0.7228392958641052,1,0.6842027902603149,False,2,0.5,1,"[0.000386, 0.000228, 0.001777, 0.015037, 0.982572]"
Actor,client,99,4721,8,M0,F,evaluation,1,1,0.5903812646865845,1,0.5864935517311096,False,1,0.0,1,"[0.138674, 0.254605, 0.239696, 0.161282, 0.205743]"
Actor,client,99,4820,8,M0,F,evaluation,3,1,0.587121307849884,1,0.5564348697662354,False,2,0.5,1,"[0.097806, 0.173339, 0.201385, 0.353678, 0.173791]"
Actor,client,99,4835,8,M0,F,evaluation,2,1,0.46512269973754883,0,0.6948522925376892,False,2,0.0,0,"[0.128472, 0.194619, 0.234609, 0.246775, 0.195525]"
Actor,client,99,4854,8,M0,F,evaluation,3,1,0.8228886723518372,1,0.5564348697662354,False,2,0.0,1,"[0.075047, 0.098247, 0.119583, 0.59762, 0.109502]"
Actor,client,99,5091,8,M0,F,evaluation,3,1,0.5413265228271484,0,0.5564348697662354,False,4,0.0,0,"[0.067142, 0.030988, 0.150476, 0.321862, 0.429531]"
Actor,client,99,5325,8,M0,F,evaluation,1,1,0.5149614214897156,0,0.5864935517311096,False,1,0.0,0,"[0.147746, 0.213872, 0.200927, 0.213572, 0.223883]"
Actor,client,99,5335,8,M0,F,evaluation,1,1,0.1770927459001541,0,0.5864935517311096,False,6,0.16666666666666666,0,"[0.049186, 0.090758, 0.218471, 0.130337, 0.511248]"
Actor,client,99,5376,8,M0,F,evaluation,2,1,0.6008184552192688,0,0.6948522925376892,False,0,,1,"[0.20478, 0.207197, 0.292119, 0.142821, 0.153083]"
Actor,client,99,5457,8,M0,F,evaluation,4,1,0.5738136768341064,0,0.6842027902603149,False,2,0.0,0,"[0.149384, 0.308298, 0.175471, 0.142569, 0.224278]"
Actor,client,99,5458,8,M0,F,evaluation,2,1,0.6680482029914856,0,0.6948522925376892,False,5,0.2,1,"[0.130127, 0.204876, 0.331797, 0.193797, 0.139402]"
Actor,client,99,5479,8,M0,F,evaluation,4,1,0.3610166907310486,0,0.6842027902603149,False,1,0.0,0,"[0.08224, 0.152276, 0.235908, 0.320474, 0.209102]"
Actor,client,99,5821,8,M0,F,evaluation,1,1,0.8042153120040894,1,0.5864935517311096,False,0,,1,"[0.0435, 0.375349, 0.134276, 0.24332, 0.203556]"
Actor,client,99,5957,8,M0,F,evaluation,4,1,0.7196962237358093,1,0.6842027902603149,False,0,,1,"[0.05099, 0.042734, 0.128465, 0.090308, 0.687503]"
Actor,client,99,6012,8,M0,F,evaluation,2,1,0.5336982607841492,0,0.6948522925376892,False,0,,0,"[0.143777, 0.277696, 0.259173, 0.186753, 0.132601]"
Actor,client,99,6077,8,M0,F,evaluation,3,1,0.5092322826385498,0,0.5564348697662354,False,5,0.4,0,"[0.119747, 0.147243, 0.396846, 0.260798, 0.075367]"
Actor,client,99,6171,8,M0,F,evaluation,3,1,0.7883277535438538,1,0.5564348697662354,False,1,1.0,1,"[0.067605, 0.114557, 0.108152, 0.556635, 0.153051]"
Actor,client,99,6197,8,M0,F,evaluation,3,1,0.4844416677951813,0,0.5564348697662354,False,0,,0,"[0.023743, 0.426214, 0.052319, 0.351828, 0.145897]"
Actor,client,99,6211,8,M0,F,evaluation,1,1,0.7209752798080444,1,0.5864935517311096,False,1,0.0,1,"[0.11754, 0.306287, 0.202218, 0.250254, 0.123701]"
Actor,client,99,6311,8,M0,F,evaluation,0,1,0.600534200668335,1,0.5510123372077942,False,0,,0,"[0.182502, 0.047486, 0.3443, 0.178382, 0.24733]"
Actor,client,99,6316,8,M0,F,evaluation,3,1,0.5170398354530334,0,0.5564348697662354,False,0,,1,"[0.105143, 0.263015, 0.198484, 0.309584, 0.123773]"
Actor,client,99,6392,8,M0,F,evaluation,4,1,0.4379047155380249,0,0.6842027902603149,False,1,0.0,0,"[0.131473, 0.123393, 0.170384, 0.320068, 0.254682]"
Actor,client,99,6464,8,M0,F,evaluation,3,1,0.5093281865119934,0,0.5564348697662354,False,3,0.0,1,"[0.142948, 0.175642, 0.19856, 0.281588, 0.201263]"
Actor,client,99,6571,8,M0,F,evaluation,4,1,0.7375403046607971,1,0.6842027902603149,False,0,,1,"[0.012437, 0.118547, 0.073041, 0.152645, 0.64333]"
Actor,client,99,6737,8,M0,F,evaluation,2,1,0.39637914299964905,0,0.6948522925376892,False,2,0.0,0,"[0.137409, 0.187602, 0.206022, 0.275697, 0.193269]"
Actor,client,99,6911,8,M0,F,evaluation,2,1,0.4382375180721283,0,0.6948522925376892,False,0,,0,"[0.143211, 0.338784, 0.1984, 0.13145, 0.188156]"
Actor,client,99,7087,8,M0,F,evaluation,4,1,0.6277868747711182,0,0.6842027902603149,False,0,,1,"[0.01453, 0.004724, 0.06903, 0.285432, 0.626283]"
Actor,client,99,7091,8,M0,F,evaluation,2,1,0.3548620641231537,0,0.6948522925376892,False,1,0.0,0,"[0.184284, 0.300556, 0.183333, 0.249415, 0.082412]"
Actor,client,99,7175,8,M0,F,evaluation,4,1,0.7242850065231323,1,0.6842027902603149,False,0,,1,"[8e-05, 8.3e-05, 0.001436, 0.010191, 0.988211]"
Actor,client,99,7367,8,M0,F,evaluation,4,1,0.5871933102607727,0,0.6842027902603149,False,1,0.0,1,"[0.12005, 0.229417, 0.219841, 0.173985, 0.256706]"
Actor,client,99,7369,8,M0,F,evaluation,4,1,0.694430410861969,1,0.6842027902603149,False,2,0.5,1,"[0.059764, 0.17687, 0.074587, 0.233398, 0.455381]"
Actor,client,99,81,8,M0,F,evaluation,3,1,0.5794455409049988,1,0.5564348697662354,False,1,0.0,1,"[0.088209, 0.166822, 0.190409, 0.351917, 0.202643]"
Actor,client,99,91,8,M0,F,evaluation,4,1,0.6946640014648438,1,0.6842027902603149,False,4,0.25,1,"[0.028709, 0.059892, 0.197913, 0.175439, 0.538048]"
Actor,client,99,304,8,M0,F,evaluation,3,1,0.3589594066143036,0,0.5564348697662354,False,4,0.0,0,"[0.064973, 0.236195, 0.236653, 0.199126, 0.263054]"
Actor,client,99,392,8,M0,F,evaluation,1,1,0.8271551728248596,1,0.5864935517311096,False,2,0.0,1,"[0.072468, 0.387237, 0.244773, 0.221726, 0.073796]"
Actor,client,99,521,8,M0,F,evaluation,4,1,0.6870435476303101,1,0.6842027902603149,False,0,,1,"[0.039953, 0.123946, 0.196352, 0.202473, 0.437275]"
Actor,client,99,571,8,M0,F,evaluation,3,1,0.4814554452896118,0,0.5564348697662354,False,1,0.0,0,"[0.122085, 0.190354, 0.283967, 0.259046, 0.144548]"
Actor,client,99,736,8,M0,F,evaluation,4,1,0.3351030945777893,0,0.6842027902603149,False,4,0.0,0,"[0.101767, 0.180433, 0.303973, 0.254246, 0.159581]"
Actor,client,99,957,8,M0,F,evaluation,1,1,0.3643210828304291,0,0.5864935517311096,False,3,0.0,0,"[0.071645, 0.150728, 0.186382, 0.367192, 0.224054]"
Actor,client,99,1074,8,M0,F,evaluation,2,1,0.6837130188941956,0,0.6948522925376892,False,1,0.0,1,"[0.094523, 0.193025, 0.337677, 0.198348, 0.176427]"
Actor,client,99,1154,8,M0,F,evaluation,3,1,0.4732136130332947,0,0.5564348697662354,False,1,0.0,1,"[0.094079, 0.261063, 0.173008, 0.284819, 0.187031]"
Actor,client,99,1291,8,M0,F,evaluation,1,1,0.5553553104400635,0,0.5864935517311096,False,2,0.0,0,"[0.086569, 0.230442, 0.172846, 0.321996, 0.188148]"
Actor,client,99,1433,8,M0,F,evaluation,2,1,0.761702835559845,1,0.6948522925376892,False,2,0.0,1,"[0.090358, 0.123776, 0.38664, 0.189521, 0.209705]"
Actor,client,99,1615,8,M0,F,evaluation,1,1,0.37029126286506653,0,0.5864935517311096,False,0,,0,"[0.061919, 0.181214, 0.401247, 0.202527, 0.153093]"
Actor,client,99,1793,8,M0,F,evaluation,0,1,0.5077544450759888,0,0.5510123372077942,False,3,0.0,0,"[0.173448, 0.174959, 0.222981, 0.169804, 0.258808]"
Actor,client,99,1998,8,M0,F,evaluation,4,1,0.423189252614975,0,0.6842027902603149,False,1,0.0,0,"[0.082869, 0.222166, 0.237435, 0.251668, 0.205863]"
Actor,client,99,2027,8,M0,F,evaluation,2,1,0.4525017738342285,0,0.6948522925376892,False,2,0.5,0,"[0.09658, 0.11607, 0.227454, 0.262285, 0.297611]"
Actor,client,99,2161,8,M0,F,evaluation,3,1,0.5840637683868408,1,0.5564348697662354,False,1,0.0,1,"[0.135466, 0.163342, 0.16504, 0.34218, 0.193972]"
Actor,client,99,2162,8,M0,F,evaluation,1,1,0.5525208711624146,0,0.5864935517311096,False,0,,1,"[0.199869, 0.219635, 0.203885, 0.183286, 0.193325]"
Actor,client,99,2237,8,M0,F,evaluation,1,1,0.5103205442428589,0,0.5864935517311096,False,1,0.0,0,"[0.11543, 0.217558, 0.274495, 0.239385, 0.153133]"
Actor,client,99,2354,8,M0,F,evaluation,3,1,0.6206541657447815,1,0.5564348697662354,False,1,1.0,1,"[0.165956, 0.144648, 0.15509, 0.359198, 0.175109]"
Actor,client,99,2370,8,M0,F,evaluation,1,1,0.5540910363197327,0,0.5864935517311096,False,2,0.5,0,"[0.098714, 0.2385, 0.232558, 0.243017, 0.187211]"
Actor,client,99,2558,8,M0,F,evaluation,3,1,0.4958575963973999,0,0.5564348697662354,False,3,0.0,1,"[0.110873, 0.178049, 0.210405, 0.281606, 0.219068]"
Actor,client,99,2641,8,M0,F,evaluation,2,1,0.5909116864204407,0,0.6948522925376892,False,1,0.0,1,"[0.115791, 0.201316, 0.292746, 0.221341, 0.168806]"
Actor,client,99,2687,8,M0,F,evaluation,2,1,0.756463885307312,1,0.6948522925376892,False,3,0.0,1,"[0.032244, 0.171502, 0.382279, 0.218347, 0.195628]"
Actor,client,99,2923,8,M0,F,evaluation,1,1,0.3797392249107361,0,0.5864935517311096,False,3,0.3333333333333333,0,"[0.135311, 0.172023, 0.373214, 0.158801, 0.16065]"
Actor,client,99,2952,8,M0,F,evaluation,2,1,0.5891866683959961,0,0.6948522925376892,False,1,1.0,1,"[0.117746, 0.168439, 0.298749, 0.253559, 0.161506]"
Actor,client,99,3327,8,M0,F,evaluation,1,1,0.6483787894248962,1,0.5864935517311096,False,1,0.0,1,"[0.0795, 0.281507, 0.143437, 0.251012, 0.244545]"
Actor,client,99,3490,8,M0,F,evaluation,3,1,0.45072662830352783,0,0.5564348697662354,False,0,,0,"[0.02436, 0.157566, 0.426435, 0.248827, 0.142813]"
Actor,client,99,3529,8,M0,F,evaluation,3,1,0.7133888602256775,1,0.5564348697662354,False,2,0.0,1,"[0.149206, 0.129096, 0.145238, 0.444212, 0.132248]"
Actor,client,99,4678,8,M0,F,evaluation,1,1,0.3258005380630493,0,0.5864935517311096,False,1,0.0,0,"[0.113711, 0.140865, 0.232167, 0.242007, 0.27125]"
Actor,client,99,4992,8,M0,F,evaluation,4,1,0.6329732537269592,0,0.6842027902603149,False,0,,1,"[0.097384, 0.074679, 0.17699, 0.235506, 0.41544]"
Actor,client,99,5225,8,M0,F,evaluation,3,1,0.42352035641670227,0,0.5564348697662354,False,1,0.0,0,"[0.143724, 0.226602, 0.204626, 0.223857, 0.201191]"
Actor,client,99,5255,8,M0,F,evaluation,2,1,0.3585008978843689,0,0.6948522925376892,False,0,,0,"[0.09491, 0.224553, 0.19675, 0.351834, 0.131952]"
Actor,client,99,5259,8,M0,F,evaluation,2,1,0.6369388103485107,0,0.6948522925376892,False,4,0.25,1,"[0.095973, 0.169103, 0.309125, 0.192434, 0.233365]"
Actor,client,99,5466,8,M0,F,evaluation,3,1,0.35690563917160034,0,0.5564348697662354,False,0,,0,"[0.016157, 0.05366, 0.035315, 0.221819, 0.673049]"
Actor,client,99,5611,8,M0,F,evaluation,4,1,0.7645044922828674,1,0.6842027902603149,False,0,,1,"[0.071802, 0.138901, 0.079588, 0.075244, 0.634465]"
Actor,client,99,5747,8,M0,F,evaluation,3,1,0.5716310143470764,1,0.5564348697662354,False,1,1.0,1,"[0.126353, 0.186127, 0.202274, 0.333516, 0.15173]"
Actor,client,99,6047,8,M0,F,evaluation,3,1,0.4517458379268646,0,0.5564348697662354,False,1,0.0,0,"[0.135722, 0.150553, 0.339966, 0.221607, 0.152152]"
Actor,client,99,6101,8,M0,F,evaluation,4,1,0.5676364898681641,0,0.6842027902603149,False,2,0.0,1,"[0.188345, 0.187111, 0.204712, 0.172725, 0.247106]"
Actor,client,99,6165,8,M0,F,evaluation,0,1,0.46452876925468445,0,0.5510123372077942,False,1,0.0,0,"[0.177409, 0.241818, 0.210326, 0.209382, 0.161065]"
Actor,client,99,6269,8,M0,F,evaluation,2,1,0.42301419377326965,0,0.6948522925376892,False,1,0.0,0,"[0.171623, 0.219787, 0.209455, 0.206705, 0.192428]"
Actor,client,99,6326,8,M0,F,evaluation,1,1,0.4458751380443573,0,0.5864935517311096,False,1,0.0,0,"[0.116965, 0.182041, 0.186543, 0.299883, 0.214568]"
Actor,client,99,6347,8,M0,F,evaluation,2,1,0.34953439235687256,0,0.6948522925376892,False,2,0.0,0,"[0.122722, 0.231853, 0.175568, 0.260119, 0.209738]"
Actor,client,99,6492,8,M0,F,evaluation,1,1,0.5729266405105591,0,0.5864935517311096,False,1,0.0,1,"[0.161256, 0.236586, 0.224101, 0.194685, 0.183372]"
Actor,client,99,6547,8,M0,F,evaluation,3,1,0.6792037487030029,1,0.5564348697662354,False,2,0.0,1,"[0.129278, 0.224062, 0.12414, 0.434162, 0.088359]"
Actor,client,99,6658,8,M0,F,evaluation,4,1,0.5651806592941284,0,0.6842027902603149,False,3,0.0,1,"[0.104795, 0.155005, 0.258665, 0.209389, 0.272145]"
Actor,client,99,7381,8,M0,F,evaluation,3,1,0.4475065767765045,0,0.5564348697662354,False,2,0.0,0,"[0.136631, 0.191957, 0.238239, 0.235752, 0.19742]"
Actor,client,99,7420,8,M0,F,evaluation,3,1,0.5602359175682068,1,0.5564348697662354,False,1,0.0,0,"[0.033406, 0.021835, 0.093625, 0.353799, 0.497335]"
Actor,client,99,7456,8,M0,F,evaluation,2,1,0.30725470185279846,0,0.6948522925376892,False,1,0.0,0,"[0.051149, 0.103659, 0.162925, 0.355955, 0.326311]"
Actor,client,99,116,8,M0,F,evaluation,1,1,0.4002496302127838,0,0.5864935517311096,False,1,0.0,0,"[0.09529, 0.177675, 0.262326, 0.244581, 0.220127]"
Actor,client,99,254,8,M0,F,evaluation,4,1,0.5405765771865845,0,0.6842027902603149,False,2,0.5,1,"[0.087692, 0.181411, 0.21364, 0.24435, 0.272907]"
Actor,client,99,405,8,M0,F,evaluation,4,1,0.5236457586288452,0,0.6842027902603149,False,1,0.0,0,"[0.060798, 0.131031, 0.165549, 0.323591, 0.319031]"
Actor,client,99,474,8,M0,F,evaluation,4,1,0.6167575120925903,0,0.6842027902603149,False,2,0.0,1,"[0.175379, 0.199283, 0.154746, 0.179589, 0.291003]"
Actor,client,99,714,8,M0,F,evaluation,0,1,0.5403083562850952,0,0.5510123372077942,False,0,,0,"[0.199869, 0.219635, 0.203885, 0.183286, 0.193325]"
Actor,client,99,788,8,M0,F,evaluation,0,1,0.46165964007377625,0,0.5510123372077942,False,0,,0,"[0.174795, 0.227094, 0.232167, 0.238147, 0.127797]"
Actor,client,99,921,8,M0,F,evaluation,0,1,0.3780267834663391,0,0.5510123372077942,False,2,0.0,0,"[0.090803, 0.097266, 0.14931, 0.198672, 0.463949]"
Actor,client,99,1061,8,M0,F,evaluation,3,1,0.48937317728996277,0,0.5564348697662354,False,1,1.0,1,"[0.047365, 0.185353, 0.24383, 0.295166, 0.228285]"
Actor,client,99,1136,8,M0,F,evaluation,2,1,0.3848413825035095,0,0.6948522925376892,False,1,0.0,0,"[0.063516, 0.147923, 0.196459, 0.300381, 0.291721]"
Actor,client,99,1563,8,M0,F,evaluation,4,1,0.3942275643348694,0,0.6842027902603149,False,4,0.25,0,"[0.091029, 0.124213, 0.226218, 0.32682, 0.231719]"
Actor,client,99,2199,8,M0,F,evaluation,3,1,0.45925912261009216,0,0.5564348697662354,False,1,1.0,0,"[0.122236, 0.157652, 0.174657, 0.253975, 0.291479]"
Actor,client,99,2318,8,M0,F,evaluation,0,1,0.48484665155410767,0,0.5510123372077942,False,1,0.0,0,"[0.167634, 0.169954, 0.243024, 0.24171, 0.177678]"
Actor,client,99,2326,8,M0,F,evaluation,2,1,0.345057874917984,0,0.6948522925376892,False,2,0.5,0,"[0.090293, 0.264425, 0.175073, 0.287177, 0.183033]"
Actor,client,99,2376,8,M0,F,evaluation,2,1,0.7094054818153381,1,0.6948522925376892,False,4,0.5,1,"[0.041869, 0.123535, 0.359806, 0.259306, 0.215483]"
Actor,client,99,2459,8,M0,F,evaluation,3,1,0.3738641142845154,0,0.5564348697662354,False,2,0.5,0,"[0.175379, 0.199283, 0.154746, 0.179589, 0.291003]"
Actor,client,99,2639,8,M0,F,evaluation,3,1,0.4415139853954315,0,0.5564348697662354,False,2,0.0,0,"[0.168852, 0.173528, 0.328592, 0.20662, 0.122409]"
Actor,client,99,2663,8,M0,F,evaluation,4,1,0.6763002872467041,0,0.6842027902603149,False,1,1.0,1,"[0.071493, 0.064864, 0.179471, 0.191322, 0.49285]"
Actor,client,99,2665,8,M0,F,evaluation,1,1,0.6805271506309509,1,0.5864935517311096,False,1,0.0,1,"[0.137742, 0.283167, 0.212858, 0.237355, 0.128879]"
Actor,client,99,2932,8,M0,F,evaluation,1,1,0.49652916193008423,0,0.5864935517311096,False,1,0.0,0,"[0.232631, 0.183403, 0.223244, 0.22306, 0.137662]"
Actor,client,99,3010,8,M0,F,evaluation,2,1,0.6333630681037903,0,0.6948522925376892,False,1,1.0,1,"[0.15426, 0.209421, 0.30043, 0.126811, 0.209079]"
Actor,client,99,3012,8,M0,F,evaluation,2,1,0.44832539558410645,0,0.6948522925376892,False,2,0.0,0,"[0.009966, 0.040026, 0.27329, 0.536055, 0.140664]"
Actor,client,99,3101,8,M0,F,evaluation,2,1,0.7023434638977051,1,0.6948522925376892,False,1,0.0,1,"[0.088761, 0.170025, 0.346298, 0.18898, 0.205937]"
Actor,client,99,3103,8,M0,F,evaluation,1,1,0.17119751870632172,0,0.5864935517311096,False,3,0.0,0,"[0.011287, 0.054822, 0.208082, 0.435058, 0.290751]"
Actor,client,99,3114,8,M0,F,evaluation,3,1,0.6121163964271545,1,0.5564348697662354,False,1,1.0,1,"[0.117261, 0.198496, 0.219564, 0.366657, 0.098022]"
Actor,client,99,3149,8,M0,F,evaluation,4,1,0.667503297328949,0,0.6842027902603149,False,3,0.3333333333333333,1,"[0.038272, 0.115975, 0.109021, 0.258684, 0.478048]"
Actor,client,99,3418,8,M0,F,evaluation,2,1,0.6126258373260498,0,0.6948522925376892,False,0,,1,"[0.065102, 0.219247, 0.311587, 0.282378, 0.121687]"
Actor,client,99,3475,8,M0,F,evaluation,1,1,0.6539106965065002,1,0.5864935517311096,False,0,,0,"[0.108544, 0.28414, 0.29719, 0.204294, 0.105832]"
Actor,client,99,3648,8,M0,F,evaluation,1,1,0.48975232243537903,0,0.5864935517311096,False,1,1.0,0,"[0.152703, 0.199314, 0.243504, 0.239804, 0.164675]"
Actor,client,99,3890,8,M0,F,evaluation,3,1,0.5757852792739868,1,0.5564348697662354,False,0,,1,"[0.130489, 0.211587, 0.236761, 0.333458, 0.087704]"
Actor,client,99,4145,8,M0,F,evaluation,4,1,0.7158105373382568,1,0.6842027902603149,False,0,,1,"[0.009591, 0.016475, 0.022312, 0.064353, 0.887269]"
Actor,client,99,4575,8,M0,F,evaluation,4,1,0.6906446814537048,1,0.6842027902603149,False,1,0.0,1,"[0.085016, 0.058583, 0.225733, 0.14669, 0.483977]"
Actor,client,99,4756,8,M0,F,evaluation,1,1,0.3435310423374176,0,0.5864935517311096,False,1,0.0,0,"[0.082357, 0.151601, 0.204032, 0.277393, 0.284617]"
Actor,client,99,4769,8,M0,F,evaluation,4,1,0.6514987349510193,0,0.6842027902603149,False,2,0.5,1,"[0.010198, 0.009623, 0.034941, 0.238061, 0.707177]"
Actor,client,99,4784,8,M0,F,evaluation,4,1,0.7226139307022095,1,0.6842027902603149,False,0,,1,"[0.006983, 0.003807, 0.01662, 0.021847, 0.950743]"
Actor,client,99,4915,8,M0,F,evaluation,3,1,0.5289320349693298,0,0.5564348697662354,False,1,0.0,1,"[0.060798, 0.131031, 0.165549, 0.323591, 0.319031]"
Actor,client,99,4973,8,M0,F,evaluation,2,1,0.8221824765205383,1,0.6948522925376892,False,0,,1,"[0.015005, 0.139291, 0.442036, 0.25519, 0.148479]"
Actor,client,99,5048,8,M0,F,evaluation,4,1,0.6763977408409119,0,0.6842027902603149,False,1,1.0,1,"[0.08154, 0.112953, 0.187908, 0.193875, 0.423724]"
Actor,client,99,5104,8,M0,F,evaluation,0,1,0.46165964007377625,0,0.5510123372077942,False,0,,0,"[0.174795, 0.227094, 0.232167, 0.238147, 0.127797]"
Actor,client,99,5168,8,M0,F,evaluation,0,1,0.4294573664665222,0,0.5510123372077942,False,1,0.0,0,"[0.150927, 0.206197, 0.214558, 0.185032, 0.243286]"
Actor,client,99,5341,8,M0,F,evaluation,0,1,0.6023404002189636,1,0.5510123372077942,False,3,0.3333333333333333,0,"[0.208243, 0.151496, 0.20177, 0.255991, 0.1825]"
Actor,client,99,5404,8,M0,F,evaluation,2,1,0.30387082695961,0,0.6948522925376892,False,8,0.25,0,"[0.023208, 0.041928, 0.099059, 0.086304, 0.749501]"
Actor,client,99,5563,8,M0,F,evaluation,2,1,0.43379896879196167,0,0.6948522925376892,False,2,0.5,0,"[0.153365, 0.239657, 0.20949, 0.1902, 0.207288]"
Actor,client,99,5606,8,M0,F,evaluation,1,1,0.5430867671966553,0,0.5864935517311096,False,2,0.0,0,"[0.10941, 0.22832, 0.21032, 0.262361, 0.189588]"
Actor,client,99,5900,8,M0,F,evaluation,4,1,0.6275219917297363,0,0.6842027902603149,False,2,0.0,1,"[0.023888, 0.00819, 0.053931, 0.285677, 0.628314]"
Actor,client,99,5973,8,M0,F,evaluation,3,1,0.4260057806968689,0,0.5564348697662354,False,1,0.0,0,"[0.091324, 0.183209, 0.236955, 0.234996, 0.253516]"
Actor,client,99,5992,8,M0,F,evaluation,2,1,0.5465643405914307,0,0.6948522925376892,False,0,,1,"[0.071338, 0.222311, 0.271279, 0.254053, 0.181018]"
Actor,client,99,6270,8,M0,F,evaluation,2,1,0.38643720746040344,0,0.6948522925376892,False,1,0.0,0,"[0.246351, 0.164772, 0.2068, 0.245272, 0.136805]"
Actor,client,99,6356,8,M0,F,evaluation,3,1,0.37421467900276184,0,0.5564348697662354,False,3,0.3333333333333333,0,"[0.127125, 0.158883, 0.256854, 0.179083, 0.278055]"
Actor,client,99,6361,8,M0,F,evaluation,4,1,0.6053075194358826,0,0.6842027902603149,False,1,0.0,1,"[0.146951, 0.178383, 0.213661, 0.178586, 0.282419]"
Actor,client,99,6450,8,M0,F,evaluation,4,1,0.6579834818840027,0,0.6842027902603149,False,0,,1,"[0.075759, 0.135374, 0.146699, 0.233038, 0.409131]"
Actor,client,99,6712,8,M0,F,evaluation,0,1,0.5022734999656677,0,0.5510123372077942,False,1,0.0,0,"[0.146631, 0.112395, 0.160154, 0.16111, 0.419709]"
Actor,client,99,6875,8,M0,F,evaluation,3,1,0.5133737325668335,0,0.5564348697662354,False,3,0.0,1,"[0.027294, 0.092529, 0.268909, 0.306408, 0.30486]"
Actor,client,99,6946,8,M0,F,evaluation,3,1,0.49923670291900635,0,0.5564348697662354,False,1,1.0,1,"[0.062193, 0.180193, 0.22754, 0.298746, 0.231327]"
Actor,client,99,7065,8,M0,F,evaluation,4,1,0.623648464679718,0,0.6842027902603149,False,2,1.0,1,"[0.025997, 0.043642, 0.160812, 0.289293, 0.480257]"
Actor,client,99,7086,8,M0,F,evaluation,2,1,0.7343160510063171,1,0.6948522925376892,False,2,0.0,1,"[0.030348, 0.309711, 0.357296, 0.168906, 0.133739]"
Actor,client,99,7288,8,M0,F,evaluation,3,1,0.4744628667831421,0,0.5564348697662354,False,3,0.3333333333333333,0,"[0.0381, 0.094242, 0.181145, 0.286423, 0.400089]"
Actor,client,99,7301,8,M0,F,evaluation,4,1,0.49752193689346313,0,0.6842027902603149,False,2,0.0,0,"[0.119561, 0.197138, 0.254229, 0.207569, 0.221503]"
Actor,client,99,79,8,M0,F,evaluation,0,1,0.45928239822387695,0,0.5510123372077942,False,1,0.0,0,"[0.156431, 0.184375, 0.175169, 0.244392, 0.239632]"
Actor,client,99,183,8,M0,F,evaluation,3,1,0.4772600829601288,0,0.5564348697662354,False,0,,1,"[0.034819, 0.196338, 0.192322, 0.298681, 0.277839]"
Actor,client,99,542,8,M0,F,evaluation,2,1,0.3978864550590515,0,0.6948522925376892,False,1,0.0,0,"[0.110042, 0.126229, 0.195289, 0.237196, 0.331244]"
Actor,client,99,673,8,M0,F,evaluation,2,1,0.8679692149162292,1,0.6948522925376892,False,4,0.25,1,"[0.115006, 0.121584, 0.467293, 0.08289, 0.213227]"
Actor,client,99,1990,8,M0,F,evaluation,4,1,0.7017310261726379,1,0.6842027902603149,False,1,1.0,1,"[0.114211, 0.130349, 0.078521, 0.182101, 0.494818]"
Actor,client,99,2075,8,M0,F,evaluation,4,1,0.613665759563446,0,0.6842027902603149,False,1,0.0,1,"[0.078265, 0.11427, 0.243925, 0.223789, 0.339752]"
Actor,client,99,2420,8,M0,F,evaluation,4,1,0.593097984790802,0,0.6842027902603149,False,2,0.5,1,"[0.06522, 0.125358, 0.275493, 0.223011, 0.310917]"
Actor,client,99,2627,8,M0,F,evaluation,3,1,0.6463717222213745,1,0.5564348697662354,False,2,1.0,1,"[0.135839, 0.150603, 0.202172, 0.384578, 0.126806]"
Actor,client,99,2751,8,M0,F,evaluation,4,1,0.42231497168540955,0,0.6842027902603149,False,0,,0,"[0.224593, 0.217743, 0.24476, 0.161538, 0.151366]"
Actor,client,99,2810,8,M0,F,evaluation,4,1,0.4529081881046295,0,0.6842027902603149,False,2,0.5,0,"[0.165163, 0.159015, 0.216747, 0.242888, 0.216187]"
Actor,client,99,2929,8,M0,F,evaluation,3,1,0.8585920929908752,1,0.5564348697662354,False,0,,1,"[0.040796, 0.038479, 0.12421, 0.660818, 0.135696]"
Actor,client,99,3053,8,M0,F,evaluation,3,1,0.5536327958106995,0,0.5564348697662354,False,1,0.0,1,"[0.120301, 0.160162, 0.17135, 0.323521, 0.224666]"
Actor,client,99,3070,8,M0,F,evaluation,2,1,0.6392142176628113,0,0.6948522925376892,False,0,,1,"[0.078439, 0.152608, 0.336688, 0.325308, 0.106956]"
Actor,client,99,3075,8,M0,F,evaluation,1,1,0.7664780616760254,1,0.5864935517311096,False,3,1.0,1,"[0.147577, 0.333145, 0.243554, 0.182311, 0.093413]"
Actor,client,99,3311,8,M0,F,evaluation,3,1,0.7202616333961487,1,0.5564348697662354,False,0,,1,"[0.112157, 0.096916, 0.143767, 0.459815, 0.187345]"
Actor,client,99,3758,8,M0,F,evaluation,1,1,0.6962553262710571,1,0.5864935517311096,False,0,,0,"[0.130353, 0.285591, 0.205882, 0.286016, 0.092157]"
Actor,client,99,3792,8,M0,F,evaluation,0,1,0.5164191722869873,0,0.5510123372077942,False,1,0.0,0,"[0.187792, 0.222112, 0.174893, 0.168159, 0.247045]"
Actor,client,99,3859,8,M0,F,evaluation,2,1,0.41903746128082275,0,0.6948522925376892,False,1,0.0,0,"[0.163062, 0.183502, 0.211443, 0.231024, 0.210969]"
Actor,client,99,3879,8,M0,F,evaluation,4,1,0.7017310261726379,1,0.6842027902603149,False,1,1.0,1,"[0.114211, 0.130349, 0.078521, 0.182101, 0.494818]"
Actor,client,99,4595,8,M0,F,evaluation,3,1,0.4173329174518585,0,0.5564348697662354,False,1,1.0,0,"[0.178759, 0.203572, 0.195893, 0.206041, 0.215735]"
Actor,client,99,4789,8,M0,F,evaluation,1,1,0.40078678727149963,0,0.5864935517311096,False,3,0.0,0,"[0.168257, 0.172535, 0.310559, 0.151575, 0.197074]"
Actor,client,99,5011,8,M0,F,evaluation,3,1,0.48544639348983765,0,0.5564348697662354,False,1,0.0,0,"[0.097456, 0.069217, 0.368111, 0.247083, 0.218134]"
Actor,client,99,5364,8,M0,F,evaluation,2,1,0.9387809038162231,1,0.6948522925376892,False,1,1.0,1,"[0.083565, 0.069748, 0.587745, 0.061527, 0.197414]"
Actor,client,99,5394,8,M0,F,evaluation,4,1,0.6842788457870483,1,0.6842027902603149,False,1,1.0,1,"[0.056002, 0.014274, 0.036248, 0.136534, 0.756941]"
Actor,client,99,5478,8,M0,F,evaluation,4,1,0.7127992510795593,1,0.6842027902603149,False,3,0.3333333333333333,1,"[0.07549, 0.038762, 0.161474, 0.094325, 0.629949]"
Actor,client,99,5616,8,M0,F,evaluation,2,1,0.9017990827560425,1,0.6948522925376892,False,2,0.5,1,"[0.108333, 0.143367, 0.514871, 0.076162, 0.157267]"
Actor,client,99,5676,8,M0,F,evaluation,4,1,0.6983954310417175,1,0.6842027902603149,False,1,0.0,1,"[0.085929, 0.032856, 0.060289, 0.113476, 0.70745]"
Actor,client,99,5796,8,M0,F,evaluation,4,1,0.6724762320518494,0,0.6842027902603149,False,2,0.5,1,"[0.055503, 0.033939, 0.091396, 0.19605, 0.623113]"
Actor,client,99,5919,8,M0,F,evaluation,2,1,0.5628443360328674,0,0.6948522925376892,False,1,0.0,0,"[0.063776, 0.122574, 0.286547, 0.292461, 0.234642]"
Actor,client,99,5988,8,M0,F,evaluation,3,1,0.42703667283058167,0,0.5564348697662354,False,1,0.0,0,"[0.13435, 0.156521, 0.342489, 0.204453, 0.162187]"
Actor,client,99,6242,8,M0,F,evaluation,3,1,0.40674230456352234,0,0.5564348697662354,False,3,0.0,0,"[0.126719, 0.183867, 0.145639, 0.220678, 0.323096]"
Actor,client,99,6456,8,M0,F,evaluation,4,1,0.5144997835159302,0,0.6842027902603149,False,1,1.0,0,"[0.198746, 0.147023, 0.284076, 0.16274, 0.207415]"
Actor,client,99,6562,8,M0,F,evaluation,2,1,0.22491882741451263,0,0.6948522925376892,False,1,0.0,0,"[0.106023, 0.106869, 0.14376, 0.493644, 0.149705]"
Actor,client,99,6593,8,M0,F,evaluation,4,1,0.4730241000652313,0,0.6842027902603149,False,0,,0,"[0.085923, 0.093397, 0.309792, 0.264251, 0.246637]"
Actor,client,99,6994,8,M0,F,evaluation,2,1,0.8944783806800842,1,0.6948522925376892,False,0,,1,"[0.125976, 0.134908, 0.513322, 0.113984, 0.11181]"
Actor,client,99,7055,8,M0,F,evaluation,4,1,0.5536322593688965,0,0.6842027902603149,False,1,1.0,1,"[0.131949, 0.165743, 0.138063, 0.264467, 0.299777]"
Actor,client,99,7097,8,M0,F,evaluation,2,1,0.23888945579528809,0,0.6948522925376892,False,3,0.0,0,"[0.082776, 0.049576, 0.135762, 0.420745, 0.311141]"
Actor,client,99,7262,8,M0,F,evaluation,4,1,0.6484696269035339,0,0.6842027902603149,False,2,0.5,1,"[0.096348, 0.126083, 0.145206, 0.231696, 0.400667]"
Actor,client,99,7310,8,M0,F,evaluation,4,1,0.40473130345344543,0,0.6842027902603149,False,1,0.0,0,"[0.209612, 0.150321, 0.172442, 0.267008, 0.200617]"
Actor,client,99,7355,8,M0,F,evaluation,1,1,0.31361690163612366,0,0.5864935517311096,False,3,0.3333333333333333,0,"[0.204906, 0.113758, 0.196413, 0.224528, 0.260394]"
Actor,client,99,7373,8,M0,F,evaluation,2,1,0.9029132723808289,1,0.6948522925376892,False,0,,1,"[0.102049, 0.095111, 0.513568, 0.069036, 0.220236]"
Actor,client,99,7409,8,M0,F,evaluation,1,1,0.7540861368179321,1,0.5864935517311096,False,0,,1,"[0.22853, 0.303311, 0.132116, 0.186689, 0.149353]"
Actor,client,99,7435,8,M0,F,evaluation,0,1,0.39067789912223816,0,0.5510123372077942,False,0,,0,"[0.156653, 0.259516, 0.338729, 0.105934, 0.139169]"
Actor,client,99,26,5,M0,H,evaluation,3,0,0.48385894298553467,0,0.5564348697662354,False,3,0.3333333333333333,1,"[0.161935, 0.199081, 0.168833, 0.263162, 0.206988]"
Actor,client,99,38,5,M0,H,evaluation,2,0,0.5016047358512878,0,0.6948522925376892,False,3,0.0,1,"[0.195721, 0.173512, 0.250816, 0.198426, 0.181524]"
Actor,client,99,40,5,M0,H,evaluation,3,0,0.5105443596839905,0,0.5564348697662354,False,3,0.3333333333333333,1,"[0.173399, 0.14211, 0.216159, 0.266128, 0.202203]"
Actor,client,99,46,5,M0,H,evaluation,0,0,0.6086710095405579,1,0.5510123372077942,False,1,1.0,0,"[0.224675, 0.199775, 0.258872, 0.141434, 0.175245]"
Actor,client,99,57,5,M0,H,evaluation,2,0,0.3757575452327728,0,0.6948522925376892,False,1,0.0,0,"[0.144106, 0.142155, 0.196187, 0.27838, 0.239172]"
Actor,client,99,65,5,M0,H,evaluation,4,0,0.4894946217536926,0,0.6842027902603149,False,1,1.0,0,"[0.19951, 0.181305, 0.221692, 0.191049, 0.206444]"
Actor,client,99,84,5,M0,H,evaluation,3,0,0.42933639883995056,0,0.5564348697662354,False,3,0.3333333333333333,0,"[0.138158, 0.194255, 0.227348, 0.223704, 0.216534]"
Actor,client,99,114,5,M0,H,evaluation,1,0,0.4935445785522461,0,0.5864935517311096,False,6,0.0,0,"[0.072047, 0.223169, 0.161794, 0.22518, 0.31781]"
Actor,client,99,141,5,M0,H,evaluation,1,0,0.39780640602111816,0,0.5864935517311096,False,0,,0,"[0.076909, 0.189212, 0.430605, 0.202864, 0.100411]"
Actor,client,99,142,5,M0,H,evaluation,2,0,0.47015777230262756,0,0.6948522925376892,False,1,1.0,1,"[0.180548, 0.176921, 0.232867, 0.198101, 0.211563]"
Actor,client,99,152,5,M0,H,evaluation,1,0,0.38081228733062744,0,0.5864935517311096,False,0,,0,"[0.076139, 0.144359, 0.176964, 0.454731, 0.147807]"
Actor,client,99,160,5,M0,H,evaluation,1,0,0.29416799545288086,0,0.5864935517311096,False,1,0.0,0,"[0.077187, 0.123254, 0.21635, 0.329448, 0.25376]"
Actor,client,99,178,5,M0,H,evaluation,0,0,0.3043022155761719,0,0.5510123372077942,False,2,0.0,0,"[0.062096, 0.111821, 0.137695, 0.232765, 0.455624]"
Actor,client,99,228,5,M0,H,evaluation,4,0,0.3478873372077942,0,0.6842027902603149,False,1,0.0,0,"[0.144684, 0.182499, 0.260042, 0.250317, 0.162458]"
Actor,client,99,231,5,M0,H,evaluation,3,0,0.358232319355011,0,0.5564348697662354,False,5,0.2,0,"[0.059225, 0.169568, 0.247018, 0.192503, 0.331686]"
Actor,client,99,282,5,M0,H,evaluation,2,0,0.4193730652332306,0,0.6948522925376892,False,4,0.25,0,"[0.151965, 0.151074, 0.212424, 0.241352, 0.243185]"
Actor,client,99,301,5,M0,H,evaluation,2,0,0.37156015634536743,0,0.6948522925376892,False,0,,0,"[0.072522, 0.271811, 0.144162, 0.082521, 0.428983]"
Actor,client,99,306,5,M0,H,evaluation,3,0,0.41670456528663635,0,0.5564348697662354,False,0,,0,"[0.319057, 0.088817, 0.308657, 0.13077, 0.152699]"
Actor,client,99,317,5,M0,H,evaluation,3,0,0.5232031941413879,0,0.5564348697662354,False,1,0.0,1,"[0.130852, 0.131121, 0.17986, 0.293494, 0.264673]"
Actor,client,99,319,5,M0,H,evaluation,0,0,0.44885385036468506,0,0.5510123372077942,False,2,0.5,0,"[0.157054, 0.189568, 0.210091, 0.256743, 0.186545]"
Actor,client,99,321,5,M0,H,evaluation,4,0,0.2740590572357178,0,0.6842027902603149,False,0,,0,"[0.030497, 0.088109, 0.121645, 0.504019, 0.25573]"
Actor,client,99,330,5,M0,H,evaluation,4,0,0.6170589327812195,0,0.6842027902603149,False,0,,1,"[0.092813, 0.015483, 0.057126, 0.277446, 0.557132]"
Actor,client,99,332,5,M0,H,evaluation,3,0,0.4693172574043274,0,0.5564348697662354,False,1,0.0,0,"[0.125706, 0.168027, 0.179614, 0.260447, 0.266206]"
Actor,client,99,339,5,M0,H,evaluation,2,0,0.20986129343509674,0,0.6948522925376892,False,0,,0,"[0.041385, 0.14124, 0.095269, 0.353907, 0.368199]"
Actor,client,99,356,5,M0,H,evaluation,3,0,0.4858933091163635,0,0.5564348697662354,False,1,0.0,1,"[0.234283, 0.188665, 0.172418, 0.238213, 0.166421]"
Actor,client,99,359,5,M0,H,evaluation,1,0,0.552520751953125,0,0.5864935517311096,False,0,,1,"[0.199869, 0.219635, 0.203885, 0.183286, 0.193325]"
Actor,client,99,360,5,M0,H,evaluation,2,0,0.4149261713027954,0,0.6948522925376892,False,10,0.1,0,"[0.059264, 0.160726, 0.224608, 0.360065, 0.195337]"
Actor,client,99,374,5,M0,H,evaluation,3,0,0.589978039264679,1,0.5564348697662354,False,1,0.0,1,"[0.164003, 0.091831, 0.216773, 0.322167, 0.205226]"
Actor,client,99,376,5,M0,H,evaluation,2,0,0.29181164503097534,0,0.6948522925376892,False,2,0.0,0,"[0.047918, 0.192306, 0.146158, 0.322179, 0.291438]"
Actor,client,99,380,5,M0,H,evaluation,2,0,0.3863743841648102,0,0.6948522925376892,False,2,0.5,0,"[0.190623, 0.220614, 0.188771, 0.190278, 0.209715]"
Actor,client,99,409,5,M0,H,evaluation,1,0,0.4143086373806,0,0.5864935517311096,False,1,1.0,0,"[0.121508, 0.167184, 0.244156, 0.311538, 0.155614]"
Actor,client,99,419,5,M0,H,evaluation,2,0,0.41930487751960754,0,0.6948522925376892,False,3,0.3333333333333333,0,"[0.125806, 0.201185, 0.211813, 0.252248, 0.208948]"
Actor,client,99,447,5,M0,H,evaluation,1,0,0.3124196231365204,0,0.5864935517311096,False,1,0.0,0,"[0.067451, 0.14203, 0.278062, 0.279576, 0.23288]"
Actor,client,99,462,5,M0,H,evaluation,0,0,0.4684631824493408,0,0.5510123372077942,False,1,0.0,0,"[0.162935, 0.176515, 0.296705, 0.157799, 0.206045]"
Actor,client,99,466,5,M0,H,evaluation,1,0,0.44682520627975464,0,0.5864935517311096,False,0,,0,"[0.11523, 0.182044, 0.162954, 0.303892, 0.23588]"
Actor,client,99,493,5,M0,H,evaluation,3,0,0.6459165811538696,1,0.5564348697662354,False,2,0.0,1,"[0.070643, 0.055752, 0.128115, 0.405784, 0.339707]"
Actor,client,99,500,5,M0,H,evaluation,2,0,0.8080991506576538,1,0.6948522925376892,False,3,0.6666666666666666,1,"[0.075225, 0.243288, 0.415778, 0.151754, 0.113955]"
Actor,client,99,530,5,M0,H,evaluation,1,0,0.25219660997390747,0,0.5864935517311096,False,0,,0,"[0.048114, 0.122765, 0.230339, 0.234335, 0.364448]"
Actor,client,99,541,5,M0,H,evaluation,4,0,0.7126786112785339,1,0.6842027902603149,False,0,,1,"[0.133033, 0.185507, 0.060798, 0.175862, 0.444801]"
Actor,client,99,566,5,M0,H,evaluation,4,0,0.6570331454277039,0,0.6842027902603149,False,2,0.5,1,"[0.086601, 0.181601, 0.21018, 0.184744, 0.336873]"
Actor,client,99,647,5,M0,H,evaluation,2,0,0.4413796067237854,0,0.6948522925376892,False,1,0.0,0,"[0.157379, 0.179628, 0.223791, 0.237669, 0.201535]"
Actor,client,99,670,5,M0,H,evaluation,1,0,0.7755241990089417,1,0.5864935517311096,False,0,,1,"[0.139487, 0.333555, 0.174399, 0.228114, 0.124444]"
Actor,client,99,681,5,M0,H,evaluation,3,0,0.7370440363883972,1,0.5564348697662354,False,0,,1,"[0.100825, 0.194659, 0.122606, 0.495554, 0.086355]"
Actor,client,99,692,5,M0,H,evaluation,1,0,0.4112142324447632,0,0.5864935517311096,False,5,0.6,0,"[0.10921, 0.181409, 0.253041, 0.223567, 0.232773]"
Actor,client,99,694,5,M0,H,evaluation,2,0,0.42140480875968933,0,0.6948522925376892,False,1,0.0,0,"[0.102212, 0.275825, 0.198698, 0.197379, 0.225886]"
Actor,client,99,708,5,M0,H,evaluation,3,0,0.6617058515548706,1,0.5564348697662354,False,6,0.16666666666666666,1,"[0.05928, 0.119568, 0.173488, 0.42388, 0.223783]"
Actor,client,99,726,5,M0,H,evaluation,3,0,0.6817317008972168,1,0.5564348697662354,False,0,,1,"[0.041248, 0.085869, 0.31963, 0.424707, 0.128547]"
Actor,client,99,759,5,M0,H,evaluation,3,0,0.3496234118938446,0,0.5564348697662354,False,3,0.3333333333333333,0,"[0.055899, 0.159431, 0.450395, 0.159166, 0.175109]"
Actor,client,99,763,5,M0,H,evaluation,4,0,0.6902289390563965,1,0.6842027902603149,False,0,,1,"[0.013035, 0.012264, 0.019551, 0.133001, 0.822149]"
Actor,client,99,768,5,M0,H,evaluation,1,0,0.5308962464332581,0,0.5864935517311096,False,1,0.0,0,"[0.133356, 0.220923, 0.185335, 0.234246, 0.22614]"
Actor,client,99,789,5,M0,H,evaluation,0,0,0.653076708316803,1,0.5510123372077942,False,1,0.0,1,"[0.229115, 0.157741, 0.206166, 0.181187, 0.225792]"
Actor,client,99,810,5,M0,H,evaluation,4,0,0.5134485960006714,0,0.6842027902603149,False,2,0.0,1,"[0.125803, 0.184992, 0.220125, 0.226142, 0.242939]"
Actor,client,99,830,5,M0,H,evaluation,4,0,0.38020071387290955,0,0.6842027902603149,False,1,0.0,0,"[0.062554, 0.126561, 0.192525, 0.370051, 0.248308]"
Actor,client,99,847,5,M0,H,evaluation,1,0,0.1597183346748352,0,0.5864935517311096,False,2,0.0,0,"[0.059562, 0.053183, 0.216642, 0.295245, 0.375368]"
Actor,client,99,849,5,M0,H,evaluation,0,0,0.40843573212623596,0,0.5510123372077942,False,5,0.2,0,"[0.134808, 0.162843, 0.272134, 0.219497, 0.210718]"
Actor,client,99,865,5,M0,H,evaluation,3,0,0.5212934017181396,0,0.5564348697662354,False,0,,1,"[0.139177, 0.244191, 0.22012, 0.296061, 0.100451]"
Actor,client,99,878,5,M0,H,evaluation,2,0,0.46758320927619934,0,0.6948522925376892,False,2,0.0,0,"[0.16897, 0.207664, 0.24073, 0.247041, 0.135594]"
Actor,client,99,905,5,M0,H,evaluation,0,0,0.22229909896850586,0,0.5510123372077942,False,0,,0,"[0.105057, 0.370083, 0.301704, 0.120404, 0.102752]"
Actor,client,99,930,5,M0,H,evaluation,3,0,0.45462530851364136,0,0.5564348697662354,False,1,0.0,0,"[0.072795, 0.355043, 0.088564, 0.300111, 0.183488]"
Actor,client,99,931,5,M0,H,evaluation,0,0,0.3418906629085541,0,0.5510123372077942,False,1,0.0,0,"[0.118414, 0.220074, 0.21139, 0.215618, 0.234503]"
Actor,client,99,932,5,M0,H,evaluation,4,0,0.37374433875083923,0,0.6842027902603149,False,2,0.5,0,"[0.05405, 0.141788, 0.108867, 0.421863, 0.273432]"
Actor,client,99,954,5,M0,H,evaluation,1,0,0.3865385055541992,0,0.5864935517311096,False,1,0.0,0,"[0.188915, 0.140712, 0.190621, 0.289668, 0.190084]"
Actor,client,99,1026,5,M0,H,evaluation,3,0,0.8227410912513733,1,0.5564348697662354,False,1,1.0,1,"[0.071058, 0.15177, 0.08785, 0.610619, 0.078703]"
Actor,client,99,1095,5,M0,H,evaluation,3,0,0.37524083256721497,0,0.5564348697662354,False,2,0.5,0,"[0.093354, 0.268651, 0.166482, 0.214392, 0.257121]"
Actor,client,99,1143,5,M0,H,evaluation,0,0,0.568512499332428,1,0.5510123372077942,False,0,,0,"[0.203277, 0.192942, 0.244602, 0.11915, 0.24003]"
Actor,client,99,1170,5,M0,H,evaluation,3,0,0.39453551173210144,0,0.5564348697662354,False,3,0.0,0,"[0.176866, 0.145813, 0.259025, 0.175665, 0.242631]"
Actor,client,99,1174,5,M0,H,evaluation,3,0,0.3772965669631958,0,0.5564348697662354,False,8,0.125,0,"[0.123306, 0.197183, 0.203066, 0.193625, 0.28282]"
Actor,client,99,1175,5,M0,H,evaluation,4,0,0.6789810061454773,0,0.6842027902603149,False,0,,1,"[0.003985, 0.003221, 0.053045, 0.160349, 0.779401]"
Actor,client,99,1196,5,M0,H,evaluation,0,0,0.5679622888565063,1,0.5510123372077942,False,1,0.0,0,"[0.205603, 0.192682, 0.267248, 0.136496, 0.197971]"
Actor,client,99,1225,5,M0,H,evaluation,3,0,0.44536998867988586,0,0.5564348697662354,False,0,,0,"[0.133, 0.345806, 0.144229, 0.264176, 0.112789]"
Actor,client,99,1231,5,M0,H,evaluation,4,0,0.581893801689148,0,0.6842027902603149,False,1,0.0,0,"[0.344137, 0.094018, 0.200452, 0.115463, 0.245931]"
Actor,client,99,1243,5,M0,H,evaluation,4,0,0.6547864675521851,0,0.6842027902603149,False,1,0.0,1,"[0.086891, 0.177191, 0.171229, 0.208281, 0.356408]"
Actor,client,99,1260,5,M0,H,evaluation,4,0,0.2943836748600006,0,0.6842027902603149,False,0,,0,"[0.056417, 0.250514, 0.52416, 0.103083, 0.065826]"
Actor,client,99,1267,5,M0,H,evaluation,4,0,0.37456831336021423,0,0.6842027902603149,False,1,0.0,0,"[0.07598, 0.197177, 0.160556, 0.339065, 0.227223]"
Actor,client,99,1276,5,M0,H,evaluation,3,0,0.3970029950141907,0,0.5564348697662354,False,1,0.0,0,"[0.093619, 0.287818, 0.199753, 0.228373, 0.190437]"
Actor,client,99,1301,5,M0,H,evaluation,3,0,0.5631624460220337,1,0.5564348697662354,False,0,,1,"[0.097928, 0.183048, 0.153392, 0.343148, 0.222483]"
Actor,client,99,1333,5,M0,H,evaluation,1,0,0.24700169265270233,0,0.5864935517311096,False,1,0.0,0,"[0.159715, 0.080188, 0.243618, 0.3182, 0.198279]"
Actor,client,99,1339,5,M0,H,evaluation,4,0,0.6451835632324219,0,0.6842027902603149,False,3,0.3333333333333333,1,"[0.12247, 0.153451, 0.124727, 0.224407, 0.374945]"
Actor,client,99,1347,5,M0,H,evaluation,4,0,0.6903839707374573,1,0.6842027902603149,False,1,1.0,1,"[0.039738, 0.094044, 0.114728, 0.214276, 0.537214]"
Actor,client,99,1362,5,M0,H,evaluation,3,0,0.37817806005477905,0,0.5564348697662354,False,1,0.0,0,"[0.118144, 0.274563, 0.220324, 0.201659, 0.185311]"
Actor,client,99,1388,5,M0,H,evaluation,1,0,0.445340633392334,0,0.5864935517311096,False,1,0.0,0,"[0.13251, 0.189455, 0.15031, 0.214243, 0.313482]"
Actor,client,99,1411,5,M0,H,evaluation,1,0,0.7577335834503174,1,0.5864935517311096,False,0,,1,"[0.146109, 0.329076, 0.228175, 0.177848, 0.118792]"
Actor,client,99,1424,5,M0,H,evaluation,4,0,0.6349337100982666,0,0.6842027902603149,False,3,0.0,1,"[0.243612, 0.089308, 0.133424, 0.167768, 0.365888]"
Actor,client,99,1463,5,M0,H,evaluation,3,0,0.3840969204902649,0,0.5564348697662354,False,2,0.0,0,"[0.141976, 0.231174, 0.223602, 0.193123, 0.210126]"
Actor,client,99,1483,5,M0,H,evaluation,1,0,0.5842849612236023,0,0.5864935517311096,False,0,,1,"[0.220495, 0.222272, 0.188127, 0.217029, 0.152076]"
Actor,client,99,1492,5,M0,H,evaluation,4,0,0.44477608799934387,0,0.6842027902603149,False,1,0.0,0,"[0.200291, 0.181794, 0.243967, 0.192601, 0.181347]"
Actor,client,99,1497,5,M0,H,evaluation,2,0,0.49911612272262573,0,0.6948522925376892,False,1,0.0,0,"[0.147912, 0.198685, 0.235215, 0.157285, 0.260903]"
Actor,client,99,1510,5,M0,H,evaluation,4,0,0.5682044625282288,0,0.6842027902603149,False,5,0.0,1,"[0.094986, 0.202514, 0.225948, 0.208769, 0.267782]"
Actor,client,99,1525,5,M0,H,evaluation,2,0,0.3713594377040863,0,0.6948522925376892,False,2,0.5,0,"[0.058358, 0.288505, 0.184668, 0.280844, 0.187625]"
Actor,client,99,1533,5,M0,H,evaluation,3,0,0.5073109865188599,0,0.5564348697662354,False,1,0.0,0,"[0.150576, 0.141308, 0.270864, 0.264403, 0.172849]"
Actor,client,99,1534,5,M0,H,evaluation,3,0,0.3879472315311432,0,0.5564348697662354,False,2,0.5,0,"[0.147036, 0.19737, 0.203755, 0.193447, 0.258392]"
Actor,client,99,1559,5,M0,H,evaluation,1,0,0.657383918762207,1,0.5864935517311096,False,0,,1,"[0.207309, 0.262711, 0.25201, 0.180969, 0.097001]"
Actor,client,99,1564,5,M0,H,evaluation,2,0,0.40903571248054504,0,0.6948522925376892,False,2,0.0,0,"[0.127741, 0.145589, 0.196829, 0.206881, 0.322959]"
Actor,client,99,1580,5,M0,H,evaluation,4,0,0.5628731846809387,0,0.6842027902603149,False,2,0.0,1,"[0.134142, 0.186104, 0.207836, 0.20685, 0.265067]"
Actor,client,99,1597,5,M0,H,evaluation,4,0,0.5090771913528442,0,0.6842027902603149,False,2,0.5,0,"[0.109746, 0.161105, 0.187043, 0.27178, 0.270326]"
Actor,client,99,1632,5,M0,H,evaluation,0,0,0.43185269832611084,0,0.5510123372077942,False,1,0.0,0,"[0.151535, 0.200198, 0.222932, 0.201455, 0.223881]"
Actor,client,99,1639,5,M0,H,evaluation,4,0,0.33899402618408203,0,0.6842027902603149,False,1,0.0,0,"[0.16072, 0.202225, 0.177316, 0.284375, 0.175365]"
Actor,client,99,1647,5,M0,H,evaluation,1,0,0.5213085412979126,0,0.5864935517311096,False,1,0.0,0,"[0.173332, 0.214299, 0.287782, 0.187588, 0.136999]"
Actor,client,99,1654,5,M0,H,evaluation,2,0,0.5521374940872192,0,0.6948522925376892,False,1,0.0,1,"[0.098438, 0.107463, 0.27824, 0.260745, 0.255114]"
Actor,client,99,1665,5,M0,H,evaluation,1,0,0.820827841758728,1,0.5864935517311096,False,0,,1,"[0.094304, 0.368697, 0.151085, 0.273316, 0.112598]"
Actor,client,99,1673,5,M0,H,evaluation,4,0,0.3980327844619751,0,0.6842027902603149,False,0,,0,"[0.067141, 0.155415, 0.206862, 0.333029, 0.237553]"
Actor,client,99,1690,5,M0,H,evaluation,3,0,0.4469805061817169,0,0.5564348697662354,False,3,0.3333333333333333,0,"[0.134603, 0.253857, 0.183478, 0.249743, 0.17832]"
Actor,client,99,1714,5,M0,H,evaluation,2,0,0.3283974528312683,0,0.6948522925376892,False,1,0.0,0,"[0.135263, 0.202285, 0.159796, 0.235892, 0.266764]"
Actor,client,99,1722,5,M0,H,evaluation,4,0,0.4721892774105072,0,0.6842027902603149,False,0,,0,"[0.002045, 0.006381, 0.027181, 0.514987, 0.449406]"
Actor,client,99,1743,5,M0,H,evaluation,2,0,0.42915308475494385,0,0.6948522925376892,False,5,0.2,0,"[0.147953, 0.16654, 0.211121, 0.213273, 0.261112]"
Actor,client,99,1749,5,M0,H,evaluation,0,0,0.30501362681388855,0,0.5510123372077942,False,3,0.0,0,"[0.067664, 0.129763, 0.120686, 0.252495, 0.429392]"
Actor,client,99,1772,5,M0,H,evaluation,4,0,0.4199233055114746,0,0.6842027902603149,False,0,,0,"[0.145637, 0.134833, 0.222996, 0.278445, 0.21809]"
Actor,client,99,1780,5,M0,H,evaluation,3,0,0.5536893010139465,0,0.5564348697662354,False,0,,0,"[0.042029, 0.097545, 0.392611, 0.315341, 0.152474]"
Actor,client,99,1786,5,M0,H,evaluation,2,0,0.44923916459083557,0,0.6948522925376892,False,0,,0,"[0.05747, 0.201204, 0.222992, 0.269286, 0.249048]"
Actor,client,99,1797,5,M0,H,evaluation,3,0,0.8621216416358948,1,0.5564348697662354,False,0,,1,"[0.003478, 0.012393, 0.027436, 0.690238, 0.266455]"
Actor,client,99,1833,5,M0,H,evaluation,3,0,0.39563077688217163,0,0.5564348697662354,False,0,,0,"[0.199869, 0.219635, 0.203885, 0.183286, 0.193325]"
Actor,client,99,1848,5,M0,H,evaluation,1,0,0.43538156151771545,0,0.5864935517311096,False,1,0.0,0,"[0.113958, 0.18, 0.175769, 0.288947, 0.241327]"
Actor,client,99,1868,5,M0,H,evaluation,3,0,0.4467052221298218,0,0.5564348697662354,False,1,0.0,0,"[0.235748, 0.206979, 0.21599, 0.205577, 0.135706]"
Actor,client,99,1886,5,M0,H,evaluation,2,0,0.555794358253479,0,0.6948522925376892,False,3,0.3333333333333333,1,"[0.114569, 0.197171, 0.268885, 0.197026, 0.222349]"
Actor,client,99,1892,5,M0,H,evaluation,1,0,0.5525208711624146,0,0.5864935517311096,False,0,,1,"[0.199869, 0.219635, 0.203885, 0.183286, 0.193325]"
Actor,client,99,1909,5,M0,H,evaluation,2,0,0.4746165871620178,0,0.6948522925376892,False,7,0.14285714285714285,1,"[0.165425, 0.20344, 0.233222, 0.196897, 0.201015]"
Actor,client,99,1936,5,M0,H,evaluation,3,0,0.44035378098487854,0,0.5564348697662354,False,0,,0,"[0.079371, 0.054438, 0.439959, 0.21015, 0.216082]"
Actor,client,99,1994,5,M0,H,evaluation,1,0,0.28515249490737915,0,0.5864935517311096,False,0,,0,"[0.216919, 0.101072, 0.338561, 0.210143, 0.133306]"
Actor,client,99,2034,5,M0,H,evaluation,4,0,0.1374032348394394,0,0.6842027902603149,False,2,0.0,0,"[0.150275, 0.133926, 0.150689, 0.444579, 0.120532]"
Actor,client,99,2058,5,M0,H,evaluation,0,0,0.44368109107017517,0,0.5510123372077942,False,9,0.0,0,"[0.147069, 0.170186, 0.22704, 0.193051, 0.262654]"
Actor,client,99,2090,5,M0,H,evaluation,0,0,0.4861665368080139,0,0.5510123372077942,False,1,0.0,0,"[0.185673, 0.245281, 0.208036, 0.178666, 0.182343]"
Actor,client,99,2098,5,M0,H,evaluation,4,0,0.5634399056434631,0,0.6842027902603149,False,4,0.0,0,"[0.101323, 0.282658, 0.125067, 0.223679, 0.267272]"
Actor,client,99,2105,5,M0,H,evaluation,0,0,0.5390583872795105,0,0.5510123372077942,False,1,0.0,0,"[0.190151, 0.19159, 0.205702, 0.170348, 0.242209]"
Actor,client,99,2110,5,M0,H,evaluation,2,0,0.5262811183929443,0,0.6948522925376892,False,0,,0,"[0.160453, 0.122313, 0.28066, 0.299775, 0.136798]"
Actor,client,99,2128,5,M0,H,evaluation,0,0,0.19243988394737244,0,0.5510123372077942,False,0,,0,"[0.053577, 0.256551, 0.231776, 0.277208, 0.180888]"
Actor,client,99,2137,5,M0,H,evaluation,1,0,0.4490189850330353,0,0.5864935517311096,False,0,,0,"[0.142112, 0.188174, 0.27677, 0.225724, 0.16722]"
Actor,client,99,2180,5,M0,H,evaluation,4,0,0.45596426725387573,0,0.6842027902603149,False,1,0.0,0,"[0.123358, 0.221395, 0.229996, 0.220459, 0.204792]"
Actor,client,99,2191,5,M0,H,evaluation,1,0,0.7333300709724426,1,0.5864935517311096,False,0,,1,"[0.153866, 0.323921, 0.174573, 0.10777, 0.23987]"
Actor,client,99,2195,5,M0,H,evaluation,4,0,0.6123432517051697,0,0.6842027902603149,False,0,,1,"[0.043752, 0.062677, 0.100493, 0.317662, 0.475416]"
Actor,client,99,2204,5,M0,H,evaluation,1,0,0.36065202951431274,0,0.5864935517311096,False,2,0.0,0,"[0.271113, 0.12544, 0.177373, 0.165735, 0.260339]"
Actor,client,99,2207,5,M0,H,evaluation,4,0,0.1219031885266304,0,0.6842027902603149,False,0,,0,"[0.091867, 0.182694, 0.173666, 0.442279, 0.109495]"
Actor,client,99,2217,5,M0,H,evaluation,4,0,0.10940046608448029,0,0.6842027902603149,False,0,,0,"[0.077764, 0.052649, 0.317122, 0.456031, 0.096434]"
Actor,client,99,2225,5,M0,H,evaluation,2,0,0.4512496292591095,0,0.6948522925376892,False,1,1.0,0,"[0.159782, 0.169379, 0.238701, 0.282681, 0.149457]"
Actor,client,99,2298,5,M0,H,evaluation,1,0,0.3156750202178955,0,0.5864935517311096,False,0,,0,"[0.169021, 0.112768, 0.187858, 0.30506, 0.225293]"
Actor,client,99,2304,5,M0,H,evaluation,4,0,0.5880000591278076,0,0.6842027902603149,False,1,0.0,1,"[0.120156, 0.125864, 0.169401, 0.25155, 0.333029]"
Actor,client,99,2319,5,M0,H,evaluation,2,0,0.4659736454486847,0,0.6948522925376892,False,2,1.0,0,"[0.154149, 0.215506, 0.22295, 0.175482, 0.231913]"
Actor,client,99,2333,5,M0,H,evaluation,4,0,0.3308728039264679,0,0.6842027902603149,False,2,0.0,0,"[0.157694, 0.237881, 0.270029, 0.203911, 0.130485]"
Actor,client,99,2335,5,M0,H,evaluation,3,0,0.4156477153301239,0,0.5564348697662354,False,1,0.0,0,"[0.097217, 0.191418, 0.33935, 0.212848, 0.159167]"
Actor,client,99,2387,5,M0,H,evaluation,4,0,0.683565616607666,0,0.6842027902603149,False,0,,1,"[0.051829, 0.114529, 0.274416, 0.166928, 0.392299]"
Actor,client,99,2412,5,M0,H,evaluation,4,0,0.5002731084823608,0,0.6842027902603149,False,8,0.5,0,"[0.1061, 0.196098, 0.174265, 0.265713, 0.257823]"
Actor,client,99,2418,5,M0,H,evaluation,3,0,0.5670799016952515,1,0.5564348697662354,False,1,1.0,1,"[0.049133, 0.157194, 0.18453, 0.355831, 0.253312]"
Actor,client,99,2434,5,M0,H,evaluation,1,0,0.4363928437232971,0,0.5864935517311096,False,1,0.0,0,"[0.150076, 0.185436, 0.254391, 0.192319, 0.217779]"
Actor,client,99,2448,5,M0,H,evaluation,3,0,0.32064709067344666,0,0.5564348697662354,False,0,,0,"[0.148385, 0.204286, 0.318672, 0.12584, 0.202817]"
Actor,client,99,2455,5,M0,H,evaluation,3,0,0.4635802209377289,0,0.5564348697662354,False,3,0.0,0,"[0.085392, 0.084845, 0.260055, 0.251118, 0.31859]"
Actor,client,99,2501,5,M0,H,evaluation,4,0,0.37550410628318787,0,0.6842027902603149,False,1,0.0,0,"[0.235342, 0.191155, 0.202531, 0.215758, 0.155213]"
Actor,client,99,2504,5,M0,H,evaluation,0,0,0.4989855885505676,0,0.5510123372077942,False,1,0.0,0,"[0.188167, 0.226775, 0.224216, 0.212855, 0.147986]"
Actor,client,99,2515,5,M0,H,evaluation,2,0,0.2903026044368744,0,0.6948522925376892,False,2,0.0,0,"[0.071352, 0.123885, 0.120317, 0.194231, 0.490216]"
Actor,client,99,2519,5,M0,H,evaluation,4,0,0.6875900030136108,1,0.6842027902603149,False,0,,1,"[0.013913, 0.12415, 0.249772, 0.194762, 0.417403]"
Actor,client,99,2529,5,M0,H,evaluation,4,0,0.6878222823143005,1,0.6842027902603149,False,2,0.5,1,"[0.113847, 0.237918, 0.14422, 0.162891, 0.341124]"
Actor,client,99,2536,5,M0,H,evaluation,3,0,0.4661441445350647,0,0.5564348697662354,False,1,0.0,0,"[0.166633, 0.185523, 0.243117, 0.237563, 0.167164]"
Actor,client,99,2545,5,M0,H,evaluation,3,0,0.3969673812389374,0,0.5564348697662354,False,2,0.0,0,"[0.131164, 0.177637, 0.257974, 0.196577, 0.236648]"
Actor,client,99,2563,5,M0,H,evaluation,4,0,0.47746792435646057,0,0.6842027902603149,False,2,0.5,0,"[0.146136, 0.188349, 0.193087, 0.24255, 0.229877]"
Actor,client,99,2564,5,M0,H,evaluation,3,0,0.41815704107284546,0,0.5564348697662354,False,3,0.0,0,"[0.112093, 0.116099, 0.114764, 0.231193, 0.425851]"
Actor,client,99,2586,5,M0,H,evaluation,1,0,0.3086705207824707,0,0.5864935517311096,False,0,,0,"[0.114086, 0.141115, 0.366268, 0.194876, 0.183655]"
Actor,client,99,2591,5,M0,H,evaluation,1,0,0.4309823513031006,0,0.5864935517311096,False,0,,0,"[0.126373, 0.191614, 0.318369, 0.181549, 0.182094]"
Actor,client,99,2595,5,M0,H,evaluation,3,0,0.3605586588382721,0,0.5564348697662354,False,0,,0,"[0.139364, 0.276049, 0.329613, 0.166571, 0.088404]"
Actor,client,99,2616,5,M0,H,evaluation,4,0,0.5558114051818848,0,0.6842027902603149,False,2,0.0,0,"[0.179446, 0.177335, 0.291123, 0.136023, 0.216073]"
Actor,client,99,2661,5,M0,H,evaluation,0,0,0.332010954618454,0,0.5510123372077942,False,2,0.0,0,"[0.068121, 0.085323, 0.078252, 0.350087, 0.418216]"
Actor,client,99,2664,5,M0,H,evaluation,2,0,0.4713207483291626,0,0.6948522925376892,False,2,0.5,1,"[0.214073, 0.190839, 0.235938, 0.190847, 0.168302]"
Actor,client,99,2678,5,M0,H,evaluation,4,0,0.3409710228443146,0,0.6842027902603149,False,3,0.3333333333333333,0,"[0.099119, 0.204367, 0.196305, 0.30838, 0.191829]"
Actor,client,99,2724,5,M0,H,evaluation,3,0,0.37664473056793213,0,0.5564348697662354,False,2,0.0,0,"[0.177569, 0.162258, 0.20215, 0.171027, 0.286997]"
Actor,client,99,2742,5,M0,H,evaluation,1,0,0.6405274868011475,1,0.5864935517311096,False,0,,0,"[0.15914, 0.267887, 0.279691, 0.182516, 0.110766]"
Actor,client,99,2754,5,M0,H,evaluation,4,0,0.5219725966453552,0,0.6842027902603149,False,1,1.0,1,"[0.094702, 0.189959, 0.204997, 0.248441, 0.261902]"
Actor,client,99,2771,5,M0,H,evaluation,2,0,0.4946361482143402,0,0.6948522925376892,False,1,0.0,1,"[0.167931, 0.22716, 0.245486, 0.204461, 0.154961]"
Actor,client,99,2775,5,M0,H,evaluation,4,0,0.4666516184806824,0,0.6842027902603149,False,9,0.1111111111111111,0,"[0.081602, 0.218555, 0.193618, 0.267808, 0.238417]"
Actor,client,99,2786,5,M0,H,evaluation,0,0,0.31281036138534546,0,0.5510123372077942,False,0,,0,"[0.132357, 0.333159, 0.113145, 0.219904, 0.201434]"
Actor,client,99,2789,5,M0,H,evaluation,4,0,0.3979243338108063,0,0.6842027902603149,False,1,0.0,0,"[0.074055, 0.159399, 0.272933, 0.283686, 0.209927]"
Actor,client,99,2791,5,M0,H,evaluation,3,0,0.5378866791725159,0,0.5564348697662354,False,1,0.0,1,"[0.041853, 0.254573, 0.197014, 0.345805, 0.160755]"
Actor,client,99,2793,5,M0,H,evaluation,3,0,0.5029113292694092,0,0.5564348697662354,False,1,0.0,1,"[0.083949, 0.159536, 0.255925, 0.288025, 0.212565]"
Actor,client,99,2796,5,M0,H,evaluation,3,0,0.6806217432022095,1,0.5564348697662354,False,0,,1,"[0.057123, 0.114424, 0.195769, 0.437337, 0.195347]"
Actor,client,99,2800,5,M0,H,evaluation,0,0,0.38978835940361023,0,0.5510123372077942,False,0,,0,"[0.131938, 0.149424, 0.396983, 0.212254, 0.1094]"
Actor,client,99,2828,5,M0,H,evaluation,2,0,0.5859063267707825,0,0.6948522925376892,False,2,0.0,1,"[0.117241, 0.250794, 0.288212, 0.210256, 0.133497]"
Actor,client,99,2860,5,M0,H,evaluation,2,0,0.3259643018245697,0,0.6948522925376892,False,4,0.0,0,"[0.071094, 0.200534, 0.154234, 0.251244, 0.322894]"
Actor,client,99,2867,5,M0,H,evaluation,3,0,0.6806690692901611,1,0.5564348697662354,False,0,,1,"[0.156094, 0.112683, 0.20693, 0.401723, 0.12257]"
Actor,client,99,2876,5,M0,H,evaluation,3,0,0.36149975657463074,0,0.5564348697662354,False,0,,0,"[0.135771, 0.07104, 0.03985, 0.185362, 0.567976]"
Actor,client,99,2900,5,M0,H,evaluation,1,0,0.47186827659606934,0,0.5864935517311096,False,2,0.5,0,"[0.170189, 0.185109, 0.237883, 0.257834, 0.148985]"
Actor,client,99,2901,5,M0,H,evaluation,1,0,0.2803983986377716,0,0.5864935517311096,False,0,,0,"[0.194547, 0.098125, 0.280118, 0.250969, 0.176241]"
Actor,client,99,2905,5,M0,H,evaluation,0,0,0.29440197348594666,0,0.5510123372077942,False,2,0.0,0,"[0.005128, 0.004659, 0.005322, 0.0889, 0.895992]"
Actor,client,99,2908,5,M0,H,evaluation,3,0,0.4748745858669281,0,0.5564348697662354,False,0,,0,"[0.077131, 0.095349, 0.211264, 0.269467, 0.346789]"
Actor,client,99,2934,5,M0,H,evaluation,0,0,0.41794008016586304,0,0.5510123372077942,False,1,0.0,0,"[0.152914, 0.213395, 0.238853, 0.239743, 0.155096]"
Actor,client,99,2936,5,M0,H,evaluation,3,0,0.3752974271774292,0,0.5564348697662354,False,4,0.25,0,"[0.109519, 0.226405, 0.18262, 0.202473, 0.278983]"
Actor,client,99,2937,5,M0,H,evaluation,2,0,0.4815567135810852,0,0.6948522925376892,False,2,1.0,0,"[0.062945, 0.103395, 0.272416, 0.422374, 0.138869]"
Actor,client,99,2940,5,M0,H,evaluation,0,0,0.32564684748649597,0,0.5510123372077942,False,1,0.0,0,"[0.112675, 0.212983, 0.229022, 0.269062, 0.176257]"
Actor,client,99,2967,5,M0,H,evaluation,4,0,0.4234844148159027,0,0.6842027902603149,False,5,0.2,0,"[0.120962, 0.095419, 0.27354, 0.28438, 0.225701]"
Actor,client,99,3013,5,M0,H,evaluation,3,0,0.3562443256378174,0,0.5564348697662354,False,1,0.0,0,"[0.192131, 0.298147, 0.158637, 0.169745, 0.18134]"
Actor,client,99,93,8,M0,H,evaluation,1,0,0.34079232811927795,0,0.5864935517311096,False,5,0.4,0,"[0.167961, 0.134781, 0.244261, 0.23466, 0.218336]"
Actor,client,99,281,8,M0,H,evaluation,2,0,0.40737679600715637,0,0.6948522925376892,False,1,1.0,0,"[0.134076, 0.213914, 0.197255, 0.208541, 0.246215]"
Actor,client,99,477,8,M0,H,evaluation,4,0,0.5066019296646118,0,0.6842027902603149,False,1,0.0,0,"[0.163976, 0.239157, 0.221252, 0.171732, 0.203882]"
Actor,client,99,553,8,M0,H,evaluation,4,0,0.4496099650859833,0,0.6842027902603149,False,2,0.5,0,"[0.163575, 0.223399, 0.264119, 0.174222, 0.174685]"
Actor,client,99,585,8,M0,H,evaluation,0,0,0.42471155524253845,0,0.5510123372077942,False,0,,0,"[0.117025, 0.117703, 0.177559, 0.151555, 0.436158]"
Actor,client,99,638,8,M0,H,evaluation,1,0,0.5092059969902039,0,0.5864935517311096,False,1,0.0,0,"[0.09763, 0.218443, 0.239006, 0.26015, 0.184772]"
Actor,client,99,874,8,M0,H,evaluation,4,0,0.44953471422195435,0,0.6842027902603149,False,1,1.0,0,"[0.114371, 0.192557, 0.243984, 0.237635, 0.211453]"
Actor,client,99,1271,8,M0,H,evaluation,3,0,0.39551597833633423,0,0.5564348697662354,False,3,0.0,0,"[0.1597, 0.189247, 0.30405, 0.180817, 0.166186]"
Actor,client,99,1331,8,M0,H,evaluation,4,0,0.2562392055988312,0,0.6842027902603149,False,0,,0,"[0.171929, 0.164879, 0.245095, 0.288817, 0.12928]"
Actor,client,99,1419,8,M0,H,evaluation,4,0,0.36486726999282837,0,0.6842027902603149,False,1,0.0,0,"[0.098335, 0.192493, 0.21293, 0.29752, 0.198722]"
Actor,client,99,1501,8,M0,H,evaluation,4,0,0.627161979675293,0,0.6842027902603149,False,1,1.0,1,"[0.099424, 0.121329, 0.214684, 0.214739, 0.349824]"
Actor,client,99,1509,8,M0,H,evaluation,4,0,0.6250884532928467,0,0.6842027902603149,False,0,,1,"[0.030152, 0.003058, 0.051331, 0.282917, 0.632542]"
Actor,client,99,1546,8,M0,H,evaluation,4,0,0.27586090564727783,0,0.6842027902603149,False,0,,0,"[0.108544, 0.28414, 0.29719, 0.204294, 0.105832]"
Actor,client,99,1758,8,M0,H,evaluation,4,0,0.762839138507843,1,0.6842027902603149,False,3,0.0,1,"[0.068903, 0.295939, 0.100598, 0.131768, 0.402792]"
Actor,client,99,1814,8,M0,H,evaluation,4,0,0.37857377529144287,0,0.6842027902603149,False,2,0.0,0,"[0.084234, 0.207217, 0.189226, 0.307267, 0.212055]"
Actor,client,99,1959,8,M0,H,evaluation,2,0,0.42470410466194153,0,0.6948522925376892,False,4,0.0,0,"[0.166107, 0.191604, 0.225467, 0.281336, 0.135486]"
Actor,client,99,2121,8,M0,H,evaluation,2,0,0.43172892928123474,0,0.6948522925376892,False,1,0.0,0,"[0.184463, 0.168602, 0.215807, 0.20896, 0.222168]"
Actor,client,99,2246,8,M0,H,evaluation,3,0,0.4349442422389984,0,0.5564348697662354,False,5,0.4,0,"[0.222618, 0.199249, 0.215372, 0.200827, 0.161934]"
Actor,client,99,2309,8,M0,H,evaluation,3,0,0.33406367897987366,0,0.5564348697662354,False,0,,0,"[0.08132, 0.257952, 0.062762, 0.198424, 0.399541]"
Actor,client,99,2408,8,M0,H,evaluation,4,0,0.5785110592842102,0,0.6842027902603149,False,1,0.0,1,"[0.008414, 0.050072, 0.082262, 0.381578, 0.477674]"
Actor,client,99,2410,8,M0,H,evaluation,3,0,0.33376020193099976,0,0.5564348697662354,False,2,0.0,0,"[0.175581, 0.297357, 0.17539, 0.155216, 0.196456]"
Actor,client,99,2521,8,M0,H,evaluation,3,0,0.4471701681613922,0,0.5564348697662354,False,0,,0,"[0.107243, 0.26802, 0.206283, 0.257739, 0.160715]"
Actor,client,99,2588,8,M0,H,evaluation,4,0,0.6416360139846802,0,0.6842027902603149,False,1,0.0,1,"[0.134587, 0.267241, 0.134083, 0.171115, 0.292974]"
Actor,client,99,2719,8,M0,H,evaluation,2,0,0.2883909344673157,0,0.6948522925376892,False,2,0.0,0,"[0.144195, 0.22779, 0.155443, 0.324051, 0.148521]"
Actor,client,99,2972,8,M0,H,evaluation,2,0,0.4466648995876312,0,0.6948522925376892,False,3,0.3333333333333333,0,"[0.207349, 0.261962, 0.217302, 0.165454, 0.147933]"
Actor,client,99,3007,8,M0,H,evaluation,1,0,0.09287195652723312,0,0.5864935517311096,False,2,0.0,0,"[0.017725, 0.023806, 0.022471, 0.064817, 0.871181]"
Actor,client,99,3735,8,M0,H,evaluation,2,0,0.49331754446029663,0,0.6948522925376892,False,2,0.0,1,"[0.157644, 0.210219, 0.246573, 0.218802, 0.166762]"
Actor,client,99,3742,8,M0,H,evaluation,4,0,0.41120317578315735,0,0.6842027902603149,False,1,0.0,0,"[0.123857, 0.198757, 0.274208, 0.221567, 0.181611]"
Actor,client,99,3853,8,M0,H,evaluation,4,0,0.5575620532035828,0,0.6842027902603149,False,1,0.0,0,"[0.1983, 0.214063, 0.223854, 0.144383, 0.219401]"
Actor,client,99,3979,8,M0,H,evaluation,3,0,0.49053317308425903,0,0.5564348697662354,False,1,0.0,1,"[0.078028, 0.199849, 0.195921, 0.293276, 0.232926]"
Actor,client,99,4051,8,M0,H,evaluation,0,0,0.2558669149875641,0,0.5510123372077942,False,1,0.0,0,"[0.097496, 0.286491, 0.190633, 0.271805, 0.153574]"
Actor,client,99,4175,8,M0,H,evaluation,1,0,0.3464932143688202,0,0.5864935517311096,False,1,0.0,0,"[0.157133, 0.124887, 0.215839, 0.342296, 0.159846]"
Actor,client,99,4293,8,M0,H,evaluation,1,0,0.5748317837715149,0,0.5864935517311096,False,0,,0,"[0.154209, 0.24469, 0.169554, 0.153839, 0.277709]"
Actor,client,99,4430,8,M0,H,evaluation,4,0,0.4935946762561798,0,0.6842027902603149,False,2,0.0,0,"[0.171432, 0.20891, 0.236602, 0.180759, 0.202296]"
Actor,client,99,4620,8,M0,H,evaluation,1,0,0.49074846506118774,0,0.5864935517311096,False,6,0.16666666666666666,0,"[0.124738, 0.215241, 0.24964, 0.181451, 0.22893]"
Actor,client,99,4945,8,M0,H,evaluation,4,0,0.5178470015525818,0,0.6842027902603149,False,0,,1,"[0.112591, 0.118025, 0.233642, 0.260797, 0.274944]"
Actor,client,99,5061,8,M0,H,evaluation,3,0,0.4381590485572815,0,0.5564348697662354,False,1,0.0,0,"[0.149604, 0.199362, 0.183114, 0.23253, 0.23539]"
Actor,client,99,5111,8,M0,H,evaluation,4,0,0.4173731505870819,0,0.6842027902603149,False,3,0.0,0,"[0.168596, 0.191138, 0.296541, 0.181994, 0.16173]"
Actor,client,99,5269,8,M0,H,evaluation,3,0,0.8012027740478516,1,0.5564348697662354,False,0,,1,"[0.076323, 0.136041, 0.027361, 0.584662, 0.175613]"
Actor,client,99,5318,8,M0,H,evaluation,0,0,0.5726455450057983,1,0.5510123372077942,False,2,0.0,0,"[0.206665, 0.181496, 0.279243, 0.168914, 0.163682]"
Actor,client,99,5377,8,M0,H,evaluation,3,0,0.42051151394844055,0,0.5564348697662354,False,0,,0,"[0.22097, 0.116753, 0.360734, 0.163425, 0.138119]"
Actor,client,99,5381,8,M0,H,evaluation,2,0,0.3349432945251465,0,0.6948522925376892,False,1,0.0,0,"[0.110836, 0.306868, 0.14099, 0.142264, 0.299042]"
Actor,client,99,5469,8,M0,H,evaluation,1,0,0.33133089542388916,0,0.5864935517311096,False,1,0.0,0,"[0.217772, 0.126559, 0.250415, 0.171122, 0.234132]"
Actor,client,99,5814,8,M0,H,evaluation,2,0,0.5193085670471191,0,0.6948522925376892,False,2,0.0,1,"[0.14627, 0.195563, 0.247199, 0.166004, 0.244965]"
Actor,client,99,5870,8,M0,H,evaluation,2,0,0.6152567267417908,0,0.6948522925376892,False,3,0.3333333333333333,1,"[0.163998, 0.190439, 0.302574, 0.178782, 0.164207]"
Actor,client,99,6164,8,M0,H,evaluation,1,0,0.12343712896108627,0,0.5864935517311096,False,2,0.0,0,"[0.078745, 0.043778, 0.345737, 0.112311, 0.419429]"
Actor,client,99,6233,8,M0,H,evaluation,4,0,0.6048605442047119,0,0.6842027902603149,False,2,0.5,1,"[0.144422, 0.164244, 0.181293, 0.205139, 0.304903]"
Actor,client,99,6676,8,M0,H,evaluation,1,0,0.48747238516807556,0,0.5864935517311096,False,4,0.25,0,"[0.139906, 0.19853, 0.193145, 0.258698, 0.20972]"
Actor,client,99,6698,8,M0,H,evaluation,2,0,0.4627872109413147,0,0.6948522925376892,False,1,1.0,0,"[0.072289, 0.256206, 0.217113, 0.200068, 0.254324]"
Actor,client,99,6844,8,M0,H,evaluation,0,0,0.5822557210922241,1,0.5510123372077942,False,1,0.0,0,"[0.218636, 0.213467, 0.255788, 0.165469, 0.146641]"
Actor,client,99,6858,8,M0,H,evaluation,2,0,0.7660839557647705,1,0.6948522925376892,False,2,1.0,1,"[0.132784, 0.276597, 0.368138, 0.055013, 0.167468]"
Actor,client,99,7119,8,M0,H,evaluation,3,0,0.38558539748191833,0,0.5564348697662354,False,2,0.0,0,"[0.102884, 0.233395, 0.209479, 0.209766, 0.244475]"
Actor,client,99,7182,8,M0,H,evaluation,4,0,0.3947838246822357,0,0.6842027902603149,False,3,0.0,0,"[0.139201, 0.203806, 0.257868, 0.224868, 0.174257]"
Actor,client,99,7230,8,M0,H,evaluation,2,0,0.47052836418151855,0,0.6948522925376892,False,1,0.0,1,"[0.1983, 0.214063, 0.223854, 0.144383, 0.219401]"
Actor,client,99,7253,8,M0,H,evaluation,4,0,0.19320794939994812,0,0.6842027902603149,False,1,0.0,0,"[0.082246, 0.096749, 0.115637, 0.50644, 0.198929]"
Actor,client,99,7354,8,M0,H,evaluation,4,0,0.4182072877883911,0,0.6842027902603149,False,1,0.0,0,"[0.159898, 0.189969, 0.208388, 0.244895, 0.19685]"
Actor,client,99,7519,8,M0,H,evaluation,3,0,0.3418189287185669,0,0.5564348697662354,False,1,0.0,0,"[0.09784, 0.184064, 0.178276, 0.17668, 0.363141]"
Actor,client,99,7586,8,M0,H,evaluation,1,0,0.22690291702747345,0,0.5864935517311096,False,3,0.6666666666666666,0,"[0.088724, 0.104914, 0.229519, 0.186368, 0.390475]"
Actor,client,99,272,8,M0,H,evaluation,2,0,0.20970310270786285,0,0.6948522925376892,False,1,0.0,0,"[0.054088, 0.091926, 0.056927, 0.172787, 0.624271]"
Actor,client,99,448,8,M0,H,evaluation,1,0,0.5535136461257935,0,0.5864935517311096,False,5,0.4,0,"[0.021869, 0.245228, 0.268964, 0.338473, 0.125466]"
Actor,client,99,567,8,M0,H,evaluation,0,0,0.5055844187736511,0,0.5510123372077942,False,0,,0,"[0.204686, 0.269485, 0.250098, 0.182941, 0.09279]"
Actor,client,99,665,8,M0,H,evaluation,3,0,0.5857263207435608,1,0.5564348697662354,False,2,1.0,1,"[0.04575, 0.218741, 0.161952, 0.380839, 0.192718]"
Actor,client,99,1037,8,M0,H,evaluation,3,0,0.6208261847496033,1,0.5564348697662354,False,4,0.25,1,"[0.032462, 0.191093, 0.083703, 0.420109, 0.272634]"
Actor,client,99,1094,8,M0,H,evaluation,1,0,0.48228341341018677,0,0.5864935517311096,False,1,0.0,0,"[0.154233, 0.199057, 0.185077, 0.213233, 0.248401]"
Actor,client,99,1210,8,M0,H,evaluation,2,0,0.5208544731140137,0,0.6948522925376892,False,0,,1,"[0.21504, 0.197817, 0.261735, 0.191819, 0.13359]"
Actor,client,99,1593,8,M0,H,evaluation,3,0,0.569105863571167,1,0.5564348697662354,False,4,0.25,1,"[0.060349, 0.111908, 0.135737, 0.355049, 0.336958]"
Actor,client,99,1628,8,M0,H,evaluation,4,0,0.6472650170326233,0,0.6842027902603149,False,2,0.0,1,"[0.047439, 0.053982, 0.08542, 0.267397, 0.545762]"
Actor,client,99,2066,8,M0,H,evaluation,2,0,0.5622161030769348,0,0.6948522925376892,False,2,0.0,0,"[0.100819, 0.200769, 0.291252, 0.293542, 0.113618]"
Actor,client,99,2312,8,M0,H,evaluation,2,0,0.3748023509979248,0,0.6948522925376892,False,1,0.0,0,"[0.196269, 0.266205, 0.193327, 0.238009, 0.10619]"
Actor,client,99,2498,8,M0,H,evaluation,2,0,0.36046022176742554,0,0.6948522925376892,False,2,0.5,0,"[0.186143, 0.312687, 0.185366, 0.24328, 0.072523]"
Actor,client,99,2679,8,M0,H,evaluation,4,0,0.4055785536766052,0,0.6842027902603149,False,0,,0,"[0.010952, 0.033751, 0.250478, 0.410537, 0.294282]"
Actor,client,99,3059,8,M0,H,evaluation,4,0,0.4473908245563507,0,0.6842027902603149,False,1,1.0,0,"[0.115645, 0.114816, 0.234392, 0.29103, 0.244117]"
Actor,client,99,3263,8,M0,H,evaluation,4,0,0.0336882621049881,0,0.6842027902603149,False,0,,0,"[0.067976, 0.111679, 0.097316, 0.674176, 0.048853]"
Actor,client,99,3522,8,M0,H,evaluation,1,0,0.5926358103752136,1,0.5864935517311096,False,0,,0,"[0.203202, 0.238259, 0.290411, 0.167496, 0.100631]"
Actor,client,99,3558,8,M0,H,evaluation,2,0,0.3266877233982086,0,0.6948522925376892,False,1,1.0,0,"[0.130655, 0.111519, 0.17598, 0.320119, 0.261726]"
Actor,client,99,3599,8,M0,H,evaluation,3,0,0.4858674705028534,0,0.5564348697662354,False,1,1.0,1,"[0.176989, 0.181263, 0.214386, 0.251518, 0.175844]"
Actor,client,99,3751,8,M0,H,evaluation,1,0,0.47660645842552185,0,0.5864935517311096,False,0,,0,"[0.179167, 0.194025, 0.131529, 0.183351, 0.311928]"
Actor,client,99,3885,8,M0,H,evaluation,2,0,0.4821426272392273,0,0.6948522925376892,False,2,0.5,1,"[0.14864, 0.18677, 0.240579, 0.222945, 0.201066]"
Actor,client,99,3977,8,M0,H,evaluation,4,0,0.6177999973297119,0,0.6842027902603149,False,4,0.5,1,"[0.034846, 0.096357, 0.191044, 0.277628, 0.400123]"
Actor,client,99,4023,8,M0,H,evaluation,4,0,0.6388415694236755,0,0.6842027902603149,False,1,0.0,1,"[0.016182, 0.036054, 0.086186, 0.286843, 0.574735]"
Actor,client,99,4342,8,M0,H,evaluation,4,0,0.61650550365448,0,0.6842027902603149,False,0,,1,"[0.140099, 0.111843, 0.120653, 0.247892, 0.379513]"
Actor,client,99,4634,8,M0,H,evaluation,3,0,0.5009493827819824,0,0.5564348697662354,False,1,0.0,1,"[0.170353, 0.267703, 0.185327, 0.277811, 0.098807]"
Actor,client,99,4638,8,M0,H,evaluation,4,0,0.1635967195034027,0,0.6842027902603149,False,4,0.0,0,"[0.085846, 0.205679, 0.217614, 0.375068, 0.115793]"
Actor,client,99,4708,8,M0,H,evaluation,1,0,0.4857757091522217,0,0.5864935517311096,False,4,0.25,0,"[0.068614, 0.20865, 0.286236, 0.321305, 0.115194]"
Actor,client,99,5004,8,M0,H,evaluation,2,0,0.3021244704723358,0,0.6948522925376892,False,0,,0,"[0.037494, 0.147549, 0.172219, 0.42131, 0.221429]"
Actor,client,99,5121,8,M0,H,evaluation,0,0,0.42072030901908875,0,0.5510123372077942,False,1,0.0,0,"[0.128871, 0.148097, 0.162268, 0.259503, 0.301262]"
Actor,client,99,5125,8,M0,H,evaluation,4,0,0.4685828387737274,0,0.6842027902603149,False,1,0.0,0,"[0.141815, 0.123029, 0.201412, 0.281728, 0.252016]"
Actor,client,99,5863,8,M0,H,evaluation,3,0,0.6465890407562256,1,0.5564348697662354,False,1,0.0,1,"[0.081877, 0.090739, 0.108516, 0.409029, 0.309839]"
Actor,client,99,5873,8,M0,H,evaluation,1,0,0.5505545139312744,0,0.5864935517311096,False,1,0.0,0,"[0.267286, 0.205141, 0.192081, 0.154953, 0.180539]"
Actor,client,99,5885,8,M0,H,evaluation,4,0,0.34932741522789,0,0.6842027902603149,False,1,0.0,0,"[0.047308, 0.131449, 0.044487, 0.483688, 0.293068]"
Actor,client,99,5983,8,M0,H,evaluation,4,0,0.7560657262802124,1,0.6842027902603149,False,0,,1,"[0.02046, 0.178725, 0.051239, 0.16224, 0.587336]"
Actor,client,99,6070,8,M0,H,evaluation,4,0,0.38533931970596313,0,0.6842027902603149,False,6,0.0,0,"[0.113391, 0.171362, 0.219873, 0.290195, 0.205179]"
Actor,client,99,6072,8,M0,H,evaluation,2,0,0.6149662137031555,0,0.6948522925376892,False,1,1.0,1,"[0.111567, 0.242292, 0.305647, 0.221749, 0.118745]"
Actor,client,99,6103,8,M0,H,evaluation,3,0,0.45426779985427856,0,0.5564348697662354,False,1,1.0,0,"[0.153018, 0.165653, 0.199293, 0.237389, 0.244647]"
Actor,client,99,6397,8,M0,H,evaluation,1,0,0.7436597347259521,1,0.5864935517311096,False,1,0.0,1,"[0.184284, 0.300556, 0.183333, 0.249415, 0.082412]"
Actor,client,99,6998,8,M0,H,evaluation,4,0,0.2185266613960266,0,0.6842027902603149,False,1,0.0,0,"[0.150682, 0.317294, 0.173203, 0.260078, 0.098742]"
Actor,client,99,7028,8,M0,H,evaluation,4,0,0.7249987125396729,1,0.6842027902603149,False,1,1.0,1,"[0.126214, 0.094659, 0.234381, 0.081805, 0.462941]"
Actor,client,99,7383,8,M0,H,evaluation,2,0,0.26966753602027893,0,0.6948522925376892,False,3,0.0,0,"[0.090648, 0.069408, 0.147759, 0.374035, 0.31815]"
Actor,client,99,7404,8,M0,H,evaluation,1,0,0.3630724251270294,0,0.5864935517311096,False,4,0.0,0,"[0.140983, 0.150462, 0.258084, 0.24284, 0.207631]"
Actor,client,99,1056,8,M0,H,evaluation,4,0,0.5276942253112793,0,0.6842027902603149,False,2,0.5,0,"[0.121981, 0.165169, 0.280112, 0.196879, 0.235859]"
Actor,client,99,1413,8,M0,H,evaluation,2,0,0.48791489005088806,0,0.6948522925376892,False,2,0.0,0,"[0.110812, 0.240672, 0.23885, 0.220853, 0.188814]"
Actor,client,99,1420,8,M0,H,evaluation,4,0,0.5940628051757812,0,0.6842027902603149,False,1,1.0,1,"[0.055016, 0.089793, 0.140155, 0.311098, 0.403939]"
Actor,client,99,1922,8,M0,H,evaluation,4,0,0.5052061676979065,0,0.6842027902603149,False,1,0.0,0,"[0.129021, 0.166616, 0.288211, 0.195663, 0.220489]"
Actor,client,99,1980,8,M0,H,evaluation,3,0,0.6950729489326477,1,0.5564348697662354,False,0,,1,"[0.03136, 0.1555, 0.08656, 0.478723, 0.247856]"
Actor,client,99,2397,8,M0,H,evaluation,0,0,0.614589273929596,1,0.5510123372077942,False,1,0.0,0,"[0.198585, 0.090486, 0.15692, 0.404174, 0.149835]"
Actor,client,99,2424,8,M0,H,evaluation,1,0,0.4759981334209442,0,0.5864935517311096,False,2,0.5,0,"[0.132668, 0.205675, 0.277606, 0.195056, 0.188994]"
Actor,client,99,2715,8,M0,H,evaluation,2,0,0.2945684790611267,0,0.6948522925376892,False,1,1.0,0,"[0.097158, 0.198075, 0.168522, 0.393281, 0.142964]"
Actor,client,99,3710,8,M0,H,evaluation,0,0,0.3838195502758026,0,0.5510123372077942,False,1,0.0,0,"[0.135844, 0.197146, 0.278347, 0.229684, 0.158979]"
Actor,client,99,4003,8,M0,H,evaluation,3,0,0.4147582948207855,0,0.5564348697662354,False,1,0.0,0,"[0.145671, 0.242718, 0.244723, 0.21313, 0.153759]"
Actor,client,99,4226,8,M0,H,evaluation,4,0,0.286670982837677,0,0.6842027902603149,False,2,0.0,0,"[0.05806, 0.220361, 0.143532, 0.37764, 0.200408]"
Actor,client,99,4395,8,M0,H,evaluation,0,0,0.46756166219711304,0,0.5510123372077942,False,0,,0,"[0.146942, 0.113625, 0.226744, 0.346096, 0.166593]"
Actor,client,99,4554,8,M0,H,evaluation,4,0,0.6292603611946106,0,0.6842027902603149,False,1,1.0,1,"[0.0938, 0.143937, 0.274034, 0.177492, 0.310738]"
Actor,client,99,4577,8,M0,H,evaluation,0,0,0.2650063633918762,0,0.5510123372077942,False,3,0.0,0,"[0.060005, 0.144269, 0.24797, 0.214184, 0.333572]"
Actor,client,99,4654,8,M0,H,evaluation,0,0,0.5314411520957947,0,0.5510123372077942,False,1,0.0,0,"[0.19782, 0.225848, 0.223541, 0.146193, 0.206598]"
Actor,client,99,5192,8,M0,H,evaluation,3,0,0.5216813087463379,0,0.5564348697662354,False,1,0.0,1,"[0.128056, 0.150526, 0.162337, 0.29774, 0.26134]"
Actor,client,99,5484,8,M0,H,evaluation,4,0,0.7730013728141785,1,0.6842027902603149,False,0,,1,"[0.036296, 0.262505, 0.056237, 0.15794, 0.487022]"
Actor,client,99,5595,8,M0,H,evaluation,2,0,0.6947460174560547,0,0.6948522925376892,False,0,,1,"[0.146833, 0.162558, 0.346987, 0.181286, 0.162337]"
Actor,client,99,5895,8,M0,H,evaluation,2,0,0.2203001081943512,0,0.6948522925376892,False,2,0.0,0,"[0.035098, 0.30157, 0.071135, 0.205088, 0.387109]"
Actor,client,99,6062,8,M0,H,evaluation,0,0,0.5190992951393127,0,0.5510123372077942,False,0,,0,"[0.206375, 0.268248, 0.160774, 0.253292, 0.111312]"
Actor,client,99,6147,8,M0,H,evaluation,2,0,0.37372544407844543,0,0.6948522925376892,False,1,1.0,0,"[0.094324, 0.242762, 0.17961, 0.231584, 0.25172]"
Actor,client,99,6158,8,M0,H,evaluation,3,0,0.44514039158821106,0,0.5564348697662354,False,1,0.0,1,"[0.126431, 0.187632, 0.218384, 0.239707, 0.227845]"
Actor,client,99,6595,8,M0,H,evaluation,2,0,0.5583149194717407,0,0.6948522925376892,False,2,1.0,0,"[0.093741, 0.201059, 0.289131, 0.297093, 0.118975]"
Actor,client,99,6913,8,M0,H,evaluation,2,0,0.38550636172294617,0,0.6948522925376892,False,0,,0,"[0.085358, 0.189183, 0.213452, 0.366519, 0.145489]"
Actor,client,99,6948,8,M0,H,evaluation,4,0,0.31472018361091614,0,0.6842027902603149,False,0,,0,"[0.081785, 0.205261, 0.132914, 0.369658, 0.210381]"
Actor,client,99,7407,8,M0,H,evaluation,2,0,0.33472633361816406,0,0.6948522925376892,False,2,0.0,0,"[0.086787, 0.068933, 0.174867, 0.317578, 0.351836]"
Actor,client,99,7454,8,M0,H,evaluation,0,0,0.29774782061576843,0,0.5510123372077942,False,0,,0,"[0.097062, 0.191011, 0.307266, 0.24003, 0.164631]"
Actor,client,99,7529,8,M0,H,evaluation,4,0,0.5501420497894287,0,0.6842027902603149,False,1,0.0,1,"[0.112528, 0.133092, 0.181298, 0.268268, 0.304814]"
Actor,client,99,302,8,M0,H,evaluation,4,0,0.40661999583244324,0,0.6842027902603149,False,0,,0,"[0.003609, 0.015697, 0.101615, 0.514119, 0.36496]"
Actor,client,99,411,8,M0,H,evaluation,3,0,0.2875787317752838,0,0.5564348697662354,False,0,,0,"[0.042267, 0.117816, 0.094564, 0.154273, 0.59108]"
Actor,client,99,470,8,M0,H,evaluation,3,0,0.39125967025756836,0,0.5564348697662354,False,5,0.2,0,"[0.143607, 0.191446, 0.210892, 0.195581, 0.258474]"
Actor,client,99,735,8,M0,H,evaluation,4,0,0.27086782455444336,0,0.6842027902603149,False,3,0.3333333333333333,0,"[0.081082, 0.309366, 0.144965, 0.306802, 0.157785]"
Actor,client,99,1126,8,M0,H,evaluation,3,0,0.3787929117679596,0,0.5564348697662354,False,0,,0,"[0.041829, 0.01126, 0.053104, 0.223299, 0.670508]"
Actor,client,99,1581,8,M0,H,evaluation,3,0,0.40640467405319214,0,0.5564348697662354,False,1,0.0,0,"[0.061035, 0.260188, 0.230755, 0.239666, 0.208356]"
Actor,client,99,1893,8,M0,H,evaluation,3,0,0.39766886830329895,0,0.5564348697662354,False,2,0.5,0,"[0.050844, 0.201933, 0.164996, 0.239335, 0.342892]"
Actor,client,99,1956,8,M0,H,evaluation,2,0,0.5819398164749146,0,0.6948522925376892,False,0,,1,"[0.102182, 0.25296, 0.28763, 0.225806, 0.131422]"
Actor,client,99,1987,8,M0,H,evaluation,0,0,0.4703196585178375,0,0.5510123372077942,False,1,0.0,0,"[0.171056, 0.213684, 0.209867, 0.209875, 0.195518]"
Actor,client,99,2193,8,M0,H,evaluation,3,0,0.5264686346054077,0,0.5564348697662354,False,1,0.0,1,"[0.096401, 0.099713, 0.240465, 0.29645, 0.266971]"
Actor,client,99,2444,8,M0,H,evaluation,2,0,0.5803263187408447,0,0.6948522925376892,False,2,0.5,1,"[0.13549, 0.126961, 0.294223, 0.245609, 0.197716]"
Actor,client,99,2643,8,M0,H,evaluation,0,0,0.24860839545726776,0,0.5510123372077942,False,0,,0,"[0.102327, 0.305274, 0.232541, 0.269025, 0.090833]"
Actor,client,99,3344,8,M0,H,evaluation,2,0,0.643467903137207,0,0.6948522925376892,False,0,,0,"[0.084508, 0.32185, 0.292825, 0.100027, 0.200789]"
Actor,client,99,3527,8,M0,H,evaluation,2,0,0.5904430747032166,0,0.6948522925376892,False,1,1.0,1,"[0.170923, 0.210773, 0.283054, 0.145821, 0.189429]"
Actor,client,99,3902,8,M0,H,evaluation,2,0,0.3312770128250122,0,0.6948522925376892,False,1,1.0,0,"[0.099744, 0.268984, 0.168492, 0.288115, 0.174664]"
Actor,client,99,4916,8,M0,H,evaluation,1,0,0.3676152229309082,0,0.5864935517311096,False,1,0.0,0,"[0.137819, 0.155822, 0.229324, 0.221443, 0.255593]"
Actor,client,99,4978,8,M0,H,evaluation,1,0,0.46947115659713745,0,0.5864935517311096,False,1,0.0,0,"[0.087425, 0.200402, 0.209291, 0.292619, 0.210264]"
Actor,client,99,5386,8,M0,H,evaluation,3,0,0.4036466181278229,0,0.5564348697662354,False,2,0.0,0,"[0.134538, 0.264533, 0.290421, 0.204948, 0.10556]"
Actor,client,99,5632,8,M0,H,evaluation,3,0,0.4748361110687256,0,0.5564348697662354,False,2,0.0,0,"[0.073252, 0.130323, 0.203706, 0.275364, 0.317355]"
Actor,client,99,6313,8,M0,H,evaluation,3,0,0.27954480051994324,0,0.5564348697662354,False,1,1.0,0,"[0.030672, 0.130903, 0.087671, 0.153231, 0.597522]"
Actor,client,99,6728,8,M0,H,evaluation,2,0,0.4857226610183716,0,0.6948522925376892,False,1,0.0,1,"[0.127479, 0.215073, 0.234486, 0.196915, 0.226046]"
Actor,client,99,6838,8,M0,H,evaluation,4,0,0.5583151578903198,0,0.6842027902603149,False,2,1.0,1,"[0.079386, 0.147064, 0.16992, 0.284319, 0.319311]"
Actor,client,99,83,8,M0,H,evaluation,4,0,0.6163763999938965,0,0.6842027902603149,False,1,1.0,1,"[0.108005, 0.117515, 0.300225, 0.172632, 0.301623]"
Actor,client,99,449,8,M0,H,evaluation,4,0,0.5881417989730835,0,0.6842027902603149,False,1,0.0,0,"[0.074053, 0.073008, 0.59021, 0.061082, 0.201646]"
Actor,client,99,483,8,M0,H,evaluation,2,0,0.2825813889503479,0,0.6948522925376892,False,4,0.25,0,"[0.070911, 0.084598, 0.179438, 0.495034, 0.170019]"
Actor,client,99,769,8,M0,H,evaluation,3,0,0.41559430956840515,0,0.5564348697662354,False,1,0.0,0,"[0.143645, 0.209525, 0.16055, 0.222091, 0.264189]"
Actor,client,99,1218,8,M0,H,evaluation,3,0,0.4502983093261719,0,0.5564348697662354,False,0,,0,"[0.307211, 0.159264, 0.20357, 0.180278, 0.149677]"
Actor,client,99,1542,8,M0,H,evaluation,3,0,0.7692086696624756,1,0.5564348697662354,False,0,,1,"[0.037987, 0.16302, 0.120536, 0.548415, 0.130042]"
Actor,client,99,1645,8,M0,H,evaluation,3,0,0.41133803129196167,0,0.5564348697662354,False,1,1.0,0,"[0.173364, 0.097766, 0.33908, 0.174013, 0.215777]"
Actor,client,99,1791,8,M0,H,evaluation,3,0,0.3068090081214905,0,0.5564348697662354,False,1,0.0,0,"[0.115631, 0.198356, 0.120993, 0.150518, 0.414502]"
Actor,client,99,1827,8,M0,H,evaluation,3,0,0.5860028266906738,1,0.5564348697662354,False,1,0.0,1,"[0.090866, 0.170714, 0.158126, 0.36069, 0.219605]"
Actor,client,99,2091,8,M0,H,evaluation,1,0,0.38502803444862366,0,0.5864935517311096,False,1,0.0,0,"[0.153382, 0.156968, 0.172655, 0.232374, 0.28462]"
Actor,client,99,2570,8,M0,H,evaluation,3,0,0.36495015025138855,0,0.5564348697662354,False,1,0.0,0,"[0.187792, 0.222112, 0.174893, 0.168159, 0.247045]"
Actor,client,99,2847,8,M0,H,evaluation,3,0,0.46866434812545776,0,0.5564348697662354,False,2,0.0,0,"[0.057824, 0.105866, 0.276458, 0.264273, 0.295579]"
Actor,client,99,2904,8,M0,H,evaluation,4,0,0.6842788457870483,1,0.6842027902603149,False,1,1.0,1,"[0.056002, 0.014274, 0.036248, 0.136534, 0.756941]"
Actor,client,99,3234,8,M0,H,evaluation,2,0,0.2089139223098755,0,0.6948522925376892,False,1,0.0,0,"[0.06392, 0.013346, 0.065012, 0.210477, 0.647245]"
Actor,client,99,3496,8,M0,H,evaluation,4,0,0.6284269690513611,0,0.6842027902603149,False,1,1.0,1,"[0.195421, 0.122875, 0.178649, 0.174811, 0.328245]"
Actor,client,99,3625,8,M0,H,evaluation,1,0,0.4341411888599396,0,0.5864935517311096,False,3,0.0,0,"[0.167635, 0.168768, 0.153355, 0.264384, 0.245858]"
Actor,client,99,3882,8,M0,H,evaluation,1,0,0.3449535667896271,0,0.5864935517311096,False,2,0.5,0,"[0.055722, 0.147525, 0.275999, 0.367603, 0.153151]"
Actor,client,99,3920,8,M0,H,evaluation,2,0,0.3750552237033844,0,0.6948522925376892,False,1,0.0,0,"[0.133153, 0.289483, 0.178015, 0.199191, 0.200157]"
Actor,client,99,4255,8,M0,H,evaluation,4,0,0.7080119848251343,1,0.6842027902603149,False,3,0.6666666666666666,1,"[0.071465, 0.149733, 0.076584, 0.203206, 0.499012]"
Actor,client,99,4520,8,M0,H,evaluation,1,0,0.13559646904468536,0,0.5864935517311096,False,1,0.0,0,"[0.079261, 0.06519, 0.597316, 0.061721, 0.196513]"
Actor,client,99,6892,8,M0,H,evaluation,1,0,0.6345008015632629,1,0.5864935517311096,False,1,1.0,1,"[0.186108, 0.259828, 0.239127, 0.168403, 0.146534]"
Actor,client,99,7032,8,M0,H,evaluation,4,0,0.5780960917472839,0,0.6842027902603149,False,6,0.5,1,"[0.143433, 0.099575, 0.110453, 0.283831, 0.362708]"
Actor,client,99,7062,8,M0,H,evaluation,4,0,0.31539106369018555,0,0.6842027902603149,False,2,0.5,0,"[0.080127, 0.105646, 0.209856, 0.386615, 0.217756]"
Actor,client,99,7229,8,M0,H,evaluation,0,0,0.3040407598018646,0,0.5510123372077942,False,1,0.0,0,"[0.067497, 0.073162, 0.332232, 0.279303, 0.247805]"
Actor,client,99,7466,8,M0,H,evaluation,4,0,0.48122283816337585,0,0.6842027902603149,False,1,0.0,0,"[0.11213, 0.117133, 0.200913, 0.298092, 0.271732]"
Actor,client,99,7527,8,M0,H,evaluation,3,0,0.27071747183799744,0,0.5564348697662354,False,4,0.0,0,"[0.0729, 0.296047, 0.166754, 0.137092, 0.327207]"
Actor,client,99,3015,0,MR,attack_member,evaluation,2,1,0.45490971207618713,0,0.6948522925376892,False,1,0.0,0,"[0.166677, 0.183341, 0.223174, 0.196862, 0.229947]"
Actor,client,99,3042,0,MR,attack_member,evaluation,1,1,0.3244117200374603,0,0.5864935517311096,False,1,0.0,0,"[0.117832, 0.13494, 0.162674, 0.26613, 0.318423]"
Actor,client,99,3095,0,MR,attack_member,evaluation,4,1,0.6026819348335266,0,0.6842027902603149,False,0,,1,"[0.152378, 0.260565, 0.081587, 0.214196, 0.291274]"
Actor,client,99,3102,0,MR,attack_member,evaluation,2,1,0.24057354032993317,0,0.6948522925376892,False,3,0.0,0,"[0.039008, 0.068437, 0.089577, 0.224732, 0.578246]"
Actor,client,99,3128,0,MR,attack_member,evaluation,3,1,0.4866095185279846,0,0.5564348697662354,False,1,0.0,0,"[0.180494, 0.146735, 0.251149, 0.242399, 0.179224]"
Actor,client,99,3137,0,MR,attack_member,evaluation,3,1,0.5922963619232178,1,0.5564348697662354,False,1,0.0,1,"[0.150978, 0.150551, 0.176779, 0.340113, 0.181579]"
Actor,client,99,3181,0,MR,attack_member,evaluation,1,1,0.38154149055480957,0,0.5864935517311096,False,4,0.0,0,"[0.072237, 0.184378, 0.273548, 0.184257, 0.28558]"
Actor,client,99,3233,0,MR,attack_member,evaluation,3,1,0.6284071803092957,1,0.5564348697662354,False,2,0.0,1,"[0.134004, 0.127557, 0.152884, 0.37465, 0.210905]"
Actor,client,99,3300,0,MR,attack_member,evaluation,4,1,0.5672778487205505,0,0.6842027902603149,False,6,0.3333333333333333,1,"[0.121682, 0.193395, 0.14025, 0.249149, 0.295523]"
Actor,client,99,3301,0,MR,attack_member,evaluation,4,1,0.5557011365890503,0,0.6842027902603149,False,1,1.0,1,"[0.112976, 0.132655, 0.174577, 0.269104, 0.310688]"
Actor,client,99,3306,0,MR,attack_member,evaluation,3,1,0.39889049530029297,0,0.5564348697662354,False,2,0.0,0,"[0.118006, 0.208843, 0.192027, 0.214332, 0.266792]"
Actor,client,99,3335,0,MR,attack_member,evaluation,1,1,0.5299816727638245,0,0.5864935517311096,False,3,0.0,0,"[0.099769, 0.225823, 0.217627, 0.261125, 0.195656]"
Actor,client,99,3337,0,MR,attack_member,evaluation,0,1,0.4259190857410431,0,0.5510123372077942,False,0,,0,"[0.171798, 0.259216, 0.310163, 0.154818, 0.104005]"
Actor,client,99,3367,0,MR,attack_member,evaluation,1,1,0.38767609000205994,0,0.5864935517311096,False,1,0.0,0,"[0.141983, 0.161565, 0.25973, 0.236032, 0.20069]"
Actor,client,99,3404,0,MR,attack_member,evaluation,2,1,0.525566577911377,0,0.6948522925376892,False,1,0.0,1,"[0.182825, 0.163242, 0.262344, 0.20229, 0.1893]"
Actor,client,99,3406,0,MR,attack_member,evaluation,0,1,0.9625987410545349,1,0.5510123372077942,False,1,0.0,1,"[0.463517, 0.056295, 0.052377, 0.136552, 0.291259]"
Actor,client,99,3429,0,MR,attack_member,evaluation,4,1,0.498780220746994,0,0.6842027902603149,False,1,0.0,0,"[0.144418, 0.189276, 0.255065, 0.195892, 0.215348]"
Actor,client,99,3443,0,MR,attack_member,evaluation,2,1,0.4278102219104767,0,0.6948522925376892,False,1,1.0,0,"[0.086692, 0.119424, 0.230024, 0.339532, 0.224327]"
Actor,client,99,3447,0,MR,attack_member,evaluation,1,1,0.33920231461524963,0,0.5864935517311096,False,2,0.0,0,"[0.103756, 0.143466, 0.217603, 0.283815, 0.251359]"
Actor,client,99,3452,0,MR,attack_member,evaluation,1,1,0.40693336725234985,0,0.5864935517311096,False,1,0.0,0,"[0.122805, 0.172819, 0.148328, 0.238947, 0.317101]"
Actor,client,99,3471,0,MR,attack_member,evaluation,2,1,0.37642329931259155,0,0.6948522925376892,False,0,,0,"[0.13814, 0.334982, 0.175817, 0.182402, 0.16866]"
Actor,client,99,3482,0,MR,attack_member,evaluation,4,1,0.3567619025707245,0,0.6842027902603149,False,0,,0,"[0.072696, 0.143486, 0.192463, 0.361899, 0.229455]"
Actor,client,99,3499,0,MR,attack_member,evaluation,3,1,0.5569290518760681,1,0.5564348697662354,False,0,,1,"[0.084194, 0.167174, 0.302467, 0.321932, 0.124233]"
Actor,client,99,3516,0,MR,attack_member,evaluation,2,1,0.4388876259326935,0,0.6948522925376892,False,2,0.0,0,"[0.144755, 0.193189, 0.216859, 0.217864, 0.227332]"
Actor,client,99,3520,0,MR,attack_member,evaluation,3,1,0.8566080331802368,1,0.5564348697662354,False,1,1.0,1,"[0.018663, 0.011302, 0.105824, 0.663379, 0.200832]"
Actor,client,99,3530,0,MR,attack_member,evaluation,2,1,0.5301114320755005,0,0.6948522925376892,False,2,0.0,1,"[0.129172, 0.161676, 0.272981, 0.271085, 0.165087]"
Actor,client,99,3539,0,MR,attack_member,evaluation,3,1,0.38513487577438354,0,0.5564348697662354,False,3,0.3333333333333333,0,"[0.104756, 0.265822, 0.251755, 0.206526, 0.17114]"
Actor,client,99,3549,0,MR,attack_member,evaluation,2,1,0.6884183883666992,0,0.6948522925376892,False,0,,1,"[0.131689, 0.14022, 0.33655, 0.160525, 0.231016]"
Actor,client,99,3571,0,MR,attack_member,evaluation,1,1,0.5628798604011536,0,0.5864935517311096,False,2,1.0,0,"[0.116491, 0.227961, 0.146447, 0.304109, 0.204992]"
Actor,client,99,3579,0,MR,attack_member,evaluation,4,1,0.558262288570404,0,0.6842027902603149,False,3,0.0,1,"[0.187116, 0.162756, 0.205603, 0.189931, 0.254594]"
Actor,client,99,3611,0,MR,attack_member,evaluation,1,1,0.7281786799430847,1,0.5864935517311096,False,0,,1,"[0.178445, 0.313039, 0.230784, 0.119437, 0.158295]"
Actor,client,99,3643,0,MR,attack_member,evaluation,3,1,0.44885703921318054,0,0.5564348697662354,False,2,0.0,1,"[0.143051, 0.231387, 0.211923, 0.242082, 0.171558]"
Actor,client,99,3645,0,MR,attack_member,evaluation,1,1,0.43560150265693665,0,0.5864935517311096,False,2,0.5,0,"[0.112907, 0.186293, 0.280558, 0.255099, 0.165143]"
Actor,client,99,3669,0,MR,attack_member,evaluation,4,1,0.45048388838768005,0,0.6842027902603149,False,3,0.3333333333333333,0,"[0.092337, 0.177576, 0.138557, 0.327176, 0.264355]"
Actor,client,99,3670,0,MR,attack_member,evaluation,1,1,0.3574133813381195,0,0.5864935517311096,False,1,0.0,0,"[0.16626, 0.143307, 0.241213, 0.228325, 0.220895]"
Actor,client,99,3777,0,MR,attack_member,evaluation,0,1,0.3256813585758209,0,0.5510123372077942,False,4,0.0,0,"[0.083117, 0.119757, 0.200028, 0.301388, 0.295709]"
Actor,client,99,3778,0,MR,attack_member,evaluation,4,1,0.41071557998657227,0,0.6842027902603149,False,3,0.3333333333333333,0,"[0.150654, 0.229617, 0.207649, 0.227993, 0.184086]"
Actor,client,99,3836,0,MR,attack_member,evaluation,3,1,0.572598934173584,1,0.5564348697662354,False,1,0.0,1,"[0.163158, 0.089316, 0.209344, 0.310153, 0.228029]"
Actor,client,99,3894,0,MR,attack_member,evaluation,2,1,0.3195580244064331,0,0.6948522925376892,False,0,,0,"[0.128189, 0.155382, 0.186663, 0.391344, 0.138423]"
Actor,client,99,3917,0,MR,attack_member,evaluation,4,1,0.6811176538467407,0,0.6842027902603149,False,0,,1,"[0.007756, 0.055051, 0.064525, 0.222412, 0.650256]"
Actor,client,99,3941,0,MR,attack_member,evaluation,2,1,0.4230702817440033,0,0.6948522925376892,False,0,,0,"[0.109555, 0.366781, 0.191951, 0.156579, 0.175134]"
Actor,client,99,3945,0,MR,attack_member,evaluation,0,1,0.49656352400779724,0,0.5510123372077942,False,2,0.0,0,"[0.175927, 0.200555, 0.19688, 0.193296, 0.233341]"
Actor,client,99,3962,0,MR,attack_member,evaluation,3,1,0.6864216327667236,1,0.5564348697662354,False,2,0.0,1,"[0.05702, 0.143066, 0.156596, 0.451064, 0.192254]"
Actor,client,99,3987,0,MR,attack_member,evaluation,2,1,0.42537984251976013,0,0.6948522925376892,False,1,0.0,0,"[0.18424, 0.179119, 0.190786, 0.107154, 0.338701]"
Actor,client,99,3996,0,MR,attack_member,evaluation,3,1,0.5160210728645325,0,0.5564348697662354,False,0,,0,"[0.125172, 0.134289, 0.139208, 0.295987, 0.305345]"
Actor,client,99,4026,0,MR,attack_member,evaluation,3,1,0.4120160937309265,0,0.5564348697662354,False,0,,0,"[0.155117, 0.208035, 0.212292, 0.208563, 0.215993]"
Actor,client,99,4045,0,MR,attack_member,evaluation,0,1,0.37550821900367737,0,0.5510123372077942,False,4,0.0,0,"[0.129048, 0.200562, 0.243595, 0.198388, 0.228407]"
Actor,client,99,4053,0,MR,attack_member,evaluation,3,1,0.4423860013484955,0,0.5564348697662354,False,5,0.2,0,"[0.105495, 0.154345, 0.183653, 0.246034, 0.310473]"
Actor,client,99,4129,0,MR,attack_member,evaluation,4,1,0.5229381322860718,0,0.6842027902603149,False,3,0.0,1,"[0.198097, 0.15231, 0.201752, 0.207122, 0.240719]"
Actor,client,99,4136,0,MR,attack_member,evaluation,2,1,0.37615782022476196,0,0.6948522925376892,False,2,0.5,0,"[0.134597, 0.167197, 0.197935, 0.290482, 0.209789]"
Actor,client,99,4158,0,MR,attack_member,evaluation,2,1,0.45096367597579956,0,0.6948522925376892,False,4,0.0,0,"[0.079942, 0.093145, 0.210305, 0.194843, 0.421764]"
Actor,client,99,4209,0,MR,attack_member,evaluation,1,1,0.3711211085319519,0,0.5864935517311096,False,1,0.0,0,"[0.107886, 0.154735, 0.127039, 0.286744, 0.323595]"
Actor,client,99,4236,0,MR,attack_member,evaluation,1,1,0.5353623032569885,0,0.5864935517311096,False,1,0.0,0,"[0.088087, 0.24807, 0.121865, 0.139914, 0.402065]"
Actor,client,99,4367,0,MR,attack_member,evaluation,4,1,0.6873981952667236,1,0.6842027902603149,False,0,,1,"[0.018151, 0.130306, 0.120118, 0.242947, 0.488478]"
Actor,client,99,4393,0,MR,attack_member,evaluation,4,1,0.7144537568092346,1,0.6842027902603149,False,0,,1,"[0.083087, 0.009608, 0.043789, 0.029272, 0.834243]"
Actor,client,99,4398,0,MR,attack_member,evaluation,4,1,0.4013221263885498,0,0.6842027902603149,False,1,0.0,0,"[0.075975, 0.096237, 0.293788, 0.307771, 0.226229]"
Actor,client,99,4414,0,MR,attack_member,evaluation,0,1,0.4901333451271057,0,0.5510123372077942,False,1,0.0,0,"[0.15182, 0.118673, 0.238342, 0.206733, 0.284431]"
Actor,client,99,4421,0,MR,attack_member,evaluation,3,1,0.429993212223053,0,0.5564348697662354,False,2,0.5,1,"[0.128884, 0.226529, 0.172776, 0.237884, 0.233928]"
Actor,client,99,4445,0,MR,attack_member,evaluation,1,1,0.6496267318725586,1,0.5864935517311096,False,1,0.0,0,"[0.0815, 0.271775, 0.18353, 0.32057, 0.142625]"
Actor,client,99,4458,0,MR,attack_member,evaluation,4,1,0.5746817588806152,0,0.6842027902603149,False,1,1.0,1,"[0.157243, 0.130131, 0.194806, 0.22132, 0.296499]"
Actor,client,99,4489,0,MR,attack_member,evaluation,2,1,0.4432872235774994,0,0.6948522925376892,False,1,0.0,0,"[0.158542, 0.152603, 0.223166, 0.22991, 0.235779]"
Actor,client,99,4495,0,MR,attack_member,evaluation,3,1,0.4594306945800781,0,0.5564348697662354,False,2,0.0,1,"[0.170748, 0.235184, 0.178414, 0.245065, 0.17059]"
Actor,client,99,4512,0,MR,attack_member,evaluation,1,1,0.335252046585083,0,0.5864935517311096,False,6,0.0,0,"[0.137318, 0.15061, 0.149752, 0.151622, 0.410698]"
Actor,client,99,4524,0,MR,attack_member,evaluation,4,1,0.656154453754425,0,0.6842027902603149,False,0,,1,"[0.159495, 0.093838, 0.270564, 0.134471, 0.341632]"
Actor,client,99,4529,0,MR,attack_member,evaluation,3,1,0.47986558079719543,0,0.5564348697662354,False,2,0.0,1,"[0.134262, 0.200025, 0.155142, 0.271705, 0.238867]"
Actor,client,99,4564,0,MR,attack_member,evaluation,1,1,0.5498893857002258,0,0.5864935517311096,False,0,,0,"[0.222034, 0.186884, 0.090054, 0.359649, 0.141379]"
Actor,client,99,4578,0,MR,attack_member,evaluation,2,1,0.6515914797782898,0,0.6948522925376892,False,1,0.0,1,"[0.070763, 0.19791, 0.31023, 0.171957, 0.249141]"
Actor,client,99,4778,0,MR,attack_member,evaluation,4,1,0.4727659523487091,0,0.6842027902603149,False,0,,0,"[0.051085, 0.221848, 0.278615, 0.228131, 0.22032]"
Actor,client,99,4804,0,MR,attack_member,evaluation,3,1,0.4019525349140167,0,0.5564348697662354,False,2,0.0,0,"[0.134146, 0.149222, 0.297183, 0.191261, 0.228188]"
Actor,client,99,4838,0,MR,attack_member,evaluation,3,1,0.7062289118766785,1,0.5564348697662354,False,0,,1,"[0.06369, 0.135489, 0.210298, 0.458821, 0.131702]"
Actor,client,99,4873,0,MR,attack_member,evaluation,3,1,0.5944998264312744,1,0.5564348697662354,False,2,0.0,1,"[0.126337, 0.132654, 0.124788, 0.355237, 0.260984]"
Actor,client,99,4874,0,MR,attack_member,evaluation,0,1,0.4247930943965912,0,0.5510123372077942,False,0,,0,"[0.149114, 0.199837, 0.259539, 0.157244, 0.234266]"
Actor,client,99,4887,0,MR,attack_member,evaluation,0,1,0.43575260043144226,0,0.5510123372077942,False,0,,0,"[0.155117, 0.208035, 0.212292, 0.208563, 0.215993]"
Actor,client,99,4897,0,MR,attack_member,evaluation,1,1,0.5069947242736816,0,0.5864935517311096,False,1,1.0,0,"[0.162262, 0.219703, 0.287539, 0.129024, 0.201472]"
Actor,client,99,4901,0,MR,attack_member,evaluation,2,1,0.7359659671783447,1,0.6948522925376892,False,0,,1,"[0.07651, 0.245863, 0.364527, 0.174101, 0.138998]"
Actor,client,99,4948,0,MR,attack_member,evaluation,3,1,0.4117177128791809,0,0.5564348697662354,False,2,0.0,0,"[0.05844, 0.166267, 0.060736, 0.257098, 0.457459]"
Actor,client,99,4964,0,MR,attack_member,evaluation,3,1,0.4126586616039276,0,0.5564348697662354,False,2,0.0,0,"[0.139974, 0.207066, 0.237673, 0.210818, 0.20447]"
Actor,client,99,4983,0,MR,attack_member,evaluation,4,1,0.5738741159439087,0,0.6842027902603149,False,0,,1,"[0.165689, 0.082234, 0.068899, 0.298489, 0.384689]"
Actor,client,99,5050,0,MR,attack_member,evaluation,4,1,0.5529234409332275,0,0.6842027902603149,False,1,0.0,1,"[0.2153, 0.191406, 0.130824, 0.205175, 0.257294]"
Actor,client,99,5080,0,MR,attack_member,evaluation,0,1,0.4545363187789917,0,0.5510123372077942,False,1,0.0,0,"[0.163977, 0.213123, 0.214034, 0.195414, 0.213451]"
Actor,client,99,5126,0,MR,attack_member,evaluation,3,1,0.6494415402412415,1,0.5564348697662354,False,0,,1,"[0.041238, 0.090187, 0.198924, 0.413213, 0.256438]"
Actor,client,99,5149,0,MR,attack_member,evaluation,2,1,0.4479336440563202,0,0.6948522925376892,False,2,0.0,0,"[0.190644, 0.133603, 0.215226, 0.164193, 0.296334]"
Actor,client,99,5187,0,MR,attack_member,evaluation,0,1,0.38432854413986206,0,0.5510123372077942,False,1,0.0,0,"[0.108188, 0.138816, 0.117353, 0.285192, 0.350452]"
Actor,client,99,5206,0,MR,attack_member,evaluation,4,1,0.47581979632377625,0,0.6842027902603149,False,1,0.0,0,"[0.11954, 0.245193, 0.176604, 0.235086, 0.223578]"
Actor,client,99,5207,0,MR,attack_member,evaluation,3,1,0.3025050461292267,0,0.5564348697662354,False,1,0.0,0,"[0.061652, 0.469859, 0.137548, 0.190297, 0.140644]"
Actor,client,99,5231,0,MR,attack_member,evaluation,0,1,0.3673150837421417,0,0.5510123372077942,False,1,0.0,0,"[0.118171, 0.155768, 0.283108, 0.270702, 0.172251]"
Actor,client,99,5232,0,MR,attack_member,evaluation,2,1,0.4314679205417633,0,0.6948522925376892,False,0,,0,"[0.155117, 0.208035, 0.212292, 0.208563, 0.215993]"
Actor,client,99,5253,0,MR,attack_member,evaluation,0,1,0.48859903216362,0,0.5510123372077942,False,1,0.0,0,"[0.161864, 0.171547, 0.164806, 0.206883, 0.2949]"
Actor,client,99,5266,0,MR,attack_member,evaluation,3,1,0.434691458940506,0,0.5564348697662354,False,1,1.0,1,"[0.15129, 0.205403, 0.187113, 0.229528, 0.226665]"
Actor,client,99,5297,0,MR,attack_member,evaluation,4,1,0.5182825922966003,0,0.6842027902603149,False,1,0.0,1,"[0.173271, 0.178565, 0.108855, 0.266768, 0.272541]"
Actor,client,99,5305,0,MR,attack_member,evaluation,0,1,0.34102699160575867,0,0.5510123372077942,False,2,0.0,0,"[0.124831, 0.245496, 0.184849, 0.235982, 0.208843]"
Actor,client,99,5322,0,MR,attack_member,evaluation,2,1,0.34820556640625,0,0.6948522925376892,False,1,0.0,0,"[0.190142, 0.138587, 0.171526, 0.208999, 0.290746]"
Actor,client,99,5348,0,MR,attack_member,evaluation,1,1,0.9239878058433533,1,0.5864935517311096,False,0,,1,"[0.058831, 0.505012, 0.160665, 0.158482, 0.11701]"
Actor,client,99,5450,0,MR,attack_member,evaluation,4,1,0.6529945135116577,0,0.6842027902603149,False,0,,1,"[0.050467, 0.066016, 0.208371, 0.226669, 0.448477]"
Actor,client,99,5472,0,MR,attack_member,evaluation,3,1,0.4120160937309265,0,0.5564348697662354,False,0,,0,"[0.155117, 0.208035, 0.212292, 0.208563, 0.215993]"
Actor,client,99,5541,0,MR,attack_member,evaluation,2,1,0.2644519805908203,0,0.6948522925376892,False,5,0.2,0,"[0.058492, 0.0642, 0.154835, 0.441061, 0.281412]"
Actor,client,99,5589,0,MR,attack_member,evaluation,0,1,0.40565136075019836,0,0.5510123372077942,False,4,0.25,0,"[0.117691, 0.132468, 0.141601, 0.293366, 0.314874]"
Actor,client,99,5591,0,MR,attack_member,evaluation,3,1,0.44256284832954407,0,0.5564348697662354,False,1,1.0,0,"[0.120851, 0.16286, 0.20804, 0.238563, 0.269686]"
Actor,client,99,5627,0,MR,attack_member,evaluation,1,1,0.565426230430603,0,0.5864935517311096,False,1,0.0,0,"[0.122046, 0.233578, 0.190549, 0.264405, 0.189422]"
Actor,client,99,5651,0,MR,attack_member,evaluation,0,1,0.3467452824115753,0,0.5510123372077942,False,7,0.0,0,"[0.109796, 0.182571, 0.174826, 0.289831, 0.242976]"
Actor,client,99,5695,0,MR,attack_member,evaluation,4,1,0.20192138850688934,0,0.6842027902603149,False,0,,0,"[0.105573, 0.143716, 0.145913, 0.43437, 0.170428]"
Actor,client,99,5772,0,MR,attack_member,evaluation,4,1,0.4288419485092163,0,0.6842027902603149,False,3,0.3333333333333333,0,"[0.109152, 0.094197, 0.194024, 0.339918, 0.262709]"
Actor,client,99,5782,0,MR,attack_member,evaluation,1,1,0.22885394096374512,0,0.5864935517311096,False,3,0.3333333333333333,0,"[0.110393, 0.096327, 0.30431, 0.225061, 0.263909]"
Actor,client,99,5803,0,MR,attack_member,evaluation,3,1,0.4909229576587677,0,0.5564348697662354,False,2,0.0,1,"[0.135551, 0.195431, 0.211207, 0.271306, 0.186505]"
Actor,client,99,5827,0,MR,attack_member,evaluation,3,1,0.5431371331214905,0,0.5564348697662354,False,2,1.0,1,"[0.108549, 0.178699, 0.117454, 0.329091, 0.266206]"
Actor,client,99,5852,0,MR,attack_member,evaluation,2,1,0.6264679431915283,0,0.6948522925376892,False,1,1.0,1,"[0.114704, 0.240581, 0.307365, 0.198437, 0.138912]"
Actor,client,99,5922,0,MR,attack_member,evaluation,2,1,0.38915786147117615,0,0.6948522925376892,False,3,0.3333333333333333,0,"[0.11947, 0.115309, 0.194157, 0.248727, 0.322336]"
Actor,client,99,5967,0,MR,attack_member,evaluation,3,1,0.4441527724266052,0,0.5564348697662354,False,5,0.0,1,"[0.117507, 0.216275, 0.232711, 0.243141, 0.190365]"
Actor,client,99,5993,0,MR,attack_member,evaluation,2,1,0.5116850733757019,0,0.6948522925376892,False,1,0.0,0,"[0.055133, 0.134089, 0.251231, 0.254584, 0.304962]"
Actor,client,99,6008,0,MR,attack_member,evaluation,4,1,0.4738098382949829,0,0.6842027902603149,False,1,0.0,0,"[0.134193, 0.336875, 0.229062, 0.132297, 0.167573]"
Actor,client,99,6036,0,MR,attack_member,evaluation,4,1,0.46995294094085693,0,0.6842027902603149,False,3,0.0,0,"[0.091607, 0.121101, 0.302732, 0.250446, 0.234113]"
Actor,client,99,6075,0,MR,attack_member,evaluation,3,1,0.4474942684173584,0,0.5564348697662354,False,3,0.6666666666666666,1,"[0.14089, 0.198835, 0.192576, 0.240995, 0.226704]"
Actor,client,99,6120,0,MR,attack_member,evaluation,3,1,0.44039514660835266,0,0.5564348697662354,False,3,0.3333333333333333,0,"[0.11621, 0.135811, 0.232356, 0.232638, 0.282984]"
Actor,client,99,6136,0,MR,attack_member,evaluation,2,1,0.520206868648529,0,0.6948522925376892,False,2,0.5,1,"[0.143127, 0.237947, 0.258511, 0.217595, 0.14282]"
Actor,client,99,6175,0,MR,attack_member,evaluation,4,1,0.48562750220298767,0,0.6842027902603149,False,7,0.14285714285714285,0,"[0.107755, 0.2203, 0.199701, 0.239695, 0.232548]"
Actor,client,99,6214,0,MR,attack_member,evaluation,0,1,0.46237534284591675,0,0.5510123372077942,False,1,0.0,0,"[0.173101, 0.238262, 0.171747, 0.223319, 0.193571]"
Actor,client,99,6255,0,MR,attack_member,evaluation,1,1,0.6394213438034058,1,0.5864935517311096,False,0,,0,"[0.275628, 0.243089, 0.224561, 0.135529, 0.121192]"
Actor,client,99,6262,0,MR,attack_member,evaluation,2,1,0.4056115448474884,0,0.6948522925376892,False,4,0.25,0,"[0.141756, 0.152033, 0.193825, 0.193522, 0.318863]"
Actor,client,99,6286,0,MR,attack_member,evaluation,4,1,0.5383573770523071,0,0.6842027902603149,False,1,0.0,1,"[0.147325, 0.137915, 0.210349, 0.233544, 0.270867]"
Actor,client,99,6310,0,MR,attack_member,evaluation,3,1,0.8790526986122131,1,0.5564348697662354,False,0,,1,"[0.082868, 0.011604, 0.035185, 0.697789, 0.172554]"
Actor,client,99,6312,0,MR,attack_member,evaluation,1,1,0.5145922303199768,0,0.5864935517311096,False,2,0.5,0,"[0.14961, 0.224209, 0.272469, 0.140907, 0.212804]"
Actor,client,99,6371,0,MR,attack_member,evaluation,3,1,0.47406789660453796,0,0.5564348697662354,False,5,0.2,1,"[0.148611, 0.19266, 0.206654, 0.255006, 0.19707]"
Actor,client,99,6389,0,MR,attack_member,evaluation,3,1,0.4982973337173462,0,0.5564348697662354,False,1,1.0,1,"[0.143874, 0.212873, 0.112744, 0.288751, 0.241758]"
Actor,client,99,6390,0,MR,attack_member,evaluation,2,1,0.5702647566795349,0,0.6948522925376892,False,0,,1,"[0.117337, 0.194656, 0.2865, 0.242577, 0.158931]"
Actor,client,99,6437,0,MR,attack_member,evaluation,3,1,0.5141155123710632,0,0.5564348697662354,False,2,0.0,1,"[0.106782, 0.181811, 0.196479, 0.298397, 0.21653]"
Actor,client,99,6470,0,MR,attack_member,evaluation,2,1,0.29578402638435364,0,0.6948522925376892,False,2,0.0,0,"[0.192363, 0.147703, 0.132568, 0.169269, 0.358097]"
Actor,client,99,6491,0,MR,attack_member,evaluation,3,1,0.6072858572006226,1,0.5564348697662354,False,0,,1,"[0.027891, 0.186181, 0.274762, 0.385023, 0.126143]"
Actor,client,99,6515,0,MR,attack_member,evaluation,2,1,0.32727256417274475,0,0.6948522925376892,False,1,0.0,0,"[0.155168, 0.215327, 0.168918, 0.271159, 0.189428]"
Actor,client,99,6523,0,MR,attack_member,evaluation,4,1,0.660886287689209,0,0.6842027902603149,False,0,,1,"[0.002521, 0.00142, 0.011507, 0.203154, 0.781398]"
Actor,client,99,6526,0,MR,attack_member,evaluation,2,1,0.30625471472740173,0,0.6948522925376892,False,3,0.0,0,"[0.232852, 0.181109, 0.140872, 0.155981, 0.289186]"
Actor,client,99,6536,0,MR,attack_member,evaluation,2,1,0.7491602301597595,1,0.6948522925376892,False,2,0.5,1,"[0.08659, 0.073051, 0.385868, 0.232522, 0.22197]"
Actor,client,99,6549,0,MR,attack_member,evaluation,3,1,0.5394094586372375,0,0.5564348697662354,False,2,1.0,1,"[0.115055, 0.167654, 0.194525, 0.31264, 0.210125]"
Actor,client,99,6561,0,MR,attack_member,evaluation,1,1,0.4237177073955536,0,0.5864935517311096,False,1,0.0,0,"[0.206922, 0.165929, 0.302804, 0.194276, 0.130069]"
Actor,client,99,6585,0,MR,attack_member,evaluation,3,1,0.4177090525627136,0,0.5564348697662354,False,2,0.0,0,"[0.121951, 0.216852, 0.267586, 0.217811, 0.175799]"
Actor,client,99,6606,0,MR,attack_member,evaluation,4,1,0.5869575142860413,0,0.6842027902603149,False,0,,1,"[0.021069, 0.107619, 0.131846, 0.336821, 0.402646]"
Actor,client,99,6609,0,MR,attack_member,evaluation,0,1,0.5675812363624573,1,0.5510123372077942,False,1,0.0,0,"[0.194782, 0.154455, 0.216901, 0.239096, 0.194768]"
Actor,client,99,6648,0,MR,attack_member,evaluation,4,1,0.621583104133606,0,0.6842027902603149,False,2,1.0,1,"[0.083879, 0.155904, 0.199893, 0.224488, 0.335836]"
Actor,client,99,6667,0,MR,attack_member,evaluation,2,1,0.43816035985946655,0,0.6948522925376892,False,3,0.3333333333333333,0,"[0.156186, 0.210851, 0.220216, 0.22887, 0.183877]"
Actor,client,99,6674,0,MR,attack_member,evaluation,1,1,0.41840824484825134,0,0.5864935517311096,False,0,,0,"[0.128189, 0.155382, 0.186663, 0.391344, 0.138423]"
Actor,client,99,6677,0,MR,attack_member,evaluation,0,1,0.400733083486557,0,0.5510123372077942,False,2,0.0,0,"[0.142701, 0.220021, 0.182295, 0.228324, 0.226659]"
Actor,client,99,6738,0,MR,attack_member,evaluation,4,1,0.6874874830245972,1,0.6842027902603149,False,1,1.0,1,"[0.245394, 0.065507, 0.122955, 0.093544, 0.4726]"
Actor,client,99,6755,0,MR,attack_member,evaluation,1,1,0.5033088326454163,0,0.5864935517311096,False,3,0.0,0,"[0.122354, 0.213723, 0.23726, 0.23117, 0.195493]"
Actor,client,99,6761,0,MR,attack_member,evaluation,4,1,0.3195217251777649,0,0.6842027902603149,False,2,0.0,0,"[0.170465, 0.174896, 0.209365, 0.282601, 0.162673]"
Actor,client,99,6782,0,MR,attack_member,evaluation,2,1,0.6375120282173157,0,0.6948522925376892,False,2,0.5,1,"[0.130331, 0.18813, 0.30499, 0.151584, 0.224965]"
Actor,client,99,6874,0,MR,attack_member,evaluation,1,1,0.5302127599716187,0,0.5864935517311096,False,1,0.0,0,"[0.164185, 0.214386, 0.16514, 0.2203, 0.235988]"
Actor,client,99,6979,0,MR,attack_member,evaluation,3,1,0.2691013216972351,0,0.5564348697662354,False,2,0.0,0,"[0.123799, 0.167335, 0.180932, 0.103478, 0.424456]"
Actor,client,99,6983,0,MR,attack_member,evaluation,0,1,0.3616427481174469,0,0.5510123372077942,False,0,,0,"[0.091724, 0.062075, 0.260183, 0.413796, 0.172223]"
Actor,client,99,7016,0,MR,attack_member,evaluation,1,1,0.602806568145752,1,0.5864935517311096,False,2,0.5,1,"[0.165498, 0.244507, 0.179737, 0.215389, 0.194869]"
Actor,client,99,7044,0,MR,attack_member,evaluation,0,1,0.26710033416748047,0,0.5510123372077942,False,8,0.0,0,"[0.080553, 0.186826, 0.2869, 0.281077, 0.164644]"
Actor,client,99,7073,0,MR,attack_member,evaluation,2,1,0.49325671792030334,0,0.6948522925376892,False,2,0.0,0,"[0.079538, 0.167509, 0.24595, 0.259939, 0.247064]"
Actor,client,99,7131,0,MR,attack_member,evaluation,4,1,0.4966863691806793,0,0.6842027902603149,False,3,0.0,0,"[0.128703, 0.168769, 0.251527, 0.220884, 0.230118]"
Actor,client,99,7139,0,MR,attack_member,evaluation,4,1,0.5126952528953552,0,0.6842027902603149,False,1,1.0,0,"[0.116009, 0.103727, 0.176306, 0.302229, 0.301728]"
Actor,client,99,7146,0,MR,attack_member,evaluation,2,1,0.5494369864463806,0,0.6948522925376892,False,5,0.2,1,"[0.139098, 0.140196, 0.280157, 0.252996, 0.187553]"
Actor,client,99,7167,0,MR,attack_member,evaluation,3,1,0.4240848422050476,0,0.5564348697662354,False,0,,0,"[0.114375, 0.051939, 0.28128, 0.206552, 0.345854]"
Actor,client,99,7186,0,MR,attack_member,evaluation,3,1,0.4296376407146454,0,0.5564348697662354,False,1,0.0,0,"[0.154021, 0.158651, 0.175397, 0.221615, 0.290316]"
Actor,client,99,7249,0,MR,attack_member,evaluation,3,1,0.48143690824508667,0,0.5564348697662354,False,2,0.0,0,"[0.135568, 0.130767, 0.176048, 0.262336, 0.29528]"
Actor,client,99,7257,0,MR,attack_member,evaluation,3,1,0.43343111872673035,0,0.5564348697662354,False,6,0.16666666666666666,0,"[0.110582, 0.086162, 0.321343, 0.212912, 0.269001]"
Actor,client,99,7270,0,MR,attack_member,evaluation,0,1,0.4774879515171051,0,0.5510123372077942,False,1,0.0,0,"[0.148935, 0.159726, 0.189411, 0.07239, 0.429537]"
Actor,client,99,7272,0,MR,attack_member,evaluation,1,1,0.3730049133300781,0,0.5864935517311096,False,4,0.25,0,"[0.11897, 0.161854, 0.198819, 0.226987, 0.293369]"
Actor,client,99,7327,0,MR,attack_member,evaluation,2,1,0.563599705696106,0,0.6948522925376892,False,1,0.0,1,"[0.14211, 0.179275, 0.274328, 0.18855, 0.215737]"
Actor,client,99,7368,0,MR,attack_member,evaluation,2,1,0.6782349348068237,0,0.6948522925376892,False,0,,1,"[0.094766, 0.169087, 0.344295, 0.245343, 0.146508]"
Actor,client,99,7384,0,MR,attack_member,evaluation,3,1,0.48236367106437683,0,0.5564348697662354,False,1,0.0,1,"[0.172309, 0.172579, 0.217504, 0.249286, 0.188322]"
Actor,client,99,7398,0,MR,attack_member,evaluation,3,1,0.39570119976997375,0,0.5564348697662354,False,5,0.2,0,"[0.105557, 0.109087, 0.289811, 0.19337, 0.302176]"
Actor,client,99,7425,0,MR,attack_member,evaluation,3,1,0.6877056360244751,1,0.5564348697662354,False,3,0.0,1,"[0.085376, 0.088961, 0.099769, 0.443841, 0.282052]"
Actor,client,99,7438,0,MR,attack_member,evaluation,3,1,0.4267163574695587,0,0.5564348697662354,False,3,0.0,0,"[0.129667, 0.183669, 0.217025, 0.22498, 0.244659]"
Actor,client,99,7487,0,MR,attack_member,evaluation,2,1,0.4682340919971466,0,0.6948522925376892,False,1,0.0,0,"[0.057843, 0.103705, 0.263094, 0.413297, 0.162061]"
Actor,client,99,7508,0,MR,attack_member,evaluation,1,1,0.32234928011894226,0,0.5864935517311096,False,1,0.0,0,"[0.109688, 0.136005, 0.227916, 0.272989, 0.253402]"
Actor,client,99,7545,0,MR,attack_member,evaluation,2,1,0.3271983563899994,0,0.6948522925376892,False,4,0.0,0,"[0.137306, 0.195022, 0.166643, 0.270366, 0.230663]"
Actor,client,99,7550,0,MR,attack_member,evaluation,0,1,0.3439914882183075,0,0.5510123372077942,False,2,0.0,0,"[0.109535, 0.1772, 0.218461, 0.274719, 0.220085]"
Actor,client,99,7554,0,MR,attack_member,evaluation,1,1,0.5315716862678528,0,0.5864935517311096,False,0,,0,"[0.107044, 0.225967, 0.295446, 0.257118, 0.114425]"
Actor,client,99,7584,0,MR,attack_member,evaluation,4,1,0.5427266955375671,0,0.6842027902603149,False,1,1.0,1,"[0.04775, 0.139997, 0.229657, 0.279908, 0.302687]"
Actor,client,99,3467,1,MR,attack_member,evaluation,4,1,0.4997883439064026,0,0.6842027902603149,False,1,0.0,0,"[0.147597, 0.110051, 0.167676, 0.291372, 0.283304]"
Actor,client,99,3497,1,MR,attack_member,evaluation,4,1,0.755231499671936,1,0.6842027902603149,False,0,,1,"[0.132342, 0.120113, 0.02621, 0.04768, 0.673655]"
Actor,client,99,3502,1,MR,attack_member,evaluation,1,1,0.4614660441875458,0,0.5864935517311096,False,2,0.0,0,"[0.169833, 0.185769, 0.145277, 0.216883, 0.282238]"
Actor,client,99,3514,1,MR,attack_member,evaluation,2,1,0.7225304841995239,1,0.6948522925376892,False,3,0.3333333333333333,1,"[0.116652, 0.252583, 0.350628, 0.128222, 0.151914]"
Actor,client,99,3525,1,MR,attack_member,evaluation,3,1,0.408114492893219,0,0.5564348697662354,False,10,0.3,0,"[0.109648, 0.24462, 0.280611, 0.216089, 0.149033]"
Actor,client,99,3616,1,MR,attack_member,evaluation,4,1,0.37722498178482056,0,0.6842027902603149,False,4,0.5,0,"[0.130146, 0.240635, 0.242143, 0.22213, 0.164947]"
Actor,client,99,3617,1,MR,attack_member,evaluation,2,1,0.4728388786315918,0,0.6948522925376892,False,3,0.0,0,"[0.163766, 0.165273, 0.231942, 0.196812, 0.242207]"
Actor,client,99,3621,1,MR,attack_member,evaluation,4,1,0.5803632140159607,0,0.6842027902603149,False,23,0.2608695652173913,1,"[0.031472, 0.052524, 0.132526, 0.345355, 0.438124]"
Actor,client,99,3661,1,MR,attack_member,evaluation,2,1,0.5240810513496399,0,0.6948522925376892,False,1,0.0,1,"[0.194229, 0.21896, 0.253438, 0.156372, 0.177001]"
Actor,client,99,3681,1,MR,attack_member,evaluation,3,1,0.42925387620925903,0,0.5564348697662354,False,6,0.3333333333333333,0,"[0.091271, 0.265322, 0.166262, 0.255163, 0.221982]"
Actor,client,99,3692,1,MR,attack_member,evaluation,4,1,0.67942214012146,0,0.6842027902603149,False,0,,0,"[0.049137, 0.142056, 0.394922, 0.105961, 0.307924]"
Actor,client,99,3702,1,MR,attack_member,evaluation,3,1,0.39725175499916077,0,0.5564348697662354,False,32,0.21875,0,"[0.081619, 0.182692, 0.196219, 0.222411, 0.317059]"
Actor,client,99,3714,1,MR,attack_member,evaluation,2,1,0.5187517404556274,0,0.6948522925376892,False,3,0.3333333333333333,0,"[0.109808, 0.265369, 0.247806, 0.188852, 0.188164]"
Actor,client,99,3738,1,MR,attack_member,evaluation,1,1,0.32027554512023926,0,0.5864935517311096,False,2,0.0,0,"[0.09836, 0.157255, 0.156033, 0.128632, 0.45972]"
Actor,client,99,3743,1,MR,attack_member,evaluation,1,1,0.6621882915496826,1,0.5864935517311096,False,3,0.0,1,"[0.106436, 0.290837, 0.25561, 0.184971, 0.162146]"
Actor,client,99,3802,1,MR,attack_member,evaluation,4,1,0.5830515027046204,0,0.6842027902603149,False,4,0.5,1,"[0.133122, 0.179613, 0.18723, 0.213389, 0.286646]"
Actor,client,99,3806,1,MR,attack_member,evaluation,1,1,0.6944917440414429,1,0.5864935517311096,False,1,0.0,1,"[0.085364, 0.302806, 0.188596, 0.242016, 0.181218]"
Actor,client,99,3825,1,MR,attack_member,evaluation,4,1,0.6483034491539001,0,0.6842027902603149,False,1,1.0,1,"[0.103255, 0.120553, 0.181505, 0.211849, 0.382838]"
Actor,client,99,3854,1,MR,attack_member,evaluation,4,1,0.4667331576347351,0,0.6842027902603149,False,1,1.0,0,"[0.109415, 0.114654, 0.232224, 0.28825, 0.255457]"
Actor,client,99,3891,1,MR,attack_member,evaluation,1,1,0.4282373785972595,0,0.5864935517311096,False,4,0.0,0,"[0.12337, 0.188846, 0.290717, 0.196754, 0.200312]"
Actor,client,99,3908,1,MR,attack_member,evaluation,1,1,0.5911639928817749,1,0.5864935517311096,False,3,0.3333333333333333,1,"[0.139462, 0.247054, 0.223577, 0.213963, 0.175944]"
Actor,client,99,3949,1,MR,attack_member,evaluation,2,1,0.38476860523223877,0,0.6948522925376892,False,1,0.0,0,"[0.136708, 0.205505, 0.199991, 0.276749, 0.181047]"
Actor,client,99,3980,1,MR,attack_member,evaluation,1,1,0.6272913813591003,1,0.5864935517311096,False,2,0.5,1,"[0.193689, 0.260251, 0.219616, 0.128791, 0.197653]"
Actor,client,99,4000,1,MR,attack_member,evaluation,4,1,0.7520626783370972,1,0.6842027902603149,False,1,0.0,1,"[0.104365, 0.156144, 0.215697, 0.076699, 0.447095]"
Actor,client,99,4081,1,MR,attack_member,evaluation,1,1,0.38687971234321594,0,0.5864935517311096,False,1,0.0,0,"[0.224637, 0.14596, 0.278501, 0.194034, 0.156868]"
Actor,client,99,4108,1,MR,attack_member,evaluation,0,1,0.4840969741344452,0,0.5510123372077942,False,1,0.0,0,"[0.176292, 0.203589, 0.219409, 0.24919, 0.15152]"
Actor,client,99,4195,1,MR,attack_member,evaluation,4,1,0.4535664916038513,0,0.6842027902603149,False,1,0.0,0,"[0.172834, 0.177416, 0.189721, 0.243772, 0.216257]"
Actor,client,99,4199,1,MR,attack_member,evaluation,3,1,0.38904714584350586,0,0.5564348697662354,False,7,0.42857142857142855,0,"[0.137178, 0.152865, 0.231413, 0.189543, 0.289001]"
Actor,client,99,4239,1,MR,attack_member,evaluation,2,1,0.3592497408390045,0,0.6948522925376892,False,5,0.0,0,"[0.116692, 0.113563, 0.174002, 0.231974, 0.363768]"
Actor,client,99,4273,1,MR,attack_member,evaluation,0,1,0.4913814663887024,0,0.5510123372077942,False,0,,0,"[0.193822, 0.249166, 0.273575, 0.172027, 0.111411]"
Actor,client,99,4275,1,MR,attack_member,evaluation,1,1,0.6184561252593994,1,0.5864935517311096,False,1,0.0,1,"[0.153707, 0.26957, 0.22888, 0.111749, 0.236094]"
Actor,client,99,4278,1,MR,attack_member,evaluation,2,1,0.8971710205078125,1,0.6948522925376892,False,1,1.0,1,"[0.065843, 0.170525, 0.513123, 0.127714, 0.122795]"
Actor,client,99,4300,1,MR,attack_member,evaluation,1,1,0.6252167820930481,1,0.5864935517311096,False,0,,0,"[0.299491, 0.237079, 0.16526, 0.087386, 0.210784]"
Actor,client,99,4305,1,MR,attack_member,evaluation,2,1,0.6411054134368896,0,0.6948522925376892,False,1,0.0,1,"[0.171743, 0.164906, 0.322429, 0.200578, 0.140343]"
Actor,client,99,4432,1,MR,attack_member,evaluation,3,1,0.39125877618789673,0,0.5564348697662354,False,4,0.25,0,"[0.155593, 0.148207, 0.19201, 0.18952, 0.31467]"
Actor,client,99,4463,1,MR,attack_member,evaluation,0,1,0.425338476896286,0,0.5510123372077942,False,4,0.25,0,"[0.126131, 0.148996, 0.163453, 0.156877, 0.404543]"
Actor,client,99,4521,1,MR,attack_member,evaluation,1,1,0.48825666308403015,0,0.5864935517311096,False,5,0.2,0,"[0.134584, 0.202264, 0.215885, 0.24589, 0.201377]"
Actor,client,99,4525,1,MR,attack_member,evaluation,1,1,0.5792136192321777,0,0.5864935517311096,False,0,,0,"[0.121752, 0.234415, 0.158504, 0.296739, 0.18859]"
Actor,client,99,4548,1,MR,attack_member,evaluation,1,1,0.4782927334308624,0,0.5864935517311096,False,0,,0,"[0.241474, 0.183181, 0.198592, 0.154301, 0.222453]"
Actor,client,99,4576,1,MR,attack_member,evaluation,4,1,0.7018164992332458,1,0.6842027902603149,False,1,1.0,1,"[0.14596, 0.114526, 0.168693, 0.132961, 0.437861]"
Actor,client,99,4632,1,MR,attack_member,evaluation,2,1,0.6301953792572021,0,0.6948522925376892,False,5,0.2,1,"[0.095691, 0.165998, 0.314181, 0.233929, 0.1902]"
Actor,client,99,4639,1,MR,attack_member,evaluation,0,1,0.4216892123222351,0,0.5510123372077942,False,3,0.6666666666666666,0,"[0.155854, 0.218783, 0.263893, 0.194194, 0.167275]"
Actor,client,99,4649,1,MR,attack_member,evaluation,4,1,0.37639063596725464,0,0.6842027902603149,False,2,0.5,0,"[0.095888, 0.1288, 0.229994, 0.325259, 0.220059]"
Actor,client,99,4682,1,MR,attack_member,evaluation,2,1,0.6332220435142517,0,0.6948522925376892,False,5,0.2,1,"[0.141728, 0.158465, 0.314246, 0.200578, 0.184983]"
Actor,client,99,4692,1,MR,attack_member,evaluation,0,1,0.5560328364372253,1,0.5510123372077942,False,4,0.0,0,"[0.213135, 0.24084, 0.257007, 0.10357, 0.185448]"
Actor,client,99,4711,1,MR,attack_member,evaluation,2,1,0.3448686897754669,0,0.6948522925376892,False,5,0.2,0,"[0.15197, 0.128096, 0.166978, 0.217327, 0.335629]"
Actor,client,99,4714,1,MR,attack_member,evaluation,1,1,0.5049628019332886,0,0.5864935517311096,False,3,0.0,0,"[0.127064, 0.215498, 0.223369, 0.21357, 0.220499]"
Actor,client,99,4720,1,MR,attack_member,evaluation,1,1,0.46451103687286377,0,0.5864935517311096,False,1,0.0,0,"[0.138615, 0.187756, 0.1923, 0.27267, 0.208659]"
Actor,client,99,4753,1,MR,attack_member,evaluation,1,1,0.49413958191871643,0,0.5864935517311096,False,1,1.0,0,"[0.149112, 0.211033, 0.261634, 0.176671, 0.201549]"
Actor,client,99,4763,1,MR,attack_member,evaluation,4,1,0.6951010823249817,1,0.6842027902603149,False,1,0.0,1,"[0.154658, 0.132557, 0.127819, 0.154715, 0.430251]"
Actor,client,99,4841,1,MR,attack_member,evaluation,2,1,0.4019140601158142,0,0.6948522925376892,False,2,0.0,0,"[0.138296, 0.234743, 0.188884, 0.180201, 0.257878]"
Actor,client,99,4844,1,MR,attack_member,evaluation,2,1,0.4258388876914978,0,0.6948522925376892,False,6,0.0,0,"[0.120811, 0.189486, 0.206332, 0.213365, 0.270006]"
Actor,client,99,4853,1,MR,attack_member,evaluation,4,1,0.4889785647392273,0,0.6842027902603149,False,0,,1,"[0.155117, 0.208035, 0.212292, 0.208563, 0.215993]"
Actor,client,99,4966,1,MR,attack_member,evaluation,2,1,0.4715607166290283,0,0.6948522925376892,False,2,0.0,0,"[0.170005, 0.180878, 0.230134, 0.187658, 0.231325]"
Actor,client,99,4969,1,MR,attack_member,evaluation,1,1,0.7253667116165161,1,0.5864935517311096,False,0,,1,"[0.093493, 0.312649, 0.163441, 0.264302, 0.166115]"
Actor,client,99,5026,1,MR,attack_member,evaluation,1,1,0.5907885432243347,1,0.5864935517311096,False,1,1.0,0,"[0.188037, 0.239744, 0.246625, 0.176357, 0.149237]"
Actor,client,99,5065,1,MR,attack_member,evaluation,2,1,0.6882196664810181,0,0.6948522925376892,False,1,0.0,1,"[0.115944, 0.150488, 0.326616, 0.123195, 0.283757]"
Actor,client,99,5076,1,MR,attack_member,evaluation,4,1,0.6328562498092651,0,0.6842027902603149,False,0,,0,"[0.042123, 0.102422, 0.343849, 0.183159, 0.328448]"
Actor,client,99,5081,1,MR,attack_member,evaluation,0,1,0.2346009612083435,0,0.5510123372077942,False,1,0.0,0,"[0.092323, 0.301423, 0.247576, 0.226093, 0.132585]"
Actor,client,99,5132,1,MR,attack_member,evaluation,4,1,0.5993494987487793,0,0.6842027902603149,False,9,0.2222222222222222,1,"[0.045804, 0.081265, 0.164951, 0.301756, 0.406224]"
Actor,client,99,5135,1,MR,attack_member,evaluation,3,1,0.3964436948299408,0,0.5564348697662354,False,1,0.0,0,"[0.200978, 0.107539, 0.109415, 0.184337, 0.397731]"
Actor,client,99,5208,1,MR,attack_member,evaluation,3,1,0.3900921046733856,0,0.5564348697662354,False,2,0.5,0,"[0.145031, 0.210434, 0.221524, 0.194755, 0.228256]"
Actor,client,99,5238,1,MR,attack_member,evaluation,3,1,0.4010884761810303,0,0.5564348697662354,False,2,0.0,0,"[0.166854, 0.200106, 0.185375, 0.199145, 0.248521]"
Actor,client,99,5282,1,MR,attack_member,evaluation,4,1,0.39104437828063965,0,0.6842027902603149,False,1,0.0,0,"[0.1118, 0.253934, 0.238889, 0.222243, 0.173133]"
Actor,client,99,5347,1,MR,attack_member,evaluation,4,1,0.5949710607528687,0,0.6842027902603149,False,3,0.6666666666666666,1,"[0.182646, 0.180995, 0.12921, 0.209946, 0.297202]"
Actor,client,99,5350,1,MR,attack_member,evaluation,0,1,0.39235231280326843,0,0.5510123372077942,False,4,0.0,0,"[0.139525, 0.208478, 0.224742, 0.242479, 0.184776]"
Actor,client,99,5419,1,MR,attack_member,evaluation,4,1,0.5016496181488037,0,0.6842027902603149,False,1,0.0,1,"[0.216124, 0.060145, 0.203602, 0.251491, 0.268638]"
Actor,client,99,5434,1,MR,attack_member,evaluation,1,1,0.4976235330104828,0,0.5864935517311096,False,4,0.0,0,"[0.129406, 0.209026, 0.222394, 0.234343, 0.20483]"
Actor,client,99,5446,1,MR,attack_member,evaluation,4,1,0.6019570231437683,0,0.6842027902603149,False,3,0.0,1,"[0.170033, 0.198261, 0.202977, 0.162946, 0.265782]"
Actor,client,99,5475,1,MR,attack_member,evaluation,1,1,0.5854126811027527,0,0.5864935517311096,False,4,0.5,1,"[0.105112, 0.256309, 0.252971, 0.197301, 0.188307]"
Actor,client,99,5502,1,MR,attack_member,evaluation,3,1,0.48998016119003296,0,0.5564348697662354,False,0,,1,"[0.091607, 0.138193, 0.230471, 0.277212, 0.262517]"
Actor,client,99,5518,1,MR,attack_member,evaluation,2,1,0.4700372815132141,0,0.6948522925376892,False,8,0.125,0,"[0.091473, 0.245658, 0.227874, 0.222817, 0.212178]"
Actor,client,99,5617,1,MR,attack_member,evaluation,0,1,0.31631332635879517,0,0.5510123372077942,False,1,0.0,0,"[0.068154, 0.07394, 0.285472, 0.240623, 0.33181]"
Actor,client,99,5618,1,MR,attack_member,evaluation,1,1,0.4604085385799408,0,0.5864935517311096,False,1,0.0,0,"[0.165852, 0.192297, 0.244944, 0.182163, 0.214743]"
Actor,client,99,5625,1,MR,attack_member,evaluation,4,1,0.5491490960121155,0,0.6842027902603149,False,5,0.0,1,"[0.142051, 0.180321, 0.215063, 0.206844, 0.255721]"
Actor,client,99,5638,1,MR,attack_member,evaluation,4,1,0.5663179755210876,0,0.6842027902603149,False,1,0.0,0,"[0.107803, 0.211955, 0.259932, 0.175556, 0.244753]"
Actor,client,99,5646,1,MR,attack_member,evaluation,3,1,0.3475702702999115,0,0.5564348697662354,False,2,0.5,0,"[0.140814, 0.109444, 0.120272, 0.16636, 0.463109]"
Actor,client,99,5678,1,MR,attack_member,evaluation,4,1,0.5877148509025574,0,0.6842027902603149,False,4,0.25,1,"[0.162196, 0.171381, 0.147944, 0.219872, 0.298608]"
Actor,client,99,5704,1,MR,attack_member,evaluation,4,1,0.4684876799583435,0,0.6842027902603149,False,4,0.75,0,"[0.126921, 0.170046, 0.204172, 0.261926, 0.236935]"
Actor,client,99,5723,1,MR,attack_member,evaluation,1,1,0.48694562911987305,0,0.5864935517311096,False,1,0.0,0,"[0.132074, 0.207032, 0.195436, 0.211563, 0.253894]"
Actor,client,99,5752,1,MR,attack_member,evaluation,0,1,0.2547503709793091,0,0.5510123372077942,False,3,0.0,0,"[0.094385, 0.281089, 0.171318, 0.285352, 0.167856]"
Actor,client,99,5805,1,MR,attack_member,evaluation,0,1,0.34051284193992615,0,0.5510123372077942,False,4,0.0,0,"[0.118171, 0.184856, 0.39728, 0.154923, 0.144769]"
Actor,client,99,5836,1,MR,attack_member,evaluation,4,1,0.46855226159095764,0,0.6842027902603149,False,1,0.0,0,"[0.176817, 0.169788, 0.226787, 0.216829, 0.209779]"
Actor,client,99,5844,1,MR,attack_member,evaluation,1,1,0.5030827522277832,0,0.5864935517311096,False,0,,0,"[0.155117, 0.208035, 0.212292, 0.208563, 0.215993]"
Actor,client,99,5875,1,MR,attack_member,evaluation,4,1,0.4728187620639801,0,0.6842027902603149,False,9,0.1111111111111111,0,"[0.149849, 0.219923, 0.190049, 0.224535, 0.215643]"
Actor,client,99,5877,1,MR,attack_member,evaluation,4,1,0.6351222395896912,0,0.6842027902603149,False,9,0.2222222222222222,1,"[0.06804, 0.12345, 0.259354, 0.203927, 0.34523]"
Actor,client,99,5915,1,MR,attack_member,evaluation,2,1,0.5946300029754639,0,0.6948522925376892,False,0,,0,"[0.127163, 0.300514, 0.286025, 0.170906, 0.115392]"
Actor,client,99,5947,1,MR,attack_member,evaluation,2,1,0.2834503948688507,0,0.6948522925376892,False,0,,0,"[0.052221, 0.233183, 0.137797, 0.304844, 0.271955]"
Actor,client,99,6005,1,MR,attack_member,evaluation,1,1,0.4699665307998657,0,0.5864935517311096,False,4,0.0,0,"[0.12597, 0.202664, 0.258492, 0.210335, 0.20254]"
Actor,client,99,6040,1,MR,attack_member,evaluation,0,1,0.5675382614135742,1,0.5510123372077942,False,3,0.3333333333333333,0,"[0.210047, 0.221576, 0.182743, 0.181645, 0.203988]"
Actor,client,99,6156,1,MR,attack_member,evaluation,3,1,0.3964444398880005,0,0.5564348697662354,False,5,0.2,0,"[0.14347, 0.194702, 0.241667, 0.195813, 0.224348]"
Actor,client,99,6202,1,MR,attack_member,evaluation,0,1,0.37142738699913025,0,0.5510123372077942,False,8,0.5,0,"[0.128407, 0.204726, 0.256118, 0.175994, 0.234755]"
Actor,client,99,6219,1,MR,attack_member,evaluation,2,1,0.2657128870487213,0,0.6948522925376892,False,1,0.0,0,"[0.206807, 0.138137, 0.120367, 0.194057, 0.340631]"
Actor,client,99,6268,1,MR,attack_member,evaluation,2,1,0.35892751812934875,0,0.6948522925376892,False,3,0.0,0,"[0.146144, 0.200888, 0.190115, 0.29159, 0.171261]"
Actor,client,99,6282,1,MR,attack_member,evaluation,3,1,0.3756254017353058,0,0.5564348697662354,False,7,0.0,0,"[0.18859, 0.165555, 0.148247, 0.17379, 0.323819]"
Actor,client,99,6297,1,MR,attack_member,evaluation,1,1,0.4797596037387848,0,0.5864935517311096,False,3,0.3333333333333333,0,"[0.137676, 0.201108, 0.235665, 0.225825, 0.199727]"
Actor,client,99,6303,1,MR,attack_member,evaluation,3,1,0.4501030743122101,0,0.5564348697662354,False,0,,0,"[0.19756, 0.146211, 0.068402, 0.234293, 0.353534]"
Actor,client,99,6319,1,MR,attack_member,evaluation,2,1,0.3525799512863159,0,0.6948522925376892,False,1,0.0,0,"[0.176499, 0.172937, 0.177913, 0.234439, 0.238213]"
Actor,client,99,6362,1,MR,attack_member,evaluation,3,1,0.3696328103542328,0,0.5564348697662354,False,2,0.0,0,"[0.142269, 0.300016, 0.213552, 0.190289, 0.153874]"
Actor,client,99,6374,1,MR,attack_member,evaluation,4,1,0.4696981608867645,0,0.6842027902603149,False,3,0.0,0,"[0.150754, 0.216383, 0.196216, 0.223366, 0.213281]"
Actor,client,99,6381,1,MR,attack_member,evaluation,2,1,0.521232545375824,0,0.6948522925376892,False,2,0.0,1,"[0.194158, 0.196397, 0.249163, 0.143863, 0.216419]"
Actor,client,99,6387,1,MR,attack_member,evaluation,3,1,0.40394479036331177,0,0.5564348697662354,False,2,0.0,0,"[0.18528, 0.194087, 0.163126, 0.197225, 0.260283]"
Actor,client,99,6446,1,MR,attack_member,evaluation,4,1,0.5655555129051208,0,0.6842027902603149,False,0,,0,"[0.130059, 0.292867, 0.153522, 0.181046, 0.242506]"
Actor,client,99,6522,1,MR,attack_member,evaluation,4,1,0.5731907486915588,0,0.6842027902603149,False,0,,0,"[0.288556, 0.201707, 0.117706, 0.153306, 0.238725]"
Actor,client,99,6538,1,MR,attack_member,evaluation,1,1,0.4142831563949585,0,0.5864935517311096,False,2,0.0,0,"[0.154512, 0.172118, 0.136414, 0.20596, 0.330996]"
Actor,client,99,6579,1,MR,attack_member,evaluation,2,1,0.6122278571128845,0,0.6948522925376892,False,3,0.6666666666666666,1,"[0.050288, 0.200571, 0.297156, 0.224903, 0.227082]"
Actor,client,99,6638,1,MR,attack_member,evaluation,3,1,0.3805713653564453,0,0.5564348697662354,False,2,0.0,0,"[0.13849, 0.2292, 0.215751, 0.192478, 0.22408]"
Actor,client,99,6662,1,MR,attack_member,evaluation,1,1,0.5661337375640869,0,0.5864935517311096,False,7,0.2857142857142857,0,"[0.116159, 0.233732, 0.205957, 0.277275, 0.166878]"
Actor,client,99,6710,1,MR,attack_member,evaluation,0,1,0.867234468460083,1,0.5510123372077942,False,0,,1,"[0.366504, 0.200197, 0.173054, 0.123569, 0.136675]"
Actor,client,99,6802,1,MR,attack_member,evaluation,1,1,0.42048466205596924,0,0.5864935517311096,False,9,0.1111111111111111,0,"[0.141061, 0.176044, 0.234983, 0.228608, 0.219304]"
Actor,client,99,6824,1,MR,attack_member,evaluation,2,1,0.43834319710731506,0,0.6948522925376892,False,3,0.3333333333333333,0,"[0.156486, 0.175538, 0.222086, 0.237586, 0.208304]"
Actor,client,99,6827,1,MR,attack_member,evaluation,1,1,0.6124897599220276,1,0.5864935517311096,False,0,,0,"[0.078384, 0.274846, 0.321428, 0.200222, 0.12512]"
Actor,client,99,6836,1,MR,attack_member,evaluation,1,1,0.6643989682197571,1,0.5864935517311096,False,1,0.0,1,"[0.105446, 0.294781, 0.225368, 0.165316, 0.209089]"
Actor,client,99,6862,1,MR,attack_member,evaluation,2,1,0.3980797827243805,0,0.6948522925376892,False,7,0.0,0,"[0.11315, 0.221153, 0.192637, 0.221285, 0.251776]"
Actor,client,99,6886,1,MR,attack_member,evaluation,0,1,0.4943610429763794,0,0.5510123372077942,False,7,0.14285714285714285,0,"[0.143693, 0.096263, 0.173342, 0.24915, 0.337551]"
Actor,client,99,6897,1,MR,attack_member,evaluation,2,1,0.4111608862876892,0,0.6948522925376892,False,3,0.0,0,"[0.099144, 0.195917, 0.209353, 0.275373, 0.220213]"
Actor,client,99,6921,1,MR,attack_member,evaluation,2,1,0.4524492621421814,0,0.6948522925376892,False,0,,0,"[0.046892, 0.303122, 0.222463, 0.26349, 0.164034]"
Actor,client,99,7089,1,MR,attack_member,evaluation,0,1,0.3896668553352356,0,0.5510123372077942,False,1,0.0,0,"[0.13241, 0.225168, 0.173508, 0.099154, 0.36976]"
Actor,client,99,7103,1,MR,attack_member,evaluation,3,1,0.4224574863910675,0,0.5564348697662354,False,2,0.5,0,"[0.161998, 0.201569, 0.199477, 0.214889, 0.222067]"
Actor,client,99,7124,1,MR,attack_member,evaluation,2,1,0.3857012987136841,0,0.6948522925376892,False,6,0.3333333333333333,0,"[0.088952, 0.182058, 0.18401, 0.225459, 0.31952]"
Actor,client,99,7153,1,MR,attack_member,evaluation,4,1,0.6002116203308105,0,0.6842027902603149,False,3,0.3333333333333333,1,"[0.140929, 0.202747, 0.20258, 0.179624, 0.27412]"
Actor,client,99,7154,1,MR,attack_member,evaluation,3,1,0.6286970376968384,1,0.5564348697662354,False,5,0.2,1,"[0.114452, 0.097641, 0.128331, 0.38153, 0.278046]"
Actor,client,99,7194,1,MR,attack_member,evaluation,1,1,0.2846611440181732,0,0.5864935517311096,False,1,0.0,0,"[0.206421, 0.104682, 0.109928, 0.178332, 0.400637]"
Actor,client,99,7201,1,MR,attack_member,evaluation,3,1,0.4026090204715729,0,0.5564348697662354,False,2,0.5,0,"[0.173327, 0.186774, 0.200445, 0.194711, 0.244744]"
Actor,client,99,7221,1,MR,attack_member,evaluation,2,1,0.4600735008716583,0,0.6948522925376892,False,1,0.0,0,"[0.177253, 0.204342, 0.213297, 0.1319, 0.273209]"
Actor,client,99,7259,1,MR,attack_member,evaluation,4,1,0.5196014046669006,0,0.6842027902603149,False,1,0.0,0,"[0.113361, 0.130051, 0.139681, 0.309187, 0.30772]"
Actor,client,99,7276,1,MR,attack_member,evaluation,4,1,0.7059197425842285,1,0.6842027902603149,False,0,,1,"[0.12095, 0.111005, 0.025765, 0.168529, 0.573752]"
Actor,client,99,7280,1,MR,attack_member,evaluation,1,1,0.49621981382369995,0,0.5864935517311096,False,8,0.0,0,"[0.111212, 0.20728, 0.182453, 0.273503, 0.225551]"
Actor,client,99,7299,1,MR,attack_member,evaluation,1,1,0.8648208379745483,1,0.5864935517311096,False,3,0.0,1,"[0.056622, 0.440892, 0.122334, 0.109187, 0.270965]"
Actor,client,99,7349,1,MR,attack_member,evaluation,0,1,0.6893793940544128,1,0.5510123372077942,False,2,0.0,0,"[0.225167, 0.118232, 0.157712, 0.074775, 0.424114]"
Actor,client,99,7350,1,MR,attack_member,evaluation,1,1,0.4623582661151886,0,0.5864935517311096,False,3,0.0,0,"[0.128459, 0.199998, 0.221847, 0.200391, 0.249305]"
Actor,client,99,7351,1,MR,attack_member,evaluation,4,1,0.5133663415908813,0,0.6842027902603149,False,1,1.0,0,"[0.094849, 0.200251, 0.102201, 0.309485, 0.293215]"
Actor,client,99,7389,1,MR,attack_member,evaluation,1,1,0.8033459782600403,1,0.5864935517311096,False,1,1.0,1,"[0.123505, 0.361643, 0.198507, 0.186705, 0.12964]"
Actor,client,99,7450,1,MR,attack_member,evaluation,4,1,0.3866228461265564,0,0.6842027902603149,False,3,0.0,0,"[0.080463, 0.272772, 0.199884, 0.256225, 0.190657]"
Actor,client,99,7488,1,MR,attack_member,evaluation,1,1,0.5135264992713928,0,0.5864935517311096,False,1,0.0,0,"[0.155013, 0.209939, 0.221517, 0.225424, 0.188108]"
Actor,client,99,7536,1,MR,attack_member,evaluation,1,1,0.5147809386253357,0,0.5864935517311096,False,1,0.0,0,"[0.162429, 0.20849, 0.177056, 0.222402, 0.229623]"
Actor,client,99,54,2,MR,attack_member,evaluation,0,1,0.44757819175720215,0,0.5510123372077942,False,1,0.0,0,"[0.171164, 0.258135, 0.121418, 0.26271, 0.186572]"
Actor,client,99,180,2,MR,attack_member,evaluation,4,1,0.5003851652145386,0,0.6842027902603149,False,1,0.0,0,"[0.22825, 0.224202, 0.206644, 0.152573, 0.188332]"
Actor,client,99,246,2,MR,attack_member,evaluation,4,1,0.6731896996498108,0,0.6842027902603149,False,1,0.0,1,"[0.114607, 0.168498, 0.133334, 0.198137, 0.385424]"
Actor,client,99,347,2,MR,attack_member,evaluation,0,1,0.4218395948410034,0,0.5510123372077942,False,1,0.0,0,"[0.167057, 0.267176, 0.20535, 0.208123, 0.152294]"
Actor,client,99,507,2,MR,attack_member,evaluation,1,1,0.7303634285926819,1,0.5864935517311096,False,0,,1,"[0.173335, 0.293496, 0.162403, 0.268422, 0.102344]"
Actor,client,99,515,2,MR,attack_member,evaluation,4,1,0.5875959396362305,0,0.6842027902603149,False,1,0.0,1,"[0.174298, 0.151331, 0.131652, 0.230278, 0.312442]"
Actor,client,99,758,2,MR,attack_member,evaluation,4,1,0.6834171414375305,0,0.6842027902603149,False,0,,1,"[0.034873, 0.091834, 0.09861, 0.23105, 0.543633]"
Actor,client,99,871,2,MR,attack_member,evaluation,3,1,0.36407163739204407,0,0.5564348697662354,False,2,0.5,0,"[0.091103, 0.186369, 0.377158, 0.170708, 0.174662]"
Actor,client,99,883,2,MR,attack_member,evaluation,1,1,0.47836410999298096,0,0.5864935517311096,False,2,0.0,0,"[0.09878, 0.196778, 0.135543, 0.317129, 0.25177]"
Actor,client,99,944,2,MR,attack_member,evaluation,1,1,0.2508542239665985,0,0.5864935517311096,False,2,0.0,0,"[0.060967, 0.130939, 0.139784, 0.13763, 0.530682]"
Actor,client,99,963,2,MR,attack_member,evaluation,4,1,0.5284035801887512,0,0.6842027902603149,False,1,0.0,1,"[0.171565, 0.178578, 0.196442, 0.209967, 0.243449]"
Actor,client,99,985,2,MR,attack_member,evaluation,4,1,0.5059930682182312,0,0.6842027902603149,False,1,0.0,0,"[0.046431, 0.192406, 0.531227, 0.075589, 0.154348]"
Actor,client,99,1108,2,MR,attack_member,evaluation,2,1,0.3277379274368286,0,0.6948522925376892,False,1,0.0,0,"[0.126437, 0.215107, 0.167454, 0.278502, 0.212499]"
Actor,client,99,1129,2,MR,attack_member,evaluation,0,1,0.547203004360199,0,0.5510123372077942,False,1,0.0,0,"[0.195253, 0.190689, 0.197283, 0.223918, 0.192857]"
Actor,client,99,1275,2,MR,attack_member,evaluation,4,1,0.5448369979858398,0,0.6842027902603149,False,1,1.0,1,"[0.082649, 0.106683, 0.184171, 0.299336, 0.32716]"
Actor,client,99,1277,2,MR,attack_member,evaluation,3,1,0.6418197751045227,1,0.5564348697662354,False,0,,1,"[0.073004, 0.123846, 0.077564, 0.416173, 0.309413]"
Actor,client,99,1329,2,MR,attack_member,evaluation,2,1,0.6889734864234924,0,0.6948522925376892,False,2,0.0,1,"[0.058926, 0.120774, 0.34942, 0.260948, 0.209932]"
Actor,client,99,1392,2,MR,attack_member,evaluation,4,1,0.7333859801292419,1,0.6842027902603149,False,0,,1,"[0.076911, 0.070299, 0.046511, 0.069436, 0.736843]"
Actor,client,99,1410,2,MR,attack_member,evaluation,2,1,0.37451621890068054,0,0.6948522925376892,False,1,0.0,0,"[0.122796, 0.22794, 0.188042, 0.253918, 0.207304]"
Actor,client,99,1461,2,MR,attack_member,evaluation,0,1,0.5078237652778625,0,0.5510123372077942,False,1,0.0,0,"[0.174871, 0.162855, 0.265637, 0.206492, 0.190145]"
Actor,client,99,1606,2,MR,attack_member,evaluation,3,1,0.38913241028785706,0,0.5564348697662354,False,1,1.0,0,"[0.166311, 0.244349, 0.165405, 0.19753, 0.226405]"
Actor,client,99,1706,2,MR,attack_member,evaluation,3,1,0.7818379402160645,1,0.5564348697662354,False,0,,1,"[0.10713, 0.064375, 0.112121, 0.528126, 0.188248]"
Actor,client,99,1719,2,MR,attack_member,evaluation,2,1,0.41859138011932373,0,0.6948522925376892,False,1,0.0,0,"[0.194943, 0.202073, 0.205762, 0.187684, 0.209538]"
Actor,client,99,1965,2,MR,attack_member,evaluation,2,1,0.53480064868927,0,0.6948522925376892,False,2,0.5,1,"[0.09207, 0.224933, 0.262475, 0.2297, 0.190822]"
Actor,client,99,1981,2,MR,attack_member,evaluation,3,1,0.42212846875190735,0,0.5564348697662354,False,1,1.0,0,"[0.173837, 0.217318, 0.199905, 0.212146, 0.196794]"
Actor,client,99,2015,2,MR,attack_member,evaluation,2,1,0.41278719902038574,0,0.6948522925376892,False,1,0.0,0,"[0.149941, 0.219618, 0.204264, 0.219371, 0.206806]"
Actor,client,99,2043,2,MR,attack_member,evaluation,1,1,0.4966927468776703,0,0.5864935517311096,False,1,0.0,0,"[0.181925, 0.196963, 0.181973, 0.217367, 0.221772]"
Actor,client,99,2053,2,MR,attack_member,evaluation,2,1,0.8464035987854004,1,0.6948522925376892,False,0,,1,"[0.140704, 0.157832, 0.45276, 0.114531, 0.134174]"
Actor,client,99,2101,2,MR,attack_member,evaluation,4,1,0.458052396774292,0,0.6842027902603149,False,1,0.0,0,"[0.17451, 0.190102, 0.208843, 0.221101, 0.205444]"
Actor,client,99,2152,2,MR,attack_member,evaluation,3,1,0.5482563376426697,0,0.5564348697662354,False,0,,1,"[0.105331, 0.138028, 0.289385, 0.306869, 0.160387]"
Actor,client,99,2220,2,MR,attack_member,evaluation,2,1,0.3221961557865143,0,0.6948522925376892,False,1,0.0,0,"[0.168666, 0.148085, 0.159518, 0.234032, 0.289699]"
Actor,client,99,2308,2,MR,attack_member,evaluation,2,1,0.4256618916988373,0,0.6948522925376892,False,1,0.0,0,"[0.107873, 0.176911, 0.214908, 0.261342, 0.238966]"
Actor,client,99,2324,2,MR,attack_member,evaluation,0,1,0.47692763805389404,0,0.5510123372077942,False,1,0.0,0,"[0.177363, 0.23022, 0.18989, 0.210218, 0.192309]"
Actor,client,99,2348,2,MR,attack_member,evaluation,4,1,0.5504840016365051,0,0.6842027902603149,False,1,1.0,0,"[0.147411, 0.279472, 0.218954, 0.142582, 0.211581]"
Actor,client,99,2438,2,MR,attack_member,evaluation,2,1,0.6567602157592773,0,0.6948522925376892,False,0,,1,"[0.091703, 0.253357, 0.30401, 0.115177, 0.235755]"
Actor,client,99,2457,2,MR,attack_member,evaluation,3,1,0.44627052545547485,0,0.5564348697662354,False,1,0.0,0,"[0.096854, 0.099467, 0.218614, 0.241621, 0.343444]"
Actor,client,99,2489,2,MR,attack_member,evaluation,0,1,0.4403093159198761,0,0.5510123372077942,False,1,0.0,0,"[0.153504, 0.193762, 0.209015, 0.232135, 0.211584]"
Actor,client,99,2513,2,MR,attack_member,evaluation,4,1,0.5405260324478149,0,0.6842027902603149,False,2,0.0,1,"[0.141581, 0.178071, 0.216633, 0.21117, 0.252545]"
Actor,client,99,2526,2,MR,attack_member,evaluation,3,1,0.43526530265808105,0,0.5564348697662354,False,1,1.0,0,"[0.139477, 0.253665, 0.156743, 0.243057, 0.207058]"
Actor,client,99,2722,2,MR,attack_member,evaluation,1,1,0.49666357040405273,0,0.5864935517311096,False,1,0.0,0,"[0.117571, 0.201228, 0.16285, 0.304581, 0.21377]"
Actor,client,99,2776,2,MR,attack_member,evaluation,4,1,0.6933826208114624,1,0.6842027902603149,False,0,,1,"[0.088307, 0.048986, 0.213716, 0.137133, 0.511858]"
Actor,client,99,2870,2,MR,attack_member,evaluation,0,1,0.4320317208766937,0,0.5510123372077942,False,1,0.0,0,"[0.160152, 0.237349, 0.170853, 0.223277, 0.208369]"
Actor,client,99,2894,2,MR,attack_member,evaluation,3,1,0.3868759274482727,0,0.5564348697662354,False,1,1.0,0,"[0.175856, 0.190038, 0.216439, 0.180318, 0.237349]"
Actor,client,99,2917,2,MR,attack_member,evaluation,4,1,0.5620133280754089,0,0.6842027902603149,False,1,0.0,1,"[0.099637, 0.112163, 0.128756, 0.307356, 0.352088]"
Actor,client,99,2939,2,MR,attack_member,evaluation,1,1,0.5184102058410645,0,0.5864935517311096,False,1,0.0,0,"[0.152937, 0.203684, 0.186613, 0.285081, 0.171685]"
Actor,client,99,2979,2,MR,attack_member,evaluation,2,1,0.8755373358726501,1,0.6948522925376892,False,1,1.0,1,"[0.010895, 0.09629, 0.498312, 0.245081, 0.149421]"
Actor,client,99,3058,2,MR,attack_member,evaluation,2,1,0.3988649547100067,0,0.6948522925376892,False,1,0.0,0,"[0.18368, 0.171902, 0.202769, 0.229108, 0.212541]"
Actor,client,99,3080,2,MR,attack_member,evaluation,4,1,0.547128438949585,0,0.6842027902603149,False,1,0.0,1,"[0.18084, 0.150683, 0.194092, 0.212053, 0.262331]"
Actor,client,99,3171,2,MR,attack_member,evaluation,0,1,0.46190664172172546,0,0.5510123372077942,False,1,0.0,0,"[0.1602, 0.182965, 0.235414, 0.21281, 0.20861]"
Actor,client,99,3232,2,MR,attack_member,evaluation,3,1,0.4402706027030945,0,0.5564348697662354,False,1,0.0,1,"[0.185078, 0.1954, 0.201513, 0.219035, 0.198974]"
Actor,client,99,3265,2,MR,attack_member,evaluation,2,1,0.32742616534233093,0,0.6948522925376892,False,1,0.0,0,"[0.158554, 0.214979, 0.157949, 0.217137, 0.251382]"
Actor,client,99,3365,2,MR,attack_member,evaluation,1,1,0.5017455816268921,0,0.5864935517311096,False,1,0.0,0,"[0.134537, 0.210591, 0.203919, 0.224096, 0.226857]"
Actor,client,99,3426,2,MR,attack_member,evaluation,3,1,0.5086215138435364,0,0.5564348697662354,False,1,1.0,1,"[0.129268, 0.189843, 0.143644, 0.294593, 0.242652]"
Actor,client,99,3582,2,MR,attack_member,evaluation,4,1,0.44958508014678955,0,0.6842027902603149,False,1,0.0,0,"[0.187471, 0.227594, 0.171439, 0.216422, 0.197075]"
Actor,client,99,3833,2,MR,attack_member,evaluation,3,1,0.8676179051399231,1,0.5564348697662354,False,3,0.3333333333333333,1,"[0.02053, 0.046594, 0.134959, 0.685497, 0.11242]"
Actor,client,99,3848,2,MR,attack_member,evaluation,4,1,0.5116435885429382,0,0.6842027902603149,False,1,0.0,0,"[0.111707, 0.090302, 0.183253, 0.307644, 0.307093]"
Actor,client,99,4009,2,MR,attack_member,evaluation,4,1,0.6123666167259216,0,0.6842027902603149,False,1,0.0,0,"[0.148324, 0.184267, 0.271214, 0.137568, 0.258626]"
Actor,client,99,4050,2,MR,attack_member,evaluation,4,1,0.7040586471557617,1,0.6842027902603149,False,0,,1,"[0.097976, 0.048018, 0.072189, 0.114279, 0.667537]"
Actor,client,99,4122,2,MR,attack_member,evaluation,1,1,0.3766775131225586,0,0.5864935517311096,False,1,0.0,0,"[0.166369, 0.146646, 0.222601, 0.261751, 0.202632]"
Actor,client,99,4155,2,MR,attack_member,evaluation,1,1,0.5017712116241455,0,0.5864935517311096,False,1,0.0,0,"[0.173745, 0.199322, 0.202953, 0.231649, 0.192331]"
Actor,client,99,4213,2,MR,attack_member,evaluation,3,1,0.5304696559906006,0,0.5564348697662354,False,3,0.3333333333333333,1,"[0.115937, 0.19405, 0.168053, 0.312199, 0.20976]"
Actor,client,99,4234,2,MR,attack_member,evaluation,0,1,0.4757649898529053,0,0.5510123372077942,False,1,0.0,0,"[0.171716, 0.21048, 0.217574, 0.186019, 0.214211]"
Actor,client,99,4365,2,MR,attack_member,evaluation,4,1,0.46192285418510437,0,0.6842027902603149,False,1,0.0,0,"[0.169207, 0.180654, 0.14114, 0.27155, 0.237449]"
Actor,client,99,4405,2,MR,attack_member,evaluation,4,1,0.5335675477981567,0,0.6842027902603149,False,1,0.0,1,"[0.071616, 0.161741, 0.174215, 0.291667, 0.30076]"
Actor,client,99,4467,2,MR,attack_member,evaluation,1,1,0.6284082531929016,1,0.5864935517311096,False,1,0.0,0,"[0.134003, 0.250717, 0.125422, 0.302966, 0.186892]"
Actor,client,99,4477,2,MR,attack_member,evaluation,4,1,0.34774795174598694,0,0.6842027902603149,False,1,0.0,0,"[0.11743, 0.187292, 0.164457, 0.326722, 0.204099]"
Actor,client,99,4545,2,MR,attack_member,evaluation,3,1,0.48002561926841736,0,0.5564348697662354,False,1,1.0,1,"[0.131938, 0.165523, 0.200475, 0.262987, 0.239076]"
Actor,client,99,4617,2,MR,attack_member,evaluation,2,1,0.362763375043869,0,0.6948522925376892,False,1,0.0,0,"[0.144767, 0.214741, 0.187383, 0.269325, 0.183784]"
Actor,client,99,4669,2,MR,attack_member,evaluation,4,1,0.5012950897216797,0,0.6842027902603149,False,1,0.0,0,"[0.18794, 0.165193, 0.233057, 0.195989, 0.21782]"
Actor,client,99,4690,2,MR,attack_member,evaluation,1,1,0.4611528515815735,0,0.5864935517311096,False,1,0.0,0,"[0.173711, 0.190149, 0.193806, 0.181237, 0.261098]"
Actor,client,99,4805,2,MR,attack_member,evaluation,2,1,0.43706244230270386,0,0.6948522925376892,False,2,0.0,0,"[0.103504, 0.195626, 0.224481, 0.280705, 0.195684]"
Actor,client,99,4815,2,MR,attack_member,evaluation,3,1,0.6004535555839539,1,0.5564348697662354,False,1,1.0,1,"[0.123315, 0.159082, 0.148466, 0.360589, 0.208547]"
Actor,client,99,4846,2,MR,attack_member,evaluation,1,1,0.4986395239830017,0,0.5864935517311096,False,1,0.0,0,"[0.182095, 0.198679, 0.186868, 0.210718, 0.22164]"
Actor,client,99,4889,2,MR,attack_member,evaluation,0,1,0.43903303146362305,0,0.5510123372077942,False,1,0.0,0,"[0.1553, 0.202476, 0.2058, 0.229643, 0.206781]"
Actor,client,99,5001,2,MR,attack_member,evaluation,3,1,0.49137964844703674,0,0.5564348697662354,False,1,1.0,1,"[0.112256, 0.179289, 0.20244, 0.279092, 0.226923]"
Actor,client,99,5031,2,MR,attack_member,evaluation,3,1,0.48908326029777527,0,0.5564348697662354,False,1,1.0,1,"[0.189226, 0.183688, 0.159698, 0.257135, 0.210253]"
Actor,client,99,5156,2,MR,attack_member,evaluation,4,1,0.45045506954193115,0,0.6842027902603149,False,1,0.0,0,"[0.186125, 0.156749, 0.218104, 0.23132, 0.207702]"
Actor,client,99,5173,2,MR,attack_member,evaluation,0,1,0.5749667882919312,1,0.5510123372077942,False,1,0.0,0,"[0.201219, 0.17449, 0.189778, 0.224013, 0.210499]"
Actor,client,99,5273,2,MR,attack_member,evaluation,3,1,0.4036654233932495,0,0.5564348697662354,False,1,1.0,0,"[0.145069, 0.236933, 0.180891, 0.212924, 0.224184]"
Actor,client,99,5418,2,MR,attack_member,evaluation,1,1,0.3907768130302429,0,0.5864935517311096,False,1,0.0,0,"[0.139916, 0.156042, 0.140774, 0.278568, 0.2847]"
Actor,client,99,5549,2,MR,attack_member,evaluation,4,1,0.6889784932136536,1,0.6842027902603149,False,0,,1,"[0.012222, 0.011036, 0.006796, 0.133032, 0.836914]"
Actor,client,99,5686,2,MR,attack_member,evaluation,1,1,0.4696074426174164,0,0.5864935517311096,False,1,0.0,0,"[0.136338, 0.199415, 0.219911, 0.210378, 0.233958]"
Actor,client,99,5794,2,MR,attack_member,evaluation,4,1,0.7105875015258789,1,0.6842027902603149,False,1,1.0,1,"[0.092215, 0.081858, 0.104867, 0.139459, 0.5816]"
Actor,client,99,5806,2,MR,attack_member,evaluation,1,1,0.5069417953491211,0,0.5864935517311096,False,1,0.0,0,"[0.194943, 0.202073, 0.205762, 0.187684, 0.209538]"
Actor,client,99,5943,2,MR,attack_member,evaluation,3,1,0.470853328704834,0,0.5564348697662354,False,1,1.0,0,"[0.137364, 0.176285, 0.153272, 0.261889, 0.27119]"
Actor,client,99,5944,2,MR,attack_member,evaluation,1,1,0.377228319644928,0,0.5864935517311096,False,4,0.0,0,"[0.134439, 0.165276, 0.24856, 0.190722, 0.261003]"
Actor,client,99,5952,2,MR,attack_member,evaluation,3,1,0.4758489429950714,0,0.5564348697662354,False,1,1.0,1,"[0.128793, 0.18963, 0.162529, 0.26861, 0.250439]"
Actor,client,99,5963,2,MR,attack_member,evaluation,2,1,0.23269836604595184,0,0.6948522925376892,False,1,0.0,0,"[0.151199, 0.125851, 0.119325, 0.326075, 0.27755]"
Actor,client,99,6004,2,MR,attack_member,evaluation,1,1,0.5473418235778809,0,0.5864935517311096,False,1,0.0,0,"[0.158664, 0.223959, 0.178814, 0.212398, 0.226164]"
Actor,client,99,6044,2,MR,attack_member,evaluation,4,1,0.545844554901123,0,0.6842027902603149,False,1,0.0,1,"[0.139019, 0.13693, 0.16059, 0.264614, 0.298847]"
Actor,client,99,6092,2,MR,attack_member,evaluation,1,1,0.40993794798851013,0,0.5864935517311096,False,1,0.0,0,"[0.111818, 0.173235, 0.18741, 0.268179, 0.259358]"
Actor,client,99,6183,2,MR,attack_member,evaluation,1,1,0.503082811832428,0,0.5864935517311096,False,0,,0,"[0.155117, 0.208035, 0.212292, 0.208563, 0.215993]"
Actor,client,99,6185,2,MR,attack_member,evaluation,0,1,0.3664686977863312,0,0.5510123372077942,False,1,0.0,0,"[0.130549, 0.215877, 0.220743, 0.249406, 0.183426]"
Actor,client,99,6213,2,MR,attack_member,evaluation,2,1,0.3496473729610443,0,0.6948522925376892,False,1,0.0,0,"[0.141671, 0.221043, 0.180893, 0.274758, 0.181635]"
Actor,client,99,6228,2,MR,attack_member,evaluation,4,1,0.4777235984802246,0,0.6842027902603149,False,1,0.0,0,"[0.185726, 0.098425, 0.240664, 0.240264, 0.234921]"
Actor,client,99,6382,2,MR,attack_member,evaluation,1,1,0.5144498348236084,0,0.5864935517311096,False,2,0.0,0,"[0.146108, 0.20926, 0.186417, 0.246784, 0.211432]"
Actor,client,99,6447,2,MR,attack_member,evaluation,2,1,0.4381119906902313,0,0.6948522925376892,False,1,0.0,0,"[0.122519, 0.197176, 0.22089, 0.250824, 0.208591]"
Actor,client,99,6520,2,MR,attack_member,evaluation,2,1,0.8230316042900085,1,0.6948522925376892,False,0,,1,"[0.016243, 0.09512, 0.445808, 0.270595, 0.172234]"
Actor,client,99,6601,2,MR,attack_member,evaluation,3,1,0.4886746406555176,0,0.5564348697662354,False,1,1.0,1,"[0.163352, 0.150983, 0.239873, 0.251696, 0.194096]"
Actor,client,99,6629,2,MR,attack_member,evaluation,4,1,0.4936569035053253,0,0.6842027902603149,False,1,0.0,1,"[0.161845, 0.217131, 0.158819, 0.230927, 0.231279]"
Actor,client,99,6631,2,MR,attack_member,evaluation,1,1,0.7998678684234619,1,0.5864935517311096,False,1,0.0,1,"[0.063752, 0.353292, 0.090121, 0.334188, 0.158647]"
Actor,client,99,6702,2,MR,attack_member,evaluation,4,1,0.7129403352737427,1,0.6842027902603149,False,0,,1,"[0.110512, 0.079674, 0.029577, 0.123377, 0.65686]"
Actor,client,99,6732,2,MR,attack_member,evaluation,3,1,0.430711030960083,0,0.5564348697662354,False,1,1.0,0,"[0.142747, 0.13471, 0.204008, 0.220075, 0.29846]"
Actor,client,99,6773,2,MR,attack_member,evaluation,2,1,0.3706851601600647,0,0.6948522925376892,False,1,0.0,0,"[0.162091, 0.222778, 0.181971, 0.213815, 0.219345]"
Actor,client,99,6901,2,MR,attack_member,evaluation,3,1,0.40561702847480774,0,0.5564348697662354,False,2,0.5,0,"[0.173031, 0.229801, 0.209042, 0.200326, 0.1878]"
Actor,client,99,6925,2,MR,attack_member,evaluation,3,1,0.4937177002429962,0,0.5564348697662354,False,1,0.0,1,"[0.101292, 0.211391, 0.214825, 0.286301, 0.186191]"
Actor,client,99,6974,2,MR,attack_member,evaluation,2,1,0.4770364463329315,0,0.6948522925376892,False,1,0.0,1,"[0.14676, 0.160609, 0.237148, 0.220625, 0.234859]"
Actor,client,99,6993,2,MR,attack_member,evaluation,0,1,0.3733535706996918,0,0.5510123372077942,False,1,0.0,0,"[0.140277, 0.252381, 0.1811, 0.218188, 0.208054]"
Actor,client,99,7077,2,MR,attack_member,evaluation,1,1,0.5588764548301697,0,0.5864935517311096,False,1,0.0,1,"[0.181736, 0.223743, 0.184861, 0.204618, 0.205041]"
Actor,client,99,7158,2,MR,attack_member,evaluation,1,1,0.4829237163066864,0,0.5864935517311096,False,1,0.0,0,"[0.171384, 0.195971, 0.179013, 0.204808, 0.248824]"
Actor,client,99,7164,2,MR,attack_member,evaluation,4,1,0.6622621417045593,0,0.6842027902603149,False,1,0.0,1,"[0.125824, 0.071722, 0.113181, 0.204036, 0.485237]"
Actor,client,99,94,3,MR,attack_member,evaluation,3,1,0.40118953585624695,0,0.5564348697662354,False,1,0.0,0,"[0.125574, 0.285805, 0.200325, 0.220251, 0.168046]"
Actor,client,99,167,3,MR,attack_member,evaluation,0,1,0.3358997404575348,0,0.5510123372077942,False,0,,0,"[0.12668, 0.230304, 0.380917, 0.111117, 0.150981]"
Actor,client,99,179,3,MR,attack_member,evaluation,1,1,0.5811498165130615,0,0.5864935517311096,False,3,0.0,0,"[0.024361, 0.26782, 0.297481, 0.255542, 0.154796]"
Actor,client,99,233,3,MR,attack_member,evaluation,3,1,0.4315013885498047,0,0.5564348697662354,False,1,0.0,0,"[0.134393, 0.166595, 0.204564, 0.22672, 0.267728]"
Actor,client,99,295,3,MR,attack_member,evaluation,4,1,0.5258057713508606,0,0.6842027902603149,False,3,0.3333333333333333,0,"[0.20012, 0.247635, 0.173489, 0.167366, 0.211389]"
Actor,client,99,311,3,MR,attack_member,evaluation,1,1,0.31604671478271484,0,0.5864935517311096,False,3,0.0,0,"[0.009577, 0.142237, 0.097766, 0.380458, 0.369962]"
Actor,client,99,343,3,MR,attack_member,evaluation,0,1,0.5760024189949036,1,0.5510123372077942,False,4,0.0,0,"[0.187861, 0.135086, 0.223427, 0.138886, 0.314741]"
Actor,client,99,364,3,MR,attack_member,evaluation,2,1,0.5693091154098511,0,0.6948522925376892,False,0,,1,"[0.11461, 0.199653, 0.284026, 0.234745, 0.166966]"
Actor,client,99,377,3,MR,attack_member,evaluation,3,1,0.4574640989303589,0,0.5564348697662354,False,0,,0,"[0.088019, 0.109499, 0.359794, 0.235429, 0.207259]"
Actor,client,99,379,3,MR,attack_member,evaluation,1,1,0.5066598057746887,0,0.5864935517311096,False,2,0.0,0,"[0.107293, 0.233059, 0.142974, 0.128855, 0.387819]"
Actor,client,99,383,3,MR,attack_member,evaluation,4,1,0.7295201420783997,1,0.6842027902603149,False,0,,1,"[0.011036, 0.016265, 0.096525, 0.033728, 0.842446]"
Actor,client,99,432,3,MR,attack_member,evaluation,0,1,0.3425719439983368,0,0.5510123372077942,False,6,0.16666666666666666,0,"[0.12205, 0.239919, 0.153733, 0.249497, 0.234801]"
Actor,client,99,437,3,MR,attack_member,evaluation,0,1,0.2556147575378418,0,0.5510123372077942,False,3,0.0,0,"[0.081441, 0.229916, 0.201644, 0.286388, 0.200611]"
Actor,client,99,451,3,MR,attack_member,evaluation,3,1,0.9256567358970642,1,0.5564348697662354,False,0,,1,"[0.011495, 0.025194, 0.02152, 0.871464, 0.070326]"
Actor,client,99,518,3,MR,attack_member,evaluation,3,1,0.4411643147468567,0,0.5564348697662354,False,1,0.0,0,"[0.126392, 0.258011, 0.145245, 0.25384, 0.216512]"
Actor,client,99,591,3,MR,attack_member,evaluation,3,1,0.411786824464798,0,0.5564348697662354,False,5,0.6,0,"[0.175034, 0.274305, 0.098564, 0.223433, 0.228665]"
Actor,client,99,604,3,MR,attack_member,evaluation,3,1,0.44388797879219055,0,0.5564348697662354,False,1,0.0,0,"[0.073626, 0.172586, 0.277974, 0.247629, 0.228184]"
Actor,client,99,619,3,MR,attack_member,evaluation,4,1,0.5786969065666199,0,0.6842027902603149,False,0,,1,"[0.106645, 0.063888, 0.110762, 0.311988, 0.406718]"
Actor,client,99,630,3,MR,attack_member,evaluation,4,1,0.2506404519081116,0,0.6842027902603149,False,4,0.0,0,"[0.069772, 0.119246, 0.1623, 0.441423, 0.20726]"
Actor,client,99,640,3,MR,attack_member,evaluation,4,1,0.7277958989143372,1,0.6842027902603149,False,3,0.3333333333333333,1,"[0.061572, 0.049936, 0.122782, 0.071952, 0.693758]"
Actor,client,99,677,3,MR,attack_member,evaluation,3,1,0.7548098564147949,1,0.5564348697662354,False,1,0.0,1,"[0.141297, 0.156694, 0.09113, 0.500153, 0.110726]"
Actor,client,99,678,3,MR,attack_member,evaluation,0,1,0.47266101837158203,0,0.5510123372077942,False,3,0.0,0,"[0.185575, 0.273869, 0.157677, 0.189001, 0.193878]"
Actor,client,99,746,3,MR,attack_member,evaluation,1,1,0.696216344833374,1,0.5864935517311096,False,1,0.0,1,"[0.109166, 0.29264, 0.154999, 0.272877, 0.170318]"
Actor,client,99,779,3,MR,attack_member,evaluation,4,1,0.334509015083313,0,0.6842027902603149,False,3,0.0,0,"[0.12787, 0.157854, 0.228028, 0.303026, 0.183222]"
Actor,client,99,786,3,MR,attack_member,evaluation,4,1,0.348789781332016,0,0.6842027902603149,False,0,,0,"[0.135205, 0.096079, 0.143537, 0.387918, 0.23726]"
Actor,client,99,824,3,MR,attack_member,evaluation,2,1,0.3996126353740692,0,0.6948522925376892,False,3,0.0,0,"[0.104328, 0.183223, 0.191484, 0.217338, 0.303627]"
Actor,client,99,837,3,MR,attack_member,evaluation,2,1,0.8836598992347717,1,0.6948522925376892,False,0,,1,"[0.050119, 0.318975, 0.483277, 0.080307, 0.067322]"
Actor,client,99,880,3,MR,attack_member,evaluation,2,1,0.36140361428260803,0,0.6948522925376892,False,3,0.3333333333333333,0,"[0.148183, 0.195104, 0.194951, 0.306916, 0.154846]"
Actor,client,99,923,3,MR,attack_member,evaluation,0,1,0.4875238239765167,0,0.5510123372077942,False,2,0.0,0,"[0.172156, 0.207814, 0.165566, 0.195733, 0.258731]"
Actor,client,99,1017,3,MR,attack_member,evaluation,3,1,0.6246213912963867,1,0.5564348697662354,False,3,0.3333333333333333,1,"[0.065762, 0.160174, 0.069292, 0.410124, 0.294647]"
Actor,client,99,1038,3,MR,attack_member,evaluation,4,1,0.39792296290397644,0,0.6842027902603149,False,1,0.0,0,"[0.120476, 0.242467, 0.181924, 0.259452, 0.195681]"
Actor,client,99,1048,3,MR,attack_member,evaluation,4,1,0.5686743855476379,0,0.6842027902603149,False,0,,0,"[0.05895, 0.1606, 0.516792, 0.074574, 0.189083]"
Actor,client,99,1063,3,MR,attack_member,evaluation,1,1,0.6147862076759338,1,0.5864935517311096,False,0,,0,"[0.193822, 0.249166, 0.273575, 0.172027, 0.111411]"
Actor,client,99,1128,3,MR,attack_member,evaluation,4,1,0.533374011516571,0,0.6842027902603149,False,2,0.0,1,"[0.168003, 0.161112, 0.150883, 0.246921, 0.273081]"
Actor,client,99,1132,3,MR,attack_member,evaluation,0,1,0.45925259590148926,0,0.5510123372077942,False,1,0.0,0,"[0.150745, 0.152679, 0.243449, 0.220923, 0.232204]"
Actor,client,99,1134,3,MR,attack_member,evaluation,1,1,0.4065189063549042,0,0.5864935517311096,False,0,,0,"[0.098663, 0.188557, 0.340956, 0.185224, 0.186601]"
Actor,client,99,1167,3,MR,attack_member,evaluation,4,1,0.17851120233535767,0,0.6842027902603149,False,1,0.0,0,"[0.010688, 0.120994, 0.069803, 0.57249, 0.226025]"
Actor,client,99,1204,3,MR,attack_member,evaluation,1,1,0.6001514196395874,1,0.5864935517311096,False,3,0.0,0,"[0.116542, 0.249282, 0.088557, 0.259843, 0.285776]"
Actor,client,99,1266,3,MR,attack_member,evaluation,4,1,0.44428446888923645,0,0.6842027902603149,False,1,0.0,0,"[0.082967, 0.238152, 0.155464, 0.286983, 0.236434]"
Actor,client,99,1288,3,MR,attack_member,evaluation,0,1,0.8576182723045349,1,0.5510123372077942,False,0,,1,"[0.33986, 0.132361, 0.201271, 0.140972, 0.185536]"
Actor,client,99,1323,3,MR,attack_member,evaluation,4,1,0.4510043263435364,0,0.6842027902603149,False,8,0.25,0,"[0.07586, 0.164134, 0.24149, 0.280312, 0.238204]"
Actor,client,99,1475,3,MR,attack_member,evaluation,1,1,0.3795139491558075,0,0.5864935517311096,False,8,0.25,0,"[0.128392, 0.168264, 0.145458, 0.179521, 0.378365]"
Actor,client,99,1491,3,MR,attack_member,evaluation,1,1,0.5204667448997498,0,0.5864935517311096,False,2,0.0,0,"[0.133534, 0.220722, 0.183543, 0.205916, 0.256285]"
Actor,client,99,1568,3,MR,attack_member,evaluation,4,1,0.696054220199585,1,0.6842027902603149,False,2,1.0,1,"[0.040882, 0.011679, 0.082291, 0.112081, 0.753067]"
Actor,client,99,1609,3,MR,attack_member,evaluation,4,1,0.656439483165741,0,0.6842027902603149,False,0,,1,"[0.012447, 0.017889, 0.270289, 0.210374, 0.489]"
Actor,client,99,1641,3,MR,attack_member,evaluation,1,1,0.7651124596595764,1,0.5864935517311096,False,0,,1,"[0.0836, 0.348953, 0.302267, 0.188029, 0.077152]"
Actor,client,99,1644,3,MR,attack_member,evaluation,1,1,0.4727708697319031,0,0.5864935517311096,False,3,0.0,0,"[0.17052, 0.189169, 0.082673, 0.21954, 0.338097]"
Actor,client,99,1668,3,MR,attack_member,evaluation,4,1,0.7105693221092224,1,0.6842027902603149,False,7,0.42857142857142855,1,"[0.019474, 0.057569, 0.211218, 0.144602, 0.567138]"
Actor,client,99,1697,3,MR,attack_member,evaluation,3,1,0.5088521242141724,0,0.5564348697662354,False,1,0.0,1,"[0.09945, 0.214848, 0.20039, 0.30013, 0.185182]"
Actor,client,99,1698,3,MR,attack_member,evaluation,3,1,0.5842190980911255,1,0.5564348697662354,False,0,,1,"[0.155809, 0.091507, 0.296622, 0.31024, 0.145822]"
Actor,client,99,1709,3,MR,attack_member,evaluation,4,1,0.5437089204788208,0,0.6842027902603149,False,4,0.25,1,"[0.129815, 0.135422, 0.217858, 0.238461, 0.278444]"
Actor,client,99,1726,3,MR,attack_member,evaluation,2,1,0.7283705472946167,1,0.6948522925376892,False,1,0.0,1,"[0.07956, 0.121142, 0.357322, 0.168396, 0.27358]"
Actor,client,99,1745,3,MR,attack_member,evaluation,0,1,0.5259354114532471,0,0.5510123372077942,False,3,0.3333333333333333,0,"[0.206655, 0.256387, 0.229491, 0.168986, 0.138481]"
Actor,client,99,1800,3,MR,attack_member,evaluation,1,1,0.7441492080688477,1,0.5864935517311096,False,3,0.0,1,"[0.133561, 0.311902, 0.111872, 0.262758, 0.179907]"
Actor,client,99,1802,3,MR,attack_member,evaluation,0,1,0.33363640308380127,0,0.5510123372077942,False,2,0.5,0,"[0.14234, 0.324409, 0.130255, 0.251296, 0.1517]"
Actor,client,99,1821,3,MR,attack_member,evaluation,2,1,0.2425810694694519,0,0.6948522925376892,False,3,0.3333333333333333,0,"[0.177016, 0.269415, 0.110937, 0.239077, 0.203556]"
Actor,client,99,1830,3,MR,attack_member,evaluation,0,1,0.5152798295021057,0,0.5510123372077942,False,1,0.0,0,"[0.183865, 0.192252, 0.253842, 0.161144, 0.208898]"
Actor,client,99,1837,3,MR,attack_member,evaluation,2,1,0.6318949460983276,0,0.6948522925376892,False,1,0.0,0,"[0.228464, 0.074661, 0.293772, 0.061544, 0.341559]"
Actor,client,99,1858,3,MR,attack_member,evaluation,4,1,0.6253753900527954,0,0.6842027902603149,False,3,0.0,1,"[0.123384, 0.156811, 0.125514, 0.237669, 0.356622]"
Actor,client,99,1923,3,MR,attack_member,evaluation,2,1,0.5276693105697632,0,0.6948522925376892,False,0,,1,"[0.18525, 0.25548, 0.263127, 0.197119, 0.099023]"
Actor,client,99,1943,3,MR,attack_member,evaluation,2,1,0.38953229784965515,0,0.6948522925376892,False,1,0.0,0,"[0.181818, 0.192463, 0.189919, 0.192855, 0.242945]"
Actor,client,99,1947,3,MR,attack_member,evaluation,1,1,0.779646635055542,1,0.5864935517311096,False,1,0.0,1,"[0.140471, 0.337717, 0.144757, 0.214219, 0.162837]"
Actor,client,99,1963,3,MR,attack_member,evaluation,0,1,0.4436343014240265,0,0.5510123372077942,False,1,0.0,0,"[0.160111, 0.209983, 0.216776, 0.223894, 0.189236]"
Actor,client,99,1985,3,MR,attack_member,evaluation,2,1,0.6072973012924194,0,0.6948522925376892,False,0,,0,"[0.042011, 0.067667, 0.314328, 0.325607, 0.250386]"
Actor,client,99,2065,3,MR,attack_member,evaluation,3,1,0.4176345467567444,0,0.5564348697662354,False,2,0.0,0,"[0.14799, 0.261756, 0.252553, 0.215376, 0.122325]"
Actor,client,99,2102,3,MR,attack_member,evaluation,0,1,0.49686503410339355,0,0.5510123372077942,False,1,0.0,0,"[0.182322, 0.218616, 0.18912, 0.218917, 0.191025]"
Actor,client,99,2124,3,MR,attack_member,evaluation,1,1,0.7685674428939819,1,0.5864935517311096,False,0,,1,"[0.148929, 0.331565, 0.185473, 0.196739, 0.137294]"
Actor,client,99,2145,3,MR,attack_member,evaluation,2,1,0.4336817264556885,0,0.6948522925376892,False,2,0.0,0,"[0.179737, 0.237144, 0.214421, 0.199214, 0.169483]"
Actor,client,99,2189,3,MR,attack_member,evaluation,0,1,0.2572099566459656,0,0.5510123372077942,False,0,,0,"[0.103404, 0.307345, 0.18702, 0.251536, 0.150695]"
Actor,client,99,2212,3,MR,attack_member,evaluation,1,1,0.33183538913726807,0,0.5864935517311096,False,14,0.14285714285714285,0,"[0.075847, 0.152068, 0.110628, 0.240774, 0.420683]"
Actor,client,99,2261,3,MR,attack_member,evaluation,4,1,0.5837979316711426,0,0.6842027902603149,False,2,0.0,1,"[0.124696, 0.194817, 0.233265, 0.18313, 0.264092]"
Actor,client,99,2299,3,MR,attack_member,evaluation,0,1,0.45480969548225403,0,0.5510123372077942,False,0,,0,"[0.17823, 0.246998, 0.232087, 0.240098, 0.102587]"
Actor,client,99,2337,3,MR,attack_member,evaluation,4,1,0.25915148854255676,0,0.6842027902603149,False,4,0.0,0,"[0.140143, 0.154733, 0.220465, 0.330902, 0.153757]"
Actor,client,99,2369,3,MR,attack_member,evaluation,2,1,0.26342570781707764,0,0.6948522925376892,False,2,0.0,0,"[0.178284, 0.258522, 0.128638, 0.254818, 0.179738]"
Actor,client,99,2403,3,MR,attack_member,evaluation,1,1,0.3200719654560089,0,0.5864935517311096,False,7,0.14285714285714285,0,"[0.115962, 0.130277, 0.204042, 0.293038, 0.256681]"
Actor,client,99,2490,3,MR,attack_member,evaluation,4,1,0.5828004479408264,0,0.6842027902603149,False,0,,1,"[0.217687, 0.080416, 0.150459, 0.221062, 0.330376]"
Actor,client,99,2514,3,MR,attack_member,evaluation,4,1,0.581032931804657,0,0.6842027902603149,False,0,,1,"[0.070912, 0.176227, 0.179915, 0.258287, 0.31466]"
Actor,client,99,2517,3,MR,attack_member,evaluation,1,1,0.8201392292976379,1,0.5864935517311096,False,0,,1,"[0.154608, 0.367335, 0.214, 0.170949, 0.093109]"
Actor,client,99,2543,3,MR,attack_member,evaluation,3,1,0.831045389175415,1,0.5564348697662354,False,3,0.0,1,"[0.008188, 0.056315, 0.066097, 0.634775, 0.234624]"
Actor,client,99,2607,3,MR,attack_member,evaluation,3,1,0.5554362535476685,0,0.5564348697662354,False,5,0.4,1,"[0.133842, 0.150068, 0.209092, 0.3141, 0.192899]"
Actor,client,99,2619,3,MR,attack_member,evaluation,2,1,0.5817850828170776,0,0.6948522925376892,False,0,,0,"[0.082943, 0.276755, 0.27082, 0.157708, 0.211774]"
Actor,client,99,2668,3,MR,attack_member,evaluation,3,1,0.3992379307746887,0,0.5564348697662354,False,2,0.5,0,"[0.148591, 0.23604, 0.204379, 0.205237, 0.205753]"
Actor,client,99,2677,3,MR,attack_member,evaluation,3,1,0.45348554849624634,0,0.5564348697662354,False,2,0.5,0,"[0.141957, 0.163481, 0.203301, 0.239877, 0.251384]"
Actor,client,99,2699,3,MR,attack_member,evaluation,2,1,0.4038771688938141,0,0.6948522925376892,False,5,0.0,0,"[0.112085, 0.263078, 0.192334, 0.20553, 0.226974]"
Actor,client,99,2709,3,MR,attack_member,evaluation,1,1,0.6815650463104248,1,0.5864935517311096,False,0,,1,"[0.167827, 0.284787, 0.250136, 0.176258, 0.120992]"
Actor,client,99,2748,3,MR,attack_member,evaluation,2,1,0.34683874249458313,0,0.6948522925376892,False,1,0.0,0,"[0.05893, 0.077057, 0.183527, 0.341008, 0.339477]"
Actor,client,99,2763,3,MR,attack_member,evaluation,2,1,0.3580043613910675,0,0.6948522925376892,False,1,0.0,0,"[0.152316, 0.146479, 0.183067, 0.257912, 0.260225]"
Actor,client,99,2767,3,MR,attack_member,evaluation,1,1,0.4768826365470886,0,0.5864935517311096,False,3,0.3333333333333333,0,"[0.098549, 0.208712, 0.249186, 0.236906, 0.206646]"
Actor,client,99,2802,3,MR,attack_member,evaluation,4,1,0.5100589990615845,0,0.6842027902603149,False,6,0.5,0,"[0.116472, 0.083052, 0.168782, 0.317228, 0.314465]"
Actor,client,99,2827,3,MR,attack_member,evaluation,2,1,0.60719895362854,0,0.6948522925376892,False,2,0.0,1,"[0.205575, 0.184236, 0.294611, 0.138669, 0.176908]"
Actor,client,99,2857,3,MR,attack_member,evaluation,3,1,0.5400949120521545,0,0.5564348697662354,False,13,0.38461538461538464,0,"[0.031913, 0.062214, 0.082756, 0.345309, 0.477808]"
Actor,client,99,2890,3,MR,attack_member,evaluation,3,1,0.687797486782074,1,0.5564348697662354,False,0,,1,"[0.066517, 0.156601, 0.243724, 0.439113, 0.094046]"
Actor,client,99,2896,3,MR,attack_member,evaluation,3,1,0.5179567337036133,0,0.5564348697662354,False,4,0.0,1,"[0.137971, 0.208585, 0.154943, 0.298882, 0.199619]"
Actor,client,99,2915,3,MR,attack_member,evaluation,4,1,0.37324345111846924,0,0.6842027902603149,False,4,0.75,0,"[0.117605, 0.130882, 0.129317, 0.376228, 0.245969]"
Actor,client,99,2947,3,MR,attack_member,evaluation,3,1,0.4863990545272827,0,0.5564348697662354,False,1,0.0,1,"[0.091215, 0.239062, 0.160627, 0.294626, 0.21447]"
Actor,client,99,3026,3,MR,attack_member,evaluation,3,1,0.47026902437210083,0,0.5564348697662354,False,1,1.0,1,"[0.129089, 0.193777, 0.167763, 0.264235, 0.245136]"
Actor,client,99,3029,3,MR,attack_member,evaluation,0,1,0.307137131690979,0,0.5510123372077942,False,3,0.0,0,"[0.077282, 0.128838, 0.1969, 0.310362, 0.286618]"
Actor,client,99,3031,3,MR,attack_member,evaluation,1,1,0.45591112971305847,0,0.5864935517311096,False,3,0.0,0,"[0.135943, 0.183456, 0.176153, 0.282512, 0.221936]"
Actor,client,99,3033,3,MR,attack_member,evaluation,2,1,0.42967402935028076,0,0.6948522925376892,False,1,0.0,0,"[0.159973, 0.183302, 0.21998, 0.246787, 0.189959]"
Actor,client,99,3037,3,MR,attack_member,evaluation,3,1,0.5622377991676331,1,0.5564348697662354,False,0,,1,"[0.029027, 0.059604, 0.310125, 0.332562, 0.268682]"
Actor,client,99,3039,3,MR,attack_member,evaluation,4,1,0.5887677669525146,0,0.6842027902603149,False,3,0.0,1,"[0.119462, 0.091485, 0.086384, 0.303106, 0.399563]"
Actor,client,99,3081,3,MR,attack_member,evaluation,4,1,0.38236311078071594,0,0.6842027902603149,False,1,0.0,0,"[0.135395, 0.18479, 0.166972, 0.303055, 0.209788]"
Actor,client,99,3092,3,MR,attack_member,evaluation,4,1,0.7229641675949097,1,0.6842027902603149,False,0,,1,"[0.0004, 0.004489, 0.018931, 0.025164, 0.951016]"
Actor,client,99,3130,3,MR,attack_member,evaluation,2,1,0.4157102704048157,0,0.6948522925376892,False,3,0.0,0,"[0.119231, 0.209471, 0.217698, 0.292333, 0.161267]"
Actor,client,99,3140,3,MR,attack_member,evaluation,1,1,0.6714320182800293,1,0.5864935517311096,False,0,,1,"[0.170823, 0.278928, 0.224866, 0.177425, 0.147958]"
Actor,client,99,3262,3,MR,attack_member,evaluation,3,1,0.48975032567977905,0,0.5564348697662354,False,1,0.0,1,"[0.110843, 0.207396, 0.241398, 0.276239, 0.164124]"
Actor,client,99,3274,3,MR,attack_member,evaluation,1,1,0.7325076460838318,1,0.5864935517311096,False,2,0.0,1,"[0.115423, 0.310213, 0.12596, 0.26524, 0.183164]"
Actor,client,99,3302,3,MR,attack_member,evaluation,4,1,0.27063509821891785,0,0.6842027902603149,False,4,0.0,0,"[0.09651, 0.313272, 0.252011, 0.223577, 0.114631]"
Actor,client,99,3324,3,MR,attack_member,evaluation,1,1,0.42673054337501526,0,0.5864935517311096,False,2,0.0,0,"[0.24127, 0.153077, 0.14732, 0.218008, 0.240325]"
Actor,client,99,3332,3,MR,attack_member,evaluation,4,1,0.5771273374557495,0,0.6842027902603149,False,5,0.4,1,"[0.157616, 0.198817, 0.117456, 0.233128, 0.292982]"
Actor,client,99,3349,3,MR,attack_member,evaluation,4,1,0.5572256445884705,0,0.6842027902603149,False,0,,1,"[0.027949, 0.035051, 0.086026, 0.390973, 0.460002]"
Actor,client,99,4,4,MR,attack_member,evaluation,1,1,0.5455012321472168,0,0.5864935517311096,False,2,0.5,0,"[0.159132, 0.227629, 0.234491, 0.184033, 0.194715]"
Actor,client,99,14,4,MR,attack_member,evaluation,2,1,0.39614665508270264,0,0.6948522925376892,False,3,0.3333333333333333,0,"[0.12994, 0.219396, 0.192731, 0.217427, 0.240506]"
Actor,client,99,200,4,MR,attack_member,evaluation,3,1,0.6301437020301819,1,0.5564348697662354,False,0,,1,"[0.22682, 0.156657, 0.121773, 0.351878, 0.142873]"
Actor,client,99,202,4,MR,attack_member,evaluation,2,1,0.37906187772750854,0,0.6948522925376892,False,0,,0,"[0.17048, 0.073604, 0.206013, 0.302781, 0.247122]"
Actor,client,99,239,4,MR,attack_member,evaluation,3,1,0.7119058966636658,1,0.5564348697662354,False,0,,1,"[0.076594, 0.03936, 0.151573, 0.456232, 0.276241]"
Actor,client,99,397,4,MR,attack_member,evaluation,3,1,0.855201244354248,1,0.5564348697662354,False,1,1.0,1,"[0.037304, 0.114095, 0.125447, 0.66624, 0.056915]"
Actor,client,99,413,4,MR,attack_member,evaluation,2,1,0.6849151849746704,0,0.6948522925376892,False,0,,1,"[0.132754, 0.182642, 0.335246, 0.162158, 0.1872]"
Actor,client,99,637,4,MR,attack_member,evaluation,3,1,0.3582616150379181,0,0.5564348697662354,False,0,,0,"[0.107443, 0.293029, 0.221604, 0.191666, 0.186258]"
Actor,client,99,818,4,MR,attack_member,evaluation,0,1,0.5860528945922852,1,0.5510123372077942,False,3,0.0,0,"[0.195725, 0.133833, 0.246727, 0.183896, 0.23982]"
Actor,client,99,829,4,MR,attack_member,evaluation,3,1,0.3922145962715149,0,0.5564348697662354,False,2,0.5,0,"[0.13068, 0.247004, 0.215418, 0.205809, 0.201089]"
Actor,client,99,860,4,MR,attack_member,evaluation,3,1,0.40839093923568726,0,0.5564348697662354,False,8,0.125,0,"[0.084679, 0.189405, 0.319178, 0.214245, 0.192493]"
Actor,client,99,1033,4,MR,attack_member,evaluation,3,1,0.6844354271888733,1,0.5564348697662354,False,0,,1,"[0.054379, 0.127941, 0.182676, 0.444943, 0.190061]"
Actor,client,99,1115,4,MR,attack_member,evaluation,2,1,0.4687044322490692,0,0.6948522925376892,False,1,0.0,0,"[0.154865, 0.179816, 0.226431, 0.185515, 0.253374]"
Actor,client,99,1139,4,MR,attack_member,evaluation,1,1,0.6023866534233093,1,0.5864935517311096,False,2,0.5,1,"[0.169035, 0.247768, 0.225476, 0.187507, 0.170213]"
Actor,client,99,1341,4,MR,attack_member,evaluation,4,1,0.500350832939148,0,0.6842027902603149,False,1,0.0,0,"[0.158223, 0.195959, 0.259148, 0.180107, 0.206563]"
Actor,client,99,1373,4,MR,attack_member,evaluation,3,1,0.8102999329566956,1,0.5564348697662354,False,0,,1,"[0.027521, 0.097581, 0.090074, 0.599659, 0.185165]"
Actor,client,99,1476,4,MR,attack_member,evaluation,0,1,0.5750280618667603,1,0.5510123372077942,False,1,1.0,0,"[0.208781, 0.178889, 0.288207, 0.192843, 0.131281]"
Actor,client,99,1516,4,MR,attack_member,evaluation,0,1,0.37848901748657227,0,0.5510123372077942,False,1,0.0,0,"[0.105354, 0.108143, 0.290614, 0.198195, 0.297694]"
Actor,client,99,1756,4,MR,attack_member,evaluation,4,1,0.591639518737793,0,0.6842027902603149,False,1,0.0,0,"[0.170084, 0.211454, 0.250997, 0.132016, 0.235449]"
Actor,client,99,1759,4,MR,attack_member,evaluation,3,1,0.868646502494812,1,0.5564348697662354,False,1,1.0,1,"[0.043602, 0.103428, 0.114902, 0.690749, 0.047319]"
Actor,client,99,1812,4,MR,attack_member,evaluation,0,1,0.38816919922828674,0,0.5510123372077942,False,2,0.0,0,"[0.127808, 0.194516, 0.15044, 0.246449, 0.280787]"
Actor,client,99,1899,4,MR,attack_member,evaluation,3,1,0.4890299141407013,0,0.5564348697662354,False,1,0.0,0,"[0.104523, 0.146878, 0.136047, 0.285417, 0.327133]"
Actor,client,99,1935,4,MR,attack_member,evaluation,0,1,0.4142298102378845,0,0.5510123372077942,False,3,0.3333333333333333,0,"[0.135044, 0.144581, 0.323775, 0.208134, 0.188466]"
Actor,client,99,1983,4,MR,attack_member,evaluation,3,1,0.6194145679473877,1,0.5564348697662354,False,1,0.0,1,"[0.063863, 0.114562, 0.150517, 0.390464, 0.280594]"
Actor,client,99,1993,4,MR,attack_member,evaluation,2,1,0.4761257767677307,0,0.6948522925376892,False,1,1.0,0,"[0.172038, 0.241805, 0.235162, 0.197967, 0.153028]"
Actor,client,99,2025,4,MR,attack_member,evaluation,2,1,0.39337530732154846,0,0.6948522925376892,False,3,0.0,0,"[0.100945, 0.139011, 0.203819, 0.293281, 0.262945]"
Actor,client,99,2119,4,MR,attack_member,evaluation,2,1,0.7626510858535767,1,0.6948522925376892,False,0,,1,"[0.124445, 0.159382, 0.395795, 0.206851, 0.113527]"
Actor,client,99,2170,4,MR,attack_member,evaluation,4,1,0.44990798830986023,0,0.6842027902603149,False,4,0.25,0,"[0.111165, 0.116204, 0.285314, 0.260102, 0.227214]"
Actor,client,99,2259,4,MR,attack_member,evaluation,0,1,0.4445774257183075,0,0.5510123372077942,False,2,0.0,0,"[0.152592, 0.183827, 0.226285, 0.212931, 0.224365]"
Actor,client,99,2263,4,MR,attack_member,evaluation,4,1,0.5097447037696838,0,0.6842027902603149,False,2,0.0,0,"[0.079144, 0.217757, 0.280621, 0.198822, 0.223657]"
Actor,client,99,2282,4,MR,attack_member,evaluation,2,1,0.24065348505973816,0,0.6948522925376892,False,1,0.0,0,"[0.186339, 0.084543, 0.0913, 0.151248, 0.48657]"
Actor,client,99,2427,4,MR,attack_member,evaluation,0,1,0.7876880764961243,1,0.5510123372077942,False,1,0.0,1,"[0.315432, 0.21715, 0.188636, 0.159739, 0.119043]"
Actor,client,99,2454,4,MR,attack_member,evaluation,3,1,0.4698958098888397,0,0.5564348697662354,False,3,0.6666666666666666,1,"[0.097513, 0.275723, 0.164289, 0.283972, 0.178502]"
Actor,client,99,2480,4,MR,attack_member,evaluation,1,1,0.17343902587890625,0,0.5864935517311096,False,2,0.0,0,"[0.022856, 0.059134, 0.11064, 0.381236, 0.426134]"
Actor,client,99,2577,4,MR,attack_member,evaluation,3,1,0.34663888812065125,0,0.5564348697662354,False,1,0.0,0,"[0.132539, 0.328202, 0.234226, 0.175756, 0.129277]"
Actor,client,99,2594,4,MR,attack_member,evaluation,4,1,0.6527673006057739,0,0.6842027902603149,False,3,0.6666666666666666,1,"[0.136995, 0.214535, 0.18726, 0.157006, 0.304204]"
Actor,client,99,2630,4,MR,attack_member,evaluation,3,1,0.380585640668869,0,0.5564348697662354,False,2,0.5,0,"[0.133895, 0.267058, 0.270572, 0.19071, 0.137766]"
Actor,client,99,2646,4,MR,attack_member,evaluation,4,1,0.6572117805480957,0,0.6842027902603149,False,1,1.0,1,"[0.195408, 0.130391, 0.118222, 0.177707, 0.378271]"
Actor,client,99,2690,4,MR,attack_member,evaluation,4,1,0.7216053009033203,1,0.6842027902603149,False,2,0.0,1,"[0.039855, 0.176615, 0.077999, 0.207763, 0.497768]"
Actor,client,99,2784,4,MR,attack_member,evaluation,3,1,0.3669475317001343,0,0.5564348697662354,False,1,0.0,0,"[0.145928, 0.270835, 0.221995, 0.182892, 0.17835]"
Actor,client,99,2798,4,MR,attack_member,evaluation,2,1,0.7242555022239685,1,0.6948522925376892,False,0,,1,"[0.145621, 0.152021, 0.365587, 0.180513, 0.156259]"
Actor,client,99,2942,4,MR,attack_member,evaluation,3,1,0.6042254567146301,1,0.5564348697662354,False,3,0.3333333333333333,0,"[0.011247, 0.033383, 0.073379, 0.398255, 0.483737]"
Actor,client,99,2986,4,MR,attack_member,evaluation,2,1,0.5170901417732239,0,0.6948522925376892,False,3,0.6666666666666666,1,"[0.095759, 0.239185, 0.249029, 0.206948, 0.20908]"
Actor,client,99,3116,4,MR,attack_member,evaluation,3,1,0.3769555687904358,0,0.5564348697662354,False,5,0.0,0,"[0.065364, 0.080708, 0.087107, 0.216491, 0.55033]"
Actor,client,99,3220,4,MR,attack_member,evaluation,4,1,0.5380502343177795,0,0.6842027902603149,False,4,0.0,1,"[0.106776, 0.148566, 0.193416, 0.263241, 0.288001]"
Actor,client,99,3352,4,MR,attack_member,evaluation,3,1,0.4058733880519867,0,0.5564348697662354,False,1,0.0,0,"[0.17711, 0.159962, 0.128495, 0.20248, 0.331953]"
Actor,client,99,3424,4,MR,attack_member,evaluation,2,1,0.5334326028823853,0,0.6948522925376892,False,1,0.0,1,"[0.170543, 0.218634, 0.24783, 0.120861, 0.242133]"
Actor,client,99,3519,4,MR,attack_member,evaluation,2,1,0.686474084854126,0,0.6948522925376892,False,0,,0,"[0.072427, 0.089082, 0.377121, 0.390046, 0.071324]"
Actor,client,99,3596,4,MR,attack_member,evaluation,3,1,0.40800940990448,0,0.5564348697662354,False,2,0.0,0,"[0.151384, 0.207992, 0.239138, 0.203362, 0.198123]"
Actor,client,99,3600,4,MR,attack_member,evaluation,2,1,0.5946300029754639,0,0.6948522925376892,False,0,,0,"[0.127163, 0.300514, 0.286025, 0.170906, 0.115392]"
Actor,client,99,3724,4,MR,attack_member,evaluation,1,1,0.46074560284614563,0,0.5864935517311096,False,2,0.0,0,"[0.195952, 0.183613, 0.157605, 0.182741, 0.280089]"
Actor,client,99,3746,4,MR,attack_member,evaluation,2,1,0.4395674169063568,0,0.6948522925376892,False,2,0.0,1,"[0.185727, 0.186373, 0.220828, 0.212464, 0.194609]"
Actor,client,99,3765,4,MR,attack_member,evaluation,3,1,0.752926766872406,1,0.5564348697662354,False,1,1.0,1,"[0.049465, 0.033832, 0.16357, 0.504395, 0.248739]"
Actor,client,99,3821,4,MR,attack_member,evaluation,3,1,0.49356749653816223,0,0.5564348697662354,False,1,0.0,0,"[0.108054, 0.175364, 0.335261, 0.264362, 0.116959]"
Actor,client,99,3860,4,MR,attack_member,evaluation,0,1,0.5016969442367554,0,0.5510123372077942,False,2,0.0,0,"[0.154131, 0.135409, 0.140592, 0.205258, 0.36461]"
Actor,client,99,3898,4,MR,attack_member,evaluation,1,1,0.3704397976398468,0,0.5864935517311096,False,2,0.0,0,"[0.135712, 0.156606, 0.227551, 0.228234, 0.251897]"
Actor,client,99,3918,4,MR,attack_member,evaluation,2,1,0.674257755279541,0,0.6948522925376892,False,0,,1,"[0.117536, 0.166883, 0.32392, 0.148635, 0.243025]"
Actor,client,99,3927,4,MR,attack_member,evaluation,3,1,0.3614991009235382,0,0.5564348697662354,False,1,0.0,0,"[0.173916, 0.281181, 0.180173, 0.175573, 0.189157]"
Actor,client,99,3930,4,MR,attack_member,evaluation,1,1,0.7393776774406433,1,0.5864935517311096,False,0,,1,"[0.174027, 0.313801, 0.195831, 0.161289, 0.155052]"
Actor,client,99,3998,4,MR,attack_member,evaluation,2,1,0.8986337184906006,1,0.6948522925376892,False,0,,1,"[0.066384, 0.048506, 0.520996, 0.162113, 0.202001]"
Actor,client,99,4101,4,MR,attack_member,evaluation,1,1,0.49115675687789917,0,0.5864935517311096,False,1,0.0,0,"[0.081809, 0.223312, 0.160775, 0.199749, 0.334355]"
Actor,client,99,4110,4,MR,attack_member,evaluation,2,1,0.4833684265613556,0,0.6948522925376892,False,1,0.0,0,"[0.110654, 0.19473, 0.220322, 0.145743, 0.328551]"
Actor,client,99,4172,4,MR,attack_member,evaluation,0,1,0.34773677587509155,0,0.5510123372077942,False,8,0.0,0,"[0.110945, 0.172346, 0.245078, 0.25725, 0.214382]"
Actor,client,99,4204,4,MR,attack_member,evaluation,4,1,0.6254552602767944,0,0.6842027902603149,False,0,,1,"[0.027921, 0.017115, 0.154676, 0.278528, 0.52176]"
Actor,client,99,4206,4,MR,attack_member,evaluation,0,1,0.31892597675323486,0,0.5510123372077942,False,4,0.0,0,"[0.133726, 0.336139, 0.075544, 0.229693, 0.224897]"
Actor,client,99,4350,4,MR,attack_member,evaluation,2,1,0.4974033534526825,0,0.6948522925376892,False,3,0.0,1,"[0.107707, 0.189765, 0.246119, 0.234907, 0.221501]"
Actor,client,99,4399,4,MR,attack_member,evaluation,1,1,0.6024339199066162,1,0.5864935517311096,False,4,0.0,1,"[0.130009, 0.260025, 0.214157, 0.173158, 0.222651]"
Actor,client,99,4626,4,MR,attack_member,evaluation,2,1,0.6676555275917053,0,0.6948522925376892,False,1,0.0,1,"[0.124471, 0.197723, 0.310602, 0.099613, 0.26759]"
Actor,client,99,4707,4,MR,attack_member,evaluation,2,1,0.6642947196960449,0,0.6948522925376892,False,1,0.0,0,"[0.093336, 0.140145, 0.311817, 0.133866, 0.320836]"
Actor,client,99,4724,4,MR,attack_member,evaluation,2,1,0.7027837634086609,1,0.6948522925376892,False,3,0.6666666666666666,1,"[0.079125, 0.129859, 0.360491, 0.26081, 0.169715]"
Actor,client,99,4738,4,MR,attack_member,evaluation,3,1,0.5201457738876343,0,0.5564348697662354,False,10,0.4,1,"[0.081263, 0.128242, 0.289925, 0.293668, 0.206901]"
Actor,client,99,4767,4,MR,attack_member,evaluation,4,1,0.3877473473548889,0,0.6842027902603149,False,1,0.0,0,"[0.09844, 0.046117, 0.13564, 0.428754, 0.291049]"
Actor,client,99,4772,4,MR,attack_member,evaluation,3,1,0.4530508816242218,0,0.5564348697662354,False,2,0.5,0,"[0.083835, 0.058138, 0.361887, 0.228217, 0.267923]"
Actor,client,99,4786,4,MR,attack_member,evaluation,2,1,0.4314679205417633,0,0.6948522925376892,False,0,,0,"[0.155117, 0.208035, 0.212292, 0.208563, 0.215993]"
Actor,client,99,4794,4,MR,attack_member,evaluation,2,1,0.6518293023109436,0,0.6948522925376892,False,1,0.0,1,"[0.166458, 0.194088, 0.313368, 0.131753, 0.194332]"
Actor,client,99,4827,4,MR,attack_member,evaluation,4,1,0.40792959928512573,0,0.6842027902603149,False,1,0.0,0,"[0.118306, 0.071331, 0.342217, 0.263437, 0.204709]"
Actor,client,99,4833,4,MR,attack_member,evaluation,1,1,0.43553152680397034,0,0.5864935517311096,False,2,0.0,0,"[0.222603, 0.172723, 0.286264, 0.148887, 0.169523]"
Actor,client,99,5045,4,MR,attack_member,evaluation,1,1,0.5140054225921631,0,0.5864935517311096,False,1,1.0,0,"[0.185145, 0.199738, 0.189617, 0.241245, 0.184256]"
Actor,client,99,5085,4,MR,attack_member,evaluation,4,1,0.5393223166465759,0,0.6842027902603149,False,0,,1,"[0.011921, 0.054412, 0.054979, 0.429071, 0.449616]"
Actor,client,99,5107,4,MR,attack_member,evaluation,1,1,0.4613819718360901,0,0.5864935517311096,False,2,0.0,0,"[0.166397, 0.18994, 0.239646, 0.200353, 0.203664]"
Actor,client,99,5134,4,MR,attack_member,evaluation,3,1,0.4533653259277344,0,0.5564348697662354,False,1,0.0,0,"[0.115324, 0.189313, 0.295542, 0.239544, 0.160277]"
Actor,client,99,5220,4,MR,attack_member,evaluation,4,1,0.6040754914283752,0,0.6842027902603149,False,3,0.0,1,"[0.153762, 0.212896, 0.179174, 0.178681, 0.275487]"
Actor,client,99,5227,4,MR,attack_member,evaluation,4,1,0.6180852055549622,0,0.6842027902603149,False,2,0.5,1,"[0.073695, 0.177295, 0.241458, 0.200679, 0.306872]"
Actor,client,99,5301,4,MR,attack_member,evaluation,4,1,0.5497305989265442,0,0.6842027902603149,False,1,0.0,1,"[0.133767, 0.221719, 0.215574, 0.188208, 0.240732]"
Actor,client,99,5372,4,MR,attack_member,evaluation,1,1,0.5158751010894775,0,0.5864935517311096,False,2,1.0,0,"[0.124128, 0.223783, 0.259523, 0.193627, 0.198939]"
Actor,client,99,5556,4,MR,attack_member,evaluation,3,1,0.40911293029785156,0,0.5564348697662354,False,0,,0,"[0.06842, 0.260959, 0.276213, 0.233244, 0.161164]"
Actor,client,99,5567,4,MR,attack_member,evaluation,2,1,0.5635929107666016,0,0.6948522925376892,False,1,0.0,1,"[0.116039, 0.102994, 0.284154, 0.250961, 0.245852]"
Actor,client,99,5568,4,MR,attack_member,evaluation,2,1,0.6353147029876709,0,0.6948522925376892,False,0,,1,"[0.171798, 0.259216, 0.310163, 0.154818, 0.104005]"
Actor,client,99,5576,4,MR,attack_member,evaluation,3,1,0.3976794481277466,0,0.5564348697662354,False,1,0.0,0,"[0.113561, 0.187275, 0.303216, 0.198229, 0.19772]"
Actor,client,99,5588,4,MR,attack_member,evaluation,4,1,0.5144124031066895,0,0.6842027902603149,False,1,1.0,0,"[0.129519, 0.167131, 0.145903, 0.279061, 0.278386]"
Actor,client,99,5780,4,MR,attack_member,evaluation,4,1,0.6090819835662842,0,0.6842027902603149,False,4,0.5,1,"[0.061009, 0.065975, 0.157345, 0.28901, 0.426661]"
Actor,client,99,5956,4,MR,attack_member,evaluation,2,1,0.6152293682098389,0,0.6948522925376892,False,4,0.5,1,"[0.140026, 0.210166, 0.308413, 0.218969, 0.122426]"
Actor,client,99,5960,4,MR,attack_member,evaluation,1,1,0.7171093225479126,1,0.5864935517311096,False,1,0.0,1,"[0.075432, 0.323031, 0.203449, 0.198938, 0.19915]"
Actor,client,99,6026,4,MR,attack_member,evaluation,0,1,0.5990050435066223,1,0.5510123372077942,False,3,0.3333333333333333,1,"[0.222586, 0.213044, 0.209377, 0.177759, 0.177233]"
Actor,client,99,6087,4,MR,attack_member,evaluation,1,1,0.4423346519470215,0,0.5864935517311096,False,4,0.0,0,"[0.089325, 0.190678, 0.27647, 0.286517, 0.15701]"
Actor,client,99,6251,4,MR,attack_member,evaluation,4,1,0.4500093162059784,0,0.6842027902603149,False,2,0.0,0,"[0.146559, 0.118874, 0.310563, 0.220603, 0.2034]"
Actor,client,99,6308,4,MR,attack_member,evaluation,2,1,0.6237941980361938,0,0.6948522925376892,False,2,1.0,1,"[0.076313, 0.1605, 0.305101, 0.219071, 0.239016]"
Actor,client,99,6448,4,MR,attack_member,evaluation,4,1,0.46771764755249023,0,0.6842027902603149,False,1,0.0,0,"[0.080021, 0.044711, 0.130971, 0.401866, 0.342431]"
Actor,client,99,6460,4,MR,attack_member,evaluation,2,1,0.5203424096107483,0,0.6948522925376892,False,1,0.0,1,"[0.170063, 0.164225, 0.255001, 0.187567, 0.223144]"
Actor,client,99,6472,4,MR,attack_member,evaluation,2,1,0.3492414653301239,0,0.6948522925376892,False,1,0.0,0,"[0.175482, 0.226204, 0.159653, 0.157407, 0.281254]"
Actor,client,99,6570,4,MR,attack_member,evaluation,4,1,0.5584281086921692,0,0.6842027902603149,False,3,0.0,1,"[0.134496, 0.211067, 0.196371, 0.202049, 0.256018]"
Actor,client,99,6670,4,MR,attack_member,evaluation,4,1,0.4045562744140625,0,0.6842027902603149,False,1,0.0,0,"[0.111611, 0.179653, 0.329765, 0.207915, 0.171057]"
Actor,client,99,6744,4,MR,attack_member,evaluation,4,1,0.6997390985488892,1,0.6842027902603149,False,0,,1,"[0.053932, 0.02493, 0.039374, 0.109766, 0.771997]"
Actor,client,99,6754,4,MR,attack_member,evaluation,1,1,0.5723810195922852,0,0.5864935517311096,False,0,,0,"[0.10925, 0.252487, 0.281861, 0.18069, 0.175713]"
Actor,client,99,6796,4,MR,attack_member,evaluation,3,1,0.41514235734939575,0,0.5564348697662354,False,5,0.0,0,"[0.150973, 0.197844, 0.226604, 0.20937, 0.215209]"
Actor,client,99,6814,4,MR,attack_member,evaluation,2,1,0.6171316504478455,0,0.6948522925376892,False,1,0.0,1,"[0.081509, 0.043502, 0.318235, 0.297629, 0.259125]"
Actor,client,99,6902,4,MR,attack_member,evaluation,3,1,0.6397826075553894,1,0.5564348697662354,False,2,0.5,1,"[0.08796, 0.116558, 0.097995, 0.40576, 0.291727]"
Actor,client,99,6928,4,MR,attack_member,evaluation,4,1,0.6180852055549622,0,0.6842027902603149,False,2,0.5,1,"[0.073695, 0.177295, 0.241458, 0.200679, 0.306872]"
Actor,client,99,7075,4,MR,attack_member,evaluation,1,1,0.3636592924594879,0,0.5864935517311096,False,4,0.0,0,"[0.088455, 0.185696, 0.119274, 0.082574, 0.524001]"
Actor,client,99,7118,4,MR,attack_member,evaluation,2,1,0.6044211983680725,0,0.6948522925376892,False,3,0.0,1,"[0.1598, 0.156381, 0.298637, 0.191512, 0.19367]"
Actor,client,99,7145,4,MR,attack_member,evaluation,3,1,0.5022340416908264,0,0.5564348697662354,False,4,0.25,0,"[0.085725, 0.121819, 0.377691, 0.267323, 0.147442]"
Actor,client,99,47,6,MR,attack_member,evaluation,4,1,0.5737826824188232,0,0.6842027902603149,False,2,0.5,1,"[0.15039, 0.166937, 0.148878, 0.23599, 0.297803]"
Actor,client,99,111,6,MR,attack_member,evaluation,3,1,0.4480307102203369,0,0.5564348697662354,False,1,0.0,0,"[0.137775, 0.147262, 0.210684, 0.23474, 0.269539]"
Actor,client,99,140,6,MR,attack_member,evaluation,2,1,0.4835740029811859,0,0.6948522925376892,False,0,,0,"[0.087333, 0.164892, 0.26524, 0.369468, 0.113066]"
Actor,client,99,252,6,MR,attack_member,evaluation,4,1,0.6917988061904907,1,0.6842027902603149,False,1,1.0,1,"[0.031732, 0.039947, 0.04847, 0.164918, 0.714933]"
Actor,client,99,273,6,MR,attack_member,evaluation,1,1,0.5727864503860474,0,0.5864935517311096,False,1,0.0,1,"[0.177421, 0.234507, 0.229397, 0.179492, 0.179184]"
Actor,client,99,565,6,MR,attack_member,evaluation,3,1,0.37308594584465027,0,0.5564348697662354,False,4,0.25,0,"[0.116087, 0.213731, 0.268761, 0.185987, 0.215434]"
Actor,client,99,596,6,MR,attack_member,evaluation,4,1,0.5986805558204651,0,0.6842027902603149,False,2,0.0,1,"[0.091366, 0.088172, 0.231648, 0.240823, 0.34799]"
Actor,client,99,600,6,MR,attack_member,evaluation,3,1,0.7332227826118469,1,0.5564348697662354,False,1,1.0,1,"[0.117202, 0.098374, 0.109833, 0.475724, 0.198867]"
Actor,client,99,642,6,MR,attack_member,evaluation,4,1,0.7349080443382263,1,0.6842027902603149,False,0,,1,"[0.015473, 0.023969, 0.061348, 0.020646, 0.878564]"
Actor,client,99,693,6,MR,attack_member,evaluation,2,1,0.5883083939552307,0,0.6948522925376892,False,4,0.25,1,"[0.112021, 0.161633, 0.280413, 0.173341, 0.272592]"
Actor,client,99,771,6,MR,attack_member,evaluation,0,1,0.41377347707748413,0,0.5510123372077942,False,2,0.5,0,"[0.146793, 0.190901, 0.293413, 0.206944, 0.161948]"
Actor,client,99,851,6,MR,attack_member,evaluation,0,1,0.3594265580177307,0,0.5510123372077942,False,14,0.14285714285714285,0,"[0.120219, 0.187942, 0.245929, 0.23922, 0.206689]"
Actor,client,99,885,6,MR,attack_member,evaluation,4,1,0.5162820219993591,0,0.6842027902603149,False,2,0.0,0,"[0.174347, 0.179485, 0.280383, 0.160561, 0.205225]"
Actor,client,99,941,6,MR,attack_member,evaluation,0,1,0.5686618685722351,1,0.5510123372077942,False,5,0.4,0,"[0.185451, 0.123702, 0.250163, 0.182019, 0.258665]"
Actor,client,99,1053,6,MR,attack_member,evaluation,2,1,0.9059700965881348,1,0.6948522925376892,False,1,0.0,1,"[0.013745, 0.086264, 0.543172, 0.235597, 0.121222]"
Actor,client,99,1118,6,MR,attack_member,evaluation,3,1,0.4694499373435974,0,0.5564348697662354,False,2,1.0,1,"[0.139434, 0.192631, 0.234709, 0.25114, 0.182085]"
Actor,client,99,1181,6,MR,attack_member,evaluation,2,1,0.6628836393356323,0,0.6948522925376892,False,0,,1,"[0.141889, 0.052609, 0.351901, 0.300485, 0.153116]"
Actor,client,99,1328,6,MR,attack_member,evaluation,4,1,0.5021305084228516,0,0.6842027902603149,False,2,0.0,0,"[0.122162, 0.299337, 0.196317, 0.177036, 0.205147]"
Actor,client,99,1407,6,MR,attack_member,evaluation,4,1,0.42676734924316406,0,0.6842027902603149,False,3,0.0,0,"[0.144047, 0.159898, 0.224017, 0.260668, 0.21137]"
Actor,client,99,1436,6,MR,attack_member,evaluation,4,1,0.7092407941818237,1,0.6842027902603149,False,4,0.0,1,"[0.079965, 0.173778, 0.174919, 0.163575, 0.407763]"
Actor,client,99,1704,6,MR,attack_member,evaluation,2,1,0.4679541289806366,0,0.6948522925376892,False,2,0.5,1,"[0.160579, 0.224328, 0.236083, 0.228658, 0.150352]"
Actor,client,99,1761,6,MR,attack_member,evaluation,0,1,0.5983201861381531,1,0.5510123372077942,False,4,0.5,0,"[0.197126, 0.129398, 0.180936, 0.237428, 0.255112]"
Actor,client,99,1776,6,MR,attack_member,evaluation,4,1,0.4057619869709015,0,0.6842027902603149,False,2,0.0,0,"[0.169478, 0.171535, 0.200754, 0.260069, 0.198164]"
Actor,client,99,1815,6,MR,attack_member,evaluation,0,1,0.5573642253875732,1,0.5510123372077942,False,0,,0,"[0.195209, 0.15681, 0.288783, 0.20559, 0.153607]"
Actor,client,99,1839,6,MR,attack_member,evaluation,2,1,0.5453663468360901,0,0.6948522925376892,False,1,0.0,1,"[0.118374, 0.126038, 0.279195, 0.270204, 0.206189]"
Actor,client,99,1849,6,MR,attack_member,evaluation,2,1,0.5044447183609009,0,0.6948522925376892,False,1,1.0,0,"[0.136869, 0.157861, 0.244127, 0.193251, 0.267893]"
Actor,client,99,2018,6,MR,attack_member,evaluation,4,1,0.47237956523895264,0,0.6842027902603149,False,10,0.2,0,"[0.128621, 0.182182, 0.226092, 0.238237, 0.224868]"
Actor,client,99,2037,6,MR,attack_member,evaluation,4,1,0.45514124631881714,0,0.6842027902603149,False,3,0.6666666666666666,0,"[0.151234, 0.26052, 0.148039, 0.231086, 0.209121]"
Actor,client,99,2051,6,MR,attack_member,evaluation,3,1,0.3925914466381073,0,0.5564348697662354,False,3,0.0,0,"[0.16418, 0.219372, 0.20821, 0.192696, 0.215543]"
Actor,client,99,2092,6,MR,attack_member,evaluation,3,1,0.3842085599899292,0,0.5564348697662354,False,1,0.0,0,"[0.204006, 0.234392, 0.219529, 0.172722, 0.169351]"
Actor,client,99,2094,6,MR,attack_member,evaluation,4,1,0.6455844640731812,0,0.6842027902603149,False,1,0.0,1,"[0.192154, 0.183106, 0.129082, 0.172299, 0.323359]"
Actor,client,99,2142,6,MR,attack_member,evaluation,1,1,0.5468994379043579,0,0.5864935517311096,False,4,0.0,1,"[0.157465, 0.224689, 0.205072, 0.209869, 0.202905]"
Actor,client,99,2380,6,MR,attack_member,evaluation,3,1,0.48937156796455383,0,0.5564348697662354,False,0,,0,"[0.081584, 0.157711, 0.280034, 0.275792, 0.204878]"
Actor,client,99,2697,6,MR,attack_member,evaluation,1,1,0.7939104437828064,1,0.5864935517311096,False,0,,1,"[0.264885, 0.31719, 0.146746, 0.188917, 0.082262]"
Actor,client,99,2707,6,MR,attack_member,evaluation,0,1,0.6028410792350769,1,0.5510123372077942,False,2,0.0,0,"[0.207885, 0.148345, 0.240991, 0.203048, 0.19973]"
Actor,client,99,2803,6,MR,attack_member,evaluation,2,1,0.5516140460968018,0,0.6948522925376892,False,3,0.3333333333333333,1,"[0.090766, 0.1512, 0.273909, 0.245014, 0.239111]"
Actor,client,99,2804,6,MR,attack_member,evaluation,4,1,0.5600625276565552,0,0.6842027902603149,False,2,0.5,1,"[0.141332, 0.158936, 0.211361, 0.215623, 0.272747]"
Actor,client,99,2805,6,MR,attack_member,evaluation,3,1,0.4166620373725891,0,0.5564348697662354,False,1,0.0,0,"[0.153012, 0.177081, 0.257392, 0.203633, 0.208882]"
Actor,client,99,2806,6,MR,attack_member,evaluation,3,1,0.6269428133964539,1,0.5564348697662354,False,1,0.0,1,"[0.083364, 0.190815, 0.10944, 0.403984, 0.212397]"
Actor,client,99,2813,6,MR,attack_member,evaluation,3,1,0.5761144757270813,1,0.5564348697662354,False,0,,1,"[0.080935, 0.069766, 0.273577, 0.33064, 0.245083]"
Actor,client,99,2836,6,MR,attack_member,evaluation,4,1,0.5502334237098694,0,0.6842027902603149,False,2,1.0,1,"[0.145866, 0.127271, 0.196436, 0.241823, 0.288604]"
Actor,client,99,2848,6,MR,attack_member,evaluation,0,1,0.3649950325489044,0,0.5510123372077942,False,3,0.0,0,"[0.13131, 0.213354, 0.283324, 0.195673, 0.176339]"
Actor,client,99,2888,6,MR,attack_member,evaluation,2,1,0.32324081659317017,0,0.6948522925376892,False,1,0.0,0,"[0.158345, 0.265027, 0.161969, 0.247612, 0.167047]"
Actor,client,99,2889,6,MR,attack_member,evaluation,2,1,0.577728807926178,0,0.6948522925376892,False,2,0.0,1,"[0.132836, 0.185622, 0.284651, 0.207129, 0.189762]"
Actor,client,99,2981,6,MR,attack_member,evaluation,3,1,0.44895967841148376,0,0.5564348697662354,False,2,0.5,0,"[0.241083, 0.196508, 0.159265, 0.211789, 0.191355]"
Actor,client,99,3025,6,MR,attack_member,evaluation,1,1,0.41735509037971497,0,0.5864935517311096,False,2,0.0,0,"[0.12745, 0.174821, 0.235657, 0.253584, 0.208488]"
Actor,client,99,3129,6,MR,attack_member,evaluation,3,1,0.42545175552368164,0,0.5564348697662354,False,0,,0,"[0.088313, 0.178686, 0.12584, 0.249712, 0.357449]"
Actor,client,99,3156,6,MR,attack_member,evaluation,0,1,0.48054179549217224,0,0.5510123372077942,False,0,,0,"[0.170886, 0.207207, 0.112229, 0.315908, 0.19377]"
Actor,client,99,3204,6,MR,attack_member,evaluation,3,1,0.7630400061607361,1,0.5564348697662354,False,2,0.5,1,"[0.05191, 0.038715, 0.030531, 0.533422, 0.345422]"
Actor,client,99,3219,6,MR,attack_member,evaluation,4,1,0.4936968684196472,0,0.6842027902603149,False,5,0.2,1,"[0.137317, 0.206936, 0.199631, 0.226537, 0.229579]"
Actor,client,99,3238,6,MR,attack_member,evaluation,0,1,0.4023400545120239,0,0.5510123372077942,False,0,,0,"[0.159814, 0.275674, 0.114028, 0.320165, 0.130319]"
Actor,client,99,3258,6,MR,attack_member,evaluation,1,1,0.5498870015144348,0,0.5864935517311096,False,5,0.2,1,"[0.138247, 0.233584, 0.233069, 0.192908, 0.202192]"
Actor,client,99,3291,6,MR,attack_member,evaluation,3,1,0.425973117351532,0,0.5564348697662354,False,3,0.0,0,"[0.10914, 0.201817, 0.239113, 0.230465, 0.219464]"
Actor,client,99,3322,6,MR,attack_member,evaluation,2,1,0.5956655740737915,0,0.6948522925376892,False,1,0.0,1,"[0.151168, 0.232982, 0.281168, 0.134399, 0.200283]"
Actor,client,99,3329,6,MR,attack_member,evaluation,1,1,0.5880380868911743,1,0.5864935517311096,False,1,0.0,1,"[0.145249, 0.24167, 0.238457, 0.233152, 0.141471]"
Actor,client,99,3543,6,MR,attack_member,evaluation,0,1,0.4103441834449768,0,0.5510123372077942,False,10,0.1,0,"[0.12567, 0.163541, 0.147996, 0.208959, 0.353833]"
Actor,client,99,3688,6,MR,attack_member,evaluation,3,1,0.5289123058319092,0,0.5564348697662354,False,1,0.0,1,"[0.144213, 0.122738, 0.154323, 0.295524, 0.283202]"
Actor,client,99,3887,6,MR,attack_member,evaluation,4,1,0.442167192697525,0,0.6842027902603149,False,1,0.0,0,"[0.1343, 0.182889, 0.231812, 0.241738, 0.209261]"
Actor,client,99,3967,6,MR,attack_member,evaluation,1,1,0.8482958674430847,1,0.5864935517311096,False,0,,1,"[0.126663, 0.393065, 0.172628, 0.194996, 0.112648]"
Actor,client,99,4001,6,MR,attack_member,evaluation,4,1,0.6868327260017395,1,0.6842027902603149,False,1,0.0,1,"[0.09314, 0.146256, 0.147144, 0.192879, 0.42058]"
Actor,client,99,4029,6,MR,attack_member,evaluation,4,1,0.700793981552124,1,0.6842027902603149,False,17,0.29411764705882354,1,"[0.044604, 0.14923, 0.157726, 0.20026, 0.44818]"
Actor,client,99,4127,6,MR,attack_member,evaluation,1,1,0.503082811832428,0,0.5864935517311096,False,0,,0,"[0.155117, 0.208035, 0.212292, 0.208563, 0.215993]"
Actor,client,99,4150,6,MR,attack_member,evaluation,4,1,0.6264618635177612,0,0.6842027902603149,False,0,,1,"[0.12992, 0.21623, 0.140703, 0.202322, 0.310824]"
Actor,client,99,4214,6,MR,attack_member,evaluation,4,1,0.5987824201583862,0,0.6842027902603149,False,1,1.0,1,"[0.104237, 0.077421, 0.14061, 0.280087, 0.397645]"
Actor,client,99,4357,6,MR,attack_member,evaluation,3,1,0.5898326635360718,1,0.5564348697662354,False,1,0.0,1,"[0.151667, 0.217522, 0.171188, 0.34628, 0.113343]"
Actor,client,99,4428,6,MR,attack_member,evaluation,3,1,0.4419407844543457,0,0.5564348697662354,False,3,0.6666666666666666,0,"[0.141075, 0.189388, 0.184948, 0.236931, 0.247658]"
Actor,client,99,4438,6,MR,attack_member,evaluation,1,1,0.6187418699264526,1,0.5864935517311096,False,1,0.0,1,"[0.16273, 0.250461, 0.227912, 0.229003, 0.129894]"
Actor,client,99,4552,6,MR,attack_member,evaluation,1,1,0.7623933553695679,1,0.5864935517311096,False,2,0.5,1,"[0.104765, 0.340466, 0.258171, 0.194718, 0.101881]"
Actor,client,99,4657,6,MR,attack_member,evaluation,0,1,0.824292004108429,1,0.5510123372077942,False,0,,1,"[0.298672, 0.093407, 0.10918, 0.223458, 0.275283]"
Actor,client,99,4702,6,MR,attack_member,evaluation,1,1,0.5483861565589905,0,0.5864935517311096,False,2,0.5,0,"[0.181499, 0.221636, 0.262381, 0.195435, 0.13905]"
Actor,client,99,4888,6,MR,attack_member,evaluation,4,1,0.6642322540283203,0,0.6842027902603149,False,1,1.0,1,"[0.119808, 0.121362, 0.116744, 0.214442, 0.427644]"
Actor,client,99,4925,6,MR,attack_member,evaluation,4,1,0.4984011650085449,0,0.6842027902603149,False,1,0.0,0,"[0.076878, 0.150407, 0.209381, 0.288864, 0.27447]"
Actor,client,99,4958,6,MR,attack_member,evaluation,4,1,0.23670454323291779,0,0.6842027902603149,False,1,0.0,0,"[0.12751, 0.10027, 0.079251, 0.479262, 0.213707]"
Actor,client,99,5147,6,MR,attack_member,evaluation,0,1,0.2898798882961273,0,0.5510123372077942,False,3,0.0,0,"[0.095929, 0.235194, 0.153487, 0.260088, 0.255302]"
Actor,client,99,5169,6,MR,attack_member,evaluation,4,1,0.7115745544433594,1,0.6842027902603149,False,0,,1,"[0.026472, 0.142054, 0.185668, 0.185627, 0.460178]"
Actor,client,99,5215,6,MR,attack_member,evaluation,4,1,0.5496817231178284,0,0.6842027902603149,False,1,0.0,0,"[0.196669, 0.237843, 0.219838, 0.137125, 0.208526]"
Actor,client,99,5237,6,MR,attack_member,evaluation,3,1,0.5501571297645569,0,0.5564348697662354,False,0,,1,"[0.025849, 0.203752, 0.02561, 0.377863, 0.366926]"
Actor,client,99,5257,6,MR,attack_member,evaluation,3,1,0.45576921105384827,0,0.5564348697662354,False,5,0.4,1,"[0.121968, 0.187389, 0.242134, 0.245777, 0.202731]"
Actor,client,99,5422,6,MR,attack_member,evaluation,4,1,0.7276890277862549,1,0.6842027902603149,False,1,0.0,1,"[0.060807, 0.248598, 0.11252, 0.175076, 0.403]"
Actor,client,99,5428,6,MR,attack_member,evaluation,4,1,0.583194375038147,0,0.6842027902603149,False,3,0.3333333333333333,1,"[0.156514, 0.196655, 0.214731, 0.174065, 0.258035]"
Actor,client,99,5497,6,MR,attack_member,evaluation,3,1,0.5920366048812866,1,0.5564348697662354,False,2,0.0,1,"[0.12951, 0.20659, 0.064532, 0.368898, 0.230471]"
Actor,client,99,5546,6,MR,attack_member,evaluation,1,1,0.5592122673988342,0,0.5864935517311096,False,1,0.0,0,"[0.084861, 0.25136, 0.198827, 0.191367, 0.273585]"
Actor,client,99,5592,6,MR,attack_member,evaluation,4,1,0.615513026714325,0,0.6842027902603149,False,6,0.16666666666666666,1,"[0.082606, 0.240222, 0.182583, 0.200796, 0.293793]"
Actor,client,99,5633,6,MR,attack_member,evaluation,3,1,0.4120160937309265,0,0.5564348697662354,False,0,,0,"[0.155117, 0.208035, 0.212292, 0.208563, 0.215993]"
Actor,client,99,5636,6,MR,attack_member,evaluation,3,1,0.3880779445171356,0,0.5564348697662354,False,9,0.3333333333333333,0,"[0.115938, 0.225428, 0.26497, 0.199081, 0.194583]"
Actor,client,99,5674,6,MR,attack_member,evaluation,2,1,0.527778148651123,0,0.6948522925376892,False,1,0.0,0,"[0.107965, 0.174654, 0.274271, 0.294216, 0.148894]"
Actor,client,99,5681,6,MR,attack_member,evaluation,3,1,0.4367004334926605,0,0.5564348697662354,False,2,0.0,0,"[0.168629, 0.153531, 0.259644, 0.210168, 0.208029]"
Actor,client,99,5702,6,MR,attack_member,evaluation,2,1,0.46198830008506775,0,0.6948522925376892,False,1,0.0,0,"[0.078162, 0.067082, 0.21025, 0.169326, 0.47518]"
Actor,client,99,5770,6,MR,attack_member,evaluation,0,1,0.37571728229522705,0,0.5510123372077942,False,1,0.0,0,"[0.104032, 0.119121, 0.199977, 0.269945, 0.306925]"
Actor,client,99,5897,6,MR,attack_member,evaluation,2,1,0.4553760588169098,0,0.6948522925376892,False,1,1.0,0,"[0.123755, 0.205326, 0.231398, 0.257608, 0.181913]"
Actor,client,99,5909,6,MR,attack_member,evaluation,1,1,0.6342204809188843,1,0.5864935517311096,False,0,,0,"[0.093097, 0.274016, 0.2773, 0.241693, 0.113893]"
Actor,client,99,5995,6,MR,attack_member,evaluation,3,1,0.35142993927001953,0,0.5564348697662354,False,1,0.0,0,"[0.133661, 0.220463, 0.246116, 0.1668, 0.23296]"
Actor,client,99,6025,6,MR,attack_member,evaluation,1,1,0.45390844345092773,0,0.5864935517311096,False,1,0.0,0,"[0.186962, 0.176748, 0.21077, 0.232955, 0.192564]"
Actor,client,99,6263,6,MR,attack_member,evaluation,1,1,0.3820306658744812,0,0.5864935517311096,False,3,0.3333333333333333,0,"[0.146999, 0.158579, 0.23374, 0.228882, 0.2318]"
Actor,client,99,6265,6,MR,attack_member,evaluation,1,1,0.36544069647789,0,0.5864935517311096,False,4,0.0,0,"[0.147418, 0.153427, 0.232055, 0.214382, 0.252719]"
Actor,client,99,6345,6,MR,attack_member,evaluation,3,1,0.43228697776794434,0,0.5564348697662354,False,3,0.0,0,"[0.125015, 0.27323, 0.195784, 0.242719, 0.163252]"
Actor,client,99,6552,6,MR,attack_member,evaluation,1,1,0.5346026420593262,0,0.5864935517311096,False,2,0.5,0,"[0.120889, 0.231382, 0.290755, 0.20103, 0.155944]"
Actor,client,99,6557,6,MR,attack_member,evaluation,3,1,0.5373232364654541,0,0.5564348697662354,False,1,0.0,0,"[0.193128, 0.07567, 0.274173, 0.264114, 0.192915]"
Actor,client,99,6731,6,MR,attack_member,evaluation,1,1,0.6083441376686096,1,0.5864935517311096,False,1,0.0,1,"[0.174757, 0.249005, 0.209856, 0.184948, 0.181434]"
Actor,client,99,6734,6,MR,attack_member,evaluation,4,1,0.5606661438941956,0,0.6842027902603149,False,5,0.4,1,"[0.126311, 0.113939, 0.20769, 0.247547, 0.304513]"
Actor,client,99,6867,6,MR,attack_member,evaluation,1,1,0.46315810084342957,0,0.5864935517311096,False,4,0.25,0,"[0.182032, 0.186013, 0.2558, 0.205857, 0.170298]"
Actor,client,99,6889,6,MR,attack_member,evaluation,0,1,0.2191872000694275,0,0.5510123372077942,False,14,0.14285714285714285,0,"[0.074378, 0.297051, 0.21026, 0.132712, 0.285598]"
Actor,client,99,6903,6,MR,attack_member,evaluation,4,1,0.6670904755592346,0,0.6842027902603149,False,0,,1,"[0.117983, 0.121219, 0.205152, 0.175049, 0.380597]"
Actor,client,99,7039,6,MR,attack_member,evaluation,4,1,0.4476715922355652,0,0.6842027902603149,False,2,0.0,0,"[0.129039, 0.121053, 0.31059, 0.231046, 0.208272]"
Actor,client,99,7051,6,MR,attack_member,evaluation,4,1,0.5804502367973328,0,0.6842027902603149,False,1,0.0,1,"[0.171484, 0.197577, 0.183131, 0.184647, 0.263162]"
Actor,client,99,7095,6,MR,attack_member,evaluation,1,1,0.2808856666088104,0,0.5864935517311096,False,3,0.0,0,"[0.081577, 0.126372, 0.105761, 0.240782, 0.445508]"
Actor,client,99,7296,6,MR,attack_member,evaluation,3,1,0.5634845495223999,1,0.5564348697662354,False,3,0.0,0,"[0.100098, 0.105146, 0.072488, 0.344999, 0.377269]"
Actor,client,99,7322,6,MR,attack_member,evaluation,2,1,0.40512406826019287,0,0.6948522925376892,False,2,0.0,0,"[0.147535, 0.22766, 0.198476, 0.212356, 0.213974]"
Actor,client,99,7421,6,MR,attack_member,evaluation,2,1,0.6196964383125305,0,0.6948522925376892,False,1,0.0,1,"[0.073305, 0.169625, 0.323163, 0.315279, 0.118628]"
Actor,client,99,7498,6,MR,attack_member,evaluation,4,1,0.6565758585929871,0,0.6842027902603149,False,3,0.6666666666666666,1,"[0.039607, 0.068019, 0.133867, 0.251967, 0.50654]"
Actor,client,99,107,7,MR,attack_member,evaluation,1,1,0.7094124555587769,1,0.5864935517311096,False,1,0.0,1,"[0.069784, 0.330436, 0.200341, 0.133862, 0.265577]"
Actor,client,99,346,7,MR,attack_member,evaluation,3,1,0.4461122453212738,0,0.5564348697662354,False,3,0.0,0,"[0.129055, 0.178799, 0.177121, 0.244015, 0.271011]"
Actor,client,99,371,7,MR,attack_member,evaluation,2,1,0.4602575898170471,0,0.6948522925376892,False,4,0.0,1,"[0.148881, 0.202938, 0.225227, 0.203056, 0.219898]"
Actor,client,99,543,7,MR,attack_member,evaluation,2,1,0.24066972732543945,0,0.6948522925376892,False,2,0.0,0,"[0.092852, 0.179678, 0.137134, 0.414811, 0.175526]"
Actor,client,99,545,7,MR,attack_member,evaluation,1,1,0.2846185564994812,0,0.5864935517311096,False,1,0.0,0,"[0.130587, 0.13465, 0.425985, 0.132893, 0.175886]"
Actor,client,99,803,7,MR,attack_member,evaluation,3,1,0.7303897142410278,1,0.5564348697662354,False,0,,1,"[0.02165, 0.027215, 0.248095, 0.479095, 0.223944]"
Actor,client,99,1173,7,MR,attack_member,evaluation,3,1,0.7150072455406189,1,0.5564348697662354,False,0,,1,"[0.016877, 0.085773, 0.28876, 0.467401, 0.141189]"
Actor,client,99,1186,7,MR,attack_member,evaluation,2,1,0.47440671920776367,0,0.6948522925376892,False,0,,0,"[0.116737, 0.174982, 0.228005, 0.20027, 0.280005]"
Actor,client,99,1235,7,MR,attack_member,evaluation,4,1,0.5428145527839661,0,0.6842027902603149,False,1,0.0,1,"[0.106982, 0.139757, 0.202052, 0.260071, 0.291138]"
Actor,client,99,1263,7,MR,attack_member,evaluation,0,1,0.34090474247932434,0,0.5510123372077942,False,5,0.0,0,"[0.104721, 0.17973, 0.198375, 0.221162, 0.296013]"
Actor,client,99,1297,7,MR,attack_member,evaluation,1,1,0.4585060775279999,0,0.5864935517311096,False,1,0.0,0,"[0.130897, 0.180192, 0.166749, 0.321934, 0.200229]"
Actor,client,99,1314,7,MR,attack_member,evaluation,4,1,0.7109068632125854,1,0.6842027902603149,False,2,1.0,1,"[0.008581, 0.022242, 0.118313, 0.104195, 0.746668]"
Actor,client,99,1352,7,MR,attack_member,evaluation,2,1,0.3813270926475525,0,0.6948522925376892,False,1,0.0,0,"[0.135052, 0.162205, 0.200597, 0.289659, 0.212487]"
Actor,client,99,1442,7,MR,attack_member,evaluation,4,1,0.30884480476379395,0,0.6842027902603149,False,1,0.0,0,"[0.157749, 0.070128, 0.395579, 0.242871, 0.133673]"
Actor,client,99,1453,7,MR,attack_member,evaluation,0,1,0.6280251741409302,1,0.5510123372077942,False,0,,0,"[0.211795, 0.11592, 0.293238, 0.181762, 0.197285]"
Actor,client,99,1465,7,MR,attack_member,evaluation,1,1,0.603266179561615,1,0.5864935517311096,False,3,0.3333333333333333,0,"[0.121232, 0.257106, 0.26491, 0.215003, 0.141749]"
Actor,client,99,1591,7,MR,attack_member,evaluation,2,1,0.36797651648521423,0,0.6948522925376892,False,1,0.0,0,"[0.128849, 0.21421, 0.158117, 0.127061, 0.371763]"
Actor,client,99,1705,7,MR,attack_member,evaluation,4,1,0.41870924830436707,0,0.6842027902603149,False,3,0.3333333333333333,0,"[0.117798, 0.158745, 0.142619, 0.332571, 0.248267]"
Actor,client,99,1803,7,MR,attack_member,evaluation,4,1,0.2994286119937897,0,0.6842027902603149,False,6,0.3333333333333333,0,"[0.091588, 0.049166, 0.212267, 0.421592, 0.225387]"
Actor,client,99,2009,7,MR,attack_member,evaluation,1,1,0.3957981467247009,0,0.5864935517311096,False,1,0.0,0,"[0.142335, 0.176032, 0.272432, 0.156641, 0.25256]"
Actor,client,99,2022,7,MR,attack_member,evaluation,1,1,0.5626221895217896,0,0.5864935517311096,False,1,0.0,0,"[0.102798, 0.245648, 0.261587, 0.211391, 0.178577]"
Actor,client,99,2140,7,MR,attack_member,evaluation,3,1,0.47421273589134216,0,0.5564348697662354,False,4,0.0,1,"[0.127433, 0.200202, 0.189132, 0.265493, 0.21774]"
Actor,client,99,2160,7,MR,attack_member,evaluation,3,1,0.5044970512390137,0,0.5564348697662354,False,1,0.0,0,"[0.058055, 0.140214, 0.188498, 0.304874, 0.308358]"
Actor,client,99,2288,7,MR,attack_member,evaluation,3,1,0.4313877522945404,0,0.5564348697662354,False,1,0.0,0,"[0.107331, 0.258256, 0.233237, 0.241627, 0.15955]"
Actor,client,99,2458,7,MR,attack_member,evaluation,2,1,0.6922600865364075,0,0.6948522925376892,False,3,0.3333333333333333,1,"[0.083547, 0.151464, 0.350449, 0.241317, 0.173222]"
Actor,client,99,2531,7,MR,attack_member,evaluation,3,1,0.4805118441581726,0,0.5564348697662354,False,2,0.5,0,"[0.155847, 0.177829, 0.252117, 0.249615, 0.164592]"
Actor,client,99,2601,7,MR,attack_member,evaluation,4,1,0.6898084282875061,1,0.6842027902603149,False,1,1.0,1,"[0.103851, 0.033582, 0.041515, 0.127987, 0.693065]"
Actor,client,99,2603,7,MR,attack_member,evaluation,3,1,0.5617420077323914,1,0.5564348697662354,False,1,1.0,0,"[0.022213, 0.071297, 0.112903, 0.361408, 0.432179]"
Actor,client,99,2622,7,MR,attack_member,evaluation,0,1,0.440468430519104,0,0.5510123372077942,False,1,1.0,0,"[0.172175, 0.26876, 0.163269, 0.210338, 0.185457]"
Actor,client,99,2674,7,MR,attack_member,evaluation,4,1,0.45870739221572876,0,0.6842027902603149,False,1,0.0,0,"[0.141017, 0.191879, 0.130434, 0.290297, 0.246373]"
Actor,client,99,2753,7,MR,attack_member,evaluation,4,1,0.6401591897010803,0,0.6842027902603149,False,1,0.0,1,"[0.14131, 0.249855, 0.171366, 0.154321, 0.283149]"
Actor,client,99,2816,7,MR,attack_member,evaluation,2,1,0.41188839077949524,0,0.6948522925376892,False,6,0.16666666666666666,0,"[0.05575, 0.162654, 0.198683, 0.24751, 0.335404]"
Actor,client,99,2971,7,MR,attack_member,evaluation,2,1,0.33374831080436707,0,0.6948522925376892,False,2,0.5,0,"[0.118711, 0.177024, 0.155487, 0.210461, 0.338317]"
Actor,client,99,2987,7,MR,attack_member,evaluation,4,1,0.41854801774024963,0,0.6842027902603149,False,3,0.0,0,"[0.139819, 0.167499, 0.204196, 0.274242, 0.214244]"
Actor,client,99,3147,7,MR,attack_member,evaluation,3,1,0.4238460958003998,0,0.5564348697662354,False,1,0.0,1,"[0.132033, 0.219987, 0.214623, 0.226118, 0.20724]"
Actor,client,99,3201,7,MR,attack_member,evaluation,2,1,0.2879178524017334,0,0.6948522925376892,False,1,0.0,0,"[0.099961, 0.19209, 0.14945, 0.320836, 0.237662]"
Actor,client,99,3288,7,MR,attack_member,evaluation,4,1,0.5961748957633972,0,0.6842027902603149,False,1,0.0,1,"[0.168315, 0.122785, 0.087388, 0.261321, 0.360191]"
Actor,client,99,3297,7,MR,attack_member,evaluation,3,1,0.4928087592124939,0,0.5564348697662354,False,2,0.0,1,"[0.126572, 0.169165, 0.171082, 0.278274, 0.254907]"
Actor,client,99,3412,7,MR,attack_member,evaluation,4,1,0.4732992649078369,0,0.6842027902603149,False,1,0.0,0,"[0.104516, 0.164254, 0.310709, 0.210211, 0.21031]"
Actor,client,99,3613,7,MR,attack_member,evaluation,3,1,0.2936192750930786,0,0.5564348697662354,False,8,0.0,0,"[0.088823, 0.099119, 0.069291, 0.144824, 0.597944]"
Actor,client,99,3631,7,MR,attack_member,evaluation,1,1,0.41065746545791626,0,0.5864935517311096,False,4,0.25,0,"[0.076293, 0.182725, 0.257577, 0.273907, 0.209498]"
Actor,client,99,3657,7,MR,attack_member,evaluation,2,1,0.5228387713432312,0,0.6948522925376892,False,2,0.5,1,"[0.097524, 0.21312, 0.25589, 0.224889, 0.208577]"
Actor,client,99,3700,7,MR,attack_member,evaluation,3,1,0.5460606217384338,0,0.5564348697662354,False,0,,0,"[0.264355, 0.107211, 0.228074, 0.255336, 0.145025]"
Actor,client,99,3947,7,MR,attack_member,evaluation,3,1,0.38893428444862366,0,0.5564348697662354,False,1,0.0,0,"[0.104271, 0.162852, 0.249, 0.199504, 0.284373]"
Actor,client,99,4093,7,MR,attack_member,evaluation,0,1,0.4139377772808075,0,0.5510123372077942,False,5,0.0,0,"[0.123597, 0.153009, 0.136603, 0.220142, 0.366649]"
Actor,client,99,4189,7,MR,attack_member,evaluation,3,1,0.8699333667755127,1,0.5564348697662354,False,0,,1,"[0.017126, 0.065324, 0.077342, 0.702058, 0.13815]"
Actor,client,99,4282,7,MR,attack_member,evaluation,1,1,0.4362235367298126,0,0.5864935517311096,False,2,0.0,0,"[0.108856, 0.187316, 0.188597, 0.249634, 0.265598]"
Actor,client,99,4355,7,MR,attack_member,evaluation,4,1,0.7126643657684326,1,0.6842027902603149,False,0,,1,"[0.009544, 0.007114, 0.111124, 0.074426, 0.797792]"
Actor,client,99,4550,7,MR,attack_member,evaluation,0,1,0.35692548751831055,0,0.5510123372077942,False,0,,0,"[0.137062, 0.250199, 0.215548, 0.260583, 0.136608]"
Actor,client,99,4904,7,MR,attack_member,evaluation,4,1,0.6292546391487122,0,0.6842027902603149,False,3,0.6666666666666666,1,"[0.135799, 0.164174, 0.14491, 0.215035, 0.340082]"
Actor,client,99,4987,7,MR,attack_member,evaluation,2,1,0.4314679205417633,0,0.6948522925376892,False,0,,0,"[0.155117, 0.208035, 0.212292, 0.208563, 0.215993]"
Actor,client,99,5331,7,MR,attack_member,evaluation,4,1,0.26495790481567383,0,0.6842027902603149,False,2,0.5,0,"[0.092678, 0.225968, 0.291948, 0.26203, 0.127375]"
Actor,client,99,5396,7,MR,attack_member,evaluation,3,1,0.41929158568382263,0,0.5564348697662354,False,3,0.0,0,"[0.139298, 0.265782, 0.238249, 0.221886, 0.134785]"
Actor,client,99,5436,7,MR,attack_member,evaluation,1,1,0.43898314237594604,0,0.5864935517311096,False,7,0.0,0,"[0.083743, 0.204388, 0.195396, 0.183762, 0.332711]"
Actor,client,99,5438,7,MR,attack_member,evaluation,1,1,0.4479772746562958,0,0.5864935517311096,False,2,0.0,0,"[0.120219, 0.204426, 0.339958, 0.151906, 0.183491]"
Actor,client,99,6108,7,MR,attack_member,evaluation,2,1,0.3051083981990814,0,0.6948522925376892,False,7,0.42857142857142855,0,"[0.071597, 0.183725, 0.153659, 0.306401, 0.284619]"
Actor,client,99,6144,7,MR,attack_member,evaluation,1,1,0.9465335607528687,1,0.5864935517311096,False,1,1.0,1,"[0.060893, 0.558904, 0.217736, 0.09897, 0.063497]"
Actor,client,99,6364,7,MR,attack_member,evaluation,0,1,0.3525778353214264,0,0.5510123372077942,False,5,0.0,0,"[0.073067, 0.054568, 0.162809, 0.316497, 0.393059]"
Actor,client,99,6510,7,MR,attack_member,evaluation,2,1,0.7967309355735779,1,0.6948522925376892,False,6,0.3333333333333333,1,"[0.111537, 0.289188, 0.393703, 0.070821, 0.134751]"
Actor,client,99,6590,7,MR,attack_member,evaluation,2,1,0.6294662952423096,0,0.6948522925376892,False,0,,1,"[0.17703, 0.186106, 0.309724, 0.168129, 0.159011]"
Actor,client,99,6620,7,MR,attack_member,evaluation,1,1,0.5479717254638672,0,0.5864935517311096,False,1,0.0,0,"[0.141654, 0.225956, 0.20583, 0.233173, 0.193386]"
Actor,client,99,6622,7,MR,attack_member,evaluation,2,1,0.8929439783096313,1,0.6948522925376892,False,2,0.5,1,"[0.104684, 0.148236, 0.50446, 0.096879, 0.14574]"
Actor,client,99,6684,7,MR,attack_member,evaluation,3,1,0.41459763050079346,0,0.5564348697662354,False,1,1.0,0,"[0.159125, 0.185759, 0.222396, 0.205479, 0.227241]"
Actor,client,99,6776,7,MR,attack_member,evaluation,1,1,0.6145018935203552,1,0.5864935517311096,False,1,0.0,1,"[0.165152, 0.253346, 0.189991, 0.189379, 0.202133]"
Actor,client,99,6905,7,MR,attack_member,evaluation,4,1,0.614270031452179,0,0.6842027902603149,False,1,0.0,1,"[0.143115, 0.108445, 0.196564, 0.211106, 0.340769]"
Actor,client,99,6995,7,MR,attack_member,evaluation,2,1,0.37647560238838196,0,0.6948522925376892,False,3,0.3333333333333333,0,"[0.099795, 0.235481, 0.182612, 0.23577, 0.246342]"
Actor,client,99,7135,7,MR,attack_member,evaluation,0,1,0.23114512860774994,0,0.5510123372077942,False,1,0.0,0,"[0.043671, 0.181767, 0.074111, 0.309446, 0.391005]"
Actor,client,99,7361,7,MR,attack_member,evaluation,4,1,0.47560039162635803,0,0.6842027902603149,False,1,0.0,0,"[0.099737, 0.249623, 0.295644, 0.167896, 0.187099]"
Actor,client,99,7363,7,MR,attack_member,evaluation,3,1,0.43646255135536194,0,0.5564348697662354,False,5,0.2,0,"[0.093582, 0.074013, 0.264841, 0.227068, 0.340496]"
Actor,client,99,7526,7,MR,attack_member,evaluation,4,1,0.5102899670600891,0,0.6842027902603149,False,2,0.5,0,"[0.140734, 0.241869, 0.223192, 0.181944, 0.212261]"
Actor,client,99,7,7,MR,attack_member,evaluation,4,1,0.28854602575302124,0,0.6842027902603149,False,3,0.3333333333333333,0,"[0.040528, 0.189412, 0.396992, 0.241687, 0.131382]"
Actor,client,99,197,7,MR,attack_member,evaluation,3,1,0.5939650535583496,1,0.5564348697662354,False,1,0.0,1,"[0.055487, 0.170118, 0.224094, 0.370077, 0.180223]"
Actor,client,99,975,7,MR,attack_member,evaluation,2,1,0.6330227255821228,0,0.6948522925376892,False,2,0.0,1,"[0.060407, 0.159, 0.318355, 0.266043, 0.196195]"
Actor,client,99,1004,7,MR,attack_member,evaluation,3,1,0.5955150127410889,1,0.5564348697662354,False,1,0.0,1,"[0.08338, 0.192486, 0.207491, 0.366355, 0.150289]"
Actor,client,99,1342,7,MR,attack_member,evaluation,4,1,0.7133177518844604,1,0.6842027902603149,False,0,,1,"[0.055707, 0.028646, 0.022249, 0.071642, 0.821756]"
Actor,client,99,1450,7,MR,attack_member,evaluation,1,1,0.7337906956672668,1,0.5864935517311096,False,4,0.0,1,"[0.033018, 0.349242, 0.123908, 0.159662, 0.33417]"
Actor,client,99,1571,7,MR,attack_member,evaluation,3,1,0.3161707818508148,0,0.5564348697662354,False,0,,0,"[0.037794, 0.253657, 0.396153, 0.154787, 0.157609]"
Actor,client,99,1578,7,MR,attack_member,evaluation,4,1,0.8196294903755188,1,0.6842027902603149,False,0,,0,"[0.069635, 0.42649, 0.046845, 0.062817, 0.394212]"
Actor,client,99,1630,7,MR,attack_member,evaluation,1,1,0.31720954179763794,0,0.5864935517311096,False,2,0.0,0,"[0.094389, 0.132262, 0.206561, 0.309546, 0.257243]"
Actor,client,99,2005,7,MR,attack_member,evaluation,3,1,0.3792586624622345,0,0.5564348697662354,False,6,0.3333333333333333,0,"[0.032381, 0.168074, 0.301752, 0.210579, 0.287213]"
Actor,client,99,2266,7,MR,attack_member,evaluation,0,1,0.5542222261428833,1,0.5510123372077942,False,2,0.0,0,"[0.195103, 0.1822, 0.188292, 0.229402, 0.205004]"
Actor,client,99,2338,7,MR,attack_member,evaluation,2,1,0.6008144021034241,0,0.6948522925376892,False,1,0.0,1,"[0.194887, 0.244681, 0.2962, 0.166057, 0.098175]"
Actor,client,99,2819,7,MR,attack_member,evaluation,4,1,0.5684695839881897,0,0.6842027902603149,False,1,0.0,1,"[0.105123, 0.087942, 0.175736, 0.282909, 0.34829]"
Actor,client,99,3105,7,MR,attack_member,evaluation,0,1,0.3309244215488434,0,0.5510123372077942,False,1,0.0,0,"[0.114133, 0.213807, 0.255922, 0.200743, 0.215395]"
Actor,client,99,3480,7,MR,attack_member,evaluation,2,1,0.30529141426086426,0,0.6948522925376892,False,1,0.0,0,"[0.016604, 0.396371, 0.12419, 0.19653, 0.266305]"
Actor,client,99,3609,7,MR,attack_member,evaluation,2,1,0.4161480963230133,0,0.6948522925376892,False,0,,0,"[0.112113, 0.206554, 0.200924, 0.216221, 0.264188]"
Actor,client,99,4269,7,MR,attack_member,evaluation,3,1,0.3661196827888489,0,0.5564348697662354,False,3,0.3333333333333333,0,"[0.07785, 0.236107, 0.136036, 0.213357, 0.336651]"
Actor,client,99,4353,7,MR,attack_member,evaluation,2,1,0.4262242615222931,0,0.6948522925376892,False,2,0.0,0,"[0.147765, 0.264519, 0.20013, 0.16746, 0.220126]"
Actor,client,99,4439,7,MR,attack_member,evaluation,0,1,0.4913814663887024,0,0.5510123372077942,False,0,,0,"[0.193822, 0.249166, 0.273575, 0.172027, 0.111411]"
Actor,client,99,4609,7,MR,attack_member,evaluation,2,1,0.41185691952705383,0,0.6948522925376892,False,1,0.0,0,"[0.089866, 0.283945, 0.209138, 0.27689, 0.140161]"
Actor,client,99,4783,7,MR,attack_member,evaluation,0,1,0.4420468807220459,0,0.5510123372077942,False,2,0.0,0,"[0.112248, 0.068302, 0.149117, 0.262488, 0.407845]"
Actor,client,99,5030,7,MR,attack_member,evaluation,0,1,0.38805675506591797,0,0.5510123372077942,False,6,0.16666666666666666,0,"[0.118284, 0.141108, 0.164341, 0.369813, 0.206454]"
Actor,client,99,5036,7,MR,attack_member,evaluation,1,1,0.6899341940879822,1,0.5864935517311096,False,0,,1,"[0.127163, 0.300514, 0.286025, 0.170906, 0.115392]"
Actor,client,99,5421,7,MR,attack_member,evaluation,4,1,0.7215451002120972,1,0.6842027902603149,False,2,0.5,1,"[0.07159, 0.086079, 0.060889, 0.128103, 0.653338]"
Actor,client,99,5509,7,MR,attack_member,evaluation,2,1,0.4826820492744446,0,0.6948522925376892,False,2,0.0,1,"[0.110696, 0.225806, 0.237518, 0.227497, 0.198483]"
Actor,client,99,5534,7,MR,attack_member,evaluation,3,1,0.41787561774253845,0,0.5564348697662354,False,2,0.0,0,"[0.135988, 0.244955, 0.156983, 0.230547, 0.231527]"
Actor,client,99,5847,7,MR,attack_member,evaluation,3,1,0.6373313069343567,1,0.5564348697662354,False,2,0.5,1,"[0.143408, 0.170019, 0.13705, 0.385616, 0.163906]"
Actor,client,99,5933,7,MR,attack_member,evaluation,4,1,0.4852277934551239,0,0.6842027902603149,False,1,0.0,0,"[0.099804, 0.161522, 0.232192, 0.259648, 0.246833]"
Actor,client,99,6178,7,MR,attack_member,evaluation,1,1,0.5275461673736572,0,0.5864935517311096,False,2,0.0,0,"[0.141177, 0.215506, 0.217651, 0.25091, 0.174755]"
Actor,client,99,6236,7,MR,attack_member,evaluation,4,1,0.42498815059661865,0,0.6842027902603149,False,3,0.3333333333333333,0,"[0.208238, 0.21138, 0.216715, 0.193188, 0.17048]"
Actor,client,99,6294,7,MR,attack_member,evaluation,1,1,0.487888365983963,0,0.5864935517311096,False,1,0.0,0,"[0.142907, 0.192115, 0.151306, 0.296861, 0.21681]"
Actor,client,99,6338,7,MR,attack_member,evaluation,2,1,0.596713662147522,0,0.6948522925376892,False,3,0.6666666666666666,1,"[0.110376, 0.158341, 0.297042, 0.231214, 0.203028]"
Actor,client,99,6401,7,MR,attack_member,evaluation,1,1,0.39861464500427246,0,0.5864935517311096,False,1,0.0,0,"[0.133757, 0.177441, 0.292011, 0.172437, 0.224353]"
Actor,client,99,6451,7,MR,attack_member,evaluation,3,1,0.457055002450943,0,0.5564348697662354,False,1,0.0,0,"[0.047366, 0.201862, 0.363248, 0.258104, 0.12942]"
Actor,client,99,6719,7,MR,attack_member,evaluation,2,1,0.7045270800590515,1,0.6948522925376892,False,2,0.0,1,"[0.094287, 0.24414, 0.339052, 0.142376, 0.180144]"
Actor,client,99,6818,7,MR,attack_member,evaluation,0,1,0.32879093289375305,0,0.5510123372077942,False,2,0.0,0,"[0.072296, 0.082297, 0.190211, 0.303988, 0.351208]"
Actor,client,99,6826,7,MR,attack_member,evaluation,2,1,0.7183111310005188,1,0.6948522925376892,False,3,0.6666666666666666,1,"[0.056943, 0.203827, 0.357562, 0.210282, 0.171386]"
Actor,client,99,6942,7,MR,attack_member,evaluation,1,1,0.8922233581542969,1,0.5864935517311096,False,1,0.0,1,"[0.04924, 0.461127, 0.094174, 0.176497, 0.218962]"
Actor,client,99,7013,7,MR,attack_member,evaluation,4,1,0.5636299252510071,0,0.6842027902603149,False,1,0.0,0,"[0.155627, 0.173406, 0.263353, 0.166454, 0.24116]"
Actor,client,99,7061,7,MR,attack_member,evaluation,4,1,0.6680383086204529,0,0.6842027902603149,False,0,,1,"[0.085486, 0.155792, 0.177887, 0.200699, 0.380136]"
Actor,client,99,7184,7,MR,attack_member,evaluation,1,1,0.5623717308044434,0,0.5864935517311096,False,2,0.0,0,"[0.072394, 0.233883, 0.21272, 0.346956, 0.134047]"
Actor,client,99,7329,7,MR,attack_member,evaluation,3,1,0.574826180934906,1,0.5564348697662354,False,0,,1,"[0.110762, 0.136282, 0.18294, 0.338357, 0.231658]"
Actor,client,99,987,9,MR,attack_member,evaluation,2,1,0.4530187249183655,0,0.6948522925376892,False,1,0.0,0,"[0.085848, 0.22411, 0.206273, 0.165767, 0.318002]"
Actor,client,99,1012,9,MR,attack_member,evaluation,4,1,0.655497133731842,0,0.6842027902603149,False,2,0.0,1,"[0.13256, 0.175401, 0.143105, 0.195682, 0.353253]"
Actor,client,99,1538,9,MR,attack_member,evaluation,0,1,0.4399096965789795,0,0.5510123372077942,False,2,0.5,0,"[0.178252, 0.278355, 0.23891, 0.158903, 0.145579]"
Actor,client,99,2766,9,MR,attack_member,evaluation,0,1,0.4259614944458008,0,0.5510123372077942,False,1,0.0,0,"[0.154866, 0.201564, 0.276768, 0.225542, 0.14126]"
Actor,client,99,3376,9,MR,attack_member,evaluation,4,1,0.7005342841148376,1,0.6842027902603149,False,1,1.0,1,"[0.014365, 0.046966, 0.187019, 0.161567, 0.590082]"
Actor,client,99,3884,9,MR,attack_member,evaluation,4,1,0.4550715982913971,0,0.6842027902603149,False,1,0.0,0,"[0.196002, 0.154595, 0.27402, 0.189309, 0.186075]"
Actor,client,99,3928,9,MR,attack_member,evaluation,4,1,0.7314432859420776,1,0.6842027902603149,False,1,1.0,1,"[0.060144, 0.099893, 0.157662, 0.120405, 0.561897]"
Actor,client,99,4034,9,MR,attack_member,evaluation,0,1,0.42358914017677307,0,0.5510123372077942,False,2,0.0,0,"[0.087781, 0.045587, 0.047523, 0.224029, 0.59508]"
Actor,client,99,5501,9,MR,attack_member,evaluation,2,1,0.5269162058830261,0,0.6948522925376892,False,1,0.0,1,"[0.170726, 0.182919, 0.265993, 0.222391, 0.157971]"
Actor,client,99,5594,9,MR,attack_member,evaluation,2,1,0.7607588768005371,1,0.6948522925376892,False,1,1.0,1,"[0.171975, 0.102265, 0.383477, 0.131347, 0.210936]"
Actor,client,99,6168,9,MR,attack_member,evaluation,2,1,0.45517605543136597,0,0.6948522925376892,False,1,0.0,0,"[0.124442, 0.20765, 0.235273, 0.275899, 0.156737]"
Actor,client,99,7018,9,MR,attack_member,evaluation,0,1,0.5447030067443848,0,0.5510123372077942,False,1,0.0,0,"[0.197058, 0.215705, 0.169531, 0.168611, 0.249096]"
Actor,client,99,7402,9,MR,attack_member,evaluation,4,1,0.7304503917694092,1,0.6842027902603149,False,2,0.5,1,"[0.039573, 0.098686, 0.18704, 0.128285, 0.546416]"
Actor,client,99,210,9,MR,attack_member,evaluation,4,1,0.5001033544540405,0,0.6842027902603149,False,2,0.0,1,"[0.158907, 0.219105, 0.192987, 0.207553, 0.221449]"
Actor,client,99,1454,9,MR,attack_member,evaluation,3,1,0.547473669052124,0,0.5564348697662354,False,0,,1,"[0.103711, 0.223908, 0.239882, 0.322552, 0.109947]"
Actor,client,99,2685,9,MR,attack_member,evaluation,3,1,0.44330111145973206,0,0.5564348697662354,False,1,0.0,0,"[0.178891, 0.24153, 0.188005, 0.229963, 0.161611]"
Actor,client,99,3334,9,MR,attack_member,evaluation,3,1,0.5614352226257324,1,0.5564348697662354,False,4,0.25,1,"[0.088175, 0.120217, 0.162429, 0.337163, 0.292017]"
Actor,client,99,4497,9,MR,attack_member,evaluation,2,1,0.4314679205417633,0,0.6948522925376892,False,0,,0,"[0.155117, 0.208035, 0.212292, 0.208563, 0.215993]"
Actor,client,99,4648,9,MR,attack_member,evaluation,1,1,0.37873438000679016,0,0.5864935517311096,False,5,0.0,0,"[0.053707, 0.157552, 0.25173, 0.401531, 0.135481]"
Actor,client,99,4732,9,MR,attack_member,evaluation,2,1,0.7008336782455444,1,0.6948522925376892,False,0,,1,"[0.056815, 0.070337, 0.364118, 0.298039, 0.210691]"
Actor,client,99,5172,9,MR,attack_member,evaluation,2,1,0.5062517523765564,0,0.6948522925376892,False,9,0.1111111111111111,0,"[0.076194, 0.087499, 0.256077, 0.279602, 0.300629]"
Actor,client,99,5289,9,MR,attack_member,evaluation,4,1,0.3430687189102173,0,0.6842027902603149,False,3,0.0,0,"[0.113933, 0.32493, 0.191218, 0.219525, 0.150393]"
Actor,client,99,622,9,MR,attack_member,evaluation,3,1,0.6252906918525696,1,0.5564348697662354,False,1,1.0,1,"[0.111677, 0.098365, 0.190577, 0.37155, 0.227831]"
Actor,client,99,1072,9,MR,attack_member,evaluation,3,1,0.7911545038223267,1,0.5564348697662354,False,3,0.0,1,"[0.026215, 0.066481, 0.062305, 0.574508, 0.270492]"
Actor,client,99,1870,9,MR,attack_member,evaluation,4,1,0.5050193667411804,0,0.6842027902603149,False,0,,0,"[0.042204, 0.046499, 0.059438, 0.438478, 0.413382]"
Actor,client,99,2182,9,MR,attack_member,evaluation,0,1,0.6012108325958252,1,0.5510123372077942,False,2,0.0,0,"[0.167692, 0.086595, 0.045368, 0.076196, 0.624149]"
Actor,client,99,2394,9,MR,attack_member,evaluation,2,1,0.5417881608009338,0,0.6948522925376892,False,1,0.0,0,"[0.087649, 0.239466, 0.252397, 0.167691, 0.252796]"
Actor,client,99,4174,9,MR,attack_member,evaluation,1,1,0.5444929003715515,0,0.5864935517311096,False,1,0.0,0,"[0.093469, 0.245358, 0.195573, 0.175775, 0.289825]"
Actor,client,99,7054,9,MR,attack_member,evaluation,4,1,0.25989097356796265,0,0.6842027902603149,False,1,0.0,0,"[0.061914, 0.188621, 0.151574, 0.401995, 0.195896]"
Actor,client,99,7203,9,MR,attack_member,evaluation,4,1,0.6622279286384583,0,0.6842027902603149,False,1,1.0,1,"[0.056295, 0.112503, 0.223175, 0.208224, 0.399802]"
Actor,client,99,7224,9,MR,attack_member,evaluation,4,1,0.6578255295753479,0,0.6842027902603149,False,0,,1,"[0.055229, 0.174798, 0.289415, 0.162287, 0.318272]"
Actor,client,99,7240,9,MR,attack_member,evaluation,1,1,0.29387035965919495,0,0.5864935517311096,False,0,,0,"[0.040033, 0.13881, 0.317521, 0.294196, 0.20944]"
Actor,client,99,7243,9,MR,attack_member,evaluation,1,1,0.6118601560592651,1,0.5864935517311096,False,0,,1,"[0.119784, 0.272183, 0.225935, 0.136086, 0.246012]"
Actor,client,99,7269,9,MR,attack_member,evaluation,2,1,0.5146048069000244,0,0.6948522925376892,False,0,,0,"[0.022361, 0.074566, 0.305483, 0.520949, 0.076641]"
Actor,client,99,7281,9,MR,attack_member,evaluation,4,1,0.20547226071357727,0,0.6842027902603149,False,1,0.0,0,"[0.038591, 0.149713, 0.178954, 0.448651, 0.184091]"
Actor,client,99,7320,9,MR,attack_member,evaluation,2,1,0.5561411380767822,0,0.6948522925376892,False,0,,1,"[0.193822, 0.249166, 0.273575, 0.172027, 0.111411]"
Actor,client,99,7332,9,MR,attack_member,evaluation,2,1,0.9400250911712646,1,0.6948522925376892,False,0,,1,"[0.048017, 0.035546, 0.604764, 0.14915, 0.162523]"
Actor,client,99,7362,9,MR,attack_member,evaluation,3,1,0.781764566898346,1,0.5564348697662354,False,0,,1,"[0.032119, 0.092281, 0.16546, 0.550094, 0.160047]"
Actor,client,99,7486,9,MR,attack_member,evaluation,1,1,0.5472406148910522,0,0.5864935517311096,False,0,,0,"[0.141788, 0.226177, 0.217896, 0.230107, 0.184032]"
Actor,client,99,7534,9,MR,attack_member,evaluation,0,1,0.7597933411598206,1,0.5510123372077942,False,0,,1,"[0.299491, 0.237079, 0.16526, 0.087386, 0.210784]"
Actor,client,99,7572,9,MR,attack_member,evaluation,3,1,0.869026780128479,1,0.5564348697662354,False,0,,1,"[0.020189, 0.015551, 0.034136, 0.697975, 0.232149]"
Actor,client,99,7573,9,MR,attack_member,evaluation,4,1,0.6978631019592285,1,0.6842027902603149,False,0,,1,"[0.015981, 0.009664, 0.077511, 0.114237, 0.782606]"
Actor,client,99,7459,9,MR,attack_member,evaluation,4,1,0.7205902338027954,1,0.6842027902603149,False,0,,1,"[0.017461, 0.007322, 0.007396, 0.02784, 0.939981]"
Actor,client,99,7481,9,MR,attack_member,evaluation,1,1,0.8510137796401978,1,0.5864935517311096,False,0,,1,"[0.072851, 0.408537, 0.209197, 0.205212, 0.104204]"
Actor,client,99,7499,9,MR,attack_member,evaluation,3,1,0.8502092361450195,1,0.5564348697662354,False,0,,1,"[0.095063, 0.05782, 0.092598, 0.633708, 0.120811]"
Actor,client,99,7592,9,MR,attack_member,evaluation,1,1,0.5496776700019836,0,0.5864935517311096,False,0,,0,"[0.141228, 0.23057, 0.235645, 0.208235, 0.184323]"
Actor,client,99,3888,9,MR,attack_member,evaluation,1,1,0.5574436187744141,0,0.5864935517311096,False,1,0.0,0,"[0.101055, 0.240051, 0.251301, 0.238598, 0.168995]"
Actor,client,99,4716,9,MR,attack_member,evaluation,1,1,0.6717349886894226,1,0.5864935517311096,False,4,0.25,0,"[0.125783, 0.271886, 0.156405, 0.306642, 0.139286]"
Actor,client,99,191,9,MR,attack_member,evaluation,3,1,0.59474116563797,1,0.5564348697662354,False,2,0.5,1,"[0.11896, 0.091909, 0.152006, 0.349818, 0.287307]"
Actor,client,99,2134,9,MR,attack_member,evaluation,4,1,0.5606857538223267,0,0.6842027902603149,False,1,0.0,1,"[0.128093, 0.111226, 0.191336, 0.25682, 0.312524]"
Actor,client,99,2314,9,MR,attack_member,evaluation,2,1,0.42768609523773193,0,0.6948522925376892,False,1,1.0,0,"[0.164451, 0.149476, 0.229787, 0.295826, 0.160461]"
Actor,client,99,3158,9,MR,attack_member,evaluation,3,1,0.5317668318748474,0,0.5564348697662354,False,3,0.0,0,"[0.12903, 0.093102, 0.171365, 0.297411, 0.309092]"
Actor,client,99,2429,9,MR,attack_member,evaluation,4,1,0.568312406539917,0,0.6842027902603149,False,2,0.0,1,"[0.159064, 0.086473, 0.06152, 0.30967, 0.383273]"
Actor,client,99,5105,9,MR,attack_member,evaluation,3,1,0.8958521485328674,1,0.5564348697662354,False,0,,1,"[0.036883, 0.019479, 0.124281, 0.744786, 0.074571]"
Actor,client,99,2919,9,MR,attack_member,evaluation,4,1,0.7273905873298645,1,0.6842027902603149,False,0,,1,"[0.005015, 0.010742, 0.01336, 0.018249, 0.952634]"
Actor,client,99,2258,9,MR,attack_member,evaluation,0,1,0.579094409942627,1,0.5510123372077942,False,1,0.0,0,"[0.188967, 0.123428, 0.229152, 0.199234, 0.259219]"
Actor,client,99,3417,9,MR,attack_member,evaluation,2,1,0.32486289739608765,0,0.6948522925376892,False,4,0.0,0,"[0.034218, 0.086164, 0.191395, 0.450442, 0.237781]"
Actor,client,99,4940,9,MR,attack_member,evaluation,3,1,0.5965973734855652,1,0.5564348697662354,False,0,,1,"[0.037453, 0.154966, 0.217977, 0.377424, 0.212179]"
Actor,client,99,2589,9,MR,attack_member,evaluation,2,1,0.9442096948623657,1,0.6948522925376892,False,0,,1,"[0.05214, 0.137932, 0.604705, 0.07777, 0.127453]"
Actor,client,99,4381,9,MR,attack_member,evaluation,2,1,0.9438226819038391,1,0.6948522925376892,False,1,1.0,1,"[0.04611, 0.143434, 0.603283, 0.080182, 0.12699]"
Actor,client,99,2467,9,MR,attack_member,evaluation,1,1,0.7085027694702148,1,0.5864935517311096,False,1,0.0,1,"[0.174508, 0.298558, 0.150407, 0.154743, 0.221783]"
Actor,client,99,5393,9,MR,attack_member,evaluation,4,1,0.743244469165802,1,0.6842027902603149,False,2,0.0,1,"[0.080079, 0.114687, 0.217831, 0.086922, 0.500481]"
Actor,client,99,3126,9,MR,attack_member,evaluation,2,1,0.5531664490699768,0,0.6948522925376892,False,1,0.0,1,"[0.188249, 0.131319, 0.279138, 0.211912, 0.189383]"
Actor,client,99,3186,0,MR,attack_nonmember,evaluation,4,0,0.5610533952713013,0,0.6842027902603149,False,1,0.0,1,"[0.116973, 0.138217, 0.256274, 0.213728, 0.274808]"
Actor,client,99,3230,0,MR,attack_nonmember,evaluation,4,0,0.4901544749736786,0,0.6842027902603149,False,2,0.5,0,"[0.160054, 0.162361, 0.160187, 0.264588, 0.25281]"
Actor,client,99,3268,0,MR,attack_nonmember,evaluation,2,0,0.4682903289794922,0,0.6948522925376892,False,1,0.0,0,"[0.109968, 0.141045, 0.232614, 0.240861, 0.275512]"
Actor,client,99,3328,0,MR,attack_nonmember,evaluation,3,0,0.4270671308040619,0,0.5564348697662354,False,4,0.5,0,"[0.159081, 0.18023, 0.186016, 0.218832, 0.255841]"
Actor,client,99,3362,0,MR,attack_nonmember,evaluation,4,0,0.434836208820343,0,0.6842027902603149,False,9,0.2222222222222222,0,"[0.089391, 0.115723, 0.162131, 0.356987, 0.275768]"
Actor,client,99,3409,0,MR,attack_nonmember,evaluation,1,0,0.16989076137542725,0,0.5864935517311096,False,3,0.3333333333333333,0,"[0.033479, 0.089172, 0.545846, 0.168259, 0.163244]"
Actor,client,99,3413,0,MR,attack_nonmember,evaluation,1,0,0.9264914393424988,1,0.5864935517311096,False,0,,1,"[0.119907, 0.492223, 0.116657, 0.159203, 0.11201]"
Actor,client,99,3461,0,MR,attack_nonmember,evaluation,2,0,0.5560712814331055,0,0.6948522925376892,False,1,0.0,1,"[0.174146, 0.150329, 0.277949, 0.206688, 0.190887]"
Actor,client,99,3546,0,MR,attack_nonmember,evaluation,4,0,0.49187320470809937,0,0.6842027902603149,False,0,,0,"[0.003377, 0.0329, 0.140075, 0.432733, 0.390915]"
Actor,client,99,3605,0,MR,attack_nonmember,evaluation,3,0,0.4120160937309265,0,0.5564348697662354,False,0,,0,"[0.155117, 0.208035, 0.212292, 0.208563, 0.215993]"
Actor,client,99,3715,0,MR,attack_nonmember,evaluation,4,0,0.5600256323814392,0,0.6842027902603149,False,1,0.0,1,"[0.167777, 0.172705, 0.138892, 0.235523, 0.285103]"
Actor,client,99,3762,0,MR,attack_nonmember,evaluation,2,0,0.608601450920105,0,0.6948522925376892,False,2,0.0,1,"[0.137964, 0.184123, 0.290204, 0.152988, 0.234722]"
Actor,client,99,3857,0,MR,attack_nonmember,evaluation,2,0,0.22036676108837128,0,0.6948522925376892,False,3,0.0,0,"[0.05294, 0.026207, 0.064099, 0.171128, 0.685627]"
Actor,client,99,3878,0,MR,attack_nonmember,evaluation,3,0,0.3072882890701294,0,0.5564348697662354,False,0,,0,"[0.031958, 0.053625, 0.097473, 0.168087, 0.648857]"
Actor,client,99,3881,0,MR,attack_nonmember,evaluation,4,0,0.44800660014152527,0,0.6842027902603149,False,2,0.0,0,"[0.151352, 0.186691, 0.208506, 0.241514, 0.211936]"
Actor,client,99,3922,0,MR,attack_nonmember,evaluation,4,0,0.4940328001976013,0,0.6842027902603149,False,6,0.3333333333333333,0,"[0.10406, 0.091595, 0.182656, 0.321154, 0.300535]"
Actor,client,99,4047,0,MR,attack_nonmember,evaluation,3,0,0.48387157917022705,0,0.5564348697662354,False,3,0.0,1,"[0.13325, 0.150245, 0.204427, 0.263179, 0.248899]"
Actor,client,99,4097,0,MR,attack_nonmember,evaluation,2,0,0.5742371082305908,0,0.6948522925376892,False,2,0.5,1,"[0.130692, 0.140853, 0.285482, 0.222042, 0.220932]"
Actor,client,99,4104,0,MR,attack_nonmember,evaluation,3,0,0.5631760954856873,1,0.5564348697662354,False,0,,1,"[0.128676, 0.247762, 0.143166, 0.341253, 0.139143]"
Actor,client,99,4126,0,MR,attack_nonmember,evaluation,0,0,0.49336788058280945,0,0.5510123372077942,False,2,0.0,0,"[0.182907, 0.215335, 0.278161, 0.140585, 0.183011]"
Actor,client,99,4137,0,MR,attack_nonmember,evaluation,1,0,0.4603738486766815,0,0.5864935517311096,False,5,0.0,0,"[0.147575, 0.18165, 0.170126, 0.286144, 0.214504]"
Actor,client,99,4177,0,MR,attack_nonmember,evaluation,4,0,0.545193076133728,0,0.6842027902603149,False,0,,0,"[0.135838, 0.348946, 0.097358, 0.185701, 0.232156]"
Actor,client,99,4231,0,MR,attack_nonmember,evaluation,0,0,0.29756465554237366,0,0.5510123372077942,False,0,,0,"[0.13208, 0.340354, 0.203898, 0.176899, 0.146769]"
Actor,client,99,4254,0,MR,attack_nonmember,evaluation,4,0,0.41477420926094055,0,0.6842027902603149,False,2,0.5,0,"[0.133546, 0.111043, 0.233837, 0.295649, 0.225924]"
Actor,client,99,4303,0,MR,attack_nonmember,evaluation,4,0,0.5819388031959534,0,0.6842027902603149,False,1,1.0,1,"[0.082333, 0.195488, 0.101263, 0.287581, 0.333335]"
Actor,client,99,4310,0,MR,attack_nonmember,evaluation,4,0,0.655209481716156,0,0.6842027902603149,False,3,0.0,1,"[0.121894, 0.263641, 0.173211, 0.150406, 0.290848]"
Actor,client,99,4377,0,MR,attack_nonmember,evaluation,1,0,0.5117453336715698,0,0.5864935517311096,False,3,0.0,0,"[0.135881, 0.210265, 0.170434, 0.249809, 0.23361]"
Actor,client,99,4408,0,MR,attack_nonmember,evaluation,1,0,0.2632818818092346,0,0.5864935517311096,False,2,0.0,0,"[0.063287, 0.085916, 0.082791, 0.501404, 0.266602]"
Actor,client,99,4425,0,MR,attack_nonmember,evaluation,0,0,0.48069867491722107,0,0.5510123372077942,False,1,1.0,0,"[0.171059, 0.192016, 0.262361, 0.177039, 0.197525]"
Actor,client,99,4666,0,MR,attack_nonmember,evaluation,4,0,0.6694526672363281,0,0.6842027902603149,False,1,0.0,1,"[0.10357, 0.109098, 0.188898, 0.188533, 0.409901]"
Actor,client,99,4734,0,MR,attack_nonmember,evaluation,2,0,0.4612771272659302,0,0.6948522925376892,False,1,0.0,0,"[0.164935, 0.249342, 0.218837, 0.160925, 0.205962]"
Actor,client,99,4754,0,MR,attack_nonmember,evaluation,3,0,0.38508903980255127,0,0.5564348697662354,False,1,0.0,0,"[0.108179, 0.190927, 0.188358, 0.206016, 0.30652]"
Actor,client,99,4868,0,MR,attack_nonmember,evaluation,0,0,0.5085910558700562,0,0.5510123372077942,False,1,0.0,0,"[0.181146, 0.181161, 0.288695, 0.176036, 0.172962]"
Actor,client,99,4913,0,MR,attack_nonmember,evaluation,0,0,0.3358997404575348,0,0.5510123372077942,False,0,,0,"[0.12668, 0.230304, 0.380917, 0.111117, 0.150981]"
Actor,client,99,4944,0,MR,attack_nonmember,evaluation,3,0,0.3616582453250885,0,0.5564348697662354,False,4,0.0,0,"[0.116867, 0.250373, 0.221604, 0.186777, 0.22438]"
Actor,client,99,4950,0,MR,attack_nonmember,evaluation,0,0,0.32917076349258423,0,0.5510123372077942,False,4,0.0,0,"[0.111653, 0.195346, 0.277031, 0.250352, 0.165617]"
Actor,client,99,4963,0,MR,attack_nonmember,evaluation,1,0,0.2992032468318939,0,0.5864935517311096,False,1,0.0,0,"[0.097143, 0.123309, 0.150661, 0.302808, 0.32608]"
Actor,client,99,4985,0,MR,attack_nonmember,evaluation,2,0,0.48559191823005676,0,0.6948522925376892,False,2,0.5,1,"[0.185505, 0.170913, 0.240114, 0.192416, 0.211053]"
Actor,client,99,5042,0,MR,attack_nonmember,evaluation,2,0,0.17071285843849182,0,0.6948522925376892,False,2,0.5,0,"[0.071243, 0.137754, 0.0507, 0.286489, 0.453815]"
Actor,client,99,5058,0,MR,attack_nonmember,evaluation,4,0,0.5194341540336609,0,0.6842027902603149,False,0,,1,"[0.02209, 0.026089, 0.212018, 0.366657, 0.373147]"
Actor,client,99,5245,0,MR,attack_nonmember,evaluation,3,0,0.3656312823295593,0,0.5564348697662354,False,0,,0,"[0.148942, 0.38113, 0.15452, 0.201, 0.114407]"
Actor,client,99,5280,0,MR,attack_nonmember,evaluation,0,0,0.5000355839729309,0,0.5510123372077942,False,1,0.0,0,"[0.171325, 0.186032, 0.159025, 0.221828, 0.26179]"
Actor,client,99,5312,0,MR,attack_nonmember,evaluation,1,0,0.2954161465167999,0,0.5864935517311096,False,5,0.2,0,"[0.104151, 0.135095, 0.213303, 0.197299, 0.350152]"
Actor,client,99,5361,0,MR,attack_nonmember,evaluation,2,0,0.5795153975486755,0,0.6948522925376892,False,0,,0,"[0.057706, 0.19098, 0.274562, 0.197143, 0.279609]"
Actor,client,99,5511,0,MR,attack_nonmember,evaluation,3,0,0.4975578188896179,0,0.5564348697662354,False,2,0.0,0,"[0.06011, 0.167239, 0.047508, 0.32076, 0.404382]"
Actor,client,99,5666,0,MR,attack_nonmember,evaluation,3,0,0.41267091035842896,0,0.5564348697662354,False,3,0.0,0,"[0.126174, 0.20214, 0.238478, 0.214966, 0.218242]"
Actor,client,99,5712,0,MR,attack_nonmember,evaluation,1,0,0.5180752873420715,0,0.5864935517311096,False,3,0.0,0,"[0.082231, 0.235076, 0.255817, 0.197122, 0.229754]"
Actor,client,99,5733,0,MR,attack_nonmember,evaluation,2,0,0.5497445464134216,0,0.6948522925376892,False,0,,0,"[0.052367, 0.082485, 0.264642, 0.228223, 0.372284]"
Actor,client,99,5741,0,MR,attack_nonmember,evaluation,4,0,0.4889785647392273,0,0.6842027902603149,False,0,,1,"[0.155117, 0.208035, 0.212292, 0.208563, 0.215993]"
Actor,client,99,5765,0,MR,attack_nonmember,evaluation,4,0,0.5959100723266602,0,0.6842027902603149,False,1,1.0,1,"[0.131404, 0.121835, 0.188198, 0.230989, 0.327575]"
Actor,client,99,5795,0,MR,attack_nonmember,evaluation,0,0,0.3490743935108185,0,0.5510123372077942,False,0,,0,"[0.137389, 0.253188, 0.285909, 0.209956, 0.113558]"
Actor,client,99,5835,0,MR,attack_nonmember,evaluation,3,0,0.38725918531417847,0,0.5564348697662354,False,1,0.0,0,"[0.198731, 0.235124, 0.17629, 0.18259, 0.207264]"
Actor,client,99,5906,0,MR,attack_nonmember,evaluation,3,0,0.33348754048347473,0,0.5564348697662354,False,0,,0,"[0.047532, 0.210239, 0.487741, 0.149212, 0.105276]"
Actor,client,99,5946,0,MR,attack_nonmember,evaluation,4,0,0.6015748977661133,0,0.6842027902603149,False,2,0.5,0,"[0.204219, 0.240199, 0.18655, 0.130188, 0.238844]"
Actor,client,99,6071,0,MR,attack_nonmember,evaluation,3,0,0.4885188639163971,0,0.5564348697662354,False,0,,0,"[0.043683, 0.179253, 0.403329, 0.274597, 0.099138]"
Actor,client,99,6078,0,MR,attack_nonmember,evaluation,2,0,0.4178652763366699,0,0.6948522925376892,False,0,,0,"[0.132022, 0.07471, 0.198193, 0.190423, 0.404652]"
Actor,client,99,6085,0,MR,attack_nonmember,evaluation,2,0,0.1078418642282486,0,0.6948522925376892,False,4,0.25,0,"[0.01687, 0.04876, 0.035615, 0.586525, 0.31223]"
Actor,client,99,6096,0,MR,attack_nonmember,evaluation,3,0,0.4792306125164032,0,0.5564348697662354,False,3,0.3333333333333333,0,"[0.061347, 0.105435, 0.270768, 0.271316, 0.291134]"
Actor,client,99,6209,0,MR,attack_nonmember,evaluation,3,0,0.368850439786911,0,0.5564348697662354,False,1,0.0,0,"[0.029727, 0.08262, 0.599759, 0.155653, 0.13224]"
Actor,client,99,6256,0,MR,attack_nonmember,evaluation,1,0,0.4810998737812042,0,0.5864935517311096,False,2,0.5,0,"[0.176216, 0.188819, 0.198022, 0.243022, 0.193921]"
Actor,client,99,6302,0,MR,attack_nonmember,evaluation,2,0,0.5083183646202087,0,0.6948522925376892,False,1,1.0,1,"[0.185675, 0.237557, 0.241195, 0.141337, 0.194236]"
Actor,client,99,6314,0,MR,attack_nonmember,evaluation,2,0,0.2662449777126312,0,0.6948522925376892,False,0,,0,"[0.065531, 0.240796, 0.146463, 0.391352, 0.155857]"
Actor,client,99,6322,0,MR,attack_nonmember,evaluation,1,0,0.3381310999393463,0,0.5864935517311096,False,0,,0,"[0.195027, 0.123467, 0.282489, 0.261473, 0.137544]"
Actor,client,99,6323,0,MR,attack_nonmember,evaluation,3,0,0.42090269923210144,0,0.5564348697662354,False,4,0.0,0,"[0.13754, 0.179314, 0.276226, 0.209831, 0.197088]"
Actor,client,99,6336,0,MR,attack_nonmember,evaluation,2,0,0.3425852358341217,0,0.6948522925376892,False,0,,0,"[0.072623, 0.192229, 0.159227, 0.229247, 0.346674]"
Actor,client,99,6358,0,MR,attack_nonmember,evaluation,4,0,0.055591970682144165,0,0.6842027902603149,False,0,,0,"[0.019845, 0.016764, 0.175685, 0.670549, 0.117157]"
Actor,client,99,6468,0,MR,attack_nonmember,evaluation,2,0,0.5996088981628418,0,0.6948522925376892,False,4,0.25,1,"[0.128457, 0.142183, 0.298169, 0.219542, 0.21165]"
Actor,client,99,6516,0,MR,attack_nonmember,evaluation,2,0,0.32738178968429565,0,0.6948522925376892,False,1,0.0,0,"[0.135739, 0.298748, 0.158617, 0.232563, 0.174333]"
Actor,client,99,6632,0,MR,attack_nonmember,evaluation,2,0,0.4704980254173279,0,0.6948522925376892,False,0,,0,"[0.071578, 0.086103, 0.268972, 0.428257, 0.14509]"
Actor,client,99,6742,0,MR,attack_nonmember,evaluation,3,0,0.34893494844436646,0,0.5564348697662354,False,0,,0,"[0.129205, 0.276919, 0.240735, 0.172729, 0.180413]"
Actor,client,99,6820,0,MR,attack_nonmember,evaluation,3,0,0.5875825881958008,1,0.5564348697662354,False,1,0.0,1,"[0.135392, 0.177031, 0.133353, 0.350674, 0.20355]"
Actor,client,99,6872,0,MR,attack_nonmember,evaluation,4,0,0.6115360260009766,0,0.6842027902603149,False,4,0.0,1,"[0.162523, 0.227579, 0.151589, 0.17865, 0.279659]"
Actor,client,99,6906,0,MR,attack_nonmember,evaluation,3,0,0.39284747838974,0,0.5564348697662354,False,3,0.3333333333333333,0,"[0.130035, 0.215083, 0.17438, 0.208623, 0.271879]"
Actor,client,99,6908,0,MR,attack_nonmember,evaluation,3,0,0.3427649736404419,0,0.5564348697662354,False,1,0.0,0,"[0.087773, 0.20137, 0.234471, 0.175342, 0.301044]"
Actor,client,99,6914,0,MR,attack_nonmember,evaluation,1,0,0.45548224449157715,0,0.5864935517311096,False,0,,0,"[0.181175, 0.184615, 0.150116, 0.187495, 0.296597]"
Actor,client,99,6917,0,MR,attack_nonmember,evaluation,4,0,0.21312642097473145,0,0.6842027902603149,False,1,1.0,0,"[0.00574, 0.030669, 0.009814, 0.661547, 0.29223]"
Actor,client,99,6945,0,MR,attack_nonmember,evaluation,4,0,0.5652875304222107,0,0.6842027902603149,False,2,0.5,1,"[0.171953, 0.210446, 0.20701, 0.16983, 0.240761]"
Actor,client,99,7002,0,MR,attack_nonmember,evaluation,4,0,0.41812917590141296,0,0.6842027902603149,False,3,0.6666666666666666,0,"[0.097398, 0.245341, 0.158521, 0.280376, 0.218363]"
Actor,client,99,7017,0,MR,attack_nonmember,evaluation,1,0,0.47081875801086426,0,0.5864935517311096,False,2,0.5,0,"[0.153934, 0.189537, 0.192082, 0.2495, 0.214947]"
Actor,client,99,7074,0,MR,attack_nonmember,evaluation,3,0,0.44006404280662537,0,0.5564348697662354,False,3,0.0,0,"[0.088063, 0.077313, 0.151637, 0.246635, 0.436352]"
Actor,client,99,7414,0,MR,attack_nonmember,evaluation,4,0,0.30709215998649597,0,0.6842027902603149,False,2,0.0,0,"[0.052312, 0.169842, 0.292428, 0.31, 0.175418]"
Actor,client,99,7439,0,MR,attack_nonmember,evaluation,1,0,0.2130163311958313,0,0.5864935517311096,False,0,,0,"[0.062726, 0.118108, 0.283084, 0.083746, 0.452336]"
Actor,client,99,7457,0,MR,attack_nonmember,evaluation,4,0,0.31430044770240784,0,0.6842027902603149,False,1,0.0,0,"[0.10591, 0.194574, 0.128383, 0.364871, 0.206262]"
Actor,client,99,7496,0,MR,attack_nonmember,evaluation,4,0,0.4556162655353546,0,0.6842027902603149,False,5,0.6,0,"[0.122331, 0.156374, 0.231022, 0.261033, 0.229239]"
Actor,client,99,7566,0,MR,attack_nonmember,evaluation,4,0,0.29762670397758484,0,0.6842027902603149,False,0,,0,"[0.007174, 0.042897, 0.013441, 0.607715, 0.328774]"
Actor,client,99,7599,0,MR,attack_nonmember,evaluation,3,0,0.301605761051178,0,0.5564348697662354,False,2,1.0,0,"[0.119536, 0.165212, 0.14382, 0.138485, 0.432947]"
Actor,client,99,3380,1,MR,attack_nonmember,evaluation,0,0,0.41441610455513,0,0.5510123372077942,False,1,0.0,0,"[0.151971, 0.222304, 0.183747, 0.28182, 0.160157]"
Actor,client,99,3388,1,MR,attack_nonmember,evaluation,0,0,0.4995676875114441,0,0.5510123372077942,False,1,0.0,0,"[0.185435, 0.221867, 0.228488, 0.177297, 0.186912]"
Actor,client,99,3420,1,MR,attack_nonmember,evaluation,1,0,0.4451963007450104,0,0.5864935517311096,False,3,0.0,0,"[0.151745, 0.185459, 0.204996, 0.210526, 0.247274]"
Actor,client,99,3436,1,MR,attack_nonmember,evaluation,0,0,0.4040459394454956,0,0.5510123372077942,False,1,0.0,0,"[0.143705, 0.205521, 0.260821, 0.187553, 0.2024]"
Actor,client,99,3478,1,MR,attack_nonmember,evaluation,0,0,0.3003806471824646,0,0.5510123372077942,False,0,,0,"[0.127163, 0.300514, 0.286025, 0.170906, 0.115392]"
Actor,client,99,3481,1,MR,attack_nonmember,evaluation,3,0,0.6341971158981323,1,0.5564348697662354,False,3,0.6666666666666666,1,"[0.092019, 0.054518, 0.097306, 0.39301, 0.363147]"
Actor,client,99,3534,1,MR,attack_nonmember,evaluation,4,0,0.5406904816627502,0,0.6842027902603149,False,1,0.0,1,"[0.110007, 0.227786, 0.119155, 0.262804, 0.280249]"
Actor,client,99,3794,1,MR,attack_nonmember,evaluation,3,0,0.365654319524765,0,0.5564348697662354,False,4,0.75,0,"[0.139701, 0.227601, 0.200154, 0.18252, 0.250025]"
Actor,client,99,3870,1,MR,attack_nonmember,evaluation,4,0,0.4824356436729431,0,0.6842027902603149,False,0,,0,"[0.069273, 0.197811, 0.17088, 0.29664, 0.265396]"
Actor,client,99,3896,1,MR,attack_nonmember,evaluation,4,0,0.34593427181243896,0,0.6842027902603149,False,6,0.3333333333333333,0,"[0.107546, 0.283428, 0.213256, 0.236583, 0.159187]"
Actor,client,99,3934,1,MR,attack_nonmember,evaluation,4,0,0.2459651082754135,0,0.6842027902603149,False,0,,0,"[0.098446, 0.398719, 0.152735, 0.238766, 0.111334]"
Actor,client,99,4060,1,MR,attack_nonmember,evaluation,1,0,0.312690794467926,0,0.5864935517311096,False,0,,0,"[0.047119, 0.104201, 0.179336, 0.582769, 0.086576]"
Actor,client,99,4098,1,MR,attack_nonmember,evaluation,2,0,0.465647429227829,0,0.6948522925376892,False,3,0.0,0,"[0.147647, 0.175107, 0.229065, 0.209273, 0.238908]"
Actor,client,99,4115,1,MR,attack_nonmember,evaluation,2,0,0.556153416633606,0,0.6948522925376892,False,2,0.0,1,"[0.095153, 0.205929, 0.263367, 0.18087, 0.254682]"
Actor,client,99,4156,1,MR,attack_nonmember,evaluation,3,0,0.36875879764556885,0,0.5564348697662354,False,0,,0,"[0.179105, 0.119125, 0.342673, 0.141778, 0.217319]"
Actor,client,99,4242,1,MR,attack_nonmember,evaluation,0,0,0.4671894609928131,0,0.5510123372077942,False,1,0.0,0,"[0.14555, 0.101702, 0.337413, 0.221334, 0.194001]"
Actor,client,99,4409,1,MR,attack_nonmember,evaluation,3,0,0.3215155005455017,0,0.5564348697662354,False,3,0.0,0,"[0.112789, 0.1385, 0.360608, 0.126696, 0.261407]"
Actor,client,99,4549,1,MR,attack_nonmember,evaluation,2,0,0.4813742935657501,0,0.6948522925376892,False,4,0.25,0,"[0.085796, 0.195555, 0.229429, 0.206881, 0.282339]"
Actor,client,99,4571,1,MR,attack_nonmember,evaluation,0,0,0.35040876269340515,0,0.5510123372077942,False,5,0.0,0,"[0.120253, 0.223169, 0.196339, 0.178924, 0.281314]"
Actor,client,99,4588,1,MR,attack_nonmember,evaluation,4,0,0.456066370010376,0,0.6842027902603149,False,1,0.0,0,"[0.209018, 0.108068, 0.242218, 0.228707, 0.211989]"
Actor,client,99,4660,1,MR,attack_nonmember,evaluation,4,0,0.4767718017101288,0,0.6842027902603149,False,0,,0,"[0.117071, 0.351476, 0.107825, 0.211733, 0.211895]"
Actor,client,99,4671,1,MR,attack_nonmember,evaluation,0,0,0.4916934370994568,0,0.5510123372077942,False,1,0.0,0,"[0.165924, 0.175389, 0.197105, 0.188669, 0.272914]"
Actor,client,99,4773,1,MR,attack_nonmember,evaluation,4,0,0.47617900371551514,0,0.6842027902603149,False,2,0.5,0,"[0.153821, 0.202903, 0.236369, 0.201904, 0.205004]"
Actor,client,99,4785,1,MR,attack_nonmember,evaluation,3,0,0.4464387595653534,0,0.5564348697662354,False,10,0.6,0,"[0.126618, 0.171896, 0.187575, 0.243, 0.270911]"
Actor,client,99,4811,1,MR,attack_nonmember,evaluation,2,0,0.537861168384552,0,0.6948522925376892,False,0,,0,"[0.144775, 0.261488, 0.24513, 0.110811, 0.237796]"
Actor,client,99,5015,1,MR,attack_nonmember,evaluation,1,0,0.6526431441307068,1,0.5864935517311096,False,2,0.0,1,"[0.13984, 0.278275, 0.21489, 0.179134, 0.18786]"
Actor,client,99,5017,1,MR,attack_nonmember,evaluation,3,0,0.56357342004776,1,0.5564348697662354,False,1,0.0,1,"[0.102982, 0.148756, 0.197607, 0.332079, 0.218575]"
Actor,client,99,5072,1,MR,attack_nonmember,evaluation,2,0,0.5065436959266663,0,0.6948522925376892,False,1,0.0,0,"[0.092323, 0.301423, 0.247576, 0.226093, 0.132585]"
Actor,client,99,5108,1,MR,attack_nonmember,evaluation,4,0,0.5199495553970337,0,0.6842027902603149,False,2,0.5,1,"[0.118382, 0.220877, 0.153301, 0.248915, 0.258525]"
Actor,client,99,5345,1,MR,attack_nonmember,evaluation,1,0,0.22399650514125824,0,0.5864935517311096,False,0,,0,"[0.120255, 0.09506, 0.295206, 0.194351, 0.295128]"
Actor,client,99,5465,1,MR,attack_nonmember,evaluation,4,0,0.45658165216445923,0,0.6842027902603149,False,1,0.0,0,"[0.165904, 0.141909, 0.207537, 0.257045, 0.227605]"
Actor,client,99,5540,1,MR,attack_nonmember,evaluation,3,0,0.49805307388305664,0,0.5564348697662354,False,1,1.0,1,"[0.096118, 0.167807, 0.152512, 0.29482, 0.288743]"
Actor,client,99,5623,1,MR,attack_nonmember,evaluation,2,0,0.3487946391105652,0,0.6948522925376892,False,5,0.0,0,"[0.162628, 0.162447, 0.170536, 0.217378, 0.28701]"
Actor,client,99,5661,1,MR,attack_nonmember,evaluation,0,0,0.40811964869499207,0,0.5510123372077942,False,0,,0,"[0.159107, 0.242155, 0.280448, 0.203672, 0.114618]"
Actor,client,99,5669,1,MR,attack_nonmember,evaluation,2,0,0.834774911403656,1,0.6948522925376892,False,0,,1,"[0.110186, 0.176338, 0.446744, 0.160696, 0.106035]"
Actor,client,99,5688,1,MR,attack_nonmember,evaluation,2,0,0.48114094138145447,0,0.6948522925376892,False,3,0.3333333333333333,0,"[0.04057, 0.148281, 0.251363, 0.336004, 0.223782]"
Actor,client,99,5727,1,MR,attack_nonmember,evaluation,2,0,0.43845129013061523,0,0.6948522925376892,False,0,,0,"[0.136444, 0.22716, 0.221709, 0.245801, 0.168885]"
Actor,client,99,5853,1,MR,attack_nonmember,evaluation,1,0,0.4536455273628235,0,0.5864935517311096,False,3,0.3333333333333333,0,"[0.149852, 0.188356, 0.209688, 0.217903, 0.2342]"
Actor,client,99,5953,1,MR,attack_nonmember,evaluation,3,0,0.35896363854408264,0,0.5564348697662354,False,1,0.0,0,"[0.187549, 0.245741, 0.253205, 0.155752, 0.157754]"
Actor,client,99,5977,1,MR,attack_nonmember,evaluation,4,0,0.39634761214256287,0,0.6842027902603149,False,1,0.0,0,"[0.098912, 0.202901, 0.19977, 0.287869, 0.210547]"
Actor,client,99,6043,1,MR,attack_nonmember,evaluation,4,0,0.47693514823913574,0,0.6842027902603149,False,11,0.18181818181818182,0,"[0.081931, 0.171391, 0.256385, 0.252909, 0.237385]"
Actor,client,99,6098,1,MR,attack_nonmember,evaluation,3,0,0.43197867274284363,0,0.5564348697662354,False,2,0.5,0,"[0.219646, 0.141805, 0.12523, 0.205586, 0.307733]"
Actor,client,99,6135,1,MR,attack_nonmember,evaluation,4,0,0.5407145619392395,0,0.6842027902603149,False,4,0.25,1,"[0.13526, 0.170504, 0.236453, 0.207021, 0.250762]"
Actor,client,99,6138,1,MR,attack_nonmember,evaluation,4,0,0.489604115486145,0,0.6842027902603149,False,1,0.0,0,"[0.111509, 0.143044, 0.204248, 0.278504, 0.262695]"
Actor,client,99,6170,1,MR,attack_nonmember,evaluation,1,0,0.5350207686424255,0,0.5864935517311096,False,3,0.0,0,"[0.193397, 0.215977, 0.219937, 0.172428, 0.19826]"
Actor,client,99,6260,1,MR,attack_nonmember,evaluation,1,0,0.3785560429096222,0,0.5864935517311096,False,9,0.1111111111111111,0,"[0.100158, 0.175297, 0.256506, 0.187143, 0.280896]"
Actor,client,99,6333,1,MR,attack_nonmember,evaluation,4,0,0.3552404046058655,0,0.6842027902603149,False,4,0.0,0,"[0.140921, 0.138617, 0.143701, 0.354547, 0.222215]"
Actor,client,99,6476,1,MR,attack_nonmember,evaluation,4,0,0.5764642357826233,0,0.6842027902603149,False,3,0.0,1,"[0.160367, 0.165164, 0.212333, 0.192286, 0.269851]"
Actor,client,99,6501,1,MR,attack_nonmember,evaluation,4,0,0.584470808506012,0,0.6842027902603149,False,1,0.0,1,"[0.068154, 0.07394, 0.285472, 0.240623, 0.33181]"
Actor,client,99,6596,1,MR,attack_nonmember,evaluation,4,0,0.5930938720703125,0,0.6842027902603149,False,7,0.14285714285714285,1,"[0.048823, 0.245032, 0.181129, 0.230339, 0.294677]"
Actor,client,99,6759,1,MR,attack_nonmember,evaluation,0,0,0.39826422929763794,0,0.5510123372077942,False,9,0.4444444444444444,0,"[0.136841, 0.19634, 0.210328, 0.235498, 0.220993]"
Actor,client,99,6781,1,MR,attack_nonmember,evaluation,3,0,0.8925971984863281,1,0.5564348697662354,False,0,,1,"[0.043234, 0.025171, 0.073561, 0.741448, 0.116587]"
Actor,client,99,6835,1,MR,attack_nonmember,evaluation,1,0,0.4678896367549896,0,0.5864935517311096,False,3,0.3333333333333333,0,"[0.166599, 0.194307, 0.208392, 0.185026, 0.245676]"
Actor,client,99,6861,1,MR,attack_nonmember,evaluation,4,0,0.37380674481391907,0,0.6842027902603149,False,1,0.0,0,"[0.136753, 0.205681, 0.145164, 0.305777, 0.206626]"
Actor,client,99,6863,1,MR,attack_nonmember,evaluation,4,0,0.3970135450363159,0,0.6842027902603149,False,1,1.0,0,"[0.124761, 0.256298, 0.171353, 0.254789, 0.192798]"
Actor,client,99,6891,1,MR,attack_nonmember,evaluation,2,0,0.43405264616012573,0,0.6948522925376892,False,9,0.2222222222222222,0,"[0.095601, 0.25146, 0.210367, 0.225222, 0.217351]"
Actor,client,99,7035,1,MR,attack_nonmember,evaluation,1,0,0.33189478516578674,0,0.5864935517311096,False,2,0.5,0,"[0.148164, 0.145046, 0.315276, 0.174965, 0.216549]"
Actor,client,99,7143,1,MR,attack_nonmember,evaluation,3,0,0.4487135410308838,0,0.5564348697662354,False,5,0.4,0,"[0.084607, 0.112541, 0.106312, 0.263609, 0.432932]"
Actor,client,99,7162,1,MR,attack_nonmember,evaluation,4,0,0.5445013046264648,0,0.6842027902603149,False,2,0.0,1,"[0.114386, 0.127311, 0.139649, 0.296711, 0.321943]"
Actor,client,99,7168,1,MR,attack_nonmember,evaluation,4,0,0.664821207523346,0,0.6842027902603149,False,1,0.0,0,"[0.082329, 0.19743, 0.355792, 0.09405, 0.270399]"
Actor,client,99,7180,1,MR,attack_nonmember,evaluation,3,0,0.41863200068473816,0,0.5564348697662354,False,2,1.0,0,"[0.161277, 0.196586, 0.185697, 0.213627, 0.242813]"
Actor,client,99,7256,1,MR,attack_nonmember,evaluation,3,0,0.4488663077354431,0,0.5564348697662354,False,5,0.2,0,"[0.154381, 0.182075, 0.15249, 0.24089, 0.270165]"
Actor,client,99,7275,1,MR,attack_nonmember,evaluation,4,0,0.46421539783477783,0,0.6842027902603149,False,2,0.0,0,"[0.151369, 0.176575, 0.198051, 0.248322, 0.225684]"
Actor,client,99,7311,1,MR,attack_nonmember,evaluation,3,0,0.4475535750389099,0,0.5564348697662354,False,3,0.3333333333333333,1,"[0.112367, 0.186134, 0.2139, 0.246723, 0.240876]"
Actor,client,99,7359,1,MR,attack_nonmember,evaluation,2,0,0.37819692492485046,0,0.6948522925376892,False,1,0.0,0,"[0.052964, 0.33039, 0.167629, 0.185641, 0.263376]"
Actor,client,99,7525,1,MR,attack_nonmember,evaluation,4,0,0.6587574481964111,0,0.6842027902603149,False,0,,1,"[0.186516, 0.05318, 0.141861, 0.161626, 0.456817]"
Actor,client,99,7544,1,MR,attack_nonmember,evaluation,4,0,0.7352296113967896,1,0.6842027902603149,False,0,,1,"[0.138483, 0.136553, 0.143152, 0.099194, 0.482617]"
Actor,client,99,7581,1,MR,attack_nonmember,evaluation,4,0,0.695809006690979,1,0.6842027902603149,False,3,0.3333333333333333,1,"[0.093384, 0.175379, 0.202702, 0.155986, 0.37255]"
Actor,client,99,19,2,MR,attack_nonmember,evaluation,4,0,0.6594187617301941,0,0.6842027902603149,False,1,0.0,1,"[0.106852, 0.097972, 0.088478, 0.234348, 0.47235]"
Actor,client,99,253,2,MR,attack_nonmember,evaluation,3,0,0.3105293810367584,0,0.5564348697662354,False,1,0.0,0,"[0.186254, 0.186571, 0.239848, 0.112881, 0.274446]"
Actor,client,99,316,2,MR,attack_nonmember,evaluation,4,0,0.44322723150253296,0,0.6842027902603149,False,1,0.0,0,"[0.100912, 0.143293, 0.176092, 0.321568, 0.258135]"
Actor,client,99,378,2,MR,attack_nonmember,evaluation,2,0,0.5159658789634705,0,0.6948522925376892,False,1,0.0,1,"[0.168544, 0.151514, 0.262364, 0.233703, 0.183874]"
Actor,client,99,527,2,MR,attack_nonmember,evaluation,2,0,0.4378107786178589,0,0.6948522925376892,False,1,1.0,0,"[0.188045, 0.217215, 0.213771, 0.18181, 0.199158]"
Actor,client,99,537,2,MR,attack_nonmember,evaluation,1,0,0.474575936794281,0,0.5864935517311096,False,1,0.0,0,"[0.153504, 0.193762, 0.209015, 0.232135, 0.211584]"
Actor,client,99,590,2,MR,attack_nonmember,evaluation,2,0,0.4747998118400574,0,0.6948522925376892,False,1,0.0,0,"[0.105038, 0.157398, 0.250544, 0.311892, 0.175127]"
Actor,client,99,620,2,MR,attack_nonmember,evaluation,2,0,0.464601069688797,0,0.6948522925376892,False,2,0.0,0,"[0.151131, 0.235631, 0.220954, 0.170716, 0.221568]"
Actor,client,99,696,2,MR,attack_nonmember,evaluation,4,0,0.43200185894966125,0,0.6842027902603149,False,2,0.0,0,"[0.084603, 0.155296, 0.175112, 0.329557, 0.255433]"
Actor,client,99,1075,2,MR,attack_nonmember,evaluation,4,0,0.48973947763442993,0,0.6842027902603149,False,1,0.0,0,"[0.159747, 0.200494, 0.218067, 0.206347, 0.215345]"
Actor,client,99,1121,2,MR,attack_nonmember,evaluation,0,0,0.4222809672355652,0,0.5510123372077942,False,1,0.0,0,"[0.145431, 0.190811, 0.206443, 0.243929, 0.213386]"
Actor,client,99,1441,2,MR,attack_nonmember,evaluation,3,0,0.46233227849006653,0,0.5564348697662354,False,1,1.0,1,"[0.13768, 0.19565, 0.203586, 0.251031, 0.212053]"
Actor,client,99,1596,2,MR,attack_nonmember,evaluation,1,0,0.5494980216026306,0,0.5864935517311096,False,1,0.0,0,"[0.15161, 0.218089, 0.174347, 0.272678, 0.183277]"
Actor,client,99,1948,2,MR,attack_nonmember,evaluation,4,0,0.4427042305469513,0,0.6842027902603149,False,1,0.0,0,"[0.133247, 0.237505, 0.172945, 0.245319, 0.210985]"
Actor,client,99,1957,2,MR,attack_nonmember,evaluation,3,0,0.3953199088573456,0,0.5564348697662354,False,1,1.0,0,"[0.16808, 0.213496, 0.240263, 0.188597, 0.189563]"
Actor,client,99,1978,2,MR,attack_nonmember,evaluation,1,0,0.5560386180877686,0,0.5864935517311096,False,1,0.0,0,"[0.116842, 0.229428, 0.172803, 0.27524, 0.205687]"
Actor,client,99,2143,2,MR,attack_nonmember,evaluation,1,0,0.36249661445617676,0,0.5864935517311096,False,2,0.0,0,"[0.162408, 0.136412, 0.172983, 0.294949, 0.233249]"
Actor,client,99,2224,2,MR,attack_nonmember,evaluation,1,0,0.5130676627159119,0,0.5864935517311096,False,0,,0,"[0.15944, 0.224831, 0.243374, 0.112465, 0.25989]"
Actor,client,99,2334,2,MR,attack_nonmember,evaluation,2,0,0.31202432513237,0,0.6948522925376892,False,0,,0,"[0.083685, 0.323482, 0.150681, 0.266047, 0.176106]"
Actor,client,99,2351,2,MR,attack_nonmember,evaluation,3,0,0.4644244611263275,0,0.5564348697662354,False,2,0.5,1,"[0.15264, 0.167428, 0.222467, 0.241971, 0.215494]"
Actor,client,99,2506,2,MR,attack_nonmember,evaluation,4,0,0.6400788426399231,0,0.6842027902603149,False,1,0.0,1,"[0.11358, 0.135061, 0.22976, 0.185171, 0.336428]"
Actor,client,99,2745,2,MR,attack_nonmember,evaluation,3,0,0.4363012909889221,0,0.5564348697662354,False,1,1.0,1,"[0.19746, 0.191581, 0.206301, 0.210867, 0.19379]"
Actor,client,99,2898,2,MR,attack_nonmember,evaluation,2,0,0.4072911739349365,0,0.6948522925376892,False,1,0.0,0,"[0.149199, 0.207938, 0.203635, 0.230576, 0.208652]"
Actor,client,99,2907,2,MR,attack_nonmember,evaluation,3,0,0.4736357033252716,0,0.5564348697662354,False,1,1.0,1,"[0.170835, 0.195396, 0.19355, 0.249078, 0.191141]"
Actor,client,99,3041,2,MR,attack_nonmember,evaluation,3,0,0.4143042266368866,0,0.5564348697662354,False,1,1.0,0,"[0.177078, 0.216743, 0.195534, 0.205793, 0.204852]"
Actor,client,99,3272,2,MR,attack_nonmember,evaluation,2,0,0.4489979147911072,0,0.6948522925376892,False,2,0.0,0,"[0.130286, 0.177181, 0.22195, 0.225477, 0.245107]"
Actor,client,99,3504,2,MR,attack_nonmember,evaluation,3,0,0.44342851638793945,0,0.5564348697662354,False,2,0.5,0,"[0.454799, 0.165151, 0.062739, 0.143921, 0.173389]"
Actor,client,99,3517,2,MR,attack_nonmember,evaluation,0,0,0.5397522449493408,0,0.5510123372077942,False,1,0.0,0,"[0.188227, 0.175995, 0.225204, 0.192559, 0.218014]"
Actor,client,99,3560,2,MR,attack_nonmember,evaluation,4,0,0.4294542372226715,0,0.6842027902603149,False,2,0.0,0,"[0.066552, 0.181683, 0.137284, 0.349617, 0.264863]"
Actor,client,99,3637,2,MR,attack_nonmember,evaluation,4,0,0.5067075490951538,0,0.6842027902603149,False,1,0.0,0,"[0.092904, 0.17907, 0.189781, 0.271443, 0.266803]"
Actor,client,99,3650,2,MR,attack_nonmember,evaluation,4,0,0.4835539162158966,0,0.6842027902603149,False,1,0.0,0,"[0.080955, 0.05663, 0.238981, 0.324494, 0.29894]"
Actor,client,99,3805,2,MR,attack_nonmember,evaluation,2,0,0.2875913381576538,0,0.6948522925376892,False,1,0.0,0,"[0.118631, 0.180342, 0.14522, 0.29179, 0.264017]"
Actor,client,99,3817,2,MR,attack_nonmember,evaluation,0,0,0.5507687926292419,0,0.5510123372077942,False,1,0.0,0,"[0.197358, 0.195453, 0.174148, 0.243006, 0.190034]"
Actor,client,99,3931,2,MR,attack_nonmember,evaluation,2,0,0.33912137150764465,0,0.6948522925376892,False,2,0.0,0,"[0.107926, 0.133365, 0.140089, 0.130977, 0.487643]"
Actor,client,99,4320,2,MR,attack_nonmember,evaluation,1,0,0.4754783511161804,0,0.5864935517311096,False,1,0.0,0,"[0.134857, 0.193389, 0.205719, 0.271675, 0.19436]"
Actor,client,99,4340,2,MR,attack_nonmember,evaluation,3,0,0.4184991121292114,0,0.5564348697662354,False,3,0.3333333333333333,0,"[0.106486, 0.243762, 0.159675, 0.24066, 0.249418]"
Actor,client,99,4625,2,MR,attack_nonmember,evaluation,3,0,0.40199464559555054,0,0.5564348697662354,False,1,1.0,0,"[0.194943, 0.202073, 0.205762, 0.187684, 0.209538]"
Actor,client,99,4663,2,MR,attack_nonmember,evaluation,4,0,0.48480284214019775,0,0.6842027902603149,False,2,0.0,0,"[0.212211, 0.210811, 0.205889, 0.176962, 0.194127]"
Actor,client,99,4875,2,MR,attack_nonmember,evaluation,2,0,0.3913577198982239,0,0.6948522925376892,False,1,0.0,0,"[0.227508, 0.184559, 0.195291, 0.188675, 0.203968]"
Actor,client,99,4876,2,MR,attack_nonmember,evaluation,1,0,0.6328164339065552,1,0.5864935517311096,False,0,,0,"[0.18525, 0.25548, 0.263127, 0.197119, 0.099023]"
Actor,client,99,4935,2,MR,attack_nonmember,evaluation,1,0,0.4421880543231964,0,0.5864935517311096,False,1,0.0,0,"[0.097588, 0.179111, 0.175033, 0.345277, 0.202992]"
Actor,client,99,5287,2,MR,attack_nonmember,evaluation,3,0,0.4567369222640991,0,0.5564348697662354,False,1,1.0,1,"[0.144334, 0.184232, 0.233965, 0.239527, 0.197942]"
Actor,client,99,5461,2,MR,attack_nonmember,evaluation,2,0,0.4709853529930115,0,0.6948522925376892,False,3,0.3333333333333333,0,"[0.13228, 0.103191, 0.234297, 0.230729, 0.299503]"
Actor,client,99,5706,2,MR,attack_nonmember,evaluation,4,0,0.4175008535385132,0,0.6842027902603149,False,2,0.0,0,"[0.128848, 0.168745, 0.248495, 0.252251, 0.201662]"
Actor,client,99,5755,2,MR,attack_nonmember,evaluation,4,0,0.5316855311393738,0,0.6842027902603149,False,1,0.0,1,"[0.172211, 0.188705, 0.180691, 0.212214, 0.246179]"
Actor,client,99,5923,2,MR,attack_nonmember,evaluation,3,0,0.5198234915733337,0,0.5564348697662354,False,1,1.0,1,"[0.118558, 0.145819, 0.137506, 0.302457, 0.295659]"
Actor,client,99,6089,2,MR,attack_nonmember,evaluation,3,0,0.5064584016799927,0,0.5564348697662354,False,1,1.0,1,"[0.104013, 0.185499, 0.211349, 0.292255, 0.206884]"
Actor,client,99,6128,2,MR,attack_nonmember,evaluation,3,0,0.4635342061519623,0,0.5564348697662354,False,1,1.0,1,"[0.091329, 0.183518, 0.215296, 0.265026, 0.244831]"
Actor,client,99,6252,2,MR,attack_nonmember,evaluation,2,0,0.4177340269088745,0,0.6948522925376892,False,1,0.0,0,"[0.14934, 0.179699, 0.216492, 0.265547, 0.188923]"
Actor,client,99,6351,2,MR,attack_nonmember,evaluation,4,0,0.6258133053779602,0,0.6842027902603149,False,1,0.0,1,"[0.124417, 0.187782, 0.134038, 0.221582, 0.33218]"
Actor,client,99,6403,2,MR,attack_nonmember,evaluation,1,0,0.4912875294685364,0,0.5864935517311096,False,1,0.0,0,"[0.128208, 0.206322, 0.213571, 0.237222, 0.214678]"
Actor,client,99,6488,2,MR,attack_nonmember,evaluation,1,0,0.4509356617927551,0,0.5864935517311096,False,1,0.0,0,"[0.107429, 0.189384, 0.200569, 0.280667, 0.221952]"
Actor,client,99,6633,2,MR,attack_nonmember,evaluation,1,0,0.41978493332862854,0,0.5864935517311096,False,2,0.0,0,"[0.169869, 0.170566, 0.250357, 0.213691, 0.195517]"
Actor,client,99,6645,2,MR,attack_nonmember,evaluation,2,0,0.37922367453575134,0,0.6948522925376892,False,1,0.0,0,"[0.215325, 0.214957, 0.182453, 0.165323, 0.221942]"
Actor,client,99,6778,2,MR,attack_nonmember,evaluation,1,0,0.5588764548301697,0,0.5864935517311096,False,1,0.0,1,"[0.181736, 0.223743, 0.184861, 0.204618, 0.205041]"
Actor,client,99,6894,2,MR,attack_nonmember,evaluation,1,0,0.4805115759372711,0,0.5864935517311096,False,1,0.0,0,"[0.13785, 0.200496, 0.191827, 0.228749, 0.241077]"
Actor,client,99,42,3,MR,attack_nonmember,evaluation,3,0,0.5187475085258484,0,0.5564348697662354,False,0,,0,"[0.100227, 0.152264, 0.317887, 0.285024, 0.144597]"
Actor,client,99,74,3,MR,attack_nonmember,evaluation,3,0,0.4018131494522095,0,0.5564348697662354,False,2,0.0,0,"[0.167033, 0.209606, 0.245999, 0.192649, 0.184713]"
Actor,client,99,137,3,MR,attack_nonmember,evaluation,1,0,0.7611204385757446,1,0.5864935517311096,False,2,0.0,1,"[0.161255, 0.319709, 0.076763, 0.223311, 0.218961]"
Actor,client,99,182,3,MR,attack_nonmember,evaluation,2,0,0.20151129364967346,0,0.6948522925376892,False,3,0.6666666666666666,0,"[0.07944, 0.095993, 0.05758, 0.191526, 0.575462]"
Actor,client,99,276,3,MR,attack_nonmember,evaluation,4,0,0.7042872905731201,1,0.6842027902603149,False,0,,1,"[0.13624, 0.021329, 0.089479, 0.060935, 0.692016]"
Actor,client,99,403,3,MR,attack_nonmember,evaluation,2,0,0.4648967981338501,0,0.6948522925376892,False,1,0.0,0,"[0.203798, 0.136299, 0.213757, 0.109262, 0.336885]"
Actor,client,99,520,3,MR,attack_nonmember,evaluation,4,0,0.19698643684387207,0,0.6842027902603149,False,6,0.16666666666666666,0,"[0.123596, 0.157435, 0.185367, 0.38949, 0.144112]"
Actor,client,99,555,3,MR,attack_nonmember,evaluation,2,0,0.3502049446105957,0,0.6948522925376892,False,1,0.0,0,"[0.088378, 0.099036, 0.210481, 0.442857, 0.159248]"
Actor,client,99,558,3,MR,attack_nonmember,evaluation,2,0,0.2634856104850769,0,0.6948522925376892,False,0,,0,"[0.056085, 0.043987, 0.126155, 0.311791, 0.461981]"
Actor,client,99,859,3,MR,attack_nonmember,evaluation,4,0,0.472800612449646,0,0.6842027902603149,False,1,1.0,0,"[0.068285, 0.207545, 0.180715, 0.288839, 0.254617]"
Actor,client,99,867,3,MR,attack_nonmember,evaluation,2,0,0.27014225721359253,0,0.6948522925376892,False,2,0.5,0,"[0.049748, 0.194958, 0.141069, 0.36207, 0.252155]"
Actor,client,99,925,3,MR,attack_nonmember,evaluation,1,0,0.3105701804161072,0,0.5864935517311096,False,3,0.0,0,"[0.119728, 0.120811, 0.177303, 0.320355, 0.261802]"
Actor,client,99,1002,3,MR,attack_nonmember,evaluation,4,0,0.23068192601203918,0,0.6842027902603149,False,0,,0,"[0.085347, 0.033225, 0.114993, 0.531082, 0.235353]"
Actor,client,99,1023,3,MR,attack_nonmember,evaluation,1,0,0.49928009510040283,0,0.5864935517311096,False,0,,0,"[0.2079, 0.205654, 0.252412, 0.120039, 0.213996]"
Actor,client,99,1209,3,MR,attack_nonmember,evaluation,0,0,0.46154141426086426,0,0.5510123372077942,False,1,0.0,0,"[0.160232, 0.190504, 0.193137, 0.235727, 0.220399]"
Actor,client,99,1221,3,MR,attack_nonmember,evaluation,2,0,0.3646629750728607,0,0.6948522925376892,False,1,0.0,0,"[0.266453, 0.172696, 0.181525, 0.171091, 0.208235]"
Actor,client,99,1247,3,MR,attack_nonmember,evaluation,4,0,0.3595307767391205,0,0.6842027902603149,False,0,,0,"[0.028329, 0.128658, 0.128434, 0.439281, 0.275298]"
Actor,client,99,1285,3,MR,attack_nonmember,evaluation,3,0,0.4108353555202484,0,0.5564348697662354,False,2,0.5,0,"[0.157853, 0.229091, 0.148036, 0.217363, 0.247658]"
Actor,client,99,1309,3,MR,attack_nonmember,evaluation,4,0,0.20089012384414673,0,0.6842027902603149,False,4,0.25,0,"[0.165204, 0.226133, 0.060668, 0.396541, 0.151454]"
Actor,client,99,1321,3,MR,attack_nonmember,evaluation,1,0,0.49228665232658386,0,0.5864935517311096,False,2,0.0,0,"[0.184649, 0.192557, 0.161817, 0.229711, 0.231267]"
Actor,client,99,1406,3,MR,attack_nonmember,evaluation,2,0,0.4318617284297943,0,0.6948522925376892,False,1,0.0,0,"[0.111396, 0.107238, 0.215871, 0.249865, 0.315631]"
Actor,client,99,1418,3,MR,attack_nonmember,evaluation,3,0,0.5258545875549316,0,0.5564348697662354,False,1,1.0,1,"[0.171907, 0.188184, 0.185053, 0.286739, 0.168118]"
Actor,client,99,1421,3,MR,attack_nonmember,evaluation,3,0,0.3899410665035248,0,0.5564348697662354,False,2,0.0,0,"[0.19642, 0.200131, 0.13379, 0.187371, 0.282288]"
Actor,client,99,1437,3,MR,attack_nonmember,evaluation,4,0,0.6247909069061279,0,0.6842027902603149,False,2,0.0,1,"[0.122783, 0.099092, 0.223102, 0.204106, 0.350917]"
Actor,client,99,1473,3,MR,attack_nonmember,evaluation,2,0,0.5213224291801453,0,0.6948522925376892,False,1,0.0,1,"[0.149054, 0.228411, 0.247998, 0.162586, 0.211951]"
Actor,client,99,1549,3,MR,attack_nonmember,evaluation,1,0,0.6151171922683716,1,0.5864935517311096,False,3,0.3333333333333333,1,"[0.186121, 0.249698, 0.181307, 0.177734, 0.205141]"
Actor,client,99,1656,3,MR,attack_nonmember,evaluation,3,0,0.46907711029052734,0,0.5564348697662354,False,0,,1,"[0.152545, 0.155803, 0.230938, 0.243029, 0.217685]"
Actor,client,99,1658,3,MR,attack_nonmember,evaluation,3,0,0.38481634855270386,0,0.5564348697662354,False,0,,0,"[0.217493, 0.182949, 0.260729, 0.157913, 0.180915]"
Actor,client,99,1731,3,MR,attack_nonmember,evaluation,4,0,0.5334784388542175,0,0.6842027902603149,False,2,0.0,1,"[0.145749, 0.209486, 0.19693, 0.20601, 0.241826]"
Actor,client,99,1734,3,MR,attack_nonmember,evaluation,2,0,0.8307251930236816,1,0.6948522925376892,False,2,0.5,1,"[0.050401, 0.309125, 0.426294, 0.110987, 0.103193]"
Actor,client,99,1804,3,MR,attack_nonmember,evaluation,1,0,0.39094069600105286,0,0.5864935517311096,False,0,,0,"[0.051528, 0.174525, 0.26115, 0.320594, 0.192203]"
Actor,client,99,2026,3,MR,attack_nonmember,evaluation,2,0,0.4172321557998657,0,0.6948522925376892,False,1,0.0,0,"[0.174173, 0.247956, 0.203831, 0.192723, 0.181317]"
Actor,client,99,2088,3,MR,attack_nonmember,evaluation,3,0,0.457377165555954,0,0.5564348697662354,False,11,0.18181818181818182,0,"[0.125301, 0.285271, 0.121306, 0.272136, 0.195986]"
Actor,client,99,2183,3,MR,attack_nonmember,evaluation,0,0,0.31502842903137207,0,0.5510123372077942,False,0,,0,"[0.103579, 0.205149, 0.166118, 0.336104, 0.18905]"
Actor,client,99,2336,3,MR,attack_nonmember,evaluation,4,0,0.4390539824962616,0,0.6842027902603149,False,1,0.0,0,"[0.096047, 0.210643, 0.219928, 0.256731, 0.216651]"
Actor,client,99,2373,3,MR,attack_nonmember,evaluation,0,0,0.5030791759490967,0,0.5510123372077942,False,0,,0,"[0.162239, 0.126135, 0.251528, 0.242655, 0.217444]"
Actor,client,99,2378,3,MR,attack_nonmember,evaluation,4,0,0.5077658295631409,0,0.6842027902603149,False,2,0.0,0,"[0.165885, 0.170286, 0.260144, 0.187213, 0.216473]"
Actor,client,99,2453,3,MR,attack_nonmember,evaluation,4,0,0.41621172428131104,0,0.6842027902603149,False,1,0.0,0,"[0.129754, 0.147531, 0.185155, 0.305973, 0.231586]"
Actor,client,99,2502,3,MR,attack_nonmember,evaluation,1,0,0.3871893882751465,0,0.5864935517311096,False,1,0.0,0,"[0.164794, 0.152419, 0.258872, 0.258161, 0.165754]"
Actor,client,99,2535,3,MR,attack_nonmember,evaluation,3,0,0.5185483694076538,0,0.5564348697662354,False,2,0.5,1,"[0.1567, 0.173556, 0.208281, 0.282011, 0.179452]"
Actor,client,99,2540,3,MR,attack_nonmember,evaluation,2,0,0.5041530132293701,0,0.6948522925376892,False,4,0.25,0,"[0.108007, 0.151808, 0.26043, 0.286465, 0.19329]"
Actor,client,99,2562,3,MR,attack_nonmember,evaluation,4,0,0.6739344000816345,0,0.6842027902603149,False,1,1.0,1,"[0.123612, 0.192708, 0.184734, 0.160528, 0.338418]"
Actor,client,99,2599,3,MR,attack_nonmember,evaluation,2,0,0.409860759973526,0,0.6948522925376892,False,5,0.2,0,"[0.072221, 0.128668, 0.20716, 0.283811, 0.308141]"
Actor,client,99,2797,3,MR,attack_nonmember,evaluation,4,0,0.6172857284545898,0,0.6842027902603149,False,15,0.4,1,"[0.013248, 0.010271, 0.056487, 0.313497, 0.606496]"
Actor,client,99,2824,3,MR,attack_nonmember,evaluation,1,0,0.5016384720802307,0,0.5864935517311096,False,0,,0,"[0.12668, 0.230304, 0.380917, 0.111117, 0.150981]"
Actor,client,99,2892,3,MR,attack_nonmember,evaluation,4,0,0.4889785647392273,0,0.6842027902603149,False,0,,1,"[0.155117, 0.208035, 0.212292, 0.208563, 0.215993]"
Actor,client,99,2927,3,MR,attack_nonmember,evaluation,1,0,0.3184572160243988,0,0.5864935517311096,False,0,,0,"[0.19885, 0.117361, 0.209525, 0.22717, 0.247095]"
Actor,client,99,2963,3,MR,attack_nonmember,evaluation,4,0,0.5817272663116455,0,0.6842027902603149,False,2,0.5,1,"[0.16946, 0.163553, 0.142877, 0.225097, 0.299012]"
Actor,client,99,2982,3,MR,attack_nonmember,evaluation,1,0,0.3587871193885803,0,0.5864935517311096,False,4,0.0,0,"[0.069956, 0.166336, 0.241262, 0.245529, 0.276917]"
Actor,client,99,3027,3,MR,attack_nonmember,evaluation,2,0,0.18247553706169128,0,0.6948522925376892,False,1,0.0,0,"[0.006594, 0.020693, 0.096939, 0.491068, 0.384707]"
Actor,client,99,3104,3,MR,attack_nonmember,evaluation,2,0,0.6376115083694458,0,0.6948522925376892,False,0,,1,"[0.070218, 0.188863, 0.314526, 0.229741, 0.196652]"
Actor,client,99,3120,3,MR,attack_nonmember,evaluation,1,0,0.31722044944763184,0,0.5864935517311096,False,0,,0,"[0.061359, 0.175162, 0.094338, 0.058907, 0.610235]"
Actor,client,99,3136,3,MR,attack_nonmember,evaluation,4,0,0.47527560591697693,0,0.6842027902603149,False,2,0.5,0,"[0.107657, 0.186383, 0.200904, 0.263525, 0.24153]"
Actor,client,99,3138,3,MR,attack_nonmember,evaluation,3,0,0.4688955545425415,0,0.5564348697662354,False,3,0.0,0,"[0.084779, 0.143798, 0.111198, 0.280695, 0.37953]"
Actor,client,99,3145,3,MR,attack_nonmember,evaluation,4,0,0.3419756591320038,0,0.6842027902603149,False,2,0.5,0,"[0.070961, 0.138408, 0.153279, 0.397287, 0.240065]"
Actor,client,99,3293,3,MR,attack_nonmember,evaluation,0,0,0.3969835638999939,0,0.5510123372077942,False,0,,0,"[0.164561, 0.285045, 0.230564, 0.219768, 0.100062]"
Actor,client,99,23,4,MR,attack_nonmember,evaluation,4,0,0.5990985631942749,0,0.6842027902603149,False,1,1.0,1,"[0.134009, 0.128507, 0.14487, 0.248214, 0.3444]"
Actor,client,99,102,4,MR,attack_nonmember,evaluation,3,0,0.4235019385814667,0,0.5564348697662354,False,1,0.0,0,"[0.207212, 0.174795, 0.251412, 0.190532, 0.176049]"
Actor,client,99,342,4,MR,attack_nonmember,evaluation,0,0,0.2777438163757324,0,0.5510123372077942,False,2,0.5,0,"[0.097869, 0.293436, 0.096142, 0.152535, 0.360018]"
Actor,client,99,835,4,MR,attack_nonmember,evaluation,4,0,0.4550830125808716,0,0.6842027902603149,False,1,0.0,0,"[0.197543, 0.155111, 0.250228, 0.203131, 0.193988]"
Actor,client,99,1041,4,MR,attack_nonmember,evaluation,2,0,0.7525560259819031,1,0.6948522925376892,False,1,1.0,1,"[0.131074, 0.133406, 0.38138, 0.172084, 0.182056]"
Actor,client,99,1187,4,MR,attack_nonmember,evaluation,2,0,0.42340460419654846,0,0.6948522925376892,False,1,0.0,0,"[0.091953, 0.159942, 0.221165, 0.305212, 0.221729]"
Actor,client,99,1335,4,MR,attack_nonmember,evaluation,3,0,0.5015383958816528,0,0.5564348697662354,False,1,0.0,1,"[0.147901, 0.211272, 0.177015, 0.280938, 0.182874]"
Actor,client,99,1498,4,MR,attack_nonmember,evaluation,1,0,0.638830840587616,1,0.5864935517311096,False,0,,0,"[0.279974, 0.227534, 0.110825, 0.228026, 0.153642]"
Actor,client,99,1685,4,MR,attack_nonmember,evaluation,1,0,0.39395278692245483,0,0.5864935517311096,False,4,0.25,0,"[0.113315, 0.175937, 0.238296, 0.202925, 0.269527]"
Actor,client,99,1688,4,MR,attack_nonmember,evaluation,2,0,0.5476547479629517,0,0.6948522925376892,False,1,0.0,1,"[0.13163, 0.197909, 0.260889, 0.169833, 0.239738]"
Actor,client,99,1725,4,MR,attack_nonmember,evaluation,3,0,0.44864287972450256,0,0.5564348697662354,False,1,0.0,0,"[0.149569, 0.160558, 0.184556, 0.235924, 0.269393]"
Actor,client,99,1760,4,MR,attack_nonmember,evaluation,1,0,0.444377064704895,0,0.5864935517311096,False,1,0.0,0,"[0.131006, 0.190764, 0.360856, 0.22168, 0.095695]"
Actor,client,99,1860,4,MR,attack_nonmember,evaluation,0,0,0.4759906232357025,0,0.5510123372077942,False,0,,0,"[0.151717, 0.122585, 0.165616, 0.413417, 0.146664]"
Actor,client,99,1861,4,MR,attack_nonmember,evaluation,2,0,0.41372063755989075,0,0.6948522925376892,False,1,0.0,0,"[0.146918, 0.208677, 0.202694, 0.211476, 0.230234]"
Actor,client,99,2079,4,MR,attack_nonmember,evaluation,3,0,0.37598946690559387,0,0.5564348697662354,False,2,0.0,0,"[0.036925, 0.081968, 0.170807, 0.21489, 0.495409]"
Actor,client,99,2095,4,MR,attack_nonmember,evaluation,1,0,0.45458245277404785,0,0.5864935517311096,False,6,0.0,0,"[0.155262, 0.196659, 0.252814, 0.154701, 0.240565]"
Actor,client,99,2113,4,MR,attack_nonmember,evaluation,0,0,0.3430643379688263,0,0.5510123372077942,False,8,0.0,0,"[0.109623, 0.190319, 0.209603, 0.216242, 0.274213]"
Actor,client,99,2165,4,MR,attack_nonmember,evaluation,3,0,0.25282204151153564,0,0.5564348697662354,False,1,0.0,0,"[0.107403, 0.270429, 0.371087, 0.079078, 0.172002]"
Actor,client,99,2524,4,MR,attack_nonmember,evaluation,2,0,0.34603992104530334,0,0.6948522925376892,False,21,0.3333333333333333,0,"[0.028068, 0.0618, 0.186165, 0.372569, 0.351397]"
Actor,client,99,2727,4,MR,attack_nonmember,evaluation,3,0,0.34752845764160156,0,0.5564348697662354,False,2,0.0,0,"[0.131786, 0.263346, 0.169593, 0.178654, 0.256621]"
Actor,client,99,2833,4,MR,attack_nonmember,evaluation,2,0,0.41605350375175476,0,0.6948522925376892,False,2,0.5,0,"[0.14795, 0.18942, 0.212559, 0.251813, 0.198258]"
Actor,client,99,2954,4,MR,attack_nonmember,evaluation,0,0,0.4115711748600006,0,0.5510123372077942,False,2,0.0,0,"[0.12157, 0.125316, 0.275811, 0.154188, 0.323114]"
Actor,client,99,2990,4,MR,attack_nonmember,evaluation,3,0,0.35650449991226196,0,0.5564348697662354,False,1,0.0,0,"[0.206655, 0.259153, 0.198322, 0.155792, 0.180078]"
Actor,client,99,3004,4,MR,attack_nonmember,evaluation,3,0,0.21498221158981323,0,0.5564348697662354,False,2,0.5,0,"[0.18259, 0.209345, 0.150639, 0.036336, 0.421091]"
Actor,client,99,3040,4,MR,attack_nonmember,evaluation,4,0,0.5766265392303467,0,0.6842027902603149,False,1,1.0,1,"[0.12851, 0.234784, 0.235929, 0.16031, 0.240467]"
Actor,client,99,3124,4,MR,attack_nonmember,evaluation,2,0,0.27910101413726807,0,0.6948522925376892,False,1,0.0,0,"[0.103946, 0.179658, 0.137579, 0.289012, 0.289805]"
Actor,client,99,3553,4,MR,attack_nonmember,evaluation,4,0,0.49967893958091736,0,0.6842027902603149,False,6,0.16666666666666666,0,"[0.108357, 0.219195, 0.171386, 0.252673, 0.24839]"
Actor,client,99,3663,4,MR,attack_nonmember,evaluation,3,0,0.1811150312423706,0,0.5564348697662354,False,0,,0,"[0.016897, 0.043269, 0.120271, 0.038858, 0.780705]"
Actor,client,99,3690,4,MR,attack_nonmember,evaluation,3,0,0.3403224050998688,0,0.5564348697662354,False,2,0.5,0,"[0.171997, 0.215145, 0.229345, 0.146449, 0.237064]"
Actor,client,99,4005,4,MR,attack_nonmember,evaluation,4,0,0.6156585812568665,0,0.6842027902603149,False,1,0.0,1,"[0.124882, 0.208544, 0.130986, 0.220396, 0.315192]"
Actor,client,99,4016,4,MR,attack_nonmember,evaluation,1,0,0.46213582158088684,0,0.5864935517311096,False,3,0.3333333333333333,0,"[0.183917, 0.174925, 0.155455, 0.270698, 0.215004]"
Actor,client,99,4106,4,MR,attack_nonmember,evaluation,4,0,0.3828013241291046,0,0.6842027902603149,False,1,0.0,0,"[0.142515, 0.320249, 0.248964, 0.153757, 0.134514]"
Actor,client,99,4297,4,MR,attack_nonmember,evaluation,1,0,0.23603373765945435,0,0.5864935517311096,False,1,0.0,0,"[0.096127, 0.118074, 0.50986, 0.141345, 0.134593]"
Actor,client,99,4361,4,MR,attack_nonmember,evaluation,4,0,0.53339684009552,0,0.6842027902603149,False,2,0.5,1,"[0.081513, 0.132182, 0.138904, 0.320942, 0.32646]"
Actor,client,99,4493,4,MR,attack_nonmember,evaluation,0,0,0.2779102027416229,0,0.5510123372077942,False,0,,0,"[0.09205, 0.279695, 0.089095, 0.13218, 0.406981]"
Actor,client,99,4502,4,MR,attack_nonmember,evaluation,1,0,0.6319814920425415,1,0.5864935517311096,False,2,0.0,1,"[0.156666, 0.267431, 0.239673, 0.161733, 0.174496]"
Actor,client,99,4517,4,MR,attack_nonmember,evaluation,1,0,0.24857831001281738,0,0.5864935517311096,False,6,0.16666666666666666,0,"[0.125522, 0.108401, 0.261463, 0.183529, 0.321085]"
Actor,client,99,4664,4,MR,attack_nonmember,evaluation,0,0,0.2478899508714676,0,0.5510123372077942,False,4,0.5,0,"[0.075206, 0.238019, 0.15663, 0.265838, 0.264308]"
Actor,client,99,4799,4,MR,attack_nonmember,evaluation,0,0,0.33763250708580017,0,0.5510123372077942,False,7,0.0,0,"[0.115427, 0.192896, 0.32063, 0.194383, 0.176664]"
Actor,client,99,5101,4,MR,attack_nonmember,evaluation,4,0,0.48270511627197266,0,0.6842027902603149,False,3,0.6666666666666666,0,"[0.080819, 0.114402, 0.115381, 0.369562, 0.319836]"
Actor,client,99,5201,4,MR,attack_nonmember,evaluation,4,0,0.1324167400598526,0,0.6842027902603149,False,0,,0,"[0.057629, 0.132421, 0.133484, 0.518692, 0.157774]"
Actor,client,99,5310,4,MR,attack_nonmember,evaluation,1,0,0.3173445463180542,0,0.5864935517311096,False,1,0.0,0,"[0.128468, 0.120616, 0.224836, 0.33293, 0.19315]"
Actor,client,99,5374,4,MR,attack_nonmember,evaluation,2,0,0.3083198070526123,0,0.6948522925376892,False,5,0.2,0,"[0.159339, 0.149577, 0.143978, 0.204754, 0.342352]"
Actor,client,99,5544,4,MR,attack_nonmember,evaluation,3,0,0.41137510538101196,0,0.5564348697662354,False,1,0.0,0,"[0.213534, 0.163967, 0.261003, 0.177097, 0.184399]"
Actor,client,99,5613,4,MR,attack_nonmember,evaluation,3,0,0.41393065452575684,0,0.5564348697662354,False,1,0.0,0,"[0.190305, 0.160659, 0.229723, 0.190732, 0.22858]"
Actor,client,99,5829,4,MR,attack_nonmember,evaluation,0,0,0.43547165393829346,0,0.5510123372077942,False,2,0.0,0,"[0.155309, 0.207232, 0.212536, 0.219447, 0.205476]"
Actor,client,99,5935,4,MR,attack_nonmember,evaluation,2,0,0.6751994490623474,0,0.6948522925376892,False,1,0.0,1,"[0.163347, 0.164068, 0.32996, 0.148055, 0.19457]"
Actor,client,99,6037,4,MR,attack_nonmember,evaluation,1,0,0.34356755018234253,0,0.5864935517311096,False,3,0.6666666666666666,0,"[0.115245, 0.153749, 0.326954, 0.211929, 0.192122]"
Actor,client,99,6173,4,MR,attack_nonmember,evaluation,4,0,0.5704873204231262,0,0.6842027902603149,False,1,1.0,1,"[0.131289, 0.131634, 0.14082, 0.269129, 0.327129]"
Actor,client,99,6235,4,MR,attack_nonmember,evaluation,3,0,0.48196062445640564,0,0.5564348697662354,False,1,0.0,1,"[0.127321, 0.196573, 0.210554, 0.267895, 0.197658]"
Actor,client,99,6277,4,MR,attack_nonmember,evaluation,3,0,0.3795590400695801,0,0.5564348697662354,False,1,0.0,0,"[0.138896, 0.043691, 0.042749, 0.195033, 0.579631]"
Actor,client,99,6673,4,MR,attack_nonmember,evaluation,4,0,0.3954658806324005,0,0.6842027902603149,False,2,0.5,0,"[0.08564, 0.205058, 0.299444, 0.230206, 0.179652]"
Actor,client,99,6810,4,MR,attack_nonmember,evaluation,3,0,0.4853208661079407,0,0.5564348697662354,False,0,,1,"[0.034086, 0.219455, 0.161467, 0.311251, 0.273742]"
Actor,client,99,6813,4,MR,attack_nonmember,evaluation,4,0,0.64862060546875,0,0.6842027902603149,False,2,0.0,0,"[0.091731, 0.09527, 0.332563, 0.150056, 0.33038]"
Actor,client,99,7001,4,MR,attack_nonmember,evaluation,4,0,0.3040100038051605,0,0.6842027902603149,False,3,0.3333333333333333,0,"[0.131242, 0.166984, 0.278728, 0.272584, 0.150462]"
Actor,client,99,7040,4,MR,attack_nonmember,evaluation,2,0,0.6272966861724854,0,0.6948522925376892,False,5,0.6,1,"[0.077957, 0.11301, 0.329866, 0.32616, 0.153007]"
Actor,client,99,89,6,MR,attack_nonmember,evaluation,4,0,0.6989031434059143,1,0.6842027902603149,False,1,1.0,1,"[0.162142, 0.112059, 0.101105, 0.147329, 0.477365]"
Actor,client,99,268,6,MR,attack_nonmember,evaluation,2,0,0.47569000720977783,0,0.6948522925376892,False,1,0.0,0,"[0.09238, 0.241676, 0.229326, 0.21562, 0.220997]"
Actor,client,99,410,6,MR,attack_nonmember,evaluation,3,0,0.4798847734928131,0,0.5564348697662354,False,1,0.0,0,"[0.117941, 0.168297, 0.167181, 0.272377, 0.274204]"
Actor,client,99,443,6,MR,attack_nonmember,evaluation,3,0,0.4542085826396942,0,0.5564348697662354,False,2,0.0,1,"[0.181118, 0.204375, 0.198739, 0.231792, 0.183975]"
Actor,client,99,522,6,MR,attack_nonmember,evaluation,4,0,0.2469758242368698,0,0.6842027902603149,False,2,0.5,0,"[0.084237, 0.189443, 0.061334, 0.452407, 0.212579]"
Actor,client,99,660,6,MR,attack_nonmember,evaluation,4,0,0.47105297446250916,0,0.6842027902603149,False,1,0.0,0,"[0.164318, 0.259794, 0.159305, 0.210669, 0.205913]"
Actor,client,99,879,6,MR,attack_nonmember,evaluation,3,0,0.4542705714702606,0,0.5564348697662354,False,6,0.16666666666666666,0,"[0.097113, 0.180512, 0.259137, 0.250313, 0.212925]"
Actor,client,99,898,6,MR,attack_nonmember,evaluation,4,0,0.41667428612709045,0,0.6842027902603149,False,4,0.25,0,"[0.148442, 0.147019, 0.316301, 0.210564, 0.177675]"
Actor,client,99,937,6,MR,attack_nonmember,evaluation,2,0,0.49935194849967957,0,0.6948522925376892,False,2,0.0,1,"[0.141276, 0.207134, 0.243181, 0.197558, 0.210851]"
Actor,client,99,1040,6,MR,attack_nonmember,evaluation,3,0,0.3235512375831604,0,0.5564348697662354,False,5,0.2,0,"[0.168448, 0.185253, 0.352287, 0.114994, 0.179018]"
Actor,client,99,1327,6,MR,attack_nonmember,evaluation,2,0,0.14344307780265808,0,0.6948522925376892,False,1,0.0,0,"[0.009216, 0.103957, 0.052805, 0.460427, 0.373595]"
Actor,client,99,1457,6,MR,attack_nonmember,evaluation,1,0,0.6170063614845276,1,0.5864935517311096,False,1,0.0,1,"[0.200776, 0.244322, 0.187378, 0.19431, 0.173215]"
Actor,client,99,1733,6,MR,attack_nonmember,evaluation,2,0,0.7876890301704407,1,0.6948522925376892,False,0,,1,"[0.165872, 0.174421, 0.406698, 0.140953, 0.112056]"
Actor,client,99,1770,6,MR,attack_nonmember,evaluation,1,0,0.43237337470054626,0,0.5864935517311096,False,1,0.0,0,"[0.09979, 0.19491, 0.373637, 0.216065, 0.115598]"
Actor,client,99,1773,6,MR,attack_nonmember,evaluation,2,0,0.27751395106315613,0,0.6948522925376892,False,1,0.0,0,"[0.129116, 0.190298, 0.146226, 0.320946, 0.213414]"
Actor,client,99,1850,6,MR,attack_nonmember,evaluation,4,0,0.6757494807243347,0,0.6842027902603149,False,1,0.0,1,"[0.175194, 0.195214, 0.141471, 0.150216, 0.337904]"
Actor,client,99,1898,6,MR,attack_nonmember,evaluation,1,0,0.3681563436985016,0,0.5864935517311096,False,2,0.5,0,"[0.100735, 0.180067, 0.209905, 0.117432, 0.391861]"
Actor,client,99,2008,6,MR,attack_nonmember,evaluation,1,0,0.4476315379142761,0,0.5864935517311096,False,2,0.5,0,"[0.189807, 0.178788, 0.273083, 0.200215, 0.158108]"
Actor,client,99,2422,6,MR,attack_nonmember,evaluation,4,0,0.6509091258049011,0,0.6842027902603149,False,1,0.0,1,"[0.066309, 0.139455, 0.14228, 0.246572, 0.405384]"
Actor,client,99,2481,6,MR,attack_nonmember,evaluation,1,0,0.45331859588623047,0,0.5864935517311096,False,2,0.5,0,"[0.152387, 0.1779, 0.151269, 0.282346, 0.236098]"
Actor,client,99,2592,6,MR,attack_nonmember,evaluation,3,0,0.5830528736114502,1,0.5564348697662354,False,1,1.0,1,"[0.131112, 0.114166, 0.180895, 0.335397, 0.23843]"
Actor,client,99,2655,6,MR,attack_nonmember,evaluation,1,0,0.44427216053009033,0,0.5864935517311096,False,1,1.0,0,"[0.164709, 0.185157, 0.254127, 0.189845, 0.206162]"
Actor,client,99,2799,6,MR,attack_nonmember,evaluation,3,0,0.39747893810272217,0,0.5564348697662354,False,2,0.0,0,"[0.166568, 0.216246, 0.19708, 0.196671, 0.223434]"
Actor,client,99,2983,6,MR,attack_nonmember,evaluation,3,0,0.4258769750595093,0,0.5564348697662354,False,2,0.5,0,"[0.147886, 0.192508, 0.252346, 0.214378, 0.192882]"
Actor,client,99,3135,6,MR,attack_nonmember,evaluation,4,0,0.24634021520614624,0,0.6842027902603149,False,0,,0,"[0.031325, 0.17149, 0.391322, 0.279645, 0.126219]"
Actor,client,99,3173,6,MR,attack_nonmember,evaluation,2,0,0.6109347939491272,0,0.6948522925376892,False,3,0.0,1,"[0.112487, 0.184732, 0.296785, 0.192149, 0.213848]"
Actor,client,99,3466,6,MR,attack_nonmember,evaluation,4,0,0.5979786515235901,0,0.6842027902603149,False,0,,0,"[0.083338, 0.296826, 0.220685, 0.152679, 0.246472]"
Actor,client,99,3731,6,MR,attack_nonmember,evaluation,3,0,0.44135409593582153,0,0.5564348697662354,False,4,0.0,0,"[0.148664, 0.172116, 0.275566, 0.220233, 0.18342]"
Actor,client,99,3753,6,MR,attack_nonmember,evaluation,4,0,0.7399839758872986,1,0.6842027902603149,False,1,1.0,1,"[0.08562, 0.172959, 0.147487, 0.131912, 0.462022]"
Actor,client,99,3838,6,MR,attack_nonmember,evaluation,4,0,0.35698384046554565,0,0.6842027902603149,False,3,0.0,0,"[0.115238, 0.294408, 0.154513, 0.259344, 0.176497]"
Actor,client,99,3923,6,MR,attack_nonmember,evaluation,3,0,0.4103696346282959,0,0.5564348697662354,False,5,0.4,0,"[0.15249, 0.19319, 0.276756, 0.198289, 0.179274]"
Actor,client,99,4230,6,MR,attack_nonmember,evaluation,1,0,0.5846429467201233,0,0.5864935517311096,False,2,0.0,1,"[0.160477, 0.237925, 0.184467, 0.218068, 0.199063]"
Actor,client,99,4292,6,MR,attack_nonmember,evaluation,2,0,0.5143697261810303,0,0.6948522925376892,False,1,0.0,0,"[0.148551, 0.259789, 0.249887, 0.187703, 0.15407]"
Actor,client,99,4387,6,MR,attack_nonmember,evaluation,3,0,0.46435844898223877,0,0.5564348697662354,False,6,0.16666666666666666,0,"[0.140899, 0.117945, 0.072239, 0.260585, 0.408333]"
Actor,client,99,4752,6,MR,attack_nonmember,evaluation,1,0,0.4569980800151825,0,0.5864935517311096,False,1,0.0,0,"[0.121976, 0.192619, 0.242783, 0.251305, 0.191317]"
Actor,client,99,4865,6,MR,attack_nonmember,evaluation,4,0,0.6012594103813171,0,0.6842027902603149,False,2,0.5,1,"[0.142455, 0.194452, 0.211547, 0.176976, 0.27457]"
Actor,client,99,4934,6,MR,attack_nonmember,evaluation,2,0,0.5976963043212891,0,0.6948522925376892,False,4,0.25,0,"[0.034926, 0.052051, 0.291853, 0.248007, 0.373162]"
Actor,client,99,4967,6,MR,attack_nonmember,evaluation,2,0,0.5024039149284363,0,0.6948522925376892,False,1,0.0,1,"[0.212587, 0.144285, 0.250138, 0.184619, 0.20837]"
Actor,client,99,4971,6,MR,attack_nonmember,evaluation,3,0,0.3942617177963257,0,0.5564348697662354,False,0,,0,"[0.102151, 0.239516, 0.217545, 0.21611, 0.224677]"
Actor,client,99,5330,6,MR,attack_nonmember,evaluation,3,0,0.4813675880432129,0,0.5564348697662354,False,9,0.1111111111111111,1,"[0.109474, 0.169125, 0.239824, 0.266884, 0.214692]"
Actor,client,99,5362,6,MR,attack_nonmember,evaluation,0,0,0.1788199245929718,0,0.5510123372077942,False,0,,0,"[0.089964, 0.416321, 0.268796, 0.15512, 0.0698]"
Actor,client,99,5574,6,MR,attack_nonmember,evaluation,4,0,0.5372618436813354,0,0.6842027902603149,False,1,0.0,1,"[0.160005, 0.131048, 0.182631, 0.2461, 0.280217]"
Actor,client,99,5599,6,MR,attack_nonmember,evaluation,3,0,0.39988088607788086,0,0.5564348697662354,False,1,0.0,0,"[0.133305, 0.149866, 0.289281, 0.19111, 0.236438]"
Actor,client,99,5629,6,MR,attack_nonmember,evaluation,1,0,0.35858088731765747,0,0.5864935517311096,False,2,0.0,0,"[0.155812, 0.152594, 0.161231, 0.177512, 0.352851]"
Actor,client,99,5728,6,MR,attack_nonmember,evaluation,2,0,0.32613304257392883,0,0.6948522925376892,False,3,0.6666666666666666,0,"[0.146307, 0.254662, 0.153684, 0.206975, 0.238371]"
Actor,client,99,5729,6,MR,attack_nonmember,evaluation,0,0,0.1962764412164688,0,0.5510123372077942,False,2,0.0,0,"[0.054224, 0.278465, 0.157969, 0.216381, 0.292961]"
Actor,client,99,5930,6,MR,attack_nonmember,evaluation,1,0,0.608448326587677,1,0.5864935517311096,False,4,0.0,1,"[0.15747, 0.25807, 0.25343, 0.156135, 0.174895]"
Actor,client,99,6124,6,MR,attack_nonmember,evaluation,3,0,0.44627660512924194,0,0.5564348697662354,False,1,0.0,0,"[0.164679, 0.174798, 0.239875, 0.223229, 0.197419]"
Actor,client,99,6157,6,MR,attack_nonmember,evaluation,0,0,0.43897199630737305,0,0.5510123372077942,False,0,,0,"[0.170871, 0.276101, 0.149414, 0.172678, 0.230936]"
Actor,client,99,6281,6,MR,attack_nonmember,evaluation,4,0,0.5154784321784973,0,0.6842027902603149,False,3,0.3333333333333333,1,"[0.171185, 0.182003, 0.162053, 0.234889, 0.24987]"
Actor,client,99,6413,6,MR,attack_nonmember,evaluation,3,0,0.45211780071258545,0,0.5564348697662354,False,3,0.3333333333333333,1,"[0.128513, 0.165736, 0.232447, 0.239927, 0.233377]"
Actor,client,99,6854,6,MR,attack_nonmember,evaluation,3,0,0.35819241404533386,0,0.5564348697662354,False,2,0.0,0,"[0.098755, 0.186968, 0.41751, 0.158256, 0.13851]"
Actor,client,99,6958,6,MR,attack_nonmember,evaluation,2,0,0.44169148802757263,0,0.6948522925376892,False,2,0.5,0,"[0.118188, 0.133116, 0.218438, 0.233975, 0.296282]"
Actor,client,99,6963,6,MR,attack_nonmember,evaluation,3,0,0.46072232723236084,0,0.5564348697662354,False,4,0.0,0,"[0.147912, 0.124234, 0.313616, 0.224599, 0.189639]"
Actor,client,99,7594,6,MR,attack_nonmember,evaluation,1,0,0.5944189429283142,1,0.5864935517311096,False,3,0.0,0,"[0.138639, 0.254006, 0.286082, 0.180116, 0.141157]"
Actor,client,99,186,7,MR,attack_nonmember,evaluation,2,0,0.43713653087615967,0,0.6948522925376892,False,3,0.0,0,"[0.1403, 0.27651, 0.216912, 0.223678, 0.142601]"
Actor,client,99,373,7,MR,attack_nonmember,evaluation,3,0,0.4687609076499939,0,0.5564348697662354,False,1,1.0,1,"[0.158867, 0.16561, 0.23362, 0.241293, 0.20061]"
Actor,client,99,438,7,MR,attack_nonmember,evaluation,4,0,0.39744794368743896,0,0.6842027902603149,False,1,0.0,0,"[0.06566, 0.110723, 0.237189, 0.342752, 0.243676]"
Actor,client,99,490,7,MR,attack_nonmember,evaluation,3,0,0.39260345697402954,0,0.5564348697662354,False,1,1.0,0,"[0.113187, 0.114562, 0.361896, 0.179578, 0.230777]"
Actor,client,99,551,7,MR,attack_nonmember,evaluation,3,0,0.6068314909934998,1,0.5564348697662354,False,1,0.0,1,"[0.055789, 0.128223, 0.09918, 0.391865, 0.324943]"
Actor,client,99,561,7,MR,attack_nonmember,evaluation,2,0,0.28401049971580505,0,0.6948522925376892,False,1,0.0,0,"[0.067201, 0.105433, 0.13768, 0.295961, 0.393725]"
Actor,client,99,564,7,MR,attack_nonmember,evaluation,2,0,0.5161722898483276,0,0.6948522925376892,False,2,0.0,0,"[0.019401, 0.004799, 0.296587, 0.478398, 0.200816]"
Actor,client,99,757,7,MR,attack_nonmember,evaluation,2,0,0.6814612746238708,0,0.6948522925376892,False,1,0.0,1,"[0.049459, 0.096487, 0.347656, 0.280028, 0.226369]"
Actor,client,99,1361,7,MR,attack_nonmember,evaluation,2,0,0.29711776971817017,0,0.6948522925376892,False,10,0.1,0,"[0.088508, 0.114752, 0.15233, 0.314565, 0.329845]"
Actor,client,99,1467,7,MR,attack_nonmember,evaluation,0,0,0.4015495181083679,0,0.5510123372077942,False,4,0.25,0,"[0.139897, 0.186027, 0.235037, 0.295211, 0.143829]"
Actor,client,99,1885,7,MR,attack_nonmember,evaluation,4,0,0.5047202110290527,0,0.6842027902603149,False,2,0.5,0,"[0.049217, 0.099694, 0.180731, 0.346436, 0.323923]"
Actor,client,99,1921,7,MR,attack_nonmember,evaluation,2,0,0.6740939021110535,0,0.6948522925376892,False,3,0.6666666666666666,1,"[0.153318, 0.177984, 0.314898, 0.086063, 0.267737]"
Actor,client,99,2703,7,MR,attack_nonmember,evaluation,4,0,0.41330260038375854,0,0.6842027902603149,False,1,0.0,0,"[0.152081, 0.174559, 0.225447, 0.250384, 0.197528]"
Actor,client,99,2746,7,MR,attack_nonmember,evaluation,1,0,0.6996194124221802,1,0.5864935517311096,False,2,0.5,1,"[0.185026, 0.298295, 0.189704, 0.109023, 0.217952]"
Actor,client,99,3208,7,MR,attack_nonmember,evaluation,2,0,0.4580521881580353,0,0.6948522925376892,False,4,0.25,0,"[0.128292, 0.129035, 0.230767, 0.246943, 0.264962]"
Actor,client,99,3402,7,MR,attack_nonmember,evaluation,1,0,0.44233259558677673,0,0.5864935517311096,False,1,0.0,0,"[0.141442, 0.186343, 0.246322, 0.218322, 0.20757]"
Actor,client,99,3768,7,MR,attack_nonmember,evaluation,2,0,0.3905138671398163,0,0.6948522925376892,False,1,1.0,0,"[0.131738, 0.239432, 0.195296, 0.242481, 0.191054]"
Actor,client,99,3775,7,MR,attack_nonmember,evaluation,4,0,0.6621835827827454,0,0.6842027902603149,False,6,0.16666666666666666,1,"[0.084884, 0.15476, 0.216145, 0.187127, 0.357084]"
Actor,client,99,4163,7,MR,attack_nonmember,evaluation,2,0,0.188385009765625,0,0.6948522925376892,False,0,,0,"[0.095319, 0.161494, 0.112792, 0.490868, 0.139527]"
Actor,client,99,4260,7,MR,attack_nonmember,evaluation,3,0,0.5314692854881287,0,0.5564348697662354,False,2,0.0,1,"[0.150389, 0.15537, 0.122341, 0.303032, 0.268868]"
Actor,client,99,4629,7,MR,attack_nonmember,evaluation,4,0,0.5620543360710144,0,0.6842027902603149,False,2,0.0,0,"[0.13532, 0.159433, 0.257777, 0.190398, 0.257072]"
Actor,client,99,4655,7,MR,attack_nonmember,evaluation,2,0,0.806616485118866,1,0.6948522925376892,False,1,0.0,1,"[0.076918, 0.208669, 0.426115, 0.206649, 0.08165]"
Actor,client,99,4706,7,MR,attack_nonmember,evaluation,3,0,0.39551371335983276,0,0.5564348697662354,False,1,0.0,0,"[0.182119, 0.189913, 0.205663, 0.186037, 0.236268]"
Actor,client,99,4796,7,MR,attack_nonmember,evaluation,2,0,0.5418220162391663,0,0.6948522925376892,False,2,0.5,1,"[0.114018, 0.193988, 0.266891, 0.221971, 0.203132]"
Actor,client,99,4909,7,MR,attack_nonmember,evaluation,4,0,0.610276460647583,0,0.6842027902603149,False,0,,0,"[0.059396, 0.306971, 0.194223, 0.173144, 0.266266]"
Actor,client,99,5056,7,MR,attack_nonmember,evaluation,3,0,0.5569954514503479,1,0.5564348697662354,False,2,0.5,1,"[0.121502, 0.163662, 0.178378, 0.325031, 0.211427]"
Actor,client,99,5290,7,MR,attack_nonmember,evaluation,0,0,0.3162108361721039,0,0.5510123372077942,False,2,0.0,0,"[0.098214, 0.190641, 0.257579, 0.161431, 0.292135]"
Actor,client,99,5526,7,MR,attack_nonmember,evaluation,4,0,0.6898490786552429,1,0.6842027902603149,False,6,0.3333333333333333,1,"[0.092446, 0.056397, 0.053573, 0.16273, 0.634854]"
Actor,client,99,5716,7,MR,attack_nonmember,evaluation,2,0,0.4691784977912903,0,0.6948522925376892,False,1,0.0,0,"[0.087159, 0.243092, 0.233928, 0.255745, 0.180076]"
Actor,client,99,5928,7,MR,attack_nonmember,evaluation,4,0,0.5320427417755127,0,0.6842027902603149,False,5,0.0,1,"[0.049596, 0.088178, 0.133165, 0.362693, 0.366368]"
Actor,client,99,6473,7,MR,attack_nonmember,evaluation,1,0,0.6186421513557434,1,0.5864935517311096,False,0,,1,"[0.181087, 0.263381, 0.242604, 0.10559, 0.207338]"
Actor,client,99,6740,7,MR,attack_nonmember,evaluation,3,0,0.6687564849853516,1,0.5564348697662354,False,0,,1,"[0.118205, 0.205007, 0.128699, 0.425832, 0.122257]"
Actor,client,99,7005,7,MR,attack_nonmember,evaluation,4,0,0.46372053027153015,0,0.6842027902603149,False,1,0.0,0,"[0.151776, 0.156441, 0.238338, 0.234988, 0.218457]"
Actor,client,99,7374,7,MR,attack_nonmember,evaluation,2,0,0.5315223336219788,0,0.6948522925376892,False,1,0.0,0,"[0.119693, 0.332389, 0.246961, 0.146928, 0.154028]"
Actor,client,99,348,7,MR,attack_nonmember,evaluation,3,0,0.5689740180969238,1,0.5564348697662354,False,1,0.0,1,"[0.041031, 0.075556, 0.228937, 0.34547, 0.309006]"
Actor,client,99,1550,7,MR,attack_nonmember,evaluation,1,0,0.6239107847213745,1,0.5864935517311096,False,3,0.0,0,"[0.178714, 0.264018, 0.270984, 0.122595, 0.16369]"
Actor,client,99,2484,7,MR,attack_nonmember,evaluation,3,0,0.2778116762638092,0,0.5564348697662354,False,0,,0,"[0.170675, 0.296345, 0.285228, 0.094645, 0.153107]"
Actor,client,99,2494,7,MR,attack_nonmember,evaluation,3,0,0.5056365132331848,0,0.5564348697662354,False,1,0.0,1,"[0.18724, 0.158548, 0.184711, 0.263736, 0.205765]"
Actor,client,99,2608,7,MR,attack_nonmember,evaluation,3,0,0.4120160937309265,0,0.5564348697662354,False,0,,0,"[0.155117, 0.208035, 0.212292, 0.208563, 0.215993]"
Actor,client,99,2692,7,MR,attack_nonmember,evaluation,4,0,0.3397561311721802,0,0.6842027902603149,False,3,0.0,0,"[0.129473, 0.166528, 0.189973, 0.319198, 0.194827]"
Actor,client,99,4508,7,MR,attack_nonmember,evaluation,4,0,0.3686676323413849,0,0.6842027902603149,False,3,0.3333333333333333,0,"[0.066072, 0.213645, 0.245465, 0.281074, 0.193745]"
Actor,client,99,5112,7,MR,attack_nonmember,evaluation,2,0,0.5045854449272156,0,0.6948522925376892,False,1,0.0,1,"[0.182774, 0.218042, 0.24336, 0.162532, 0.193291]"
Actor,client,99,5166,7,MR,attack_nonmember,evaluation,3,0,0.9016047120094299,1,0.5564348697662354,False,0,,1,"[0.021463, 0.013909, 0.109632, 0.767746, 0.08725]"
Actor,client,99,5380,7,MR,attack_nonmember,evaluation,3,0,0.46166685223579407,0,0.5564348697662354,False,3,0.3333333333333333,0,"[0.045086, 0.098393, 0.260322, 0.264975, 0.331224]"
Actor,client,99,5622,7,MR,attack_nonmember,evaluation,3,0,0.3762184977531433,0,0.5564348697662354,False,1,0.0,0,"[0.162404, 0.232196, 0.217948, 0.180955, 0.206497]"
Actor,client,99,5653,7,MR,attack_nonmember,evaluation,2,0,0.39303359389305115,0,0.6948522925376892,False,5,0.4,0,"[0.044357, 0.153437, 0.22432, 0.421384, 0.156503]"
Actor,client,99,6066,7,MR,attack_nonmember,evaluation,1,0,0.5185131430625916,0,0.5864935517311096,False,1,0.0,0,"[0.133944, 0.222485, 0.249082, 0.191431, 0.203059]"
Actor,client,99,6117,7,MR,attack_nonmember,evaluation,2,0,0.493039071559906,0,0.6948522925376892,False,2,0.5,0,"[0.127364, 0.255296, 0.232486, 0.169254, 0.2156]"
Actor,client,99,6186,7,MR,attack_nonmember,evaluation,2,0,0.27768558263778687,0,0.6948522925376892,False,1,0.0,0,"[0.149321, 0.182349, 0.153341, 0.343315, 0.171674]"
Actor,client,99,6391,7,MR,attack_nonmember,evaluation,1,0,0.35691502690315247,0,0.5864935517311096,False,1,0.0,0,"[0.161031, 0.133445, 0.134431, 0.297932, 0.27316]"
Actor,client,99,6436,7,MR,attack_nonmember,evaluation,4,0,0.49766677618026733,0,0.6842027902603149,False,4,0.0,0,"[0.091673, 0.249496, 0.141639, 0.264199, 0.252993]"
Actor,client,99,6530,7,MR,attack_nonmember,evaluation,4,0,0.5735896229743958,0,0.6842027902603149,False,3,0.3333333333333333,1,"[0.127944, 0.137205, 0.209241, 0.228403, 0.297207]"
Actor,client,99,6804,7,MR,attack_nonmember,evaluation,0,0,0.22269153594970703,0,0.5510123372077942,False,2,0.5,0,"[0.035791, 0.107988, 0.329148, 0.30959, 0.217482]"
Actor,client,99,7060,7,MR,attack_nonmember,evaluation,0,0,0.5006203055381775,0,0.5510123372077942,False,1,0.0,0,"[0.168223, 0.17651, 0.198529, 0.151864, 0.304874]"
Actor,client,99,7411,7,MR,attack_nonmember,evaluation,4,0,0.6300796270370483,0,0.6842027902603149,False,3,0.3333333333333333,1,"[0.115541, 0.108129, 0.305545, 0.159618, 0.311166]"
Actor,client,99,7541,7,MR,attack_nonmember,evaluation,1,0,0.41264674067497253,0,0.5864935517311096,False,2,0.5,0,"[0.085911, 0.172624, 0.188894, 0.328673, 0.223898]"
Actor,client,99,3851,9,MR,attack_nonmember,evaluation,1,0,0.1401052623987198,0,0.5864935517311096,False,1,0.0,0,"[0.013474, 0.061713, 0.181208, 0.193786, 0.549819]"
Actor,client,99,6059,9,MR,attack_nonmember,evaluation,1,0,0.6413167715072632,1,0.5864935517311096,False,0,,1,"[0.153851, 0.274324, 0.252115, 0.147964, 0.171746]"
Actor,client,99,6240,9,MR,attack_nonmember,evaluation,3,0,0.44592705368995667,0,0.5564348697662354,False,2,0.0,1,"[0.144414, 0.201795, 0.209421, 0.236739, 0.207631]"
Actor,client,99,6432,9,MR,attack_nonmember,evaluation,0,0,0.24206848442554474,0,0.5510123372077942,False,6,0.0,0,"[0.041195, 0.113729, 0.120641, 0.493916, 0.230519]"
Actor,client,99,1270,9,MR,attack_nonmember,evaluation,1,0,0.45954975485801697,0,0.5864935517311096,False,2,0.5,0,"[0.168061, 0.189586, 0.253294, 0.195654, 0.193405]"
Actor,client,99,2305,9,MR,attack_nonmember,evaluation,1,0,0.4210958778858185,0,0.5864935517311096,False,1,1.0,0,"[0.160646, 0.169679, 0.246184, 0.240747, 0.182744]"
Actor,client,99,2873,9,MR,attack_nonmember,evaluation,3,0,0.36791080236434937,0,0.5564348697662354,False,0,,0,"[0.070474, 0.111404, 0.205608, 0.195639, 0.416877]"
Actor,client,99,3730,9,MR,attack_nonmember,evaluation,3,0,0.3599047362804413,0,0.5564348697662354,False,2,0.0,0,"[0.122247, 0.212307, 0.235744, 0.177886, 0.251817]"
Actor,client,99,4435,9,MR,attack_nonmember,evaluation,4,0,0.43214645981788635,0,0.6842027902603149,False,2,0.0,0,"[0.070222, 0.160697, 0.277624, 0.269907, 0.22155]"
Actor,client,99,4698,9,MR,attack_nonmember,evaluation,2,0,0.30159178376197815,0,0.6948522925376892,False,0,,0,"[0.202247, 0.305082, 0.149873, 0.228179, 0.114618]"
Actor,client,99,7192,9,MR,attack_nonmember,evaluation,3,0,0.1424478143453598,0,0.5564348697662354,False,0,,0,"[0.055809, 0.462733, 0.066671, 0.017466, 0.397321]"
Actor,client,99,7567,9,MR,attack_nonmember,evaluation,0,0,0.2685265839099884,0,0.5510123372077942,False,4,0.0,0,"[0.09119, 0.237305, 0.224414, 0.261519, 0.185572]"
Actor,client,99,1201,9,MR,attack_nonmember,evaluation,1,0,0.54914790391922,0,0.5864935517311096,False,1,1.0,0,"[0.121979, 0.237951, 0.27641, 0.192849, 0.170811]"
Actor,client,99,2447,9,MR,attack_nonmember,evaluation,3,0,0.3794601261615753,0,0.5564348697662354,False,3,0.6666666666666666,0,"[0.147153, 0.217268, 0.197989, 0.189765, 0.247826]"
Actor,client,99,3919,9,MR,attack_nonmember,evaluation,3,0,0.3912699222564697,0,0.5564348697662354,False,1,0.0,0,"[0.161008, 0.252056, 0.277143, 0.18707, 0.122723]"
Actor,client,99,7195,9,MR,attack_nonmember,evaluation,1,0,0.4002922475337982,0,0.5864935517311096,False,0,,0,"[0.372995, 0.11538, 0.172922, 0.168331, 0.170371]"
Actor,client,99,7419,9,MR,attack_nonmember,evaluation,2,0,0.3779601752758026,0,0.6948522925376892,False,0,,0,"[0.122215, 0.20233, 0.17073, 0.164393, 0.340332]"
Actor,client,99,7267,9,MR,attack_nonmember,evaluation,1,0,0.7707374691963196,1,0.5864935517311096,False,0,,1,"[0.13208, 0.340354, 0.203898, 0.176899, 0.146769]"
Actor,client,99,7268,9,MR,attack_nonmember,evaluation,3,0,0.31255823373794556,0,0.5564348697662354,False,0,,0,"[0.114934, 0.053827, 0.500007, 0.091109, 0.240123]"
Actor,client,99,7443,9,MR,attack_nonmember,evaluation,1,0,0.17617708444595337,0,0.5864935517311096,False,0,,0,"[0.116927, 0.066091, 0.302329, 0.191049, 0.323605]"
Actor,client,99,7472,9,MR,attack_nonmember,evaluation,4,0,0.33349791169166565,0,0.6842027902603149,False,0,,0,"[0.274424, 0.140841, 0.219069, 0.22883, 0.136835]"
Actor,client,99,7491,9,MR,attack_nonmember,evaluation,1,0,0.5228683948516846,0,0.5864935517311096,False,0,,0,"[0.031646, 0.195469, 0.098117, 0.57586, 0.098908]"
Actor,client,99,7568,9,MR,attack_nonmember,evaluation,2,0,0.4314679503440857,0,0.6948522925376892,False,0,,0,"[0.155117, 0.208035, 0.212292, 0.208563, 0.215993]"
Actor,client,99,5643,9,MR,attack_nonmember,evaluation,4,0,0.42941105365753174,0,0.6842027902603149,False,1,0.0,0,"[0.13313, 0.148817, 0.195323, 0.29156, 0.23117]"
Actor,client,99,6051,9,MR,attack_nonmember,evaluation,3,0,0.6324927806854248,1,0.5564348697662354,False,6,0.0,1,"[0.076735, 0.149159, 0.316262, 0.378662, 0.079183]"
Actor,client,99,6726,9,MR,attack_nonmember,evaluation,2,0,0.29554301500320435,0,0.6948522925376892,False,2,0.5,0,"[0.093511, 0.24065, 0.143241, 0.272531, 0.250066]"
Actor,client,99,372,9,MR,attack_nonmember,evaluation,4,0,0.43673649430274963,0,0.6842027902603149,False,2,0.0,0,"[0.16661, 0.177499, 0.187828, 0.255064, 0.212999]"
Actor,client,99,3827,9,MR,attack_nonmember,evaluation,2,0,0.42768609523773193,0,0.6948522925376892,False,1,1.0,0,"[0.164451, 0.149476, 0.229787, 0.295826, 0.160461]"
Actor,client,99,5295,9,MR,attack_nonmember,evaluation,3,0,0.6767008900642395,1,0.5564348697662354,False,0,,1,"[0.099875, 0.077202, 0.204453, 0.413827, 0.204643]"
Actor,client,99,682,9,MR,attack_nonmember,evaluation,3,0,0.6473662853240967,1,0.5564348697662354,False,0,,1,"[0.040097, 0.298783, 0.113275, 0.447997, 0.099848]"
Actor,client,99,2011,9,MR,attack_nonmember,evaluation,4,0,0.09924500435590744,0,0.6842027902603149,False,1,0.0,0,"[0.026541, 0.19348, 0.161041, 0.50226, 0.116677]"
Actor,client,99,966,9,MR,attack_nonmember,evaluation,0,0,0.44955188035964966,0,0.5510123372077942,False,1,0.0,0,"[0.159913, 0.200728, 0.248801, 0.178059, 0.212499]"
Actor,client,99,11,5,MR,F,evaluation,1,0,0.4895632863044739,0,0.5864935517311096,False,1,1.0,0,"[0.087078, 0.237903, 0.335087, 0.093362, 0.24657]"
Actor,client,99,12,5,MR,F,evaluation,0,0,0.26167118549346924,0,0.5510123372077942,False,0,,0,"[0.123715, 0.389151, 0.179034, 0.115772, 0.192328]"
Actor,client,99,13,5,MR,F,evaluation,0,0,0.36287030577659607,0,0.5510123372077942,False,1,0.0,0,"[0.153634, 0.325974, 0.119035, 0.219153, 0.182205]"
Actor,client,99,15,5,MR,F,evaluation,2,0,0.12972493469715118,0,0.6948522925376892,False,0,,0,"[0.0755, 0.102447, 0.073452, 0.595927, 0.152674]"
Actor,client,99,29,5,MR,F,evaluation,4,0,0.5732520818710327,0,0.6842027902603149,False,1,0.0,1,"[0.113899, 0.103487, 0.15135, 0.282324, 0.348939]"
Actor,client,99,52,5,MR,F,evaluation,0,0,0.5288503766059875,0,0.5510123372077942,False,2,0.5,0,"[0.190024, 0.196997, 0.213051, 0.207058, 0.19287]"
Actor,client,99,56,5,MR,F,evaluation,3,0,0.33913809061050415,0,0.5564348697662354,False,1,0.0,0,"[0.154448, 0.398924, 0.153166, 0.180039, 0.113423]"
Actor,client,99,66,5,MR,F,evaluation,2,0,0.5099835395812988,0,0.6948522925376892,False,8,0.25,0,"[0.118211, 0.177546, 0.242455, 0.182038, 0.279749]"
Actor,client,99,76,5,MR,F,evaluation,4,0,0.5056591629981995,0,0.6842027902603149,False,1,0.0,0,"[0.07796, 0.306119, 0.258989, 0.158332, 0.198599]"
Actor,client,99,82,5,MR,F,evaluation,2,0,0.3468939960002899,0,0.6948522925376892,False,1,0.0,0,"[0.19556, 0.220389, 0.170611, 0.204312, 0.209128]"
Actor,client,99,109,5,MR,F,evaluation,1,0,0.3768705129623413,0,0.5864935517311096,False,4,0.25,0,"[0.171293, 0.159779, 0.283063, 0.163578, 0.222287]"
Actor,client,99,119,5,MR,F,evaluation,3,0,0.7624288201332092,1,0.5564348697662354,False,0,,1,"[0.075163, 0.023043, 0.304704, 0.486689, 0.110401]"
Actor,client,99,126,5,MR,F,evaluation,3,0,0.4815737307071686,0,0.5564348697662354,False,5,0.2,0,"[0.236937, 0.117388, 0.177133, 0.226058, 0.242484]"
Actor,client,99,131,5,MR,F,evaluation,1,0,0.2359905242919922,0,0.5864935517311096,False,0,,0,"[0.087383, 0.073835, 0.273053, 0.457665, 0.108065]"
Actor,client,99,134,5,MR,F,evaluation,4,0,0.7312296628952026,1,0.6842027902603149,False,0,,1,"[0.013067, 0.025709, 0.009869, 0.026637, 0.924718]"
Actor,client,99,138,5,MR,F,evaluation,3,0,0.5882905721664429,1,0.5564348697662354,False,3,0.0,1,"[0.092003, 0.206305, 0.192669, 0.3614, 0.147623]"
Actor,client,99,146,5,MR,F,evaluation,3,0,0.6135849356651306,1,0.5564348697662354,False,0,,1,"[0.043787, 0.203201, 0.273416, 0.386546, 0.09305]"
Actor,client,99,148,5,MR,F,evaluation,2,0,0.36657023429870605,0,0.6948522925376892,False,0,,0,"[0.074783, 0.156309, 0.207908, 0.394812, 0.166188]"
Actor,client,99,155,5,MR,F,evaluation,4,0,0.5883705019950867,0,0.6842027902603149,False,1,0.0,0,"[0.117599, 0.213856, 0.261777, 0.157893, 0.248875]"
Actor,client,99,184,5,MR,F,evaluation,2,0,0.3286741077899933,0,0.6948522925376892,False,1,0.0,0,"[0.172031, 0.234994, 0.162862, 0.229504, 0.20061]"
Actor,client,99,199,5,MR,F,evaluation,3,0,0.4402419924736023,0,0.5564348697662354,False,1,0.0,0,"[0.170442, 0.177397, 0.229135, 0.218555, 0.204471]"
Actor,client,99,203,5,MR,F,evaluation,2,0,0.3599920868873596,0,0.6948522925376892,False,2,0.0,0,"[0.138077, 0.141543, 0.182814, 0.259342, 0.278224]"
Actor,client,99,205,5,MR,F,evaluation,4,0,0.4727669656276703,0,0.6842027902603149,False,0,,0,"[0.166309, 0.136769, 0.241999, 0.231793, 0.223131]"
Actor,client,99,209,5,MR,F,evaluation,4,0,0.6487586498260498,0,0.6842027902603149,False,0,,1,"[0.050002, 0.068695, 0.131375, 0.258534, 0.491394]"
Actor,client,99,211,5,MR,F,evaluation,4,0,0.22170116007328033,0,0.6842027902603149,False,0,,0,"[0.120345, 0.036467, 0.08725, 0.529636, 0.226301]"
Actor,client,99,213,5,MR,F,evaluation,0,0,0.2655022442340851,0,0.5510123372077942,False,2,0.5,0,"[0.101332, 0.29617, 0.145611, 0.254169, 0.202717]"
Actor,client,99,215,5,MR,F,evaluation,4,0,0.6713996529579163,0,0.6842027902603149,False,0,,1,"[0.04811, 0.044088, 0.028353, 0.213751, 0.665699]"
Actor,client,99,224,5,MR,F,evaluation,3,0,0.3497319519519806,0,0.5564348697662354,False,1,0.0,0,"[0.247291, 0.29457, 0.129952, 0.148996, 0.179191]"
Actor,client,99,234,5,MR,F,evaluation,3,0,0.2749541997909546,0,0.5564348697662354,False,0,,0,"[0.278108, 0.182548, 0.188895, 0.056069, 0.29438]"
Actor,client,99,245,5,MR,F,evaluation,1,0,0.33592334389686584,0,0.5864935517311096,False,4,0.0,0,"[0.054383, 0.158429, 0.258663, 0.260605, 0.26792]"
Actor,client,99,247,5,MR,F,evaluation,3,0,0.4062429368495941,0,0.5564348697662354,False,0,,0,"[0.090952, 0.209466, 0.256392, 0.220735, 0.222455]"
Actor,client,99,250,5,MR,F,evaluation,0,0,0.16493025422096252,0,0.5510123372077942,False,1,0.0,0,"[0.078678, 0.41537, 0.293969, 0.100866, 0.111116]"
Actor,client,99,251,5,MR,F,evaluation,3,0,0.5177019834518433,0,0.5564348697662354,False,2,0.0,1,"[0.085905, 0.179517, 0.250157, 0.30086, 0.183562]"
Actor,client,99,262,5,MR,F,evaluation,3,0,0.31690511107444763,0,0.5564348697662354,False,3,0.0,0,"[0.113019, 0.204407, 0.273999, 0.140783, 0.267792]"
Actor,client,99,263,5,MR,F,evaluation,4,0,0.5447427034378052,0,0.6842027902603149,False,0,,0,"[0.037019, 0.184207, 0.310836, 0.212517, 0.255421]"
Actor,client,99,270,5,MR,F,evaluation,0,0,0.45572376251220703,0,0.5510123372077942,False,4,0.0,0,"[0.151212, 0.165686, 0.220101, 0.215012, 0.247989]"
Actor,client,99,275,5,MR,F,evaluation,3,0,0.5856508612632751,1,0.5564348697662354,False,1,0.0,1,"[0.107347, 0.193526, 0.165597, 0.356319, 0.17721]"
Actor,client,99,291,5,MR,F,evaluation,1,0,0.3757353127002716,0,0.5864935517311096,False,2,0.0,0,"[0.099793, 0.179331, 0.214034, 0.147479, 0.359363]"
Actor,client,99,294,5,MR,F,evaluation,1,0,0.22745363414287567,0,0.5864935517311096,False,2,0.5,0,"[0.052887, 0.094398, 0.128676, 0.321589, 0.402449]"
Actor,client,99,298,5,MR,F,evaluation,4,0,0.5305134654045105,0,0.6842027902603149,False,4,0.0,0,"[0.124306, 0.216577, 0.281683, 0.163136, 0.214298]"
Actor,client,99,320,5,MR,F,evaluation,3,0,0.360013484954834,0,0.5564348697662354,False,3,0.3333333333333333,0,"[0.074852, 0.082491, 0.189188, 0.187241, 0.466227]"
Actor,client,99,323,5,MR,F,evaluation,1,0,0.831310510635376,1,0.5864935517311096,False,0,,1,"[0.131018, 0.381223, 0.240791, 0.176769, 0.070198]"
Actor,client,99,341,5,MR,F,evaluation,4,0,0.6209021210670471,0,0.6842027902603149,False,4,0.5,1,"[0.1633, 0.141571, 0.136202, 0.216038, 0.342889]"
Actor,client,99,367,5,MR,F,evaluation,3,0,0.4341249465942383,0,0.5564348697662354,False,0,,0,"[0.07338, 0.086412, 0.547823, 0.197075, 0.095309]"
Actor,client,99,369,5,MR,F,evaluation,1,0,0.49911370873451233,0,0.5864935517311096,False,0,,0,"[0.07633, 0.219071, 0.212684, 0.264622, 0.227293]"
Actor,client,99,384,5,MR,F,evaluation,3,0,0.7039279341697693,1,0.5564348697662354,False,0,,1,"[0.043963, 0.023116, 0.236457, 0.447141, 0.249324]"
Actor,client,99,395,5,MR,F,evaluation,1,0,0.35064420104026794,0,0.5864935517311096,False,2,0.0,0,"[0.084749, 0.166785, 0.132685, 0.181435, 0.434346]"
Actor,client,99,402,5,MR,F,evaluation,2,0,0.4688129723072052,0,0.6948522925376892,False,0,,0,"[0.10191, 0.035628, 0.266315, 0.404048, 0.192099]"
Actor,client,99,406,5,MR,F,evaluation,2,0,0.26984867453575134,0,0.6948522925376892,False,0,,0,"[0.087988, 0.222473, 0.152763, 0.39789, 0.138886]"
Actor,client,99,407,5,MR,F,evaluation,3,0,0.39833325147628784,0,0.5564348697662354,False,2,0.0,0,"[0.182989, 0.214547, 0.19222, 0.192123, 0.218121]"
Actor,client,99,418,5,MR,F,evaluation,0,0,0.43792423605918884,0,0.5510123372077942,False,1,0.0,0,"[0.159411, 0.228476, 0.154573, 0.239815, 0.217727]"
Actor,client,99,421,5,MR,F,evaluation,1,0,0.5000951290130615,0,0.5864935517311096,False,0,,0,"[0.046187, 0.247209, 0.213684, 0.127332, 0.365587]"
Actor,client,99,430,5,MR,F,evaluation,2,0,0.3626558184623718,0,0.6948522925376892,False,1,1.0,0,"[0.099734, 0.112968, 0.193635, 0.324494, 0.26917]"
Actor,client,99,442,5,MR,F,evaluation,1,0,0.4626879096031189,0,0.5864935517311096,False,0,,0,"[0.167366, 0.184349, 0.251635, 0.243424, 0.153225]"
Actor,client,99,444,5,MR,F,evaluation,3,0,0.30539029836654663,0,0.5564348697662354,False,0,,0,"[0.134577, 0.130982, 0.321281, 0.110113, 0.303047]"
Actor,client,99,452,5,MR,F,evaluation,0,0,0.2575412094593048,0,0.5510123372077942,False,2,0.0,0,"[0.054557, 0.124956, 0.205004, 0.377755, 0.237728]"
Actor,client,99,456,5,MR,F,evaluation,1,0,0.3109937310218811,0,0.5864935517311096,False,1,0.0,0,"[0.162822, 0.123217, 0.24238, 0.230187, 0.241394]"
Actor,client,99,460,5,MR,F,evaluation,0,0,0.29335230588912964,0,0.5510123372077942,False,1,0.0,0,"[0.071249, 0.131736, 0.130068, 0.417369, 0.249577]"
Actor,client,99,464,5,MR,F,evaluation,4,0,0.4694784879684448,0,0.6842027902603149,False,1,1.0,0,"[0.145743, 0.207126, 0.174699, 0.246001, 0.226431]"
Actor,client,99,469,5,MR,F,evaluation,2,0,0.3764963150024414,0,0.6948522925376892,False,3,0.3333333333333333,0,"[0.088199, 0.156898, 0.181228, 0.236439, 0.337236]"
Actor,client,99,471,5,MR,F,evaluation,1,0,0.39205628633499146,0,0.5864935517311096,False,2,0.5,0,"[0.065844, 0.186767, 0.277698, 0.210826, 0.258865]"
Actor,client,99,472,5,MR,F,evaluation,4,0,0.607538640499115,0,0.6842027902603149,False,1,0.0,1,"[0.144057, 0.180568, 0.160604, 0.208621, 0.30615]"
Actor,client,99,473,5,MR,F,evaluation,2,0,0.32794424891471863,0,0.6948522925376892,False,2,0.0,0,"[0.076112, 0.158805, 0.169042, 0.313137, 0.282904]"
Actor,client,99,481,5,MR,F,evaluation,2,0,0.21859821677207947,0,0.6948522925376892,False,0,,0,"[0.178755, 0.060075, 0.098362, 0.26348, 0.399327]"
Actor,client,99,482,5,MR,F,evaluation,0,0,0.36909136176109314,0,0.5510123372077942,False,2,0.0,0,"[0.136967, 0.23929, 0.255628, 0.154337, 0.213779]"
Actor,client,99,486,5,MR,F,evaluation,4,0,0.3326960504055023,0,0.6842027902603149,False,1,0.0,0,"[0.142398, 0.152399, 0.244687, 0.287335, 0.17318]"
Actor,client,99,491,5,MR,F,evaluation,2,0,0.38007092475891113,0,0.6948522925376892,False,2,0.0,0,"[0.150445, 0.170892, 0.194806, 0.257113, 0.226744]"
Actor,client,99,517,5,MR,F,evaluation,3,0,0.37869346141815186,0,0.5564348697662354,False,3,0.3333333333333333,0,"[0.108879, 0.165007, 0.165558, 0.201268, 0.359288]"
Actor,client,99,524,5,MR,F,evaluation,3,0,0.3688610792160034,0,0.5564348697662354,False,1,0.0,0,"[0.172619, 0.238795, 0.25292, 0.16789, 0.167777]"
Actor,client,99,525,5,MR,F,evaluation,0,0,0.4226941764354706,0,0.5510123372077942,False,1,0.0,0,"[0.152592, 0.18102, 0.308218, 0.286856, 0.071315]"
Actor,client,99,528,5,MR,F,evaluation,4,0,0.5438029766082764,0,0.6842027902603149,False,1,0.0,1,"[0.110082, 0.145198, 0.186519, 0.264186, 0.294015]"
Actor,client,99,536,5,MR,F,evaluation,1,0,0.5505416989326477,0,0.5864935517311096,False,3,0.0,0,"[0.041365, 0.240453, 0.214584, 0.323703, 0.179895]"
Actor,client,99,538,5,MR,F,evaluation,4,0,0.6637651324272156,0,0.6842027902603149,False,4,0.25,1,"[0.173989, 0.187431, 0.157299, 0.153968, 0.327312]"
Actor,client,99,550,5,MR,F,evaluation,1,0,0.5666366815567017,0,0.5864935517311096,False,2,0.0,0,"[0.243753, 0.212477, 0.198238, 0.193046, 0.152485]"
Actor,client,99,556,5,MR,F,evaluation,1,0,0.3151687681674957,0,0.5864935517311096,False,0,,0,"[0.219933, 0.087582, 0.11736, 0.384431, 0.190694]"
Actor,client,99,559,5,MR,F,evaluation,2,0,0.43238791823387146,0,0.6948522925376892,False,2,0.0,0,"[0.151614, 0.175471, 0.219536, 0.242773, 0.210606]"
Actor,client,99,570,5,MR,F,evaluation,3,0,0.2681334912776947,0,0.5564348697662354,False,0,,0,"[0.038946, 0.03469, 0.376009, 0.092472, 0.457884]"
Actor,client,99,581,5,MR,F,evaluation,1,0,0.5234357714653015,0,0.5864935517311096,False,1,1.0,0,"[0.187998, 0.213795, 0.200245, 0.163789, 0.234173]"
Actor,client,99,599,5,MR,F,evaluation,4,0,0.5213384628295898,0,0.6842027902603149,False,1,0.0,0,"[0.15657, 0.23869, 0.213885, 0.175952, 0.214903]"
Actor,client,99,609,5,MR,F,evaluation,0,0,0.18340711295604706,0,0.5510123372077942,False,0,,0,"[0.059919, 0.31113, 0.192651, 0.249839, 0.186461]"
Actor,client,99,611,5,MR,F,evaluation,2,0,0.6530953645706177,0,0.6948522925376892,False,0,,1,"[0.109112, 0.079763, 0.336237, 0.271589, 0.203299]"
Actor,client,99,614,5,MR,F,evaluation,2,0,0.49661320447921753,0,0.6948522925376892,False,5,0.6,1,"[0.157909, 0.164858, 0.254118, 0.247074, 0.176042]"
Actor,client,99,626,5,MR,F,evaluation,4,0,0.6326961517333984,0,0.6842027902603149,False,1,0.0,1,"[0.077561, 0.07967, 0.162261, 0.253175, 0.427333]"
Actor,client,99,656,5,MR,F,evaluation,1,0,0.6342204809188843,1,0.5864935517311096,False,0,,0,"[0.093097, 0.274016, 0.2773, 0.241693, 0.113893]"
Actor,client,99,659,5,MR,F,evaluation,1,0,0.6899341940879822,1,0.5864935517311096,False,0,,1,"[0.127163, 0.300514, 0.286025, 0.170906, 0.115392]"
Actor,client,99,662,5,MR,F,evaluation,4,0,0.6866811513900757,1,0.6842027902603149,False,3,0.3333333333333333,1,"[0.088542, 0.230508, 0.118157, 0.195171, 0.367622]"
Actor,client,99,669,5,MR,F,evaluation,3,0,0.5198685526847839,0,0.5564348697662354,False,0,,1,"[0.065187, 0.235622, 0.241019, 0.316743, 0.141428]"
Actor,client,99,689,5,MR,F,evaluation,4,0,0.1957961767911911,0,0.6842027902603149,False,0,,0,"[0.050112, 0.411126, 0.220748, 0.239225, 0.078789]"
Actor,client,99,691,5,MR,F,evaluation,2,0,0.5063032507896423,0,0.6948522925376892,False,1,1.0,1,"[0.171657, 0.195517, 0.250304, 0.197653, 0.18487]"
Actor,client,99,698,5,MR,F,evaluation,2,0,0.4518851637840271,0,0.6948522925376892,False,0,,0,"[0.057016, 0.182171, 0.246667, 0.374762, 0.139383]"
Actor,client,99,710,5,MR,F,evaluation,2,0,0.5254822373390198,0,0.6948522925376892,False,3,0.0,1,"[0.143826, 0.207879, 0.256201, 0.1944, 0.197695]"
Actor,client,99,711,5,MR,F,evaluation,4,0,0.4901534616947174,0,0.6842027902603149,False,2,0.0,0,"[0.29114, 0.135638, 0.146318, 0.207082, 0.219821]"
Actor,client,99,719,5,MR,F,evaluation,4,0,0.4065110683441162,0,0.6842027902603149,False,1,0.0,0,"[0.104159, 0.156547, 0.197603, 0.31202, 0.229671]"
Actor,client,99,729,5,MR,F,evaluation,1,0,0.40556028485298157,0,0.5864935517311096,False,3,0.0,0,"[0.167401, 0.170564, 0.226618, 0.174505, 0.260912]"
Actor,client,99,738,5,MR,F,evaluation,0,0,0.4826279878616333,0,0.5510123372077942,False,1,0.0,0,"[0.153754, 0.11291, 0.293206, 0.257958, 0.182171]"
Actor,client,99,740,5,MR,F,evaluation,3,0,0.5596330165863037,1,0.5564348697662354,False,9,0.2222222222222222,1,"[0.060506, 0.171074, 0.184689, 0.347895, 0.235836]"
Actor,client,99,749,5,MR,F,evaluation,4,0,0.40647169947624207,0,0.6842027902603149,False,1,1.0,0,"[0.105731, 0.18772, 0.176713, 0.304716, 0.22512]"
Actor,client,99,750,5,MR,F,evaluation,4,0,0.03837701305747032,0,0.6842027902603149,False,0,,0,"[0.027607, 0.138062, 0.095668, 0.670127, 0.068537]"
Actor,client,99,751,5,MR,F,evaluation,4,0,0.5124101042747498,0,0.6842027902603149,False,2,0.5,1,"[0.137695, 0.164026, 0.187939, 0.250955, 0.259385]"
Actor,client,99,762,5,MR,F,evaluation,3,0,0.5489183068275452,0,0.5564348697662354,False,2,0.0,1,"[0.1029, 0.160073, 0.156205, 0.328039, 0.252782]"
Actor,client,99,791,5,MR,F,evaluation,4,0,0.2025783658027649,0,0.6842027902603149,False,0,,0,"[0.054982, 0.099317, 0.165336, 0.484054, 0.196312]"
Actor,client,99,794,5,MR,F,evaluation,2,0,0.5867058038711548,0,0.6948522925376892,False,0,,1,"[0.151749, 0.231922, 0.287357, 0.185386, 0.143586]"
Actor,client,99,812,5,MR,F,evaluation,4,0,0.6402025818824768,0,0.6842027902603149,False,4,0.25,1,"[0.03741, 0.089502, 0.30147, 0.205614, 0.366005]"
Actor,client,99,822,5,MR,F,evaluation,3,0,0.6829679608345032,1,0.5564348697662354,False,1,1.0,1,"[0.052825, 0.02739, 0.259663, 0.422819, 0.237303]"
Actor,client,99,833,5,MR,F,evaluation,3,0,0.450764924287796,0,0.5564348697662354,False,1,1.0,0,"[0.062102, 0.152263, 0.227429, 0.261071, 0.297135]"
Actor,client,99,848,5,MR,F,evaluation,4,0,0.5497677326202393,0,0.6842027902603149,False,4,0.25,1,"[0.114672, 0.126138, 0.187166, 0.266944, 0.30508]"
Actor,client,99,857,5,MR,F,evaluation,3,0,0.43455982208251953,0,0.5564348697662354,False,1,0.0,0,"[0.15432, 0.176584, 0.233563, 0.219315, 0.216218]"
Actor,client,99,872,5,MR,F,evaluation,3,0,0.3890664577484131,0,0.5564348697662354,False,2,1.0,0,"[0.037958, 0.145544, 0.257943, 0.219507, 0.339048]"
Actor,client,99,881,5,MR,F,evaluation,3,0,0.4230046272277832,0,0.5564348697662354,False,5,0.2,0,"[0.180777, 0.173407, 0.1368, 0.214151, 0.294865]"
Actor,client,99,891,5,MR,F,evaluation,4,0,0.3428528904914856,0,0.6842027902603149,False,2,0.5,0,"[0.05989, 0.213284, 0.191812, 0.329252, 0.205763]"
Actor,client,99,892,5,MR,F,evaluation,0,0,0.7597933411598206,1,0.5510123372077942,False,0,,1,"[0.299491, 0.237079, 0.16526, 0.087386, 0.210784]"
Actor,client,99,896,5,MR,F,evaluation,2,0,0.44649139046669006,0,0.6948522925376892,False,2,0.0,0,"[0.207245, 0.162451, 0.232685, 0.239898, 0.15772]"
Actor,client,99,908,5,MR,F,evaluation,0,0,0.43575260043144226,0,0.5510123372077942,False,0,,0,"[0.155117, 0.208035, 0.212292, 0.208563, 0.215993]"
Actor,client,99,914,5,MR,F,evaluation,4,0,0.4842675030231476,0,0.6842027902603149,False,3,0.3333333333333333,0,"[0.152862, 0.284429, 0.175899, 0.186754, 0.200056]"
Actor,client,99,918,5,MR,F,evaluation,3,0,0.4640926420688629,0,0.5564348697662354,False,2,0.0,0,"[0.192914, 0.128559, 0.241742, 0.221331, 0.215454]"
Actor,client,99,935,5,MR,F,evaluation,3,0,0.5393790006637573,0,0.5564348697662354,False,5,0.0,1,"[0.1189, 0.119504, 0.143889, 0.31285, 0.304857]"
Actor,client,99,948,5,MR,F,evaluation,3,0,0.44373586773872375,0,0.5564348697662354,False,3,0.0,1,"[0.14384, 0.200847, 0.197935, 0.236762, 0.220616]"
Actor,client,99,950,5,MR,F,evaluation,0,0,0.25985196232795715,0,0.5510123372077942,False,0,,0,"[0.068889, 0.167861, 0.340084, 0.157811, 0.265355]"
Actor,client,99,958,5,MR,F,evaluation,4,0,0.4346669912338257,0,0.6842027902603149,False,3,0.0,0,"[0.124227, 0.14942, 0.289132, 0.235066, 0.202156]"
Actor,client,99,959,5,MR,F,evaluation,1,0,0.39167162775993347,0,0.5864935517311096,False,5,0.2,0,"[0.119035, 0.161627, 0.159567, 0.281522, 0.278249]"
Actor,client,99,968,5,MR,F,evaluation,3,0,0.3934108316898346,0,0.5564348697662354,False,0,,0,"[0.089393, 0.165366, 0.340003, 0.196351, 0.208888]"
Actor,client,99,979,5,MR,F,evaluation,3,0,0.46147823333740234,0,0.5564348697662354,False,3,0.6666666666666666,1,"[0.10011, 0.255177, 0.154439, 0.2761, 0.214175]"
Actor,client,99,986,5,MR,F,evaluation,4,0,0.510126531124115,0,0.6842027902603149,False,0,,0,"[0.121447, 0.141521, 0.261483, 0.22933, 0.246219]"
Actor,client,99,1003,5,MR,F,evaluation,3,0,0.6233261227607727,1,0.5564348697662354,False,0,,1,"[0.09131, 0.164159, 0.182282, 0.385456, 0.176793]"
Actor,client,99,1005,5,MR,F,evaluation,2,0,0.2586543560028076,0,0.6948522925376892,False,0,,0,"[0.057272, 0.117903, 0.159432, 0.481271, 0.184122]"
Actor,client,99,1020,5,MR,F,evaluation,1,0,0.5071069002151489,0,0.5864935517311096,False,1,0.0,0,"[0.163946, 0.214123, 0.238866, 0.162368, 0.220697]"
Actor,client,99,1032,5,MR,F,evaluation,0,0,0.5046428442001343,0,0.5510123372077942,False,2,0.0,0,"[0.167116, 0.157903, 0.256133, 0.122402, 0.296445]"
Actor,client,99,1035,5,MR,F,evaluation,1,0,0.4686722457408905,0,0.5864935517311096,False,2,0.0,0,"[0.153637, 0.195559, 0.208717, 0.202331, 0.239757]"
Actor,client,99,1042,5,MR,F,evaluation,4,0,0.5976911783218384,0,0.6842027902603149,False,3,0.6666666666666666,1,"[0.153395, 0.218522, 0.160336, 0.190408, 0.277339]"
Actor,client,99,1064,5,MR,F,evaluation,4,0,0.37322744727134705,0,0.6842027902603149,False,2,0.5,0,"[0.066277, 0.078328, 0.091372, 0.464283, 0.29974]"
Actor,client,99,1071,5,MR,F,evaluation,4,0,0.6795254945755005,0,0.6842027902603149,False,5,0.2,1,"[0.127362, 0.102218, 0.140005, 0.180289, 0.450127]"
Actor,client,99,1078,5,MR,F,evaluation,0,0,0.5550540685653687,1,0.5510123372077942,False,1,0.0,0,"[0.193863, 0.168871, 0.245435, 0.191162, 0.200669]"
Actor,client,99,1083,5,MR,F,evaluation,4,0,0.35003462433815,0,0.6842027902603149,False,0,,0,"[0.314818, 0.12795, 0.190453, 0.224564, 0.142214]"
Actor,client,99,1088,5,MR,F,evaluation,2,0,0.379021555185318,0,0.6948522925376892,False,2,0.5,0,"[0.209955, 0.144173, 0.189442, 0.202554, 0.253877]"
Actor,client,99,1093,5,MR,F,evaluation,0,0,0.38907626271247864,0,0.5510123372077942,False,2,0.5,0,"[0.130452, 0.179093, 0.252987, 0.227306, 0.210162]"
Actor,client,99,1101,5,MR,F,evaluation,1,0,0.1726924329996109,0,0.5864935517311096,False,2,0.0,0,"[0.058513, 0.070735, 0.175814, 0.232747, 0.462192]"
Actor,client,99,1106,5,MR,F,evaluation,4,0,0.4227665662765503,0,0.6842027902603149,False,1,0.0,0,"[0.142618, 0.161367, 0.318699, 0.201309, 0.176007]"
Actor,client,99,1109,5,MR,F,evaluation,2,0,0.44801628589630127,0,0.6948522925376892,False,1,0.0,0,"[0.207476, 0.251314, 0.218473, 0.167771, 0.154967]"
Actor,client,99,1114,5,MR,F,evaluation,0,0,0.5816861391067505,1,0.5510123372077942,False,0,,0,"[0.174638, 0.066407, 0.199048, 0.29077, 0.269137]"
Actor,client,99,1120,5,MR,F,evaluation,1,0,0.08652640134096146,0,0.5864935517311096,False,3,0.0,0,"[0.016453, 0.010563, 0.010851, 0.099536, 0.862597]"
Actor,client,99,1131,5,MR,F,evaluation,4,0,0.39153626561164856,0,0.6842027902603149,False,1,0.0,0,"[0.157337, 0.159287, 0.227263, 0.26355, 0.192562]"
Actor,client,99,1138,5,MR,F,evaluation,0,0,0.32610800862312317,0,0.5510123372077942,False,4,0.0,0,"[0.093198, 0.120951, 0.381756, 0.20875, 0.195346]"
Actor,client,99,1141,5,MR,F,evaluation,3,0,0.4001306891441345,0,0.5564348697662354,False,0,,0,"[0.039869, 0.347337, 0.173442, 0.258782, 0.18057]"
Actor,client,99,1145,5,MR,F,evaluation,0,0,0.444633811712265,0,0.5510123372077942,False,1,0.0,0,"[0.159665, 0.217972, 0.171087, 0.22833, 0.222946]"
Actor,client,99,1148,5,MR,F,evaluation,3,0,0.32762476801872253,0,0.5564348697662354,False,3,0.0,0,"[0.1092, 0.199542, 0.169902, 0.16395, 0.357407]"
Actor,client,99,1158,5,MR,F,evaluation,3,0,0.525062084197998,0,0.5564348697662354,False,1,0.0,0,"[0.07245, 0.061027, 0.160904, 0.310051, 0.395568]"
Actor,client,99,1166,5,MR,F,evaluation,0,0,0.3971598148345947,0,0.5510123372077942,False,4,0.0,0,"[0.118589, 0.149836, 0.145363, 0.269912, 0.3163]"
Actor,client,99,1206,5,MR,F,evaluation,4,0,0.4384627640247345,0,0.6842027902603149,False,4,0.25,0,"[0.166742, 0.204102, 0.213091, 0.221425, 0.194639]"
Actor,client,99,1208,5,MR,F,evaluation,1,0,0.7048687934875488,1,0.5864935517311096,False,1,0.0,1,"[0.072615, 0.310007, 0.119871, 0.248854, 0.248653]"
Actor,client,99,1216,5,MR,F,evaluation,3,0,0.42952752113342285,0,0.5564348697662354,False,1,0.0,0,"[0.214907, 0.234195, 0.174854, 0.208513, 0.167532]"
Actor,client,99,1244,5,MR,F,evaluation,1,0,0.6147862076759338,1,0.5864935517311096,False,0,,0,"[0.193822, 0.249166, 0.273575, 0.172027, 0.111411]"
Actor,client,99,1255,5,MR,F,evaluation,0,0,0.3565675914287567,0,0.5510123372077942,False,2,0.0,0,"[0.106642, 0.159112, 0.156774, 0.312423, 0.265049]"
Actor,client,99,1256,5,MR,F,evaluation,1,0,0.4771876633167267,0,0.5864935517311096,False,6,0.16666666666666666,0,"[0.15752, 0.194795, 0.215827, 0.22527, 0.206588]"
Actor,client,99,1258,5,MR,F,evaluation,3,0,0.3869823217391968,0,0.5564348697662354,False,2,0.0,0,"[0.074102, 0.189771, 0.163054, 0.222342, 0.350731]"
Actor,client,99,1261,5,MR,F,evaluation,2,0,0.47199973464012146,0,0.6948522925376892,False,4,0.75,1,"[0.154355, 0.174519, 0.23313, 0.209409, 0.228587]"
Actor,client,99,1282,5,MR,F,evaluation,0,0,0.7597933411598206,1,0.5510123372077942,False,0,,1,"[0.299491, 0.237079, 0.16526, 0.087386, 0.210784]"
Actor,client,99,1287,5,MR,F,evaluation,4,0,0.28070616722106934,0,0.6842027902603149,False,0,,0,"[0.118734, 0.370157, 0.288528, 0.142293, 0.080288]"
Actor,client,99,1292,5,MR,F,evaluation,3,0,0.7318035364151001,1,0.5564348697662354,False,0,,1,"[0.163846, 0.126126, 0.151628, 0.45604, 0.10236]"
Actor,client,99,1304,5,MR,F,evaluation,4,0,0.6093144416809082,0,0.6842027902603149,False,0,,1,"[0.09252, 0.051345, 0.02085, 0.317445, 0.517841]"
Actor,client,99,1306,5,MR,F,evaluation,3,0,0.3250022828578949,0,0.5564348697662354,False,0,,0,"[0.053611, 0.178294, 0.181084, 0.177355, 0.409656]"
Actor,client,99,1307,5,MR,F,evaluation,1,0,0.40786808729171753,0,0.5864935517311096,False,0,,0,"[0.157297, 0.183804, 0.36737, 0.116544, 0.174984]"
Actor,client,99,1311,5,MR,F,evaluation,0,0,0.386427640914917,0,0.5510123372077942,False,2,0.0,0,"[0.111926, 0.134238, 0.208376, 0.226888, 0.318573]"
Actor,client,99,1318,5,MR,F,evaluation,3,0,0.39548149704933167,0,0.5564348697662354,False,3,0.0,0,"[0.069942, 0.155983, 0.214388, 0.22003, 0.339658]"
Actor,client,99,1325,5,MR,F,evaluation,2,0,0.654604971408844,0,0.6948522925376892,False,1,0.0,1,"[0.107444, 0.160572, 0.318942, 0.185161, 0.227882]"
Actor,client,99,1337,5,MR,F,evaluation,3,0,0.44881772994995117,0,0.5564348697662354,False,1,0.0,1,"[0.150333, 0.227867, 0.190485, 0.242017, 0.189298]"
Actor,client,99,1350,5,MR,F,evaluation,1,0,0.24375280737876892,0,0.5864935517311096,False,4,0.25,0,"[0.075516, 0.101943, 0.159174, 0.294418, 0.36895]"
Actor,client,99,1358,5,MR,F,evaluation,3,0,0.30654338002204895,0,0.5564348697662354,False,0,,0,"[0.074755, 0.061042, 0.131373, 0.149171, 0.583659]"
Actor,client,99,1371,5,MR,F,evaluation,3,0,0.5782370567321777,1,0.5564348697662354,False,0,,1,"[0.076375, 0.055201, 0.277906, 0.331708, 0.25881]"
Actor,client,99,1378,5,MR,F,evaluation,4,0,0.6468355059623718,0,0.6842027902603149,False,2,0.5,1,"[0.108165, 0.045563, 0.033858, 0.23949, 0.572924]"
Actor,client,99,1384,5,MR,F,evaluation,4,0,0.5877973437309265,0,0.6842027902603149,False,2,0.0,1,"[0.167926, 0.17493, 0.16511, 0.204835, 0.287199]"
Actor,client,99,1387,5,MR,F,evaluation,1,0,0.3061075210571289,0,0.5864935517311096,False,1,0.0,0,"[0.139557, 0.138669, 0.265908, 0.146981, 0.308885]"
Actor,client,99,1417,5,MR,F,evaluation,0,0,0.5006844401359558,0,0.5510123372077942,False,1,0.0,0,"[0.177309, 0.195241, 0.201105, 0.213618, 0.212727]"
Actor,client,99,1422,5,MR,F,evaluation,0,0,0.42906928062438965,0,0.5510123372077942,False,3,0.3333333333333333,0,"[0.150471, 0.203278, 0.184093, 0.24527, 0.216888]"
Actor,client,99,1434,5,MR,F,evaluation,0,0,0.32103461027145386,0,0.5510123372077942,False,0,,0,"[0.083898, 0.13876, 0.111916, 0.384352, 0.281074]"
Actor,client,99,1439,5,MR,F,evaluation,1,0,0.41951504349708557,0,0.5864935517311096,False,0,,0,"[0.110893, 0.169031, 0.195402, 0.328897, 0.195777]"
Actor,client,99,1440,5,MR,F,evaluation,3,0,0.4015324115753174,0,0.5564348697662354,False,1,0.0,0,"[0.218248, 0.203083, 0.196595, 0.180624, 0.201449]"
Actor,client,99,1444,5,MR,F,evaluation,2,0,0.48549684882164,0,0.6948522925376892,False,2,0.5,0,"[0.133819, 0.17853, 0.230859, 0.177645, 0.279148]"
Actor,client,99,1464,5,MR,F,evaluation,3,0,0.3253558278083801,0,0.5564348697662354,False,0,,0,"[0.066201, 0.133024, 0.324932, 0.150033, 0.32581]"
Actor,client,99,1506,5,MR,F,evaluation,2,0,0.5641977190971375,0,0.6948522925376892,False,0,,0,"[0.067505, 0.225786, 0.25916, 0.156334, 0.291215]"
Actor,client,99,1508,5,MR,F,evaluation,0,0,0.3490743935108185,0,0.5510123372077942,False,0,,0,"[0.137389, 0.253188, 0.285909, 0.209956, 0.113558]"
Actor,client,99,1519,5,MR,F,evaluation,2,0,0.6036133766174316,0,0.6948522925376892,False,1,0.0,1,"[0.129001, 0.218867, 0.298379, 0.207712, 0.146042]"
Actor,client,99,1521,5,MR,F,evaluation,3,0,0.4520469605922699,0,0.5564348697662354,False,2,0.0,0,"[0.170606, 0.138332, 0.246054, 0.220791, 0.224216]"
Actor,client,99,1522,5,MR,F,evaluation,0,0,0.4647357165813446,0,0.5510123372077942,False,0,,0,"[0.18525, 0.25548, 0.263127, 0.197119, 0.099023]"
Actor,client,99,1523,5,MR,F,evaluation,4,0,0.7044624090194702,1,0.6842027902603149,False,0,,0,"[0.023241, 0.021787, 0.462612, 0.079019, 0.41334]"
Actor,client,99,1524,5,MR,F,evaluation,0,0,0.2509913444519043,0,0.5510123372077942,False,2,0.0,0,"[0.078344, 0.221073, 0.146887, 0.423796, 0.1299]"
Actor,client,99,1532,5,MR,F,evaluation,2,0,0.4069318473339081,0,0.6948522925376892,False,1,1.0,0,"[0.159264, 0.181134, 0.217425, 0.291251, 0.150926]"
Actor,client,99,1536,5,MR,F,evaluation,0,0,0.42667558789253235,0,0.5510123372077942,False,3,0.3333333333333333,0,"[0.150294, 0.18706, 0.265975, 0.2349, 0.161771]"
Actor,client,99,1544,5,MR,F,evaluation,1,0,0.49892887473106384,0,0.5864935517311096,False,1,0.0,0,"[0.154578, 0.19527, 0.167784, 0.285318, 0.19705]"
Actor,client,99,1547,5,MR,F,evaluation,4,0,0.5580940842628479,0,0.6842027902603149,False,2,0.5,1,"[0.076457, 0.089247, 0.084586, 0.35421, 0.3955]"
Actor,client,99,1566,5,MR,F,evaluation,3,0,0.5243589282035828,0,0.5564348697662354,False,1,0.0,1,"[0.131616, 0.244377, 0.192703, 0.304566, 0.126738]"
Actor,client,99,1567,5,MR,F,evaluation,2,0,0.5789499878883362,0,0.6948522925376892,False,1,0.0,1,"[0.160787, 0.231871, 0.279882, 0.164657, 0.162804]"
Actor,client,99,1576,5,MR,F,evaluation,2,0,0.2800208628177643,0,0.6948522925376892,False,2,0.0,0,"[0.243494, 0.11304, 0.145382, 0.248469, 0.249614]"
Actor,client,99,1577,5,MR,F,evaluation,3,0,0.6444391012191772,1,0.5564348697662354,False,0,,1,"[0.006057, 0.074865, 0.060077, 0.438107, 0.420894]"
Actor,client,99,1585,5,MR,F,evaluation,2,0,0.5789574980735779,0,0.6948522925376892,False,1,0.0,1,"[0.213089, 0.15978, 0.280531, 0.140322, 0.206278]"
Actor,client,99,1595,5,MR,F,evaluation,4,0,0.6850113868713379,1,0.6842027902603149,False,1,1.0,1,"[0.120632, 0.234129, 0.079759, 0.196246, 0.369234]"
Actor,client,99,1603,5,MR,F,evaluation,4,0,0.4551730751991272,0,0.6842027902603149,False,1,0.0,0,"[0.152139, 0.142498, 0.239519, 0.245699, 0.220145]"
Actor,client,99,1604,5,MR,F,evaluation,3,0,0.40918684005737305,0,0.5564348697662354,False,0,,0,"[0.171289, 0.134406, 0.349866, 0.17544, 0.169]"
Actor,client,99,1612,5,MR,F,evaluation,2,0,0.4698704481124878,0,0.6948522925376892,False,4,0.0,0,"[0.086183, 0.155821, 0.236475, 0.267988, 0.253533]"
Actor,client,99,1620,5,MR,F,evaluation,1,0,0.5971329212188721,1,0.5864935517311096,False,3,0.0,1,"[0.148104, 0.250674, 0.248608, 0.191634, 0.16098]"
Actor,client,99,1624,5,MR,F,evaluation,2,0,0.4583573639392853,0,0.6948522925376892,False,1,0.0,0,"[0.12689, 0.166155, 0.23539, 0.268078, 0.203486]"
Actor,client,99,1625,5,MR,F,evaluation,1,0,0.6356467008590698,1,0.5864935517311096,False,0,,0,"[0.139092, 0.269842, 0.294882, 0.191755, 0.104429]"
Actor,client,99,1626,5,MR,F,evaluation,2,0,0.33759963512420654,0,0.6948522925376892,False,2,0.0,0,"[0.156799, 0.159796, 0.17726, 0.281963, 0.224182]"
Actor,client,99,1635,5,MR,F,evaluation,0,0,0.812950074672699,1,0.5510123372077942,False,0,,1,"[0.299997, 0.128108, 0.125817, 0.171145, 0.274933]"
Actor,client,99,1651,5,MR,F,evaluation,4,0,0.42497649788856506,0,0.6842027902603149,False,2,1.0,0,"[0.127823, 0.149805, 0.235028, 0.270695, 0.216649]"
Actor,client,99,1664,5,MR,F,evaluation,3,0,0.37888824939727783,0,0.5564348697662354,False,2,0.0,0,"[0.099897, 0.16204, 0.15475, 0.205608, 0.377705]"
Actor,client,99,1669,5,MR,F,evaluation,2,0,0.6343933343887329,0,0.6948522925376892,False,0,,1,"[0.055526, 0.246765, 0.303591, 0.193422, 0.200696]"
Actor,client,99,1677,5,MR,F,evaluation,4,0,0.7123682498931885,1,0.6842027902603149,False,1,1.0,1,"[0.060973, 0.131098, 0.124838, 0.181645, 0.501446]"
Actor,client,99,1681,5,MR,F,evaluation,3,0,0.5633937120437622,1,0.5564348697662354,False,5,0.2,1,"[0.090168, 0.153885, 0.17648, 0.339704, 0.239762]"
Actor,client,99,1686,5,MR,F,evaluation,3,0,0.4425981938838959,0,0.5564348697662354,False,4,0.25,1,"[0.161501, 0.190115, 0.2058, 0.227718, 0.214866]"
Actor,client,99,1700,5,MR,F,evaluation,4,0,0.5182768702507019,0,0.6842027902603149,False,1,0.0,1,"[0.151772, 0.154254, 0.152059, 0.266739, 0.275175]"
Actor,client,99,1710,5,MR,F,evaluation,1,0,0.33434855937957764,0,0.5864935517311096,False,0,,0,"[0.054852, 0.151463, 0.217587, 0.30124, 0.274858]"
Actor,client,99,1712,5,MR,F,evaluation,0,0,0.21220441162586212,0,0.5510123372077942,False,3,0.0,0,"[0.044398, 0.172117, 0.266336, 0.308681, 0.208469]"
Actor,client,99,1724,5,MR,F,evaluation,4,0,0.38506028056144714,0,0.6842027902603149,False,0,,0,"[0.155434, 0.087641, 0.288038, 0.273645, 0.195241]"
Actor,client,99,1729,5,MR,F,evaluation,3,0,0.4491037428379059,0,0.5564348697662354,False,4,0.25,1,"[0.124771, 0.197963, 0.208986, 0.24545, 0.222831]"
Actor,client,99,1736,5,MR,F,evaluation,0,0,0.2794996500015259,0,0.5510123372077942,False,1,0.0,0,"[0.063883, 0.125535, 0.217059, 0.306853, 0.286671]"
Actor,client,99,1737,5,MR,F,evaluation,3,0,0.43359360098838806,0,0.5564348697662354,False,1,0.0,0,"[0.166531, 0.114117, 0.220204, 0.20976, 0.289388]"
Actor,client,99,1740,5,MR,F,evaluation,4,0,0.6674865484237671,0,0.6842027902603149,False,1,0.0,1,"[0.150838, 0.169703, 0.18487, 0.155847, 0.338741]"
Actor,client,99,1763,5,MR,F,evaluation,2,0,0.3774293065071106,0,0.6948522925376892,False,3,0.0,0,"[0.125673, 0.194206, 0.186849, 0.239605, 0.253667]"
Actor,client,99,1768,5,MR,F,evaluation,2,0,0.1691206842660904,0,0.6948522925376892,False,0,,0,"[0.100319, 0.087611, 0.094366, 0.48261, 0.235094]"
Actor,client,99,1769,5,MR,F,evaluation,2,0,0.44316792488098145,0,0.6948522925376892,False,0,,0,"[0.043534, 0.054321, 0.229759, 0.325394, 0.346992]"
Actor,client,99,1771,5,MR,F,evaluation,0,0,0.21865777671337128,0,0.5510123372077942,False,2,0.5,0,"[0.060559, 0.224799, 0.242981, 0.260119, 0.211541]"
Actor,client,99,1788,5,MR,F,evaluation,1,0,0.21244055032730103,0,0.5864935517311096,False,2,0.0,0,"[0.102142, 0.080082, 0.215212, 0.279632, 0.322933]"
Actor,client,99,1796,5,MR,F,evaluation,4,0,0.548561692237854,0,0.6842027902603149,False,3,0.0,1,"[0.06793, 0.1338, 0.224149, 0.27097, 0.303151]"
Actor,client,99,1799,5,MR,F,evaluation,3,0,0.5398430824279785,0,0.5564348697662354,False,0,,1,"[0.027117, 0.129281, 0.183262, 0.340568, 0.319771]"
Actor,client,99,1806,5,MR,F,evaluation,4,0,0.5859307050704956,0,0.6842027902603149,False,3,0.3333333333333333,1,"[0.079212, 0.202068, 0.207253, 0.221899, 0.289569]"
Actor,client,99,1835,5,MR,F,evaluation,2,0,0.24753563106060028,0,0.6948522925376892,False,0,,0,"[0.093225, 0.122381, 0.148319, 0.444948, 0.191127]"
Actor,client,99,1844,5,MR,F,evaluation,4,0,0.471668004989624,0,0.6842027902603149,False,1,1.0,0,"[0.036408, 0.04114, 0.060749, 0.466536, 0.395167]"
Actor,client,99,1873,5,MR,F,evaluation,2,0,0.5046060085296631,0,0.6948522925376892,False,0,,0,"[0.132374, 0.053299, 0.284743, 0.387893, 0.14169]"
Actor,client,99,1875,5,MR,F,evaluation,4,0,0.5411943197250366,0,0.6842027902603149,False,1,0.0,0,"[0.083789, 0.106532, 0.302496, 0.232082, 0.275101]"
Actor,client,99,1877,5,MR,F,evaluation,1,0,0.2469579428434372,0,0.5864935517311096,False,0,,0,"[0.078851, 0.109367, 0.297412, 0.261234, 0.253136]"
Actor,client,99,1880,5,MR,F,evaluation,4,0,0.5625038146972656,0,0.6842027902603149,False,1,1.0,1,"[0.157911, 0.199786, 0.223971, 0.175188, 0.243144]"
Actor,client,99,1883,5,MR,F,evaluation,3,0,0.3401449918746948,0,0.5564348697662354,False,4,0.25,0,"[0.100728, 0.253467, 0.274652, 0.168748, 0.202405]"
Actor,client,99,1884,5,MR,F,evaluation,3,0,0.8450223803520203,1,0.5564348697662354,False,0,,1,"[0.035541, 0.067922, 0.024824, 0.655912, 0.215801]"
Actor,client,99,1900,5,MR,F,evaluation,0,0,0.3100607395172119,0,0.5510123372077942,False,4,0.25,0,"[0.099096, 0.196917, 0.163154, 0.350428, 0.190406]"
Actor,client,99,1907,5,MR,F,evaluation,4,0,0.44222936034202576,0,0.6842027902603149,False,1,0.0,0,"[0.116066, 0.215747, 0.204125, 0.250047, 0.214016]"
Actor,client,99,1926,5,MR,F,evaluation,4,0,0.4387020170688629,0,0.6842027902603149,False,0,,0,"[0.125697, 0.345748, 0.160485, 0.187692, 0.180377]"
Actor,client,99,1929,5,MR,F,evaluation,3,0,0.3489803373813629,0,0.5564348697662354,False,1,0.0,0,"[0.163569, 0.229874, 0.241132, 0.15617, 0.209255]"
Actor,client,99,1933,5,MR,F,evaluation,3,0,0.34360271692276,0,0.5564348697662354,False,2,0.5,0,"[0.134729, 0.240057, 0.176404, 0.171286, 0.277524]"
Actor,client,99,1952,5,MR,F,evaluation,3,0,0.4269249439239502,0,0.5564348697662354,False,3,0.3333333333333333,0,"[0.056635, 0.154516, 0.261367, 0.241491, 0.28599]"
Actor,client,99,1954,5,MR,F,evaluation,4,0,0.7396726012229919,1,0.6842027902603149,False,0,,1,"[0.043372, 0.039669, 0.041896, 0.015238, 0.859825]"
Actor,client,99,1960,5,MR,F,evaluation,2,0,0.40202686190605164,0,0.6948522925376892,False,1,1.0,0,"[0.158407, 0.205989, 0.209823, 0.26784, 0.15794]"
Actor,client,99,1964,5,MR,F,evaluation,3,0,0.20353981852531433,0,0.5564348697662354,False,0,,0,"[0.046007, 0.162973, 0.051397, 0.077734, 0.661889]"
Actor,client,99,1966,5,MR,F,evaluation,2,0,0.47989583015441895,0,0.6948522925376892,False,1,0.0,1,"[0.162822, 0.123217, 0.24238, 0.230187, 0.241394]"
Actor,client,99,1969,5,MR,F,evaluation,3,0,0.454839825630188,0,0.5564348697662354,False,3,0.3333333333333333,1,"[0.151429, 0.191434, 0.19757, 0.241254, 0.218313]"
Actor,client,99,1970,5,MR,F,evaluation,4,0,0.6755678653717041,0,0.6842027902603149,False,1,1.0,1,"[0.062711, 0.173554, 0.197456, 0.19429, 0.371988]"
Actor,client,99,1975,5,MR,F,evaluation,2,0,0.30623573064804077,0,0.6948522925376892,False,1,0.0,0,"[0.109155, 0.198517, 0.150978, 0.270072, 0.271278]"
Actor,client,99,1982,5,MR,F,evaluation,3,0,0.4436590075492859,0,0.5564348697662354,False,2,0.5,0,"[0.043255, 0.151965, 0.147179, 0.272888, 0.384713]"
Actor,client,99,2039,5,MR,F,evaluation,2,0,0.480911523103714,0,0.6948522925376892,False,4,0.5,0,"[0.081039, 0.143836, 0.251405, 0.314681, 0.209038]"
Actor,client,99,2040,5,MR,F,evaluation,2,0,0.24459025263786316,0,0.6948522925376892,False,0,,0,"[0.236779, 0.137843, 0.10844, 0.189322, 0.327617]"
Actor,client,99,2049,5,MR,F,evaluation,3,0,0.6251443028450012,1,0.5564348697662354,False,0,,0,"[0.035009, 0.009302, 0.008195, 0.412595, 0.534898]"
Actor,client,99,2056,5,MR,F,evaluation,0,0,0.7396528720855713,1,0.5510123372077942,False,0,,1,"[0.263516, 0.13502, 0.209184, 0.155812, 0.236468]"
Actor,client,99,2061,5,MR,F,evaluation,4,0,0.45867449045181274,0,0.6842027902603149,False,1,0.0,0,"[0.109323, 0.183478, 0.247887, 0.240668, 0.218644]"
Actor,client,99,2070,5,MR,F,evaluation,3,0,0.48388639092445374,0,0.5564348697662354,False,1,1.0,0,"[0.068524, 0.112798, 0.18669, 0.283885, 0.348103]"
Actor,client,99,2072,5,MR,F,evaluation,3,0,0.6431517601013184,1,0.5564348697662354,False,3,0.3333333333333333,1,"[0.088864, 0.082136, 0.116296, 0.401809, 0.310895]"
Actor,client,99,2085,5,MR,F,evaluation,2,0,0.5108391046524048,0,0.6948522925376892,False,5,0.4,1,"[0.161535, 0.199338, 0.250702, 0.19418, 0.194245]"
Actor,client,99,2087,5,MR,F,evaluation,2,0,0.13935159146785736,0,0.6948522925376892,False,0,,0,"[0.121685, 0.117403, 0.034727, 0.333844, 0.392341]"
Actor,client,99,2096,5,MR,F,evaluation,2,0,0.20694135129451752,0,0.6948522925376892,False,0,,0,"[0.206788, 0.275798, 0.097215, 0.284921, 0.135277]"
Actor,client,99,2097,5,MR,F,evaluation,2,0,0.17292456328868866,0,0.6948522925376892,False,3,0.3333333333333333,0,"[0.077372, 0.044912, 0.02335, 0.15453, 0.699835]"
Actor,client,99,2122,5,MR,F,evaluation,3,0,0.2650658190250397,0,0.5564348697662354,False,0,,0,"[0.051293, 0.097518, 0.614917, 0.058812, 0.17746]"
Actor,client,99,2125,5,MR,F,evaluation,0,0,0.1980103850364685,0,0.5510123372077942,False,0,,0,"[0.033471, 0.135859, 0.345033, 0.384585, 0.101052]"
Actor,client,99,2127,5,MR,F,evaluation,0,0,0.6121983528137207,1,0.5510123372077942,False,2,0.0,0,"[0.219605, 0.19059, 0.19291, 0.169881, 0.227014]"
Actor,client,99,2129,5,MR,F,evaluation,1,0,0.34402209520339966,0,0.5864935517311096,False,3,0.3333333333333333,0,"[0.118465, 0.151, 0.264742, 0.221632, 0.244161]"
Actor,client,99,2133,5,MR,F,evaluation,2,0,0.3863605260848999,0,0.6948522925376892,False,0,,0,"[0.148929, 0.331565, 0.185473, 0.196739, 0.137294]"
Actor,client,99,2135,5,MR,F,evaluation,2,0,0.43674236536026,0,0.6948522925376892,False,2,0.0,0,"[0.165279, 0.218685, 0.213191, 0.194186, 0.208659]"
Actor,client,99,2153,5,MR,F,evaluation,1,0,0.5140886306762695,0,0.5864935517311096,False,0,,0,"[0.138224, 0.225494, 0.249979, 0.149978, 0.236324]"
Actor,client,99,2172,5,MR,F,evaluation,1,0,0.22647295892238617,0,0.5864935517311096,False,1,0.0,0,"[0.162884, 0.042081, 0.17776, 0.499439, 0.117836]"
Actor,client,99,2173,5,MR,F,evaluation,4,0,0.49298131465911865,0,0.6842027902603149,False,0,,0,"[0.030346, 0.100413, 0.115771, 0.401631, 0.35184]"
Actor,client,99,2174,5,MR,F,evaluation,4,0,0.34914064407348633,0,0.6842027902603149,False,2,0.5,0,"[0.052528, 0.066451, 0.078694, 0.498892, 0.303435]"
Actor,client,99,2178,5,MR,F,evaluation,4,0,0.3640928566455841,0,0.6842027902603149,False,1,0.0,0,"[0.12556, 0.16455, 0.298829, 0.24324, 0.16782]"
Actor,client,99,2187,5,MR,F,evaluation,1,0,0.19245466589927673,0,0.5864935517311096,False,18,0.2777777777777778,0,"[0.075968, 0.077691, 0.183979, 0.249951, 0.412411]"
Actor,client,99,2194,5,MR,F,evaluation,4,0,0.6387949585914612,0,0.6842027902603149,False,1,1.0,1,"[0.123331, 0.151411, 0.10752, 0.237972, 0.379766]"
Actor,client,99,2196,5,MR,F,evaluation,3,0,0.37311407923698425,0,0.5564348697662354,False,2,0.5,0,"[0.158708, 0.086407, 0.256974, 0.160029, 0.337881]"
Actor,client,99,2200,5,MR,F,evaluation,2,0,0.430362731218338,0,0.6948522925376892,False,2,0.0,0,"[0.168357, 0.164704, 0.199921, 0.1467, 0.320318]"
Actor,client,99,2211,5,MR,F,evaluation,3,0,0.8083169460296631,1,0.5564348697662354,False,0,,1,"[0.033418, 0.093357, 0.169311, 0.583588, 0.120325]"
Actor,client,99,2215,5,MR,F,evaluation,2,0,0.304119735956192,0,0.6948522925376892,False,2,0.5,0,"[0.101654, 0.085349, 0.151164, 0.282503, 0.37933]"
Actor,client,99,2218,5,MR,F,evaluation,2,0,0.5515470504760742,0,0.6948522925376892,False,0,,1,"[0.160824, 0.237122, 0.258633, 0.132441, 0.210979]"
Actor,client,99,2222,5,MR,F,evaluation,1,0,0.1376674920320511,0,0.5864935517311096,False,0,,0,"[0.013103, 0.044192, 0.120011, 0.30116, 0.521534]"
Actor,client,99,2223,5,MR,F,evaluation,0,0,0.5573642253875732,1,0.5510123372077942,False,0,,0,"[0.195209, 0.15681, 0.288783, 0.20559, 0.153607]"
Actor,client,99,2226,5,MR,F,evaluation,1,0,0.4844694137573242,0,0.5864935517311096,False,1,0.0,0,"[0.17126, 0.190389, 0.153282, 0.247144, 0.237925]"
Actor,client,99,2241,5,MR,F,evaluation,1,0,0.42372843623161316,0,0.5864935517311096,False,4,0.0,0,"[0.12468, 0.180116, 0.224962, 0.238441, 0.2318]"
Actor,client,99,2253,5,MR,F,evaluation,0,0,0.22712144255638123,0,0.5510123372077942,False,4,0.5,0,"[0.039472, 0.145176, 0.132764, 0.410567, 0.272021]"
Actor,client,99,2255,5,MR,F,evaluation,4,0,0.559603214263916,0,0.6842027902603149,False,2,0.0,1,"[0.069033, 0.068728, 0.179373, 0.314586, 0.368279]"
Actor,client,99,2262,5,MR,F,evaluation,1,0,0.4530969262123108,0,0.5864935517311096,False,2,0.0,0,"[0.167852, 0.188908, 0.260569, 0.183001, 0.199669]"
Actor,client,99,2264,5,MR,F,evaluation,4,0,0.5809668898582458,0,0.6842027902603149,False,0,,1,"[0.083984, 0.103282, 0.113872, 0.314234, 0.384628]"
Actor,client,99,2270,5,MR,F,evaluation,1,0,0.4407603442668915,0,0.5864935517311096,False,1,0.0,0,"[0.070436, 0.188848, 0.242664, 0.327313, 0.170739]"
Actor,client,99,2272,5,MR,F,evaluation,1,0,0.3268507719039917,0,0.5864935517311096,False,0,,0,"[0.038623, 0.145627, 0.270485, 0.354189, 0.191076]"
Actor,client,99,2315,5,MR,F,evaluation,1,0,0.35928839445114136,0,0.5864935517311096,False,2,0.0,0,"[0.117124, 0.158481, 0.252889, 0.217068, 0.254439]"
Actor,client,99,2330,5,MR,F,evaluation,4,0,0.6931818723678589,1,0.6842027902603149,False,1,0.0,1,"[0.09237, 0.191528, 0.177463, 0.167857, 0.370782]"
Actor,client,99,2341,5,MR,F,evaluation,2,0,0.4380493462085724,0,0.6948522925376892,False,0,,0,"[0.134227, 0.309195, 0.206355, 0.174666, 0.175558]"
Actor,client,99,2347,5,MR,F,evaluation,3,0,0.48318904638290405,0,0.5564348697662354,False,0,,0,"[0.061807, 0.154584, 0.309596, 0.274015, 0.199999]"
Actor,client,99,2358,5,MR,F,evaluation,1,0,0.4902961850166321,0,0.5864935517311096,False,0,,0,"[0.102121, 0.235762, 0.299857, 0.0809, 0.28136]"
Actor,client,99,2367,5,MR,F,evaluation,1,0,0.4665418267250061,0,0.5864935517311096,False,3,0.0,0,"[0.167782, 0.190409, 0.21677, 0.207362, 0.217678]"
Actor,client,99,2382,5,MR,F,evaluation,4,0,0.6110144853591919,0,0.6842027902603149,False,3,0.3333333333333333,1,"[0.187209, 0.159307, 0.231931, 0.149069, 0.272483]"
Actor,client,99,2389,5,MR,F,evaluation,2,0,0.42552974820137024,0,0.6948522925376892,False,0,,0,"[0.162886, 0.186824, 0.212788, 0.221464, 0.216039]"
Actor,client,99,2398,5,MR,F,evaluation,1,0,0.8687636256217957,1,0.5864935517311096,False,0,,1,"[0.174797, 0.403473, 0.149521, 0.161171, 0.111038]"
Actor,client,99,2400,5,MR,F,evaluation,2,0,0.40432798862457275,0,0.6948522925376892,False,1,0.0,0,"[0.148874, 0.246001, 0.20441, 0.241383, 0.159332]"
Actor,client,99,2402,5,MR,F,evaluation,4,0,0.07917720824480057,0,0.6842027902603149,False,2,1.0,0,"[0.020206, 0.120349, 0.117259, 0.605468, 0.136719]"
Actor,client,99,2409,5,MR,F,evaluation,4,0,0.5936220288276672,0,0.6842027902603149,False,1,1.0,1,"[0.195847, 0.175828, 0.132179, 0.203244, 0.292901]"
Actor,client,99,2419,5,MR,F,evaluation,3,0,0.1922101378440857,0,0.5564348697662354,False,0,,0,"[0.15, 0.541222, 0.042137, 0.066061, 0.200581]"
Actor,client,99,2425,5,MR,F,evaluation,3,0,0.7676510810852051,1,0.5564348697662354,False,0,,1,"[0.068735, 0.081031, 0.145355, 0.5222, 0.182679]"
Actor,client,99,2449,5,MR,F,evaluation,4,0,0.5744778513908386,0,0.6842027902603149,False,3,0.3333333333333333,1,"[0.154705, 0.149008, 0.160285, 0.234472, 0.30153]"
Actor,client,99,2466,5,MR,F,evaluation,3,0,0.3209054172039032,0,0.5564348697662354,False,0,,0,"[0.148103, 0.372598, 0.199753, 0.158459, 0.121087]"
Actor,client,99,2468,5,MR,F,evaluation,4,0,0.5204266309738159,0,0.6842027902603149,False,7,0.2857142857142857,1,"[0.128157, 0.170198, 0.201379, 0.241756, 0.25851]"
Actor,client,99,2478,5,MR,F,evaluation,1,0,0.40833407640457153,0,0.5864935517311096,False,4,0.0,0,"[0.067013, 0.174563, 0.157977, 0.334483, 0.265964]"
Actor,client,99,2485,5,MR,F,evaluation,2,0,0.3574782609939575,0,0.6948522925376892,False,0,,0,"[0.072565, 0.164362, 0.174588, 0.262564, 0.325921]"
Actor,client,99,2495,5,MR,F,evaluation,4,0,0.5571272373199463,0,0.6842027902603149,False,0,,1,"[0.159778, 0.111512, 0.064875, 0.309016, 0.354818]"
Actor,client,99,2500,5,MR,F,evaluation,4,0,0.3067851960659027,0,0.6842027902603149,False,1,0.0,0,"[0.195739, 0.161417, 0.248393, 0.25487, 0.139582]"
Actor,client,99,2507,5,MR,F,evaluation,4,0,0.4074397683143616,0,0.6842027902603149,False,1,1.0,0,"[0.266363, 0.185786, 0.240622, 0.16407, 0.14316]"
Actor,client,99,2510,5,MR,F,evaluation,2,0,0.4352840185165405,0,0.6948522925376892,False,3,0.0,0,"[0.145352, 0.181078, 0.210293, 0.195657, 0.26762]"
Actor,client,99,2518,5,MR,F,evaluation,4,0,0.6596906781196594,0,0.6842027902603149,False,0,,1,"[0.028197, 0.015855, 0.055854, 0.218217, 0.681877]"
Actor,client,99,2520,5,MR,F,evaluation,3,0,0.4227423071861267,0,0.5564348697662354,False,1,1.0,0,"[0.182512, 0.097438, 0.238895, 0.192229, 0.288926]"
Actor,client,99,2530,5,MR,F,evaluation,0,0,0.5214815735816956,0,0.5510123372077942,False,2,1.0,0,"[0.176813, 0.160723, 0.206677, 0.238493, 0.217294]"
Actor,client,99,2533,5,MR,F,evaluation,2,0,0.6373515129089355,0,0.6948522925376892,False,0,,0,"[0.046171, 0.335451, 0.290377, 0.12597, 0.202032]"
Actor,client,99,2550,5,MR,F,evaluation,2,0,0.37492427229881287,0,0.6948522925376892,False,1,0.0,0,"[0.191185, 0.253021, 0.182981, 0.191591, 0.181223]"
Actor,client,99,2555,5,MR,F,evaluation,3,0,0.4036087095737457,0,0.5564348697662354,False,1,0.0,0,"[0.230545, 0.194515, 0.241423, 0.171177, 0.162341]"
Actor,client,99,2556,5,MR,F,evaluation,4,0,0.46706146001815796,0,0.6842027902603149,False,3,0.3333333333333333,0,"[0.157842, 0.311001, 0.157426, 0.183905, 0.189826]"
Actor,client,99,2560,5,MR,F,evaluation,4,0,0.6064404249191284,0,0.6842027902603149,False,1,0.0,1,"[0.081138, 0.080248, 0.062169, 0.319453, 0.456991]"
Actor,client,99,2566,5,MR,F,evaluation,3,0,0.5929223895072937,1,0.5564348697662354,False,4,0.25,1,"[0.047301, 0.173711, 0.097722, 0.38939, 0.291876]"
Actor,client,99,2567,5,MR,F,evaluation,2,0,0.47972169518470764,0,0.6948522925376892,False,3,0.3333333333333333,0,"[0.132811, 0.201107, 0.241691, 0.242444, 0.181948]"
Actor,client,99,2585,5,MR,F,evaluation,3,0,0.3949747681617737,0,0.5564348697662354,False,0,,0,"[0.084934, 0.176623, 0.233421, 0.214103, 0.290918]"
Actor,client,99,2596,5,MR,F,evaluation,2,0,0.32324063777923584,0,0.6948522925376892,False,4,0.25,0,"[0.119735, 0.136277, 0.17609, 0.335742, 0.232155]"
Actor,client,99,2604,5,MR,F,evaluation,4,0,0.6805124282836914,0,0.6842027902603149,False,1,1.0,1,"[0.17241, 0.27693, 0.176106, 0.097524, 0.27703]"
Actor,client,99,2613,5,MR,F,evaluation,3,0,0.4576897919178009,0,0.5564348697662354,False,0,,0,"[0.09261, 0.158657, 0.289126, 0.248171, 0.211437]"
Actor,client,99,2623,5,MR,F,evaluation,2,0,0.3866771459579468,0,0.6948522925376892,False,1,0.0,0,"[0.155723, 0.163995, 0.207888, 0.299203, 0.173192]"
Actor,client,99,2625,5,MR,F,evaluation,3,0,0.38205236196517944,0,0.5564348697662354,False,5,0.0,0,"[0.131241, 0.178407, 0.221571, 0.190188, 0.278592]"
Actor,client,99,2642,5,MR,F,evaluation,3,0,0.47891777753829956,0,0.5564348697662354,False,1,1.0,1,"[0.150342, 0.170233, 0.227626, 0.252786, 0.199013]"
Actor,client,99,2644,5,MR,F,evaluation,2,0,0.3719162344932556,0,0.6948522925376892,False,4,0.0,0,"[0.121679, 0.299999, 0.176326, 0.205496, 0.1965]"
Actor,client,99,2647,5,MR,F,evaluation,2,0,0.14082930982112885,0,0.6948522925376892,False,0,,0,"[0.094945, 0.03112, 0.043666, 0.385658, 0.44461]"
Actor,client,99,2652,5,MR,F,evaluation,4,0,0.7385167479515076,1,0.6842027902603149,False,1,1.0,1,"[0.053936, 0.163377, 0.111128, 0.158752, 0.512807]"
Actor,client,99,2657,5,MR,F,evaluation,1,0,0.3543846607208252,0,0.5864935517311096,False,2,0.0,0,"[0.119191, 0.141892, 0.124068, 0.305962, 0.308888]"
Actor,client,99,2662,5,MR,F,evaluation,2,0,0.36690863966941833,0,0.6948522925376892,False,0,,0,"[0.058571, 0.1032, 0.220955, 0.46481, 0.152463]"
Actor,client,99,2666,5,MR,F,evaluation,3,0,0.3501446545124054,0,0.5564348697662354,False,1,1.0,0,"[0.140881, 0.218925, 0.232376, 0.164943, 0.242875]"
Actor,client,99,2681,5,MR,F,evaluation,0,0,0.4049237370491028,0,0.5510123372077942,False,2,0.0,0,"[0.154697, 0.258485, 0.139564, 0.261186, 0.186067]"
Actor,client,99,2702,5,MR,F,evaluation,1,0,0.5207571983337402,0,0.5864935517311096,False,5,0.0,0,"[0.15888, 0.212332, 0.167847, 0.218076, 0.242864]"
Actor,client,99,2712,5,MR,F,evaluation,3,0,0.3075800836086273,0,0.5564348697662354,False,1,1.0,0,"[0.160936, 0.251193, 0.278197, 0.120556, 0.189119]"
Actor,client,99,2713,5,MR,F,evaluation,0,0,0.2436024248600006,0,0.5510123372077942,False,0,,0,"[0.075328, 0.204295, 0.441227, 0.087697, 0.191454]"
Actor,client,99,2731,5,MR,F,evaluation,3,0,0.38525763154029846,0,0.5564348697662354,False,2,0.0,0,"[0.177891, 0.16825, 0.184023, 0.180409, 0.289426]"
Actor,client,99,2734,5,MR,F,evaluation,0,0,0.44834375381469727,0,0.5510123372077942,False,1,0.0,0,"[0.150613, 0.162291, 0.317719, 0.133046, 0.236332]"
Actor,client,99,2736,5,MR,F,evaluation,3,0,0.4402700960636139,0,0.5564348697662354,False,2,0.5,0,"[0.085713, 0.089223, 0.218315, 0.240123, 0.366626]"
Actor,client,99,2738,5,MR,F,evaluation,3,0,0.3967682123184204,0,0.5564348697662354,False,2,0.0,0,"[0.124351, 0.249303, 0.172291, 0.217298, 0.236757]"
Actor,client,99,2744,5,MR,F,evaluation,3,0,0.4052322208881378,0,0.5564348697662354,False,1,0.0,0,"[0.195995, 0.240634, 0.208232, 0.193363, 0.161776]"
Actor,client,99,2752,5,MR,F,evaluation,3,0,0.4460710287094116,0,0.5564348697662354,False,2,0.5,0,"[0.13931, 0.175476, 0.246778, 0.230974, 0.207462]"
Actor,client,99,2761,5,MR,F,evaluation,3,0,0.37242379784584045,0,0.5564348697662354,False,1,0.0,0,"[0.18311, 0.267946, 0.214916, 0.174954, 0.159075]"
Actor,client,99,2765,5,MR,F,evaluation,3,0,0.4957595765590668,0,0.5564348697662354,False,0,,1,"[0.066286, 0.265726, 0.22272, 0.304553, 0.140716]"
Actor,client,99,2770,5,MR,F,evaluation,3,0,0.3410671055316925,0,0.5564348697662354,False,0,,0,"[0.154395, 0.138835, 0.308467, 0.135119, 0.263184]"
Actor,client,99,2779,5,MR,F,evaluation,1,0,0.4996912181377411,0,0.5864935517311096,False,0,,0,"[0.194443, 0.19592, 0.227089, 0.213544, 0.169004]"
Actor,client,99,2783,5,MR,F,evaluation,0,0,0.3003806471824646,0,0.5510123372077942,False,0,,0,"[0.127163, 0.300514, 0.286025, 0.170906, 0.115392]"
Actor,client,99,2801,5,MR,F,evaluation,0,0,0.4462747573852539,0,0.5510123372077942,False,4,0.0,0,"[0.155647, 0.203099, 0.206623, 0.170719, 0.263911]"
Actor,client,99,2817,5,MR,F,evaluation,3,0,0.3878120183944702,0,0.5564348697662354,False,2,1.0,0,"[0.092292, 0.314146, 0.128426, 0.234021, 0.231114]"
Actor,client,99,2821,5,MR,F,evaluation,1,0,0.753890872001648,1,0.5864935517311096,False,0,,1,"[0.254653, 0.310965, 0.172038, 0.088067, 0.174277]"
Actor,client,99,2825,5,MR,F,evaluation,2,0,0.30122441053390503,0,0.6948522925376892,False,1,0.0,0,"[0.151772, 0.154254, 0.152059, 0.266739, 0.275175]"
Actor,client,99,2844,5,MR,F,evaluation,4,0,0.6817458271980286,0,0.6842027902603149,False,0,,1,"[0.086043, 0.041594, 0.032597, 0.167333, 0.672434]"
Actor,client,99,2849,5,MR,F,evaluation,0,0,0.4763381779193878,0,0.5510123372077942,False,1,0.0,0,"[0.166805, 0.202684, 0.175659, 0.196672, 0.258179]"
Actor,client,99,2856,5,MR,F,evaluation,3,0,0.3659699559211731,0,0.5564348697662354,False,0,,0,"[0.195842, 0.351931, 0.115387, 0.187324, 0.149517]"
Actor,client,99,2862,5,MR,F,evaluation,1,0,0.3284802734851837,0,0.5864935517311096,False,0,,0,"[0.101121, 0.126518, 0.172975, 0.372628, 0.226758]"
Actor,client,99,2863,5,MR,F,evaluation,3,0,0.5106714963912964,0,0.5564348697662354,False,3,0.3333333333333333,1,"[0.113279, 0.166916, 0.142713, 0.299224, 0.277868]"
Actor,client,99,2865,5,MR,F,evaluation,2,0,0.49579355120658875,0,0.6948522925376892,False,6,0.5,1,"[0.132192, 0.230376, 0.24171, 0.203746, 0.191975]"
Actor,client,99,2866,5,MR,F,evaluation,3,0,0.4543073773384094,0,0.5564348697662354,False,1,1.0,1,"[0.106333, 0.227179, 0.203768, 0.25928, 0.203439]"
Actor,client,99,2869,5,MR,F,evaluation,4,0,0.7005227208137512,1,0.6842027902603149,False,0,,1,"[0.048542, 0.215342, 0.128674, 0.20607, 0.401372]"
Actor,client,99,2875,5,MR,F,evaluation,3,0,0.45598268508911133,0,0.5564348697662354,False,0,,0,"[0.013876, 0.090736, 0.070962, 0.295556, 0.52887]"
Actor,client,99,2924,5,MR,F,evaluation,4,0,0.45674869418144226,0,0.6842027902603149,False,2,0.0,0,"[0.196642, 0.207039, 0.205156, 0.199562, 0.191601]"
Actor,client,99,2944,5,MR,F,evaluation,1,0,0.5824851393699646,0,0.5864935517311096,False,0,,1,"[0.145271, 0.247355, 0.225463, 0.176165, 0.205745]"
Actor,client,99,2960,5,MR,F,evaluation,4,0,0.4732600748538971,0,0.6842027902603149,False,4,0.25,0,"[0.085182, 0.152106, 0.212122, 0.291512, 0.259077]"
Actor,client,99,2964,5,MR,F,evaluation,1,0,0.39998188614845276,0,0.5864935517311096,False,1,0.0,0,"[0.031207, 0.192319, 0.270924, 0.258163, 0.247386]"
Actor,client,99,2965,5,MR,F,evaluation,3,0,0.3863922357559204,0,0.5564348697662354,False,1,0.0,0,"[0.125454, 0.157549, 0.334382, 0.178616, 0.203999]"
Actor,client,99,2969,5,MR,F,evaluation,2,0,0.43090465664863586,0,0.6948522925376892,False,1,0.0,0,"[0.154885, 0.225481, 0.215769, 0.226171, 0.177694]"
Actor,client,99,2973,5,MR,F,evaluation,3,0,0.4571399986743927,0,0.5564348697662354,False,3,0.3333333333333333,1,"[0.186856, 0.216755, 0.211678, 0.231525, 0.153187]"
Actor,client,99,2984,5,MR,F,evaluation,3,0,0.64473956823349,1,0.5564348697662354,False,0,,1,"[0.05375, 0.067519, 0.120116, 0.413006, 0.345609]"
Actor,client,99,2988,5,MR,F,evaluation,2,0,0.3997434079647064,0,0.6948522925376892,False,2,0.5,0,"[0.150974, 0.196472, 0.193768, 0.202132, 0.256655]"
Actor,client,99,2992,5,MR,F,evaluation,4,0,0.6984250545501709,1,0.6842027902603149,False,0,,1,"[0.186279, 0.013741, 0.134797, 0.047504, 0.617679]"
Actor,client,99,22,8,MR,F,evaluation,2,0,0.4130631983280182,0,0.6948522925376892,False,6,0.0,0,"[0.162489, 0.1748, 0.204404, 0.213097, 0.245211]"
Actor,client,99,41,8,MR,F,evaluation,4,0,0.4741631746292114,0,0.6842027902603149,False,0,,0,"[0.154994, 0.127978, 0.205453, 0.265933, 0.245642]"
Actor,client,99,48,8,MR,F,evaluation,3,0,0.4660396873950958,0,0.5564348697662354,False,1,0.0,1,"[0.154524, 0.191274, 0.212759, 0.246246, 0.195198]"
Actor,client,99,49,8,MR,F,evaluation,2,0,0.30393120646476746,0,0.6948522925376892,False,3,0.0,0,"[0.154156, 0.076576, 0.147537, 0.237812, 0.383921]"
Actor,client,99,123,8,MR,F,evaluation,4,0,0.1201304942369461,0,0.6842027902603149,False,0,,0,"[0.052176, 0.081942, 0.127408, 0.570691, 0.167783]"
Actor,client,99,457,8,MR,F,evaluation,3,0,0.38201168179512024,0,0.5564348697662354,False,2,0.0,0,"[0.142264, 0.197483, 0.171412, 0.194838, 0.294003]"
Actor,client,99,586,8,MR,F,evaluation,3,0,0.4143408536911011,0,0.5564348697662354,False,2,0.0,0,"[0.216163, 0.147028, 0.282728, 0.173808, 0.180272]"
Actor,client,99,754,8,MR,F,evaluation,4,0,0.3227803707122803,0,0.6842027902603149,False,0,,0,"[0.174797, 0.403473, 0.149521, 0.161171, 0.111038]"
Actor,client,99,821,8,MR,F,evaluation,1,0,0.5484627485275269,0,0.5864935517311096,False,1,1.0,0,"[0.119538, 0.243471, 0.303906, 0.158281, 0.174804]"
Actor,client,99,827,8,MR,F,evaluation,4,0,0.528786838054657,0,0.6842027902603149,False,1,0.0,0,"[0.070431, 0.161565, 0.360237, 0.180638, 0.22713]"
Actor,client,99,890,8,MR,F,evaluation,0,0,0.2325693517923355,0,0.5510123372077942,False,0,,0,"[0.078579, 0.274999, 0.202172, 0.206303, 0.237947]"
Actor,client,99,909,8,MR,F,evaluation,3,0,0.27227726578712463,0,0.5564348697662354,False,0,,0,"[0.119717, 0.119432, 0.226037, 0.097194, 0.437621]"
Actor,client,99,927,8,MR,F,evaluation,3,0,0.3487998843193054,0,0.5564348697662354,False,0,,0,"[0.061019, 0.1644, 0.412877, 0.162216, 0.199488]"
Actor,client,99,945,8,MR,F,evaluation,3,0,0.34672436118125916,0,0.5564348697662354,False,1,1.0,0,"[0.108132, 0.309513, 0.217814, 0.184493, 0.180049]"
Actor,client,99,955,8,MR,F,evaluation,1,0,0.4158717691898346,0,0.5864935517311096,False,1,0.0,0,"[0.193797, 0.17044, 0.27332, 0.160509, 0.201934]"
Actor,client,99,996,8,MR,F,evaluation,3,0,0.3775860071182251,0,0.5564348697662354,False,2,0.0,0,"[0.142313, 0.213485, 0.243801, 0.183633, 0.216767]"
Actor,client,99,1045,8,MR,F,evaluation,4,0,0.5049471855163574,0,0.6842027902603149,False,8,0.0,1,"[0.180585, 0.127144, 0.203143, 0.238574, 0.250553]"
Actor,client,99,1052,8,MR,F,evaluation,4,0,0.5550907254219055,0,0.6842027902603149,False,0,,1,"[0.087324, 0.052232, 0.096259, 0.352328, 0.411858]"
Actor,client,99,1076,8,MR,F,evaluation,2,0,0.44139793515205383,0,0.6948522925376892,False,1,0.0,0,"[0.165449, 0.129548, 0.225136, 0.240338, 0.239529]"
Actor,client,99,1195,8,MR,F,evaluation,1,0,0.5229105949401855,0,0.5864935517311096,False,5,0.0,0,"[0.133636, 0.223021, 0.247964, 0.200547, 0.194832]"
Actor,client,99,1251,8,MR,F,evaluation,4,0,0.5983657836914062,0,0.6842027902603149,False,1,0.0,1,"[0.164876, 0.153476, 0.226821, 0.175136, 0.27969]"
Actor,client,99,1299,8,MR,F,evaluation,3,0,0.4953795373439789,0,0.5564348697662354,False,3,0.0,0,"[0.098346, 0.108414, 0.151024, 0.286084, 0.356132]"
Actor,client,99,1349,8,MR,F,evaluation,1,0,0.4864290952682495,0,0.5864935517311096,False,1,0.0,0,"[0.154734, 0.204533, 0.228321, 0.188247, 0.224165]"
Actor,client,99,1554,8,MR,F,evaluation,1,0,0.5527188777923584,0,0.5864935517311096,False,2,0.0,0,"[0.236852, 0.205647, 0.175101, 0.212628, 0.169771]"
Actor,client,99,1587,8,MR,F,evaluation,2,0,0.5032088160514832,0,0.6948522925376892,False,1,1.0,1,"[0.128428, 0.194785, 0.248179, 0.219124, 0.209483]"
Actor,client,99,1600,8,MR,F,evaluation,2,0,0.43276146054267883,0,0.6948522925376892,False,0,,0,"[0.13208, 0.340354, 0.203898, 0.176899, 0.146769]"
Actor,client,99,1629,8,MR,F,evaluation,1,0,0.4275471866130829,0,0.5864935517311096,False,2,0.0,0,"[0.07423, 0.157888, 0.118922, 0.49428, 0.15468]"
Actor,client,99,1661,8,MR,F,evaluation,4,0,0.43349355459213257,0,0.6842027902603149,False,2,0.0,0,"[0.130087, 0.173449, 0.236945, 0.250146, 0.209373]"
Actor,client,99,1689,8,MR,F,evaluation,4,0,0.7076097726821899,1,0.6842027902603149,False,1,0.0,1,"[0.076831, 0.031896, 0.324374, 0.085683, 0.481216]"
Actor,client,99,1789,8,MR,F,evaluation,1,0,0.4525090754032135,0,0.5864935517311096,False,1,0.0,0,"[0.146324, 0.191515, 0.250265, 0.20179, 0.210106]"
Actor,client,99,1801,8,MR,F,evaluation,2,0,0.5143547058105469,0,0.6948522925376892,False,1,0.0,1,"[0.175981, 0.225815, 0.249088, 0.169483, 0.179634]"
Actor,client,99,1831,8,MR,F,evaluation,1,0,0.691444456577301,1,0.5864935517311096,False,1,0.0,1,"[0.080372, 0.301902, 0.197507, 0.247638, 0.17258]"
Actor,client,99,1846,8,MR,F,evaluation,2,0,0.5042038559913635,0,0.6948522925376892,False,2,1.0,0,"[0.085374, 0.168055, 0.253966, 0.268163, 0.224442]"
Actor,client,99,1879,8,MR,F,evaluation,3,0,0.4119132161140442,0,0.5564348697662354,False,3,0.0,0,"[0.048008, 0.056362, 0.340414, 0.213267, 0.341948]"
Actor,client,99,1997,8,MR,F,evaluation,1,0,0.5114132165908813,0,0.5864935517311096,False,0,,0,"[0.148863, 0.222762, 0.268595, 0.143293, 0.216488]"
Actor,client,99,2136,8,MR,F,evaluation,2,0,0.47633999586105347,0,0.6948522925376892,False,2,0.5,0,"[0.154934, 0.108175, 0.244009, 0.250968, 0.241914]"
Actor,client,99,2185,8,MR,F,evaluation,3,0,0.4269264340400696,0,0.5564348697662354,False,3,0.0,0,"[0.12751, 0.235279, 0.260886, 0.22542, 0.150905]"
Actor,client,99,2230,8,MR,F,evaluation,1,0,0.4870923161506653,0,0.5864935517311096,False,1,0.0,0,"[0.108576, 0.212651, 0.203505, 0.216153, 0.259116]"
Actor,client,99,2279,8,MR,F,evaluation,4,0,0.6039392948150635,0,0.6842027902603149,False,3,0.0,1,"[0.154861, 0.166953, 0.210085, 0.181769, 0.286331]"
Actor,client,99,2300,8,MR,F,evaluation,2,0,0.48133954405784607,0,0.6948522925376892,False,2,0.0,1,"[0.198153, 0.161743, 0.240753, 0.19879, 0.200561]"
Actor,client,99,2323,8,MR,F,evaluation,4,0,0.38952866196632385,0,0.6842027902603149,False,1,0.0,0,"[0.13023, 0.18413, 0.259582, 0.244116, 0.181943]"
Actor,client,99,2390,8,MR,F,evaluation,3,0,0.5570290684700012,1,0.5564348697662354,False,1,0.0,1,"[0.135945, 0.161959, 0.228551, 0.313269, 0.160276]"
Actor,client,99,2393,8,MR,F,evaluation,3,0,0.4931676387786865,0,0.5564348697662354,False,3,0.3333333333333333,1,"[0.126567, 0.209403, 0.207494, 0.27798, 0.178555]"
Actor,client,99,2435,8,MR,F,evaluation,1,0,0.37911608815193176,0,0.5864935517311096,False,2,0.0,0,"[0.117729, 0.160616, 0.251892, 0.261425, 0.208337]"
Actor,client,99,2511,8,MR,F,evaluation,3,0,0.5466806292533875,0,0.5564348697662354,False,1,0.0,1,"[0.197994, 0.105072, 0.193312, 0.282923, 0.2207]"
Actor,client,99,2683,8,MR,F,evaluation,0,0,0.21537013351917267,0,0.5510123372077942,False,1,0.0,0,"[0.091056, 0.343407, 0.232945, 0.192934, 0.139658]"
Actor,client,99,2698,8,MR,F,evaluation,4,0,0.629310667514801,0,0.6842027902603149,False,2,0.0,0,"[0.064498, 0.166482, 0.316526, 0.161729, 0.290766]"
Actor,client,99,2732,8,MR,F,evaluation,0,0,0.37170886993408203,0,0.5510123372077942,False,1,0.0,0,"[0.108804, 0.123774, 0.239511, 0.311412, 0.216499]"
Actor,client,99,2773,8,MR,F,evaluation,1,0,0.47318530082702637,0,0.5864935517311096,False,2,0.0,0,"[0.125776, 0.197984, 0.15786, 0.24576, 0.27262]"
Actor,client,99,2928,8,MR,F,evaluation,3,0,0.42474326491355896,0,0.5564348697662354,False,4,0.25,0,"[0.094476, 0.244913, 0.094444, 0.258111, 0.308057]"
Actor,client,99,2997,8,MR,F,evaluation,1,0,0.551880419254303,0,0.5864935517311096,False,3,0.3333333333333333,0,"[0.087687, 0.248168, 0.281033, 0.192083, 0.191029]"
Actor,client,99,3017,8,MR,F,evaluation,4,0,0.49337273836135864,0,0.6842027902603149,False,2,0.0,1,"[0.182472, 0.133325, 0.221984, 0.22763, 0.23459]"
Actor,client,99,3066,8,MR,F,evaluation,1,0,0.5325685143470764,0,0.5864935517311096,False,1,0.0,0,"[0.157895, 0.220694, 0.226226, 0.198072, 0.197115]"
Actor,client,99,3071,8,MR,F,evaluation,4,0,0.41008472442626953,0,0.6842027902603149,False,1,0.0,0,"[0.130525, 0.189607, 0.168609, 0.291959, 0.2193]"
Actor,client,99,3106,8,MR,F,evaluation,2,0,0.4823403060436249,0,0.6948522925376892,False,1,0.0,0,"[0.176158, 0.147655, 0.223981, 0.130277, 0.321929]"
Actor,client,99,3197,8,MR,F,evaluation,2,0,0.4589332640171051,0,0.6948522925376892,False,2,0.0,0,"[0.127081, 0.244772, 0.221425, 0.199691, 0.207032]"
Actor,client,99,3209,8,MR,F,evaluation,3,0,0.3491852879524231,0,0.5564348697662354,False,1,0.0,0,"[0.143042, 0.242494, 0.196059, 0.170545, 0.247859]"
Actor,client,99,3278,8,MR,F,evaluation,1,0,0.357730507850647,0,0.5864935517311096,False,1,0.0,0,"[0.20318, 0.146737, 0.199317, 0.13187, 0.318896]"
Actor,client,99,3353,8,MR,F,evaluation,4,0,0.7007499933242798,1,0.6842027902603149,False,2,0.5,1,"[0.155778, 0.104749, 0.092093, 0.145964, 0.501417]"
Actor,client,99,3354,8,MR,F,evaluation,3,0,0.4510725438594818,0,0.5564348697662354,False,1,0.0,0,"[0.141313, 0.163249, 0.20285, 0.238394, 0.254194]"
Actor,client,99,3366,8,MR,F,evaluation,2,0,0.2895091474056244,0,0.6948522925376892,False,5,0.2,0,"[0.128949, 0.133881, 0.143194, 0.27154, 0.322436]"
Actor,client,99,3403,8,MR,F,evaluation,2,0,0.18056617677211761,0,0.6948522925376892,False,0,,0,"[0.037953, 0.006028, 0.041793, 0.229984, 0.684242]"
Actor,client,99,3572,8,MR,F,evaluation,1,0,0.32553520798683167,0,0.5864935517311096,False,2,0.0,0,"[0.100517, 0.133904, 0.24028, 0.317013, 0.208286]"
Actor,client,99,3577,8,MR,F,evaluation,0,0,0.4498962163925171,0,0.5510123372077942,False,2,0.0,0,"[0.153657, 0.176225, 0.241142, 0.214145, 0.214832]"
Actor,client,99,3620,8,MR,F,evaluation,2,0,0.5065904855728149,0,0.6948522925376892,False,2,0.0,0,"[0.118638, 0.284654, 0.241671, 0.184013, 0.171024]"
Actor,client,99,3646,8,MR,F,evaluation,4,0,0.6901794672012329,1,0.6842027902603149,False,1,1.0,1,"[0.186964, 0.095304, 0.185032, 0.116535, 0.416165]"
Actor,client,99,3672,8,MR,F,evaluation,3,0,0.3918571472167969,0,0.5564348697662354,False,2,0.5,0,"[0.125835, 0.249517, 0.228281, 0.205773, 0.190593]"
Actor,client,99,3684,8,MR,F,evaluation,3,0,0.395137220621109,0,0.5564348697662354,False,3,0.0,0,"[0.162307, 0.174195, 0.26508, 0.183212, 0.215205]"
Actor,client,99,3686,8,MR,F,evaluation,4,0,0.2873411774635315,0,0.6842027902603149,False,1,1.0,0,"[0.119616, 0.375271, 0.27072, 0.147529, 0.086865]"
Actor,client,99,3804,8,MR,F,evaluation,4,0,0.4810647666454315,0,0.6842027902603149,False,0,,0,"[0.025437, 0.016536, 0.007365, 0.501215, 0.449447]"
Actor,client,99,3813,8,MR,F,evaluation,0,0,0.43875589966773987,0,0.5510123372077942,False,5,0.0,0,"[0.13923, 0.139171, 0.300568, 0.155013, 0.266018]"
Actor,client,99,4042,8,MR,F,evaluation,3,0,0.5110475420951843,0,0.5564348697662354,False,2,0.5,1,"[0.125056, 0.21317, 0.194898, 0.293474, 0.173402]"
Actor,client,99,4131,8,MR,F,evaluation,0,0,0.5042362809181213,0,0.5510123372077942,False,2,0.0,0,"[0.177976, 0.184717, 0.243815, 0.196445, 0.197047]"
Actor,client,99,4176,8,MR,F,evaluation,3,0,0.3585397005081177,0,0.5564348697662354,False,3,0.0,0,"[0.142805, 0.261765, 0.223935, 0.176271, 0.195224]"
Actor,client,99,4210,8,MR,F,evaluation,0,0,0.639726996421814,1,0.5510123372077942,False,1,0.0,0,"[0.252299, 0.262554, 0.155937, 0.191935, 0.137276]"
Actor,client,99,4215,8,MR,F,evaluation,1,0,0.4216400384902954,0,0.5864935517311096,False,2,0.5,0,"[0.181343, 0.161307, 0.172456, 0.257708, 0.227186]"
Actor,client,99,4345,8,MR,F,evaluation,4,0,0.5004775524139404,0,0.6842027902603149,False,2,0.5,1,"[0.150399, 0.141372, 0.227443, 0.236555, 0.244231]"
Actor,client,99,4687,8,MR,F,evaluation,2,0,0.23983453214168549,0,0.6948522925376892,False,3,0.3333333333333333,0,"[0.16536, 0.071285, 0.129753, 0.344127, 0.289475]"
Actor,client,99,4704,8,MR,F,evaluation,4,0,0.6040499806404114,0,0.6842027902603149,False,2,0.0,1,"[0.153858, 0.162746, 0.201453, 0.189097, 0.292847]"
Actor,client,99,4717,8,MR,F,evaluation,3,0,0.5212856531143188,0,0.5564348697662354,False,8,0.125,0,"[0.079523, 0.053852, 0.258529, 0.291442, 0.316654]"
Actor,client,99,4731,8,MR,F,evaluation,3,0,0.4275692403316498,0,0.5564348697662354,False,1,0.0,1,"[0.11971, 0.223478, 0.182878, 0.237615, 0.236319]"
Actor,client,99,4779,8,MR,F,evaluation,1,0,0.481882244348526,0,0.5864935517311096,False,7,0.14285714285714285,0,"[0.129, 0.20605, 0.247103, 0.213555, 0.204293]"
Actor,client,99,4825,8,MR,F,evaluation,1,0,0.35105982422828674,0,0.5864935517311096,False,2,0.0,0,"[0.078782, 0.138087, 0.150723, 0.400585, 0.231823]"
Actor,client,99,4845,8,MR,F,evaluation,1,0,0.30014923214912415,0,0.5864935517311096,False,9,0.3333333333333333,0,"[0.167982, 0.10998, 0.189513, 0.274683, 0.257842]"
Actor,client,99,4859,8,MR,F,evaluation,2,0,0.32522085309028625,0,0.6948522925376892,False,9,0.6666666666666666,0,"[0.078006, 0.088251, 0.157919, 0.268411, 0.407412]"
Actor,client,99,4886,8,MR,F,evaluation,3,0,0.4818054735660553,0,0.5564348697662354,False,6,0.16666666666666666,0,"[0.180789, 0.131051, 0.198095, 0.244185, 0.24588]"
Actor,client,99,4954,8,MR,F,evaluation,2,0,0.4215961694717407,0,0.6948522925376892,False,1,0.0,0,"[0.180741, 0.214686, 0.210048, 0.208046, 0.186479]"
Actor,client,99,5022,8,MR,F,evaluation,0,0,0.6150054931640625,1,0.5510123372077942,False,1,0.0,0,"[0.201443, 0.102786, 0.232505, 0.264648, 0.198617]"
Actor,client,99,5063,8,MR,F,evaluation,4,0,0.3768443465232849,0,0.6842027902603149,False,3,0.6666666666666666,0,"[0.037474, 0.047794, 0.085929, 0.501472, 0.327331]"
Actor,client,99,5122,8,MR,F,evaluation,2,0,0.49634912610054016,0,0.6948522925376892,False,1,0.0,1,"[0.133936, 0.224843, 0.235584, 0.172831, 0.232806]"
Actor,client,99,5267,8,MR,F,evaluation,4,0,0.4962954521179199,0,0.6842027902603149,False,6,0.3333333333333333,0,"[0.126108, 0.286167, 0.193101, 0.187151, 0.207473]"
Actor,client,99,5292,8,MR,F,evaluation,0,0,0.2831141948699951,0,0.5510123372077942,False,2,0.0,0,"[0.07599, 0.153064, 0.123885, 0.499978, 0.147083]"
Actor,client,99,5355,8,MR,F,evaluation,4,0,0.5203051567077637,0,0.6842027902603149,False,1,1.0,1,"[0.1597, 0.140022, 0.167761, 0.258873, 0.273644]"
Actor,client,99,5395,8,MR,F,evaluation,1,0,0.3569025695323944,0,0.5864935517311096,False,2,0.0,0,"[0.130256, 0.150068, 0.26537, 0.247135, 0.207171]"
Actor,client,99,5405,8,MR,F,evaluation,2,0,0.4477427303791046,0,0.6948522925376892,False,0,,0,"[0.084467, 0.157419, 0.230958, 0.29622, 0.230935]"
Actor,client,99,5439,8,MR,F,evaluation,1,0,0.38362109661102295,0,0.5864935517311096,False,1,0.0,0,"[0.230768, 0.147137, 0.254231, 0.161885, 0.205978]"
Actor,client,99,5490,8,MR,F,evaluation,0,0,0.4163595736026764,0,0.5510123372077942,False,1,0.0,0,"[0.156105, 0.230596, 0.244406, 0.201243, 0.167649]"
Actor,client,99,5519,8,MR,F,evaluation,2,0,0.7626510858535767,1,0.6948522925376892,False,0,,1,"[0.124445, 0.159382, 0.395795, 0.206851, 0.113527]"
Actor,client,99,5520,8,MR,F,evaluation,4,0,0.5578135251998901,0,0.6842027902603149,False,8,0.25,1,"[0.076737, 0.061109, 0.249988, 0.276323, 0.335843]"
Actor,client,99,5575,8,MR,F,evaluation,3,0,0.2889217436313629,0,0.5564348697662354,False,2,0.0,0,"[0.17186, 0.07896, 0.152752, 0.099472, 0.496957]"
Actor,client,99,5644,8,MR,F,evaluation,1,0,0.33512887358665466,0,0.5864935517311096,False,1,0.0,0,"[0.173997, 0.146312, 0.206031, 0.118343, 0.355317]"
Actor,client,99,5694,8,MR,F,evaluation,4,0,0.5196177363395691,0,0.6842027902603149,False,3,0.3333333333333333,1,"[0.177063, 0.184286, 0.186056, 0.213452, 0.239143]"
Actor,client,99,5793,8,MR,F,evaluation,0,0,0.441058874130249,0,0.5510123372077942,False,1,0.0,0,"[0.162135, 0.223191, 0.228117, 0.185966, 0.200591]"
Actor,client,99,5804,8,MR,F,evaluation,0,0,0.36361998319625854,0,0.5510123372077942,False,5,0.0,0,"[0.102007, 0.134269, 0.188587, 0.259842, 0.315295]"
Actor,client,99,5864,8,MR,F,evaluation,4,0,0.4763897657394409,0,0.6842027902603149,False,1,0.0,0,"[0.171143, 0.223603, 0.240337, 0.175512, 0.189405]"
Actor,client,99,5890,8,MR,F,evaluation,3,0,0.47992849349975586,0,0.5564348697662354,False,1,0.0,1,"[0.149302, 0.196535, 0.226776, 0.256736, 0.17065]"
Actor,client,99,5916,8,MR,F,evaluation,3,0,0.3533276915550232,0,0.5564348697662354,False,1,1.0,0,"[0.108174, 0.310772, 0.228996, 0.188359, 0.163699]"
Actor,client,99,5920,8,MR,F,evaluation,4,0,0.7260835766792297,1,0.6842027902603149,False,0,,1,"[0.006113, 0.022524, 0.008522, 0.040701, 0.92214]"
Actor,client,99,6261,8,MR,F,evaluation,3,0,0.4762083888053894,0,0.5564348697662354,False,1,0.0,1,"[0.118719, 0.200674, 0.203949, 0.268016, 0.208642]"
Actor,client,99,6375,8,MR,F,evaluation,1,0,0.5181501507759094,0,0.5864935517311096,False,1,0.0,0,"[0.116857, 0.222776, 0.282637, 0.222368, 0.155362]"
Actor,client,99,6418,8,MR,F,evaluation,0,0,0.4070989787578583,0,0.5510123372077942,False,1,0.0,0,"[0.160177, 0.270855, 0.197465, 0.18455, 0.186952]"
Actor,client,99,6459,8,MR,F,evaluation,2,0,0.5125051140785217,0,0.6948522925376892,False,1,1.0,1,"[0.152692, 0.199373, 0.251481, 0.198748, 0.197706]"
Actor,client,99,6471,8,MR,F,evaluation,0,0,0.4460900127887726,0,0.5510123372077942,False,2,0.0,0,"[0.16909, 0.23567, 0.256862, 0.161037, 0.177341]"
Actor,client,99,6548,8,MR,F,evaluation,1,0,0.4841277599334717,0,0.5864935517311096,False,4,0.0,0,"[0.150829, 0.20576, 0.241331, 0.18119, 0.220891]"
Actor,client,99,6650,8,MR,F,evaluation,4,0,0.5877000093460083,0,0.6842027902603149,False,2,0.0,0,"[0.081397, 0.277979, 0.208173, 0.177088, 0.255363]"
Actor,client,99,6714,8,MR,F,evaluation,1,0,0.38563892245292664,0,0.5864935517311096,False,3,0.3333333333333333,0,"[0.161428, 0.16226, 0.243718, 0.187262, 0.245333]"
Actor,client,99,6752,8,MR,F,evaluation,4,0,0.352294921875,0,0.6842027902603149,False,1,0.0,0,"[0.123211, 0.134151, 0.217937, 0.32158, 0.203121]"
Actor,client,99,6834,8,MR,F,evaluation,4,0,0.2772376835346222,0,0.6842027902603149,False,3,0.3333333333333333,0,"[0.144128, 0.145234, 0.234493, 0.31854, 0.157605]"
Actor,client,99,6843,8,MR,F,evaluation,2,0,0.41816556453704834,0,0.6948522925376892,False,3,0.3333333333333333,0,"[0.109604, 0.211446, 0.205985, 0.236356, 0.236609]"
Actor,client,99,6859,8,MR,F,evaluation,3,0,0.3672219514846802,0,0.5564348697662354,False,1,0.0,0,"[0.109074, 0.225005, 0.127457, 0.203461, 0.335003]"
Actor,client,99,6962,8,MR,F,evaluation,3,0,0.3820849359035492,0,0.5564348697662354,False,6,0.5,0,"[0.128375, 0.242547, 0.239675, 0.195325, 0.194079]"
Actor,client,99,6981,8,MR,F,evaluation,0,0,0.23587848246097565,0,0.5510123372077942,False,2,0.0,0,"[0.079744, 0.26524, 0.258703, 0.163998, 0.232315]"
Actor,client,99,7141,8,MR,F,evaluation,3,0,0.4328431785106659,0,0.5564348697662354,False,4,0.0,0,"[0.158529, 0.122888, 0.262248, 0.207381, 0.248954]"
Actor,client,99,7178,8,MR,F,evaluation,4,0,0.6385535597801208,0,0.6842027902603149,False,1,1.0,1,"[0.129314, 0.104766, 0.168023, 0.213789, 0.384109]"
Actor,client,99,7202,8,MR,F,evaluation,0,0,0.34681376814842224,0,0.5510123372077942,False,1,0.0,0,"[0.129408, 0.242248, 0.217693, 0.244162, 0.166489]"
Actor,client,99,7302,8,MR,F,evaluation,0,0,0.5004346966743469,0,0.5510123372077942,False,0,,0,"[0.169954, 0.160472, 0.248179, 0.210824, 0.21057]"
Actor,client,99,7408,8,MR,F,evaluation,1,0,0.4412752091884613,0,0.5864935517311096,False,1,0.0,0,"[0.134632, 0.187013, 0.169265, 0.21728, 0.29181]"
Actor,client,99,7440,8,MR,F,evaluation,2,0,0.48342347145080566,0,0.6948522925376892,False,0,,0,"[0.164905, 0.378635, 0.207868, 0.053554, 0.195037]"
Actor,client,99,7485,8,MR,F,evaluation,2,0,0.4166177809238434,0,0.6948522925376892,False,4,0.25,0,"[0.128696, 0.232817, 0.194551, 0.175713, 0.268223]"
Actor,client,99,7530,8,MR,F,evaluation,1,0,0.490006685256958,0,0.5864935517311096,False,1,0.0,0,"[0.177746, 0.196091, 0.219482, 0.2152, 0.191481]"
Actor,client,99,45,8,MR,F,evaluation,1,0,0.3661450445652008,0,0.5864935517311096,False,1,0.0,0,"[0.164026, 0.153294, 0.243668, 0.187592, 0.25142]"
Actor,client,99,277,8,MR,F,evaluation,0,0,0.4453635811805725,0,0.5510123372077942,False,2,0.0,0,"[0.159833, 0.205434, 0.247929, 0.183409, 0.203394]"
Actor,client,99,314,8,MR,F,evaluation,1,0,0.31996801495552063,0,0.5864935517311096,False,2,1.0,0,"[0.101508, 0.146519, 0.352185, 0.215629, 0.184159]"
Actor,client,99,623,8,MR,F,evaluation,4,0,0.6806972622871399,0,0.6842027902603149,False,1,1.0,0,"[0.14125, 0.115099, 0.328162, 0.092305, 0.323184]"
Actor,client,99,672,8,MR,F,evaluation,4,0,0.7129932641983032,1,0.6842027902603149,False,0,,1,"[0.033617, 0.01858, 0.074227, 0.074934, 0.798642]"
Actor,client,99,875,8,MR,F,evaluation,3,0,0.33398061990737915,0,0.5564348697662354,False,1,0.0,0,"[0.136436, 0.282915, 0.251838, 0.15743, 0.171382]"
Actor,client,99,889,8,MR,F,evaluation,4,0,0.7221632599830627,1,0.6842027902603149,False,2,0.5,1,"[0.002928, 0.000405, 0.003106, 0.016677, 0.976884]"
Actor,client,99,939,8,MR,F,evaluation,0,0,0.48674917221069336,0,0.5510123372077942,False,0,,0,"[0.165689, 0.184581, 0.163455, 0.220186, 0.266089]"
Actor,client,99,971,8,MR,F,evaluation,3,0,0.4981943666934967,0,0.5564348697662354,False,2,0.0,1,"[0.10335, 0.220793, 0.248282, 0.285407, 0.142167]"
Actor,client,99,1099,8,MR,F,evaluation,2,0,0.17912019789218903,0,0.6948522925376892,False,1,0.0,0,"[0.070389, 0.266262, 0.078444, 0.379802, 0.205104]"
Actor,client,99,1123,8,MR,F,evaluation,4,0,0.320654958486557,0,0.6842027902603149,False,1,0.0,0,"[0.107341, 0.146914, 0.259021, 0.307983, 0.178741]"
Actor,client,99,1147,8,MR,F,evaluation,2,0,0.5413231253623962,0,0.6948522925376892,False,0,,1,"[0.139196, 0.229596, 0.257238, 0.163058, 0.210912]"
Actor,client,99,1303,8,MR,F,evaluation,1,0,0.7371288537979126,1,0.5864935517311096,False,1,0.0,1,"[0.143643, 0.300526, 0.166249, 0.299168, 0.090413]"
Actor,client,99,1319,8,MR,F,evaluation,1,0,0.29158303141593933,0,0.5864935517311096,False,3,1.0,0,"[0.09476, 0.135947, 0.365549, 0.209604, 0.19414]"
Actor,client,99,1415,8,MR,F,evaluation,3,0,0.3541938364505768,0,0.5564348697662354,False,0,,0,"[0.0599, 0.249708, 0.163233, 0.208072, 0.319087]"
Actor,client,99,1458,8,MR,F,evaluation,0,0,0.3003806471824646,0,0.5510123372077942,False,0,,0,"[0.127163, 0.300514, 0.286025, 0.170906, 0.115392]"
Actor,client,99,1520,8,MR,F,evaluation,1,0,0.4243038594722748,0,0.5864935517311096,False,1,1.0,0,"[0.092548, 0.19167, 0.285513, 0.221823, 0.208446]"
Actor,client,99,1945,8,MR,F,evaluation,3,0,0.33995363116264343,0,0.5564348697662354,False,2,0.0,0,"[0.049458, 0.120203, 0.273828, 0.173005, 0.383506]"
Actor,client,99,2089,8,MR,F,evaluation,3,0,0.5619603991508484,1,0.5564348697662354,False,2,0.5,1,"[0.07948, 0.141856, 0.249345, 0.331439, 0.197881]"
Actor,client,99,2361,8,MR,F,evaluation,0,0,0.510718584060669,0,0.5510123372077942,False,1,0.0,0,"[0.198861, 0.244463, 0.213977, 0.236305, 0.106394]"
Actor,client,99,2460,8,MR,F,evaluation,3,0,0.5622221827507019,1,0.5564348697662354,False,1,1.0,1,"[0.101331, 0.171986, 0.102496, 0.34692, 0.277267]"
Actor,client,99,2720,8,MR,F,evaluation,1,0,0.5996497869491577,1,0.5864935517311096,False,3,0.0,0,"[0.106972, 0.246221, 0.10322, 0.297538, 0.246049]"
Actor,client,99,2764,8,MR,F,evaluation,3,0,0.49559658765792847,0,0.5564348697662354,False,3,0.3333333333333333,0,"[0.053301, 0.046165, 0.183602, 0.291036, 0.425897]"
Actor,client,99,2854,8,MR,F,evaluation,1,0,0.08613475412130356,0,0.5864935517311096,False,4,0.0,0,"[0.013421, 0.010851, 0.043815, 0.105783, 0.82613]"
Actor,client,99,2877,8,MR,F,evaluation,1,0,0.5119462609291077,0,0.5864935517311096,False,1,1.0,0,"[0.159401, 0.216411, 0.210886, 0.166416, 0.246886]"
Actor,client,99,2921,8,MR,F,evaluation,2,0,0.14413109421730042,0,0.6948522925376892,False,2,0.0,0,"[0.014662, 0.139216, 0.035082, 0.370569, 0.44047]"
Actor,client,99,3024,8,MR,F,evaluation,3,0,0.4962069094181061,0,0.5564348697662354,False,1,0.0,0,"[0.190427, 0.117579, 0.161397, 0.254627, 0.27597]"
Actor,client,99,3062,8,MR,F,evaluation,2,0,0.2882486581802368,0,0.6948522925376892,False,1,0.0,0,"[0.120019, 0.267563, 0.150068, 0.312143, 0.150206]"
Actor,client,99,3160,8,MR,F,evaluation,1,0,0.4378361999988556,0,0.5864935517311096,False,1,0.0,0,"[0.045631, 0.185083, 0.137426, 0.383052, 0.248808]"
Actor,client,99,3331,8,MR,F,evaluation,3,0,0.4803342819213867,0,0.5564348697662354,False,1,0.0,0,"[0.199832, 0.082549, 0.120512, 0.241753, 0.355355]"
Actor,client,99,3656,8,MR,F,evaluation,4,0,0.7063083648681641,1,0.6842027902603149,False,7,0.5714285714285714,1,"[0.010911, 0.025857, 0.057039, 0.113607, 0.792586]"
Actor,client,99,3679,8,MR,F,evaluation,3,0,0.45930275321006775,0,0.5564348697662354,False,0,,0,"[0.10347, 0.1743, 0.399073, 0.232956, 0.090201]"
Actor,client,99,3689,8,MR,F,evaluation,4,0,0.4739684760570526,0,0.6842027902603149,False,1,0.0,0,"[0.145501, 0.160777, 0.266011, 0.214903, 0.212808]"
Actor,client,99,3708,8,MR,F,evaluation,2,0,0.32236775755882263,0,0.6948522925376892,False,3,0.6666666666666666,0,"[0.150417, 0.184328, 0.162882, 0.258872, 0.2435]"
Actor,client,99,3982,8,MR,F,evaluation,2,0,0.33354446291923523,0,0.6948522925376892,False,1,0.0,0,"[0.145123, 0.130211, 0.183309, 0.328015, 0.213342]"
Actor,client,99,4011,8,MR,F,evaluation,1,0,0.472538560628891,0,0.5864935517311096,False,2,1.0,0,"[0.117494, 0.210176, 0.259701, 0.179982, 0.232646]"
Actor,client,99,4623,8,MR,F,evaluation,3,0,0.48714157938957214,0,0.5564348697662354,False,1,0.0,1,"[0.057657, 0.229544, 0.221064, 0.297657, 0.194078]"
Actor,client,99,4640,8,MR,F,evaluation,3,0,0.5218632221221924,0,0.5564348697662354,False,0,,1,"[0.100846, 0.178692, 0.237506, 0.300299, 0.182657]"
Actor,client,99,4670,8,MR,F,evaluation,4,0,0.715374231338501,1,0.6842027902603149,False,2,0.5,1,"[0.002255, 0.000722, 0.011034, 0.040713, 0.945275]"
Actor,client,99,4721,8,MR,F,evaluation,1,0,0.3555811941623688,0,0.5864935517311096,False,1,0.0,0,"[0.176252, 0.148623, 0.323784, 0.172932, 0.178409]"
Actor,client,99,4820,8,MR,F,evaluation,3,0,0.4704935550689697,0,0.5564348697662354,False,2,0.5,1,"[0.11751, 0.198732, 0.18139, 0.267093, 0.235275]"
Actor,client,99,4835,8,MR,F,evaluation,2,0,0.4085003733634949,0,0.6948522925376892,False,2,0.0,0,"[0.136302, 0.181479, 0.206729, 0.249508, 0.225982]"
Actor,client,99,4854,8,MR,F,evaluation,3,0,0.7560210227966309,1,0.5564348697662354,False,2,0.0,1,"[0.118749, 0.119502, 0.163042, 0.494505, 0.104202]"
Actor,client,99,5091,8,MR,F,evaluation,3,0,0.5368547439575195,0,0.5564348697662354,False,4,0.0,0,"[0.071029, 0.039501, 0.224865, 0.308458, 0.356146]"
Actor,client,99,5325,8,MR,F,evaluation,1,0,0.44418030977249146,0,0.5864935517311096,False,1,0.0,0,"[0.136903, 0.186672, 0.186744, 0.225064, 0.264618]"
Actor,client,99,5335,8,MR,F,evaluation,1,0,0.1057591661810875,0,0.5864935517311096,False,6,0.16666666666666666,0,"[0.042034, 0.031454, 0.181957, 0.110191, 0.634364]"
Actor,client,99,5376,8,MR,F,evaluation,2,0,0.4408397376537323,0,0.6948522925376892,False,0,,0,"[0.188137, 0.262839, 0.20756, 0.144471, 0.196993]"
Actor,client,99,5457,8,MR,F,evaluation,4,0,0.5756303668022156,0,0.6842027902603149,False,2,0.0,1,"[0.165674, 0.187227, 0.203178, 0.183803, 0.260118]"
Actor,client,99,5458,8,MR,F,evaluation,2,0,0.629132091999054,0,0.6948522925376892,False,5,0.2,1,"[0.130862, 0.203909, 0.310001, 0.195992, 0.159236]"
Actor,client,99,5479,8,MR,F,evaluation,4,0,0.3894142508506775,0,0.6842027902603149,False,1,0.0,0,"[0.087645, 0.165429, 0.289635, 0.263495, 0.193796]"
Actor,client,99,5821,8,MR,F,evaluation,1,0,0.7396920323371887,1,0.5864935517311096,False,0,,1,"[0.055406, 0.345593, 0.144557, 0.163517, 0.290927]"
Actor,client,99,5957,8,MR,F,evaluation,4,0,0.7115525007247925,1,0.6842027902603149,False,0,,1,"[0.06608, 0.065032, 0.202136, 0.126213, 0.540539]"
Actor,client,99,6012,8,MR,F,evaluation,2,0,0.5337777733802795,0,0.6948522925376892,False,0,,0,"[0.153851, 0.274324, 0.252115, 0.147964, 0.171746]"
Actor,client,99,6077,8,MR,F,evaluation,3,0,0.4882436692714691,0,0.5564348697662354,False,5,0.4,0,"[0.117962, 0.171411, 0.361342, 0.253348, 0.095938]"
Actor,client,99,6171,8,MR,F,evaluation,3,0,0.5622221827507019,1,0.5564348697662354,False,1,1.0,1,"[0.101331, 0.171986, 0.102496, 0.34692, 0.277267]"
Actor,client,99,6197,8,MR,F,evaluation,3,0,0.21519577503204346,0,0.5564348697662354,False,0,,0,"[0.033939, 0.608289, 0.076713, 0.135126, 0.145932]"
Actor,client,99,6211,8,MR,F,evaluation,1,0,0.6607677936553955,1,0.5864935517311096,False,1,0.0,0,"[0.120019, 0.267563, 0.150068, 0.312143, 0.150206]"
Actor,client,99,6311,8,MR,F,evaluation,0,0,0.4409387409687042,0,0.5510123372077942,False,0,,0,"[0.116265, 0.048712, 0.362897, 0.14077, 0.331356]"
Actor,client,99,6316,8,MR,F,evaluation,3,0,0.34942978620529175,0,0.5564348697662354,False,0,,0,"[0.130051, 0.331244, 0.220855, 0.180893, 0.136957]"
Actor,client,99,6392,8,MR,F,evaluation,4,0,0.5223461985588074,0,0.6842027902603149,False,1,0.0,1,"[0.169958, 0.120949, 0.156839, 0.26754, 0.284714]"
Actor,client,99,6464,8,MR,F,evaluation,3,0,0.49704185128211975,0,0.5564348697662354,False,3,0.0,1,"[0.156208, 0.176514, 0.151186, 0.274565, 0.241527]"
Actor,client,99,6571,8,MR,F,evaluation,4,0,0.6118962168693542,0,0.6842027902603149,False,0,,1,"[0.012442, 0.155785, 0.03746, 0.35833, 0.435984]"
Actor,client,99,6737,8,MR,F,evaluation,2,0,0.3133997321128845,0,0.6948522925376892,False,2,0.0,0,"[0.149646, 0.187301, 0.160544, 0.273151, 0.229357]"
Actor,client,99,6911,8,MR,F,evaluation,2,0,0.39342001080513,0,0.6948522925376892,False,0,,0,"[0.141513, 0.308189, 0.174744, 0.132416, 0.243138]"
Actor,client,99,7087,8,MR,F,evaluation,4,0,0.5641180276870728,0,0.6842027902603149,False,0,,1,"[0.016502, 0.008573, 0.198187, 0.343896, 0.432843]"
Actor,client,99,7091,8,MR,F,evaluation,2,0,0.31171688437461853,0,0.6948522925376892,False,1,0.0,0,"[0.179547, 0.242777, 0.170162, 0.307482, 0.100033]"
Actor,client,99,7175,8,MR,F,evaluation,4,0,0.7202868461608887,1,0.6842027902603149,False,0,,1,"[0.000457, 0.000252, 0.01168, 0.02521, 0.962401]"
Actor,client,99,7367,8,MR,F,evaluation,4,0,0.5420455932617188,0,0.6842027902603149,False,1,0.0,0,"[0.141925, 0.159939, 0.272438, 0.186146, 0.239552]"
Actor,client,99,7369,8,MR,F,evaluation,4,0,0.7623554468154907,1,0.6842027902603149,False,2,0.5,1,"[0.067827, 0.270578, 0.06972, 0.150098, 0.441777]"
Actor,client,99,81,8,MR,F,evaluation,3,0,0.6164999604225159,1,0.5564348697662354,False,1,0.0,1,"[0.085406, 0.162475, 0.175061, 0.38287, 0.194188]"
Actor,client,99,91,8,MR,F,evaluation,4,0,0.697832465171814,1,0.6842027902603149,False,4,0.25,1,"[0.039482, 0.098041, 0.242929, 0.168961, 0.450586]"
Actor,client,99,304,8,MR,F,evaluation,3,0,0.31499940156936646,0,0.5564348697662354,False,4,0.0,0,"[0.074276, 0.231918, 0.227039, 0.161376, 0.30539]"
Actor,client,99,392,8,MR,F,evaluation,1,0,0.6844977736473083,1,0.5864935517311096,False,2,0.0,1,"[0.097579, 0.291233, 0.237182, 0.269437, 0.104569]"
Actor,client,99,521,8,MR,F,evaluation,4,0,0.6496689915657043,0,0.6842027902603149,False,0,,1,"[0.041912, 0.129455, 0.245069, 0.214174, 0.369391]"
Actor,client,99,571,8,MR,F,evaluation,3,0,0.4813842177391052,0,0.5564348697662354,False,1,0.0,0,"[0.120756, 0.188494, 0.273553, 0.260619, 0.156578]"
Actor,client,99,736,8,MR,F,evaluation,4,0,0.32416191697120667,0,0.6842027902603149,False,4,0.0,0,"[0.096832, 0.171053, 0.357016, 0.232642, 0.142457]"
Actor,client,99,957,8,MR,F,evaluation,1,0,0.27855509519577026,0,0.5864935517311096,False,3,0.0,0,"[0.05693, 0.106363, 0.12178, 0.424819, 0.290108]"
Actor,client,99,1074,8,MR,F,evaluation,2,0,0.4927436411380768,0,0.6948522925376892,False,1,0.0,0,"[0.100963, 0.159499, 0.247388, 0.256297, 0.235853]"
Actor,client,99,1154,8,MR,F,evaluation,3,0,0.4195863902568817,0,0.5564348697662354,False,1,0.0,0,"[0.108723, 0.278685, 0.162331, 0.24398, 0.206281]"
Actor,client,99,1291,8,MR,F,evaluation,1,0,0.3300701081752777,0,0.5864935517311096,False,2,0.0,0,"[0.100573, 0.132179, 0.182646, 0.338693, 0.24591]"
Actor,client,99,1433,8,MR,F,evaluation,2,0,0.6656351089477539,0,0.6948522925376892,False,2,0.0,1,"[0.102661, 0.132429, 0.3323, 0.221236, 0.211374]"
Actor,client,99,1615,8,MR,F,evaluation,1,0,0.3375038206577301,0,0.5864935517311096,False,0,,0,"[0.064706, 0.169589, 0.427996, 0.180745, 0.156964]"
Actor,client,99,1793,8,MR,F,evaluation,0,0,0.4863370358943939,0,0.5510123372077942,False,3,0.0,0,"[0.162337, 0.170431, 0.208341, 0.17398, 0.284911]"
Actor,client,99,1998,8,MR,F,evaluation,4,0,0.3541213572025299,0,0.6842027902603149,False,1,0.0,0,"[0.086786, 0.194439, 0.24357, 0.287194, 0.188011]"
Actor,client,99,2027,8,MR,F,evaluation,2,0,0.32294464111328125,0,0.6948522925376892,False,2,0.5,0,"[0.097899, 0.145284, 0.176172, 0.348707, 0.231938]"
Actor,client,99,2161,8,MR,F,evaluation,3,0,0.5624785423278809,1,0.5564348697662354,False,1,0.0,1,"[0.150419, 0.167534, 0.138597, 0.324922, 0.218527]"
Actor,client,99,2162,8,MR,F,evaluation,1,0,0.503082811832428,0,0.5864935517311096,False,0,,0,"[0.155117, 0.208035, 0.212292, 0.208563, 0.215993]"
Actor,client,99,2237,8,MR,F,evaluation,1,0,0.4012559950351715,0,0.5864935517311096,False,1,0.0,0,"[0.122107, 0.166286, 0.25005, 0.278754, 0.182802]"
Actor,client,99,2354,8,MR,F,evaluation,3,0,0.545001745223999,0,0.5564348697662354,False,1,1.0,1,"[0.173908, 0.162455, 0.181924, 0.297636, 0.184077]"
Actor,client,99,2370,8,MR,F,evaluation,1,0,0.5008818507194519,0,0.5864935517311096,False,2,0.5,0,"[0.098386, 0.211955, 0.229894, 0.280688, 0.179077]"
Actor,client,99,2558,8,MR,F,evaluation,3,0,0.5041240453720093,0,0.5564348697662354,False,3,0.0,1,"[0.126823, 0.14658, 0.192284, 0.281135, 0.253178]"
Actor,client,99,2641,8,MR,F,evaluation,2,0,0.578395426273346,0,0.6948522925376892,False,1,0.0,1,"[0.110736, 0.172261, 0.290726, 0.246636, 0.179641]"
Actor,client,99,2687,8,MR,F,evaluation,2,0,0.8263829946517944,1,0.6948522925376892,False,3,0.0,1,"[0.029129, 0.139059, 0.430541, 0.175118, 0.226153]"
Actor,client,99,2923,8,MR,F,evaluation,1,0,0.25208795070648193,0,0.5864935517311096,False,3,0.3333333333333333,0,"[0.144321, 0.110169, 0.436611, 0.166237, 0.142661]"
Actor,client,99,2952,8,MR,F,evaluation,2,0,0.5419325828552246,0,0.6948522925376892,False,1,1.0,1,"[0.112865, 0.181382, 0.272845, 0.25053, 0.182378]"
Actor,client,99,3327,8,MR,F,evaluation,1,0,0.5319034457206726,0,0.5864935517311096,False,1,0.0,0,"[0.093214, 0.23045, 0.144462, 0.241782, 0.290092]"
Actor,client,99,3490,8,MR,F,evaluation,3,0,0.36492589116096497,0,0.5564348697662354,False,0,,0,"[0.021554, 0.123587, 0.462081, 0.177809, 0.214968]"
Actor,client,99,3529,8,MR,F,evaluation,3,0,0.6866621375083923,1,0.5564348697662354,False,2,0.0,1,"[0.142202, 0.119904, 0.186215, 0.41537, 0.136309]"
Actor,client,99,4678,8,MR,F,evaluation,1,0,0.3118305504322052,0,0.5864935517311096,False,1,0.0,0,"[0.136282, 0.128716, 0.257641, 0.2441, 0.23326]"
Actor,client,99,4992,8,MR,F,evaluation,4,0,0.48243752121925354,0,0.6842027902603149,False,0,,0,"[0.099524, 0.104551, 0.145161, 0.345471, 0.305293]"
Actor,client,99,5225,8,MR,F,evaluation,3,0,0.43789687752723694,0,0.5564348697662354,False,1,0.0,1,"[0.150403, 0.216877, 0.197043, 0.232049, 0.203628]"
Actor,client,99,5255,8,MR,F,evaluation,2,0,0.2723216712474823,0,0.6948522925376892,False,0,,0,"[0.107689, 0.280197, 0.140841, 0.323251, 0.148022]"
Actor,client,99,5259,8,MR,F,evaluation,2,0,0.6127516627311707,0,0.6948522925376892,False,4,0.25,1,"[0.091995, 0.189162, 0.294147, 0.18654, 0.238157]"
Actor,client,99,5466,8,MR,F,evaluation,3,0,0.16602326929569244,0,0.5564348697662354,False,0,,0,"[0.022718, 0.038109, 0.024685, 0.02682, 0.887668]"
Actor,client,99,5611,8,MR,F,evaluation,4,0,0.3062041997909546,0,0.6842027902603149,False,0,,0,"[0.078239, 0.494715, 0.090904, 0.202796, 0.133346]"
Actor,client,99,5747,8,MR,F,evaluation,3,0,0.5472957491874695,0,0.5564348697662354,False,1,1.0,1,"[0.123597, 0.199617, 0.206837, 0.317312, 0.152637]"
Actor,client,99,6047,8,MR,F,evaluation,3,0,0.44465601444244385,0,0.5564348697662354,False,1,0.0,0,"[0.132526, 0.106667, 0.418159, 0.203029, 0.13962]"
Actor,client,99,6101,8,MR,F,evaluation,4,0,0.5834583044052124,0,0.6842027902603149,False,2,0.0,1,"[0.150982, 0.173494, 0.219443, 0.186272, 0.26981]"
Actor,client,99,6165,8,MR,F,evaluation,0,0,0.4596106708049774,0,0.5510123372077942,False,1,0.0,0,"[0.165844, 0.205925, 0.20211, 0.254481, 0.17164]"
Actor,client,99,6269,8,MR,F,evaluation,2,0,0.412283718585968,0,0.6948522925376892,False,1,0.0,0,"[0.162187, 0.194105, 0.205937, 0.222117, 0.215654]"
Actor,client,99,6326,8,MR,F,evaluation,1,0,0.33046987652778625,0,0.5864935517311096,False,1,0.0,0,"[0.126164, 0.129762, 0.175799, 0.309193, 0.259082]"
Actor,client,99,6347,8,MR,F,evaluation,2,0,0.3148578703403473,0,0.6948522925376892,False,2,0.0,0,"[0.105772, 0.180008, 0.165535, 0.316408, 0.232277]"
Actor,client,99,6492,8,MR,F,evaluation,1,0,0.5829713940620422,0,0.5864935517311096,False,1,0.0,1,"[0.156668, 0.243673, 0.243417, 0.183501, 0.172741]"
Actor,client,99,6547,8,MR,F,evaluation,3,0,0.6225708723068237,1,0.5564348697662354,False,2,0.0,1,"[0.138856, 0.271532, 0.085131, 0.394508, 0.109973]"
Actor,client,99,6658,8,MR,F,evaluation,4,0,0.5393115878105164,0,0.6842027902603149,False,3,0.0,0,"[0.122155, 0.144994, 0.276894, 0.204907, 0.251051]"
Actor,client,99,7381,8,MR,F,evaluation,3,0,0.44761449098587036,0,0.5564348697662354,False,2,0.0,0,"[0.1234, 0.173371, 0.245879, 0.237465, 0.219885]"
Actor,client,99,7420,8,MR,F,evaluation,3,0,0.510006844997406,0,0.5564348697662354,False,1,0.0,0,"[0.050305, 0.023579, 0.087243, 0.312681, 0.526192]"
Actor,client,99,7456,8,MR,F,evaluation,2,0,0.18364304304122925,0,0.6948522925376892,False,1,0.0,0,"[0.045663, 0.053391, 0.084555, 0.405559, 0.410832]"
Actor,client,99,116,8,MR,F,evaluation,1,0,0.34484198689460754,0,0.5864935517311096,False,1,0.0,0,"[0.106179, 0.152134, 0.264765, 0.238923, 0.237999]"
Actor,client,99,254,8,MR,F,evaluation,4,0,0.5154637694358826,0,0.6842027902603149,False,2,0.5,1,"[0.099115, 0.19151, 0.225383, 0.234796, 0.249196]"
Actor,client,99,405,8,MR,F,evaluation,4,0,0.4915967285633087,0,0.6842027902603149,False,1,0.0,0,"[0.071871, 0.129897, 0.181816, 0.322933, 0.293482]"
Actor,client,99,474,8,MR,F,evaluation,4,0,0.6198499798774719,0,0.6842027902603149,False,2,0.0,1,"[0.208826, 0.234314, 0.161006, 0.137204, 0.25865]"
Actor,client,99,714,8,MR,F,evaluation,0,0,0.43575260043144226,0,0.5510123372077942,False,0,,0,"[0.155117, 0.208035, 0.212292, 0.208563, 0.215993]"
Actor,client,99,788,8,MR,F,evaluation,0,0,0.37214305996894836,0,0.5510123372077942,False,0,,0,"[0.136444, 0.22716, 0.221709, 0.245801, 0.168885]"
Actor,client,99,921,8,MR,F,evaluation,0,0,0.26280418038368225,0,0.5510123372077942,False,2,0.0,0,"[0.037461, 0.097699, 0.187067, 0.175184, 0.50259]"
Actor,client,99,1061,8,MR,F,evaluation,3,0,0.35730165243148804,0,0.5564348697662354,False,1,1.0,0,"[0.037724, 0.224327, 0.318019, 0.195359, 0.224571]"
Actor,client,99,1136,8,MR,F,evaluation,2,0,0.3347351849079132,0,0.6948522925376892,False,1,0.0,0,"[0.074449, 0.139522, 0.179052, 0.342968, 0.264009]"
Actor,client,99,1563,8,MR,F,evaluation,4,0,0.4302160441875458,0,0.6842027902603149,False,4,0.25,0,"[0.10761, 0.129037, 0.222994, 0.301613, 0.238745]"
Actor,client,99,2199,8,MR,F,evaluation,3,0,0.38804054260253906,0,0.5564348697662354,False,1,1.0,0,"[0.135878, 0.188546, 0.203697, 0.196468, 0.275411]"
Actor,client,99,2318,8,MR,F,evaluation,0,0,0.4784597158432007,0,0.5510123372077942,False,1,0.0,0,"[0.162189, 0.163482, 0.235325, 0.237434, 0.20157]"
Actor,client,99,2326,8,MR,F,evaluation,2,0,0.32193687558174133,0,0.6948522925376892,False,2,0.5,0,"[0.111955, 0.266227, 0.160232, 0.268061, 0.193525]"
Actor,client,99,2376,8,MR,F,evaluation,2,0,0.3390253782272339,0,0.6948522925376892,False,4,0.5,0,"[0.038935, 0.116047, 0.187375, 0.390227, 0.267416]"
Actor,client,99,2459,8,MR,F,evaluation,3,0,0.3312157094478607,0,0.5564348697662354,False,2,0.5,0,"[0.208826, 0.234314, 0.161006, 0.137204, 0.25865]"
Actor,client,99,2639,8,MR,F,evaluation,3,0,0.38872048258781433,0,0.5564348697662354,False,2,0.0,0,"[0.160717, 0.162436, 0.356856, 0.165768, 0.154223]"
Actor,client,99,2663,8,MR,F,evaluation,4,0,0.6488820910453796,0,0.6842027902603149,False,1,1.0,1,"[0.090378, 0.109123, 0.317284, 0.154735, 0.32848]"
Actor,client,99,2665,8,MR,F,evaluation,1,0,0.6758366823196411,1,0.5864935517311096,False,1,0.0,1,"[0.150355, 0.280143, 0.201596, 0.21941, 0.148496]"
Actor,client,99,2932,8,MR,F,evaluation,1,0,0.4161788523197174,0,0.5864935517311096,False,1,0.0,0,"[0.226622, 0.143704, 0.189668, 0.285957, 0.154048]"
Actor,client,99,3010,8,MR,F,evaluation,2,0,0.5624358654022217,0,0.6948522925376892,False,1,1.0,1,"[0.161293, 0.185449, 0.2665, 0.143853, 0.242906]"
Actor,client,99,3012,8,MR,F,evaluation,2,0,0.14228703081607819,0,0.6948522925376892,False,2,0.0,0,"[0.00726, 0.020009, 0.114164, 0.760961, 0.097606]"
Actor,client,99,3101,8,MR,F,evaluation,2,0,0.6266599297523499,0,0.6948522925376892,False,1,0.0,1,"[0.095304, 0.197979, 0.29201, 0.138627, 0.276079]"
Actor,client,99,3103,8,MR,F,evaluation,1,0,0.1349380761384964,0,0.5864935517311096,False,3,0.0,0,"[0.009438, 0.026041, 0.212552, 0.438656, 0.313313]"
Actor,client,99,3114,8,MR,F,evaluation,3,0,0.44769707322120667,0,0.5564348697662354,False,1,1.0,0,"[0.129476, 0.216771, 0.320034, 0.230198, 0.10352]"
Actor,client,99,3149,8,MR,F,evaluation,4,0,0.46540912985801697,0,0.6842027902603149,False,3,0.3333333333333333,0,"[0.040496, 0.124783, 0.166877, 0.365868, 0.301976]"
Actor,client,99,3418,8,MR,F,evaluation,2,0,0.5408771634101868,0,0.6948522925376892,False,0,,0,"[0.064215, 0.21727, 0.272897, 0.27945, 0.166168]"
Actor,client,99,3475,8,MR,F,evaluation,1,0,0.7274628281593323,1,0.5864935517311096,False,0,,1,"[0.098393, 0.32789, 0.301981, 0.163939, 0.107798]"
Actor,client,99,3648,8,MR,F,evaluation,1,0,0.4655861258506775,0,0.5864935517311096,False,1,1.0,0,"[0.161242, 0.186998, 0.234503, 0.242613, 0.174643]"
Actor,client,99,3890,8,MR,F,evaluation,3,0,0.4151194989681244,0,0.5564348697662354,False,0,,0,"[0.146088, 0.215363, 0.342498, 0.197639, 0.098412]"
Actor,client,99,4145,8,MR,F,evaluation,4,0,0.677479088306427,0,0.6842027902603149,False,0,,1,"[0.02812, 0.049105, 0.076357, 0.214333, 0.632086]"
Actor,client,99,4575,8,MR,F,evaluation,4,0,0.6883828043937683,1,0.6842027902603149,False,1,0.0,1,"[0.091521, 0.059514, 0.201354, 0.153072, 0.494539]"
Actor,client,99,4756,8,MR,F,evaluation,1,0,0.31910476088523865,0,0.5864935517311096,False,1,0.0,0,"[0.08815, 0.136154, 0.219136, 0.300432, 0.256128]"
Actor,client,99,4769,8,MR,F,evaluation,4,0,0.6397552490234375,0,0.6842027902603149,False,2,0.5,1,"[0.021544, 0.025719, 0.116706, 0.270366, 0.565665]"
Actor,client,99,4784,8,MR,F,evaluation,4,0,0.7177486419677734,1,0.6842027902603149,False,0,,1,"[0.011372, 0.004629, 0.009382, 0.035423, 0.939194]"
Actor,client,99,4915,8,MR,F,evaluation,3,0,0.5364044904708862,0,0.5564348697662354,False,1,0.0,1,"[0.071871, 0.129897, 0.181816, 0.322933, 0.293482]"
Actor,client,99,4973,8,MR,F,evaluation,2,0,0.22890011966228485,0,0.6948522925376892,False,0,,0,"[0.016478, 0.123982, 0.141895, 0.519411, 0.198234]"
Actor,client,99,5048,8,MR,F,evaluation,4,0,0.5979065299034119,0,0.6842027902603149,False,1,1.0,0,"[0.099565, 0.207087, 0.326983, 0.128615, 0.23775]"
Actor,client,99,5104,8,MR,F,evaluation,0,0,0.37214305996894836,0,0.5510123372077942,False,0,,0,"[0.136444, 0.22716, 0.221709, 0.245801, 0.168885]"
Actor,client,99,5168,8,MR,F,evaluation,0,0,0.42571547627449036,0,0.5510123372077942,False,1,0.0,0,"[0.150405, 0.217635, 0.183641, 0.183151, 0.265168]"
Actor,client,99,5341,8,MR,F,evaluation,0,0,0.5110692381858826,0,0.5510123372077942,False,3,0.3333333333333333,0,"[0.164842, 0.126387, 0.19508, 0.316193, 0.197498]"
Actor,client,99,5404,8,MR,F,evaluation,2,0,0.2235889583826065,0,0.6948522925376892,False,8,0.25,0,"[0.025941, 0.043097, 0.041125, 0.07103, 0.818808]"
Actor,client,99,5563,8,MR,F,evaluation,2,0,0.3829387128353119,0,0.6948522925376892,False,2,0.5,0,"[0.15269, 0.255066, 0.180883, 0.182189, 0.229173]"
Actor,client,99,5606,8,MR,F,evaluation,1,0,0.5257593989372253,0,0.5864935517311096,False,2,0.0,0,"[0.124581, 0.218987, 0.202716, 0.250732, 0.202983]"
Actor,client,99,5900,8,MR,F,evaluation,4,0,0.5839561820030212,0,0.6842027902603149,False,2,0.0,1,"[0.025016, 0.012385, 0.024492, 0.373842, 0.564264]"
Actor,client,99,5973,8,MR,F,evaluation,3,0,0.34183910489082336,0,0.5564348697662354,False,1,0.0,0,"[0.095035, 0.201442, 0.196421, 0.177059, 0.330044]"
Actor,client,99,5992,8,MR,F,evaluation,2,0,0.5199044942855835,0,0.6948522925376892,False,0,,0,"[0.06277, 0.258362, 0.259536, 0.267287, 0.152045]"
Actor,client,99,6270,8,MR,F,evaluation,2,0,0.2787564992904663,0,0.6948522925376892,False,1,0.0,0,"[0.238176, 0.114203, 0.160491, 0.326506, 0.160624]"
Actor,client,99,6356,8,MR,F,evaluation,3,0,0.3205908536911011,0,0.5564348697662354,False,3,0.3333333333333333,0,"[0.076817, 0.158309, 0.27764, 0.151208, 0.336026]"
Actor,client,99,6361,8,MR,F,evaluation,4,0,0.6377955079078674,0,0.6842027902603149,False,1,0.0,1,"[0.159154, 0.184125, 0.18594, 0.165892, 0.304889]"
Actor,client,99,6450,8,MR,F,evaluation,4,0,0.6990129947662354,1,0.6842027902603149,False,0,,1,"[0.057031, 0.17043, 0.159342, 0.194582, 0.418615]"
Actor,client,99,6712,8,MR,F,evaluation,0,0,0.30482396483421326,0,0.5510123372077942,False,1,0.0,0,"[0.065155, 0.113604, 0.217034, 0.152447, 0.451759]"
Actor,client,99,6875,8,MR,F,evaluation,3,0,0.3761333227157593,0,0.5564348697662354,False,3,0.0,0,"[0.037369, 0.133508, 0.262784, 0.208102, 0.358238]"
Actor,client,99,6946,8,MR,F,evaluation,3,0,0.4342537820339203,0,0.5564348697662354,False,1,1.0,0,"[0.066126, 0.195014, 0.259755, 0.247896, 0.231209]"
Actor,client,99,7065,8,MR,F,evaluation,4,0,0.6267837882041931,0,0.6842027902603149,False,2,1.0,1,"[0.038141, 0.07242, 0.221324, 0.256879, 0.411235]"
Actor,client,99,7086,8,MR,F,evaluation,2,0,0.6556171774864197,0,0.6948522925376892,False,2,0.0,0,"[0.033586, 0.388603, 0.293269, 0.095505, 0.189037]"
Actor,client,99,7288,8,MR,F,evaluation,3,0,0.34703001379966736,0,0.5564348697662354,False,3,0.3333333333333333,0,"[0.032431, 0.151848, 0.295966, 0.184765, 0.33499]"
Actor,client,99,7301,8,MR,F,evaluation,4,0,0.5168631076812744,0,0.6842027902603149,False,2,0.0,0,"[0.12996, 0.196544, 0.254189, 0.194161, 0.225146]"
Actor,client,99,79,8,MR,F,evaluation,0,0,0.4038219153881073,0,0.5510123372077942,False,1,0.0,0,"[0.140059, 0.207224, 0.153586, 0.273868, 0.225264]"
Actor,client,99,183,8,MR,F,evaluation,3,0,0.1901690810918808,0,0.5564348697662354,False,0,,0,"[0.040741, 0.313986, 0.125754, 0.069514, 0.450005]"
Actor,client,99,542,8,MR,F,evaluation,2,0,0.27090004086494446,0,0.6948522925376892,False,1,0.0,0,"[0.131618, 0.164209, 0.133993, 0.282125, 0.288055]"
Actor,client,99,673,8,MR,F,evaluation,2,0,0.4994034767150879,0,0.6948522925376892,False,4,0.25,0,"[0.168182, 0.094018, 0.223905, 0.094502, 0.419393]"
Actor,client,99,1990,8,MR,F,evaluation,4,0,0.41154083609580994,0,0.6842027902603149,False,1,1.0,0,"[0.147228, 0.269879, 0.10481, 0.270275, 0.207808]"
Actor,client,99,2075,8,MR,F,evaluation,4,0,0.4564582407474518,0,0.6842027902603149,False,1,0.0,0,"[0.071795, 0.128285, 0.346768, 0.235988, 0.217165]"
Actor,client,99,2420,8,MR,F,evaluation,4,0,0.4121968150138855,0,0.6842027902603149,False,2,0.5,0,"[0.056514, 0.172451, 0.338357, 0.238865, 0.193812]"
Actor,client,99,2627,8,MR,F,evaluation,3,0,0.4085886776447296,0,0.5564348697662354,False,2,1.0,0,"[0.271147, 0.234186, 0.14407, 0.177806, 0.172791]"
Actor,client,99,2751,8,MR,F,evaluation,4,0,0.4658319056034088,0,0.6842027902603149,False,0,,0,"[0.19193, 0.229722, 0.256508, 0.15186, 0.169981]"
Actor,client,99,2810,8,MR,F,evaluation,4,0,0.4312731623649597,0,0.6842027902603149,False,2,0.5,0,"[0.170009, 0.183359, 0.209711, 0.237278, 0.199643]"
Actor,client,99,2929,8,MR,F,evaluation,3,0,0.8766408562660217,1,0.5564348697662354,False,0,,1,"[0.046211, 0.029771, 0.06036, 0.703897, 0.159761]"
Actor,client,99,3053,8,MR,F,evaluation,3,0,0.5399141907691956,0,0.5564348697662354,False,1,0.0,1,"[0.131305, 0.186421, 0.17224, 0.312426, 0.197608]"
Actor,client,99,3070,8,MR,F,evaluation,2,0,0.567410409450531,0,0.6948522925376892,False,0,,0,"[0.070305, 0.163694, 0.302709, 0.352317, 0.110976]"
Actor,client,99,3075,8,MR,F,evaluation,1,0,0.7118569612503052,1,0.5864935517311096,False,3,1.0,1,"[0.133705, 0.310321, 0.274752, 0.1644, 0.116822]"
Actor,client,99,3311,8,MR,F,evaluation,3,0,0.40277978777885437,0,0.5564348697662354,False,0,,0,"[0.315223, 0.176775, 0.089555, 0.159478, 0.258969]"
Actor,client,99,3758,8,MR,F,evaluation,1,0,0.6603197455406189,1,0.5864935517311096,False,0,,1,"[0.138047, 0.272135, 0.223722, 0.249797, 0.116299]"
Actor,client,99,3792,8,MR,F,evaluation,0,0,0.41846877336502075,0,0.5510123372077942,False,1,0.0,0,"[0.156832, 0.259133, 0.165735, 0.143337, 0.274962]"
Actor,client,99,3859,8,MR,F,evaluation,2,0,0.3899663984775543,0,0.6948522925376892,False,1,0.0,0,"[0.14472, 0.197941, 0.19809, 0.250349, 0.2089]"
Actor,client,99,3879,8,MR,F,evaluation,4,0,0.41154083609580994,0,0.6842027902603149,False,1,1.0,0,"[0.147228, 0.269879, 0.10481, 0.270275, 0.207808]"
Actor,client,99,4595,8,MR,F,evaluation,3,0,0.34707334637641907,0,0.5564348697662354,False,1,1.0,0,"[0.143197, 0.254752, 0.186045, 0.171359, 0.244646]"
Actor,client,99,4789,8,MR,F,evaluation,1,0,0.30696025490760803,0,0.5864935517311096,False,3,0.0,0,"[0.175917, 0.127594, 0.266985, 0.162425, 0.267079]"
Actor,client,99,5011,8,MR,F,evaluation,3,0,0.30094486474990845,0,0.5564348697662354,False,1,0.0,0,"[0.106736, 0.150738, 0.542803, 0.088138, 0.111584]"
Actor,client,99,5364,8,MR,F,evaluation,2,0,0.48366227746009827,0,0.6948522925376892,False,1,1.0,0,"[0.183415, 0.085754, 0.213286, 0.074278, 0.443268]"
Actor,client,99,5394,8,MR,F,evaluation,4,0,0.6554319262504578,0,0.6842027902603149,False,1,1.0,1,"[0.095535, 0.019495, 0.053666, 0.200888, 0.630415]"
Actor,client,99,5478,8,MR,F,evaluation,4,0,0.687942385673523,1,0.6842027902603149,False,3,0.3333333333333333,1,"[0.092773, 0.031791, 0.071361, 0.137795, 0.66628]"
Actor,client,99,5616,8,MR,F,evaluation,2,0,0.5992144346237183,0,0.6948522925376892,False,2,0.5,0,"[0.16721, 0.166885, 0.275049, 0.08983, 0.301027]"
Actor,client,99,5676,8,MR,F,evaluation,4,0,0.7010634541511536,1,0.6842027902603149,False,1,0.0,1,"[0.15881, 0.048089, 0.073441, 0.09396, 0.625699]"
Actor,client,99,5796,8,MR,F,evaluation,4,0,0.6452944874763489,0,0.6842027902603149,False,2,0.5,1,"[0.073997, 0.04177, 0.139936, 0.238072, 0.506226]"
Actor,client,99,5919,8,MR,F,evaluation,2,0,0.6594079732894897,0,0.6948522925376892,False,1,0.0,1,"[0.061465, 0.136964, 0.335618, 0.276698, 0.189254]"
Actor,client,99,5988,8,MR,F,evaluation,3,0,0.4155052900314331,0,0.5564348697662354,False,1,0.0,0,"[0.14039, 0.169221, 0.288885, 0.202215, 0.199289]"
Actor,client,99,6242,8,MR,F,evaluation,3,0,0.5005388259887695,0,0.5564348697662354,False,3,0.0,1,"[0.136818, 0.206022, 0.161634, 0.285506, 0.210021]"
Actor,client,99,6456,8,MR,F,evaluation,4,0,0.5519025325775146,0,0.6842027902603149,False,1,1.0,0,"[0.167044, 0.149384, 0.304732, 0.152432, 0.226408]"
Actor,client,99,6562,8,MR,F,evaluation,2,0,0.20804204046726227,0,0.6948522925376892,False,1,0.0,0,"[0.312219, 0.206185, 0.084414, 0.163593, 0.233589]"
Actor,client,99,6593,8,MR,F,evaluation,4,0,0.4446408748626709,0,0.6842027902603149,False,0,,0,"[0.101851, 0.195148, 0.466481, 0.101398, 0.135121]"
Actor,client,99,6994,8,MR,F,evaluation,2,0,0.8129116892814636,1,0.6948522925376892,False,0,,1,"[0.166389, 0.159066, 0.421092, 0.107258, 0.146195]"
Actor,client,99,7055,8,MR,F,evaluation,4,0,0.40645119547843933,0,0.6842027902603149,False,1,1.0,0,"[0.132485, 0.179987, 0.109708, 0.335927, 0.241893]"
Actor,client,99,7097,8,MR,F,evaluation,2,0,0.13995768129825592,0,0.6948522925376892,False,3,0.0,0,"[0.105545, 0.038655, 0.062762, 0.472575, 0.320463]"
Actor,client,99,7262,8,MR,F,evaluation,4,0,0.5710042119026184,0,0.6842027902603149,False,2,0.5,1,"[0.126486, 0.169804, 0.110362, 0.272924, 0.320423]"
Actor,client,99,7310,8,MR,F,evaluation,4,0,0.328809529542923,0,0.6842027902603149,False,1,0.0,0,"[0.236451, 0.148495, 0.176037, 0.277348, 0.161669]"
Actor,client,99,7355,8,MR,F,evaluation,1,0,0.27948489785194397,0,0.5864935517311096,False,3,0.3333333333333333,0,"[0.220323, 0.090206, 0.172491, 0.245996, 0.270984]"
Actor,client,99,7373,8,MR,F,evaluation,2,0,0.43501076102256775,0,0.6948522925376892,False,0,,0,"[0.191165, 0.10156, 0.190525, 0.080317, 0.436433]"
Actor,client,99,7409,8,MR,F,evaluation,1,0,0.6176873445510864,1,0.5864935517311096,False,0,,0,"[0.279355, 0.223023, 0.127453, 0.197794, 0.172375]"
Actor,client,99,7435,8,MR,F,evaluation,0,0,0.2672801613807678,0,0.5510123372077942,False,0,,0,"[0.10187, 0.263127, 0.378027, 0.092164, 0.164812]"
Actor,client,99,26,5,MR,H,evaluation,3,0,0.40646281838417053,0,0.5564348697662354,False,3,0.3333333333333333,0,"[0.170105, 0.229155, 0.195579, 0.203664, 0.201497]"
Actor,client,99,38,5,MR,H,evaluation,2,0,0.5049822926521301,0,0.6948522925376892,False,3,0.0,1,"[0.183733, 0.187785, 0.247681, 0.181988, 0.198813]"
Actor,client,99,40,5,MR,H,evaluation,3,0,0.4677705764770508,0,0.5564348697662354,False,3,0.3333333333333333,0,"[0.185039, 0.153155, 0.24178, 0.229217, 0.19081]"
Actor,client,99,46,5,MR,H,evaluation,0,0,0.5632290840148926,1,0.5510123372077942,False,1,1.0,0,"[0.209969, 0.218349, 0.255941, 0.121702, 0.194039]"
Actor,client,99,57,5,MR,H,evaluation,2,0,0.3461753726005554,0,0.6948522925376892,False,1,0.0,0,"[0.139506, 0.132271, 0.182767, 0.294673, 0.250783]"
Actor,client,99,65,5,MR,H,evaluation,4,0,0.5171052813529968,0,0.6842027902603149,False,1,1.0,1,"[0.201523, 0.189844, 0.205926, 0.183846, 0.218861]"
Actor,client,99,84,5,MR,H,evaluation,3,0,0.39297229051589966,0,0.5564348697662354,False,3,0.3333333333333333,0,"[0.138213, 0.205058, 0.229975, 0.197609, 0.229145]"
Actor,client,99,114,5,MR,H,evaluation,1,0,0.4374961256980896,0,0.5864935517311096,False,6,0.0,0,"[0.066197, 0.19544, 0.143982, 0.271229, 0.323152]"
Actor,client,99,141,5,MR,H,evaluation,1,0,0.3022845685482025,0,0.5864935517311096,False,0,,0,"[0.07353, 0.154538, 0.497904, 0.16283, 0.111199]"
Actor,client,99,142,5,MR,H,evaluation,2,0,0.48381221294403076,0,0.6948522925376892,False,1,1.0,1,"[0.164905, 0.179601, 0.23772, 0.196685, 0.22109]"
Actor,client,99,152,5,MR,H,evaluation,1,0,0.3595907390117645,0,0.5864935517311096,False,0,,0,"[0.095845, 0.126407, 0.155257, 0.480779, 0.141712]"
Actor,client,99,160,5,MR,H,evaluation,1,0,0.27735403180122375,0,0.5864935517311096,False,1,0.0,0,"[0.06923, 0.121781, 0.203995, 0.293906, 0.311087]"
Actor,client,99,178,5,MR,H,evaluation,0,0,0.3331736624240875,0,0.5510123372077942,False,2,0.0,0,"[0.083055, 0.117242, 0.205403, 0.236104, 0.358196]"
Actor,client,99,228,5,MR,H,evaluation,4,0,0.35296300053596497,0,0.6842027902603149,False,1,0.0,0,"[0.168602, 0.186008, 0.237374, 0.246056, 0.161961]"
Actor,client,99,231,5,MR,H,evaluation,3,0,0.4023102819919586,0,0.5564348697662354,False,5,0.2,0,"[0.06287, 0.157862, 0.277888, 0.219453, 0.281927]"
Actor,client,99,282,5,MR,H,evaluation,2,0,0.42703086137771606,0,0.6948522925376892,False,4,0.25,0,"[0.125794, 0.164589, 0.208442, 0.218013, 0.283162]"
Actor,client,99,301,5,MR,H,evaluation,2,0,0.3164996802806854,0,0.6948522925376892,False,0,,0,"[0.079132, 0.197734, 0.129647, 0.15794, 0.435548]"
Actor,client,99,306,5,MR,H,evaluation,3,0,0.35676857829093933,0,0.5564348697662354,False,0,,0,"[0.240892, 0.089587, 0.407838, 0.099627, 0.162057]"
Actor,client,99,317,5,MR,H,evaluation,3,0,0.549626350402832,0,0.5564348697662354,False,1,0.0,1,"[0.135084, 0.133143, 0.184066, 0.310898, 0.236809]"
Actor,client,99,319,5,MR,H,evaluation,0,0,0.4116237461566925,0,0.5510123372077942,False,2,0.5,0,"[0.140129, 0.186755, 0.202498, 0.259381, 0.211236]"
Actor,client,99,321,5,MR,H,evaluation,4,0,0.2249937355518341,0,0.6842027902603149,False,0,,0,"[0.02148, 0.075023, 0.103418, 0.552689, 0.247389]"
Actor,client,99,330,5,MR,H,evaluation,4,0,0.6020357012748718,0,0.6842027902603149,False,0,,1,"[0.078658, 0.012133, 0.049268, 0.310368, 0.549574]"
Actor,client,99,332,5,MR,H,evaluation,3,0,0.4540579915046692,0,0.5564348697662354,False,1,0.0,0,"[0.112324, 0.184167, 0.169657, 0.257049, 0.276802]"
Actor,client,99,339,5,MR,H,evaluation,2,0,0.1886635422706604,0,0.6948522925376892,False,0,,0,"[0.053381, 0.176867, 0.085922, 0.384627, 0.299201]"
Actor,client,99,356,5,MR,H,evaluation,3,0,0.4698296785354614,0,0.5564348697662354,False,1,0.0,0,"[0.288534, 0.187354, 0.15128, 0.210694, 0.162138]"
Actor,client,99,359,5,MR,H,evaluation,1,0,0.5030827522277832,0,0.5864935517311096,False,0,,0,"[0.155117, 0.208035, 0.212292, 0.208563, 0.215993]"
Actor,client,99,360,5,MR,H,evaluation,2,0,0.41577354073524475,0,0.6948522925376892,False,10,0.1,0,"[0.061229, 0.160501, 0.217802, 0.324863, 0.235605]"
Actor,client,99,374,5,MR,H,evaluation,3,0,0.5636841654777527,1,0.5564348697662354,False,1,0.0,1,"[0.112367, 0.112442, 0.163412, 0.329545, 0.282234]"
Actor,client,99,376,5,MR,H,evaluation,2,0,0.3532567322254181,0,0.6948522925376892,False,2,0.0,0,"[0.06396, 0.204741, 0.166236, 0.238577, 0.326487]"
Actor,client,99,380,5,MR,H,evaluation,2,0,0.3944307267665863,0,0.6948522925376892,False,2,0.5,0,"[0.185281, 0.22821, 0.19057, 0.181257, 0.214681]"
Actor,client,99,409,5,MR,H,evaluation,1,0,0.3583797514438629,0,0.5864935517311096,False,1,1.0,0,"[0.125571, 0.142902, 0.24829, 0.310878, 0.172358]"
Actor,client,99,419,5,MR,H,evaluation,2,0,0.48529917001724243,0,0.6948522925376892,False,3,0.3333333333333333,1,"[0.141813, 0.168376, 0.240664, 0.219905, 0.229242]"
Actor,client,99,447,5,MR,H,evaluation,1,0,0.3119320273399353,0,0.5864935517311096,False,1,0.0,0,"[0.061721, 0.147367, 0.262261, 0.248411, 0.28024]"
Actor,client,99,462,5,MR,H,evaluation,0,0,0.4473284184932709,0,0.5510123372077942,False,1,0.0,0,"[0.139557, 0.138669, 0.265908, 0.146981, 0.308885]"
Actor,client,99,466,5,MR,H,evaluation,1,0,0.570343554019928,0,0.5864935517311096,False,0,,0,"[0.146809, 0.242957, 0.108609, 0.164445, 0.33718]"
Actor,client,99,493,5,MR,H,evaluation,3,0,0.7098867297172546,1,0.5564348697662354,False,2,0.0,1,"[0.055634, 0.068933, 0.103553, 0.471439, 0.30044]"
Actor,client,99,500,5,MR,H,evaluation,2,0,0.8402680158615112,1,0.6948522925376892,False,3,0.6666666666666666,1,"[0.083122, 0.238705, 0.442654, 0.127138, 0.108381]"
Actor,client,99,530,5,MR,H,evaluation,1,0,0.19388212263584137,0,0.5864935517311096,False,0,,0,"[0.036092, 0.078838, 0.154343, 0.319539, 0.411188]"
Actor,client,99,541,5,MR,H,evaluation,4,0,0.7322662472724915,1,0.6842027902603149,False,0,,1,"[0.163451, 0.159795, 0.023959, 0.129743, 0.523052]"
Actor,client,99,566,5,MR,H,evaluation,4,0,0.6692856550216675,0,0.6842027902603149,False,2,0.5,1,"[0.093556, 0.1684, 0.226608, 0.167389, 0.344047]"
Actor,client,99,647,5,MR,H,evaluation,2,0,0.4293231666088104,0,0.6948522925376892,False,1,0.0,0,"[0.153118, 0.187036, 0.218811, 0.245852, 0.195183]"
Actor,client,99,670,5,MR,H,evaluation,1,0,0.846308171749115,1,0.5864935517311096,False,0,,1,"[0.13513, 0.395707, 0.204078, 0.151472, 0.113614]"
Actor,client,99,681,5,MR,H,evaluation,3,0,0.41410109400749207,0,0.5564348697662354,False,0,,0,"[0.091533, 0.32242, 0.112827, 0.25698, 0.216239]"
Actor,client,99,692,5,MR,H,evaluation,1,0,0.39882850646972656,0,0.5864935517311096,False,5,0.6,0,"[0.125729, 0.176567, 0.252405, 0.191021, 0.254279]"
Actor,client,99,694,5,MR,H,evaluation,2,0,0.45845329761505127,0,0.6948522925376892,False,1,0.0,0,"[0.069568, 0.284267, 0.21213, 0.188168, 0.245868]"
Actor,client,99,708,5,MR,H,evaluation,3,0,0.543742299079895,0,0.5564348697662354,False,6,0.16666666666666666,0,"[0.053405, 0.119475, 0.129446, 0.340441, 0.357233]"
Actor,client,99,726,5,MR,H,evaluation,3,0,0.6173317432403564,1,0.5564348697662354,False,0,,0,"[0.034024, 0.054281, 0.419119, 0.358457, 0.134119]"
Actor,client,99,759,5,MR,H,evaluation,3,0,0.28488409519195557,0,0.5564348697662354,False,3,0.3333333333333333,0,"[0.058618, 0.167444, 0.517444, 0.095622, 0.160872]"
Actor,client,99,763,5,MR,H,evaluation,4,0,0.569200336933136,0,0.6842027902603149,False,0,,1,"[0.033804, 0.052213, 0.085179, 0.375391, 0.453413]"
Actor,client,99,768,5,MR,H,evaluation,1,0,0.5841240882873535,0,0.5864935517311096,False,1,0.0,1,"[0.127572, 0.249442, 0.187426, 0.196773, 0.238786]"
Actor,client,99,789,5,MR,H,evaluation,0,0,0.6270002126693726,1,0.5510123372077942,False,1,0.0,0,"[0.217172, 0.158003, 0.189165, 0.199997, 0.235663]"
Actor,client,99,810,5,MR,H,evaluation,4,0,0.5838861465454102,0,0.6842027902603149,False,2,0.0,1,"[0.122806, 0.20757, 0.208632, 0.192396, 0.268596]"
Actor,client,99,830,5,MR,H,evaluation,4,0,0.4595600664615631,0,0.6842027902603149,False,1,0.0,0,"[0.057997, 0.121748, 0.175469, 0.354059, 0.290727]"
Actor,client,99,847,5,MR,H,evaluation,1,0,0.1770322024822235,0,0.5864935517311096,False,2,0.0,0,"[0.066329, 0.056012, 0.279664, 0.362366, 0.235628]"
Actor,client,99,849,5,MR,H,evaluation,0,0,0.389852374792099,0,0.5510123372077942,False,5,0.2,0,"[0.120862, 0.149145, 0.243295, 0.229401, 0.257298]"
Actor,client,99,865,5,MR,H,evaluation,3,0,0.48705971240997314,0,0.5564348697662354,False,0,,1,"[0.139611, 0.274507, 0.21551, 0.27499, 0.095382]"
Actor,client,99,878,5,MR,H,evaluation,2,0,0.4916527569293976,0,0.6948522925376892,False,2,0.0,1,"[0.139202, 0.207464, 0.24976, 0.248029, 0.155545]"
Actor,client,99,905,5,MR,H,evaluation,0,0,0.16623733937740326,0,0.5510123372077942,False,0,,0,"[0.066972, 0.35344, 0.36867, 0.116181, 0.094737]"
Actor,client,99,930,5,MR,H,evaluation,3,0,0.47609883546829224,0,0.5564348697662354,False,1,0.0,1,"[0.045381, 0.25942, 0.080984, 0.315742, 0.298473]"
Actor,client,99,931,5,MR,H,evaluation,0,0,0.3498622477054596,0,0.5510123372077942,False,1,0.0,0,"[0.117563, 0.204759, 0.186902, 0.259844, 0.230932]"
Actor,client,99,932,5,MR,H,evaluation,4,0,0.05251358076930046,0,0.6842027902603149,False,2,0.5,0,"[0.04712, 0.13076, 0.110032, 0.622537, 0.089551]"
Actor,client,99,954,5,MR,H,evaluation,1,0,0.4089713990688324,0,0.5864935517311096,False,1,0.0,0,"[0.16532, 0.157172, 0.169123, 0.279777, 0.228608]"
Actor,client,99,1026,5,MR,H,evaluation,3,0,0.5026823878288269,0,0.5564348697662354,False,1,1.0,1,"[0.07005, 0.272463, 0.088805, 0.326981, 0.241701]"
Actor,client,99,1095,5,MR,H,evaluation,3,0,0.3403124511241913,0,0.5564348697662354,False,2,0.5,0,"[0.109431, 0.277718, 0.170984, 0.181851, 0.260015]"
Actor,client,99,1143,5,MR,H,evaluation,0,0,0.5612772703170776,1,0.5510123372077942,False,0,,0,"[0.200695, 0.191143, 0.264243, 0.108392, 0.235527]"
Actor,client,99,1170,5,MR,H,evaluation,3,0,0.4097968339920044,0,0.5564348697662354,False,3,0.0,0,"[0.166841, 0.169741, 0.223711, 0.197479, 0.242228]"
Actor,client,99,1174,5,MR,H,evaluation,3,0,0.3853594958782196,0,0.5564348697662354,False,8,0.125,0,"[0.143066, 0.166276, 0.218312, 0.18781, 0.284536]"
Actor,client,99,1175,5,MR,H,evaluation,4,0,0.677609384059906,0,0.6842027902603149,False,0,,1,"[0.003443, 0.001335, 0.056755, 0.162113, 0.776354]"
Actor,client,99,1196,5,MR,H,evaluation,0,0,0.5318134427070618,0,0.5510123372077942,False,1,0.0,0,"[0.193296, 0.204128, 0.268378, 0.117404, 0.216795]"
Actor,client,99,1225,5,MR,H,evaluation,3,0,0.4386545419692993,0,0.5564348697662354,False,0,,0,"[0.13088, 0.347695, 0.14107, 0.260594, 0.11976]"
Actor,client,99,1231,5,MR,H,evaluation,4,0,0.5856230854988098,0,0.6842027902603149,False,1,0.0,0,"[0.32684, 0.118527, 0.152029, 0.140929, 0.261675]"
Actor,client,99,1243,5,MR,H,evaluation,4,0,0.6581666469573975,0,0.6842027902603149,False,1,0.0,1,"[0.097182, 0.172219, 0.166701, 0.203445, 0.360454]"
Actor,client,99,1260,5,MR,H,evaluation,4,0,0.3020261824131012,0,0.6842027902603149,False,0,,0,"[0.058513, 0.238126, 0.557187, 0.085725, 0.060448]"
Actor,client,99,1267,5,MR,H,evaluation,4,0,0.3570916950702667,0,0.6842027902603149,False,1,0.0,0,"[0.067082, 0.15567, 0.148723, 0.385695, 0.24283]"
Actor,client,99,1276,5,MR,H,evaluation,3,0,0.4089093506336212,0,0.5564348697662354,False,1,0.0,0,"[0.138607, 0.227974, 0.231306, 0.211493, 0.19062]"
Actor,client,99,1301,5,MR,H,evaluation,3,0,0.5406578779220581,0,0.5564348697662354,False,0,,1,"[0.099736, 0.224484, 0.124814, 0.334353, 0.216613]"
Actor,client,99,1333,5,MR,H,evaluation,1,0,0.28976476192474365,0,0.5864935517311096,False,1,0.0,0,"[0.116725, 0.108567, 0.166693, 0.342209, 0.265807]"
Actor,client,99,1339,5,MR,H,evaluation,4,0,0.5757933259010315,0,0.6842027902603149,False,3,0.3333333333333333,1,"[0.120836, 0.161126, 0.141665, 0.259645, 0.316729]"
Actor,client,99,1347,5,MR,H,evaluation,4,0,0.7170860171318054,1,0.6842027902603149,False,1,1.0,1,"[0.063144, 0.095647, 0.117004, 0.150942, 0.573263]"
Actor,client,99,1362,5,MR,H,evaluation,3,0,0.3700534403324127,0,0.5564348697662354,False,1,0.0,0,"[0.123165, 0.274804, 0.232602, 0.192122, 0.177307]"
Actor,client,99,1388,5,MR,H,evaluation,1,0,0.5144855976104736,0,0.5864935517311096,False,1,0.0,0,"[0.142837, 0.217245, 0.143011, 0.194221, 0.302686]"
Actor,client,99,1411,5,MR,H,evaluation,1,0,0.8224877715110779,1,0.5864935517311096,False,0,,1,"[0.148103, 0.372598, 0.199753, 0.158459, 0.121087]"
Actor,client,99,1424,5,MR,H,evaluation,4,0,0.6118329763412476,0,0.6842027902603149,False,3,0.0,1,"[0.223899, 0.106356, 0.108392, 0.209556, 0.351798]"
Actor,client,99,1463,5,MR,H,evaluation,3,0,0.41240397095680237,0,0.5564348697662354,False,2,0.0,0,"[0.130619, 0.178054, 0.202679, 0.215465, 0.273183]"
Actor,client,99,1483,5,MR,H,evaluation,1,0,0.5918872952461243,1,0.5864935517311096,False,0,,1,"[0.208931, 0.22811, 0.164191, 0.217691, 0.181077]"
Actor,client,99,1492,5,MR,H,evaluation,4,0,0.4856714606285095,0,0.6842027902603149,False,1,0.0,0,"[0.205713, 0.172365, 0.234118, 0.186198, 0.201605]"
Actor,client,99,1497,5,MR,H,evaluation,2,0,0.5161822438240051,0,0.6948522925376892,False,1,0.0,0,"[0.159711, 0.178442, 0.246738, 0.164275, 0.250835]"
Actor,client,99,1510,5,MR,H,evaluation,4,0,0.6022777557373047,0,0.6842027902603149,False,5,0.0,1,"[0.098372, 0.195413, 0.228694, 0.192818, 0.284703]"
Actor,client,99,1525,5,MR,H,evaluation,2,0,0.375088095664978,0,0.6948522925376892,False,2,0.5,0,"[0.065919, 0.299493, 0.178544, 0.238157, 0.217887]"
Actor,client,99,1533,5,MR,H,evaluation,3,0,0.486322820186615,0,0.5564348697662354,False,1,0.0,0,"[0.146137, 0.146106, 0.263044, 0.252394, 0.192319]"
Actor,client,99,1534,5,MR,H,evaluation,3,0,0.3666500151157379,0,0.5564348697662354,False,2,0.5,0,"[0.144551, 0.197196, 0.202393, 0.178252, 0.277608]"
Actor,client,99,1559,5,MR,H,evaluation,1,0,0.6147862076759338,1,0.5864935517311096,False,0,,0,"[0.193822, 0.249166, 0.273575, 0.172027, 0.111411]"
Actor,client,99,1564,5,MR,H,evaluation,2,0,0.45018115639686584,0,0.6948522925376892,False,2,0.0,0,"[0.134072, 0.138071, 0.21249, 0.176823, 0.338545]"
Actor,client,99,1580,5,MR,H,evaluation,4,0,0.5550413727760315,0,0.6842027902603149,False,2,0.0,1,"[0.137234, 0.169289, 0.226579, 0.206071, 0.260826]"
Actor,client,99,1597,5,MR,H,evaluation,4,0,0.4483823776245117,0,0.6842027902603149,False,2,0.5,0,"[0.126582, 0.161764, 0.204692, 0.274534, 0.232427]"
Actor,client,99,1632,5,MR,H,evaluation,0,0,0.4047904312610626,0,0.5510123372077942,False,1,0.0,0,"[0.145677, 0.223542, 0.223029, 0.167497, 0.240255]"
Actor,client,99,1639,5,MR,H,evaluation,4,0,0.4489944279193878,0,0.6842027902603149,False,1,0.0,0,"[0.17172, 0.207598, 0.174422, 0.237179, 0.209082]"
Actor,client,99,1647,5,MR,H,evaluation,1,0,0.5107954144477844,0,0.5864935517311096,False,1,0.0,0,"[0.168911, 0.211425, 0.276251, 0.185499, 0.157913]"
Actor,client,99,1654,5,MR,H,evaluation,2,0,0.48400354385375977,0,0.6948522925376892,False,1,0.0,0,"[0.097112, 0.053472, 0.240142, 0.246986, 0.362288]"
Actor,client,99,1665,5,MR,H,evaluation,1,0,0.8791049718856812,1,0.5864935517311096,False,0,,1,"[0.098498, 0.424329, 0.132405, 0.229448, 0.11532]"
Actor,client,99,1673,5,MR,H,evaluation,4,0,0.40585654973983765,0,0.6842027902603149,False,0,,0,"[0.059912, 0.150393, 0.238179, 0.31772, 0.233795]"
Actor,client,99,1690,5,MR,H,evaluation,3,0,0.3735796809196472,0,0.5564348697662354,False,3,0.3333333333333333,0,"[0.134408, 0.285682, 0.171576, 0.200086, 0.208248]"
Actor,client,99,1714,5,MR,H,evaluation,2,0,0.32257264852523804,0,0.6948522925376892,False,1,0.0,0,"[0.136232, 0.184733, 0.159546, 0.250273, 0.269215]"
Actor,client,99,1722,5,MR,H,evaluation,4,0,0.20461982488632202,0,0.6842027902603149,False,0,,0,"[0.001861, 0.005989, 0.031919, 0.67107, 0.28916]"
Actor,client,99,1743,5,MR,H,evaluation,2,0,0.45917809009552,0,0.6948522925376892,False,5,0.2,0,"[0.152292, 0.160671, 0.221955, 0.189179, 0.275903]"
Actor,client,99,1749,5,MR,H,evaluation,0,0,0.3068563640117645,0,0.5510123372077942,False,3,0.0,0,"[0.072018, 0.131142, 0.143996, 0.27604, 0.376804]"
Actor,client,99,1772,5,MR,H,evaluation,4,0,0.4257683753967285,0,0.6842027902603149,False,0,,0,"[0.142843, 0.136772, 0.208147, 0.286159, 0.226079]"
Actor,client,99,1780,5,MR,H,evaluation,3,0,0.4525238871574402,0,0.5564348697662354,False,0,,0,"[0.047483, 0.076745, 0.462326, 0.229374, 0.184072]"
Actor,client,99,1786,5,MR,H,evaluation,2,0,0.26646146178245544,0,0.6948522925376892,False,0,,0,"[0.050583, 0.187706, 0.149734, 0.414095, 0.197882]"
Actor,client,99,1797,5,MR,H,evaluation,3,0,0.9181253910064697,1,0.5564348697662354,False,0,,1,"[0.003087, 0.007322, 0.02162, 0.840644, 0.127327]"
Actor,client,99,1833,5,MR,H,evaluation,3,0,0.4120160937309265,0,0.5564348697662354,False,0,,0,"[0.155117, 0.208035, 0.212292, 0.208563, 0.215993]"
Actor,client,99,1848,5,MR,H,evaluation,1,0,0.5517436265945435,0,0.5864935517311096,False,1,0.0,0,"[0.123729, 0.225272, 0.170297, 0.279453, 0.20125]"
Actor,client,99,1868,5,MR,H,evaluation,3,0,0.4472077488899231,0,0.5564348697662354,False,1,0.0,0,"[0.317783, 0.185832, 0.181235, 0.180135, 0.135015]"
Actor,client,99,1886,5,MR,H,evaluation,2,0,0.5842487812042236,0,0.6948522925376892,False,3,0.3333333333333333,1,"[0.120132, 0.196959, 0.280939, 0.18043, 0.22154]"
Actor,client,99,1892,5,MR,H,evaluation,1,0,0.503082811832428,0,0.5864935517311096,False,0,,0,"[0.155117, 0.208035, 0.212292, 0.208563, 0.215993]"
Actor,client,99,1909,5,MR,H,evaluation,2,0,0.4757333993911743,0,0.6948522925376892,False,7,0.14285714285714285,1,"[0.167236, 0.198024, 0.231535, 0.185404, 0.217802]"
Actor,client,99,1936,5,MR,H,evaluation,3,0,0.5412595868110657,0,0.5564348697662354,False,0,,0,"[0.111068, 0.038725, 0.366751, 0.279588, 0.203868]"
Actor,client,99,1994,5,MR,H,evaluation,1,0,0.30233070254325867,0,0.5864935517311096,False,0,,0,"[0.189696, 0.117429, 0.329612, 0.201003, 0.162259]"
Actor,client,99,2034,5,MR,H,evaluation,4,0,0.2374580204486847,0,0.6842027902603149,False,2,0.0,0,"[0.178505, 0.141822, 0.161757, 0.363505, 0.15441]"
Actor,client,99,2058,5,MR,H,evaluation,0,0,0.4692397117614746,0,0.5510123372077942,False,9,0.0,0,"[0.152924, 0.157893, 0.214078, 0.195149, 0.279956]"
Actor,client,99,2090,5,MR,H,evaluation,0,0,0.4480057954788208,0,0.5510123372077942,False,1,0.0,0,"[0.166497, 0.233259, 0.204823, 0.189367, 0.206054]"
Actor,client,99,2098,5,MR,H,evaluation,4,0,0.6525596380233765,0,0.6842027902603149,False,4,0.0,1,"[0.076852, 0.252624, 0.131245, 0.208971, 0.330308]"
Actor,client,99,2105,5,MR,H,evaluation,0,0,0.5531786680221558,1,0.5510123372077942,False,1,0.0,0,"[0.198176, 0.20026, 0.204747, 0.161717, 0.235101]"
Actor,client,99,2110,5,MR,H,evaluation,2,0,0.5182527303695679,0,0.6948522925376892,False,0,,0,"[0.151483, 0.128887, 0.277093, 0.307201, 0.135337]"
Actor,client,99,2128,5,MR,H,evaluation,0,0,0.20314906537532806,0,0.5510123372077942,False,0,,0,"[0.040341, 0.187097, 0.245016, 0.280671, 0.246875]"
Actor,client,99,2137,5,MR,H,evaluation,1,0,0.34514036774635315,0,0.5864935517311096,False,0,,0,"[0.156608, 0.136761, 0.276693, 0.258482, 0.171457]"
Actor,client,99,2180,5,MR,H,evaluation,4,0,0.5613052248954773,0,0.6842027902603149,False,1,0.0,1,"[0.120074, 0.162318, 0.201316, 0.232305, 0.283987]"
Actor,client,99,2191,5,MR,H,evaluation,1,0,0.6603744029998779,1,0.5864935517311096,False,0,,1,"[0.122038, 0.297844, 0.198154, 0.101833, 0.280131]"
Actor,client,99,2195,5,MR,H,evaluation,4,0,0.5283243060112,0,0.6842027902603149,False,0,,1,"[0.058278, 0.048278, 0.088873, 0.395731, 0.40884]"
Actor,client,99,2204,5,MR,H,evaluation,1,0,0.4303968548774719,0,0.5864935517311096,False,2,0.0,0,"[0.268613, 0.15275, 0.151475, 0.180422, 0.24674]"
Actor,client,99,2207,5,MR,H,evaluation,4,0,0.25306010246276855,0,0.6842027902603149,False,0,,0,"[0.140211, 0.217271, 0.203884, 0.301128, 0.137506]"
Actor,client,99,2217,5,MR,H,evaluation,4,0,0.07817718386650085,0,0.6842027902603149,False,0,,0,"[0.068086, 0.069043, 0.232971, 0.535286, 0.094614]"
Actor,client,99,2225,5,MR,H,evaluation,2,0,0.4069318473339081,0,0.6948522925376892,False,1,1.0,0,"[0.159264, 0.181134, 0.217425, 0.291251, 0.150926]"
Actor,client,99,2298,5,MR,H,evaluation,1,0,0.27060577273368835,0,0.5864935517311096,False,0,,0,"[0.171925, 0.092213, 0.187989, 0.291408, 0.256463]"
Actor,client,99,2304,5,MR,H,evaluation,4,0,0.5075632929801941,0,0.6842027902603149,False,1,0.0,1,"[0.16024, 0.157768, 0.175674, 0.250097, 0.256222]"
Actor,client,99,2319,5,MR,H,evaluation,2,0,0.46598324179649353,0,0.6948522925376892,False,2,1.0,0,"[0.149396, 0.203268, 0.2216, 0.17197, 0.253767]"
Actor,client,99,2333,5,MR,H,evaluation,4,0,0.3755398094654083,0,0.6842027902603149,False,2,0.0,0,"[0.154236, 0.238602, 0.269167, 0.19122, 0.146776]"
Actor,client,99,2335,5,MR,H,evaluation,3,0,0.37565553188323975,0,0.5564348697662354,False,1,0.0,0,"[0.086149, 0.198722, 0.358554, 0.184983, 0.171592]"
Actor,client,99,2387,5,MR,H,evaluation,4,0,0.6888840794563293,1,0.6842027902603149,False,0,,1,"[0.038624, 0.110794, 0.334598, 0.142649, 0.373334]"
Actor,client,99,2412,5,MR,H,evaluation,4,0,0.4898073375225067,0,0.6842027902603149,False,8,0.5,0,"[0.126506, 0.186412, 0.201104, 0.246094, 0.239884]"
Actor,client,99,2418,5,MR,H,evaluation,3,0,0.450764924287796,0,0.5564348697662354,False,1,1.0,0,"[0.062102, 0.152263, 0.227429, 0.261071, 0.297135]"
Actor,client,99,2434,5,MR,H,evaluation,1,0,0.4324820637702942,0,0.5864935517311096,False,1,0.0,0,"[0.138377, 0.191539, 0.276365, 0.160811, 0.232908]"
Actor,client,99,2448,5,MR,H,evaluation,3,0,0.32024940848350525,0,0.5564348697662354,False,0,,0,"[0.134859, 0.131152, 0.342774, 0.119668, 0.271547]"
Actor,client,99,2455,5,MR,H,evaluation,3,0,0.4950810968875885,0,0.5564348697662354,False,3,0.0,0,"[0.095415, 0.073732, 0.194709, 0.277553, 0.358592]"
Actor,client,99,2501,5,MR,H,evaluation,4,0,0.39160120487213135,0,0.6842027902603149,False,1,0.0,0,"[0.280875, 0.196218, 0.189314, 0.186964, 0.146629]"
Actor,client,99,2504,5,MR,H,evaluation,0,0,0.4852067530155182,0,0.5510123372077942,False,1,0.0,0,"[0.182849, 0.228765, 0.223394, 0.2086, 0.156392]"
Actor,client,99,2515,5,MR,H,evaluation,2,0,0.3526281714439392,0,0.6948522925376892,False,2,0.0,0,"[0.08449, 0.106771, 0.154303, 0.17481, 0.479626]"
Actor,client,99,2519,5,MR,H,evaluation,4,0,0.6984024047851562,1,0.6842027902603149,False,0,,1,"[0.012993, 0.146703, 0.232755, 0.190111, 0.417438]"
Actor,client,99,2529,5,MR,H,evaluation,4,0,0.6697742342948914,0,0.6842027902603149,False,2,0.5,1,"[0.121322, 0.154519, 0.166987, 0.183646, 0.373526]"
Actor,client,99,2536,5,MR,H,evaluation,3,0,0.46468040347099304,0,0.5564348697662354,False,1,0.0,1,"[0.170017, 0.185557, 0.234192, 0.236523, 0.173711]"
Actor,client,99,2545,5,MR,H,evaluation,3,0,0.38766637444496155,0,0.5564348697662354,False,2,0.0,0,"[0.136384, 0.174585, 0.267781, 0.186231, 0.235019]"
Actor,client,99,2563,5,MR,H,evaluation,4,0,0.48320573568344116,0,0.6842027902603149,False,2,0.5,0,"[0.153087, 0.16629, 0.198721, 0.245561, 0.236341]"
Actor,client,99,2564,5,MR,H,evaluation,3,0,0.44496414065361023,0,0.5564348697662354,False,3,0.0,0,"[0.108836, 0.152843, 0.112126, 0.255982, 0.370214]"
Actor,client,99,2586,5,MR,H,evaluation,1,0,0.36926060914993286,0,0.5864935517311096,False,0,,0,"[0.130176, 0.167459, 0.321614, 0.164789, 0.21596]"
Actor,client,99,2591,5,MR,H,evaluation,1,0,0.3697396218776703,0,0.5864935517311096,False,0,,0,"[0.123686, 0.164294, 0.311498, 0.200368, 0.200155]"
Actor,client,99,2595,5,MR,H,evaluation,3,0,0.3298355042934418,0,0.5564348697662354,False,0,,0,"[0.118112, 0.269184, 0.376599, 0.142574, 0.093531]"
Actor,client,99,2616,5,MR,H,evaluation,4,0,0.6054524779319763,0,0.6842027902603149,False,2,0.0,0,"[0.161936, 0.177968, 0.303509, 0.116613, 0.239974]"
Actor,client,99,2661,5,MR,H,evaluation,0,0,0.3190171420574188,0,0.5510123372077942,False,2,0.0,0,"[0.066907, 0.099786, 0.077983, 0.359046, 0.396278]"
Actor,client,99,2664,5,MR,H,evaluation,2,0,0.4887504577636719,0,0.6948522925376892,False,2,0.5,1,"[0.203815, 0.181275, 0.243218, 0.188989, 0.182702]"
Actor,client,99,2678,5,MR,H,evaluation,4,0,0.4691469967365265,0,0.6842027902603149,False,3,0.3333333333333333,0,"[0.087263, 0.218425, 0.255667, 0.223758, 0.214886]"
Actor,client,99,2724,5,MR,H,evaluation,3,0,0.37441471219062805,0,0.5564348697662354,False,2,0.0,0,"[0.182573, 0.16442, 0.214991, 0.166152, 0.271864]"
Actor,client,99,2742,5,MR,H,evaluation,1,0,0.6899341940879822,1,0.5864935517311096,False,0,,1,"[0.127163, 0.300514, 0.286025, 0.170906, 0.115392]"
Actor,client,99,2754,5,MR,H,evaluation,4,0,0.3734067678451538,0,0.6842027902603149,False,1,1.0,0,"[0.115462, 0.258673, 0.150711, 0.280432, 0.194722]"
Actor,client,99,2771,5,MR,H,evaluation,2,0,0.4731253683567047,0,0.6948522925376892,False,1,0.0,0,"[0.164737, 0.244111, 0.232171, 0.19516, 0.163821]"
Actor,client,99,2775,5,MR,H,evaluation,4,0,0.4369998872280121,0,0.6842027902603149,False,9,0.1111111111111111,0,"[0.090268, 0.108137, 0.185455, 0.345404, 0.270737]"
Actor,client,99,2786,5,MR,H,evaluation,0,0,0.2708345651626587,0,0.5510123372077942,False,0,,0,"[0.084394, 0.245128, 0.114413, 0.224479, 0.331586]"
Actor,client,99,2789,5,MR,H,evaluation,4,0,0.2998855412006378,0,0.6842027902603149,False,1,0.0,0,"[0.078232, 0.180774, 0.234876, 0.326848, 0.17927]"
Actor,client,99,2791,5,MR,H,evaluation,3,0,0.533204972743988,0,0.5564348697662354,False,1,0.0,1,"[0.032712, 0.189064, 0.215436, 0.335965, 0.226823]"
Actor,client,99,2793,5,MR,H,evaluation,3,0,0.4839569330215454,0,0.5564348697662354,False,1,0.0,1,"[0.086182, 0.162728, 0.243605, 0.275595, 0.23189]"
Actor,client,99,2796,5,MR,H,evaluation,3,0,0.8254073858261108,1,0.5564348697662354,False,0,,1,"[0.030313, 0.084452, 0.141398, 0.61195, 0.131887]"
Actor,client,99,2800,5,MR,H,evaluation,0,0,0.36647436022758484,0,0.5510123372077942,False,0,,0,"[0.124445, 0.159382, 0.395795, 0.206851, 0.113527]"
Actor,client,99,2828,5,MR,H,evaluation,2,0,0.6110740303993225,0,0.6948522925376892,False,2,0.0,1,"[0.106891, 0.248378, 0.29909, 0.203581, 0.14206]"
Actor,client,99,2860,5,MR,H,evaluation,2,0,0.3606956899166107,0,0.6948522925376892,False,4,0.0,0,"[0.081318, 0.197984, 0.162761, 0.193581, 0.364355]"
Actor,client,99,2867,5,MR,H,evaluation,3,0,0.7613822221755981,1,0.5564348697662354,False,0,,1,"[0.159323, 0.053559, 0.183962, 0.475592, 0.127564]"
Actor,client,99,2876,5,MR,H,evaluation,3,0,0.2748965322971344,0,0.5564348697662354,False,0,,0,"[0.110512, 0.079674, 0.029577, 0.123377, 0.65686]"
Actor,client,99,2900,5,MR,H,evaluation,1,0,0.5117802619934082,0,0.5864935517311096,False,2,0.5,0,"[0.149704, 0.207355, 0.22261, 0.248807, 0.171525]"
Actor,client,99,2901,5,MR,H,evaluation,1,0,0.3204669654369354,0,0.5864935517311096,False,0,,0,"[0.162239, 0.126135, 0.251528, 0.242655, 0.217444]"
Actor,client,99,2905,5,MR,H,evaluation,0,0,0.301115483045578,0,0.5510123372077942,False,2,0.0,0,"[0.007769, 0.003423, 0.00793, 0.077143, 0.903735]"
Actor,client,99,2908,5,MR,H,evaluation,3,0,0.38985729217529297,0,0.5564348697662354,False,0,,0,"[0.088642, 0.126961, 0.27512, 0.198548, 0.31073]"
Actor,client,99,2934,5,MR,H,evaluation,0,0,0.36593109369277954,0,0.5510123372077942,False,1,0.0,0,"[0.135886, 0.234053, 0.229244, 0.234916, 0.165901]"
Actor,client,99,2936,5,MR,H,evaluation,3,0,0.391609787940979,0,0.5564348697662354,False,4,0.25,0,"[0.123662, 0.187618, 0.189118, 0.20516, 0.294443]"
Actor,client,99,2937,5,MR,H,evaluation,2,0,0.35542771220207214,0,0.6948522925376892,False,2,1.0,0,"[0.056604, 0.140024, 0.209317, 0.440518, 0.153537]"
Actor,client,99,2940,5,MR,H,evaluation,0,0,0.32912683486938477,0,0.5510123372077942,False,1,0.0,0,"[0.116883, 0.226492, 0.21692, 0.255365, 0.18434]"
Actor,client,99,2967,5,MR,H,evaluation,4,0,0.5408116579055786,0,0.6842027902603149,False,5,0.2,1,"[0.098832, 0.086215, 0.223374, 0.278297, 0.313283]"
Actor,client,99,3013,5,MR,H,evaluation,3,0,0.3645623028278351,0,0.5564348697662354,False,1,0.0,0,"[0.185786, 0.295366, 0.151911, 0.179029, 0.187908]"
Actor,client,99,93,8,MR,H,evaluation,1,0,0.33168041706085205,0,0.5864935517311096,False,5,0.4,0,"[0.184381, 0.124, 0.204744, 0.249068, 0.237807]"
Actor,client,99,281,8,MR,H,evaluation,2,0,0.38361114263534546,0,0.6948522925376892,False,1,1.0,0,"[0.147253, 0.201826, 0.183086, 0.194402, 0.273434]"
Actor,client,99,477,8,MR,H,evaluation,4,0,0.5353966951370239,0,0.6842027902603149,False,1,0.0,0,"[0.176957, 0.238667, 0.201494, 0.165874, 0.217008]"
Actor,client,99,553,8,MR,H,evaluation,4,0,0.5224549174308777,0,0.6842027902603149,False,2,0.5,0,"[0.166844, 0.198713, 0.250219, 0.170338, 0.213886]"
Actor,client,99,585,8,MR,H,evaluation,0,0,0.4504181146621704,0,0.5510123372077942,False,0,,0,"[0.117592, 0.095739, 0.141562, 0.138554, 0.506553]"
Actor,client,99,638,8,MR,H,evaluation,1,0,0.4743254780769348,0,0.5864935517311096,False,1,0.0,0,"[0.098458, 0.202354, 0.216362, 0.272629, 0.210197]"
Actor,client,99,874,8,MR,H,evaluation,4,0,0.48458409309387207,0,0.6842027902603149,False,1,1.0,0,"[0.103044, 0.189829, 0.265796, 0.219768, 0.221563]"
Actor,client,99,1271,8,MR,H,evaluation,3,0,0.39436906576156616,0,0.5564348697662354,False,3,0.0,0,"[0.167345, 0.163011, 0.273179, 0.178713, 0.217751]"
Actor,client,99,1331,8,MR,H,evaluation,4,0,0.4394095838069916,0,0.6842027902603149,False,0,,0,"[0.172752, 0.154141, 0.307787, 0.188227, 0.177093]"
Actor,client,99,1419,8,MR,H,evaluation,4,0,0.40844935178756714,0,0.6842027902603149,False,1,0.0,0,"[0.094711, 0.1597, 0.187263, 0.321816, 0.23651]"
Actor,client,99,1501,8,MR,H,evaluation,4,0,0.5793206095695496,0,0.6842027902603149,False,1,1.0,1,"[0.107929, 0.150893, 0.243342, 0.21154, 0.286296]"
Actor,client,99,1509,8,MR,H,evaluation,4,0,0.5798519253730774,0,0.6842027902603149,False,0,,1,"[0.058549, 0.00747, 0.169084, 0.315295, 0.449602]"
Actor,client,99,1546,8,MR,H,evaluation,4,0,0.3128848075866699,0,0.6842027902603149,False,0,,0,"[0.098393, 0.32789, 0.301981, 0.163939, 0.107798]"
Actor,client,99,1758,8,MR,H,evaluation,4,0,0.7417755126953125,1,0.6842027902603149,False,3,0.0,1,"[0.128452, 0.195989, 0.079858, 0.1332, 0.462501]"
Actor,client,99,1814,8,MR,H,evaluation,4,0,0.46403825283050537,0,0.6842027902603149,False,2,0.0,0,"[0.083191, 0.188853, 0.204088, 0.279457, 0.244411]"
Actor,client,99,1959,8,MR,H,evaluation,2,0,0.5184095501899719,0,0.6948522925376892,False,4,0.0,1,"[0.164602, 0.176555, 0.260753, 0.221896, 0.176194]"
Actor,client,99,2121,8,MR,H,evaluation,2,0,0.4357464611530304,0,0.6948522925376892,False,1,0.0,0,"[0.189968, 0.171885, 0.216962, 0.201518, 0.219666]"
Actor,client,99,2246,8,MR,H,evaluation,3,0,0.4155854284763336,0,0.5564348697662354,False,5,0.4,0,"[0.221072, 0.192657, 0.21513, 0.186548, 0.184593]"
Actor,client,99,2309,8,MR,H,evaluation,3,0,0.3295447528362274,0,0.5564348697662354,False,0,,0,"[0.109373, 0.316141, 0.062456, 0.191051, 0.32098]"
Actor,client,99,2408,8,MR,H,evaluation,4,0,0.5394726991653442,0,0.6842027902603149,False,1,0.0,1,"[0.011729, 0.047203, 0.089543, 0.413904, 0.437621]"
Actor,client,99,2410,8,MR,H,evaluation,3,0,0.31360211968421936,0,0.5564348697662354,False,2,0.0,0,"[0.13329, 0.357973, 0.18051, 0.158492, 0.169734]"
Actor,client,99,2521,8,MR,H,evaluation,3,0,0.37266045808792114,0,0.5564348697662354,False,0,,0,"[0.106131, 0.297021, 0.226257, 0.203061, 0.16753]"
Actor,client,99,2588,8,MR,H,evaluation,4,0,0.5210320353507996,0,0.6842027902603149,False,1,0.0,1,"[0.147984, 0.217678, 0.15251, 0.232515, 0.249313]"
Actor,client,99,2719,8,MR,H,evaluation,2,0,0.35148319602012634,0,0.6948522925376892,False,2,0.0,0,"[0.135522, 0.237616, 0.185877, 0.29678, 0.144206]"
Actor,client,99,2972,8,MR,H,evaluation,2,0,0.42764464020729065,0,0.6948522925376892,False,3,0.3333333333333333,0,"[0.176105, 0.255678, 0.208651, 0.188603, 0.170963]"
Actor,client,99,3007,8,MR,H,evaluation,1,0,0.11664166301488876,0,0.5864935517311096,False,2,0.0,0,"[0.013362, 0.047826, 0.027623, 0.105861, 0.805329]"
Actor,client,99,3735,8,MR,H,evaluation,2,0,0.5296956896781921,0,0.6948522925376892,False,2,0.0,1,"[0.140475, 0.23175, 0.260674, 0.206477, 0.160624]"
Actor,client,99,3742,8,MR,H,evaluation,4,0,0.4408296048641205,0,0.6842027902603149,False,1,0.0,0,"[0.121195, 0.183908, 0.235898, 0.247128, 0.211872]"
Actor,client,99,3853,8,MR,H,evaluation,4,0,0.5848222374916077,0,0.6842027902603149,False,1,0.0,1,"[0.216909, 0.189801, 0.20826, 0.14367, 0.24136]"
Actor,client,99,3979,8,MR,H,evaluation,3,0,0.479137659072876,0,0.5564348697662354,False,1,0.0,1,"[0.06471, 0.211989, 0.225441, 0.287043, 0.210817]"
Actor,client,99,4051,8,MR,H,evaluation,0,0,0.240909606218338,0,0.5510123372077942,False,1,0.0,0,"[0.098795, 0.323281, 0.205385, 0.212316, 0.160223]"
Actor,client,99,4175,8,MR,H,evaluation,1,0,0.3950439691543579,0,0.5864935517311096,False,1,0.0,0,"[0.171164, 0.145171, 0.225233, 0.319373, 0.139058]"
Actor,client,99,4293,8,MR,H,evaluation,1,0,0.46061092615127563,0,0.5864935517311096,False,0,,0,"[0.075288, 0.22184, 0.297177, 0.144164, 0.261531]"
Actor,client,99,4430,8,MR,H,evaluation,4,0,0.5025688409805298,0,0.6842027902603149,False,2,0.0,0,"[0.170117, 0.210295, 0.236969, 0.177198, 0.205421]"
Actor,client,99,4620,8,MR,H,evaluation,1,0,0.4126323163509369,0,0.5864935517311096,False,6,0.16666666666666666,0,"[0.130157, 0.180315, 0.230907, 0.194967, 0.263653]"
Actor,client,99,4945,8,MR,H,evaluation,4,0,0.48998111486434937,0,0.6842027902603149,False,0,,0,"[0.091607, 0.138193, 0.230471, 0.277212, 0.262517]"
Actor,client,99,5061,8,MR,H,evaluation,3,0,0.42602792382240295,0,0.5564348697662354,False,1,0.0,0,"[0.155132, 0.209552, 0.178973, 0.223385, 0.232958]"
Actor,client,99,5111,8,MR,H,evaluation,4,0,0.5128222703933716,0,0.6842027902603149,False,3,0.0,0,"[0.176707, 0.159485, 0.263552, 0.182635, 0.217621]"
Actor,client,99,5269,8,MR,H,evaluation,3,0,0.7683493494987488,1,0.5564348697662354,False,0,,1,"[0.094527, 0.221493, 0.019726, 0.550344, 0.11391]"
Actor,client,99,5318,8,MR,H,evaluation,0,0,0.6120554804801941,1,0.5510123372077942,False,2,0.0,0,"[0.215827, 0.162733, 0.260955, 0.162063, 0.198422]"
Actor,client,99,5377,8,MR,H,evaluation,3,0,0.3957081735134125,0,0.5564348697662354,False,0,,0,"[0.206879, 0.11504, 0.379484, 0.147348, 0.151249]"
Actor,client,99,5381,8,MR,H,evaluation,2,0,0.37300005555152893,0,0.6948522925376892,False,1,0.0,0,"[0.123122, 0.257766, 0.175634, 0.198925, 0.244553]"
Actor,client,99,5469,8,MR,H,evaluation,1,0,0.293434739112854,0,0.5864935517311096,False,1,0.0,0,"[0.205984, 0.102585, 0.21446, 0.236563, 0.240407]"
Actor,client,99,5814,8,MR,H,evaluation,2,0,0.48663389682769775,0,0.6948522925376892,False,2,0.0,0,"[0.150861, 0.221519, 0.229914, 0.160238, 0.237468]"
Actor,client,99,5870,8,MR,H,evaluation,2,0,0.549822211265564,0,0.6948522925376892,False,3,0.3333333333333333,1,"[0.172959, 0.163064, 0.268579, 0.178384, 0.217014]"
Actor,client,99,6164,8,MR,H,evaluation,1,0,0.12134195864200592,0,0.5864935517311096,False,2,0.0,0,"[0.074967, 0.042007, 0.297569, 0.110719, 0.474739]"
Actor,client,99,6233,8,MR,H,evaluation,4,0,0.605692446231842,0,0.6842027902603149,False,2,0.5,1,"[0.153294, 0.172111, 0.195544, 0.187803, 0.291249]"
Actor,client,99,6676,8,MR,H,evaluation,1,0,0.4565693736076355,0,0.5864935517311096,False,4,0.25,0,"[0.149928, 0.186585, 0.169263, 0.235672, 0.258553]"
Actor,client,99,6698,8,MR,H,evaluation,2,0,0.3916630744934082,0,0.6948522925376892,False,1,1.0,0,"[0.076769, 0.216016, 0.18217, 0.208051, 0.316993]"
Actor,client,99,6844,8,MR,H,evaluation,0,0,0.5000162720680237,0,0.5510123372077942,False,1,0.0,0,"[0.186536, 0.219253, 0.256623, 0.167884, 0.169704]"
Actor,client,99,6858,8,MR,H,evaluation,2,0,0.5488353967666626,0,0.6948522925376892,False,2,1.0,0,"[0.150251, 0.306524, 0.243087, 0.070287, 0.229851]"
Actor,client,99,7119,8,MR,H,evaluation,3,0,0.39496609568595886,0,0.5564348697662354,False,2,0.0,0,"[0.103977, 0.235451, 0.184618, 0.219912, 0.256042]"
Actor,client,99,7182,8,MR,H,evaluation,4,0,0.37844035029411316,0,0.6842027902603149,False,3,0.0,0,"[0.122809, 0.229124, 0.278123, 0.210467, 0.159477]"
Actor,client,99,7230,8,MR,H,evaluation,2,0,0.4365299344062805,0,0.6948522925376892,False,1,0.0,0,"[0.216909, 0.189801, 0.20826, 0.14367, 0.24136]"
Actor,client,99,7253,8,MR,H,evaluation,4,0,0.19758915901184082,0,0.6842027902603149,False,1,0.0,0,"[0.087049, 0.086016, 0.113459, 0.510265, 0.20321]"
Actor,client,99,7354,8,MR,H,evaluation,4,0,0.4212993383407593,0,0.6842027902603149,False,1,0.0,0,"[0.175371, 0.187913, 0.200521, 0.240522, 0.195673]"
Actor,client,99,7519,8,MR,H,evaluation,3,0,0.444730281829834,0,0.5564348697662354,False,1,0.0,0,"[0.118031, 0.142656, 0.224183, 0.236912, 0.278218]"
Actor,client,99,7586,8,MR,H,evaluation,1,0,0.22940827906131744,0,0.5864935517311096,False,3,0.6666666666666666,0,"[0.072033, 0.106489, 0.203596, 0.213865, 0.404018]"
Actor,client,99,272,8,MR,H,evaluation,2,0,0.18303155899047852,0,0.6948522925376892,False,1,0.0,0,"[0.055324, 0.055245, 0.041245, 0.204798, 0.643387]"
Actor,client,99,448,8,MR,H,evaluation,1,0,0.4368378818035126,0,0.5864935517311096,False,5,0.4,0,"[0.028278, 0.211436, 0.340361, 0.240042, 0.179884]"
Actor,client,99,567,8,MR,H,evaluation,0,0,0.4647357165813446,0,0.5510123372077942,False,0,,0,"[0.18525, 0.25548, 0.263127, 0.197119, 0.099023]"
Actor,client,99,665,8,MR,H,evaluation,3,0,0.39978644251823425,0,0.5564348697662354,False,2,1.0,0,"[0.058998, 0.280247, 0.204336, 0.240963, 0.215456]"
Actor,client,99,1037,8,MR,H,evaluation,3,0,0.5503543019294739,0,0.5564348697662354,False,4,0.25,1,"[0.040475, 0.183804, 0.082592, 0.363004, 0.330125]"
Actor,client,99,1094,8,MR,H,evaluation,1,0,0.42505770921707153,0,0.5864935517311096,False,1,0.0,0,"[0.134209, 0.178353, 0.195679, 0.234913, 0.256846]"
Actor,client,99,1210,8,MR,H,evaluation,2,0,0.5722626447677612,0,0.6948522925376892,False,0,,1,"[0.195209, 0.15681, 0.288783, 0.20559, 0.153607]"
Actor,client,99,1593,8,MR,H,evaluation,3,0,0.5185460448265076,0,0.5564348697662354,False,4,0.25,0,"[0.074494, 0.139817, 0.145336, 0.314987, 0.325365]"
Actor,client,99,1628,8,MR,H,evaluation,4,0,0.6597157716751099,0,0.6842027902603149,False,2,0.0,1,"[0.032747, 0.070112, 0.087478, 0.262789, 0.546874]"
Actor,client,99,2066,8,MR,H,evaluation,2,0,0.621187150478363,0,0.6948522925376892,False,2,0.0,1,"[0.093437, 0.219025, 0.312255, 0.247668, 0.127617]"
Actor,client,99,2312,8,MR,H,evaluation,2,0,0.3542178273200989,0,0.6948522925376892,False,1,0.0,0,"[0.196383, 0.243082, 0.185444, 0.254492, 0.120598]"
Actor,client,99,2498,8,MR,H,evaluation,2,0,0.31690704822540283,0,0.6948522925376892,False,2,0.5,0,"[0.183954, 0.254435, 0.172572, 0.301986, 0.087053]"
Actor,client,99,2679,8,MR,H,evaluation,4,0,0.6024566888809204,0,0.6842027902603149,False,0,,1,"[0.027147, 0.048965, 0.220394, 0.288544, 0.41495]"
Actor,client,99,3059,8,MR,H,evaluation,4,0,0.5023038387298584,0,0.6842027902603149,False,1,1.0,1,"[0.144126, 0.107219, 0.221779, 0.261429, 0.265448]"
Actor,client,99,3263,8,MR,H,evaluation,4,0,0.04201289266347885,0,0.6842027902603149,False,0,,0,"[0.094983, 0.143887, 0.132976, 0.591247, 0.036906]"
Actor,client,99,3522,8,MR,H,evaluation,1,0,0.6183185577392578,1,0.5864935517311096,False,0,,0,"[0.171798, 0.259216, 0.310163, 0.154818, 0.104005]"
Actor,client,99,3558,8,MR,H,evaluation,2,0,0.3573702275753021,0,0.6948522925376892,False,1,1.0,0,"[0.148851, 0.120745, 0.18301, 0.26151, 0.285883]"
Actor,client,99,3599,8,MR,H,evaluation,3,0,0.47785377502441406,0,0.5564348697662354,False,1,1.0,1,"[0.190143, 0.175223, 0.185164, 0.244465, 0.205004]"
Actor,client,99,3751,8,MR,H,evaluation,1,0,0.45767396688461304,0,0.5864935517311096,False,0,,0,"[0.141236, 0.197412, 0.114552, 0.175338, 0.371463]"
Actor,client,99,3885,8,MR,H,evaluation,2,0,0.46483463048934937,0,0.6948522925376892,False,2,0.5,1,"[0.162391, 0.164476, 0.234163, 0.227231, 0.21174]"
Actor,client,99,3977,8,MR,H,evaluation,4,0,0.5516778826713562,0,0.6842027902603149,False,4,0.5,1,"[0.040754, 0.097303, 0.248733, 0.288299, 0.32491]"
Actor,client,99,4023,8,MR,H,evaluation,4,0,0.6603946685791016,0,0.6842027902603149,False,1,0.0,1,"[0.00886, 0.049117, 0.096583, 0.258237, 0.587203]"
Actor,client,99,4342,8,MR,H,evaluation,4,0,0.4756634533405304,0,0.6842027902603149,False,0,,0,"[0.147687, 0.120204, 0.112042, 0.330965, 0.289101]"
Actor,client,99,4634,8,MR,H,evaluation,3,0,0.5300899744033813,0,0.5564348697662354,False,1,0.0,1,"[0.167424, 0.242734, 0.173127, 0.298922, 0.117794]"
Actor,client,99,4638,8,MR,H,evaluation,4,0,0.3200513422489166,0,0.6842027902603149,False,4,0.0,0,"[0.102307, 0.263355, 0.25185, 0.236895, 0.145593]"
Actor,client,99,4708,8,MR,H,evaluation,1,0,0.42816004157066345,0,0.5864935517311096,False,4,0.25,0,"[0.077864, 0.182313, 0.265507, 0.325995, 0.148321]"
Actor,client,99,5004,8,MR,H,evaluation,2,0,0.31527116894721985,0,0.6948522925376892,False,0,,0,"[0.040816, 0.150125, 0.185521, 0.445199, 0.178339]"
Actor,client,99,5121,8,MR,H,evaluation,0,0,0.39850911498069763,0,0.5510123372077942,False,1,0.0,0,"[0.126997, 0.170501, 0.167475, 0.263806, 0.271221]"
Actor,client,99,5125,8,MR,H,evaluation,4,0,0.5436114072799683,0,0.6842027902603149,False,1,0.0,1,"[0.160077, 0.130126, 0.206206, 0.229469, 0.274122]"
Actor,client,99,5863,8,MR,H,evaluation,3,0,0.5682685375213623,1,0.5564348697662354,False,1,0.0,1,"[0.100554, 0.101076, 0.115828, 0.342112, 0.34043]"
Actor,client,99,5873,8,MR,H,evaluation,1,0,0.5602636337280273,0,0.5864935517311096,False,1,0.0,0,"[0.272666, 0.208961, 0.186771, 0.145386, 0.186216]"
Actor,client,99,5885,8,MR,H,evaluation,4,0,0.40871044993400574,0,0.6842027902603149,False,1,0.0,0,"[0.061209, 0.198755, 0.042833, 0.410438, 0.286765]"
Actor,client,99,5983,8,MR,H,evaluation,4,0,0.6824393272399902,0,0.6842027902603149,False,0,,1,"[0.017237, 0.021282, 0.049971, 0.170898, 0.740612]"
Actor,client,99,6070,8,MR,H,evaluation,4,0,0.5000008940696716,0,0.6842027902603149,False,6,0.0,0,"[0.126818, 0.167268, 0.164742, 0.275395, 0.265777]"
Actor,client,99,6072,8,MR,H,evaluation,2,0,0.617278516292572,0,0.6948522925376892,False,1,1.0,1,"[0.114858, 0.24491, 0.300339, 0.189157, 0.150736]"
Actor,client,99,6103,8,MR,H,evaluation,3,0,0.4242446720600128,0,0.5564348697662354,False,1,1.0,0,"[0.173373, 0.171549, 0.16132, 0.214197, 0.279561]"
Actor,client,99,6397,8,MR,H,evaluation,1,0,0.6380723118782043,1,0.5864935517311096,False,1,0.0,0,"[0.179547, 0.242777, 0.170162, 0.307482, 0.100033]"
Actor,client,99,6998,8,MR,H,evaluation,4,0,0.2650766670703888,0,0.6842027902603149,False,1,0.0,0,"[0.150907, 0.325409, 0.190737, 0.223729, 0.109218]"
Actor,client,99,7028,8,MR,H,evaluation,4,0,0.6806972622871399,0,0.6842027902603149,False,1,1.0,0,"[0.14125, 0.115099, 0.328162, 0.092305, 0.323184]"
Actor,client,99,7383,8,MR,H,evaluation,2,0,0.2857242226600647,0,0.6948522925376892,False,3,0.0,0,"[0.127263, 0.076346, 0.144113, 0.288792, 0.363486]"
Actor,client,99,7404,8,MR,H,evaluation,1,0,0.39469626545906067,0,0.5864935517311096,False,4,0.0,0,"[0.203305, 0.148285, 0.150696, 0.229001, 0.268713]"
Actor,client,99,1056,8,MR,H,evaluation,4,0,0.5231550931930542,0,0.6842027902603149,False,2,0.5,1,"[0.159828, 0.189855, 0.220771, 0.197975, 0.231571]"
Actor,client,99,1413,8,MR,H,evaluation,2,0,0.5145993232727051,0,0.6948522925376892,False,2,0.0,1,"[0.111287, 0.232137, 0.249368, 0.206071, 0.201137]"
Actor,client,99,1420,8,MR,H,evaluation,4,0,0.5838139653205872,0,0.6842027902603149,False,1,1.0,1,"[0.045058, 0.043005, 0.072192, 0.358286, 0.481459]"
Actor,client,99,1922,8,MR,H,evaluation,4,0,0.49662432074546814,0,0.6842027902603149,False,1,0.0,0,"[0.157121, 0.187521, 0.241354, 0.198524, 0.21548]"
Actor,client,99,1980,8,MR,H,evaluation,3,0,0.775966227054596,1,0.5564348697662354,False,0,,1,"[0.022806, 0.111157, 0.070026, 0.561792, 0.234218]"
Actor,client,99,2397,8,MR,H,evaluation,0,0,0.571009635925293,1,0.5510123372077942,False,1,0.0,0,"[0.17926, 0.075034, 0.199842, 0.418433, 0.127432]"
Actor,client,99,2424,8,MR,H,evaluation,1,0,0.5492750406265259,0,0.5864935517311096,False,2,0.5,0,"[0.159089, 0.230094, 0.236377, 0.177577, 0.196863]"
Actor,client,99,2715,8,MR,H,evaluation,2,0,0.22788523137569427,0,0.6948522925376892,False,1,1.0,0,"[0.114748, 0.240266, 0.118543, 0.358766, 0.167677]"
Actor,client,99,3710,8,MR,H,evaluation,0,0,0.36844655871391296,0,0.5510123372077942,False,1,0.0,0,"[0.133491, 0.216339, 0.266023, 0.21728, 0.166867]"
Actor,client,99,4003,8,MR,H,evaluation,3,0,0.414667546749115,0,0.5564348697662354,False,1,0.0,0,"[0.14968, 0.246169, 0.223323, 0.214856, 0.165972]"
Actor,client,99,4226,8,MR,H,evaluation,4,0,0.5866310596466064,0,0.6842027902603149,False,2,0.0,0,"[0.077979, 0.292316, 0.108919, 0.23313, 0.287656]"
Actor,client,99,4395,8,MR,H,evaluation,0,0,0.47317934036254883,0,0.5510123372077942,False,0,,0,"[0.14113, 0.087065, 0.193015, 0.402124, 0.176665]"
Actor,client,99,4554,8,MR,H,evaluation,4,0,0.625251829624176,0,0.6842027902603149,False,1,1.0,0,"[0.103838, 0.167738, 0.29796, 0.150169, 0.280295]"
Actor,client,99,4577,8,MR,H,evaluation,0,0,0.25899413228034973,0,0.5510123372077942,False,3,0.0,0,"[0.064095, 0.164451, 0.267495, 0.204488, 0.299471]"
Actor,client,99,4654,8,MR,H,evaluation,0,0,0.43291112780570984,0,0.5510123372077942,False,1,0.0,0,"[0.1552, 0.213432, 0.230443, 0.17199, 0.228935]"
Actor,client,99,5192,8,MR,H,evaluation,3,0,0.5065605044364929,0,0.5564348697662354,False,1,0.0,0,"[0.155546, 0.135032, 0.154653, 0.276774, 0.277995]"
Actor,client,99,5484,8,MR,H,evaluation,4,0,0.7471819519996643,1,0.6842027902603149,False,0,,1,"[0.035192, 0.23406, 0.05969, 0.191066, 0.479992]"
Actor,client,99,5595,8,MR,H,evaluation,2,0,0.7971386909484863,1,0.6948522925376892,False,0,,1,"[0.143664, 0.121875, 0.417912, 0.172955, 0.143594]"
Actor,client,99,5895,8,MR,H,evaluation,2,0,0.21797874569892883,0,0.6948522925376892,False,2,0.0,0,"[0.038522, 0.235552, 0.07264, 0.219229, 0.434057]"
Actor,client,99,6062,8,MR,H,evaluation,0,0,0.486359179019928,0,0.5510123372077942,False,0,,0,"[0.202247, 0.305082, 0.149873, 0.228179, 0.114618]"
Actor,client,99,6147,8,MR,H,evaluation,2,0,0.4062070846557617,0,0.6948522925376892,False,1,1.0,0,"[0.095558, 0.194718, 0.193605, 0.21556, 0.30056]"
Actor,client,99,6158,8,MR,H,evaluation,3,0,0.47562217712402344,0,0.5564348697662354,False,1,0.0,1,"[0.13562, 0.197997, 0.184437, 0.264084, 0.217862]"
Actor,client,99,6595,8,MR,H,evaluation,2,0,0.5406014323234558,0,0.6948522925376892,False,2,1.0,0,"[0.112817, 0.192538, 0.279069, 0.282632, 0.132944]"
Actor,client,99,6913,8,MR,H,evaluation,2,0,0.2532036006450653,0,0.6948522925376892,False,0,,0,"[0.066843, 0.166941, 0.14591, 0.429246, 0.191059]"
Actor,client,99,6948,8,MR,H,evaluation,4,0,0.42541787028312683,0,0.6842027902603149,False,0,,0,"[0.09686, 0.096854, 0.153686, 0.372491, 0.280108]"
Actor,client,99,7407,8,MR,H,evaluation,2,0,0.3356195390224457,0,0.6948522925376892,False,2,0.0,0,"[0.104789, 0.078971, 0.1706, 0.285251, 0.360389]"
Actor,client,99,7454,8,MR,H,evaluation,0,0,0.3245145380496979,0,0.5510123372077942,False,0,,0,"[0.09806, 0.15986, 0.242265, 0.296733, 0.203083]"
Actor,client,99,7529,8,MR,H,evaluation,4,0,0.5330346822738647,0,0.6842027902603149,False,1,0.0,1,"[0.113202, 0.108838, 0.164461, 0.297657, 0.315842]"
Actor,client,99,302,8,MR,H,evaluation,4,0,0.16465677320957184,0,0.6842027902603149,False,0,,0,"[0.002935, 0.003936, 0.119283, 0.635584, 0.238262]"
Actor,client,99,411,8,MR,H,evaluation,3,0,0.24390025436878204,0,0.5564348697662354,False,0,,0,"[0.049338, 0.15641, 0.093768, 0.114608, 0.585876]"
Actor,client,99,470,8,MR,H,evaluation,3,0,0.3529389202594757,0,0.5564348697662354,False,5,0.2,0,"[0.164346, 0.221193, 0.210187, 0.162182, 0.242092]"
Actor,client,99,735,8,MR,H,evaluation,4,0,0.2931131422519684,0,0.6842027902603149,False,3,0.3333333333333333,0,"[0.099217, 0.313526, 0.131275, 0.293469, 0.162513]"
Actor,client,99,1126,8,MR,H,evaluation,3,0,0.5119556784629822,0,0.5564348697662354,False,0,,0,"[0.053137, 0.019081, 0.021339, 0.321361, 0.585083]"
Actor,client,99,1581,8,MR,H,evaluation,3,0,0.39334556460380554,0,0.5564348697662354,False,1,0.0,0,"[0.04953, 0.238356, 0.196254, 0.236176, 0.279684]"
Actor,client,99,1893,8,MR,H,evaluation,3,0,0.3122842013835907,0,0.5564348697662354,False,2,0.5,0,"[0.055291, 0.27357, 0.157456, 0.178766, 0.334917]"
Actor,client,99,1956,8,MR,H,evaluation,2,0,0.5268300175666809,0,0.6948522925376892,False,0,,0,"[0.104929, 0.285106, 0.25772, 0.218094, 0.134151]"
Actor,client,99,1987,8,MR,H,evaluation,0,0,0.46986523270606995,0,0.5510123372077942,False,1,0.0,0,"[0.175548, 0.23119, 0.211069, 0.192906, 0.189288]"
Actor,client,99,2193,8,MR,H,evaluation,3,0,0.5537866353988647,0,0.5564348697662354,False,1,0.0,1,"[0.097564, 0.081428, 0.237925, 0.314286, 0.268796]"
Actor,client,99,2444,8,MR,H,evaluation,2,0,0.5238831639289856,0,0.6948522925376892,False,2,0.5,1,"[0.127521, 0.123475, 0.264503, 0.248083, 0.236417]"
Actor,client,99,2643,8,MR,H,evaluation,0,0,0.2700985074043274,0,0.5510123372077942,False,0,,0,"[0.095774, 0.228409, 0.300488, 0.277022, 0.098306]"
Actor,client,99,3344,8,MR,H,evaluation,2,0,0.5908488035202026,0,0.6948522925376892,False,0,,0,"[0.072298, 0.350781, 0.256282, 0.070736, 0.249903]"
Actor,client,99,3527,8,MR,H,evaluation,2,0,0.5827475190162659,0,0.6948522925376892,False,1,1.0,1,"[0.157211, 0.204512, 0.278256, 0.150541, 0.20948]"
Actor,client,99,3902,8,MR,H,evaluation,2,0,0.3117232918739319,0,0.6948522925376892,False,1,1.0,0,"[0.121505, 0.272262, 0.155677, 0.269919, 0.180638]"
Actor,client,99,4916,8,MR,H,evaluation,1,0,0.38404133915901184,0,0.5864935517311096,False,1,0.0,0,"[0.136065, 0.159571, 0.194942, 0.244776, 0.264645]"
Actor,client,99,4978,8,MR,H,evaluation,1,0,0.46904659271240234,0,0.5864935517311096,False,1,0.0,0,"[0.082109, 0.212658, 0.27869, 0.219178, 0.207365]"
Actor,client,99,5386,8,MR,H,evaluation,3,0,0.35583892464637756,0,0.5564348697662354,False,2,0.0,0,"[0.115658, 0.300898, 0.295089, 0.17807, 0.110285]"
Actor,client,99,5632,8,MR,H,evaluation,3,0,0.40449845790863037,0,0.5564348697662354,False,2,0.0,0,"[0.094716, 0.188537, 0.273094, 0.213843, 0.22981]"
Actor,client,99,6313,8,MR,H,evaluation,3,0,0.2244841754436493,0,0.5564348697662354,False,1,1.0,0,"[0.03465, 0.187302, 0.084566, 0.103704, 0.589779]"
Actor,client,99,6728,8,MR,H,evaluation,2,0,0.49538686871528625,0,0.6948522925376892,False,1,0.0,1,"[0.135795, 0.229857, 0.238206, 0.186303, 0.209839]"
Actor,client,99,6838,8,MR,H,evaluation,4,0,0.44465506076812744,0,0.6842027902603149,False,2,1.0,0,"[0.08639, 0.145466, 0.189812, 0.320105, 0.258228]"
Actor,client,99,83,8,MR,H,evaluation,4,0,0.6605475544929504,0,0.6842027902603149,False,1,1.0,1,"[0.137129, 0.111935, 0.247814, 0.151442, 0.351679]"
Actor,client,99,449,8,MR,H,evaluation,4,0,0.7147160768508911,1,0.6842027902603149,False,1,0.0,1,"[0.148802, 0.081957, 0.258524, 0.075079, 0.435637]"
Actor,client,99,483,8,MR,H,evaluation,2,0,0.35812413692474365,0,0.6948522925376892,False,4,0.25,0,"[0.219954, 0.258902, 0.165802, 0.138522, 0.216819]"
Actor,client,99,769,8,MR,H,evaluation,3,0,0.39397138357162476,0,0.5564348697662354,False,1,0.0,0,"[0.179392, 0.185728, 0.179605, 0.1888, 0.266475]"
Actor,client,99,1218,8,MR,H,evaluation,3,0,0.45076894760131836,0,0.5564348697662354,False,0,,0,"[0.36373, 0.100043, 0.198732, 0.15568, 0.181815]"
Actor,client,99,1542,8,MR,H,evaluation,3,0,0.7430135607719421,1,0.5564348697662354,False,0,,1,"[0.043772, 0.190217, 0.103331, 0.523414, 0.139266]"
Actor,client,99,1645,8,MR,H,evaluation,3,0,0.3453347980976105,0,0.5564348697662354,False,1,1.0,0,"[0.167593, 0.144893, 0.379395, 0.125246, 0.182872]"
Actor,client,99,1791,8,MR,H,evaluation,3,0,0.31342247128486633,0,0.5564348697662354,False,1,0.0,0,"[0.133298, 0.226997, 0.128586, 0.151941, 0.359179]"
Actor,client,99,1827,8,MR,H,evaluation,3,0,0.5712746381759644,1,0.5564348697662354,False,1,0.0,1,"[0.10399, 0.202042, 0.154941, 0.349022, 0.190005]"
Actor,client,99,2091,8,MR,H,evaluation,1,0,0.4359623193740845,0,0.5864935517311096,False,1,0.0,0,"[0.138625, 0.179127, 0.162881, 0.250179, 0.269188]"
Actor,client,99,2570,8,MR,H,evaluation,3,0,0.314665824174881,0,0.5564348697662354,False,1,0.0,0,"[0.156832, 0.259133, 0.165735, 0.143337, 0.274962]"
Actor,client,99,2847,8,MR,H,evaluation,3,0,0.47662222385406494,0,0.5564348697662354,False,2,0.0,0,"[0.053201, 0.117199, 0.365236, 0.26128, 0.203085]"
Actor,client,99,2904,8,MR,H,evaluation,4,0,0.6554319262504578,0,0.6842027902603149,False,1,1.0,1,"[0.095535, 0.019495, 0.053666, 0.200888, 0.630415]"
Actor,client,99,3234,8,MR,H,evaluation,2,0,0.21920359134674072,0,0.6948522925376892,False,1,0.0,0,"[0.096999, 0.014582, 0.086009, 0.250784, 0.551626]"
Actor,client,99,3496,8,MR,H,evaluation,4,0,0.6069236397743225,0,0.6842027902603149,False,1,1.0,1,"[0.236895, 0.121572, 0.135263, 0.188562, 0.317708]"
Actor,client,99,3625,8,MR,H,evaluation,1,0,0.4237464964389801,0,0.5864935517311096,False,3,0.0,0,"[0.215206, 0.155055, 0.169671, 0.245578, 0.21449]"
Actor,client,99,3882,8,MR,H,evaluation,1,0,0.39037829637527466,0,0.5864935517311096,False,2,0.5,0,"[0.069219, 0.158675, 0.186544, 0.393788, 0.191774]"
Actor,client,99,3920,8,MR,H,evaluation,2,0,0.36760231852531433,0,0.6948522925376892,False,1,0.0,0,"[0.124895, 0.274741, 0.16993, 0.184863, 0.245571]"
Actor,client,99,4255,8,MR,H,evaluation,4,0,0.6743568181991577,0,0.6842027902603149,False,3,0.6666666666666666,1,"[0.108525, 0.206763, 0.080714, 0.218583, 0.385415]"
Actor,client,99,4520,8,MR,H,evaluation,1,0,0.19006364047527313,0,0.5864935517311096,False,1,0.0,0,"[0.168599, 0.075952, 0.235682, 0.081703, 0.438064]"
Actor,client,99,6892,8,MR,H,evaluation,1,0,0.5827446579933167,0,0.5864935517311096,False,1,1.0,0,"[0.170373, 0.242731, 0.258043, 0.165178, 0.163674]"
Actor,client,99,7032,8,MR,H,evaluation,4,0,0.5009199380874634,0,0.6842027902603149,False,6,0.5,0,"[0.211048, 0.094889, 0.089347, 0.305114, 0.299603]"
Actor,client,99,7062,8,MR,H,evaluation,4,0,0.324938029050827,0,0.6842027902603149,False,2,0.5,0,"[0.078637, 0.097088, 0.160831, 0.421167, 0.242277]"
Actor,client,99,7229,8,MR,H,evaluation,0,0,0.2581746578216553,0,0.5510123372077942,False,1,0.0,0,"[0.076384, 0.158244, 0.526869, 0.105357, 0.133146]"
Actor,client,99,7466,8,MR,H,evaluation,4,0,0.4098735749721527,0,0.6842027902603149,False,1,0.0,0,"[0.098686, 0.158601, 0.184661, 0.321157, 0.236896]"
Actor,client,99,7527,8,MR,H,evaluation,3,0,0.30503514409065247,0,0.5564348697662354,False,4,0.0,0,"[0.067969, 0.083958, 0.158278, 0.14913, 0.540665]"
