dataset,scenario,seed,gid,client_id,stage,subset,pool_role,true_class,membership_label,local_degree,local_label_agreement,correct_prediction,entropy_score,entropy_threshold,entropy_decision,entropy_fallback,rmia_ratio,rmia_score,rmia_threshold,rmia_decision
Squirrel,client,456,0,2,M0,F,evaluation,0,1,2,0.0,1,0.8991501323210144,0.27807291999734357,0,0,0.9548868593319111,0.2,0.7854545454545457,0.0
Squirrel,client,456,3,4,M0,F,evaluation,0,1,2,0.0,1,0.8903580198758944,0.27807291999734357,0,0,1.6734302147299562,0.45454545454545453,0.7854545454545457,0.0
Squirrel,client,456,8,4,M0,F,evaluation,3,1,0,,1,0.005283631470193561,0.2971876930405475,1,0,4.513800185879859,0.9090909090909091,0.7854545454545457,1.0
Squirrel,client,456,10,4,M0,F,evaluation,3,1,0,,1,0.0008229108184409425,0.2971876930405475,1,0,4.572220010771068,0.9090909090909091,0.7854545454545457,1.0
Squirrel,client,456,13,4,M0,F,evaluation,2,1,0,,1,7.453520543275363e-05,0.8062430456347802,1,0,1.3712126905051072,0.34545454545454546,0.7854545454545457,0.0
Squirrel,client,456,20,4,M0,F,evaluation,1,1,0,,1,0.020712968841145842,1.2003199236286985,1,0,5.579060713569191,0.9818181818181818,0.7854545454545457,1.0
Squirrel,client,456,21,2,M0,F,evaluation,0,1,5,0.2,1,0.7331141536222099,0.27807291999734357,0,0,0.8106123458031643,0.16363636363636364,0.7854545454545457,0.0
Squirrel,client,456,24,4,M0,F,evaluation,0,1,0,,1,0.35671806355851127,0.27807291999734357,0,0,1.18524079618712,0.23636363636363636,0.7854545454545457,0.0
Squirrel,client,456,25,4,M0,F,evaluation,0,1,0,,1,0.006122316243679103,0.27807291999734357,1,0,2.4455787466531476,0.7636363636363637,0.7854545454545457,0.0
Squirrel,client,456,26,4,M0,F,evaluation,3,1,5,0.2,1,0.3411142562646175,0.2971876930405475,0,0,3.7656510943895993,0.9090909090909091,0.7854545454545457,1.0
Squirrel,client,456,34,4,M0,F,evaluation,0,1,1,0.0,1,0.27909382840092445,0.27807291999734357,0,0,1.2644601577021408,0.2727272727272727,0.7854545454545457,0.0
Squirrel,client,456,35,4,M0,F,evaluation,3,1,1,0.0,1,0.786494788778511,0.2971876930405475,0,0,2.1030456534075093,0.6545454545454545,0.7854545454545457,0.0
Squirrel,client,456,50,4,M0,F,evaluation,0,1,0,,1,0.03025859925119637,0.27807291999734357,1,0,2.003461024333432,0.6363636363636364,0.7854545454545457,0.0
Squirrel,client,456,58,4,M0,F,evaluation,1,1,2,0.0,0,2.056030488459722,1.2003199236286985,0,0,7.4215597050054924,0.9818181818181818,0.7854545454545457,1.0
Squirrel,client,456,63,4,M0,F,evaluation,2,1,1,1.0,1,2.8064726081393094e-05,0.8062430456347802,1,0,4.279668594933314,0.9090909090909091,0.7854545454545457,1.0
Squirrel,client,456,71,4,M0,F,evaluation,2,1,2,0.0,1,0.01859901408232149,0.8062430456347802,1,0,4.053254166444958,0.9090909090909091,0.7854545454545457,1.0
Squirrel,client,456,74,4,M0,F,evaluation,0,1,1,0.0,1,0.4599663538736112,0.27807291999734357,0,0,2.5863221965287195,0.8181818181818182,0.7854545454545457,1.0
Squirrel,client,456,75,4,M0,F,evaluation,3,1,1,0.0,0,1.071721634924055,0.2971876930405475,0,0,1.5610823844608173,0.38181818181818183,0.7854545454545457,0.0
Squirrel,client,456,80,2,M0,F,evaluation,0,1,2,0.0,1,0.9345285761723864,0.27807291999734357,0,0,1.030963740176116,0.2,0.7854545454545457,0.0
Squirrel,client,456,82,2,M0,F,evaluation,0,1,92,0.4347826086956521,1,0.20550869303114178,0.27807291999734357,1,0,1.0625033800405475,0.21818181818181817,0.7854545454545457,0.0
Squirrel,client,456,83,4,M0,F,evaluation,0,1,0,,1,0.2243834733655577,0.27807291999734357,1,0,0.9835930981840129,0.2,0.7854545454545457,0.0
Squirrel,client,456,87,4,M0,F,evaluation,0,1,2,0.5,0,1.2364202010341208,0.27807291999734357,0,0,1.4028475711892796,0.34545454545454546,0.7854545454545457,0.0
Squirrel,client,456,89,2,M0,F,evaluation,0,1,1,0.0,1,0.4950994757421521,0.27807291999734357,0,0,1.1465838734204714,0.23636363636363636,0.7854545454545457,0.0
Squirrel,client,456,96,4,M0,F,evaluation,0,1,1,0.0,1,0.24086950496317502,0.27807291999734357,1,0,1.3460107953821636,0.32727272727272727,0.7854545454545457,0.0
Squirrel,client,456,105,4,M0,F,evaluation,0,1,0,,1,0.12010129609255966,0.27807291999734357,1,0,2.8142317529018297,0.8727272727272727,0.7854545454545457,1.0
Squirrel,client,456,107,2,M0,F,evaluation,0,1,112,0.4821428571428571,1,0.16252235085530203,0.27807291999734357,1,0,1.0657785373343238,0.21818181818181817,0.7854545454545457,0.0
Squirrel,client,456,110,2,M0,F,evaluation,0,1,6,0.0,1,0.5607227997376254,0.27807291999734357,0,0,1.1397605272049969,0.21818181818181817,0.7854545454545457,0.0
Squirrel,client,456,117,2,M0,F,evaluation,0,1,106,0.490566037735849,1,0.1689235378677326,0.27807291999734357,1,0,1.0827545520109325,0.21818181818181817,0.7854545454545457,0.0
Squirrel,client,456,119,2,M0,F,evaluation,1,1,21,0.0952380952380952,0,1.2810469045336,1.2003199236286985,0,0,1.0048507480339173,0.2,0.7854545454545457,0.0
Squirrel,client,456,121,2,M0,F,evaluation,1,1,110,0.2454545454545454,0,2.0831320168429426,1.2003199236286985,0,0,0.8302522083797375,0.16363636363636364,0.7854545454545457,0.0
Squirrel,client,456,126,4,M0,F,evaluation,2,1,0,,1,3.0037496289618766e-05,0.8062430456347802,1,0,3.8939460695506685,0.9090909090909091,0.7854545454545457,1.0
Squirrel,client,456,138,4,M0,F,evaluation,2,1,0,,1,0.005072245348031518,0.8062430456347802,1,0,12.370061658513983,1.0,0.7854545454545457,1.0
Squirrel,client,456,142,4,M0,F,evaluation,0,1,1,0.0,1,0.0004926701562727855,0.27807291999734357,1,0,2.842116452012405,0.8727272727272727,0.7854545454545457,1.0
Squirrel,client,456,145,4,M0,F,evaluation,2,1,4,0.0,0,3.2607965308583515,0.8062430456347802,0,0,0.6016690286772552,0.10909090909090909,0.7854545454545457,0.0
Squirrel,client,456,148,4,M0,F,evaluation,4,1,2,0.0,1,0.2269209459591803,1.50371502886198,1,0,6.458044287991444,0.9818181818181818,0.7854545454545457,1.0
Squirrel,client,456,156,4,M0,F,evaluation,0,1,1,1.0,1,0.05052787581085878,0.27807291999734357,1,0,1.5352064054584182,0.38181818181818183,0.7854545454545457,0.0
Squirrel,client,456,157,2,M0,F,evaluation,0,1,88,0.4318181818181818,1,0.19255079835752398,0.27807291999734357,1,0,1.0762511938590456,0.21818181818181817,0.7854545454545457,0.0
Squirrel,client,456,162,2,M0,F,evaluation,0,1,3,0.3333333333333333,1,0.5926550614228654,0.27807291999734357,0,0,1.089584602956391,0.21818181818181817,0.7854545454545457,0.0
Squirrel,client,456,163,4,M0,F,evaluation,3,1,0,,1,0.00011502602578959933,0.2971876930405475,1,0,33.20201187556127,1.0,0.7854545454545457,1.0
Squirrel,client,456,164,4,M0,F,evaluation,2,1,0,,1,0.005394580924830945,0.8062430456347802,1,0,2.0693690506023077,0.6545454545454545,0.7854545454545457,0.0
Squirrel,client,456,175,4,M0,F,evaluation,0,1,2,0.5,1,0.12373060722433663,0.27807291999734357,1,0,3.2071270492839017,0.8727272727272727,0.7854545454545457,1.0
Squirrel,client,456,185,2,M0,F,evaluation,0,1,10,0.1,1,0.6871830547723808,0.27807291999734357,0,0,1.0824417120906287,0.21818181818181817,0.7854545454545457,0.0
Squirrel,client,456,191,4,M0,F,evaluation,2,1,0,,1,0.05170324263538407,0.8062430456347802,1,0,6.136110445299697,0.9818181818181818,0.7854545454545457,1.0
Squirrel,client,456,197,4,M0,F,evaluation,3,1,0,,1,0.1523454736560621,0.2971876930405475,1,0,4.642376252721235,0.9090909090909091,0.7854545454545457,1.0
Squirrel,client,456,213,4,M0,F,evaluation,1,1,0,,1,0.0008344295795958103,1.2003199236286985,1,0,2.685534144753748,0.8545454545454545,0.7854545454545457,1.0
Squirrel,client,456,216,2,M0,F,evaluation,0,1,88,0.4204545454545454,1,0.20624301447417323,0.27807291999734357,1,0,1.0643981834849519,0.21818181818181817,0.7854545454545457,0.0
Squirrel,client,456,217,2,M0,F,evaluation,0,1,2,0.0,1,0.7775230669489424,0.27807291999734357,0,0,1.1088352555054382,0.21818181818181817,0.7854545454545457,0.0
Squirrel,client,456,218,2,M0,F,evaluation,0,1,89,0.4269662921348314,1,0.2055246552249276,0.27807291999734357,1,0,1.0642646364631276,0.21818181818181817,0.7854545454545457,0.0
Squirrel,client,456,221,4,M0,F,evaluation,3,1,3,0.3333333333333333,1,0.0025827635479395467,0.2971876930405475,1,0,4.279109319841644,0.9090909090909091,0.7854545454545457,1.0
Squirrel,client,456,227,4,M0,F,evaluation,3,1,1,0.0,1,0.19038002966467948,0.2971876930405475,1,0,6.629330029099482,0.9818181818181818,0.7854545454545457,1.0
Squirrel,client,456,239,4,M0,F,evaluation,1,1,0,,1,0.030482596567752686,1.2003199236286985,1,0,6.698251243231036,0.9818181818181818,0.7854545454545457,1.0
Squirrel,client,456,242,4,M0,F,evaluation,0,1,0,,1,0.008723101294224631,0.27807291999734357,1,0,1.5504526850671154,0.38181818181818183,0.7854545454545457,0.0
Squirrel,client,456,243,4,M0,F,evaluation,2,1,0,,1,0.011154736477052085,0.8062430456347802,1,0,3.4847394746278537,0.9090909090909091,0.7854545454545457,1.0
Squirrel,client,456,248,4,M0,F,evaluation,1,1,1,0.0,1,0.33080725679251405,1.2003199236286985,1,0,3.90588965431639,0.9090909090909091,0.7854545454545457,1.0
Squirrel,client,456,249,4,M0,F,evaluation,3,1,0,,1,0.04925820047200022,0.2971876930405475,1,0,7.802385351343892,0.9818181818181818,0.7854545454545457,1.0
Squirrel,client,456,254,4,M0,F,evaluation,0,1,1,0.0,1,0.6425388691227223,0.27807291999734357,0,0,1.3808328905025615,0.34545454545454546,0.7854545454545457,0.0
Squirrel,client,456,256,2,M0,F,evaluation,0,1,2,0.0,1,0.666635648286539,0.27807291999734357,0,0,0.966434762629375,0.2,0.7854545454545457,0.0
Squirrel,client,456,262,4,M0,F,evaluation,2,1,1,0.0,1,0.06989956660195254,0.8062430456347802,1,0,2.3634390842672297,0.7636363636363637,0.7854545454545457,0.0
Squirrel,client,456,264,4,M0,F,evaluation,2,1,0,,1,0.0059511675607435525,0.8062430456347802,1,0,14.456286818737574,1.0,0.7854545454545457,1.0
Squirrel,client,456,266,4,M0,F,evaluation,0,1,0,,1,0.10120126250921738,0.27807291999734357,1,0,1.8101955492557351,0.509090909090909,0.7854545454545457,0.0
Squirrel,client,456,270,4,M0,F,evaluation,4,1,0,,1,0.0473367009234964,1.50371502886198,1,0,12.912496682822969,1.0,0.7854545454545457,1.0
Squirrel,client,456,272,4,M0,F,evaluation,1,1,0,,0,1.016550487560083,1.2003199236286985,1,0,4.450973891601064,0.9090909090909091,0.7854545454545457,1.0
Squirrel,client,456,275,4,M0,F,evaluation,0,1,0,,1,0.29897257598317467,0.27807291999734357,0,0,1.1080970000617265,0.21818181818181817,0.7854545454545457,0.0
Squirrel,client,456,277,4,M0,F,evaluation,0,1,0,,1,0.11999847093320168,0.27807291999734357,1,0,2.8387110118967116,0.8727272727272727,0.7854545454545457,1.0
Squirrel,client,456,282,4,M0,F,evaluation,1,1,0,,1,0.12581242584639507,1.2003199236286985,1,0,4.9574984397012605,0.9454545454545454,0.7854545454545457,1.0
Squirrel,client,456,285,2,M0,F,evaluation,0,1,3,0.0,1,0.6253166372614575,0.27807291999734357,0,0,1.0092331559382823,0.2,0.7854545454545457,0.0
Squirrel,client,456,286,2,M0,F,evaluation,0,1,85,0.4235294117647059,1,0.1733839739892065,0.27807291999734357,1,0,1.085953744830359,0.21818181818181817,0.7854545454545457,0.0
Squirrel,client,456,289,2,M0,F,evaluation,0,1,97,0.4536082474226804,1,0.172505837094672,0.27807291999734357,1,0,1.0854986128900432,0.21818181818181817,0.7854545454545457,0.0
Squirrel,client,456,292,4,M0,F,evaluation,1,1,0,,1,0.0002711088140679302,1.2003199236286985,1,0,60.625906621099986,1.0,0.7854545454545457,1.0
Squirrel,client,456,293,4,M0,F,evaluation,2,1,0,,1,0.0374202394093141,0.8062430456347802,1,0,8.674321180487583,0.9818181818181818,0.7854545454545457,1.0
Squirrel,client,456,294,4,M0,F,evaluation,0,1,0,,1,0.06019771059466225,0.27807291999734357,1,0,1.6964773594270302,0.4727272727272727,0.7854545454545457,0.0
Squirrel,client,456,303,4,M0,F,evaluation,1,1,0,,1,0.006379869538897154,1.2003199236286985,1,0,7.283754696734108,0.9818181818181818,0.7854545454545457,1.0
Squirrel,client,456,321,4,M0,F,evaluation,1,1,0,,1,0.020476531758646804,1.2003199236286985,1,0,10.947131165802723,1.0,0.7854545454545457,1.0
Squirrel,client,456,322,4,M0,F,evaluation,3,1,2,0.0,0,2.1440722744807417,0.2971876930405475,0,0,1.704365350183462,0.4727272727272727,0.7854545454545457,0.0
Squirrel,client,456,324,4,M0,F,evaluation,2,1,3,0.0,0,3.075062282675853,0.8062430456347802,0,0,1.0450423952290153,0.21818181818181817,0.7854545454545457,0.0
Squirrel,client,456,329,2,M0,F,evaluation,0,1,3,0.0,1,1.073622188413805,0.27807291999734357,0,0,0.8627657157252339,0.16363636363636364,0.7854545454545457,0.0
Squirrel,client,456,331,4,M0,F,evaluation,1,1,0,,0,1.7346636061500664,1.2003199236286985,0,0,0.9926332723427098,0.2,0.7854545454545457,0.0
Squirrel,client,456,332,4,M0,F,evaluation,2,1,0,,1,0.007002968638807958,0.8062430456347802,1,0,4.253396376222988,0.9090909090909091,0.7854545454545457,1.0
Squirrel,client,456,340,4,M0,F,evaluation,0,1,0,,1,0.025162777418743353,0.27807291999734357,1,0,1.9691033371506386,0.6,0.7854545454545457,0.0
Squirrel,client,456,346,2,M0,F,evaluation,0,1,93,0.4516129032258064,1,0.15456441329911852,0.27807291999734357,1,0,1.098286964303977,0.21818181818181817,0.7854545454545457,0.0
Squirrel,client,456,354,4,M0,F,evaluation,1,1,0,,0,1.1175566439493532,1.2003199236286985,1,0,1.312626053506792,0.32727272727272727,0.7854545454545457,0.0
Squirrel,client,456,355,2,M0,F,evaluation,0,1,94,0.4361702127659574,1,0.18402841017993715,0.27807291999734357,1,0,1.0798883429797084,0.21818181818181817,0.7854545454545457,0.0
Squirrel,client,456,362,4,M0,F,evaluation,1,1,0,,1,0.016085746933278487,1.2003199236286985,1,0,4.208380672638053,0.9090909090909091,0.7854545454545457,1.0
Squirrel,client,456,365,4,M0,F,evaluation,1,1,2,0.5,1,0.11503203097190184,1.2003199236286985,1,0,6.782254082155137,0.9818181818181818,0.7854545454545457,1.0
Squirrel,client,456,370,4,M0,F,evaluation,0,1,1,1.0,1,9.823962208521097e-05,0.27807291999734357,1,0,3.377490795515376,0.8909090909090909,0.7854545454545457,1.0
Squirrel,client,456,376,4,M0,F,evaluation,2,1,0,,1,0.0021751041720745766,0.8062430456347802,1,0,6.26149596065805,0.9818181818181818,0.7854545454545457,1.0
Squirrel,client,456,377,4,M0,F,evaluation,0,1,2,0.0,1,0.3476642856952314,0.27807291999734357,0,0,1.3286710086300757,0.32727272727272727,0.7854545454545457,0.0
Squirrel,client,456,383,4,M0,F,evaluation,1,1,0,,1,4.83678413625515e-05,1.2003199236286985,1,0,6.2569533455381485,0.9818181818181818,0.7854545454545457,1.0
Squirrel,client,456,392,4,M0,F,evaluation,0,1,0,,1,0.004864457761728321,0.27807291999734357,1,0,3.562521960912605,0.9090909090909091,0.7854545454545457,1.0
Squirrel,client,456,394,4,M0,F,evaluation,1,1,0,,1,0.45212828974287483,1.2003199236286985,1,0,2.732644073420509,0.8727272727272727,0.7854545454545457,1.0
Squirrel,client,456,395,4,M0,F,evaluation,0,1,0,,1,0.132186109956041,0.27807291999734357,1,0,2.8237336487058804,0.8727272727272727,0.7854545454545457,1.0
Squirrel,client,456,396,4,M0,F,evaluation,2,1,0,,1,0.02087592359310645,0.8062430456347802,1,0,3.9484982714010797,0.9090909090909091,0.7854545454545457,1.0
Squirrel,client,456,404,4,M0,F,evaluation,0,1,0,,1,9.300678700361608e-05,0.27807291999734357,1,0,3.1446797717184527,0.8727272727272727,0.7854545454545457,1.0
Squirrel,client,456,422,4,M0,F,evaluation,1,1,0,,1,0.004016930450492336,1.2003199236286985,1,0,7.0720939985322095,0.9818181818181818,0.7854545454545457,1.0
Squirrel,client,456,432,4,M0,F,evaluation,2,1,0,,1,0.07433591881452464,0.8062430456347802,1,0,1.5565010754032131,0.38181818181818183,0.7854545454545457,0.0
Squirrel,client,456,445,2,M0,F,evaluation,1,1,18,0.2777777777777778,0,1.1732820641162105,1.2003199236286985,1,0,1.0230285570536002,0.2,0.7854545454545457,0.0
Squirrel,client,456,455,4,M0,F,evaluation,2,1,0,,1,0.5706707384178494,0.8062430456347802,1,0,5.048654198616916,0.9636363636363636,0.7854545454545457,1.0
Squirrel,client,456,460,4,M0,F,evaluation,0,1,0,,1,0.0021188752572909694,0.27807291999734357,1,0,2.5382446823984277,0.8181818181818182,0.7854545454545457,1.0
Squirrel,client,456,461,4,M0,F,evaluation,0,1,0,,1,0.004239423550331533,0.27807291999734357,1,0,1.6346657478078508,0.43636363636363634,0.7854545454545457,0.0
Squirrel,client,456,462,2,M0,F,evaluation,1,1,4,0.25,1,0.9743828854263611,1.2003199236286985,1,0,1.245547220588092,0.2727272727272727,0.7854545454545457,0.0
Squirrel,client,456,466,4,M0,F,evaluation,4,1,0,,1,0.0005464047294073367,1.50371502886198,1,0,19.560355116981828,1.0,0.7854545454545457,1.0
Squirrel,client,456,469,4,M0,F,evaluation,1,1,0,,0,1.5074810450632663,1.2003199236286985,0,0,0.874618482805422,0.16363636363636364,0.7854545454545457,0.0
Squirrel,client,456,474,4,M0,F,evaluation,2,1,0,,0,1.0296599811954903,0.8062430456347802,0,0,1.5404224295276516,0.38181818181818183,0.7854545454545457,0.0
Squirrel,client,456,475,4,M0,F,evaluation,1,1,0,,1,0.010564735623370576,1.2003199236286985,1,0,9.102101067463453,0.9818181818181818,0.7854545454545457,1.0
Squirrel,client,456,477,4,M0,F,evaluation,2,1,0,,1,0.006842219364718262,0.8062430456347802,1,0,2.6126099479259386,0.8181818181818182,0.7854545454545457,1.0
Squirrel,client,456,485,4,M0,F,evaluation,4,1,1,0.0,1,0.05031039267161351,1.50371502886198,1,0,30.71630459294896,1.0,0.7854545454545457,1.0
Squirrel,client,456,488,4,M0,F,evaluation,4,1,0,,1,2.764734514881285e-06,1.50371502886198,1,0,82.5415351043957,1.0,0.7854545454545457,1.0
Squirrel,client,456,489,2,M0,F,evaluation,0,1,90,0.4111111111111111,1,0.1623607497221149,0.27807291999734357,1,0,1.0873152762316114,0.21818181818181817,0.7854545454545457,0.0
Squirrel,client,456,496,4,M0,F,evaluation,2,1,0,,1,0.01981692104455764,0.8062430456347802,1,0,17.474712194582906,1.0,0.7854545454545457,1.0
Squirrel,client,456,497,4,M0,F,evaluation,3,1,0,,1,0.017520690222602175,0.2971876930405475,1,0,1.5314501511931766,0.38181818181818183,0.7854545454545457,0.0
Squirrel,client,456,501,2,M0,F,evaluation,0,1,88,0.4204545454545454,1,0.17497406605838373,0.27807291999734357,1,0,1.082133752449311,0.21818181818181817,0.7854545454545457,0.0
Squirrel,client,456,507,4,M0,F,evaluation,0,1,0,,1,0.1701870925193133,0.27807291999734357,1,0,4.244648657901157,0.9090909090909091,0.7854545454545457,1.0
Squirrel,client,456,511,2,M0,F,evaluation,0,1,22,0.0454545454545454,1,0.9146642319506406,0.27807291999734357,0,0,0.7730393693670794,0.14545454545454545,0.7854545454545457,0.0
Squirrel,client,456,512,4,M0,F,evaluation,4,1,0,,1,1.450156736142424e-06,1.50371502886198,1,0,15.32255343168383,1.0,0.7854545454545457,1.0
Squirrel,client,456,513,4,M0,F,evaluation,0,1,0,,1,0.24334856194871193,0.27807291999734357,1,0,1.2122833836059026,0.23636363636363636,0.7854545454545457,0.0
Squirrel,client,456,521,4,M0,F,evaluation,1,1,0,,1,0.0001517795913211353,1.2003199236286985,1,0,7.792148882686843,0.9818181818181818,0.7854545454545457,1.0
Squirrel,client,456,523,2,M0,F,evaluation,0,1,75,0.3733333333333333,1,0.19637985108826123,0.27807291999734357,1,0,1.0791547673036146,0.21818181818181817,0.7854545454545457,0.0
Squirrel,client,456,524,4,M0,F,evaluation,3,1,0,,1,5.2663628761177354e-05,0.2971876930405475,1,0,5.063025424160595,0.9636363636363636,0.7854545454545457,1.0
Squirrel,client,456,526,4,M0,F,evaluation,2,1,0,,1,0.0004291049871069058,0.8062430456347802,1,0,1.7538611744253083,0.4909090909090909,0.7854545454545457,0.0
Squirrel,client,456,530,4,M0,F,evaluation,1,1,0,,1,0.03548002916424639,1.2003199236286985,1,0,7.364571906179803,0.9818181818181818,0.7854545454545457,1.0
Squirrel,client,456,535,4,M0,F,evaluation,4,1,0,,1,0.005884018637660726,1.50371502886198,1,0,17.837980311937745,1.0,0.7854545454545457,1.0
Squirrel,client,456,536,2,M0,F,evaluation,4,1,95,0.1052631578947368,0,3.1949306482602156,1.50371502886198,0,0,3.815594763801935,0.9090909090909091,0.7854545454545457,1.0
Squirrel,client,456,541,4,M0,F,evaluation,0,1,0,,1,0.22781028247275117,0.27807291999734357,1,0,1.3963038091432562,0.34545454545454546,0.7854545454545457,0.0
Squirrel,client,456,542,4,M0,F,evaluation,2,1,0,,0,1.3513092582716884,0.8062430456347802,0,0,2.1404543447207343,0.6545454545454545,0.7854545454545457,0.0
Squirrel,client,456,543,2,M0,F,evaluation,3,1,10,0.3,0,2.1381925580357137,0.2971876930405475,0,0,1.1071789686552072,0.21818181818181817,0.7854545454545457,0.0
Squirrel,client,456,544,4,M0,F,evaluation,4,1,0,,1,0.029214758943982642,1.50371502886198,1,0,5.781384667269796,0.9818181818181818,0.7854545454545457,1.0
Squirrel,client,456,549,4,M0,F,evaluation,2,1,0,,1,0.0015138946571910971,0.8062430456347802,1,0,2.8435270453364803,0.8727272727272727,0.7854545454545457,1.0
Squirrel,client,456,577,2,M0,F,evaluation,0,1,2,0.0,0,1.4219179074258883,0.27807291999734357,0,0,0.7113665960044725,0.10909090909090909,0.7854545454545457,0.0
Squirrel,client,456,593,2,M0,F,evaluation,0,1,2,0.0,1,0.6212799772967974,0.27807291999734357,0,0,1.113720580925185,0.21818181818181817,0.7854545454545457,0.0
Squirrel,client,456,598,2,M0,F,evaluation,0,1,82,0.4146341463414634,1,0.17904033784424428,0.27807291999734357,1,0,1.0881114575516815,0.21818181818181817,0.7854545454545457,0.0
Squirrel,client,456,623,2,M0,F,evaluation,3,1,84,0.119047619047619,0,3.198037853428322,0.2971876930405475,0,0,1.1595912640784278,0.23636363636363636,0.7854545454545457,0.0
Squirrel,client,456,633,2,M0,F,evaluation,0,1,2,0.0,1,0.5922522241827857,0.27807291999734357,0,0,1.1314979997162569,0.21818181818181817,0.7854545454545457,0.0
Squirrel,client,456,656,2,M0,F,evaluation,0,1,79,0.4177215189873418,1,0.1880864747975696,0.27807291999734357,1,0,1.0832990371201174,0.21818181818181817,0.7854545454545457,0.0
Squirrel,client,456,685,2,M0,F,evaluation,0,1,69,0.3768115942028985,1,0.21089440028543807,0.27807291999734357,1,0,1.0683760398278495,0.21818181818181817,0.7854545454545457,0.0
Squirrel,client,456,693,2,M0,F,evaluation,1,1,75,0.2666666666666666,0,2.171120154020948,1.2003199236286985,0,0,0.7403612047448199,0.12727272727272726,0.7854545454545457,0.0
Squirrel,client,456,710,2,M0,F,evaluation,0,1,10,0.1,1,0.765638723660414,0.27807291999734357,0,0,0.7847102016884672,0.16363636363636364,0.7854545454545457,0.0
Squirrel,client,456,731,2,M0,F,evaluation,3,1,80,0.125,0,3.7818083027676406,0.2971876930405475,0,0,1.0271549929386714,0.2,0.7854545454545457,0.0
Squirrel,client,456,734,2,M0,F,evaluation,1,1,13,0.1538461538461538,0,1.382172797897543,1.2003199236286985,0,0,0.9697343197041879,0.2,0.7854545454545457,0.0
Squirrel,client,456,757,2,M0,F,evaluation,0,1,16,0.125,1,0.43176648086143565,0.27807291999734357,0,0,1.0889884497492346,0.21818181818181817,0.7854545454545457,0.0
Squirrel,client,456,773,2,M0,F,evaluation,3,1,7,0.2857142857142857,0,2.264510511231805,0.2971876930405475,0,0,0.8985984823706418,0.18181818181818182,0.7854545454545457,0.0
Squirrel,client,456,785,2,M0,F,evaluation,1,1,69,0.2608695652173913,0,2.1347026214004963,1.2003199236286985,0,0,0.7470715831568269,0.12727272727272726,0.7854545454545457,0.0
Squirrel,client,456,787,2,M0,F,evaluation,0,1,70,0.3857142857142857,1,0.176451863312433,0.27807291999734357,1,0,1.0768311654264093,0.21818181818181817,0.7854545454545457,0.0
Squirrel,client,456,797,2,M0,F,evaluation,0,1,67,0.3880597014925373,1,0.1951864348342947,0.27807291999734357,1,0,1.08610465911553,0.21818181818181817,0.7854545454545457,0.0
Squirrel,client,456,824,2,M0,F,evaluation,0,1,65,0.3846153846153846,1,0.18249721436786345,0.27807291999734357,1,0,1.0943318374527768,0.21818181818181817,0.7854545454545457,0.0
Squirrel,client,456,831,2,M0,F,evaluation,2,1,14,0.1428571428571428,0,1.9241792251541876,0.8062430456347802,0,0,1.250526717010031,0.2727272727272727,0.7854545454545457,0.0
Squirrel,client,456,883,2,M0,F,evaluation,1,1,4,0.0,0,1.3545078760947569,1.2003199236286985,0,0,1.0030231098038203,0.2,0.7854545454545457,0.0
Squirrel,client,456,886,2,M0,F,evaluation,0,1,0,,1,0.3014477587495407,0.27807291999734357,0,0,1.0904440580449961,0.21818181818181817,0.7854545454545457,0.0
Squirrel,client,456,916,2,M0,F,evaluation,0,1,65,0.3692307692307692,1,0.1830821669303212,0.27807291999734357,1,0,1.089110439118715,0.21818181818181817,0.7854545454545457,0.0
Squirrel,client,456,929,2,M0,F,evaluation,0,1,4,0.0,1,1.0881546811326146,0.27807291999734357,0,0,0.8188168428086775,0.16363636363636364,0.7854545454545457,0.0
Squirrel,client,456,949,2,M0,F,evaluation,1,1,60,0.2666666666666666,0,2.2469718379388834,1.2003199236286985,0,0,0.7149856952158352,0.10909090909090909,0.7854545454545457,0.0
Squirrel,client,456,982,2,M0,F,evaluation,3,1,60,0.1333333333333333,0,3.3358463135189935,0.2971876930405475,0,0,1.0445570882499584,0.21818181818181817,0.7854545454545457,0.0
Squirrel,client,456,988,2,M0,F,evaluation,0,1,5,0.4,1,0.6033846821695346,0.27807291999734357,0,0,1.1226045261321997,0.21818181818181817,0.7854545454545457,0.0
Squirrel,client,456,990,2,M0,F,evaluation,2,1,8,0.25,0,1.1826900002869825,0.8062430456347802,0,0,1.473971339572353,0.38181818181818183,0.7854545454545457,0.0
Squirrel,client,456,1012,2,M0,F,evaluation,0,1,4,0.25,1,0.8382759463941649,0.27807291999734357,0,0,0.9542530158959205,0.2,0.7854545454545457,0.0
Squirrel,client,456,1066,2,M0,F,evaluation,0,1,4,0.0,0,1.3345801975491107,0.27807291999734357,0,0,0.7273138169089186,0.10909090909090909,0.7854545454545457,0.0
Squirrel,client,456,1190,2,M0,F,evaluation,0,1,53,0.3584905660377358,1,0.21259350748138195,0.27807291999734357,1,0,1.0751491616132187,0.21818181818181817,0.7854545454545457,0.0
Squirrel,client,456,1193,2,M0,F,evaluation,3,1,51,0.0980392156862745,0,3.333086546496511,0.2971876930405475,0,0,1.0661687842094258,0.21818181818181817,0.7854545454545457,0.0
Squirrel,client,456,1201,2,M0,F,evaluation,0,1,50,0.36,1,0.19872252551816985,0.27807291999734357,1,0,1.0846092030887295,0.21818181818181817,0.7854545454545457,0.0
Squirrel,client,456,1223,2,M0,F,evaluation,0,1,47,0.3191489361702128,1,0.20393579417460928,0.27807291999734357,1,0,1.082625871786561,0.21818181818181817,0.7854545454545457,0.0
Squirrel,client,456,1241,2,M0,F,evaluation,0,1,42,0.3095238095238095,1,0.20359845038281862,0.27807291999734357,1,0,1.0860366594852062,0.21818181818181817,0.7854545454545457,0.0
Squirrel,client,456,1242,2,M0,F,evaluation,0,1,41,0.3170731707317073,1,0.20318932515252927,0.27807291999734357,1,0,1.0931102549144633,0.21818181818181817,0.7854545454545457,0.0
Squirrel,client,456,1278,2,M0,F,evaluation,1,1,44,0.3181818181818182,0,1.8690704571611194,1.2003199236286985,0,0,0.7483333283440454,0.12727272727272726,0.7854545454545457,0.0
Squirrel,client,456,1284,2,M0,F,evaluation,0,1,1,0.0,1,0.5529794018754753,0.27807291999734357,0,0,0.8528010445160977,0.16363636363636364,0.7854545454545457,0.0
Squirrel,client,456,1296,2,M0,F,evaluation,0,1,39,0.2564102564102564,1,0.21564436580093999,0.27807291999734357,1,0,1.0828416145627173,0.21818181818181817,0.7854545454545457,0.0
Squirrel,client,456,1370,2,M0,F,evaluation,0,1,2,0.0,1,0.5405816088668014,0.27807291999734357,0,0,1.191871471223231,0.23636363636363636,0.7854545454545457,0.0
Squirrel,client,456,1390,2,M0,F,evaluation,4,1,38,0.2105263157894736,0,3.312282514156746,1.50371502886198,0,0,2.782349740580245,0.8727272727272727,0.7854545454545457,1.0
Squirrel,client,456,1396,2,M0,F,evaluation,4,1,3,0.6666666666666666,0,1.7491395202815256,1.50371502886198,0,0,1.5540887064535944,0.38181818181818183,0.7854545454545457,0.0
Squirrel,client,456,1397,2,M0,F,evaluation,2,1,4,0.0,1,0.4502783314633071,0.8062430456347802,1,0,1.7036471495799992,0.4727272727272727,0.7854545454545457,0.0
Squirrel,client,456,1401,2,M0,F,evaluation,3,1,35,0.0285714285714285,0,3.1640438338643575,0.2971876930405475,0,0,1.1425922350136828,0.23636363636363636,0.7854545454545457,0.0
Squirrel,client,456,1403,2,M0,F,evaluation,2,1,32,0.15625,0,3.7791386541355054,0.8062430456347802,0,0,0.5672077948506448,0.10909090909090909,0.7854545454545457,0.0
Squirrel,client,456,1413,2,M0,F,evaluation,0,1,34,0.2647058823529412,1,0.25493299319503215,0.27807291999734357,1,0,1.0629477627143886,0.21818181818181817,0.7854545454545457,0.0
Squirrel,client,456,1419,2,M0,F,evaluation,0,1,32,0.25,1,0.21431172490830677,0.27807291999734357,1,0,1.089119605942953,0.21818181818181817,0.7854545454545457,0.0
Squirrel,client,456,1545,2,M0,F,evaluation,4,1,33,0.1515151515151515,0,3.5605407031724012,1.50371502886198,0,0,5.625867118853091,0.9818181818181818,0.7854545454545457,1.0
Squirrel,client,456,1555,2,M0,F,evaluation,1,1,3,0.0,1,1.0819807334854088,1.2003199236286985,1,0,1.0951482272200737,0.21818181818181817,0.7854545454545457,0.0
Squirrel,client,456,1571,2,M0,F,evaluation,1,1,24,0.3333333333333333,0,1.7641224499102548,1.2003199236286985,0,0,0.7345743792178937,0.12727272727272726,0.7854545454545457,0.0
Squirrel,client,456,1589,2,M0,F,evaluation,1,1,22,0.3181818181818182,0,1.8375329028361131,1.2003199236286985,0,0,0.7264657187844691,0.10909090909090909,0.7854545454545457,0.0
Squirrel,client,456,1592,2,M0,F,evaluation,0,1,21,0.238095238095238,1,0.2887683047342985,0.27807291999734357,0,0,1.039779914396837,0.21818181818181817,0.7854545454545457,0.0
Squirrel,client,456,1621,2,M0,F,evaluation,4,1,23,0.217391304347826,0,2.905354819378742,1.50371502886198,0,0,6.2344485221337305,0.9818181818181818,0.7854545454545457,1.0
Squirrel,client,456,1627,2,M0,F,evaluation,4,1,3,0.6666666666666666,0,1.741901231879761,1.50371502886198,0,0,1.5544900329011029,0.38181818181818183,0.7854545454545457,0.0
Squirrel,client,456,1645,2,M0,F,evaluation,0,1,17,0.1764705882352941,1,0.29295717931430415,0.27807291999734357,0,0,1.0380135332557199,0.21818181818181817,0.7854545454545457,0.0
Squirrel,client,456,1672,2,M0,F,evaluation,2,1,18,0.1111111111111111,0,1.8605311871330525,0.8062430456347802,0,0,1.1083481969520483,0.21818181818181817,0.7854545454545457,0.0
Squirrel,client,456,1686,2,M0,F,evaluation,1,1,2,0.5,0,1.372499539560061,1.2003199236286985,0,0,1.0738181274672716,0.21818181818181817,0.7854545454545457,0.0
Squirrel,client,456,1724,2,M0,F,evaluation,0,1,1,0.0,1,0.879153864096615,0.27807291999734357,0,0,0.8718188609031181,0.16363636363636364,0.7854545454545457,0.0
Squirrel,client,456,1726,2,M0,F,evaluation,4,1,14,0.1428571428571428,0,2.2872298671814724,1.50371502886198,0,0,7.080484139650292,0.9818181818181818,0.7854545454545457,1.0
Squirrel,client,456,1733,2,M0,F,evaluation,1,1,13,0.3076923076923077,0,1.7060937954175037,1.2003199236286985,0,0,0.6865418009462726,0.10909090909090909,0.7854545454545457,0.0
Squirrel,client,456,1773,2,M0,F,evaluation,2,1,12,0.0833333333333333,0,2.8638115018730153,0.8062430456347802,0,0,0.7093234279440195,0.10909090909090909,0.7854545454545457,0.0
Squirrel,client,456,1776,2,M0,F,evaluation,0,1,10,0.2,1,0.3645474624136685,0.27807291999734357,0,0,0.9776466146720565,0.2,0.7854545454545457,0.0
Squirrel,client,456,1832,2,M0,F,evaluation,4,1,5,0.0,0,1.6224358463307893,1.50371502886198,0,0,4.135545375647552,0.9090909090909091,0.7854545454545457,1.0
Squirrel,client,456,1907,2,M0,F,evaluation,3,1,3,0.0,0,2.481891951107621,0.2971876930405475,0,0,1.7851407808608792,0.4909090909090909,0.7854545454545457,0.0
Squirrel,client,456,1922,2,M0,F,evaluation,0,1,2,0.5,1,0.405818283553547,0.27807291999734357,0,0,0.9189687130490569,0.2,0.7854545454545457,0.0
Squirrel,client,456,1931,2,M0,F,evaluation,3,1,0,,0,1.3579264963273907,0.2971876930405475,0,0,0.8236632010272092,0.16363636363636364,0.7854545454545457,0.0
Squirrel,client,456,1940,2,M0,F,evaluation,4,1,0,,0,1.4197778759530413,1.50371502886198,1,0,11.474220593403285,1.0,0.7854545454545457,1.0
Squirrel,client,456,5,2,M0,H,evaluation,0,0,3,0.0,1,0.7695584649262445,0.27807291999734357,0,0,0.9925865853432253,0.2,0.7854545454545457,0.0
Squirrel,client,456,7,4,M0,H,evaluation,0,0,1,0.0,0,8.903377565389224,0.27807291999734357,0,0,0.03132175381445347,0.0,0.7854545454545457,0.0
Squirrel,client,456,9,4,M0,H,evaluation,2,0,3,0.0,0,5.3921354159362975,0.8062430456347802,0,0,0.030106084028060053,0.0,0.7854545454545457,0.0
Squirrel,client,456,29,2,M0,H,evaluation,0,0,5,0.2,0,1.2068476582921603,0.27807291999734357,0,0,0.8040903181715414,0.16363636363636364,0.7854545454545457,0.0
Squirrel,client,456,37,4,M0,H,evaluation,0,0,1,0.0,0,3.0155360930129054,0.27807291999734357,0,0,0.2696911549707602,0.05454545454545454,0.7854545454545457,0.0
Squirrel,client,456,59,4,M0,H,evaluation,1,0,5,0.2,0,1.2302528871915763,1.2003199236286985,0,0,1.9393475843905978,0.5636363636363636,0.7854545454545457,0.0
Squirrel,client,456,66,4,M0,H,evaluation,0,0,2,0.0,0,2.6915251474822224,0.27807291999734357,0,0,0.5077916699024099,0.09090909090909091,0.7854545454545457,0.0
Squirrel,client,456,94,2,M0,H,evaluation,0,0,4,0.25,1,0.527086286450125,0.27807291999734357,0,0,1.054465082176424,0.21818181818181817,0.7854545454545457,0.0
Squirrel,client,456,106,4,M0,H,evaluation,1,0,1,0.0,0,1.8586629086774078,1.2003199236286985,0,0,0.7645432692307691,0.14545454545454545,0.7854545454545457,0.0
Squirrel,client,456,118,4,M0,H,evaluation,3,0,0,,0,2.8945335430690813,0.2971876930405475,0,0,0.23341151296374482,0.05454545454545454,0.7854545454545457,0.0
Squirrel,client,456,122,4,M0,H,evaluation,0,0,0,,0,1.4212832715682382,0.27807291999734357,0,0,0.5887315539848647,0.10909090909090909,0.7854545454545457,0.0
Squirrel,client,456,133,4,M0,H,evaluation,2,0,1,0.0,0,10.525321606011762,0.8062430456347802,0,0,0.004284159786841379,0.0,0.7854545454545457,0.0
Squirrel,client,456,149,4,M0,H,evaluation,1,0,0,,0,1.7346636061500664,1.2003199236286985,0,0,0.9926332723427098,0.2,0.7854545454545457,0.0
Squirrel,client,456,158,4,M0,H,evaluation,1,0,1,0.0,0,3.022601285523534,1.2003199236286985,0,0,0.4004995448868808,0.07272727272727272,0.7854545454545457,0.0
Squirrel,client,456,159,2,M0,H,evaluation,1,0,10,0.1,1,0.928106058063849,1.2003199236286985,1,0,1.246247317573683,0.2727272727272727,0.7854545454545457,0.0
Squirrel,client,456,160,4,M0,H,evaluation,0,0,1,0.0,0,2.7061462869559563,0.27807291999734357,0,0,0.18050742420196605,0.05454545454545454,0.7854545454545457,0.0
Squirrel,client,456,170,4,M0,H,evaluation,0,0,0,,0,6.090822383066986,0.27807291999734357,0,0,0.022467476443235084,0.0,0.7854545454545457,0.0
Squirrel,client,456,176,4,M0,H,evaluation,3,0,0,,0,4.266347794176013,0.2971876930405475,0,0,0.5292688717239977,0.10909090909090909,0.7854545454545457,0.0
Squirrel,client,456,196,4,M0,H,evaluation,3,0,0,,1,0.05558163097881989,0.2971876930405475,1,0,3.3335678697446425,0.8909090909090909,0.7854545454545457,1.0
Squirrel,client,456,215,4,M0,H,evaluation,0,0,0,,1,0.13331039792093627,0.27807291999734357,1,0,1.5892199409375887,0.4,0.7854545454545457,0.0
Squirrel,client,456,238,4,M0,H,evaluation,0,0,0,,0,1.6798133984804493,0.27807291999734357,0,0,0.4206431757040352,0.07272727272727272,0.7854545454545457,0.0
Squirrel,client,456,257,2,M0,H,evaluation,0,0,84,0.4285714285714285,1,0.1738534920923363,0.27807291999734357,1,0,1.0905653298516063,0.21818181818181817,0.7854545454545457,0.0
Squirrel,client,456,260,4,M0,H,evaluation,2,0,1,1.0,0,2.4307044618015787,0.8062430456347802,0,0,0.6635731044150619,0.10909090909090909,0.7854545454545457,0.0
Squirrel,client,456,269,4,M0,H,evaluation,0,0,2,0.5,0,3.890502922403794,0.27807291999734357,0,0,0.2224391487837895,0.05454545454545454,0.7854545454545457,0.0
Squirrel,client,456,287,4,M0,H,evaluation,1,0,0,,0,1.4393320106132244,1.2003199236286985,0,0,1.0260793227536145,0.2,0.7854545454545457,0.0
Squirrel,client,456,290,4,M0,H,evaluation,3,0,2,0.0,0,7.608869339955344,0.2971876930405475,0,0,0.23265544172837002,0.05454545454545454,0.7854545454545457,0.0
Squirrel,client,456,296,4,M0,H,evaluation,0,0,1,0.0,0,4.178521887547763,0.27807291999734357,0,0,0.10252092183731466,0.01818181818181818,0.7854545454545457,0.0
Squirrel,client,456,297,4,M0,H,evaluation,1,0,0,,0,2.7987046772030144,1.2003199236286985,0,0,0.5476565113877158,0.10909090909090909,0.7854545454545457,0.0
Squirrel,client,456,298,2,M0,H,evaluation,0,0,1,0.0,1,0.5394374834378274,0.27807291999734357,0,0,1.0931016829012081,0.21818181818181817,0.7854545454545457,0.0
Squirrel,client,456,300,4,M0,H,evaluation,4,0,0,,0,2.9254910317678786,1.50371502886198,0,0,4.796303517117679,0.9090909090909091,0.7854545454545457,1.0
Squirrel,client,456,313,4,M0,H,evaluation,3,0,0,,0,3.2161297337455754,0.2971876930405475,0,0,0.3374687654080998,0.07272727272727272,0.7854545454545457,0.0
Squirrel,client,456,316,4,M0,H,evaluation,0,0,0,,1,0.29406849650144296,0.27807291999734357,0,0,1.1287689673262133,0.21818181818181817,0.7854545454545457,0.0
Squirrel,client,456,317,4,M0,H,evaluation,2,0,1,0.0,0,2.9058192710155213,0.8062430456347802,0,0,0.19154724305971468,0.05454545454545454,0.7854545454545457,0.0
Squirrel,client,456,328,4,M0,H,evaluation,0,0,0,,1,0.4034560684437414,0.27807291999734357,0,0,1.0660015346007627,0.21818181818181817,0.7854545454545457,0.0
Squirrel,client,456,330,4,M0,H,evaluation,0,0,0,,1,0.6384008544965467,0.27807291999734357,0,0,1.1441794441835047,0.23636363636363636,0.7854545454545457,0.0
Squirrel,client,456,335,2,M0,H,evaluation,0,0,3,0.0,1,0.6919800553523421,0.27807291999734357,0,0,1.0440556060981112,0.21818181818181817,0.7854545454545457,0.0
Squirrel,client,456,343,4,M0,H,evaluation,1,0,0,,0,2.9790814982126954,1.2003199236286985,0,0,0.19681895061239132,0.05454545454545454,0.7854545454545457,0.0
Squirrel,client,456,344,2,M0,H,evaluation,1,0,99,0.2626262626262626,0,2.1148726562786466,1.2003199236286985,0,0,0.7800013833875161,0.16363636363636364,0.7854545454545457,0.0
Squirrel,client,456,353,4,M0,H,evaluation,3,0,2,0.0,0,2.0796552426873656,0.2971876930405475,0,0,0.5525211596533562,0.10909090909090909,0.7854545454545457,0.0
Squirrel,client,456,364,4,M0,H,evaluation,1,0,0,,0,1.7346636061500664,1.2003199236286985,0,0,0.9926332723427098,0.2,0.7854545454545457,0.0
Squirrel,client,456,380,4,M0,H,evaluation,1,0,0,,0,2.4924186378061606,1.2003199236286985,0,0,0.8269875495583223,0.16363636363636364,0.7854545454545457,0.0
Squirrel,client,456,390,4,M0,H,evaluation,0,0,0,,0,3.170425415096964,0.27807291999734357,0,0,0.3469547984239873,0.07272727272727272,0.7854545454545457,0.0
Squirrel,client,456,428,4,M0,H,evaluation,0,0,0,,1,0.3189601942482771,0.27807291999734357,0,0,1.4945693519649703,0.38181818181818183,0.7854545454545457,0.0
Squirrel,client,456,452,4,M0,H,evaluation,0,0,0,,0,0.8532834137100929,0.27807291999734357,0,0,1.802441278667017,0.509090909090909,0.7854545454545457,0.0
Squirrel,client,456,457,4,M0,H,evaluation,0,0,0,,1,0.5395359056152828,0.27807291999734357,0,0,0.7493512501941045,0.12727272727272726,0.7854545454545457,0.0
Squirrel,client,456,478,2,M0,H,evaluation,2,0,1,0.0,0,2.1683743513713396,0.8062430456347802,0,0,1.1018186730240207,0.21818181818181817,0.7854545454545457,0.0
Squirrel,client,456,490,4,M0,H,evaluation,0,0,0,,1,0.37356577571587524,0.27807291999734357,0,0,1.945403002392907,0.5636363636363636,0.7854545454545457,0.0
Squirrel,client,456,499,4,M0,H,evaluation,2,0,0,,0,6.05039642976132,0.8062430456347802,0,0,0.03483149500443032,0.0,0.7854545454545457,0.0
Squirrel,client,456,508,4,M0,H,evaluation,1,0,1,0.0,0,1.7409852802517032,1.2003199236286985,0,0,2.936047006147952,0.8727272727272727,0.7854545454545457,1.0
Squirrel,client,456,515,4,M0,H,evaluation,0,0,1,0.0,0,5.814404243926749,0.27807291999734357,0,0,0.0778185341280395,0.01818181818181818,0.7854545454545457,0.0
Squirrel,client,456,529,2,M0,H,evaluation,0,0,5,0.0,1,0.9711796962412425,0.27807291999734357,0,0,0.6854958992531681,0.10909090909090909,0.7854545454545457,0.0
Squirrel,client,456,568,2,M0,H,evaluation,1,0,83,0.2650602409638554,0,2.09753140611536,1.2003199236286985,0,0,0.754421901311091,0.12727272727272726,0.7854545454545457,0.0
Squirrel,client,456,627,2,M0,H,evaluation,1,0,4,0.0,0,1.1953783520121937,1.2003199236286985,1,0,1.1025782613438044,0.21818181818181817,0.7854545454545457,0.0
Squirrel,client,456,629,2,M0,H,evaluation,3,0,68,0.1176470588235294,0,3.4584804255698547,0.2971876930405475,0,0,1.004591812239803,0.2,0.7854545454545457,0.0
Squirrel,client,456,682,2,M0,H,evaluation,1,0,83,0.2650602409638554,0,2.174322390736152,1.2003199236286985,0,0,0.8103883523644584,0.16363636363636364,0.7854545454545457,0.0
Squirrel,client,456,706,2,M0,H,evaluation,1,0,10,0.1,0,1.0867689678561754,1.2003199236286985,1,0,1.1192008341153818,0.21818181818181817,0.7854545454545457,0.0
Squirrel,client,456,720,2,M0,H,evaluation,0,0,3,0.3333333333333333,1,0.7536465431395996,0.27807291999734357,0,0,0.9966014380700768,0.2,0.7854545454545457,0.0
Squirrel,client,456,768,2,M0,H,evaluation,0,0,69,0.4202898550724637,1,0.1441429961380828,0.27807291999734357,1,0,1.1003836678774779,0.21818181818181817,0.7854545454545457,0.0
Squirrel,client,456,779,2,M0,H,evaluation,0,0,70,0.4,1,0.1932520242332187,0.27807291999734357,1,0,1.0848384164353153,0.21818181818181817,0.7854545454545457,0.0
Squirrel,client,456,829,2,M0,H,evaluation,1,0,2,0.5,0,1.6421078500698962,1.2003199236286985,0,0,0.5953821214109098,0.10909090909090909,0.7854545454545457,0.0
Squirrel,client,456,1001,2,M0,H,evaluation,3,0,58,0.1206896551724138,0,3.6608004587021545,0.2971876930405475,0,0,0.9623231698051672,0.2,0.7854545454545457,0.0
Squirrel,client,456,1013,2,M0,H,evaluation,0,0,2,0.0,1,0.6570649730331386,0.27807291999734357,0,0,0.8352877051474746,0.16363636363636364,0.7854545454545457,0.0
Squirrel,client,456,1062,2,M0,H,evaluation,0,0,50,0.36,1,0.1750450681489183,0.27807291999734357,1,0,1.097801782204004,0.21818181818181817,0.7854545454545457,0.0
Squirrel,client,456,1102,2,M0,H,evaluation,0,0,49,0.3673469387755102,1,0.19155565854650922,0.27807291999734357,1,0,1.0947661535116695,0.21818181818181817,0.7854545454545457,0.0
Squirrel,client,456,1145,2,M0,H,evaluation,0,0,3,0.0,1,0.8977106108001356,0.27807291999734357,0,0,1.0584812224087345,0.21818181818181817,0.7854545454545457,0.0
Squirrel,client,456,1160,2,M0,H,evaluation,1,0,52,0.2692307692307692,0,2.0798918522235974,1.2003199236286985,0,0,0.7321127414281197,0.10909090909090909,0.7854545454545457,0.0
Squirrel,client,456,1166,2,M0,H,evaluation,0,0,2,0.0,0,1.274604665024924,0.27807291999734357,0,0,0.7364414314292065,0.12727272727272726,0.7854545454545457,0.0
Squirrel,client,456,1245,2,M0,H,evaluation,3,0,33,0.1212121212121212,0,3.0449305114310454,0.2971876930405475,0,0,1.1340224629047206,0.21818181818181817,0.7854545454545457,0.0
Squirrel,client,456,1248,2,M0,H,evaluation,0,0,44,0.2727272727272727,1,0.23063731837576157,0.27807291999734357,1,0,1.0733017444979642,0.21818181818181817,0.7854545454545457,0.0
Squirrel,client,456,1251,2,M0,H,evaluation,1,0,4,0.0,0,1.2984043304105488,1.2003199236286985,0,0,0.9684121153178404,0.2,0.7854545454545457,0.0
Squirrel,client,456,1301,2,M0,H,evaluation,1,0,39,0.3076923076923077,0,1.9290434990780239,1.2003199236286985,0,0,0.73159228084986,0.10909090909090909,0.7854545454545457,0.0
Squirrel,client,456,1334,2,M0,H,evaluation,3,0,38,0.0789473684210526,0,3.090326597382413,0.2971876930405475,0,0,1.154137909795544,0.23636363636363636,0.7854545454545457,0.0
Squirrel,client,456,1351,2,M0,H,evaluation,0,0,1,0.0,1,0.7780367106204062,0.27807291999734357,0,0,0.9046001547523642,0.18181818181818182,0.7854545454545457,0.0
Squirrel,client,456,1464,2,M0,H,evaluation,1,0,30,0.3666666666666666,0,1.9427678775138544,1.2003199236286985,0,0,0.7186948853615521,0.10909090909090909,0.7854545454545457,0.0
Squirrel,client,456,1534,2,M0,H,evaluation,1,0,25,0.36,0,2.0651455743256815,1.2003199236286985,0,0,0.6984682482321312,0.10909090909090909,0.7854545454545457,0.0
Squirrel,client,456,1637,2,M0,H,evaluation,0,0,18,0.2222222222222222,1,0.3141794021529025,0.27807291999734357,0,0,1.0239916260304929,0.2,0.7854545454545457,0.0
Squirrel,client,456,1658,2,M0,H,evaluation,1,0,17,0.3529411764705882,0,1.830505499732667,1.2003199236286985,0,0,0.7426506215081292,0.12727272727272726,0.7854545454545457,0.0
Squirrel,client,456,1709,2,M0,H,evaluation,1,0,1,0.0,0,1.1576408333393475,1.2003199236286985,1,0,1.1602341940205525,0.23636363636363636,0.7854545454545457,0.0
Squirrel,client,456,1799,2,M0,H,evaluation,1,0,3,0.0,0,2.6926639521953732,1.2003199236286985,0,0,0.3084685386206736,0.05454545454545454,0.7854545454545457,0.0
Squirrel,client,456,1847,2,M0,H,evaluation,1,0,5,0.2,0,2.1024656264312807,1.2003199236286985,0,0,0.5594250290333481,0.10909090909090909,0.7854545454545457,0.0
Squirrel,client,456,1905,2,M0,H,evaluation,1,0,4,0.0,0,2.126809885292902,1.2003199236286985,0,0,0.5386642863634786,0.10909090909090909,0.7854545454545457,0.0
Squirrel,client,456,1927,2,M0,H,evaluation,0,0,1,0.0,1,0.47435900208432236,0.27807291999734357,0,0,0.9012835053495142,0.18181818181818182,0.7854545454545457,0.0
Squirrel,client,456,28,5,M0,attack_member,evaluation,1,1,4,0.25,1,0.7635447408500348,1.2003199236286985,1,0,1.7968808837694175,0.509090909090909,0.7854545454545457,0.0
Squirrel,client,456,31,5,M0,attack_member,evaluation,1,1,1,0.0,1,0.4509509436037124,1.2003199236286985,1,0,97.6510328239955,1.0,0.7854545454545457,1.0
Squirrel,client,456,33,5,M0,attack_member,evaluation,0,1,0,,1,0.11551718971953034,0.27807291999734357,1,0,1.1330692083967795,0.21818181818181817,0.7854545454545457,0.0
Squirrel,client,456,40,3,M0,attack_member,evaluation,0,1,1,1.0,1,0.18284182163461432,0.27807291999734357,1,0,1.0729916800671186,0.21818181818181817,0.7854545454545457,0.0
Squirrel,client,456,49,5,M0,attack_member,evaluation,2,1,1,0.0,1,0.449587309669369,0.8062430456347802,1,0,3.6461806210815455,0.9090909090909091,0.7854545454545457,1.0
Squirrel,client,456,51,3,M0,attack_member,evaluation,3,1,4,0.0,0,1.7822514848652182,0.2971876930405475,0,0,2.7767166485730534,0.8727272727272727,0.7854545454545457,1.0
Squirrel,client,456,52,6,M0,attack_member,evaluation,0,1,91,0.0989010989010989,1,0.7674398132597078,0.27807291999734357,0,0,0.8063320114059555,0.16363636363636364,0.7854545454545457,0.0
Squirrel,client,456,57,5,M0,attack_member,evaluation,0,1,2,0.0,1,0.013005035341944159,0.27807291999734357,1,0,2.8833658448039596,0.8727272727272727,0.7854545454545457,1.0
Squirrel,client,456,61,6,M0,attack_member,evaluation,2,1,96,0.28125,0,1.8192792359455179,0.8062430456347802,0,0,1.320836834651838,0.32727272727272727,0.7854545454545457,0.0
Squirrel,client,456,68,5,M0,attack_member,evaluation,2,1,2,0.0,1,0.03636328893103297,0.8062430456347802,1,0,39.86156602558719,1.0,0.7854545454545457,1.0
Squirrel,client,456,72,5,M0,attack_member,evaluation,0,1,0,,1,0.08676003936158143,0.27807291999734357,1,0,1.648851077784207,0.45454545454545453,0.7854545454545457,0.0
Squirrel,client,456,81,5,M0,attack_member,evaluation,0,1,3,0.6666666666666666,1,0.2579943122443014,0.27807291999734357,1,0,1.042604694708444,0.21818181818181817,0.7854545454545457,0.0
Squirrel,client,456,98,6,M0,attack_member,evaluation,1,1,21,0.2857142857142857,0,1.2499591950769093,1.2003199236286985,0,0,1.052028566046137,0.21818181818181817,0.7854545454545457,0.0
Squirrel,client,456,99,5,M0,attack_member,evaluation,1,1,1,1.0,1,0.0714043085775157,1.2003199236286985,1,0,1.2020614516405954,0.23636363636363636,0.7854545454545457,0.0
Squirrel,client,456,109,5,M0,attack_member,evaluation,1,1,0,,1,0.12358973116416112,1.2003199236286985,1,0,4.476447792627786,0.9090909090909091,0.7854545454545457,1.0
Squirrel,client,456,112,5,M0,attack_member,evaluation,1,1,2,0.0,1,0.03078298985253013,1.2003199236286985,1,0,1.7219888182149659,0.4909090909090909,0.7854545454545457,0.0
Squirrel,client,456,113,3,M0,attack_member,evaluation,0,1,2,0.5,1,0.036864317056166045,0.27807291999734357,1,0,1.2008354597831494,0.23636363636363636,0.7854545454545457,0.0
Squirrel,client,456,127,6,M0,attack_member,evaluation,1,1,3,0.0,0,1.3053246079952021,1.2003199236286985,0,0,1.0208555068929954,0.2,0.7854545454545457,0.0
Squirrel,client,456,139,5,M0,attack_member,evaluation,0,1,6,0.3333333333333333,1,0.7063427096869365,0.27807291999734357,0,0,1.5234240031198205,0.38181818181818183,0.7854545454545457,0.0
Squirrel,client,456,195,5,M0,attack_member,evaluation,0,1,0,,1,0.04325646430563755,0.27807291999734357,1,0,1.6179205074988015,0.4,0.7854545454545457,0.0
Squirrel,client,456,202,5,M0,attack_member,evaluation,1,1,0,,1,0.006891253388895329,1.2003199236286985,1,0,1.489177279286303,0.38181818181818183,0.7854545454545457,0.0
Squirrel,client,456,203,5,M0,attack_member,evaluation,2,1,0,,1,0.5676334913254828,0.8062430456347802,1,0,5.021013054964993,0.9636363636363636,0.7854545454545457,1.0
Squirrel,client,456,204,3,M0,attack_member,evaluation,0,1,2,0.5,1,0.3378074536922048,0.27807291999734357,0,0,1.185396897311181,0.23636363636363636,0.7854545454545457,0.0
Squirrel,client,456,206,3,M0,attack_member,evaluation,0,1,1,1.0,1,0.3100208924366403,0.27807291999734357,0,0,1.785761175978983,0.4909090909090909,0.7854545454545457,0.0
Squirrel,client,456,220,5,M0,attack_member,evaluation,1,1,0,,1,0.025238669531728222,1.2003199236286985,1,0,2.753847272681281,0.8727272727272727,0.7854545454545457,1.0
Squirrel,client,456,225,5,M0,attack_member,evaluation,0,1,1,0.0,1,0.5883146532709376,0.27807291999734357,0,0,0.9666006032265296,0.2,0.7854545454545457,0.0
Squirrel,client,456,291,3,M0,attack_member,evaluation,1,1,2,0.0,1,0.45800348570238586,1.2003199236286985,1,0,1.5691108487010705,0.38181818181818183,0.7854545454545457,0.0
Squirrel,client,456,302,3,M0,attack_member,evaluation,1,1,1,0.0,1,0.9014264873833954,1.2003199236286985,1,0,1.3810364589478652,0.34545454545454546,0.7854545454545457,0.0
Squirrel,client,456,307,5,M0,attack_member,evaluation,2,1,2,0.5,1,0.5146295406993732,0.8062430456347802,1,0,0.8297621071440199,0.16363636363636364,0.7854545454545457,0.0
Squirrel,client,456,320,5,M0,attack_member,evaluation,1,1,5,0.6,1,0.2474947743492992,1.2003199236286985,1,0,9.80375300484632,0.9818181818181818,0.7854545454545457,1.0
Squirrel,client,456,341,6,M0,attack_member,evaluation,0,1,3,0.3333333333333333,1,0.7850296819682889,0.27807291999734357,0,0,1.0768625322296104,0.21818181818181817,0.7854545454545457,0.0
Squirrel,client,456,371,5,M0,attack_member,evaluation,2,1,0,,1,1.166955451708401,0.8062430456347802,0,0,2.3697701714507557,0.7636363636363637,0.7854545454545457,0.0
Squirrel,client,456,379,5,M0,attack_member,evaluation,0,1,0,,1,0.047424395223603456,0.27807291999734357,1,0,2.2254858234761437,0.6545454545454545,0.7854545454545457,0.0
Squirrel,client,456,389,3,M0,attack_member,evaluation,0,1,6,0.8333333333333334,1,0.016508043516761668,0.27807291999734357,1,0,1.0794099717542252,0.21818181818181817,0.7854545454545457,0.0
Squirrel,client,456,415,6,M0,attack_member,evaluation,0,1,124,0.1532258064516129,1,0.7731832148150137,0.27807291999734357,0,0,0.8912441179484349,0.16363636363636364,0.7854545454545457,0.0
Squirrel,client,456,436,3,M0,attack_member,evaluation,1,1,10,0.0,0,1.1076839858527374,1.2003199236286985,1,0,1.4749311156755671,0.38181818181818183,0.7854545454545457,0.0
Squirrel,client,456,441,3,M0,attack_member,evaluation,2,1,0,,1,0.0019909970314664523,0.8062430456347802,1,0,2.502736514120413,0.8181818181818182,0.7854545454545457,1.0
Squirrel,client,456,476,3,M0,attack_member,evaluation,0,1,2,0.0,1,0.25268924567991846,0.27807291999734357,1,0,1.6936065112924221,0.4727272727272727,0.7854545454545457,0.0
Squirrel,client,456,494,5,M0,attack_member,evaluation,1,1,0,,1,0.446292225865511,1.2003199236286985,1,0,22.603150945620506,1.0,0.7854545454545457,1.0
Squirrel,client,456,525,6,M0,attack_member,evaluation,4,1,119,0.1176470588235294,0,2.463634439461946,1.50371502886198,0,0,1.0526866882401178,0.21818181818181817,0.7854545454545457,0.0
Squirrel,client,456,527,5,M0,attack_member,evaluation,0,1,3,0.0,1,0.08519782603247845,0.27807291999734357,1,0,1.3852809837267774,0.34545454545454546,0.7854545454545457,0.0
Squirrel,client,456,545,3,M0,attack_member,evaluation,1,1,0,,1,0.2561172272006754,1.2003199236286985,1,0,2.0496435657869063,0.6545454545454545,0.7854545454545457,0.0
Squirrel,client,456,562,5,M0,attack_member,evaluation,0,1,0,,1,0.22392253766897488,0.27807291999734357,1,0,1.2059154171593185,0.23636363636363636,0.7854545454545457,0.0
Squirrel,client,456,567,0,M0,attack_member,evaluation,0,1,3,0.6666666666666666,1,0.8848654258586208,0.27807291999734357,0,0,0.925484012244659,0.2,0.7854545454545457,0.0
Squirrel,client,456,584,0,M0,attack_member,evaluation,0,1,2,0.0,0,1.5573209926305303,0.27807291999734357,0,0,0.8984112282969314,0.18181818181818182,0.7854545454545457,0.0
Squirrel,client,456,589,0,M0,attack_member,evaluation,1,1,6,0.1666666666666666,0,2.4065335191571204,1.2003199236286985,0,0,0.5478449201293513,0.10909090909090909,0.7854545454545457,0.0
Squirrel,client,456,590,0,M0,attack_member,evaluation,3,1,8,0.25,1,0.3256309505544044,0.2971876930405475,0,0,1.4652836993580098,0.38181818181818183,0.7854545454545457,0.0
Squirrel,client,456,595,0,M0,attack_member,evaluation,0,1,4,0.0,0,2.14245974901704,0.27807291999734357,0,0,0.5325162560250338,0.10909090909090909,0.7854545454545457,0.0
Squirrel,client,456,596,3,M0,attack_member,evaluation,0,1,3,0.0,1,0.5160848842334772,0.27807291999734357,0,0,0.802940926138454,0.16363636363636364,0.7854545454545457,0.0
Squirrel,client,456,603,5,M0,attack_member,evaluation,0,1,0,,1,0.05900388722020397,0.27807291999734357,1,0,1.3863127997586326,0.34545454545454546,0.7854545454545457,0.0
Squirrel,client,456,604,0,M0,attack_member,evaluation,3,1,2,0.0,0,1.6413571673703087,0.2971876930405475,0,0,1.2999182425110527,0.32727272727272727,0.7854545454545457,0.0
Squirrel,client,456,631,0,M0,attack_member,evaluation,1,1,3,0.3333333333333333,1,0.6163684946887522,1.2003199236286985,1,0,3.415910166637051,0.8909090909090909,0.7854545454545457,1.0
Squirrel,client,456,647,5,M0,attack_member,evaluation,4,1,0,,1,0.003191932192228564,1.50371502886198,1,0,15.49178671533798,1.0,0.7854545454545457,1.0
Squirrel,client,456,650,0,M0,attack_member,evaluation,1,1,2,0.0,0,1.6125755962118606,1.2003199236286985,0,0,1.1146352745322676,0.21818181818181817,0.7854545454545457,0.0
Squirrel,client,456,655,5,M0,attack_member,evaluation,1,1,0,,1,0.08826801598337036,1.2003199236286985,1,0,2.8153575176135512,0.8727272727272727,0.7854545454545457,1.0
Squirrel,client,456,658,3,M0,attack_member,evaluation,0,1,1,0.0,1,0.5999150262522119,0.27807291999734357,0,0,1.1555714498000427,0.23636363636363636,0.7854545454545457,0.0
Squirrel,client,456,670,5,M0,attack_member,evaluation,0,1,0,,1,0.17918172595676776,0.27807291999734357,1,0,3.9936334209847653,0.9090909090909091,0.7854545454545457,1.0
Squirrel,client,456,673,0,M0,attack_member,evaluation,1,1,1,0.0,1,0.0007021820932710879,1.2003199236286985,1,0,6.435741226545298,0.9818181818181818,0.7854545454545457,1.0
Squirrel,client,456,674,3,M0,attack_member,evaluation,2,1,1,1.0,0,1.417057235892823,0.8062430456347802,0,0,1.6883851305706101,0.45454545454545453,0.7854545454545457,0.0
Squirrel,client,456,678,0,M0,attack_member,evaluation,4,1,24,0.3333333333333333,1,0.27000434847775356,1.50371502886198,1,0,4.861293318439237,0.9272727272727272,0.7854545454545457,1.0
Squirrel,client,456,722,3,M0,attack_member,evaluation,1,1,0,,1,0.19693152740991707,1.2003199236286985,1,0,7.504516391643189,0.9818181818181818,0.7854545454545457,1.0
Squirrel,client,456,735,5,M0,attack_member,evaluation,3,1,0,,1,0.010250061753170244,0.2971876930405475,1,0,2.003415593172955,0.6363636363636364,0.7854545454545457,0.0
Squirrel,client,456,749,6,M0,attack_member,evaluation,0,1,0,,1,0.009586555836146479,0.27807291999734357,1,0,2.4868059443435935,0.7636363636363637,0.7854545454545457,0.0
Squirrel,client,456,751,1,M0,attack_member,evaluation,0,1,0,,1,0.286179113600525,0.27807291999734357,0,0,1.2856751747210844,0.3090909090909091,0.7854545454545457,0.0
Squirrel,client,456,754,1,M0,attack_member,evaluation,3,1,13,0.0769230769230769,1,0.33635727274294147,0.2971876930405475,0,0,1.8240451291916522,0.509090909090909,0.7854545454545457,0.0
Squirrel,client,456,777,0,M0,attack_member,evaluation,0,1,1,0.0,1,0.8409668494160727,0.27807291999734357,0,0,2.274575806193491,0.7090909090909091,0.7854545454545457,0.0
Squirrel,client,456,781,0,M0,attack_member,evaluation,2,1,5,0.2,0,1.0725443850914513,0.8062430456347802,0,0,2.3994431594705357,0.7636363636363637,0.7854545454545457,0.0
Squirrel,client,456,783,8,M0,attack_member,evaluation,0,1,2,0.0,0,0.9612632294084553,0.27807291999734357,0,0,5.497306903121794,0.9818181818181818,0.7854545454545457,1.0
Squirrel,client,456,792,0,M0,attack_member,evaluation,1,1,1,0.0,1,0.6520517257217299,1.2003199236286985,1,0,2.4774151365539065,0.7636363636363637,0.7854545454545457,0.0
Squirrel,client,456,794,3,M0,attack_member,evaluation,1,1,1,0.0,1,0.6812310044635983,1.2003199236286985,1,0,1.9167034527762317,0.5636363636363636,0.7854545454545457,0.0
Squirrel,client,456,811,0,M0,attack_member,evaluation,0,1,4,0.0,0,1.4391016299027195,0.27807291999734357,0,0,1.4380107011745453,0.34545454545454546,0.7854545454545457,0.0
Squirrel,client,456,819,0,M0,attack_member,evaluation,4,1,1,0.0,1,0.39335664544223503,1.50371502886198,1,0,7.860906662799269,0.9818181818181818,0.7854545454545457,1.0
Squirrel,client,456,828,1,M0,attack_member,evaluation,1,1,8,0.375,1,0.8644737508190476,1.2003199236286985,1,0,1.8007910308180952,0.509090909090909,0.7854545454545457,0.0
Squirrel,client,456,835,0,M0,attack_member,evaluation,1,1,5,0.2,1,1.1434853660446356,1.2003199236286985,1,0,2.1914986824440246,0.6545454545454545,0.7854545454545457,0.0
Squirrel,client,456,841,3,M0,attack_member,evaluation,1,1,0,,0,1.7346636061500664,1.2003199236286985,0,0,0.9926332723427098,0.2,0.7854545454545457,0.0
Squirrel,client,456,848,0,M0,attack_member,evaluation,4,1,9,0.2222222222222222,1,0.20730265130187123,1.50371502886198,1,0,13.120003749018808,1.0,0.7854545454545457,1.0
Squirrel,client,456,852,0,M0,attack_member,evaluation,2,1,4,0.25,1,0.8175966923816312,0.8062430456347802,0,0,1.6224595665625399,0.4,0.7854545454545457,0.0
Squirrel,client,456,858,1,M0,attack_member,evaluation,1,1,4,0.25,0,1.2586390437754411,1.2003199236286985,0,0,0.9630229173554034,0.2,0.7854545454545457,0.0
Squirrel,client,456,865,1,M0,attack_member,evaluation,3,1,4,0.0,0,1.6697749692081203,0.2971876930405475,0,0,3.3381228485260817,0.8909090909090909,0.7854545454545457,1.0
Squirrel,client,456,868,0,M0,attack_member,evaluation,0,1,3,0.3333333333333333,1,0.1626014152785889,0.27807291999734357,1,0,2.1537828515174864,0.6545454545454545,0.7854545454545457,0.0
Squirrel,client,456,870,1,M0,attack_member,evaluation,0,1,9,0.3333333333333333,1,0.9901846548038451,0.27807291999734357,0,0,0.6811510687322069,0.10909090909090909,0.7854545454545457,0.0
Squirrel,client,456,885,6,M0,attack_member,evaluation,2,1,94,0.2978723404255319,0,1.8339536207015747,0.8062430456347802,0,0,1.208917006039783,0.23636363636363636,0.7854545454545457,0.0
Squirrel,client,456,891,1,M0,attack_member,evaluation,2,1,5,0.0,0,1.3807983293534742,0.8062430456347802,0,0,0.875912965617484,0.16363636363636364,0.7854545454545457,0.0
Squirrel,client,456,892,0,M0,attack_member,evaluation,3,1,7,0.1428571428571428,1,0.15000738603096114,0.2971876930405475,1,0,1.5755002083486755,0.38181818181818183,0.7854545454545457,0.0
Squirrel,client,456,901,3,M0,attack_member,evaluation,1,1,0,,0,0.9883542703830457,1.2003199236286985,1,0,1.7798856179114833,0.4909090909090909,0.7854545454545457,0.0
Squirrel,client,456,905,0,M0,attack_member,evaluation,1,1,1,0.0,1,0.9855088421059596,1.2003199236286985,1,0,1.2303885164725359,0.2545454545454545,0.7854545454545457,0.0
Squirrel,client,456,926,6,M0,attack_member,evaluation,2,1,86,0.3023255813953488,0,1.8022001483161851,0.8062430456347802,0,0,1.1696940859954505,0.23636363636363636,0.7854545454545457,0.0
Squirrel,client,456,947,1,M0,attack_member,evaluation,0,1,2,0.0,1,0.5348960246118778,0.27807291999734357,0,0,2.030897710346175,0.6545454545454545,0.7854545454545457,0.0
Squirrel,client,456,953,0,M0,attack_member,evaluation,1,1,10,0.3,0,1.1497013286020485,1.2003199236286985,1,0,1.5795124707238206,0.38181818181818183,0.7854545454545457,0.0
Squirrel,client,456,954,3,M0,attack_member,evaluation,1,1,9,0.3333333333333333,1,0.22294315911935458,1.2003199236286985,1,0,1.838052465513093,0.509090909090909,0.7854545454545457,0.0
Squirrel,client,456,968,3,M0,attack_member,evaluation,2,1,8,0.625,0,1.127786895835688,0.8062430456347802,0,0,4.0813119633085595,0.9090909090909091,0.7854545454545457,1.0
Squirrel,client,456,972,1,M0,attack_member,evaluation,3,1,33,0.2121212121212121,1,0.8342089557839262,0.2971876930405475,0,0,1.9525492090598595,0.5818181818181818,0.7854545454545457,0.0
Squirrel,client,456,980,0,M0,attack_member,evaluation,1,1,2,0.0,0,1.784607966322091,1.2003199236286985,0,0,1.0218596443277224,0.2,0.7854545454545457,0.0
Squirrel,client,456,989,0,M0,attack_member,evaluation,0,1,5,0.0,0,2.241928700225902,0.27807291999734357,0,0,0.4674511344522573,0.07272727272727272,0.7854545454545457,0.0
Squirrel,client,456,997,0,M0,attack_member,evaluation,0,1,7,0.2857142857142857,1,0.2976274304141874,0.27807291999734357,0,0,1.775058385860802,0.4909090909090909,0.7854545454545457,0.0
Squirrel,client,456,1003,0,M0,attack_member,evaluation,0,1,4,0.25,1,0.511613960045345,0.27807291999734357,0,0,1.5841736293086741,0.38181818181818183,0.7854545454545457,0.0
Squirrel,client,456,1004,3,M0,attack_member,evaluation,4,1,2,0.0,0,0.9278045667182273,1.50371502886198,1,0,3.9421160975471885,0.9090909090909091,0.7854545454545457,1.0
Squirrel,client,456,1005,1,M0,attack_member,evaluation,1,1,3,0.3333333333333333,0,1.017036392766437,1.2003199236286985,1,0,1.2868247950270617,0.3090909090909091,0.7854545454545457,0.0
Squirrel,client,456,1006,1,M0,attack_member,evaluation,0,1,4,0.25,0,1.6653951607740467,0.27807291999734357,0,0,0.9387931158283019,0.2,0.7854545454545457,0.0
Squirrel,client,456,1014,6,M0,attack_member,evaluation,2,1,84,0.3095238095238095,0,1.8059128814280183,0.8062430456347802,0,0,1.1693697909309224,0.23636363636363636,0.7854545454545457,0.0
Squirrel,client,456,1016,0,M0,attack_member,evaluation,3,1,15,0.1333333333333333,0,1.5158528659073434,0.2971876930405475,0,0,0.7343815792905827,0.12727272727272726,0.7854545454545457,0.0
Squirrel,client,456,1017,3,M0,attack_member,evaluation,3,1,1,0.0,0,1.9399228665024584,0.2971876930405475,0,0,1.2810876130727913,0.3090909090909091,0.7854545454545457,0.0
Squirrel,client,456,1019,6,M0,attack_member,evaluation,0,1,1,0.0,1,0.5816151063954917,0.27807291999734357,0,0,1.075573881899531,0.21818181818181817,0.7854545454545457,0.0
Squirrel,client,456,1026,6,M0,attack_member,evaluation,0,1,82,0.1097560975609756,1,0.7775318756170932,0.27807291999734357,0,0,0.8964055787583559,0.18181818181818182,0.7854545454545457,0.0
Squirrel,client,456,1036,6,M0,attack_member,evaluation,1,1,55,0.2181818181818181,0,1.3720563883223231,1.2003199236286985,0,0,1.0172128991153737,0.2,0.7854545454545457,0.0
Squirrel,client,456,1052,1,M0,attack_member,evaluation,0,1,1,0.0,1,0.5502216476359136,0.27807291999734357,0,0,1.0452752320849517,0.21818181818181817,0.7854545454545457,0.0
Squirrel,client,456,1053,1,M0,attack_member,evaluation,3,1,7,0.1428571428571428,1,0.5247374459312367,0.2971876930405475,0,0,6.686508054848117,0.9818181818181818,0.7854545454545457,1.0
Squirrel,client,456,1054,1,M0,attack_member,evaluation,4,1,3,0.0,0,1.2202279646671799,1.50371502886198,1,0,60.32580050072473,1.0,0.7854545454545457,1.0
Squirrel,client,456,1070,0,M0,attack_member,evaluation,0,1,2,0.0,0,1.0741424675790205,0.27807291999734357,0,0,1.0007459756051953,0.2,0.7854545454545457,0.0
Squirrel,client,456,1071,0,M0,attack_member,evaluation,1,1,3,0.0,0,1.9204852550342384,1.2003199236286985,0,0,2.0610425339261798,0.6545454545454545,0.7854545454545457,0.0
Squirrel,client,456,1072,6,M0,attack_member,evaluation,3,1,78,0.2051282051282051,0,1.9617089320206869,0.2971876930405475,0,0,1.328275743608829,0.32727272727272727,0.7854545454545457,0.0
Squirrel,client,456,1082,0,M0,attack_member,evaluation,0,1,4,0.5,0,1.0521522459166017,0.27807291999734357,0,0,1.7623373155686837,0.4909090909090909,0.7854545454545457,0.0
Squirrel,client,456,1100,1,M0,attack_member,evaluation,3,1,10,0.3,0,1.156121064872107,0.2971876930405475,0,0,3.958994197292069,0.9090909090909091,0.7854545454545457,1.0
Squirrel,client,456,1119,0,M0,attack_member,evaluation,3,1,4,0.0,1,1.3022760928930126,0.2971876930405475,0,0,0.7200585011620482,0.10909090909090909,0.7854545454545457,0.0
Squirrel,client,456,1127,1,M0,attack_member,evaluation,3,1,2,0.0,0,1.6464687771196744,0.2971876930405475,0,0,0.976151832431207,0.2,0.7854545454545457,0.0
Squirrel,client,456,1135,0,M0,attack_member,evaluation,2,1,1,0.0,1,0.5322410736097969,0.8062430456347802,1,0,1.208673610393227,0.23636363636363636,0.7854545454545457,0.0
Squirrel,client,456,1140,3,M0,attack_member,evaluation,0,1,3,0.6666666666666666,1,0.050364031828314074,0.27807291999734357,1,0,1.2641790137794733,0.2727272727272727,0.7854545454545457,0.0
Squirrel,client,456,1191,1,M0,attack_member,evaluation,1,1,2,0.0,1,0.8233991933178665,1.2003199236286985,1,0,3.1549866208933945,0.8727272727272727,0.7854545454545457,1.0
Squirrel,client,456,1195,0,M0,attack_member,evaluation,3,1,5,0.0,0,2.5108953199964716,0.2971876930405475,0,0,0.9877724934432012,0.2,0.7854545454545457,0.0
Squirrel,client,456,1211,0,M0,attack_member,evaluation,2,1,14,0.2142857142857142,1,1.3246280229118843,0.8062430456347802,0,0,0.8149975875446412,0.16363636363636364,0.7854545454545457,0.0
Squirrel,client,456,1213,0,M0,attack_member,evaluation,0,1,1,0.0,0,1.2657148746658184,0.27807291999734357,0,0,0.7905386417485645,0.16363636363636364,0.7854545454545457,0.0
Squirrel,client,456,1224,3,M0,attack_member,evaluation,1,1,0,,1,0.5799538850646425,1.2003199236286985,1,0,1.5623857777901544,0.38181818181818183,0.7854545454545457,0.0
Squirrel,client,456,1230,0,M0,attack_member,evaluation,0,1,4,0.0,0,2.029385742228732,0.27807291999734357,0,0,1.5455115334219434,0.38181818181818183,0.7854545454545457,0.0
Squirrel,client,456,1233,1,M0,attack_member,evaluation,1,1,0,,1,0.272427205505525,1.2003199236286985,1,0,5.025946920206101,0.9636363636363636,0.7854545454545457,1.0
Squirrel,client,456,1240,0,M0,attack_member,evaluation,1,1,3,0.3333333333333333,1,0.8744142204706674,1.2003199236286985,1,0,1.5316610439589924,0.38181818181818183,0.7854545454545457,0.0
Squirrel,client,456,1257,1,M0,attack_member,evaluation,1,1,5,0.0,1,0.6008098601766857,1.2003199236286985,1,0,4.775179975634067,0.9090909090909091,0.7854545454545457,1.0
Squirrel,client,456,1260,0,M0,attack_member,evaluation,3,1,5,0.2,1,0.167948947467829,0.2971876930405475,1,0,7.753401131080471,0.9818181818181818,0.7854545454545457,1.0
Squirrel,client,456,1269,1,M0,attack_member,evaluation,2,1,8,0.125,0,2.1872466295650788,0.8062430456347802,0,0,2.326078585659038,0.7272727272727273,0.7854545454545457,0.0
Squirrel,client,456,1271,0,M0,attack_member,evaluation,1,1,4,0.0,0,1.4660569177156533,1.2003199236286985,0,0,1.0179818695199883,0.2,0.7854545454545457,0.0
Squirrel,client,456,1272,3,M0,attack_member,evaluation,0,1,0,,1,0.14565147144401305,0.27807291999734357,1,0,3.29869092067244,0.8727272727272727,0.7854545454545457,1.0
Squirrel,client,456,1275,3,M0,attack_member,evaluation,2,1,0,,0,1.1820160250767056,0.8062430456347802,0,0,1.3645856833100019,0.32727272727272727,0.7854545454545457,0.0
Squirrel,client,456,1282,0,M0,attack_member,evaluation,1,1,3,0.0,0,4.369760452968687,1.2003199236286985,0,0,0.8140346127413209,0.16363636363636364,0.7854545454545457,0.0
Squirrel,client,456,1287,0,M0,attack_member,evaluation,0,1,2,0.5,1,0.30228301468628377,0.27807291999734357,0,0,1.2193605646033217,0.23636363636363636,0.7854545454545457,0.0
Squirrel,client,456,1290,0,M0,attack_member,evaluation,3,1,0,,1,0.024845503768388476,0.2971876930405475,1,0,18.46104150853283,1.0,0.7854545454545457,1.0
Squirrel,client,456,1293,3,M0,attack_member,evaluation,1,1,0,,1,0.18913263551993592,1.2003199236286985,1,0,1.6854482721687971,0.45454545454545453,0.7854545454545457,0.0
Squirrel,client,456,1308,0,M0,attack_member,evaluation,0,1,2,0.5,1,0.27205830423154215,0.27807291999734357,1,0,3.05140426492022,0.8727272727272727,0.7854545454545457,1.0
Squirrel,client,456,1317,6,M0,attack_member,evaluation,4,1,56,0.1785714285714285,0,2.3002837434908185,1.50371502886198,0,0,1.0426783084579112,0.21818181818181817,0.7854545454545457,0.0
Squirrel,client,456,1332,0,M0,attack_member,evaluation,2,1,2,0.0,0,1.8662953286396158,0.8062430456347802,0,0,2.0681232791544537,0.6545454545454545,0.7854545454545457,0.0
Squirrel,client,456,1333,1,M0,attack_member,evaluation,4,1,3,0.0,1,0.15060731140082845,1.50371502886198,1,0,2.937478081415738,0.8727272727272727,0.7854545454545457,1.0
Squirrel,client,456,1335,1,M0,attack_member,evaluation,0,1,3,0.0,1,1.1415561619967882,0.27807291999734357,0,0,0.9361516785576994,0.2,0.7854545454545457,0.0
Squirrel,client,456,1339,6,M0,attack_member,evaluation,3,1,54,0.2222222222222222,0,1.9214557743416365,0.2971876930405475,0,0,1.2982417209701747,0.32727272727272727,0.7854545454545457,0.0
Squirrel,client,456,1353,0,M0,attack_member,evaluation,0,1,1,0.0,0,1.321514019158608,0.27807291999734357,0,0,0.8236665432169729,0.16363636363636364,0.7854545454545457,0.0
Squirrel,client,456,1357,3,M0,attack_member,evaluation,1,1,0,,0,1.1061363184774642,1.2003199236286985,1,0,1.6911339514823933,0.45454545454545453,0.7854545454545457,0.0
Squirrel,client,456,1359,0,M0,attack_member,evaluation,3,1,2,0.0,0,1.4758342268906772,0.2971876930405475,0,0,1.0839760483162535,0.21818181818181817,0.7854545454545457,0.0
Squirrel,client,456,1380,7,M0,attack_member,evaluation,0,1,1,0.0,1,0.30494334237916165,0.27807291999734357,0,0,1.6030007099954995,0.4,0.7854545454545457,0.0
Squirrel,client,456,1388,1,M0,attack_member,evaluation,0,1,3,0.0,1,0.9732909022502262,0.27807291999734357,0,0,0.884247241483057,0.16363636363636364,0.7854545454545457,0.0
Squirrel,client,456,1393,6,M0,attack_member,evaluation,2,1,51,0.3529411764705882,0,1.7868438360485612,0.8062430456347802,0,0,1.0716421003961958,0.21818181818181817,0.7854545454545457,0.0
Squirrel,client,456,1394,0,M0,attack_member,evaluation,0,1,2,0.0,0,1.9520719842215555,0.27807291999734357,0,0,0.8184829715235589,0.16363636363636364,0.7854545454545457,0.0
Squirrel,client,456,1405,7,M0,attack_member,evaluation,0,1,2,0.0,1,0.9535383276644797,0.27807291999734357,0,0,1.0073681809358042,0.2,0.7854545454545457,0.0
Squirrel,client,456,1410,0,M0,attack_member,evaluation,0,1,1,0.0,0,1.7194158703706537,0.27807291999734357,0,0,0.9966861982481345,0.2,0.7854545454545457,0.0
Squirrel,client,456,1420,0,M0,attack_member,evaluation,1,1,14,0.1428571428571428,0,1.5441874840967555,1.2003199236286985,0,0,1.4560831644789005,0.36363636363636365,0.7854545454545457,0.0
Squirrel,client,456,1421,6,M0,attack_member,evaluation,0,1,4,0.0,1,0.5024461889382678,0.27807291999734357,0,0,0.940763819809288,0.2,0.7854545454545457,0.0
Squirrel,client,456,1438,0,M0,attack_member,evaluation,1,1,3,0.0,1,1.0248709545051278,1.2003199236286985,1,0,1.8706196238335255,0.509090909090909,0.7854545454545457,0.0
Squirrel,client,456,1447,0,M0,attack_member,evaluation,2,1,2,0.0,0,1.8006850373833667,0.8062430456347802,0,0,0.6482060733996742,0.10909090909090909,0.7854545454545457,0.0
Squirrel,client,456,1467,1,M0,attack_member,evaluation,0,1,1,0.0,1,0.8970924884645299,0.27807291999734357,0,0,0.8898897410295086,0.16363636363636364,0.7854545454545457,0.0
Squirrel,client,456,1494,8,M0,attack_member,evaluation,1,1,0,,1,0.009417124182120061,1.2003199236286985,1,0,5.178028384598934,0.9818181818181818,0.7854545454545457,1.0
Squirrel,client,456,1505,7,M0,attack_member,evaluation,1,1,5,0.2,0,1.2676372437664551,1.2003199236286985,0,0,1.0319125914925216,0.2,0.7854545454545457,0.0
Squirrel,client,456,1520,0,M0,attack_member,evaluation,4,1,3,1.0,1,0.038028646875772,1.50371502886198,1,0,17.192135451812774,1.0,0.7854545454545457,1.0
Squirrel,client,456,1522,0,M0,attack_member,evaluation,1,1,2,0.0,0,2.4058813296961574,1.2003199236286985,0,0,0.44813852733097975,0.07272727272727272,0.7854545454545457,0.0
Squirrel,client,456,1524,6,M0,attack_member,evaluation,3,1,24,0.2916666666666667,0,1.8367341762292726,0.2971876930405475,0,0,1.435226388325147,0.34545454545454546,0.7854545454545457,0.0
Squirrel,client,456,1531,0,M0,attack_member,evaluation,4,1,17,0.2941176470588235,1,0.7113481899981777,1.50371502886198,1,0,3.756725157316401,0.9090909090909091,0.7854545454545457,1.0
Squirrel,client,456,1541,7,M0,attack_member,evaluation,2,1,29,0.3793103448275862,0,2.244990638600912,0.8062430456347802,0,0,1.2037610865773556,0.23636363636363636,0.7854545454545457,0.0
Squirrel,client,456,1554,7,M0,attack_member,evaluation,1,1,5,0.0,1,1.0469730326889934,1.2003199236286985,1,0,1.308778085559126,0.32727272727272727,0.7854545454545457,0.0
Squirrel,client,456,1568,0,M0,attack_member,evaluation,1,1,6,0.1666666666666666,0,1.6549675928261707,1.2003199236286985,0,0,0.9907933481768514,0.2,0.7854545454545457,0.0
Squirrel,client,456,1573,1,M0,attack_member,evaluation,1,1,2,0.5,1,0.0010701485969997196,1.2003199236286985,1,0,1.4672728684470433,0.38181818181818183,0.7854545454545457,0.0
Squirrel,client,456,1577,6,M0,attack_member,evaluation,3,1,32,0.15625,0,1.8681991064714971,0.2971876930405475,0,0,1.1942161921141474,0.23636363636363636,0.7854545454545457,0.0
Squirrel,client,456,1582,0,M0,attack_member,evaluation,3,1,12,0.25,1,0.7378932373954165,0.2971876930405475,0,0,1.2222223690365137,0.23636363636363636,0.7854545454545457,0.0
Squirrel,client,456,1583,0,M0,attack_member,evaluation,1,1,7,0.0,0,2.0762241273501543,1.2003199236286985,0,0,0.9330491650754326,0.2,0.7854545454545457,0.0
Squirrel,client,456,1600,1,M0,attack_member,evaluation,0,1,2,0.0,1,0.6128575764815128,0.27807291999734357,0,0,0.8354778083557906,0.16363636363636364,0.7854545454545457,0.0
Squirrel,client,456,1605,0,M0,attack_member,evaluation,0,1,4,0.25,1,0.9037418222134352,0.27807291999734357,0,0,0.9859777288120555,0.2,0.7854545454545457,0.0
Squirrel,client,456,1611,1,M0,attack_member,evaluation,0,1,0,,1,0.3066764589549998,0.27807291999734357,0,0,1.1719833759231697,0.23636363636363636,0.7854545454545457,0.0
Squirrel,client,456,1613,1,M0,attack_member,evaluation,1,1,3,0.0,0,2.181606082682441,1.2003199236286985,0,0,1.8425616687174082,0.509090909090909,0.7854545454545457,0.0
Squirrel,client,456,1617,7,M0,attack_member,evaluation,4,1,14,0.3571428571428571,1,0.9708556753971517,1.50371502886198,1,0,3.8937009786066388,0.9090909090909091,0.7854545454545457,1.0
Squirrel,client,456,1625,7,M0,attack_member,evaluation,1,1,6,0.1666666666666666,0,1.1796088141592909,1.2003199236286985,1,0,1.0376461280113671,0.21818181818181817,0.7854545454545457,0.0
Squirrel,client,456,1630,0,M0,attack_member,evaluation,2,1,9,0.3333333333333333,1,0.3986974811543164,0.8062430456347802,1,0,1.1943010975280666,0.23636363636363636,0.7854545454545457,0.0
Squirrel,client,456,1640,1,M0,attack_member,evaluation,1,1,0,,1,0.49758149323734663,1.2003199236286985,1,0,5.735628975628389,0.9818181818181818,0.7854545454545457,1.0
Squirrel,client,456,1646,0,M0,attack_member,evaluation,4,1,1,1.0,1,0.7562651924020767,1.50371502886198,1,0,4.384091783721377,0.9090909090909091,0.7854545454545457,1.0
Squirrel,client,456,1647,7,M0,attack_member,evaluation,2,1,15,0.4666666666666667,0,1.8026164474949058,0.8062430456347802,0,0,1.0728894440214796,0.21818181818181817,0.7854545454545457,0.0
Squirrel,client,456,1651,0,M0,attack_member,evaluation,4,1,2,0.0,1,0.7525782287080758,1.50371502886198,1,0,10.856300420660336,1.0,0.7854545454545457,1.0
Squirrel,client,456,1653,1,M0,attack_member,evaluation,0,1,1,0.0,1,0.6061858873881122,0.27807291999734357,0,0,0.9422072618916234,0.2,0.7854545454545457,0.0
Squirrel,client,456,1655,1,M0,attack_member,evaluation,3,1,0,,1,0.22342039695041543,0.2971876930405475,1,0,3.0435768317501766,0.8727272727272727,0.7854545454545457,1.0
Squirrel,client,456,1663,6,M0,attack_member,evaluation,2,1,25,0.28,0,1.5406002278404212,0.8062430456347802,0,0,1.4305106514903227,0.34545454545454546,0.7854545454545457,0.0
Squirrel,client,456,1677,1,M0,attack_member,evaluation,4,1,7,0.0,0,1.3496253595248253,1.50371502886198,1,0,21.67759626026198,1.0,0.7854545454545457,1.0
Squirrel,client,456,1687,6,M0,attack_member,evaluation,2,1,2,0.0,0,1.7583168364290396,0.8062430456347802,0,0,1.2838336642033834,0.3090909090909091,0.7854545454545457,0.0
Squirrel,client,456,1688,7,M0,attack_member,evaluation,0,1,2,0.5,1,0.1635391761808668,0.27807291999734357,1,0,1.4945024570430754,0.38181818181818183,0.7854545454545457,0.0
Squirrel,client,456,1689,6,M0,attack_member,evaluation,1,1,21,0.3333333333333333,0,1.3724709071346308,1.2003199236286985,0,0,0.8894227543511086,0.16363636363636364,0.7854545454545457,0.0
Squirrel,client,456,1723,1,M0,attack_member,evaluation,3,1,4,0.0,0,1.3303323918142553,0.2971876930405475,0,0,1.7446145551586416,0.4909090909090909,0.7854545454545457,0.0
Squirrel,client,456,1728,1,M0,attack_member,evaluation,2,1,3,0.0,1,0.8240781779548302,0.8062430456347802,0,0,10.988396745358697,1.0,0.7854545454545457,1.0
Squirrel,client,456,1730,0,M0,attack_member,evaluation,4,1,3,0.3333333333333333,0,1.5926004537794793,1.50371502886198,0,0,4.838342641299563,0.9272727272727272,0.7854545454545457,1.0
Squirrel,client,456,1731,6,M0,attack_member,evaluation,2,1,14,0.2857142857142857,0,1.6417778444578726,0.8062430456347802,0,0,0.9019048122675857,0.18181818181818182,0.7854545454545457,0.0
Squirrel,client,456,1734,1,M0,attack_member,evaluation,1,1,9,0.3333333333333333,0,1.353712457748087,1.2003199236286985,0,0,1.8425022789425707,0.509090909090909,0.7854545454545457,0.0
Squirrel,client,456,1736,6,M0,attack_member,evaluation,2,1,12,0.25,0,1.6036261300061727,0.8062430456347802,0,0,0.8945220071379703,0.16363636363636364,0.7854545454545457,0.0
Squirrel,client,456,1738,6,M0,attack_member,evaluation,2,1,10,0.2,0,1.5580493195103702,0.8062430456347802,0,0,0.8833054939882644,0.16363636363636364,0.7854545454545457,0.0
Squirrel,client,456,1740,0,M0,attack_member,evaluation,1,1,1,1.0,1,0.04827539706189759,1.2003199236286985,1,0,3.1279465058849936,0.8727272727272727,0.7854545454545457,1.0
Squirrel,client,456,1741,0,M0,attack_member,evaluation,4,1,0,,1,0.37111488414504157,1.50371502886198,1,0,5.9036823750556495,0.9818181818181818,0.7854545454545457,1.0
Squirrel,client,456,1753,0,M0,attack_member,evaluation,0,1,10,0.1,0,3.3803555067707243,0.27807291999734357,0,0,0.20144102481548146,0.05454545454545454,0.7854545454545457,0.0
Squirrel,client,456,1761,0,M0,attack_member,evaluation,2,1,14,0.2142857142857142,0,1.2517206486779242,0.8062430456347802,0,0,0.5929423919911586,0.10909090909090909,0.7854545454545457,0.0
Squirrel,client,456,1766,6,M0,attack_member,evaluation,0,1,9,0.1111111111111111,1,0.8643217073201168,0.27807291999734357,0,0,1.6759065081368103,0.45454545454545453,0.7854545454545457,0.0
Squirrel,client,456,1770,0,M0,attack_member,evaluation,4,1,2,1.0,1,0.21533874339512196,1.50371502886198,1,0,3.014717009356198,0.8727272727272727,0.7854545454545457,1.0
Squirrel,client,456,1783,1,M0,attack_member,evaluation,1,1,1,0.0,0,1.2713432265075477,1.2003199236286985,0,0,2.7639308541210306,0.8727272727272727,0.7854545454545457,1.0
Squirrel,client,456,1784,7,M0,attack_member,evaluation,0,1,4,0.0,1,0.2900954433531412,0.27807291999734357,0,0,1.3725821268074274,0.34545454545454546,0.7854545454545457,0.0
Squirrel,client,456,1795,7,M0,attack_member,evaluation,0,1,4,0.0,1,1.0062074544863053,0.27807291999734357,0,0,1.0405097622326942,0.21818181818181817,0.7854545454545457,0.0
Squirrel,client,456,1801,0,M0,attack_member,evaluation,2,1,11,0.1818181818181818,0,1.4263583585608746,0.8062430456347802,0,0,1.1199416113662688,0.21818181818181817,0.7854545454545457,0.0
Squirrel,client,456,1805,6,M0,attack_member,evaluation,4,1,2,0.0,0,1.5468812526187627,1.50371502886198,0,0,1.0586196036110074,0.21818181818181817,0.7854545454545457,0.0
Squirrel,client,456,1816,0,M0,attack_member,evaluation,1,1,2,0.0,0,2.175162467701001,1.2003199236286985,0,0,0.8595484442719844,0.16363636363636364,0.7854545454545457,0.0
Squirrel,client,456,1822,0,M0,attack_member,evaluation,4,1,2,0.5,1,0.18209999809375843,1.50371502886198,1,0,16.555106551998065,1.0,0.7854545454545457,1.0
Squirrel,client,456,1826,7,M0,attack_member,evaluation,0,1,1,0.0,1,0.5311993232547628,0.27807291999734357,0,0,1.2660451218160782,0.2727272727272727,0.7854545454545457,0.0
Squirrel,client,456,1833,1,M0,attack_member,evaluation,4,1,5,0.4,1,0.3842439762240924,1.50371502886198,1,0,110.41901200551071,1.0,0.7854545454545457,1.0
Squirrel,client,456,1839,0,M0,attack_member,evaluation,3,1,17,0.0588235294117647,1,0.28099400645675054,0.2971876930405475,1,0,1.5208704341312496,0.38181818181818183,0.7854545454545457,0.0
Squirrel,client,456,1842,1,M0,attack_member,evaluation,3,1,4,0.25,1,0.2644583964962282,0.2971876930405475,1,0,1.9447198729788406,0.5636363636363636,0.7854545454545457,0.0
Squirrel,client,456,1843,7,M0,attack_member,evaluation,4,1,7,0.2857142857142857,1,0.35329057222922483,1.50371502886198,1,0,5.254461503486499,0.9818181818181818,0.7854545454545457,1.0
Squirrel,client,456,1858,7,M0,attack_member,evaluation,1,1,4,0.0,1,0.38547864246335084,1.2003199236286985,1,0,3.1337502446142587,0.8727272727272727,0.7854545454545457,1.0
Squirrel,client,456,1864,7,M0,attack_member,evaluation,4,1,71,0.323943661971831,0,2.2163087100056575,1.50371502886198,0,0,1.2501105861953044,0.2727272727272727,0.7854545454545457,0.0
Squirrel,client,456,1870,0,M0,attack_member,evaluation,4,1,1,0.0,1,0.620718515095966,1.50371502886198,1,0,5.292816143767279,0.9818181818181818,0.7854545454545457,1.0
Squirrel,client,456,1889,1,M0,attack_member,evaluation,2,1,1,0.0,1,0.7332671717070806,0.8062430456347802,1,0,47.212823510533426,1.0,0.7854545454545457,1.0
Squirrel,client,456,1890,0,M0,attack_member,evaluation,2,1,1,1.0,1,0.2516219747901514,0.8062430456347802,1,0,1.871836776324099,0.509090909090909,0.7854545454545457,0.0
Squirrel,client,456,1900,7,M0,attack_member,evaluation,1,1,6,0.0,1,0.6398783080444791,1.2003199236286985,1,0,1.3343605061179946,0.32727272727272727,0.7854545454545457,0.0
Squirrel,client,456,1902,7,M0,attack_member,evaluation,0,1,6,0.0,1,1.0958095638930918,0.27807291999734357,0,0,1.1238602762517398,0.21818181818181817,0.7854545454545457,0.0
Squirrel,client,456,1906,1,M0,attack_member,evaluation,0,1,0,,1,0.04738789982534185,0.27807291999734357,1,0,1.2743677631065655,0.2909090909090909,0.7854545454545457,0.0
Squirrel,client,456,1909,1,M0,attack_member,evaluation,2,1,1,0.0,0,1.4583625286488842,0.8062430456347802,0,0,1.7866398100508991,0.4909090909090909,0.7854545454545457,0.0
Squirrel,client,456,1914,1,M0,attack_member,evaluation,0,1,0,,1,0.29768529553920636,0.27807291999734357,0,0,3.3119676785324312,0.8727272727272727,0.7854545454545457,1.0
Squirrel,client,456,1932,0,M0,attack_member,evaluation,4,1,1,0.0,1,0.7974529880608009,1.50371502886198,1,0,4.052031298739528,0.9090909090909091,0.7854545454545457,1.0
Squirrel,client,456,1933,0,M0,attack_member,evaluation,0,1,1,0.0,0,2.0538531424477493,0.27807291999734357,0,0,1.390520108920807,0.34545454545454546,0.7854545454545457,0.0
Squirrel,client,456,1936,0,M0,attack_member,evaluation,3,1,4,0.0,0,1.6633247866281144,0.2971876930405475,0,0,1.0377209420106357,0.21818181818181817,0.7854545454545457,0.0
Squirrel,client,456,1956,7,M0,attack_member,evaluation,0,1,46,0.0652173913043478,0,1.5618320886416313,0.27807291999734357,0,0,0.5598854650071207,0.10909090909090909,0.7854545454545457,0.0
Squirrel,client,456,1961,0,M0,attack_member,evaluation,1,1,4,0.5,0,1.2420310190126471,1.2003199236286985,0,0,3.3610685805771,0.8909090909090909,0.7854545454545457,1.0
Squirrel,client,456,1975,7,M0,attack_member,evaluation,1,1,7,0.2857142857142857,1,0.6513713488167635,1.2003199236286985,1,0,1.45808377139933,0.38181818181818183,0.7854545454545457,0.0
Squirrel,client,456,1990,7,M0,attack_member,evaluation,4,1,9,0.2222222222222222,0,1.6180017919247056,1.50371502886198,0,0,2.107136172097207,0.6545454545454545,0.7854545454545457,0.0
Squirrel,client,456,1993,0,M0,attack_member,evaluation,1,1,0,,1,0.11609750096814901,1.2003199236286985,1,0,3.1237880823871707,0.8727272727272727,0.7854545454545457,1.0
Squirrel,client,456,2008,0,M0,attack_member,evaluation,0,1,2,0.0,0,3.6987010257712316,0.27807291999734357,0,0,0.14615267921018446,0.01818181818181818,0.7854545454545457,0.0
Squirrel,client,456,2013,1,M0,attack_member,evaluation,1,1,0,,1,0.03372267890122313,1.2003199236286985,1,0,1.8102084317624956,0.509090909090909,0.7854545454545457,0.0
Squirrel,client,456,2017,7,M0,attack_member,evaluation,1,1,2,0.0,0,0.9816019474903508,1.2003199236286985,1,0,1.3006679074060854,0.32727272727272727,0.7854545454545457,0.0
Squirrel,client,456,2026,1,M0,attack_member,evaluation,3,1,4,0.25,0,2.236855905274026,0.2971876930405475,0,0,1.9733002369718236,0.6181818181818182,0.7854545454545457,0.0
Squirrel,client,456,2030,0,M0,attack_member,evaluation,2,1,0,,1,0.39558056967643684,0.8062430456347802,1,0,2.2170597280106192,0.6545454545454545,0.7854545454545457,0.0
Squirrel,client,456,2036,1,M0,attack_member,evaluation,3,1,1,0.0,0,1.3950466937704236,0.2971876930405475,0,0,25.115439526820314,1.0,0.7854545454545457,1.0
Squirrel,client,456,2038,0,M0,attack_member,evaluation,3,1,0,,0,3.473688469886212,0.2971876930405475,0,0,0.6899099269486276,0.10909090909090909,0.7854545454545457,0.0
Squirrel,client,456,2055,7,M0,attack_member,evaluation,3,1,32,0.3125,0,1.4992308670470007,0.2971876930405475,0,0,1.3376773729037748,0.32727272727272727,0.7854545454545457,0.0
Squirrel,client,456,2060,1,M0,attack_member,evaluation,2,1,1,1.0,1,0.15076184038533685,0.8062430456347802,1,0,2.049075846380668,0.6545454545454545,0.7854545454545457,0.0
Squirrel,client,456,2067,7,M0,attack_member,evaluation,0,1,2,0.0,1,0.666298545485095,0.27807291999734357,0,0,3.141460969803283,0.8727272727272727,0.7854545454545457,1.0
Squirrel,client,456,2082,7,M0,attack_member,evaluation,4,1,27,0.4074074074074074,0,1.6864465209818857,1.50371502886198,0,0,1.8518607626775734,0.509090909090909,0.7854545454545457,0.0
Squirrel,client,456,2084,0,M0,attack_member,evaluation,4,1,2,0.0,0,0.9267186571480535,1.50371502886198,1,0,5.615298216452719,0.9818181818181818,0.7854545454545457,1.0
Squirrel,client,456,2086,7,M0,attack_member,evaluation,1,1,1,0.0,1,0.5070737673718471,1.2003199236286985,1,0,1.5363102235778816,0.38181818181818183,0.7854545454545457,0.0
Squirrel,client,456,2094,0,M0,attack_member,evaluation,4,1,2,1.0,1,0.07322203667474488,1.50371502886198,1,0,7.811885583814296,0.9818181818181818,0.7854545454545457,1.0
Squirrel,client,456,2107,0,M0,attack_member,evaluation,0,1,0,,1,0.056923262241890905,0.27807291999734357,1,0,4.721092080821513,0.9090909090909091,0.7854545454545457,1.0
Squirrel,client,456,2114,1,M0,attack_member,evaluation,0,1,0,,1,0.20569928413226754,0.27807291999734357,1,0,1.1945755749916602,0.23636363636363636,0.7854545454545457,0.0
Squirrel,client,456,2115,0,M0,attack_member,evaluation,2,1,0,,0,1.2015529730126382,0.8062430456347802,0,0,1.7121922904794946,0.4727272727272727,0.7854545454545457,0.0
Squirrel,client,456,2123,1,M0,attack_member,evaluation,2,1,0,,0,0.9372123222415358,0.8062430456347802,0,0,2.700392635946893,0.8545454545454545,0.7854545454545457,1.0
Squirrel,client,456,2141,0,M0,attack_member,evaluation,1,1,0,,1,0.021685219380753552,1.2003199236286985,1,0,3.493441281393261,0.9090909090909091,0.7854545454545457,1.0
Squirrel,client,456,2149,7,M0,attack_member,evaluation,2,1,1,0.0,0,1.7328524938029448,0.8062430456347802,0,0,1.205606997949841,0.23636363636363636,0.7854545454545457,0.0
Squirrel,client,456,2162,7,M0,attack_member,evaluation,0,1,14,0.0714285714285714,0,1.7158519140273543,0.27807291999734357,0,0,0.5494515477181411,0.10909090909090909,0.7854545454545457,0.0
Squirrel,client,456,2166,7,M0,attack_member,evaluation,1,1,16,0.0625,1,0.9683694473134616,1.2003199236286985,1,0,1.1386759073664454,0.21818181818181817,0.7854545454545457,0.0
Squirrel,client,456,2179,1,M0,attack_member,evaluation,4,1,0,,1,1.20515466153795,1.50371502886198,1,0,24.658221891054552,1.0,0.7854545454545457,1.0
Squirrel,client,456,2189,7,M0,attack_member,evaluation,3,1,9,0.2222222222222222,0,1.447524298907337,0.2971876930405475,0,0,1.468696601140133,0.38181818181818183,0.7854545454545457,0.0
Squirrel,client,456,2198,7,M0,attack_member,evaluation,4,1,8,0.375,0,1.592269787114134,1.50371502886198,0,0,2.8712835022754537,0.8727272727272727,0.7854545454545457,1.0
Squirrel,client,456,2205,0,M0,attack_member,evaluation,3,1,0,,0,1.9057019403126128,0.2971876930405475,0,0,6.2124744389899496,0.9818181818181818,0.7854545454545457,1.0
Squirrel,client,456,2213,0,M0,attack_member,evaluation,2,1,0,,1,0.10420415515882707,0.8062430456347802,1,0,2.0655216441181525,0.6545454545454545,0.7854545454545457,0.0
Squirrel,client,456,2214,7,M0,attack_member,evaluation,0,1,0,,1,0.01923816506118531,0.27807291999734357,1,0,1.437517455705282,0.34545454545454546,0.7854545454545457,0.0
Squirrel,client,456,2215,7,M0,attack_member,evaluation,4,1,2,0.0,0,1.1720564444537378,1.50371502886198,1,0,2.018969396742168,0.6545454545454545,0.7854545454545457,0.0
Squirrel,client,456,2219,7,M0,attack_member,evaluation,1,1,0,,1,0.4379416700818509,1.2003199236286985,1,0,1.9082306309144126,0.5636363636363636,0.7854545454545457,0.0
Squirrel,client,456,2220,7,M0,attack_member,evaluation,0,1,0,,1,0.3789188438640755,0.27807291999734357,0,0,1.362881583361288,0.32727272727272727,0.7854545454545457,0.0
Squirrel,client,456,36,5,M0,attack_nonmember,evaluation,0,0,14,0.5,1,0.4870904101697617,0.27807291999734357,0,0,1.589252053570674,0.4,0.7854545454545457,0.0
Squirrel,client,456,43,5,M0,attack_nonmember,evaluation,1,0,1,0.0,0,4.3999927923188435,1.2003199236286985,0,0,,,,
Squirrel,client,456,54,5,M0,attack_nonmember,evaluation,1,0,0,,0,1.5741666897158424,1.2003199236286985,0,0,,,,
Squirrel,client,456,100,3,M0,attack_nonmember,evaluation,0,0,4,0.25,1,0.0906982844297721,0.27807291999734357,1,0,,,,
Squirrel,client,456,178,6,M0,attack_nonmember,evaluation,0,0,140,0.1642857142857142,1,0.7732113003319931,0.27807291999734357,0,0,,,,
Squirrel,client,456,205,5,M0,attack_nonmember,evaluation,1,0,2,0.0,0,5.990062718024504,1.2003199236286985,0,0,,,,
Squirrel,client,456,234,3,M0,attack_nonmember,evaluation,2,0,1,1.0,1,0.0013962075038484079,0.8062430456347802,1,0,,,,
Squirrel,client,456,247,5,M0,attack_nonmember,evaluation,1,0,5,0.6,1,0.568765060022782,1.2003199236286985,1,0,,,,
Squirrel,client,456,319,3,M0,attack_nonmember,evaluation,2,0,0,,0,2.149906387085976,0.8062430456347802,0,0,,,,
Squirrel,client,456,351,5,M0,attack_nonmember,evaluation,0,0,5,0.6,1,0.33449597615559223,0.27807291999734357,0,0,1.223970673777951,0.23636363636363636,0.7854545454545457,0.0
Squirrel,client,456,366,5,M0,attack_nonmember,evaluation,1,0,1,0.0,1,0.47215008090492566,1.2003199236286985,1,0,,,,
Squirrel,client,456,381,3,M0,attack_nonmember,evaluation,1,0,2,0.0,0,2.069389030541999,1.2003199236286985,0,0,1.2272007010002075,0.2545454545454545,0.7854545454545457,0.0
Squirrel,client,456,397,3,M0,attack_nonmember,evaluation,0,0,9,0.1111111111111111,0,1.5458431582060244,0.27807291999734357,0,0,,,,
Squirrel,client,456,400,5,M0,attack_nonmember,evaluation,1,0,1,1.0,1,0.6368202674224086,1.2003199236286985,1,0,33.3909922132248,1.0,0.7854545454545457,1.0
Squirrel,client,456,416,3,M0,attack_nonmember,evaluation,1,0,3,0.3333333333333333,1,0.026361238451416746,1.2003199236286985,1,0,3.0610416201795485,0.8727272727272727,0.7854545454545457,1.0
Squirrel,client,456,421,3,M0,attack_nonmember,evaluation,1,0,1,0.0,0,2.5927639314505004,1.2003199236286985,0,0,0.4594126798053871,0.07272727272727272,0.7854545454545457,0.0
Squirrel,client,456,435,5,M0,attack_nonmember,evaluation,1,0,3,0.3333333333333333,0,1.7931683879779674,1.2003199236286985,0,0,0.918221929680906,0.2,0.7854545454545457,0.0
Squirrel,client,456,446,3,M0,attack_nonmember,evaluation,0,0,1,0.0,0,1.0477652034581917,0.27807291999734357,0,0,,,,
Squirrel,client,456,491,5,M0,attack_nonmember,evaluation,0,0,1,0.0,0,3.4846107216388535,0.27807291999734357,0,0,,,,
Squirrel,client,456,519,6,M0,attack_nonmember,evaluation,4,0,119,0.1260504201680672,0,2.2729497880776415,1.50371502886198,0,0,,,,
Squirrel,client,456,520,5,M0,attack_nonmember,evaluation,0,0,0,,1,0.17276101864038634,0.27807291999734357,1,0,1.0935591504795044,0.21818181818181817,0.7854545454545457,0.0
Squirrel,client,456,556,0,M0,attack_nonmember,evaluation,1,0,6,0.1666666666666666,0,1.2045636763070982,1.2003199236286985,0,0,,,,
Squirrel,client,456,558,0,M0,attack_nonmember,evaluation,4,0,0,,0,7.1189958162603535,1.50371502886198,0,0,0.14448848315519314,0.01818181818181818,0.7854545454545457,0.0
Squirrel,client,456,561,0,M0,attack_nonmember,evaluation,1,0,3,0.0,0,3.004520498793953,1.2003199236286985,0,0,0.8292531180368667,0.16363636363636364,0.7854545454545457,0.0
Squirrel,client,456,566,0,M0,attack_nonmember,evaluation,0,0,1,0.0,1,0.739602206400541,0.27807291999734357,0,0,0.658169725286059,0.10909090909090909,0.7854545454545457,0.0
Squirrel,client,456,574,0,M0,attack_nonmember,evaluation,1,0,13,0.0,0,3.6533517282757484,1.2003199236286985,0,0,0.6955050625575291,0.10909090909090909,0.7854545454545457,0.0
Squirrel,client,456,582,0,M0,attack_nonmember,evaluation,3,0,3,0.3333333333333333,0,2.162301732729616,0.2971876930405475,0,0,,,,
Squirrel,client,456,600,6,M0,attack_nonmember,evaluation,0,0,2,0.0,1,0.7977529129219549,0.27807291999734357,0,0,,,,
Squirrel,client,456,612,6,M0,attack_nonmember,evaluation,0,0,1,0.0,1,0.4234060307992043,0.27807291999734357,0,0,1.3550578782580942,0.32727272727272727,0.7854545454545457,0.0
Squirrel,client,456,624,6,M0,attack_nonmember,evaluation,2,0,110,0.2727272727272727,0,1.8904809729527656,0.8062430456347802,0,0,1.1910695117742234,0.23636363636363636,0.7854545454545457,0.0
Squirrel,client,456,705,6,M0,attack_nonmember,evaluation,3,0,6,0.5,0,1.9378442891641856,0.2971876930405475,0,0,1.1214876268764082,0.21818181818181817,0.7854545454545457,0.0
Squirrel,client,456,715,0,M0,attack_nonmember,evaluation,2,0,4,0.0,0,1.9877903630608702,0.8062430456347802,0,0,0.9789528114820226,0.2,0.7854545454545457,0.0
Squirrel,client,456,740,5,M0,attack_nonmember,evaluation,2,0,0,,0,3.9197881210730037,0.8062430456347802,0,0,0.9099992910189829,0.18181818181818182,0.7854545454545457,0.0
Squirrel,client,456,789,0,M0,attack_nonmember,evaluation,3,0,6,0.1666666666666666,0,1.2492631752813415,0.2971876930405475,0,0,,,,
Squirrel,client,456,795,0,M0,attack_nonmember,evaluation,3,0,4,0.0,1,0.2566922119327052,0.2971876930405475,1,0,1.9703442673068146,0.6,0.7854545454545457,0.0
Squirrel,client,456,802,1,M0,attack_nonmember,evaluation,0,0,3,0.3333333333333333,0,1.5992735919906143,0.27807291999734357,0,0,,,,
Squirrel,client,456,805,1,M0,attack_nonmember,evaluation,2,0,5,0.4,0,1.5701036356075722,0.8062430456347802,0,0,1.0608009034423451,0.21818181818181817,0.7854545454545457,0.0
Squirrel,client,456,818,3,M0,attack_nonmember,evaluation,1,0,2,0.5,0,1.1205316696175311,1.2003199236286985,1,0,1.153685729005667,0.23636363636363636,0.7854545454545457,0.0
Squirrel,client,456,839,3,M0,attack_nonmember,evaluation,1,0,8,0.125,1,0.556874019800514,1.2003199236286985,1,0,1.4490540669695786,0.36363636363636365,0.7854545454545457,0.0
Squirrel,client,456,846,1,M0,attack_nonmember,evaluation,2,0,51,0.2745098039215686,0,1.4458507725658358,0.8062430456347802,0,0,1.2513893321301623,0.2727272727272727,0.7854545454545457,0.0
Squirrel,client,456,854,0,M0,attack_nonmember,evaluation,4,0,1,0.0,0,3.837351938366494,1.50371502886198,0,0,2.177917214856796,0.6545454545454545,0.7854545454545457,0.0
Squirrel,client,456,893,1,M0,attack_nonmember,evaluation,2,0,6,0.6666666666666666,1,0.7227472560011814,0.8062430456347802,1,0,,,,
Squirrel,client,456,924,1,M0,attack_nonmember,evaluation,0,0,2,0.5,1,0.6796265361308412,0.27807291999734357,0,0,2.165476959488435,0.6545454545454545,0.7854545454545457,0.0
Squirrel,client,456,940,1,M0,attack_nonmember,evaluation,0,0,3,0.0,1,0.6176802766466694,0.27807291999734357,0,0,1.5724925045520302,0.38181818181818183,0.7854545454545457,0.0
Squirrel,client,456,942,1,M0,attack_nonmember,evaluation,2,0,3,0.0,0,2.202800610317076,0.8062430456347802,0,0,0.6369347486176604,0.10909090909090909,0.7854545454545457,0.0
Squirrel,client,456,962,1,M0,attack_nonmember,evaluation,3,0,6,0.1666666666666666,0,3.399964275191092,0.2971876930405475,0,0,,,,
Squirrel,client,456,984,1,M0,attack_nonmember,evaluation,0,0,3,0.0,0,5.928183585112261,0.27807291999734357,0,0,,,,
Squirrel,client,456,1018,0,M0,attack_nonmember,evaluation,0,0,0,,1,0.061575392258995956,0.27807291999734357,1,0,1.860278824783758,0.509090909090909,0.7854545454545457,0.0
Squirrel,client,456,1020,3,M0,attack_nonmember,evaluation,2,0,4,1.0,0,1.4772304282957331,0.8062430456347802,0,0,,,,
Squirrel,client,456,1027,6,M0,attack_nonmember,evaluation,3,0,11,0.2727272727272727,0,2.6502050737456315,0.2971876930405475,0,0,,,,
Squirrel,client,456,1041,1,M0,attack_nonmember,evaluation,3,0,1,1.0,0,1.7535956337004353,0.2971876930405475,0,0,,,,
Squirrel,client,456,1045,0,M0,attack_nonmember,evaluation,3,0,4,0.25,0,2.01869133036355,0.2971876930405475,0,0,,,,
Squirrel,client,456,1048,0,M0,attack_nonmember,evaluation,2,0,2,0.5,0,2.9165913633703275,0.8062430456347802,0,0,0.5985041468637581,0.10909090909090909,0.7854545454545457,0.0
Squirrel,client,456,1092,0,M0,attack_nonmember,evaluation,0,0,4,0.0,0,7.326506027753382,0.27807291999734357,0,0,0.05819204486401014,0.0,0.7854545454545457,0.0
Squirrel,client,456,1114,3,M0,attack_nonmember,evaluation,2,0,1,0.0,0,1.395301912115598,0.8062430456347802,0,0,2.195363876873976,0.6545454545454545,0.7854545454545457,0.0
Squirrel,client,456,1136,0,M0,attack_nonmember,evaluation,4,0,15,0.4,0,2.4616315364594223,1.50371502886198,0,0,17.61406612849718,1.0,0.7854545454545457,1.0
Squirrel,client,456,1162,0,M0,attack_nonmember,evaluation,4,0,6,0.5,1,0.4294216842405189,1.50371502886198,1,0,3.919206696723547,0.9090909090909091,0.7854545454545457,1.0
Squirrel,client,456,1165,0,M0,attack_nonmember,evaluation,1,0,0,,0,4.093001750544822,1.2003199236286985,0,0,,,,
Squirrel,client,456,1175,6,M0,attack_nonmember,evaluation,3,0,72,0.2083333333333333,0,1.9518999585910126,0.2971876930405475,0,0,1.3273880023763667,0.32727272727272727,0.7854545454545457,0.0
Squirrel,client,456,1178,1,M0,attack_nonmember,evaluation,0,0,0,,1,0.25847073785545116,0.27807291999734357,1,0,1.536450333300462,0.38181818181818183,0.7854545454545457,0.0
Squirrel,client,456,1199,6,M0,attack_nonmember,evaluation,2,0,70,0.3,0,1.7949137908691262,0.8062430456347802,0,0,,,,
Squirrel,client,456,1328,0,M0,attack_nonmember,evaluation,1,0,2,0.0,0,1.690986949183129,1.2003199236286985,0,0,,,,
Squirrel,client,456,1329,1,M0,attack_nonmember,evaluation,4,0,2,0.0,0,2.6782452070375147,1.50371502886198,0,0,,,,
Squirrel,client,456,1350,8,M0,attack_nonmember,evaluation,2,0,1,0.0,0,3.291366115387075,0.8062430456347802,0,0,0.41699746378894126,0.07272727272727272,0.7854545454545457,0.0
Squirrel,client,456,1382,7,M0,attack_nonmember,evaluation,0,0,6,0.1666666666666666,1,0.9030290864337388,0.27807291999734357,0,0,1.0439180183154435,0.21818181818181817,0.7854545454545457,0.0
Squirrel,client,456,1404,7,M0,attack_nonmember,evaluation,2,0,6,0.1666666666666666,0,2.2161386547453827,0.8062430456347802,0,0,,,,
Squirrel,client,456,1408,6,M0,attack_nonmember,evaluation,2,0,50,0.34,0,1.784946752879228,0.8062430456347802,0,0,1.0659566184282594,0.21818181818181817,0.7854545454545457,0.0
Squirrel,client,456,1435,0,M0,attack_nonmember,evaluation,1,0,0,,0,8.327445749438155,1.2003199236286985,0,0,,,,
Squirrel,client,456,1439,7,M0,attack_nonmember,evaluation,3,0,25,0.24,0,1.6878856712794064,0.2971876930405475,0,0,,,,
Squirrel,client,456,1443,0,M0,attack_nonmember,evaluation,2,0,14,0.1428571428571428,0,2.2592702947150287,0.8062430456347802,0,0,0.42911475059282655,0.07272727272727272,0.7854545454545457,0.0
Squirrel,client,456,1450,7,M0,attack_nonmember,evaluation,4,0,4,0.75,1,0.7783283587671798,1.50371502886198,1,0,2.0302682166662875,0.6545454545454545,0.7854545454545457,0.0
Squirrel,client,456,1470,0,M0,attack_nonmember,evaluation,4,0,4,0.25,0,2.1249738756489323,1.50371502886198,0,0,,,,
Squirrel,client,456,1492,1,M0,attack_nonmember,evaluation,0,0,1,0.0,0,4.4906415919721026,0.27807291999734357,0,0,,,,
Squirrel,client,456,1508,7,M0,attack_nonmember,evaluation,2,0,4,0.0,0,2.1722777043306474,0.8062430456347802,0,0,0.801159288883132,0.16363636363636364,0.7854545454545457,0.0
Squirrel,client,456,1527,1,M0,attack_nonmember,evaluation,1,0,0,,0,0.994195793645949,1.2003199236286985,1,0,,,,
Squirrel,client,456,1530,0,M0,attack_nonmember,evaluation,0,0,1,0.0,0,2.0638559434233508,0.27807291999734357,0,0,,,,
Squirrel,client,456,1584,1,M0,attack_nonmember,evaluation,4,0,8,0.125,0,1.5666919081824668,1.50371502886198,0,0,,,,
Squirrel,client,456,1596,0,M0,attack_nonmember,evaluation,4,0,6,0.1666666666666666,0,2.6672650543560517,1.50371502886198,0,0,3.5732422618896478,0.9090909090909091,0.7854545454545457,1.0
Squirrel,client,456,1615,7,M0,attack_nonmember,evaluation,0,0,5,0.0,1,0.6944924162314313,0.27807291999734357,0,0,,,,
Squirrel,client,456,1619,7,M0,attack_nonmember,evaluation,3,0,7,0.1428571428571428,0,2.639282089807581,0.2971876930405475,0,0,0.5592569246746268,0.10909090909090909,0.7854545454545457,0.0
Squirrel,client,456,1628,7,M0,attack_nonmember,evaluation,1,0,8,0.125,0,1.241779615474402,1.2003199236286985,0,0,,,,
Squirrel,client,456,1648,1,M0,attack_nonmember,evaluation,0,0,1,0.0,1,0.40992833819542657,0.27807291999734357,0,0,0.9208434665856007,0.2,0.7854545454545457,0.0
Squirrel,client,456,1664,0,M0,attack_nonmember,evaluation,1,0,0,,0,4.189532118417114,1.2003199236286985,0,0,0.5407555052992697,0.10909090909090909,0.7854545454545457,0.0
Squirrel,client,456,1690,7,M0,attack_nonmember,evaluation,1,0,5,0.0,0,1.3995158431371415,1.2003199236286985,0,0,1.045997394053636,0.21818181818181817,0.7854545454545457,0.0
Squirrel,client,456,1697,6,M0,attack_nonmember,evaluation,0,0,0,,0,2.611048104757422,0.27807291999734357,0,0,0.6050774937365104,0.10909090909090909,0.7854545454545457,0.0
Squirrel,client,456,1708,6,M0,attack_nonmember,evaluation,1,0,12,0.3333333333333333,0,1.411963768517051,1.2003199236286985,0,0,,,,
Squirrel,client,456,1718,0,M0,attack_nonmember,evaluation,0,0,1,0.0,1,1.1554972603409313,0.27807291999734357,0,0,,,,
Squirrel,client,456,1762,1,M0,attack_nonmember,evaluation,1,0,11,0.3636363636363636,0,1.1166068818780661,1.2003199236286985,1,0,,,,
Squirrel,client,456,1780,0,M0,attack_nonmember,evaluation,1,0,2,0.0,0,1.0838150173389864,1.2003199236286985,1,0,,,,
Squirrel,client,456,1791,0,M0,attack_nonmember,evaluation,1,0,0,,0,2.5845494266515385,1.2003199236286985,0,0,3.4086607919838463,0.8909090909090909,0.7854545454545457,1.0
Squirrel,client,456,1841,0,M0,attack_nonmember,evaluation,1,0,1,0.0,0,2.2951972870359874,1.2003199236286985,0,0,,,,
Squirrel,client,456,1844,0,M0,attack_nonmember,evaluation,4,0,0,,0,3.72940603021292,1.50371502886198,0,0,,,,
Squirrel,client,456,1855,7,M0,attack_nonmember,evaluation,1,0,2,0.0,0,1.1404452335656476,1.2003199236286985,1,0,,,,
Squirrel,client,456,1856,1,M0,attack_nonmember,evaluation,1,0,0,,0,1.8707405130405386,1.2003199236286985,0,0,0.7623646559816772,0.12727272727272726,0.7854545454545457,0.0
Squirrel,client,456,1872,7,M0,attack_nonmember,evaluation,3,0,58,0.2586206896551724,0,1.531281286397253,0.2971876930405475,0,0,,,,
Squirrel,client,456,1896,1,M0,attack_nonmember,evaluation,4,0,0,,0,5.136071541775992,1.50371502886198,0,0,0.9087934972034702,0.18181818181818182,0.7854545454545457,0.0
Squirrel,client,456,1912,1,M0,attack_nonmember,evaluation,0,0,0,,0,3.0843752480791515,0.27807291999734357,0,0,,,,
Squirrel,client,456,1948,7,M0,attack_nonmember,evaluation,3,0,49,0.3061224489795918,0,1.578864409271358,0.2971876930405475,0,0,1.201572736451846,0.23636363636363636,0.7854545454545457,0.0
Squirrel,client,456,2011,0,M0,attack_nonmember,evaluation,2,0,2,0.5,0,1.8230378339191928,0.8062430456347802,0,0,,,,
Squirrel,client,456,2022,1,M0,attack_nonmember,evaluation,1,0,1,0.0,0,2.781262697560875,1.2003199236286985,0,0,0.47104999097208455,0.07272727272727272,0.7854545454545457,0.0
Squirrel,client,456,2023,0,M0,attack_nonmember,evaluation,3,0,0,,0,0.9802954335296041,0.2971876930405475,0,0,,,,
Squirrel,client,456,2092,7,M0,attack_nonmember,evaluation,2,0,0,,0,3.36611995795301,0.8062430456347802,0,0,0.36031761209971475,0.07272727272727272,0.7854545454545457,0.0
Squirrel,client,456,2113,0,M0,attack_nonmember,evaluation,0,0,0,,0,1.2159823566080967,0.27807291999734357,0,0,,,,
Squirrel,client,456,2116,0,M0,attack_nonmember,evaluation,4,0,0,,0,2.1667900947157994,1.50371502886198,0,0,,,,
Squirrel,client,456,2126,0,M0,attack_nonmember,evaluation,0,0,0,,0,2.3739876701501066,0.27807291999734357,0,0,,,,
Squirrel,client,456,2129,0,M0,attack_nonmember,evaluation,2,0,2,0.5,1,0.28820131271170585,0.8062430456347802,1,0,2.144674312135789,0.6545454545454545,0.7854545454545457,0.0
Squirrel,client,456,2164,0,M0,attack_nonmember,evaluation,4,0,1,0.0,0,2.148828105909511,1.50371502886198,0,0,0.7898383849241951,0.16363636363636364,0.7854545454545457,0.0
Squirrel,client,456,2184,7,M0,attack_nonmember,evaluation,2,0,10,0.0,0,1.8873558372368515,0.8062430456347802,0,0,,,,
Squirrel,client,456,2195,7,M0,attack_nonmember,evaluation,2,0,2,0.5,0,3.2066461969539413,0.8062430456347802,0,0,0.42153467009553275,0.07272727272727272,0.7854545454545457,0.0
Squirrel,client,456,2207,0,M0,attack_nonmember,evaluation,3,0,1,0.0,0,0.823904771454097,0.2971876930405475,0,0,,,,
Squirrel,client,456,0,2,MR,F,evaluation,0,0,2,0.0,0,1.2916096369152452,0.27807291999734357,0,0,0.7048836198417008,0.2,0.7600000000000001,0.0
Squirrel,client,456,3,4,MR,F,evaluation,0,0,2,0.0,0,1.9133044062991105,0.27807291999734357,0,0,0.8482020002673315,0.2,0.7600000000000001,0.0
Squirrel,client,456,8,4,MR,F,evaluation,3,0,0,,0,2.143865022534552,0.2971876930405475,0,0,0.6723343684554,0.18181818181818182,0.7600000000000001,0.0
Squirrel,client,456,10,4,MR,F,evaluation,3,0,0,,0,2.617076486993054,0.2971876930405475,0,0,0.4895871871121831,0.12727272727272726,0.7600000000000001,0.0
Squirrel,client,456,13,4,MR,F,evaluation,2,0,0,,0,1.0377141404983912,0.8062430456347802,0,0,0.4442950413140943,0.10909090909090909,0.7600000000000001,0.0
Squirrel,client,456,20,4,MR,F,evaluation,1,0,0,,0,2.3714188002025898,1.2003199236286985,0,0,0.669253644921997,0.18181818181818182,0.7600000000000001,0.0
Squirrel,client,456,21,2,MR,F,evaluation,0,0,5,0.2,0,0.9419732915968966,0.27807291999734357,0,0,0.694887201662644,0.2,0.7600000000000001,0.0
Squirrel,client,456,24,4,MR,F,evaluation,0,0,0,,1,0.4848078594383535,0.27807291999734357,0,0,1.0662131837960231,0.2909090909090909,0.7600000000000001,0.0
Squirrel,client,456,25,4,MR,F,evaluation,0,0,0,,0,3.064956506755893,0.27807291999734357,0,0,0.19547664372605694,0.05454545454545454,0.7600000000000001,0.0
Squirrel,client,456,26,4,MR,F,evaluation,3,0,5,0.2,0,2.4898056212903503,0.2971876930405475,0,0,0.5821023270418751,0.16363636363636364,0.7600000000000001,0.0
Squirrel,client,456,34,4,MR,F,evaluation,0,0,1,0.0,0,1.0224867891524387,0.27807291999734357,0,0,0.6641538855851802,0.18181818181818182,0.7600000000000001,0.0
Squirrel,client,456,35,4,MR,F,evaluation,3,0,1,0.0,0,1.577195508359898,0.2971876930405475,0,0,1.103722096713623,0.2909090909090909,0.7600000000000001,0.0
Squirrel,client,456,50,4,MR,F,evaluation,0,0,0,,0,1.485998341944553,0.27807291999734357,0,0,0.4924213393943184,0.12727272727272726,0.7600000000000001,0.0
Squirrel,client,456,58,4,MR,F,evaluation,1,0,2,0.0,0,2.250669549705055,1.2003199236286985,0,0,3.400251059155814,0.8909090909090909,0.7600000000000001,1.0
Squirrel,client,456,63,4,MR,F,evaluation,2,0,1,1.0,1,0.2050874443448079,0.8062430456347802,1,0,2.8686692208748052,0.8727272727272727,0.7600000000000001,1.0
Squirrel,client,456,71,4,MR,F,evaluation,2,0,2,0.0,1,0.8450957424276941,0.8062430456347802,0,0,1.60775326645982,0.4909090909090909,0.7600000000000001,0.0
Squirrel,client,456,74,4,MR,F,evaluation,0,0,1,0.0,0,1.9385512575072892,0.27807291999734357,0,0,0.7531775775456504,0.2,0.7600000000000001,0.0
Squirrel,client,456,75,4,MR,F,evaluation,3,0,1,0.0,0,2.1322273489837844,0.2971876930405475,0,0,0.732549229738781,0.2,0.7600000000000001,0.0
Squirrel,client,456,80,2,MR,F,evaluation,0,0,2,0.0,0,1.2191913073460716,0.27807291999734357,0,0,0.8200066832939318,0.2,0.7600000000000001,0.0
Squirrel,client,456,82,2,MR,F,evaluation,0,0,92,0.4347826086956521,0,1.0074073107621242,0.27807291999734357,0,0,0.5100810945923309,0.14545454545454545,0.7600000000000001,0.0
Squirrel,client,456,83,4,MR,F,evaluation,0,0,0,,1,0.6016110109313391,0.27807291999734357,0,0,0.6833678432585824,0.2,0.7600000000000001,0.0
Squirrel,client,456,87,4,MR,F,evaluation,0,0,2,0.5,0,1.2372937037189309,0.27807291999734357,0,0,1.3350019656103647,0.38181818181818183,0.7600000000000001,0.0
Squirrel,client,456,89,2,MR,F,evaluation,0,0,1,0.0,1,0.5579776078340383,0.27807291999734357,0,0,1.0881756879077564,0.2909090909090909,0.7600000000000001,0.0
Squirrel,client,456,96,4,MR,F,evaluation,0,0,1,0.0,1,0.6592909624080205,0.27807291999734357,0,0,0.8850556383555884,0.21818181818181817,0.7600000000000001,0.0
Squirrel,client,456,105,4,MR,F,evaluation,0,0,0,,0,1.907524621310091,0.27807291999734357,0,0,0.5699154042888058,0.14545454545454545,0.7600000000000001,0.0
Squirrel,client,456,107,2,MR,F,evaluation,0,0,112,0.4821428571428571,1,0.848507585910042,0.27807291999734357,0,0,0.5579307256631331,0.14545454545454545,0.7600000000000001,0.0
Squirrel,client,456,110,2,MR,F,evaluation,0,0,6,0.0,1,0.6372939453849442,0.27807291999734357,0,0,1.0676720018739907,0.2909090909090909,0.7600000000000001,0.0
Squirrel,client,456,117,2,MR,F,evaluation,0,0,106,0.490566037735849,1,0.8400151322149224,0.27807291999734357,0,0,0.5695371467331893,0.14545454545454545,0.7600000000000001,0.0
Squirrel,client,456,119,2,MR,F,evaluation,1,0,21,0.0952380952380952,1,0.9054841270812448,1.2003199236286985,1,0,1.2924499589200305,0.34545454545454546,0.7600000000000001,0.0
Squirrel,client,456,121,2,MR,F,evaluation,1,0,110,0.2454545454545454,1,0.7864767281893702,1.2003199236286985,1,0,1.6186844144075592,0.4909090909090909,0.7600000000000001,0.0
Squirrel,client,456,126,4,MR,F,evaluation,2,0,0,,1,0.09520446022714311,0.8062430456347802,1,0,2.951321418873075,0.8727272727272727,0.7600000000000001,1.0
Squirrel,client,456,138,4,MR,F,evaluation,2,0,0,,0,1.6865007847882167,0.8062430456347802,0,0,3.2834343423706143,0.8909090909090909,0.7600000000000001,1.0
Squirrel,client,456,142,4,MR,F,evaluation,0,0,1,0.0,0,1.6840448976664928,0.27807291999734357,0,0,0.6299649779707612,0.18181818181818182,0.7600000000000001,0.0
Squirrel,client,456,145,4,MR,F,evaluation,2,0,4,0.0,0,2.7598178443011356,0.8062430456347802,0,0,0.39634914092451534,0.09090909090909091,0.7600000000000001,0.0
Squirrel,client,456,148,4,MR,F,evaluation,4,0,2,0.0,0,2.382440579396166,1.50371502886198,0,0,1.2198641748510806,0.32727272727272727,0.7600000000000001,0.0
Squirrel,client,456,156,4,MR,F,evaluation,0,0,1,1.0,1,0.6918742098218046,0.27807291999734357,0,0,0.728104956619054,0.2,0.7600000000000001,0.0
Squirrel,client,456,157,2,MR,F,evaluation,0,0,88,0.4318181818181818,0,0.935991085964855,0.27807291999734357,0,0,0.5370229411559777,0.14545454545454545,0.7600000000000001,0.0
Squirrel,client,456,162,2,MR,F,evaluation,0,0,3,0.3333333333333333,1,0.6814473510430084,0.27807291999734357,0,0,1.012723900767949,0.2545454545454545,0.7600000000000001,0.0
Squirrel,client,456,163,4,MR,F,evaluation,3,0,0,,0,2.916840270136052,0.2971876930405475,0,0,2.3394922728430307,0.7272727272727273,0.7600000000000001,0.0
Squirrel,client,456,164,4,MR,F,evaluation,2,0,0,,0,1.2571949034035281,0.8062430456347802,0,0,0.6200190063071999,0.18181818181818182,0.7600000000000001,0.0
Squirrel,client,456,175,4,MR,F,evaluation,0,0,2,0.5,0,1.6087912210767754,0.27807291999734357,0,0,0.9275615823125273,0.21818181818181817,0.7600000000000001,0.0
Squirrel,client,456,185,2,MR,F,evaluation,0,0,10,0.1,1,0.8909059803596873,0.27807291999734357,0,0,0.9095759343405153,0.21818181818181817,0.7600000000000001,0.0
Squirrel,client,456,191,4,MR,F,evaluation,2,0,0,,0,3.6600973978258438,0.8062430456347802,0,0,0.2676335755881878,0.05454545454545454,0.7600000000000001,0.0
Squirrel,client,456,197,4,MR,F,evaluation,3,0,0,,0,3.6034399797366943,0.2971876930405475,0,0,0.2489036774626583,0.05454545454545454,0.7600000000000001,0.0
Squirrel,client,456,213,4,MR,F,evaluation,1,0,0,,1,0.05766436025658419,1.2003199236286985,1,0,2.224423281261779,0.7090909090909091,0.7600000000000001,0.0
Squirrel,client,456,216,2,MR,F,evaluation,0,0,88,0.4204545454545454,0,1.0286293943158942,0.27807291999734357,0,0,0.5025312420216601,0.14545454545454545,0.7600000000000001,0.0
Squirrel,client,456,217,2,MR,F,evaluation,0,0,2,0.0,0,1.6349221421114526,0.27807291999734357,0,0,0.5492900213606625,0.14545454545454545,0.7600000000000001,0.0
Squirrel,client,456,218,2,MR,F,evaluation,0,0,89,0.4269662921348314,0,1.0232375274697287,0.27807291999734357,0,0,0.5043477226772973,0.14545454545454545,0.7600000000000001,0.0
Squirrel,client,456,221,4,MR,F,evaluation,3,0,3,0.3333333333333333,0,3.9905117369579504,0.2971876930405475,0,0,0.2837863911160657,0.05454545454545454,0.7600000000000001,0.0
Squirrel,client,456,227,4,MR,F,evaluation,3,0,1,0.0,0,2.6098690159491618,0.2971876930405475,0,0,1.0483846674445272,0.2727272727272727,0.7600000000000001,0.0
Squirrel,client,456,239,4,MR,F,evaluation,1,0,0,,0,3.3350620811112632,1.2003199236286985,0,0,0.6567443421421996,0.18181818181818182,0.7600000000000001,0.0
Squirrel,client,456,242,4,MR,F,evaluation,0,0,0,,1,0.3347467132640666,0.27807291999734357,0,0,0.9278296741417013,0.21818181818181817,0.7600000000000001,0.0
Squirrel,client,456,243,4,MR,F,evaluation,2,0,0,,0,5.763561407720281,0.8062430456347802,0,0,0.05430102089290586,0.01818181818181818,0.7600000000000001,0.0
Squirrel,client,456,248,4,MR,F,evaluation,1,0,1,0.0,0,1.3686674158898025,1.2003199236286985,0,0,1.651070564140756,0.4909090909090909,0.7600000000000001,0.0
Squirrel,client,456,249,4,MR,F,evaluation,3,0,0,,0,4.267346933343463,0.2971876930405475,0,0,0.27233368086965853,0.05454545454545454,0.7600000000000001,0.0
Squirrel,client,456,254,4,MR,F,evaluation,0,0,1,0.0,0,1.2496029161260807,0.27807291999734357,0,0,0.8460742714871831,0.2,0.7600000000000001,0.0
Squirrel,client,456,256,2,MR,F,evaluation,0,0,2,0.0,1,0.7468298889237334,0.27807291999734357,0,0,0.9017776388819927,0.21818181818181817,0.7600000000000001,0.0
Squirrel,client,456,262,4,MR,F,evaluation,2,0,1,0.0,1,0.8025153945922932,0.8062430456347802,1,0,1.102726402978473,0.2909090909090909,0.7600000000000001,0.0
Squirrel,client,456,264,4,MR,F,evaluation,2,0,0,,0,2.150879873796094,0.8062430456347802,0,0,3.305828630003335,0.8909090909090909,0.7600000000000001,1.0
Squirrel,client,456,266,4,MR,F,evaluation,0,0,0,,1,0.8530220760359164,0.27807291999734357,0,0,0.8346908690250551,0.2,0.7600000000000001,0.0
Squirrel,client,456,270,4,MR,F,evaluation,4,0,0,,0,1.0077450424866032,1.50371502886198,1,0,4.82646970006619,0.9272727272727272,0.7600000000000001,1.0
Squirrel,client,456,272,4,MR,F,evaluation,1,0,0,,0,1.3195509903023264,1.2003199236286985,0,0,2.6103090147540944,0.8363636363636363,0.7600000000000001,1.0
Squirrel,client,456,275,4,MR,F,evaluation,0,0,0,,0,0.8421101861536832,0.27807291999734357,0,0,0.7032546648432478,0.2,0.7600000000000001,0.0
Squirrel,client,456,277,4,MR,F,evaluation,0,0,0,,1,0.7183276092976503,0.27807291999734357,0,0,1.5477260685480985,0.4909090909090909,0.7600000000000001,0.0
Squirrel,client,456,282,4,MR,F,evaluation,1,0,0,,0,2.539331807457848,1.2003199236286985,0,0,0.5939327766057114,0.16363636363636364,0.7600000000000001,0.0
Squirrel,client,456,285,2,MR,F,evaluation,0,0,3,0.0,1,0.6564819011362275,0.27807291999734357,0,0,0.9838287910328882,0.21818181818181817,0.7600000000000001,0.0
Squirrel,client,456,286,2,MR,F,evaluation,0,0,85,0.4235294117647059,1,0.8420978562149334,0.27807291999734357,0,0,0.5686758958797794,0.14545454545454545,0.7600000000000001,0.0
Squirrel,client,456,289,2,MR,F,evaluation,0,0,97,0.4536082474226804,1,0.8797809869912567,0.27807291999734357,0,0,0.5545794948990932,0.14545454545454545,0.7600000000000001,0.0
Squirrel,client,456,292,4,MR,F,evaluation,1,0,0,,0,2.7651361494520312,1.2003199236286985,0,0,4.534580680058024,0.9090909090909091,0.7600000000000001,1.0
Squirrel,client,456,293,4,MR,F,evaluation,2,0,0,,0,2.9381275049554194,0.8062430456347802,0,0,0.7566388002250196,0.2,0.7600000000000001,0.0
Squirrel,client,456,294,4,MR,F,evaluation,0,0,0,,1,0.7885198052620923,0.27807291999734357,0,0,0.7568758552494431,0.2,0.7600000000000001,0.0
Squirrel,client,456,303,4,MR,F,evaluation,1,0,0,,0,1.4092569881023378,1.2003199236286985,0,0,1.7332239384051285,0.5454545454545454,0.7600000000000001,0.0
Squirrel,client,456,321,4,MR,F,evaluation,1,0,0,,0,1.4672542154801929,1.2003199236286985,0,0,3.2011179269337213,0.8909090909090909,0.7600000000000001,1.0
Squirrel,client,456,322,4,MR,F,evaluation,3,0,2,0.0,0,3.432676320998342,0.2971876930405475,0,0,0.3549446402620655,0.05454545454545454,0.7600000000000001,0.0
Squirrel,client,456,324,4,MR,F,evaluation,2,0,3,0.0,0,4.3555019267007005,0.8062430456347802,0,0,0.24790052334780313,0.05454545454545454,0.7600000000000001,0.0
Squirrel,client,456,329,2,MR,F,evaluation,0,0,3,0.0,0,1.5644042479921834,0.27807291999734357,0,0,0.5918573118595593,0.16363636363636364,0.7600000000000001,0.0
Squirrel,client,456,331,4,MR,F,evaluation,1,0,0,,0,1.7793578325284802,1.2003199236286985,0,0,0.9767939813304307,0.21818181818181817,0.7600000000000001,0.0
Squirrel,client,456,332,4,MR,F,evaluation,2,0,0,,0,2.5384229824539184,0.8062430456347802,0,0,0.4757716625321069,0.12727272727272726,0.7600000000000001,0.0
Squirrel,client,456,340,4,MR,F,evaluation,0,0,0,,1,0.31533782965821633,0.27807291999734357,0,0,1.34560236036959,0.38181818181818183,0.7600000000000001,0.0
Squirrel,client,456,346,2,MR,F,evaluation,0,0,93,0.4516129032258064,1,0.7962371503249516,0.27807291999734357,0,0,0.5843173138407434,0.16363636363636364,0.7600000000000001,0.0
Squirrel,client,456,354,4,MR,F,evaluation,1,0,0,,0,1.5386881071431677,1.2003199236286985,0,0,1.0471331592514928,0.2727272727272727,0.7600000000000001,0.0
Squirrel,client,456,355,2,MR,F,evaluation,0,0,94,0.4361702127659574,0,0.9827813488186564,0.27807291999734357,0,0,0.5159330566239655,0.14545454545454545,0.7600000000000001,0.0
Squirrel,client,456,362,4,MR,F,evaluation,1,0,0,,0,2.1185709819244787,1.2003199236286985,0,0,0.955919887378506,0.21818181818181817,0.7600000000000001,0.0
Squirrel,client,456,365,4,MR,F,evaluation,1,0,2,0.5,1,0.6489472826136281,1.2003199236286985,1,0,3.9094755562682333,0.9090909090909091,0.7600000000000001,1.0
Squirrel,client,456,370,4,MR,F,evaluation,0,0,1,1.0,0,5.933509985998711,0.27807291999734357,0,0,0.06019862344770095,0.01818181818181818,0.7600000000000001,0.0
Squirrel,client,456,376,4,MR,F,evaluation,2,0,0,,0,1.7782979714234561,0.8062430456347802,0,0,1.0831836676049347,0.2909090909090909,0.7600000000000001,0.0
Squirrel,client,456,377,4,MR,F,evaluation,0,0,2,0.0,0,4.269649220294739,0.27807291999734357,0,0,0.11595248218219131,0.03636363636363636,0.7600000000000001,0.0
Squirrel,client,456,383,4,MR,F,evaluation,1,0,0,,1,0.1705692788175832,1.2003199236286985,1,0,4.214231033640467,0.9090909090909091,0.7600000000000001,1.0
Squirrel,client,456,392,4,MR,F,evaluation,0,0,0,,1,0.26058786156784053,0.27807291999734357,1,0,2.3003904498806538,0.7272727272727273,0.7600000000000001,0.0
Squirrel,client,456,394,4,MR,F,evaluation,1,0,0,,0,1.2517218791560771,1.2003199236286985,0,0,1.5055933689705918,0.45454545454545453,0.7600000000000001,0.0
Squirrel,client,456,395,4,MR,F,evaluation,0,0,0,,0,1.6842261613170062,0.27807291999734357,0,0,0.7594911421333994,0.2,0.7600000000000001,0.0
Squirrel,client,456,396,4,MR,F,evaluation,2,0,0,,0,3.75192241954617,0.8062430456347802,0,0,0.14138180069532902,0.05454545454545454,0.7600000000000001,0.0
Squirrel,client,456,404,4,MR,F,evaluation,0,0,0,,0,4.698122595342148,0.27807291999734357,0,0,0.10444831959416613,0.03636363636363636,0.7600000000000001,0.0
Squirrel,client,456,422,4,MR,F,evaluation,1,0,0,,1,0.43354278742566876,1.2003199236286985,1,0,3.7018212590051975,0.8909090909090909,0.7600000000000001,1.0
Squirrel,client,456,432,4,MR,F,evaluation,2,0,0,,1,0.24173705087692926,0.8062430456347802,1,0,1.1944098441024393,0.32727272727272727,0.7600000000000001,0.0
Squirrel,client,456,445,2,MR,F,evaluation,1,0,18,0.2777777777777778,1,0.7765369227325097,1.2003199236286985,1,0,1.356703907131819,0.38181818181818183,0.7600000000000001,0.0
Squirrel,client,456,455,4,MR,F,evaluation,2,0,0,,0,2.7862839916999746,0.8062430456347802,0,0,0.8045422974445222,0.2,0.7600000000000001,0.0
Squirrel,client,456,460,4,MR,F,evaluation,0,0,0,,0,2.208242232542524,0.27807291999734357,0,0,0.3534886058006352,0.05454545454545454,0.7600000000000001,0.0
Squirrel,client,456,461,4,MR,F,evaluation,0,0,0,,1,0.14642403429466927,0.27807291999734357,1,0,1.2382054991762792,0.32727272727272727,0.7600000000000001,0.0
Squirrel,client,456,462,2,MR,F,evaluation,1,0,4,0.25,1,0.6553847700898122,1.2003199236286985,1,0,1.6515139450000489,0.4909090909090909,0.7600000000000001,0.0
Squirrel,client,456,466,4,MR,F,evaluation,4,0,0,,0,3.1034022640403216,1.50371502886198,0,0,1.2483583424148437,0.32727272727272727,0.7600000000000001,0.0
Squirrel,client,456,469,4,MR,F,evaluation,1,0,0,,0,1.8118502754411532,1.2003199236286985,0,0,0.714466903638259,0.2,0.7600000000000001,0.0
Squirrel,client,456,474,4,MR,F,evaluation,2,0,0,,0,3.2903380731655654,0.8062430456347802,0,0,0.27517368430466227,0.05454545454545454,0.7600000000000001,0.0
Squirrel,client,456,475,4,MR,F,evaluation,1,0,0,,1,0.2099967277241599,1.2003199236286985,1,0,6.405275736640867,0.9818181818181818,0.7600000000000001,1.0
Squirrel,client,456,477,4,MR,F,evaluation,2,0,0,,0,6.240578678986839,0.8062430456347802,0,0,0.02213049934956255,0.0,0.7600000000000001,0.0
Squirrel,client,456,485,4,MR,F,evaluation,4,0,1,0.0,0,3.7510071171516537,1.50371502886198,0,0,1.215628053822446,0.32727272727272727,0.7600000000000001,0.0
Squirrel,client,456,488,4,MR,F,evaluation,4,0,0,,0,2.337133446984791,1.50371502886198,0,0,9.1821923922567,0.9818181818181818,0.7600000000000001,1.0
Squirrel,client,456,489,2,MR,F,evaluation,0,0,90,0.4111111111111111,1,0.8833028780910407,0.27807291999734357,0,0,0.5462759019393308,0.14545454545454545,0.7600000000000001,0.0
Squirrel,client,456,496,4,MR,F,evaluation,2,0,0,,0,6.223841067807722,0.8062430456347802,0,0,0.0611327516052774,0.01818181818181818,0.7600000000000001,0.0
Squirrel,client,456,497,4,MR,F,evaluation,3,0,0,,0,1.2482876704261843,0.2971876930405475,0,0,0.42758612583517513,0.09090909090909091,0.7600000000000001,0.0
Squirrel,client,456,501,2,MR,F,evaluation,0,0,88,0.4204545454545454,0,0.9787706096100222,0.27807291999734357,0,0,0.5140370222695118,0.14545454545454545,0.7600000000000001,0.0
Squirrel,client,456,507,4,MR,F,evaluation,0,0,0,,0,1.3007477430146963,0.27807291999734357,0,0,1.684563021098793,0.4909090909090909,0.7600000000000001,0.0
Squirrel,client,456,511,2,MR,F,evaluation,0,0,22,0.0454545454545454,0,1.5562317854855068,0.27807291999734357,0,0,0.4895162831596796,0.12727272727272726,0.7600000000000001,0.0
Squirrel,client,456,512,4,MR,F,evaluation,4,0,0,,0,4.361542718506954,1.50371502886198,0,0,0.4063016715903269,0.09090909090909091,0.7600000000000001,0.0
Squirrel,client,456,513,4,MR,F,evaluation,0,0,0,,1,0.43369471390339215,0.27807291999734357,0,0,1.022367750247592,0.2545454545454545,0.7600000000000001,0.0
Squirrel,client,456,521,4,MR,F,evaluation,1,0,0,,0,5.002994971170064,1.2003199236286985,0,0,0.08294010546276986,0.03636363636363636,0.7600000000000001,0.0
Squirrel,client,456,523,2,MR,F,evaluation,0,0,75,0.3733333333333333,0,1.0072753622710555,0.27807291999734357,0,0,0.5097692100523434,0.14545454545454545,0.7600000000000001,0.0
Squirrel,client,456,524,4,MR,F,evaluation,3,0,0,,1,0.29425100708316876,0.2971876930405475,1,0,3.213114587048454,0.8909090909090909,0.7600000000000001,1.0
Squirrel,client,456,526,4,MR,F,evaluation,2,0,0,,0,2.723946641629134,0.8062430456347802,0,0,0.17904104723368025,0.05454545454545454,0.7600000000000001,0.0
Squirrel,client,456,530,4,MR,F,evaluation,1,0,0,,0,3.2732549801339834,1.2003199236286985,0,0,0.41455536401469634,0.09090909090909091,0.7600000000000001,0.0
Squirrel,client,456,535,4,MR,F,evaluation,4,0,0,,0,4.0077608576819745,1.50371502886198,0,0,0.6048521103356596,0.16363636363636364,0.7600000000000001,0.0
Squirrel,client,456,536,2,MR,F,evaluation,4,0,95,0.1052631578947368,0,3.6197635778633526,1.50371502886198,0,0,2.2520078416492755,0.7090909090909091,0.7600000000000001,0.0
Squirrel,client,456,541,4,MR,F,evaluation,0,0,0,,0,1.295882750822664,0.27807291999734357,0,0,0.5468550195497995,0.14545454545454545,0.7600000000000001,0.0
Squirrel,client,456,542,4,MR,F,evaluation,2,0,0,,1,0.48311326459254017,0.8062430456347802,1,0,3.090720916978963,0.8909090909090909,0.7600000000000001,1.0
Squirrel,client,456,543,2,MR,F,evaluation,3,0,10,0.3,0,2.0042660944496244,0.2971876930405475,0,0,1.209045907864204,0.32727272727272727,0.7600000000000001,0.0
Squirrel,client,456,544,4,MR,F,evaluation,4,0,0,,0,2.7460779456843967,1.50371502886198,0,0,0.49087139928159607,0.12727272727272726,0.7600000000000001,0.0
Squirrel,client,456,549,4,MR,F,evaluation,2,0,0,,0,4.377961610819149,0.8062430456347802,0,0,0.12915081391045896,0.05454545454545454,0.7600000000000001,0.0
Squirrel,client,456,577,2,MR,F,evaluation,0,0,2,0.0,0,2.1041631714956797,0.27807291999734357,0,0,0.43352000606449476,0.10909090909090909,0.7600000000000001,0.0
Squirrel,client,456,593,2,MR,F,evaluation,0,0,2,0.0,1,0.9151732940463844,0.27807291999734357,0,0,0.8634768789796582,0.2,0.7600000000000001,0.0
Squirrel,client,456,598,2,MR,F,evaluation,0,0,82,0.4146341463414634,0,0.9721185652117665,0.27807291999734357,0,0,0.5200228409452967,0.14545454545454545,0.7600000000000001,0.0
Squirrel,client,456,623,2,MR,F,evaluation,3,0,84,0.119047619047619,0,2.467416479729052,0.2971876930405475,0,0,1.658028264103042,0.4909090909090909,0.7600000000000001,0.0
Squirrel,client,456,633,2,MR,F,evaluation,0,0,2,0.0,1,0.6772463211066652,0.27807291999734357,0,0,1.0512103456832502,0.2909090909090909,0.7600000000000001,0.0
Squirrel,client,456,656,2,MR,F,evaluation,0,0,79,0.4177215189873418,0,1.059670860384233,0.27807291999734357,0,0,0.48810797981936305,0.12727272727272726,0.7600000000000001,0.0
Squirrel,client,456,685,2,MR,F,evaluation,0,0,69,0.3768115942028985,0,1.1412100219155523,0.27807291999734357,0,0,0.46239418013717964,0.12727272727272726,0.7600000000000001,0.0
Squirrel,client,456,693,2,MR,F,evaluation,1,0,75,0.2666666666666666,1,0.8743048995951883,1.2003199236286985,1,0,1.4173736483402328,0.4,0.7600000000000001,0.0
Squirrel,client,456,710,2,MR,F,evaluation,0,0,10,0.1,0,1.0887862453338544,0.27807291999734357,0,0,0.6226781695768964,0.18181818181818182,0.7600000000000001,0.0
Squirrel,client,456,731,2,MR,F,evaluation,3,0,80,0.125,0,2.4718238216393322,0.2971876930405475,0,0,2.037633231598693,0.6545454545454545,0.7600000000000001,0.0
Squirrel,client,456,734,2,MR,F,evaluation,1,0,13,0.1538461538461538,0,1.0989696761532235,1.2003199236286985,1,0,1.1536455297940709,0.3090909090909091,0.7600000000000001,0.0
Squirrel,client,456,757,2,MR,F,evaluation,0,0,16,0.125,1,0.7927116823712606,0.27807291999734357,0,0,0.7869937364827836,0.2,0.7600000000000001,0.0
Squirrel,client,456,773,2,MR,F,evaluation,3,0,7,0.2857142857142857,0,2.188634172742091,0.2971876930405475,0,0,0.9374468502649309,0.21818181818181817,0.7600000000000001,0.0
Squirrel,client,456,785,2,MR,F,evaluation,1,0,69,0.2608695652173913,1,0.8517772139219464,1.2003199236286985,1,0,1.4283526090579985,0.41818181818181815,0.7600000000000001,0.0
Squirrel,client,456,787,2,MR,F,evaluation,0,0,70,0.3857142857142857,0,1.0543685685978241,0.27807291999734357,0,0,0.4818224811616032,0.12727272727272726,0.7600000000000001,0.0
Squirrel,client,456,797,2,MR,F,evaluation,0,0,67,0.3880597014925373,0,1.1472226298100132,0.27807291999734357,0,0,0.45915706522082794,0.12727272727272726,0.7600000000000001,0.0
Squirrel,client,456,824,2,MR,F,evaluation,0,0,65,0.3846153846153846,0,1.0476748234588722,0.27807291999734357,0,0,0.4915791577640555,0.12727272727272726,0.7600000000000001,0.0
Squirrel,client,456,831,2,MR,F,evaluation,2,0,14,0.1428571428571428,0,1.702613384875734,0.8062430456347802,0,0,1.5289655015657264,0.45454545454545453,0.7600000000000001,0.0
Squirrel,client,456,883,2,MR,F,evaluation,1,0,4,0.0,0,1.281992463081563,1.2003199236286985,0,0,1.0511821520413516,0.2909090909090909,0.7600000000000001,0.0
Squirrel,client,456,886,2,MR,F,evaluation,0,0,0,,1,0.4588479461953587,0.27807291999734357,0,0,0.9336636213022067,0.21818181818181817,0.7600000000000001,0.0
Squirrel,client,456,916,2,MR,F,evaluation,0,0,65,0.3692307692307692,0,1.0451638554620912,0.27807291999734357,0,0,0.4909264606201363,0.12727272727272726,0.7600000000000001,0.0
Squirrel,client,456,929,2,MR,F,evaluation,0,0,4,0.0,0,1.3642930691143988,0.27807291999734357,0,0,0.6695364148494121,0.18181818181818182,0.7600000000000001,0.0
Squirrel,client,456,949,2,MR,F,evaluation,1,0,60,0.2666666666666666,1,0.9238080336727758,1.2003199236286985,1,0,1.3589378718537373,0.38181818181818183,0.7600000000000001,0.0
Squirrel,client,456,982,2,MR,F,evaluation,3,0,60,0.1333333333333333,0,2.207879706129347,0.2971876930405475,0,0,1.905152069137444,0.5818181818181818,0.7600000000000001,0.0
Squirrel,client,456,988,2,MR,F,evaluation,0,0,5,0.4,1,0.781471399128242,0.27807291999734357,0,0,0.959453621279115,0.21818181818181817,0.7600000000000001,0.0
Squirrel,client,456,990,2,MR,F,evaluation,2,0,8,0.25,0,1.080690411533617,0.8062430456347802,0,0,1.7833785872378307,0.5454545454545454,0.7600000000000001,0.0
Squirrel,client,456,1012,2,MR,F,evaluation,0,0,4,0.25,0,1.1927028344819537,0.27807291999734357,0,0,0.7186834255901894,0.2,0.7600000000000001,0.0
Squirrel,client,456,1066,2,MR,F,evaluation,0,0,4,0.0,0,1.9030094795926673,0.27807291999734357,0,0,0.47925023195715094,0.12727272727272726,0.7600000000000001,0.0
Squirrel,client,456,1190,2,MR,F,evaluation,0,0,53,0.3584905660377358,0,1.2876676672384975,0.27807291999734357,0,0,0.4143333237905826,0.09090909090909091,0.7600000000000001,0.0
Squirrel,client,456,1193,2,MR,F,evaluation,3,0,51,0.0980392156862745,0,2.214995967624038,0.2971876930405475,0,0,1.939359561845158,0.6,0.7600000000000001,0.0
Squirrel,client,456,1201,2,MR,F,evaluation,0,0,50,0.36,0,1.184961625446216,0.27807291999734357,0,0,0.4441859634351014,0.10909090909090909,0.7600000000000001,0.0
Squirrel,client,456,1223,2,MR,F,evaluation,0,0,47,0.3191489361702128,0,1.224513226468293,0.27807291999734357,0,0,0.4319139141597665,0.10909090909090909,0.7600000000000001,0.0
Squirrel,client,456,1241,2,MR,F,evaluation,0,0,42,0.3095238095238095,0,1.2614693414048554,0.27807291999734357,0,0,0.4177126290244908,0.09090909090909091,0.7600000000000001,0.0
Squirrel,client,456,1242,2,MR,F,evaluation,0,0,41,0.3170731707317073,0,1.2788833678769496,0.27807291999734357,0,0,0.4139392356636052,0.09090909090909091,0.7600000000000001,0.0
Squirrel,client,456,1278,2,MR,F,evaluation,1,0,44,0.3181818181818182,1,0.6937599759048777,1.2003199236286985,1,0,1.4589626072821655,0.41818181818181815,0.7600000000000001,0.0
Squirrel,client,456,1284,2,MR,F,evaluation,0,0,1,0.0,0,2.5577830120230702,0.27807291999734357,0,0,0.15552446754280366,0.05454545454545454,0.7600000000000001,0.0
Squirrel,client,456,1296,2,MR,F,evaluation,0,0,39,0.2564102564102564,0,1.3419589209549563,0.27807291999734357,0,0,0.39743218644980244,0.09090909090909091,0.7600000000000001,0.0
Squirrel,client,456,1370,2,MR,F,evaluation,0,0,2,0.0,1,0.6334646326185107,0.27807291999734357,0,0,1.0992321531272178,0.2909090909090909,0.7600000000000001,0.0
Squirrel,client,456,1390,2,MR,F,evaluation,4,0,38,0.2105263157894736,0,3.0873749925028706,1.50371502886198,0,0,2.698014030042168,0.8363636363636363,0.7600000000000001,1.0
Squirrel,client,456,1396,2,MR,F,evaluation,4,0,3,0.6666666666666666,0,2.5477107417451625,1.50371502886198,0,0,0.8280861519261332,0.2,0.7600000000000001,0.0
Squirrel,client,456,1397,2,MR,F,evaluation,2,0,4,0.0,1,0.2520805060401121,0.8062430456347802,1,0,2.2707034943843216,0.7272727272727273,0.7600000000000001,0.0
Squirrel,client,456,1401,2,MR,F,evaluation,3,0,35,0.0285714285714285,0,2.092147547407408,0.2971876930405475,0,0,2.073315266967181,0.6727272727272727,0.7600000000000001,0.0
Squirrel,client,456,1403,2,MR,F,evaluation,2,0,32,0.15625,0,1.5277917349918675,0.8062430456347802,0,0,2.6837127019055704,0.8363636363636363,0.7600000000000001,1.0
Squirrel,client,456,1413,2,MR,F,evaluation,0,0,34,0.2647058823529412,0,1.616366936853977,0.27807291999734357,0,0,0.3288768400509741,0.05454545454545454,0.7600000000000001,0.0
Squirrel,client,456,1419,2,MR,F,evaluation,0,0,32,0.25,0,1.443565736963161,0.27807291999734357,0,0,0.3651882668993041,0.09090909090909091,0.7600000000000001,0.0
Squirrel,client,456,1545,2,MR,F,evaluation,4,0,33,0.1515151515151515,0,3.187514559585258,1.50371502886198,0,0,5.781122684930301,0.9636363636363636,0.7600000000000001,1.0
Squirrel,client,456,1555,2,MR,F,evaluation,1,0,3,0.0,1,0.7215153950021561,1.2003199236286985,1,0,1.5231528861414554,0.45454545454545453,0.7600000000000001,0.0
Squirrel,client,456,1571,2,MR,F,evaluation,1,0,24,0.3333333333333333,1,0.7878920791677853,1.2003199236286985,1,0,1.3038756707224022,0.34545454545454546,0.7600000000000001,0.0
Squirrel,client,456,1589,2,MR,F,evaluation,1,0,22,0.3181818181818182,1,0.8240058553448787,1.2003199236286985,1,0,1.2803446210251836,0.34545454545454546,0.7600000000000001,0.0
Squirrel,client,456,1592,2,MR,F,evaluation,0,0,21,0.238095238095238,0,1.8038766961256048,0.27807291999734357,0,0,0.2841877542663777,0.05454545454545454,0.7600000000000001,0.0
Squirrel,client,456,1621,2,MR,F,evaluation,4,0,23,0.217391304347826,0,2.612751462026938,1.50371502886198,0,0,6.2333825701624805,0.9818181818181818,0.7600000000000001,1.0
Squirrel,client,456,1627,2,MR,F,evaluation,4,0,3,0.6666666666666666,0,2.5847238050143817,1.50371502886198,0,0,0.8034255854461002,0.2,0.7600000000000001,0.0
Squirrel,client,456,1645,2,MR,F,evaluation,0,0,17,0.1764705882352941,0,1.940216868712437,0.27807291999734357,0,0,0.2532255003671213,0.05454545454545454,0.7600000000000001,0.0
Squirrel,client,456,1672,2,MR,F,evaluation,2,0,18,0.1111111111111111,1,0.5355798766732758,0.8062430456347802,1,0,3.7210462774218604,0.8909090909090909,0.7600000000000001,1.0
Squirrel,client,456,1686,2,MR,F,evaluation,1,0,2,0.5,0,1.1657923389411162,1.2003199236286985,1,0,1.1906030473276539,0.32727272727272727,0.7600000000000001,0.0
Squirrel,client,456,1724,2,MR,F,evaluation,0,0,1,0.0,0,1.2952690896694552,0.27807291999734357,0,0,0.6358873244748783,0.18181818181818182,0.7600000000000001,0.0
Squirrel,client,456,1726,2,MR,F,evaluation,4,0,14,0.1428571428571428,0,2.3300321570984783,1.50371502886198,0,0,5.992684319047564,0.9636363636363636,0.7600000000000001,1.0
Squirrel,client,456,1733,2,MR,F,evaluation,1,0,13,0.3076923076923077,0,0.9774283476850381,1.2003199236286985,1,0,1.1030229824058373,0.2909090909090909,0.7600000000000001,0.0
Squirrel,client,456,1773,2,MR,F,evaluation,2,0,12,0.0833333333333333,1,0.8363348605373727,0.8062430456347802,0,0,3.461366809441716,0.8909090909090909,0.7600000000000001,1.0
Squirrel,client,456,1776,2,MR,F,evaluation,0,0,10,0.2,0,2.2122761453129383,0.27807291999734357,0,0,0.2069428458301489,0.05454545454545454,0.7600000000000001,0.0
Squirrel,client,456,1832,2,MR,F,evaluation,4,0,5,0.0,0,5.006278152053119,1.50371502886198,0,0,0.28684674367210355,0.05454545454545454,0.7600000000000001,0.0
Squirrel,client,456,1907,2,MR,F,evaluation,3,0,3,0.0,0,1.560356846725696,0.2971876930405475,0,0,3.2227692119265683,0.8909090909090909,0.7600000000000001,1.0
Squirrel,client,456,1922,2,MR,F,evaluation,0,0,2,0.5,0,2.288092075664706,0.27807291999734357,0,0,0.18406328040121078,0.05454545454545454,0.7600000000000001,0.0
Squirrel,client,456,1931,2,MR,F,evaluation,3,0,0,,0,5.533503104359664,0.2971876930405475,0,0,0.05347313098968513,0.01818181818181818,0.7600000000000001,0.0
Squirrel,client,456,1940,2,MR,F,evaluation,4,0,0,,0,1.2970411767519026,1.50371502886198,1,0,11.836788995431498,1.0,0.7600000000000001,1.0
Squirrel,client,456,5,2,MR,H,evaluation,0,0,3,0.0,1,0.8378660420133917,0.27807291999734357,0,0,0.9392426354296167,0.21818181818181817,0.7600000000000001,0.0
Squirrel,client,456,7,4,MR,H,evaluation,0,0,1,0.0,1,0.6343916771205574,0.27807291999734357,0,0,2.606767128905031,0.8363636363636363,0.7600000000000001,1.0
Squirrel,client,456,9,4,MR,H,evaluation,2,0,3,0.0,0,3.7095232191836054,0.8062430456347802,0,0,0.08129448605836963,0.01818181818181818,0.7600000000000001,0.0
Squirrel,client,456,29,2,MR,H,evaluation,0,0,5,0.2,0,1.7493461727710438,0.27807291999734357,0,0,0.538780368117074,0.14545454545454545,0.7600000000000001,0.0
Squirrel,client,456,37,4,MR,H,evaluation,0,0,1,0.0,0,3.1756990244802052,0.27807291999734357,0,0,0.23559484649122805,0.05454545454545454,0.7600000000000001,0.0
Squirrel,client,456,59,4,MR,H,evaluation,1,0,5,0.2,1,0.6868160259798308,1.2003199236286985,1,0,3.1185923466933714,0.8909090909090909,0.7600000000000001,1.0
Squirrel,client,456,66,4,MR,H,evaluation,0,0,2,0.0,0,3.260252983305938,0.27807291999734357,0,0,0.29089332401439255,0.05454545454545454,0.7600000000000001,0.0
Squirrel,client,456,94,2,MR,H,evaluation,0,0,4,0.25,1,0.5753537202530434,0.27807291999734357,0,0,1.0110405812465255,0.2545454545454545,0.7600000000000001,0.0
Squirrel,client,456,106,4,MR,H,evaluation,1,0,1,0.0,0,1.3028896156678864,1.2003199236286985,0,0,1.1890975560897434,0.32727272727272727,0.7600000000000001,0.0
Squirrel,client,456,118,4,MR,H,evaluation,3,0,0,,0,3.0114577128467914,0.2971876930405475,0,0,0.20896656254996754,0.05454545454545454,0.7600000000000001,0.0
Squirrel,client,456,122,4,MR,H,evaluation,0,0,0,,0,2.2904632230997946,0.27807291999734357,0,0,0.3269117738805505,0.05454545454545454,0.7600000000000001,0.0
Squirrel,client,456,133,4,MR,H,evaluation,2,0,1,0.0,0,1.4807631272905777,0.8062430456347802,0,0,0.5073147808075117,0.14545454545454545,0.7600000000000001,0.0
Squirrel,client,456,149,4,MR,H,evaluation,1,0,0,,0,1.7793578325284802,1.2003199236286985,0,0,0.9767939813304307,0.21818181818181817,0.7600000000000001,0.0
Squirrel,client,456,158,4,MR,H,evaluation,1,0,1,0.0,1,0.1405612574184668,1.2003199236286985,1,0,4.011989759102547,0.9090909090909091,0.7600000000000001,1.0
Squirrel,client,456,159,2,MR,H,evaluation,1,0,10,0.1,1,0.5765091676773014,1.2003199236286985,1,0,1.706255802067766,0.509090909090909,0.7600000000000001,0.0
Squirrel,client,456,160,4,MR,H,evaluation,0,0,1,0.0,0,2.4643643146778493,0.27807291999734357,0,0,0.2203389499551624,0.05454545454545454,0.7600000000000001,0.0
Squirrel,client,456,170,4,MR,H,evaluation,0,0,0,,0,8.435550308155133,0.27807291999734357,0,0,0.014319454403538814,0.0,0.7600000000000001,0.0
Squirrel,client,456,176,4,MR,H,evaluation,3,0,0,,0,3.9186723983724585,0.2971876930405475,0,0,0.5532321245368448,0.14545454545454545,0.7600000000000001,0.0
Squirrel,client,456,196,4,MR,H,evaluation,3,0,0,,1,0.2308870448932412,0.2971876930405475,1,0,2.7540471603135446,0.8545454545454545,0.7600000000000001,1.0
Squirrel,client,456,215,4,MR,H,evaluation,0,0,0,,1,0.6338129947547879,0.27807291999734357,0,0,1.0278819902809602,0.2545454545454545,0.7600000000000001,0.0
Squirrel,client,456,238,4,MR,H,evaluation,0,0,0,,1,0.5837105764397578,0.27807291999734357,0,0,0.9388211703131151,0.21818181818181817,0.7600000000000001,0.0
Squirrel,client,456,257,2,MR,H,evaluation,0,0,84,0.4285714285714285,1,0.8495550015208722,0.27807291999734357,0,0,0.5675048474121777,0.14545454545454545,0.7600000000000001,0.0
Squirrel,client,456,260,4,MR,H,evaluation,2,0,1,1.0,0,2.3590453991388074,0.8062430456347802,0,0,0.6755240893709592,0.18181818181818182,0.7600000000000001,0.0
Squirrel,client,456,269,4,MR,H,evaluation,0,0,2,0.5,0,1.5855419914273807,0.27807291999734357,0,0,1.0016023829568668,0.2545454545454545,0.7600000000000001,0.0
Squirrel,client,456,287,4,MR,H,evaluation,1,0,0,,0,1.5378405436066584,1.2003199236286985,0,0,0.9970985375701195,0.2545454545454545,0.7600000000000001,0.0
Squirrel,client,456,290,4,MR,H,evaluation,3,0,2,0.0,0,1.908120995514143,0.2971876930405475,0,0,9.412212191905871,0.9818181818181818,0.7600000000000001,1.0
Squirrel,client,456,296,4,MR,H,evaluation,0,0,1,0.0,0,3.7863537345666973,0.27807291999734357,0,0,0.1342237291070886,0.05454545454545454,0.7600000000000001,0.0
Squirrel,client,456,297,4,MR,H,evaluation,1,0,0,,0,1.4383719544404898,1.2003199236286985,0,0,1.2961557670767248,0.34545454545454546,0.7600000000000001,0.0
Squirrel,client,456,298,2,MR,H,evaluation,0,0,1,0.0,1,0.633211577658485,0.27807291999734357,0,0,1.0120013529991077,0.2545454545454545,0.7600000000000001,0.0
Squirrel,client,456,300,4,MR,H,evaluation,4,0,0,,0,3.915762199095115,1.50371502886198,0,0,3.5332605474537937,0.8909090909090909,0.7600000000000001,1.0
Squirrel,client,456,313,4,MR,H,evaluation,3,0,0,,0,4.239228004037371,0.2971876930405475,0,0,0.15006121400700065,0.05454545454545454,0.7600000000000001,0.0
Squirrel,client,456,316,4,MR,H,evaluation,0,0,0,,1,0.24076727654659552,0.27807291999734357,1,0,1.2011956962852253,0.32727272727272727,0.7600000000000001,0.0
Squirrel,client,456,317,4,MR,H,evaluation,2,0,1,0.0,0,2.6650707125962523,0.8062430456347802,0,0,0.23141375863361585,0.05454545454545454,0.7600000000000001,0.0
Squirrel,client,456,328,4,MR,H,evaluation,0,0,0,,1,0.42163040930873613,0.27807291999734357,0,0,1.054944603237609,0.2909090909090909,0.7600000000000001,0.0
Squirrel,client,456,330,4,MR,H,evaluation,0,0,0,,1,0.4269856585134166,0.27807291999734357,0,0,1.4057801711082532,0.4,0.7600000000000001,0.0
Squirrel,client,456,335,2,MR,H,evaluation,0,0,3,0.0,1,0.7602773525875631,0.27807291999734357,0,0,0.9854324924695165,0.21818181818181817,0.7600000000000001,0.0
Squirrel,client,456,343,4,MR,H,evaluation,1,0,0,,0,2.530123219686192,1.2003199236286985,0,0,0.2864576686275906,0.05454545454545454,0.7600000000000001,0.0
Squirrel,client,456,344,2,MR,H,evaluation,1,0,99,0.2626262626262626,1,0.8212073571722245,1.2003199236286985,1,0,1.505458963809416,0.45454545454545453,0.7600000000000001,0.0
Squirrel,client,456,353,4,MR,H,evaluation,3,0,2,0.0,0,1.6277529000523554,0.2971876930405475,0,0,0.818312129862797,0.2,0.7600000000000001,0.0
Squirrel,client,456,364,4,MR,H,evaluation,1,0,0,,0,1.7793578325284802,1.2003199236286985,0,0,0.9767939813304307,0.21818181818181817,0.7600000000000001,0.0
Squirrel,client,456,380,4,MR,H,evaluation,1,0,0,,0,3.3678446878580384,1.2003199236286985,0,0,0.5139945746678722,0.14545454545454545,0.7600000000000001,0.0
Squirrel,client,456,390,4,MR,H,evaluation,0,0,0,,0,4.339448672552075,0.27807291999734357,0,0,0.13187179036828683,0.05454545454545454,0.7600000000000001,0.0
Squirrel,client,456,428,4,MR,H,evaluation,0,0,0,,1,0.35444712823590074,0.27807291999734357,0,0,1.4495134347516871,0.41818181818181815,0.7600000000000001,0.0
Squirrel,client,456,452,4,MR,H,evaluation,0,0,0,,0,0.7482085418915341,0.27807291999734357,0,0,1.9205454381751599,0.5818181818181818,0.7600000000000001,0.0
Squirrel,client,456,457,4,MR,H,evaluation,0,0,0,,1,0.8096964897623238,0.27807291999734357,0,0,0.6057346121028457,0.18181818181818182,0.7600000000000001,0.0
Squirrel,client,456,478,2,MR,H,evaluation,2,0,1,0.0,0,2.1525122404125336,0.8062430456347802,0,0,1.1175812360697093,0.3090909090909091,0.7600000000000001,0.0
Squirrel,client,456,490,4,MR,H,evaluation,0,0,0,,0,1.0542712969813903,0.27807291999734357,0,0,1.2271065611664422,0.32727272727272727,0.7600000000000001,0.0
Squirrel,client,456,499,4,MR,H,evaluation,2,0,0,,0,8.355567728048442,0.8062430456347802,0,0,0.04531868661180136,0.01818181818181818,0.7600000000000001,0.0
Squirrel,client,456,508,4,MR,H,evaluation,1,0,1,0.0,0,1.6160317030846718,1.2003199236286985,0,0,3.5888969409939473,0.8909090909090909,0.7600000000000001,1.0
Squirrel,client,456,515,4,MR,H,evaluation,0,0,1,0.0,0,1.7175802784645466,0.27807291999734357,0,0,0.8225292031479374,0.2,0.7600000000000001,0.0
Squirrel,client,456,529,2,MR,H,evaluation,0,0,5,0.0,0,2.7905142636223905,0.27807291999734357,0,0,0.1540340782484312,0.05454545454545454,0.7600000000000001,0.0
Squirrel,client,456,568,2,MR,H,evaluation,1,0,83,0.2650602409638554,1,0.8260266168863735,1.2003199236286985,1,0,1.4520691778981927,0.41818181818181815,0.7600000000000001,0.0
Squirrel,client,456,627,2,MR,H,evaluation,1,0,4,0.0,1,0.945684685075942,1.2003199236286985,1,0,1.3339196116928447,0.38181818181818183,0.7600000000000001,0.0
Squirrel,client,456,629,2,MR,H,evaluation,3,0,68,0.1176470588235294,0,2.2725417790929088,0.2971876930405475,0,0,1.8588266359402756,0.5636363636363636,0.7600000000000001,0.0
Squirrel,client,456,682,2,MR,H,evaluation,1,0,83,0.2650602409638554,1,0.7591318485837923,1.2003199236286985,1,0,1.6573309689038382,0.4909090909090909,0.7600000000000001,0.0
Squirrel,client,456,706,2,MR,H,evaluation,1,0,10,0.1,1,0.7583429345064102,1.2003199236286985,1,0,1.4591415273119903,0.41818181818181815,0.7600000000000001,0.0
Squirrel,client,456,720,2,MR,H,evaluation,0,0,3,0.3333333333333333,0,1.262238273963892,0.27807291999734357,0,0,0.6603032671429138,0.18181818181818182,0.7600000000000001,0.0
Squirrel,client,456,768,2,MR,H,evaluation,0,0,69,0.4202898550724637,1,0.8335359543162865,0.27807291999734357,0,0,0.5593773959603323,0.14545454545454545,0.7600000000000001,0.0
Squirrel,client,456,779,2,MR,H,evaluation,0,0,70,0.4,0,1.1229107761249497,0.27807291999734357,0,0,0.466831590931243,0.12727272727272726,0.7600000000000001,0.0
Squirrel,client,456,829,2,MR,H,evaluation,1,0,2,0.5,1,1.0248857452226565,1.2003199236286985,1,0,0.9365759196649343,0.21818181818181817,0.7600000000000001,0.0
Squirrel,client,456,1001,2,MR,H,evaluation,3,0,58,0.1206896551724138,0,2.3257042795675478,0.2971876930405475,0,0,1.9389521201092579,0.6,0.7600000000000001,0.0
Squirrel,client,456,1013,2,MR,H,evaluation,0,0,2,0.0,1,0.8110061738248575,0.27807291999734357,0,0,0.7465816620957486,0.2,0.7600000000000001,0.0
Squirrel,client,456,1062,2,MR,H,evaluation,0,0,50,0.36,0,1.0243091646434372,0.27807291999734357,0,0,0.49297945974952584,0.12727272727272726,0.7600000000000001,0.0
Squirrel,client,456,1102,2,MR,H,evaluation,0,0,49,0.3673469387755102,0,1.1703336543974112,0.27807291999734357,0,0,0.44703186801240935,0.12727272727272726,0.7600000000000001,0.0
Squirrel,client,456,1145,2,MR,H,evaluation,0,0,3,0.0,1,1.13628253129198,0.27807291999734357,0,0,0.8712513315411615,0.2,0.7600000000000001,0.0
Squirrel,client,456,1160,2,MR,H,evaluation,1,0,52,0.2692307692307692,1,0.820227017251258,1.2003199236286985,1,0,1.3980895566989497,0.38181818181818183,0.7600000000000001,0.0
Squirrel,client,456,1166,2,MR,H,evaluation,0,0,2,0.0,0,1.6370721906772794,0.27807291999734357,0,0,0.5737972635894396,0.14545454545454545,0.7600000000000001,0.0
Squirrel,client,456,1245,2,MR,H,evaluation,3,0,33,0.1212121212121212,0,3.1891444468694323,0.2971876930405475,0,0,1.0260731421946954,0.2545454545454545,0.7600000000000001,0.0
Squirrel,client,456,1248,2,MR,H,evaluation,0,0,44,0.2727272727272727,0,1.431409432707913,0.27807291999734357,0,0,0.3754698664328418,0.09090909090909091,0.7600000000000001,0.0
Squirrel,client,456,1251,2,MR,H,evaluation,1,0,4,0.0,0,1.0924375100617083,1.2003199236286985,1,0,1.0814057634062466,0.2909090909090909,0.7600000000000001,0.0
Squirrel,client,456,1301,2,MR,H,evaluation,1,0,39,0.3076923076923077,1,0.7582007523327765,1.2003199236286985,1,0,1.390591538769357,0.38181818181818183,0.7600000000000001,0.0
Squirrel,client,456,1334,2,MR,H,evaluation,3,0,38,0.0789473684210526,0,2.113933931014599,0.2971876930405475,0,0,1.995967284432875,0.6545454545454545,0.7600000000000001,0.0
Squirrel,client,456,1351,2,MR,H,evaluation,0,0,1,0.0,1,0.9347993027068628,0.27807291999734357,0,0,0.7964191665790198,0.2,0.7600000000000001,0.0
Squirrel,client,456,1464,2,MR,H,evaluation,1,0,30,0.3666666666666666,1,0.80376846707891,1.2003199236286985,1,0,1.3281168810630812,0.38181818181818183,0.7600000000000001,0.0
Squirrel,client,456,1534,2,MR,H,evaluation,1,0,25,0.36,1,0.888715351697583,1.2003199236286985,1,0,1.2687820279427666,0.34545454545454546,0.7600000000000001,0.0
Squirrel,client,456,1637,2,MR,H,evaluation,0,0,18,0.2222222222222222,0,1.9358303187905315,0.27807291999734357,0,0,0.2580654299904042,0.05454545454545454,0.7600000000000001,0.0
Squirrel,client,456,1658,2,MR,H,evaluation,1,0,17,0.3529411764705882,1,0.8311830806888036,1.2003199236286985,1,0,1.3003891155323197,0.34545454545454546,0.7600000000000001,0.0
Squirrel,client,456,1709,2,MR,H,evaluation,1,0,1,0.0,1,0.8578439098116812,1.2003199236286985,1,0,1.4730142025055928,0.43636363636363634,0.7600000000000001,0.0
Squirrel,client,456,1799,2,MR,H,evaluation,1,0,3,0.0,0,2.166224379954161,1.2003199236286985,0,0,0.807832221473234,0.2,0.7600000000000001,0.0
Squirrel,client,456,1847,2,MR,H,evaluation,1,0,5,0.2,0,1.3017392060599242,1.2003199236286985,0,0,0.865747142041321,0.2,0.7600000000000001,0.0
Squirrel,client,456,1905,2,MR,H,evaluation,1,0,4,0.0,0,1.3797912670290866,1.2003199236286985,0,0,0.8130469383276352,0.2,0.7600000000000001,0.0
Squirrel,client,456,1927,2,MR,H,evaluation,0,0,1,0.0,0,2.4615573005202918,0.27807291999734357,0,0,0.1665192242259272,0.05454545454545454,0.7600000000000001,0.0
Squirrel,client,456,28,5,MR,attack_member,evaluation,1,1,4,0.25,1,0.5763260812733958,1.2003199236286985,1,0,2.1233347074515523,0.6727272727272727,0.7600000000000001,0.0
Squirrel,client,456,31,5,MR,attack_member,evaluation,1,1,1,0.0,1,0.46631080923897306,1.2003199236286985,1,0,99.64912280701755,1.0,0.7600000000000001,1.0
Squirrel,client,456,33,5,MR,attack_member,evaluation,0,1,0,,1,0.09809610412986364,0.27807291999734357,1,0,1.165132673965795,0.3090909090909091,0.7600000000000001,0.0
Squirrel,client,456,40,3,MR,attack_member,evaluation,0,1,1,1.0,1,0.1700188477852289,0.27807291999734357,1,0,1.091163328735866,0.2909090909090909,0.7600000000000001,0.0
Squirrel,client,456,49,5,MR,attack_member,evaluation,2,1,1,0.0,1,0.22595706886588177,0.8062430456347802,1,0,4.6381767149836595,0.9090909090909091,0.7600000000000001,1.0
Squirrel,client,456,51,3,MR,attack_member,evaluation,3,1,4,0.0,0,1.8241661683367933,0.2971876930405475,0,0,3.0783494271262715,0.8909090909090909,0.7600000000000001,1.0
Squirrel,client,456,52,6,MR,attack_member,evaluation,0,1,91,0.0989010989010989,1,0.7568807728983659,0.27807291999734357,0,0,0.8151557211494459,0.2,0.7600000000000001,0.0
Squirrel,client,456,57,5,MR,attack_member,evaluation,0,1,2,0.0,1,0.0036986297501886605,0.27807291999734357,1,0,3.0283635949931482,0.8727272727272727,0.7600000000000001,1.0
Squirrel,client,456,61,6,MR,attack_member,evaluation,2,1,96,0.28125,0,1.9045913920595625,0.8062430456347802,0,0,1.2333819891060172,0.32727272727272727,0.7600000000000001,0.0
Squirrel,client,456,68,5,MR,attack_member,evaluation,2,1,2,0.0,1,0.027079011606888484,0.8062430456347802,1,0,40.65344381922865,1.0,0.7600000000000001,1.0
Squirrel,client,456,72,5,MR,attack_member,evaluation,0,1,0,,1,0.05974319823579977,0.27807291999734357,1,0,1.7338262965986488,0.5454545454545454,0.7600000000000001,0.0
Squirrel,client,456,81,5,MR,attack_member,evaluation,0,1,3,0.6666666666666666,1,0.23910641552080947,0.27807291999734357,1,0,1.0643833703924988,0.2909090909090909,0.7600000000000001,0.0
Squirrel,client,456,98,6,MR,attack_member,evaluation,1,1,21,0.2857142857142857,0,1.2021421943555288,1.2003199236286985,0,0,1.0937473240739155,0.2909090909090909,0.7600000000000001,0.0
Squirrel,client,456,99,5,MR,attack_member,evaluation,1,1,1,1.0,1,0.02010202090718261,1.2003199236286985,1,0,1.3580862327967933,0.38181818181818183,0.7600000000000001,0.0
Squirrel,client,456,109,5,MR,attack_member,evaluation,1,1,0,,1,0.0311332344996443,1.2003199236286985,1,0,5.3170508648826695,0.9636363636363636,0.7600000000000001,1.0
Squirrel,client,456,112,5,MR,attack_member,evaluation,1,1,2,0.0,1,0.005226670899453568,1.2003199236286985,1,0,1.8973098893975613,0.5818181818181818,0.7600000000000001,0.0
Squirrel,client,456,113,3,MR,attack_member,evaluation,0,1,2,0.5,1,0.026029144598578444,0.27807291999734357,1,0,1.2373566425003082,0.32727272727272727,0.7600000000000001,0.0
Squirrel,client,456,127,6,MR,attack_member,evaluation,1,1,3,0.0,0,1.2968049832970865,1.2003199236286985,0,0,1.0298550445553014,0.2545454545454545,0.7600000000000001,0.0
Squirrel,client,456,139,5,MR,attack_member,evaluation,0,1,6,0.3333333333333333,1,0.8171228849132529,0.27807291999734357,0,0,1.393577069318514,0.38181818181818183,0.7600000000000001,0.0
Squirrel,client,456,195,5,MR,attack_member,evaluation,0,1,0,,1,0.03611357088476492,0.27807291999734357,1,0,1.6439046450531067,0.4909090909090909,0.7600000000000001,0.0
Squirrel,client,456,202,5,MR,attack_member,evaluation,1,1,0,,1,0.0030857118500438175,1.2003199236286985,1,0,1.5274755055108988,0.45454545454545453,0.7600000000000001,0.0
Squirrel,client,456,203,5,MR,attack_member,evaluation,2,1,0,,1,0.3072829025778895,0.8062430456347802,1,0,6.3187169890818105,0.9818181818181818,0.7600000000000001,1.0
Squirrel,client,456,204,3,MR,attack_member,evaluation,0,1,2,0.5,1,0.3647673600442708,0.27807291999734357,0,0,1.1578428982775952,0.3090909090909091,0.7600000000000001,0.0
Squirrel,client,456,206,3,MR,attack_member,evaluation,0,1,1,1.0,1,0.32633538408576523,0.27807291999734357,0,0,1.7584705910571972,0.5454545454545454,0.7600000000000001,0.0
Squirrel,client,456,220,5,MR,attack_member,evaluation,1,1,0,,1,0.00378096505391914,1.2003199236286985,1,0,3.0009928445629113,0.8727272727272727,0.7600000000000001,1.0
Squirrel,client,456,225,5,MR,attack_member,evaluation,0,1,1,0.0,1,0.48895403448825975,0.27807291999734357,0,0,1.0576261105205105,0.2909090909090909,0.7600000000000001,0.0
Squirrel,client,456,291,3,MR,attack_member,evaluation,1,1,2,0.0,1,0.3902983361488553,1.2003199236286985,1,0,1.7048672177277526,0.509090909090909,0.7600000000000001,0.0
Squirrel,client,456,302,3,MR,attack_member,evaluation,1,1,1,0.0,1,0.5827372707629495,1.2003199236286985,1,0,1.816879329816104,0.5454545454545454,0.7600000000000001,0.0
Squirrel,client,456,307,5,MR,attack_member,evaluation,2,1,2,0.5,1,0.3050125099643199,0.8062430456347802,1,0,1.022129063294619,0.2545454545454545,0.7600000000000001,0.0
Squirrel,client,456,320,5,MR,attack_member,evaluation,1,1,5,0.6,1,0.19055592488052883,1.2003199236286985,1,0,10.513378797033075,0.9818181818181818,0.7600000000000001,1.0
Squirrel,client,456,341,6,MR,attack_member,evaluation,0,1,3,0.3333333333333333,1,0.78960701956952,0.27807291999734357,0,0,1.074643024079854,0.2909090909090909,0.7600000000000001,0.0
Squirrel,client,456,371,5,MR,attack_member,evaluation,2,1,0,,1,0.8926909659737713,0.8062430456347802,0,0,2.976224382615826,0.8727272727272727,0.7600000000000001,1.0
Squirrel,client,456,379,5,MR,attack_member,evaluation,0,1,0,,1,0.025323973431363632,0.27807291999734357,1,0,2.3576156105153236,0.7272727272727273,0.7600000000000001,0.0
Squirrel,client,456,389,3,MR,attack_member,evaluation,0,1,6,0.8333333333333334,1,0.007667910205570518,0.27807291999734357,1,0,1.1212795360212557,0.3090909090909091,0.7600000000000001,0.0
Squirrel,client,456,415,6,MR,attack_member,evaluation,0,1,124,0.1532258064516129,1,0.8366181006259439,0.27807291999734357,0,0,0.8442197266471715,0.2,0.7600000000000001,0.0
Squirrel,client,456,436,3,MR,attack_member,evaluation,1,1,10,0.0,0,1.1428662698322238,1.2003199236286985,1,0,1.4466559791593607,0.41818181818181815,0.7600000000000001,0.0
Squirrel,client,456,441,3,MR,attack_member,evaluation,2,1,0,,1,0.00034253935491933307,0.8062430456347802,1,0,2.558818803505026,0.8181818181818182,0.7600000000000001,1.0
Squirrel,client,456,476,3,MR,attack_member,evaluation,0,1,2,0.0,1,0.17606044572416296,0.27807291999734357,1,0,1.8844037933569309,0.5818181818181818,0.7600000000000001,0.0
Squirrel,client,456,494,5,MR,attack_member,evaluation,1,1,0,,1,0.510683501927518,1.2003199236286985,1,0,22.026642415668835,1.0,0.7600000000000001,1.0
Squirrel,client,456,525,6,MR,attack_member,evaluation,4,1,119,0.1176470588235294,0,2.5050144507573022,1.50371502886198,0,0,1.0022065760816852,0.2545454545454545,0.7600000000000001,0.0
Squirrel,client,456,527,5,MR,attack_member,evaluation,0,1,3,0.0,1,0.12291934727477385,0.27807291999734357,1,0,1.3257350886995392,0.38181818181818183,0.7600000000000001,0.0
Squirrel,client,456,545,3,MR,attack_member,evaluation,1,1,0,,1,0.10330891689688451,1.2003199236286985,1,0,2.4955829702828587,0.7818181818181819,0.7600000000000001,1.0
Squirrel,client,456,562,5,MR,attack_member,evaluation,0,1,0,,1,0.18054865259156533,0.27807291999734357,1,0,1.2772113055264123,0.34545454545454546,0.7600000000000001,0.0
Squirrel,client,456,567,0,MR,attack_member,evaluation,0,1,3,0.6666666666666666,1,0.7967418984451634,0.27807291999734357,0,0,1.0039103838185999,0.2545454545454545,0.7600000000000001,0.0
Squirrel,client,456,584,0,MR,attack_member,evaluation,0,1,2,0.0,0,1.4843280115725153,0.27807291999734357,0,0,0.9543855133778448,0.21818181818181817,0.7600000000000001,0.0
Squirrel,client,456,589,0,MR,attack_member,evaluation,1,1,6,0.1666666666666666,0,1.932488915162874,1.2003199236286985,0,0,0.840932683773321,0.2,0.7600000000000001,0.0
Squirrel,client,456,590,0,MR,attack_member,evaluation,3,1,8,0.25,1,0.046638738396409286,0.2971876930405475,1,0,2.0377811293042614,0.6545454545454545,0.7600000000000001,0.0
Squirrel,client,456,595,0,MR,attack_member,evaluation,0,1,4,0.0,0,1.6890860174101268,0.27807291999734357,0,0,0.7271574458062399,0.2,0.7600000000000001,0.0
Squirrel,client,456,596,3,MR,attack_member,evaluation,0,1,3,0.0,1,0.5989776622396514,0.27807291999734357,0,0,0.7525956010345338,0.2,0.7600000000000001,0.0
Squirrel,client,456,603,5,MR,attack_member,evaluation,0,1,0,,1,0.03151653250963524,0.27807291999734357,1,0,1.4793016989356944,0.45454545454545453,0.7600000000000001,0.0
Squirrel,client,456,604,0,MR,attack_member,evaluation,3,1,2,0.0,0,1.2898686563397463,0.2971876930405475,0,0,1.6813046583686475,0.4909090909090909,0.7600000000000001,0.0
Squirrel,client,456,631,0,MR,attack_member,evaluation,1,1,3,0.3333333333333333,1,0.5518302895962574,1.2003199236286985,1,0,3.7978922307853185,0.8909090909090909,0.7600000000000001,1.0
Squirrel,client,456,647,5,MR,attack_member,evaluation,4,1,0,,1,0.00016045983789217424,1.50371502886198,1,0,16.11232970471286,1.0,0.7600000000000001,1.0
Squirrel,client,456,650,0,MR,attack_member,evaluation,1,1,2,0.0,0,1.267583642717785,1.2003199236286985,0,0,1.4437471514216595,0.41818181818181815,0.7600000000000001,0.0
Squirrel,client,456,655,5,MR,attack_member,evaluation,1,1,0,,1,0.021639590668346344,1.2003199236286985,1,0,3.2697871383600665,0.8909090909090909,0.7600000000000001,1.0
Squirrel,client,456,658,3,MR,attack_member,evaluation,0,1,1,0.0,1,0.4113127255679307,0.27807291999734357,0,0,1.3877117894469837,0.38181818181818183,0.7600000000000001,0.0
Squirrel,client,456,670,5,MR,attack_member,evaluation,0,1,0,,1,0.0782064685939443,0.27807291999734357,1,0,4.650193660656398,0.9090909090909091,0.7600000000000001,1.0
Squirrel,client,456,673,0,MR,attack_member,evaluation,1,1,1,0.0,1,9.534488734779717e-05,1.2003199236286985,1,0,6.530593834613399,0.9818181818181818,0.7600000000000001,1.0
Squirrel,client,456,674,3,MR,attack_member,evaluation,2,1,1,1.0,0,1.3815791380266034,0.8062430456347802,0,0,1.791651000638868,0.5454545454545454,0.7600000000000001,0.0
Squirrel,client,456,678,0,MR,attack_member,evaluation,4,1,24,0.3333333333333333,1,0.3097698800544121,1.50371502886198,1,0,4.692711851197589,0.9272727272727272,0.7600000000000001,1.0
Squirrel,client,456,722,3,MR,attack_member,evaluation,1,1,0,,1,0.06655520272088264,1.2003199236286985,1,0,9.087814661007647,0.9818181818181818,0.7600000000000001,1.0
Squirrel,client,456,735,5,MR,attack_member,evaluation,3,1,0,,1,0.0021674121059755474,0.2971876930405475,1,0,2.0857509322019636,0.6727272727272727,0.7600000000000001,0.0
Squirrel,client,456,749,6,MR,attack_member,evaluation,0,1,0,,1,0.008103598359234009,0.27807291999734357,1,0,2.5070660623203618,0.7818181818181819,0.7600000000000001,1.0
Squirrel,client,456,751,1,MR,attack_member,evaluation,0,1,0,,1,0.23779342646595206,0.27807291999734357,1,0,1.364490154661828,0.38181818181818183,0.7600000000000001,0.0
Squirrel,client,456,754,1,MR,attack_member,evaluation,3,1,13,0.0769230769230769,1,0.23425131869650162,0.2971876930405475,1,0,2.0256161683483453,0.6545454545454545,0.7600000000000001,0.0
Squirrel,client,456,777,0,MR,attack_member,evaluation,0,1,1,0.0,1,0.6710379501016525,0.27807291999734357,0,0,2.65362358405943,0.8363636363636363,0.7600000000000001,1.0
Squirrel,client,456,781,0,MR,attack_member,evaluation,2,1,5,0.2,0,1.1573450405831411,0.8062430456347802,0,0,2.3076743748449293,0.7272727272727273,0.7600000000000001,0.0
Squirrel,client,456,783,8,MR,attack_member,evaluation,0,1,2,0.0,0,0.8820043200220633,0.27807291999734357,0,0,6.190245004641165,0.9818181818181818,0.7600000000000001,1.0
Squirrel,client,456,792,0,MR,attack_member,evaluation,1,1,1,0.0,1,0.39142259478015706,1.2003199236286985,1,0,3.13038063242313,0.8909090909090909,0.7600000000000001,1.0
Squirrel,client,456,794,3,MR,attack_member,evaluation,1,1,1,0.0,1,0.507883397613108,1.2003199236286985,1,0,2.2490883442412146,0.7090909090909091,0.7600000000000001,0.0
Squirrel,client,456,811,0,MR,attack_member,evaluation,0,1,4,0.0,0,1.3909877644205164,0.27807291999734357,0,0,1.5482992776168893,0.4909090909090909,0.7600000000000001,0.0
Squirrel,client,456,819,0,MR,attack_member,evaluation,4,1,1,0.0,1,0.16892712632394513,1.50371502886198,1,0,10.22152931365795,0.9818181818181818,0.7600000000000001,1.0
Squirrel,client,456,828,1,MR,attack_member,evaluation,1,1,8,0.375,1,0.7909655177031862,1.2003199236286985,1,0,1.9267127508737754,0.6,0.7600000000000001,0.0
Squirrel,client,456,835,0,MR,attack_member,evaluation,1,1,5,0.2,1,0.8110021575383295,1.2003199236286985,1,0,2.914305559719765,0.8727272727272727,0.7600000000000001,1.0
Squirrel,client,456,841,3,MR,attack_member,evaluation,1,1,0,,0,1.7793578325284802,1.2003199236286985,0,0,0.9767939813304307,0.21818181818181817,0.7600000000000001,0.0
Squirrel,client,456,848,0,MR,attack_member,evaluation,4,1,9,0.2222222222222222,1,0.2098346253487957,1.50371502886198,1,0,13.044691428415216,1.0,0.7600000000000001,1.0
Squirrel,client,456,852,0,MR,attack_member,evaluation,2,1,4,0.25,1,0.7838104411549716,0.8062430456347802,1,0,1.6747290079481016,0.4909090909090909,0.7600000000000001,0.0
Squirrel,client,456,858,1,MR,attack_member,evaluation,1,1,4,0.25,0,1.081987828551908,1.2003199236286985,1,0,1.1115088367285675,0.3090909090909091,0.7600000000000001,0.0
Squirrel,client,456,865,1,MR,attack_member,evaluation,3,1,4,0.0,0,1.3868062848341836,0.2971876930405475,0,0,4.1795712791559625,0.9090909090909091,0.7600000000000001,1.0
Squirrel,client,456,868,0,MR,attack_member,evaluation,0,1,3,0.3333333333333333,1,0.13209400288293335,0.27807291999734357,1,0,2.24918251747445,0.7090909090909091,0.7600000000000001,0.0
Squirrel,client,456,870,1,MR,attack_member,evaluation,0,1,9,0.3333333333333333,1,0.9434503213037981,0.27807291999734357,0,0,0.7173646776930777,0.2,0.7600000000000001,0.0
Squirrel,client,456,885,6,MR,attack_member,evaluation,2,1,94,0.2978723404255319,0,1.8848169201401601,0.8062430456347802,0,0,1.1490226209157113,0.3090909090909091,0.7600000000000001,0.0
Squirrel,client,456,891,1,MR,attack_member,evaluation,2,1,5,0.0,1,1.25065087637957,0.8062430456347802,0,0,0.9719816423142249,0.21818181818181817,0.7600000000000001,0.0
Squirrel,client,456,892,0,MR,attack_member,evaluation,3,1,7,0.1428571428571428,1,0.0658545801152125,0.2971876930405475,1,0,1.8164528214893245,0.5454545454545454,0.7600000000000001,0.0
Squirrel,client,456,901,3,MR,attack_member,evaluation,1,1,0,,0,0.7502343487943831,1.2003199236286985,1,0,2.1426598249270703,0.6727272727272727,0.7600000000000001,0.0
Squirrel,client,456,905,0,MR,attack_member,evaluation,1,1,1,0.0,1,0.6619421204186967,1.2003199236286985,1,0,1.644625978569543,0.4909090909090909,0.7600000000000001,0.0
Squirrel,client,456,926,6,MR,attack_member,evaluation,2,1,86,0.3023255813953488,0,1.8493635782398679,0.8062430456347802,0,0,1.1163195744724597,0.3090909090909091,0.7600000000000001,0.0
Squirrel,client,456,947,1,MR,attack_member,evaluation,0,1,2,0.0,1,0.5971981194509808,0.27807291999734357,0,0,1.9060597098885517,0.5818181818181818,0.7600000000000001,0.0
Squirrel,client,456,953,0,MR,attack_member,evaluation,1,1,10,0.3,0,1.3759968586236715,1.2003199236286985,0,0,1.3314991992310816,0.38181818181818183,0.7600000000000001,0.0
Squirrel,client,456,954,3,MR,attack_member,evaluation,1,1,9,0.3333333333333333,1,0.05995713827770192,1.2003199236286985,1,0,2.2772062752558493,0.7272727272727273,0.7600000000000001,0.0
Squirrel,client,456,968,3,MR,attack_member,evaluation,2,1,8,0.625,0,1.1125042623925794,0.8062430456347802,0,0,4.149386578861889,0.9090909090909091,0.7600000000000001,1.0
Squirrel,client,456,972,1,MR,attack_member,evaluation,3,1,33,0.2121212121212121,1,0.6373497248990775,0.2971876930405475,0,0,2.335014830127629,0.7272727272727273,0.7600000000000001,0.0
Squirrel,client,456,980,0,MR,attack_member,evaluation,1,1,2,0.0,0,1.6009001653352313,1.2003199236286985,0,0,1.2526782372059584,0.32727272727272727,0.7600000000000001,0.0
Squirrel,client,456,989,0,MR,attack_member,evaluation,0,1,5,0.0,0,2.0336448637130884,0.27807291999734357,0,0,0.5573251648169826,0.14545454545454545,0.7600000000000001,0.0
Squirrel,client,456,997,0,MR,attack_member,evaluation,0,1,7,0.2857142857142857,1,0.13326283640534917,0.27807291999734357,1,0,2.194367062243643,0.7090909090909091,0.7600000000000001,0.0
Squirrel,client,456,1003,0,MR,attack_member,evaluation,0,1,4,0.25,1,0.23784542880342147,0.27807291999734357,1,0,2.0646988076558532,0.6727272727272727,0.7600000000000001,0.0
Squirrel,client,456,1004,3,MR,attack_member,evaluation,4,1,2,0.0,1,0.7630520282400424,1.50371502886198,1,0,4.612340840465973,0.9090909090909091,0.7600000000000001,1.0
Squirrel,client,456,1005,1,MR,attack_member,evaluation,1,1,3,0.3333333333333333,1,0.6929829866622972,1.2003199236286985,1,0,1.6480770390118427,0.4909090909090909,0.7600000000000001,0.0
Squirrel,client,456,1006,1,MR,attack_member,evaluation,0,1,4,0.25,0,2.08130521257078,0.27807291999734357,0,0,0.7003674320989174,0.2,0.7600000000000001,0.0
Squirrel,client,456,1014,6,MR,attack_member,evaluation,2,1,84,0.3095238095238095,0,1.8516155034790416,0.8062430456347802,0,0,1.1172570278287892,0.3090909090909091,0.7600000000000001,0.0
Squirrel,client,456,1016,0,MR,attack_member,evaluation,3,1,15,0.1333333333333333,0,1.2729452703087216,0.2971876930405475,0,0,0.8441520936350664,0.2,0.7600000000000001,0.0
Squirrel,client,456,1017,3,MR,attack_member,evaluation,3,1,1,0.0,0,1.8009119928605735,0.2971876930405475,0,0,1.467845679676151,0.43636363636363634,0.7600000000000001,0.0
Squirrel,client,456,1019,6,MR,attack_member,evaluation,0,1,1,0.0,1,0.5128994322785844,0.27807291999734357,0,0,1.1466810500968487,0.3090909090909091,0.7600000000000001,0.0
Squirrel,client,456,1026,6,MR,attack_member,evaluation,0,1,82,0.1097560975609756,1,0.8293666639960369,0.27807291999734357,0,0,0.8574001560714584,0.2,0.7600000000000001,0.0
Squirrel,client,456,1036,6,MR,attack_member,evaluation,1,1,55,0.2181818181818181,0,1.3777228588034713,1.2003199236286985,0,0,1.0172665887570311,0.2545454545454545,0.7600000000000001,0.0
Squirrel,client,456,1052,1,MR,attack_member,evaluation,0,1,1,0.0,1,0.5091199573460584,0.27807291999734357,0,0,1.0897167325397354,0.2909090909090909,0.7600000000000001,0.0
Squirrel,client,456,1053,1,MR,attack_member,evaluation,3,1,7,0.1428571428571428,1,0.214565247182045,0.2971876930405475,1,0,9.320437425072914,0.9818181818181818,0.7600000000000001,1.0
Squirrel,client,456,1054,1,MR,attack_member,evaluation,4,1,3,0.0,0,1.3946367524277288,1.50371502886198,1,0,55.499407036500195,1.0,0.7600000000000001,1.0
Squirrel,client,456,1070,0,MR,attack_member,evaluation,0,1,2,0.0,0,1.1474392705322733,0.27807291999734357,0,0,0.9674241736166395,0.21818181818181817,0.7600000000000001,0.0
Squirrel,client,456,1071,0,MR,attack_member,evaluation,1,1,3,0.0,0,2.047329536343573,1.2003199236286985,0,0,1.8765350312575033,0.5818181818181818,0.7600000000000001,0.0
Squirrel,client,456,1072,6,MR,attack_member,evaluation,3,1,78,0.2051282051282051,0,1.7417340588030377,0.2971876930405475,0,0,1.5870334850610253,0.4909090909090909,0.7600000000000001,0.0
Squirrel,client,456,1082,0,MR,attack_member,evaluation,0,1,4,0.5,1,0.586653764600271,0.27807291999734357,0,0,2.525225343621644,0.8181818181818182,0.7600000000000001,1.0
Squirrel,client,456,1100,1,MR,attack_member,evaluation,3,1,10,0.3,0,1.1637718896839417,0.2971876930405475,0,0,4.051307400243569,0.9090909090909091,0.7600000000000001,1.0
Squirrel,client,456,1119,0,MR,attack_member,evaluation,3,1,4,0.0,1,1.0564613771695839,0.2971876930405475,0,0,0.8871566840215092,0.21818181818181817,0.7600000000000001,0.0
Squirrel,client,456,1127,1,MR,attack_member,evaluation,3,1,2,0.0,0,1.5780635430696894,0.2971876930405475,0,0,1.029444772159994,0.2545454545454545,0.7600000000000001,0.0
Squirrel,client,456,1135,0,MR,attack_member,evaluation,2,1,1,0.0,1,0.5287535570222154,0.8062430456347802,1,0,1.2247574372205965,0.32727272727272727,0.7600000000000001,0.0
Squirrel,client,456,1140,3,MR,attack_member,evaluation,0,1,3,0.6666666666666666,1,0.042923495292666265,0.27807291999734357,1,0,1.2849896556010747,0.34545454545454546,0.7600000000000001,0.0
Squirrel,client,456,1191,1,MR,attack_member,evaluation,1,1,2,0.0,1,0.3946710947593266,1.2003199236286985,1,0,4.622920209455279,0.9090909090909091,0.7600000000000001,1.0
Squirrel,client,456,1195,0,MR,attack_member,evaluation,3,1,5,0.0,0,2.5168882791088274,0.2971876930405475,0,0,0.7617236107654566,0.2,0.7600000000000001,0.0
Squirrel,client,456,1211,0,MR,attack_member,evaluation,2,1,14,0.2142857142857142,0,1.454673887714905,0.8062430456347802,0,0,0.7330572934638012,0.2,0.7600000000000001,0.0
Squirrel,client,456,1213,0,MR,attack_member,evaluation,0,1,1,0.0,0,1.21684191318276,0.27807291999734357,0,0,0.8304010345842551,0.2,0.7600000000000001,0.0
Squirrel,client,456,1224,3,MR,attack_member,evaluation,1,1,0,,1,0.4433555498530056,1.2003199236286985,1,0,1.7530537579759733,0.5454545454545454,0.7600000000000001,0.0
Squirrel,client,456,1230,0,MR,attack_member,evaluation,0,1,4,0.0,0,1.762598611774688,0.27807291999734357,0,0,1.941592903669768,0.6,0.7600000000000001,0.0
Squirrel,client,456,1233,1,MR,attack_member,evaluation,1,1,0,,1,0.14592614734870116,1.2003199236286985,1,0,5.811172083860981,0.9636363636363636,0.7600000000000001,1.0
Squirrel,client,456,1240,0,MR,attack_member,evaluation,1,1,3,0.3333333333333333,1,0.8604199685788041,1.2003199236286985,1,0,1.5616634725321104,0.4909090909090909,0.7600000000000001,0.0
Squirrel,client,456,1257,1,MR,attack_member,evaluation,1,1,5,0.0,1,0.5316587090614686,1.2003199236286985,1,0,5.192324731420976,0.9636363636363636,0.7600000000000001,1.0
Squirrel,client,456,1260,0,MR,attack_member,evaluation,3,1,5,0.2,1,0.336778927917625,0.2971876930405475,0,0,6.56669281308815,0.9818181818181818,0.7600000000000001,1.0
Squirrel,client,456,1269,1,MR,attack_member,evaluation,2,1,8,0.125,0,2.348508017790699,0.8062430456347802,0,0,2.142723209053925,0.6727272727272727,0.7600000000000001,0.0
Squirrel,client,456,1271,0,MR,attack_member,evaluation,1,1,4,0.0,0,1.3891143849732235,1.2003199236286985,0,0,1.0863831340234118,0.2909090909090909,0.7600000000000001,0.0
Squirrel,client,456,1272,3,MR,attack_member,evaluation,0,1,0,,1,0.08962115431779066,0.27807291999734357,1,0,3.592202507262004,0.8909090909090909,0.7600000000000001,1.0
Squirrel,client,456,1275,3,MR,attack_member,evaluation,2,1,0,,0,0.9876072898492209,0.8062430456347802,0,0,1.6217523527679072,0.4909090909090909,0.7600000000000001,0.0
Squirrel,client,456,1282,0,MR,attack_member,evaluation,1,1,3,0.0,0,4.374859582073821,1.2003199236286985,0,0,0.8279706492839343,0.2,0.7600000000000001,0.0
Squirrel,client,456,1287,0,MR,attack_member,evaluation,0,1,2,0.5,1,0.3340008251092954,0.27807291999734357,0,0,1.177566552871968,0.3090909090909091,0.7600000000000001,0.0
Squirrel,client,456,1290,0,MR,attack_member,evaluation,3,1,0,,1,0.0015836125016524154,0.2971876930405475,1,0,20.600944112304163,1.0,0.7600000000000001,1.0
Squirrel,client,456,1293,3,MR,attack_member,evaluation,1,1,0,,1,0.11565837550854961,1.2003199236286985,1,0,1.8648871956117599,0.5636363636363636,0.7600000000000001,0.0
Squirrel,client,456,1308,0,MR,attack_member,evaluation,0,1,2,0.5,1,0.08418564158227658,0.27807291999734357,1,0,3.9034767429796826,0.9090909090909091,0.7600000000000001,1.0
Squirrel,client,456,1317,6,MR,attack_member,evaluation,4,1,56,0.1785714285714285,0,2.347837269717699,1.50371502886198,0,0,0.9917890012395855,0.2545454545454545,0.7600000000000001,0.0
Squirrel,client,456,1332,0,MR,attack_member,evaluation,2,1,2,0.0,0,2.267294078151594,0.8062430456347802,0,0,1.5044908517630338,0.45454545454545453,0.7600000000000001,0.0
Squirrel,client,456,1333,1,MR,attack_member,evaluation,4,1,3,0.0,1,0.029766880690313524,1.50371502886198,1,0,3.635311007850225,0.8909090909090909,0.7600000000000001,1.0
Squirrel,client,456,1335,1,MR,attack_member,evaluation,0,1,3,0.0,1,1.097308376715122,0.27807291999734357,0,0,0.974815462692252,0.21818181818181817,0.7600000000000001,0.0
Squirrel,client,456,1339,6,MR,attack_member,evaluation,3,1,54,0.2222222222222222,0,1.6874703634245511,0.2971876930405475,0,0,1.5668095516442597,0.4909090909090909,0.7600000000000001,0.0
Squirrel,client,456,1353,0,MR,attack_member,evaluation,0,1,1,0.0,1,1.2623963007123307,0.27807291999734357,0,0,0.8658965249032472,0.2,0.7600000000000001,0.0
Squirrel,client,456,1357,3,MR,attack_member,evaluation,1,1,0,,0,1.0853036231973001,1.2003199236286985,1,0,1.7370182673889563,0.5454545454545454,0.7600000000000001,0.0
Squirrel,client,456,1359,0,MR,attack_member,evaluation,3,1,2,0.0,0,1.4050724714419678,0.2971876930405475,0,0,1.1798053630009064,0.3090909090909091,0.7600000000000001,0.0
Squirrel,client,456,1380,7,MR,attack_member,evaluation,0,1,1,0.0,1,0.2403893069467964,0.27807291999734357,1,0,1.7300252045564573,0.5454545454545454,0.7600000000000001,0.0
Squirrel,client,456,1388,1,MR,attack_member,evaluation,0,1,3,0.0,1,0.8378475967038284,0.27807291999734357,0,0,0.990873746102159,0.2545454545454545,0.7600000000000001,0.0
Squirrel,client,456,1393,6,MR,attack_member,evaluation,2,1,51,0.3529411764705882,0,1.807558106878065,0.8062430456347802,0,0,1.0442192868474127,0.2727272727272727,0.7600000000000001,0.0
Squirrel,client,456,1394,0,MR,attack_member,evaluation,0,1,2,0.0,0,2.172328064739439,0.27807291999734357,0,0,0.72076464884333,0.2,0.7600000000000001,0.0
Squirrel,client,456,1405,7,MR,attack_member,evaluation,0,1,2,0.0,1,0.9128161949111515,0.27807291999734357,0,0,1.042127327761499,0.2545454545454545,0.7600000000000001,0.0
Squirrel,client,456,1410,0,MR,attack_member,evaluation,0,1,1,0.0,0,1.8796152457912711,0.27807291999734357,0,0,0.9086612639375581,0.21818181818181817,0.7600000000000001,0.0
Squirrel,client,456,1420,0,MR,attack_member,evaluation,1,1,14,0.1428571428571428,0,1.733868095437158,1.2003199236286985,0,0,1.2533494168592398,0.32727272727272727,0.7600000000000001,0.0
Squirrel,client,456,1421,6,MR,attack_member,evaluation,0,1,4,0.0,1,0.4681985240105182,0.27807291999734357,0,0,0.9722981332486487,0.21818181818181817,0.7600000000000001,0.0
Squirrel,client,456,1438,0,MR,attack_member,evaluation,1,1,3,0.0,1,0.8616612108566619,1.2003199236286985,1,0,2.180519635789302,0.6909090909090909,0.7600000000000001,0.0
Squirrel,client,456,1447,0,MR,attack_member,evaluation,2,1,2,0.0,0,1.6656006631509135,0.8062430456347802,0,0,0.7130040193130291,0.2,0.7600000000000001,0.0
Squirrel,client,456,1467,1,MR,attack_member,evaluation,0,1,1,0.0,1,0.6039025004762609,0.27807291999734357,0,0,1.1379697690722526,0.3090909090909091,0.7600000000000001,0.0
Squirrel,client,456,1494,8,MR,attack_member,evaluation,1,1,0,,1,0.0036022700492331266,1.2003199236286985,1,0,5.3557022430811125,0.9636363636363636,0.7600000000000001,1.0
Squirrel,client,456,1505,7,MR,attack_member,evaluation,1,1,5,0.2,0,1.2300929864838284,1.2003199236286985,0,0,1.0644022488596585,0.2909090909090909,0.7600000000000001,0.0
Squirrel,client,456,1520,0,MR,attack_member,evaluation,4,1,3,1.0,1,0.030437953150991223,1.50371502886198,1,0,17.522871807455576,1.0,0.7600000000000001,1.0
Squirrel,client,456,1522,0,MR,attack_member,evaluation,1,1,2,0.0,0,2.3018752048475872,1.2003199236286985,0,0,0.5040969654008124,0.14545454545454545,0.7600000000000001,0.0
Squirrel,client,456,1524,6,MR,attack_member,evaluation,3,1,24,0.2916666666666667,0,1.7079130261351156,0.2971876930405475,0,0,1.6008702516915352,0.4909090909090909,0.7600000000000001,0.0
Squirrel,client,456,1531,0,MR,attack_member,evaluation,4,1,17,0.2941176470588235,1,0.6395371479183449,1.50371502886198,1,0,3.9921864603334543,0.9090909090909091,0.7600000000000001,1.0
Squirrel,client,456,1541,7,MR,attack_member,evaluation,2,1,29,0.3793103448275862,0,2.052265490456628,0.8062430456347802,0,0,1.3477195977288754,0.38181818181818183,0.7600000000000001,0.0
Squirrel,client,456,1554,7,MR,attack_member,evaluation,1,1,5,0.0,1,0.8741628378175335,1.2003199236286985,1,0,1.519446803147404,0.45454545454545453,0.7600000000000001,0.0
Squirrel,client,456,1568,0,MR,attack_member,evaluation,1,1,6,0.1666666666666666,0,1.6831959037824125,1.2003199236286985,0,0,0.9716768701513375,0.21818181818181817,0.7600000000000001,0.0
Squirrel,client,456,1573,1,MR,attack_member,evaluation,1,1,2,0.5,1,0.00012466322860317852,1.2003199236286985,1,0,1.4957933761725055,0.45454545454545453,0.7600000000000001,0.0
Squirrel,client,456,1577,6,MR,attack_member,evaluation,3,1,32,0.15625,0,1.633282395377976,0.2971876930405475,0,0,1.439964328938149,0.41818181818181815,0.7600000000000001,0.0
Squirrel,client,456,1582,0,MR,attack_member,evaluation,3,1,12,0.25,1,0.5934344376023983,0.2971876930405475,0,0,1.396033239342824,0.38181818181818183,0.7600000000000001,0.0
Squirrel,client,456,1583,0,MR,attack_member,evaluation,1,1,7,0.0,0,2.4486516089509496,1.2003199236286985,0,0,0.7033029150686709,0.2,0.7600000000000001,0.0
Squirrel,client,456,1600,1,MR,attack_member,evaluation,0,1,2,0.0,1,0.582727500440841,0.27807291999734357,0,0,0.8578826428931,0.2,0.7600000000000001,0.0
Squirrel,client,456,1605,0,MR,attack_member,evaluation,0,1,4,0.25,0,0.9361969303703416,0.27807291999734357,0,0,0.978181334200914,0.21818181818181817,0.7600000000000001,0.0
Squirrel,client,456,1611,1,MR,attack_member,evaluation,0,1,0,,1,0.22943838461197308,0.27807291999734357,1,0,1.2850142612435163,0.34545454545454546,0.7600000000000001,0.0
Squirrel,client,456,1613,1,MR,attack_member,evaluation,1,1,3,0.0,0,2.483198119728477,1.2003199236286985,0,0,1.6284935841096855,0.4909090909090909,0.7600000000000001,0.0
Squirrel,client,456,1617,7,MR,attack_member,evaluation,4,1,14,0.3571428571428571,1,0.7161916681374534,1.50371502886198,1,0,4.7941405016876715,0.9272727272727272,0.7600000000000001,1.0
Squirrel,client,456,1625,7,MR,attack_member,evaluation,1,1,6,0.1666666666666666,1,1.1032746860485179,1.2003199236286985,1,0,1.102790156946328,0.2909090909090909,0.7600000000000001,0.0
Squirrel,client,456,1630,0,MR,attack_member,evaluation,2,1,9,0.3333333333333333,1,0.43408175162282725,0.8062430456347802,1,0,1.1577229896827186,0.3090909090909091,0.7600000000000001,0.0
Squirrel,client,456,1640,1,MR,attack_member,evaluation,1,1,0,,1,0.3411169129374194,1.2003199236286985,1,0,6.687221185722752,0.9818181818181818,0.7600000000000001,1.0
Squirrel,client,456,1646,0,MR,attack_member,evaluation,4,1,1,1.0,1,0.6568840909226041,1.50371502886198,1,0,4.772164229363094,0.9272727272727272,0.7600000000000001,1.0
Squirrel,client,456,1647,7,MR,attack_member,evaluation,2,1,15,0.4666666666666667,0,1.706258998512729,0.8062430456347802,0,0,1.152069733886833,0.3090909090909091,0.7600000000000001,0.0
Squirrel,client,456,1651,0,MR,attack_member,evaluation,4,1,2,0.0,1,0.8619597012254165,1.50371502886198,1,0,10.059416877740707,0.9818181818181818,0.7600000000000001,1.0
Squirrel,client,456,1653,1,MR,attack_member,evaluation,0,1,1,0.0,1,0.6204719184436461,0.27807291999734357,0,0,0.9350446970533054,0.21818181818181817,0.7600000000000001,0.0
Squirrel,client,456,1655,1,MR,attack_member,evaluation,3,1,0,,1,0.05345769444200546,0.2971876930405475,1,0,3.915602361649934,0.9090909090909091,0.7600000000000001,1.0
Squirrel,client,456,1663,6,MR,attack_member,evaluation,2,1,25,0.28,0,1.5461204052917714,0.8062430456347802,0,0,1.4057900408934556,0.4,0.7600000000000001,0.0
Squirrel,client,456,1677,1,MR,attack_member,evaluation,4,1,7,0.0,0,0.9448196923077403,1.50371502886198,1,0,28.0122730801632,1.0,0.7600000000000001,1.0
Squirrel,client,456,1687,6,MR,attack_member,evaluation,2,1,2,0.0,0,1.783480722678451,0.8062430456347802,0,0,1.2700578959684177,0.34545454545454546,0.7600000000000001,0.0
Squirrel,client,456,1688,7,MR,attack_member,evaluation,0,1,2,0.5,1,0.15058258934619975,0.27807291999734357,1,0,1.5220904637985662,0.45454545454545453,0.7600000000000001,0.0
Squirrel,client,456,1689,6,MR,attack_member,evaluation,1,1,21,0.3333333333333333,0,1.3804897407660115,1.2003199236286985,0,0,0.8756406582884783,0.21818181818181817,0.7600000000000001,0.0
Squirrel,client,456,1723,1,MR,attack_member,evaluation,3,1,4,0.0,0,1.0475589035639639,0.2971876930405475,0,0,2.2333105425805555,0.7090909090909091,0.7600000000000001,0.0
Squirrel,client,456,1728,1,MR,attack_member,evaluation,2,1,3,0.0,0,1.4077531162045014,0.8062430456347802,0,0,7.437027274810909,0.9818181818181818,0.7600000000000001,1.0
Squirrel,client,456,1730,0,MR,attack_member,evaluation,4,1,3,0.3333333333333333,1,0.7898146118061278,1.50371502886198,1,0,8.703705420248882,0.9818181818181818,0.7600000000000001,1.0
Squirrel,client,456,1731,6,MR,attack_member,evaluation,2,1,14,0.2857142857142857,0,1.5979951267531662,0.8062430456347802,0,0,0.9273375631453598,0.21818181818181817,0.7600000000000001,0.0
Squirrel,client,456,1734,1,MR,attack_member,evaluation,1,1,9,0.3333333333333333,0,1.1045129744584703,1.2003199236286985,1,0,2.207421756305074,0.7090909090909091,0.7600000000000001,0.0
Squirrel,client,456,1736,6,MR,attack_member,evaluation,2,1,12,0.25,0,1.5498270135021084,0.8062430456347802,0,0,0.9273202974122211,0.21818181818181817,0.7600000000000001,0.0
Squirrel,client,456,1738,6,MR,attack_member,evaluation,2,1,10,0.2,0,1.4996229262911775,0.8062430456347802,0,0,0.9191258598864304,0.21818181818181817,0.7600000000000001,0.0
Squirrel,client,456,1740,0,MR,attack_member,evaluation,1,1,1,1.0,1,0.014071686377829531,1.2003199236286985,1,0,3.441935030642897,0.8909090909090909,0.7600000000000001,1.0
Squirrel,client,456,1741,0,MR,attack_member,evaluation,4,1,0,,1,0.588582537798218,1.50371502886198,1,0,5.101901165762527,0.9454545454545454,0.7600000000000001,1.0
Squirrel,client,456,1753,0,MR,attack_member,evaluation,0,1,10,0.1,0,3.0222070007278394,0.27807291999734357,0,0,0.2784387759582034,0.05454545454545454,0.7600000000000001,0.0
Squirrel,client,456,1761,0,MR,attack_member,evaluation,2,1,14,0.2142857142857142,0,1.3584584477100519,0.8062430456347802,0,0,0.5478766624118834,0.14545454545454545,0.7600000000000001,0.0
Squirrel,client,456,1766,6,MR,attack_member,evaluation,0,1,9,0.1111111111111111,1,0.9307827972811149,0.27807291999734357,0,0,1.5819647574692925,0.4909090909090909,0.7600000000000001,0.0
Squirrel,client,456,1770,0,MR,attack_member,evaluation,4,1,2,1.0,1,0.2711662498603544,1.50371502886198,1,0,2.890115547917685,0.8727272727272727,0.7600000000000001,1.0
Squirrel,client,456,1783,1,MR,attack_member,evaluation,1,1,1,0.0,0,0.972035217260572,1.2003199236286985,1,0,3.658757839387483,0.8909090909090909,0.7600000000000001,1.0
Squirrel,client,456,1784,7,MR,attack_member,evaluation,0,1,4,0.0,1,0.3017431838245912,0.27807291999734357,0,0,1.3589208923608078,0.38181818181818183,0.7600000000000001,0.0
Squirrel,client,456,1795,7,MR,attack_member,evaluation,0,1,4,0.0,1,1.0076721668608148,0.27807291999734357,0,0,1.0401629563151944,0.2545454545454545,0.7600000000000001,0.0
Squirrel,client,456,1801,0,MR,attack_member,evaluation,2,1,11,0.1818181818181818,0,1.0255934635223143,0.8062430456347802,0,0,1.5287791369917954,0.45454545454545453,0.7600000000000001,0.0
Squirrel,client,456,1805,6,MR,attack_member,evaluation,4,1,2,0.0,0,1.488992856059636,1.50371502886198,1,0,1.1099715865155042,0.3090909090909091,0.7600000000000001,0.0
Squirrel,client,456,1816,0,MR,attack_member,evaluation,1,1,2,0.0,1,0.7316370330691242,1.2003199236286985,1,0,2.184486474851986,0.7090909090909091,0.7600000000000001,0.0
Squirrel,client,456,1822,0,MR,attack_member,evaluation,4,1,2,0.5,1,0.41322794517713546,1.50371502886198,1,0,13.638187012448746,1.0,0.7600000000000001,1.0
Squirrel,client,456,1826,7,MR,attack_member,evaluation,0,1,1,0.0,1,0.5090154109485998,0.27807291999734357,0,0,1.2936000643520553,0.34545454545454546,0.7600000000000001,0.0
Squirrel,client,456,1833,1,MR,attack_member,evaluation,4,1,5,0.4,1,0.37284218720716555,1.50371502886198,1,0,110.4711670930919,1.0,0.7600000000000001,1.0
Squirrel,client,456,1839,0,MR,attack_member,evaluation,3,1,17,0.0588235294117647,1,0.10317095220364814,0.2971876930405475,1,0,1.873400360370819,0.5818181818181818,0.7600000000000001,0.0
Squirrel,client,456,1842,1,MR,attack_member,evaluation,3,1,4,0.25,1,0.15932146241645528,0.2971876930405475,1,0,2.230838274845274,0.7090909090909091,0.7600000000000001,0.0
Squirrel,client,456,1843,7,MR,attack_member,evaluation,4,1,7,0.2857142857142857,1,0.18556740056118715,1.50371502886198,1,0,6.391552050547375,0.9818181818181818,0.7600000000000001,1.0
Squirrel,client,456,1858,7,MR,attack_member,evaluation,1,1,4,0.0,1,0.25390489995223753,1.2003199236286985,1,0,3.6417868799783535,0.8909090909090909,0.7600000000000001,1.0
Squirrel,client,456,1864,7,MR,attack_member,evaluation,4,1,71,0.323943661971831,0,2.0638706386821863,1.50371502886198,0,0,1.3996562981049954,0.38181818181818183,0.7600000000000001,0.0
Squirrel,client,456,1870,0,MR,attack_member,evaluation,4,1,1,0.0,1,0.5541584120475241,1.50371502886198,1,0,5.9354339463877865,0.9636363636363636,0.7600000000000001,1.0
Squirrel,client,456,1889,1,MR,attack_member,evaluation,2,1,1,0.0,1,0.6608494160901468,0.8062430456347802,1,0,48.99651559956903,1.0,0.7600000000000001,1.0
Squirrel,client,456,1890,0,MR,attack_member,evaluation,2,1,1,1.0,1,0.342139780767291,0.8062430456347802,1,0,1.6965997439475133,0.509090909090909,0.7600000000000001,0.0
Squirrel,client,456,1900,7,MR,attack_member,evaluation,1,1,6,0.0,1,0.5093664947256775,1.2003199236286985,1,0,1.4965986832284068,0.45454545454545453,0.7600000000000001,0.0
Squirrel,client,456,1902,7,MR,attack_member,evaluation,0,1,6,0.0,1,1.1312390258720104,0.27807291999734357,0,0,1.0925410382914233,0.2909090909090909,0.7600000000000001,0.0
Squirrel,client,456,1906,1,MR,attack_member,evaluation,0,1,0,,1,0.051848694895061886,0.27807291999734357,1,0,1.2612581668821292,0.32727272727272727,0.7600000000000001,0.0
Squirrel,client,456,1909,1,MR,attack_member,evaluation,2,1,1,0.0,0,1.4388911181582609,0.8062430456347802,0,0,1.8226429528952421,0.5636363636363636,0.7600000000000001,0.0
Squirrel,client,456,1914,1,MR,attack_member,evaluation,0,1,0,,1,0.39468668726503986,0.27807291999734357,0,0,3.0091148377604853,0.8727272727272727,0.7600000000000001,1.0
Squirrel,client,456,1932,0,MR,attack_member,evaluation,4,1,1,0.0,1,0.5771509354227986,1.50371502886198,1,0,4.960415266263351,0.9454545454545454,0.7600000000000001,1.0
Squirrel,client,456,1933,0,MR,attack_member,evaluation,0,1,1,0.0,0,2.207136877871411,0.27807291999734357,0,0,1.3737274807840043,0.38181818181818183,0.7600000000000001,0.0
Squirrel,client,456,1936,0,MR,attack_member,evaluation,3,1,4,0.0,0,1.8802675903076689,0.2971876930405475,0,0,0.9240263357812105,0.21818181818181817,0.7600000000000001,0.0
Squirrel,client,456,1956,7,MR,attack_member,evaluation,0,1,46,0.0652173913043478,0,1.8551101154705718,0.27807291999734357,0,0,0.438812342395153,0.10909090909090909,0.7600000000000001,0.0
Squirrel,client,456,1961,0,MR,attack_member,evaluation,1,1,4,0.5,1,0.30628112786183037,1.2003199236286985,1,0,6.64906594210654,0.9818181818181818,0.7600000000000001,1.0
Squirrel,client,456,1975,7,MR,attack_member,evaluation,1,1,7,0.2857142857142857,1,0.5503638393383845,1.2003199236286985,1,0,1.599378227344622,0.4909090909090909,0.7600000000000001,0.0
Squirrel,client,456,1990,7,MR,attack_member,evaluation,4,1,9,0.2222222222222222,0,1.4726588850598223,1.50371502886198,1,0,2.3683339496619324,0.7272727272727273,0.7600000000000001,0.0
Squirrel,client,456,1993,0,MR,attack_member,evaluation,1,1,0,,1,0.04396506726915515,1.2003199236286985,1,0,3.562280736467387,0.8909090909090909,0.7600000000000001,1.0
Squirrel,client,456,2008,0,MR,attack_member,evaluation,0,1,2,0.0,0,3.733586389883543,0.27807291999734357,0,0,0.15564445866599463,0.05454545454545454,0.7600000000000001,0.0
Squirrel,client,456,2013,1,MR,attack_member,evaluation,1,1,0,,1,0.018227196739507866,1.2003199236286985,1,0,1.8953611022601167,0.5818181818181818,0.7600000000000001,0.0
Squirrel,client,456,2017,7,MR,attack_member,evaluation,1,1,2,0.0,1,0.8463361791359815,1.2003199236286985,1,0,1.4483363743070647,0.41818181818181815,0.7600000000000001,0.0
Squirrel,client,456,2026,1,MR,attack_member,evaluation,3,1,4,0.25,0,1.9739677192970166,0.2971876930405475,0,0,2.47076527132219,0.7818181818181819,0.7600000000000001,1.0
Squirrel,client,456,2030,0,MR,attack_member,evaluation,2,1,0,,1,0.23313385615401705,0.8062430456347802,1,0,2.627290453164484,0.8363636363636363,0.7600000000000001,1.0
Squirrel,client,456,2036,1,MR,attack_member,evaluation,3,1,1,0.0,0,1.15686682375597,0.2971876930405475,0,0,31.79318784417703,1.0,0.7600000000000001,1.0
Squirrel,client,456,2038,0,MR,attack_member,evaluation,3,1,0,,0,3.0532284105725487,0.2971876930405475,0,0,0.9743285893283529,0.21818181818181817,0.7600000000000001,0.0
Squirrel,client,456,2055,7,MR,attack_member,evaluation,3,1,32,0.3125,0,1.556365826620331,0.2971876930405475,0,0,1.2811348593152991,0.34545454545454546,0.7600000000000001,0.0
Squirrel,client,456,2060,1,MR,attack_member,evaluation,2,1,1,1.0,1,0.15339556625935713,0.8062430456347802,1,0,2.0598407518973034,0.6727272727272727,0.7600000000000001,0.0
Squirrel,client,456,2067,7,MR,attack_member,evaluation,0,1,2,0.0,1,0.6216181672583878,0.27807291999734357,0,0,3.2955300087708306,0.8909090909090909,0.7600000000000001,1.0
Squirrel,client,456,2082,7,MR,attack_member,evaluation,4,1,27,0.4074074074074074,0,1.643087110998408,1.50371502886198,0,0,1.933115342133179,0.6,0.7600000000000001,0.0
Squirrel,client,456,2084,0,MR,attack_member,evaluation,4,1,2,0.0,1,0.32095766335340037,1.50371502886198,1,0,9.225573713229204,0.9818181818181818,0.7600000000000001,1.0
Squirrel,client,456,2086,7,MR,attack_member,evaluation,1,1,1,0.0,1,0.24879861468135567,1.2003199236286985,1,0,1.9981280250796982,0.6545454545454545,0.7600000000000001,0.0
Squirrel,client,456,2094,0,MR,attack_member,evaluation,4,1,2,1.0,1,0.13174212703657182,1.50371502886198,1,0,7.284359738694743,0.9818181818181818,0.7600000000000001,1.0
Squirrel,client,456,2107,0,MR,attack_member,evaluation,0,1,0,,1,0.011814257237883487,0.27807291999734357,1,0,5.317808677781058,0.9636363636363636,0.7600000000000001,1.0
Squirrel,client,456,2114,1,MR,attack_member,evaluation,0,1,0,,1,0.18508743099735497,0.27807291999734357,1,0,1.2242919416370188,0.32727272727272727,0.7600000000000001,0.0
Squirrel,client,456,2115,0,MR,attack_member,evaluation,2,1,0,,0,1.6058150445848525,0.8062430456347802,0,0,1.373445066221491,0.38181818181818183,0.7600000000000001,0.0
Squirrel,client,456,2123,1,MR,attack_member,evaluation,2,1,0,,0,1.2397528637517359,0.8062430456347802,0,0,2.3585981986320883,0.7272727272727273,0.7600000000000001,0.0
Squirrel,client,456,2141,0,MR,attack_member,evaluation,1,1,0,,1,0.0054084481865835895,1.2003199236286985,1,0,3.7429864217442774,0.8909090909090909,0.7600000000000001,1.0
Squirrel,client,456,2149,7,MR,attack_member,evaluation,2,1,1,0.0,0,1.610815419869029,0.8062430456347802,0,0,1.296881294271875,0.34545454545454546,0.7600000000000001,0.0
Squirrel,client,456,2162,7,MR,attack_member,evaluation,0,1,14,0.0714285714285714,0,1.962660719341329,0.27807291999734357,0,0,0.44836419842391884,0.12727272727272726,0.7600000000000001,0.0
Squirrel,client,456,2166,7,MR,attack_member,evaluation,1,1,16,0.0625,1,1.003072226203361,1.2003199236286985,1,0,1.1079216094335735,0.3090909090909091,0.7600000000000001,0.0
Squirrel,client,456,2179,1,MR,attack_member,evaluation,4,1,0,,0,1.20719172338468,1.50371502886198,1,0,24.861072983254246,1.0,0.7600000000000001,1.0
Squirrel,client,456,2189,7,MR,attack_member,evaluation,3,1,9,0.2222222222222222,0,1.43518916804191,0.2971876930405475,0,0,1.489675622119154,0.45454545454545453,0.7600000000000001,0.0
Squirrel,client,456,2198,7,MR,attack_member,evaluation,4,1,8,0.375,0,1.5090934654407553,1.50371502886198,0,0,3.0808663510638623,0.8909090909090909,0.7600000000000001,1.0
Squirrel,client,456,2205,0,MR,attack_member,evaluation,3,1,0,,0,1.6075399348756942,0.2971876930405475,0,0,7.247070891421493,0.9818181818181818,0.7600000000000001,1.0
Squirrel,client,456,2213,0,MR,attack_member,evaluation,2,1,0,,1,0.0846830140275487,0.8062430456347802,1,0,2.1487169556939,0.6727272727272727,0.7600000000000001,0.0
Squirrel,client,456,2214,7,MR,attack_member,evaluation,0,1,0,,1,0.009611032773861224,0.27807291999734357,1,0,1.4915295222619922,0.45454545454545453,0.7600000000000001,0.0
Squirrel,client,456,2215,7,MR,attack_member,evaluation,4,1,2,0.0,0,1.162882338572992,1.50371502886198,1,0,2.0475346806686545,0.6727272727272727,0.7600000000000001,0.0
Squirrel,client,456,2219,7,MR,attack_member,evaluation,1,1,0,,1,0.3963814183813063,1.2003199236286985,1,0,1.9912070825101313,0.6545454545454545,0.7600000000000001,0.0
Squirrel,client,456,2220,7,MR,attack_member,evaluation,0,1,0,,1,0.3675043868605889,0.27807291999734357,0,0,1.3934692446098014,0.38181818181818183,0.7600000000000001,0.0
Squirrel,client,456,36,5,MR,attack_nonmember,evaluation,0,0,14,0.5,1,0.6527805614195346,0.27807291999734357,0,0,1.3941392689268894,0.38181818181818183,0.7600000000000001,0.0
Squirrel,client,456,43,5,MR,attack_nonmember,evaluation,1,0,1,0.0,0,4.963037073510582,1.2003199236286985,0,0,,,,
Squirrel,client,456,54,5,MR,attack_nonmember,evaluation,1,0,0,,0,1.406235811680444,1.2003199236286985,0,0,,,,
Squirrel,client,456,100,3,MR,attack_nonmember,evaluation,0,0,4,0.25,1,0.058456197079224025,0.27807291999734357,1,0,,,,
Squirrel,client,456,178,6,MR,attack_nonmember,evaluation,0,0,140,0.1642857142857142,1,0.8415943528817019,0.27807291999734357,0,0,,,,
Squirrel,client,456,205,5,MR,attack_nonmember,evaluation,1,0,2,0.0,0,6.198140380588718,1.2003199236286985,0,0,,,,
Squirrel,client,456,234,3,MR,attack_nonmember,evaluation,2,0,1,1.0,1,0.000175138421177603,0.8062430456347802,1,0,,,,
Squirrel,client,456,247,5,MR,attack_nonmember,evaluation,1,0,5,0.6,1,0.5550636486907073,1.2003199236286985,1,0,,,,
Squirrel,client,456,319,3,MR,attack_nonmember,evaluation,2,0,0,,0,1.8901289759578097,0.8062430456347802,0,0,,,,
Squirrel,client,456,351,5,MR,attack_nonmember,evaluation,0,0,5,0.6,1,0.3499015291446721,0.27807291999734357,0,0,1.2124303428319525,0.32727272727272727,0.7600000000000001,0.0
Squirrel,client,456,366,5,MR,attack_nonmember,evaluation,1,0,1,0.0,1,0.38268212057156203,1.2003199236286985,1,0,,,,
Squirrel,client,456,381,3,MR,attack_nonmember,evaluation,1,0,2,0.0,0,2.215178640577278,1.2003199236286985,0,0,1.1599629959820719,0.3090909090909091,0.7600000000000001,0.0
Squirrel,client,456,397,3,MR,attack_nonmember,evaluation,0,0,9,0.1111111111111111,0,1.9673782499238452,0.27807291999734357,0,0,,,,
Squirrel,client,456,400,5,MR,attack_nonmember,evaluation,1,0,1,1.0,0,0.7532076923183668,1.2003199236286985,1,0,31.78311499272198,1.0,0.7600000000000001,1.0
Squirrel,client,456,416,3,MR,attack_nonmember,evaluation,1,0,3,0.3333333333333333,1,0.0203604484085926,1.2003199236286985,1,0,3.1302144512134364,0.8909090909090909,0.7600000000000001,1.0
Squirrel,client,456,421,3,MR,attack_nonmember,evaluation,1,0,1,0.0,0,2.6777276709086584,1.2003199236286985,0,0,0.4366891129600902,0.10909090909090909,0.7600000000000001,0.0
Squirrel,client,456,435,5,MR,attack_nonmember,evaluation,1,0,3,0.3333333333333333,0,1.5620504950080538,1.2003199236286985,0,0,1.0425078104332273,0.2727272727272727,0.7600000000000001,0.0
Squirrel,client,456,446,3,MR,attack_nonmember,evaluation,0,0,1,0.0,0,1.427646131294959,0.27807291999734357,0,0,,,,
Squirrel,client,456,491,5,MR,attack_nonmember,evaluation,0,0,1,0.0,0,3.979283205704495,0.27807291999734357,0,0,,,,
Squirrel,client,456,519,6,MR,attack_nonmember,evaluation,4,0,119,0.1260504201680672,0,2.3200033194866703,1.50371502886198,0,0,,,,
Squirrel,client,456,520,5,MR,attack_nonmember,evaluation,0,0,0,,1,0.16368287518724972,0.27807291999734357,1,0,1.108997078566949,0.3090909090909091,0.7600000000000001,0.0
Squirrel,client,456,556,0,MR,attack_nonmember,evaluation,1,0,6,0.1666666666666666,0,1.2442059691341996,1.2003199236286985,0,0,,,,
Squirrel,client,456,558,0,MR,attack_nonmember,evaluation,4,0,0,,0,7.237733332813324,1.50371502886198,0,0,0.09510737143042784,0.03636363636363636,0.7600000000000001,0.0
Squirrel,client,456,561,0,MR,attack_nonmember,evaluation,1,0,3,0.0,0,2.8165756759736706,1.2003199236286985,0,0,0.9668084613826433,0.21818181818181817,0.7600000000000001,0.0
Squirrel,client,456,566,0,MR,attack_nonmember,evaluation,0,0,1,0.0,1,0.5308129775813741,0.27807291999734357,0,0,0.8003213185464193,0.2,0.7600000000000001,0.0
Squirrel,client,456,574,0,MR,attack_nonmember,evaluation,1,0,13,0.0,0,3.4098737623596707,1.2003199236286985,0,0,0.8674743462993898,0.2,0.7600000000000001,0.0
Squirrel,client,456,582,0,MR,attack_nonmember,evaluation,3,0,3,0.3333333333333333,0,2.1640649166777055,0.2971876930405475,0,0,,,,
Squirrel,client,456,600,6,MR,attack_nonmember,evaluation,0,0,2,0.0,1,0.8264054484887609,0.27807291999734357,0,0,,,,
Squirrel,client,456,612,6,MR,attack_nonmember,evaluation,0,0,1,0.0,1,0.5063045796607923,0.27807291999734357,0,0,1.2487095506640384,0.32727272727272727,0.7600000000000001,0.0
Squirrel,client,456,624,6,MR,attack_nonmember,evaluation,2,0,110,0.2727272727272727,0,1.9398598351905494,0.8062430456347802,0,0,1.1312959720344375,0.3090909090909091,0.7600000000000001,0.0
Squirrel,client,456,705,6,MR,attack_nonmember,evaluation,3,0,6,0.5,0,1.8966002074919803,0.2971876930405475,0,0,1.159340607105396,0.3090909090909091,0.7600000000000001,0.0
Squirrel,client,456,715,0,MR,attack_nonmember,evaluation,2,0,4,0.0,0,2.2327412054415934,0.8062430456347802,0,0,0.8177131840770797,0.2,0.7600000000000001,0.0
Squirrel,client,456,740,5,MR,attack_nonmember,evaluation,2,0,0,,0,4.028381505610083,0.8062430456347802,0,0,0.8063108172778675,0.2,0.7600000000000001,0.0
Squirrel,client,456,789,0,MR,attack_nonmember,evaluation,3,0,6,0.1666666666666666,0,1.2290289549125122,0.2971876930405475,0,0,,,,
Squirrel,client,456,795,0,MR,attack_nonmember,evaluation,3,0,4,0.0,1,0.22773185375073587,0.2971876930405475,1,0,2.038609864208546,0.6545454545454545,0.7600000000000001,0.0
Squirrel,client,456,802,1,MR,attack_nonmember,evaluation,0,0,3,0.3333333333333333,0,1.903043608994619,0.27807291999734357,0,0,,,,
Squirrel,client,456,805,1,MR,attack_nonmember,evaluation,2,0,5,0.4,0,1.6201304498464155,0.8062430456347802,0,0,1.0229546036000192,0.2545454545454545,0.7600000000000001,0.0
Squirrel,client,456,818,3,MR,attack_nonmember,evaluation,1,0,2,0.5,0,0.9914089034448,1.2003199236286985,1,0,1.2777784647089128,0.34545454545454546,0.7600000000000001,0.0
Squirrel,client,456,839,3,MR,attack_nonmember,evaluation,1,0,8,0.125,1,0.3463219773702504,1.2003199236286985,1,0,1.780053134468694,0.5454545454545454,0.7600000000000001,0.0
Squirrel,client,456,846,1,MR,attack_nonmember,evaluation,2,0,51,0.2745098039215686,0,1.9622239227545653,0.8062430456347802,0,0,0.8580240120610535,0.2,0.7600000000000001,0.0
Squirrel,client,456,854,0,MR,attack_nonmember,evaluation,4,0,1,0.0,0,4.4869131605457415,1.50371502886198,0,0,1.4565200890598118,0.41818181818181815,0.7600000000000001,0.0
Squirrel,client,456,893,1,MR,attack_nonmember,evaluation,2,0,6,0.6666666666666666,1,0.9719498407600548,0.8062430456347802,0,0,,,,
Squirrel,client,456,924,1,MR,attack_nonmember,evaluation,0,0,2,0.5,1,0.813635218718223,0.27807291999734357,0,0,1.9417921061345464,0.6,0.7600000000000001,0.0
Squirrel,client,456,940,1,MR,attack_nonmember,evaluation,0,0,3,0.0,1,0.9574037520125729,0.27807291999734357,0,0,1.1787171869747293,0.3090909090909091,0.7600000000000001,0.0
Squirrel,client,456,942,1,MR,attack_nonmember,evaluation,2,0,3,0.0,0,2.760346573181324,0.8062430456347802,0,0,0.4197468516533338,0.09090909090909091,0.7600000000000001,0.0
Squirrel,client,456,962,1,MR,attack_nonmember,evaluation,3,0,6,0.1666666666666666,0,3.64239575346109,0.2971876930405475,0,0,,,,
Squirrel,client,456,984,1,MR,attack_nonmember,evaluation,0,0,3,0.0,0,6.605266833765562,0.27807291999734357,0,0,,,,
Squirrel,client,456,1018,0,MR,attack_nonmember,evaluation,0,0,0,,1,0.11317049245244823,0.27807291999734357,1,0,1.734832074423354,0.5454545454545454,0.7600000000000001,0.0
Squirrel,client,456,1020,3,MR,attack_nonmember,evaluation,2,0,4,1.0,0,1.5409544583700852,0.8062430456347802,0,0,,,,
Squirrel,client,456,1027,6,MR,attack_nonmember,evaluation,3,0,11,0.2727272727272727,0,2.730819448101808,0.2971876930405475,0,0,,,,
Squirrel,client,456,1041,1,MR,attack_nonmember,evaluation,3,0,1,1.0,0,1.6445217100545457,0.2971876930405475,0,0,,,,
Squirrel,client,456,1045,0,MR,attack_nonmember,evaluation,3,0,4,0.25,0,3.953693108308623,0.2971876930405475,0,0,,,,
Squirrel,client,456,1048,0,MR,attack_nonmember,evaluation,2,0,2,0.5,0,3.6088345675656472,0.8062430456347802,0,0,0.4434180833081686,0.10909090909090909,0.7600000000000001,0.0
Squirrel,client,456,1092,0,MR,attack_nonmember,evaluation,0,0,4,0.0,0,7.534878847528562,0.27807291999734357,0,0,0.03962839349382925,0.01818181818181818,0.7600000000000001,0.0
Squirrel,client,456,1114,3,MR,attack_nonmember,evaluation,2,0,1,0.0,0,1.2451662431407393,0.8062430456347802,0,0,2.4928568429009363,0.7818181818181819,0.7600000000000001,1.0
Squirrel,client,456,1136,0,MR,attack_nonmember,evaluation,4,0,15,0.4,0,3.518198182660883,1.50371502886198,0,0,10.10051973902466,0.9818181818181818,0.7600000000000001,1.0
Squirrel,client,456,1162,0,MR,attack_nonmember,evaluation,4,0,6,0.5,1,0.4239859711601972,1.50371502886198,1,0,4.095996289322027,0.9090909090909091,0.7600000000000001,1.0
Squirrel,client,456,1165,0,MR,attack_nonmember,evaluation,1,0,0,,0,4.7274196743675185,1.2003199236286985,0,0,,,,
Squirrel,client,456,1175,6,MR,attack_nonmember,evaluation,3,0,72,0.2083333333333333,0,1.7306525274853874,0.2971876930405475,0,0,1.5874639098797063,0.4909090909090909,0.7600000000000001,0.0
Squirrel,client,456,1178,1,MR,attack_nonmember,evaluation,0,0,0,,1,0.4095624675337294,0.27807291999734357,0,0,1.3047844402302513,0.34545454545454546,0.7600000000000001,0.0
Squirrel,client,456,1199,6,MR,attack_nonmember,evaluation,2,0,70,0.3,0,1.8331312871493737,0.8062430456347802,0,0,,,,
Squirrel,client,456,1328,0,MR,attack_nonmember,evaluation,1,0,2,0.0,0,1.8432355040338035,1.2003199236286985,0,0,,,,
Squirrel,client,456,1329,1,MR,attack_nonmember,evaluation,4,0,2,0.0,0,3.040527698085027,1.50371502886198,0,0,,,,
Squirrel,client,456,1350,8,MR,attack_nonmember,evaluation,2,0,1,0.0,0,3.9856384568937857,0.8062430456347802,0,0,0.2949737397976779,0.05454545454545454,0.7600000000000001,0.0
Squirrel,client,456,1382,7,MR,attack_nonmember,evaluation,0,0,6,0.1666666666666666,1,0.9542519541215044,0.27807291999734357,0,0,1.0008860009897784,0.2545454545454545,0.7600000000000001,0.0
Squirrel,client,456,1404,7,MR,attack_nonmember,evaluation,2,0,6,0.1666666666666666,0,2.2558795126503384,0.8062430456347802,0,0,,,,
Squirrel,client,456,1408,6,MR,attack_nonmember,evaluation,2,0,50,0.34,0,1.804305058204511,0.8062430456347802,0,0,1.0396663565154844,0.2545454545454545,0.7600000000000001,0.0
Squirrel,client,456,1435,0,MR,attack_nonmember,evaluation,1,0,0,,0,8.622947113571088,1.2003199236286985,0,0,,,,
Squirrel,client,456,1439,7,MR,attack_nonmember,evaluation,3,0,25,0.24,0,1.6451006024544452,0.2971876930405475,0,0,,,,
Squirrel,client,456,1443,0,MR,attack_nonmember,evaluation,2,0,14,0.1428571428571428,0,2.4328858382639025,0.8062430456347802,0,0,0.36328332334151775,0.09090909090909091,0.7600000000000001,0.0
Squirrel,client,456,1450,7,MR,attack_nonmember,evaluation,4,0,4,0.75,1,0.6367647373379415,1.50371502886198,1,0,2.298735127510976,0.7272727272727273,0.7600000000000001,0.0
Squirrel,client,456,1470,0,MR,attack_nonmember,evaluation,4,0,4,0.25,0,2.1733934657107725,1.50371502886198,0,0,,,,
Squirrel,client,456,1492,1,MR,attack_nonmember,evaluation,0,0,1,0.0,0,5.205248347835042,0.27807291999734357,0,0,,,,
Squirrel,client,456,1508,7,MR,attack_nonmember,evaluation,2,0,4,0.0,0,2.241804720454851,0.8062430456347802,0,0,0.7652666688254914,0.2,0.7600000000000001,0.0
Squirrel,client,456,1527,1,MR,attack_nonmember,evaluation,1,0,0,,1,0.9662955233196892,1.2003199236286985,1,0,,,,
Squirrel,client,456,1530,0,MR,attack_nonmember,evaluation,0,0,1,0.0,0,3.119216841552443,0.27807291999734357,0,0,,,,
Squirrel,client,456,1584,1,MR,attack_nonmember,evaluation,4,0,8,0.125,0,1.550740080841649,1.50371502886198,0,0,,,,
Squirrel,client,456,1596,0,MR,attack_nonmember,evaluation,4,0,6,0.1666666666666666,0,2.6879992838040034,1.50371502886198,0,0,3.4886456931501746,0.8909090909090909,0.7600000000000001,1.0
Squirrel,client,456,1615,7,MR,attack_nonmember,evaluation,0,0,5,0.0,1,0.6613740550438352,0.27807291999734357,0,0,,,,
Squirrel,client,456,1619,7,MR,attack_nonmember,evaluation,3,0,7,0.1428571428571428,0,2.6501314734400805,0.2971876930405475,0,0,0.543750355210879,0.14545454545454545,0.7600000000000001,0.0
Squirrel,client,456,1628,7,MR,attack_nonmember,evaluation,1,0,8,0.125,0,1.19483428352838,1.2003199236286985,1,0,,,,
Squirrel,client,456,1648,1,MR,attack_nonmember,evaluation,0,0,1,0.0,1,0.5873070222196447,0.27807291999734357,0,0,0.7901931228994613,0.2,0.7600000000000001,0.0
Squirrel,client,456,1664,0,MR,attack_nonmember,evaluation,1,0,0,,0,4.322593536111769,1.2003199236286985,0,0,0.783067730992583,0.2,0.7600000000000001,0.0
Squirrel,client,456,1690,7,MR,attack_nonmember,evaluation,1,0,5,0.0,0,1.2840484256779754,1.2003199236286985,0,0,1.1463582462807063,0.3090909090909091,0.7600000000000001,0.0
Squirrel,client,456,1697,6,MR,attack_nonmember,evaluation,0,0,0,,0,4.046962277222258,0.27807291999734357,0,0,0.2668151646945261,0.05454545454545454,0.7600000000000001,0.0
Squirrel,client,456,1708,6,MR,attack_nonmember,evaluation,1,0,12,0.3333333333333333,0,1.4156175054090379,1.2003199236286985,0,0,,,,
Squirrel,client,456,1718,0,MR,attack_nonmember,evaluation,0,0,1,0.0,0,1.481386763093641,0.27807291999734357,0,0,,,,
Squirrel,client,456,1762,1,MR,attack_nonmember,evaluation,1,0,11,0.3636363636363636,1,0.9705364399734665,1.2003199236286985,1,0,,,,
Squirrel,client,456,1780,0,MR,attack_nonmember,evaluation,1,0,2,0.0,0,1.8765305079248515,1.2003199236286985,0,0,,,,
Squirrel,client,456,1791,0,MR,attack_nonmember,evaluation,1,0,0,,0,3.4794967619316184,1.2003199236286985,0,0,2.1911778372943793,0.7090909090909091,0.7600000000000001,0.0
Squirrel,client,456,1841,0,MR,attack_nonmember,evaluation,1,0,1,0.0,0,2.682925686747109,1.2003199236286985,0,0,,,,
Squirrel,client,456,1844,0,MR,attack_nonmember,evaluation,4,0,0,,0,4.116863243884331,1.50371502886198,0,0,,,,
Squirrel,client,456,1855,7,MR,attack_nonmember,evaluation,1,0,2,0.0,0,1.1155336670776406,1.2003199236286985,1,0,,,,
Squirrel,client,456,1856,1,MR,attack_nonmember,evaluation,1,0,0,,0,1.806996047353247,1.2003199236286985,0,0,0.77972899249495,0.2,0.7600000000000001,0.0
Squirrel,client,456,1872,7,MR,attack_nonmember,evaluation,3,0,58,0.2586206896551724,0,1.5863803157730243,0.2971876930405475,0,0,,,,
Squirrel,client,456,1896,1,MR,attack_nonmember,evaluation,4,0,0,,0,6.202706776196456,1.50371502886198,0,0,0.51919822330714,0.14545454545454545,0.7600000000000001,0.0
Squirrel,client,456,1912,1,MR,attack_nonmember,evaluation,0,0,0,,0,3.536354868542458,0.27807291999734357,0,0,,,,
Squirrel,client,456,1948,7,MR,attack_nonmember,evaluation,3,0,49,0.3061224489795918,0,1.615624761186995,0.2971876930405475,0,0,1.1710729203900012,0.3090909090909091,0.7600000000000001,0.0
Squirrel,client,456,2011,0,MR,attack_nonmember,evaluation,2,0,2,0.5,0,1.876478420248062,0.8062430456347802,0,0,,,,
Squirrel,client,456,2022,1,MR,attack_nonmember,evaluation,1,0,1,0.0,0,2.9040657678014146,1.2003199236286985,0,0,0.4582727772334718,0.12727272727272726,0.7600000000000001,0.0
Squirrel,client,456,2023,0,MR,attack_nonmember,evaluation,3,0,0,,0,0.7510204588281424,0.2971876930405475,0,0,,,,
Squirrel,client,456,2092,7,MR,attack_nonmember,evaluation,2,0,0,,0,4.835455140472128,0.8062430456347802,0,0,0.18637879987947914,0.05454545454545454,0.7600000000000001,0.0
Squirrel,client,456,2113,0,MR,attack_nonmember,evaluation,0,0,0,,1,1.018510799432272,0.27807291999734357,0,0,,,,
Squirrel,client,456,2116,0,MR,attack_nonmember,evaluation,4,0,0,,0,2.604314401310436,1.50371502886198,0,0,,,,
Squirrel,client,456,2126,0,MR,attack_nonmember,evaluation,0,0,0,,0,2.9663114324026307,0.27807291999734357,0,0,,,,
Squirrel,client,456,2129,0,MR,attack_nonmember,evaluation,2,0,2,0.5,1,0.3622269462466598,0.8062430456347802,1,0,2.0164153261300655,0.6545454545454545,0.7600000000000001,0.0
Squirrel,client,456,2164,0,MR,attack_nonmember,evaluation,4,0,1,0.0,0,5.1984227411929576,1.50371502886198,0,0,0.20472896709402946,0.05454545454545454,0.7600000000000001,0.0
Squirrel,client,456,2184,7,MR,attack_nonmember,evaluation,2,0,10,0.0,0,1.7470175442410545,0.8062430456347802,0,0,,,,
Squirrel,client,456,2195,7,MR,attack_nonmember,evaluation,2,0,2,0.5,0,3.556154498307301,0.8062430456347802,0,0,0.3052529408148942,0.05454545454545454,0.7600000000000001,0.0
Squirrel,client,456,2207,0,MR,attack_nonmember,evaluation,3,0,1,0.0,1,0.17479948622974323,0.2971876930405475,1,0,,,,
