dataset,scenario,seed,gid,client_id,stage,subset,pool_role,true_class,membership_label,local_degree,local_label_agreement,correct_prediction,entropy_score,entropy_threshold,entropy_decision,entropy_fallback,rmia_ratio,rmia_score,rmia_threshold,rmia_decision
Cora,client,7,22,4,M0,F,evaluation,4,1,5,1.0,1,0.0017523467816725892,0.01952251681236835,1,1,4.572323357457586,0.8931297709923665,0.24427480916030533,1.0
Cora,client,7,40,4,M0,F,evaluation,3,1,3,1.0,1,0.00010903561273690183,0.0022662230132861265,1,0,1.4541623410301048,0.09923664122137404,0.24427480916030533,0.0
Cora,client,7,43,4,M0,F,evaluation,4,1,6,1.0,1,0.002433465550892122,0.01952251681236835,1,1,6.035706573691847,0.9618320610687023,0.24427480916030533,1.0
Cora,client,7,50,4,M0,F,evaluation,5,1,1,1.0,1,0.09298274149913233,0.0986797620318588,1,0,2.593095172223962,0.4961832061068702,0.24427480916030533,1.0
Cora,client,7,61,4,M0,F,evaluation,0,1,4,0.5,1,0.2044810774176894,0.27583863936296626,1,0,4.722837135119633,0.8931297709923665,0.24427480916030533,1.0
Cora,client,7,91,4,M0,F,evaluation,4,1,6,1.0,1,0.0016816784491994782,0.01952251681236835,1,1,8.852472536535478,0.9770992366412213,0.24427480916030533,1.0
Cora,client,7,129,4,M0,F,evaluation,5,1,1,1.0,1,0.010297531521160275,0.0986797620318588,1,0,2.7120579413375543,0.5801526717557252,0.24427480916030533,1.0
Cora,client,7,148,4,M0,F,evaluation,4,1,5,1.0,1,2.549787816740565e-06,0.01952251681236835,1,1,6.987445385818926,0.9770992366412213,0.24427480916030533,1.0
Cora,client,7,150,4,M0,F,evaluation,3,1,3,1.0,1,0.006921338252506043,0.0022662230132861265,0,0,1.20558192298051,0.061068702290076333,0.24427480916030533,0.0
Cora,client,7,177,4,M0,F,evaluation,4,1,4,1.0,1,6.922890948244717e-05,0.01952251681236835,1,1,7.970796813964355,0.9770992366412213,0.24427480916030533,1.0
Cora,client,7,196,4,M0,F,evaluation,4,1,2,1.0,1,0.011516976402622711,0.01952251681236835,1,1,12.867375932827878,1.0,0.24427480916030533,1.0
Cora,client,7,214,4,M0,F,evaluation,0,1,1,1.0,1,0.0069512500824255976,0.27583863936296626,1,0,2.817126858055101,0.6335877862595419,0.24427480916030533,1.0
Cora,client,7,217,4,M0,F,evaluation,4,1,3,1.0,1,0.0001338527106496199,0.01952251681236835,1,1,4.192001009956373,0.8702290076335878,0.24427480916030533,1.0
Cora,client,7,241,4,M0,F,evaluation,5,1,1,1.0,1,0.01608377873779519,0.0986797620318588,1,0,1.891105436680637,0.15267175572519084,0.24427480916030533,0.0
Cora,client,7,251,4,M0,F,evaluation,3,1,7,1.0,1,4.411301185552725e-06,0.0022662230132861265,1,0,1.5643892757468083,0.1297709923664122,0.24427480916030533,0.0
Cora,client,7,254,4,M0,F,evaluation,3,1,2,1.0,1,0.017889907008060035,0.0022662230132861265,0,0,2.944693130331199,0.6717557251908397,0.24427480916030533,1.0
Cora,client,7,283,4,M0,F,evaluation,4,1,2,1.0,1,0.00033710175218941635,0.01952251681236835,1,1,24.161508837081357,1.0,0.24427480916030533,1.0
Cora,client,7,310,4,M0,F,evaluation,3,1,16,1.0,1,1.0595398243586318e-08,0.0022662230132861265,1,0,1.0101227040966827,0.05343511450381679,0.24427480916030533,0.0
Cora,client,7,332,4,M0,F,evaluation,3,1,4,0.25,1,0.2622697311921319,0.0022662230132861265,0,0,0.8593714571991871,0.04580152671755725,0.24427480916030533,0.0
Cora,client,7,338,4,M0,F,evaluation,3,1,3,1.0,1,0.0013216455896322486,0.0022662230132861265,1,0,2.0493937316344066,0.22900763358778625,0.24427480916030533,0.0
Cora,client,7,348,4,M0,F,evaluation,4,1,4,1.0,1,1.5324313512636646e-05,0.01952251681236835,1,1,6.267275773416314,0.9694656488549618,0.24427480916030533,1.0
Cora,client,7,352,4,M0,F,evaluation,3,1,2,1.0,1,0.0007428017530182039,0.0022662230132861265,1,0,1.1666780636535263,0.061068702290076333,0.24427480916030533,0.0
Cora,client,7,378,4,M0,F,evaluation,4,1,2,1.0,1,5.882797611794861e-05,0.01952251681236835,1,1,12.94835220427556,1.0,0.24427480916030533,1.0
Cora,client,7,428,4,M0,F,evaluation,4,1,5,1.0,1,0.0005451549313262963,0.01952251681236835,1,1,5.500420157682706,0.9465648854961832,0.24427480916030533,1.0
Cora,client,7,442,4,M0,F,evaluation,4,1,8,1.0,1,1.8475568242683778e-05,0.01952251681236835,1,1,13.761050578497784,1.0,0.24427480916030533,1.0
Cora,client,7,488,4,M0,F,evaluation,4,1,2,1.0,1,0.004824001926913478,0.01952251681236835,1,1,2.8460586524231544,0.6412213740458015,0.24427480916030533,1.0
Cora,client,7,507,4,M0,F,evaluation,3,1,18,1.0,1,3.587547377224267e-08,0.0022662230132861265,1,0,1.4314882370458606,0.0916030534351145,0.24427480916030533,0.0
Cora,client,7,515,4,M0,F,evaluation,4,1,6,1.0,1,6.577654192967262e-05,0.01952251681236835,1,1,2.440370820573038,0.45038167938931295,0.24427480916030533,1.0
Cora,client,7,540,4,M0,F,evaluation,5,1,5,1.0,1,8.046328811218143e-05,0.0986797620318588,1,0,1.2865755272510313,0.061068702290076333,0.24427480916030533,0.0
Cora,client,7,572,4,M0,F,evaluation,0,1,2,1.0,1,0.05251134051081381,0.27583863936296626,1,0,3.826034842965593,0.8396946564885496,0.24427480916030533,1.0
Cora,client,7,588,4,M0,F,evaluation,4,1,4,1.0,1,0.010087849125522068,0.01952251681236835,1,1,8.169904304505215,0.9770992366412213,0.24427480916030533,1.0
Cora,client,7,665,4,M0,F,evaluation,4,1,5,0.4,1,0.0017054643734446665,0.01952251681236835,1,1,44.422646459827895,1.0,0.24427480916030533,1.0
Cora,client,7,706,4,M0,F,evaluation,4,1,5,1.0,1,0.009971117323928472,0.01952251681236835,1,1,4.649364228479913,0.8931297709923665,0.24427480916030533,1.0
Cora,client,7,739,4,M0,F,evaluation,5,1,7,1.0,1,0.0001040948855350971,0.0986797620318588,1,0,1.7989427498959742,0.15267175572519084,0.24427480916030533,0.0
Cora,client,7,749,4,M0,F,evaluation,4,1,2,0.0,1,0.1135985659139902,0.01952251681236835,0,1,17.3637244784785,1.0,0.24427480916030533,1.0
Cora,client,7,750,4,M0,F,evaluation,5,1,1,1.0,1,0.16762615215957083,0.0986797620318588,0,0,2.1454209284697274,0.2824427480916031,0.24427480916030533,1.0
Cora,client,7,761,4,M0,F,evaluation,4,1,2,1.0,1,0.04445002839180924,0.01952251681236835,0,1,6.630160835007851,0.9770992366412213,0.24427480916030533,1.0
Cora,client,7,782,4,M0,F,evaluation,4,1,1,1.0,1,0.015262363832439126,0.01952251681236835,1,1,4.894910038373508,0.9083969465648855,0.24427480916030533,1.0
Cora,client,7,828,4,M0,F,evaluation,4,1,3,1.0,1,0.001937809399635461,0.01952251681236835,1,1,3.038210754212932,0.7251908396946565,0.24427480916030533,1.0
Cora,client,7,837,4,M0,F,evaluation,4,1,3,1.0,1,0.00033138821612183755,0.01952251681236835,1,1,5.615156131519565,0.9465648854961832,0.24427480916030533,1.0
Cora,client,7,849,4,M0,F,evaluation,4,1,4,0.75,1,0.012337414587403695,0.01952251681236835,1,1,7.484204470742934,0.9770992366412213,0.24427480916030533,1.0
Cora,client,7,884,4,M0,F,evaluation,4,1,2,1.0,1,0.007656992099047654,0.01952251681236835,1,1,8.210690809695462,0.9770992366412213,0.24427480916030533,1.0
Cora,client,7,892,4,M0,F,evaluation,3,1,2,1.0,1,0.0020565826029276964,0.0022662230132861265,1,0,1.3206727893097592,0.06870229007633588,0.24427480916030533,0.0
Cora,client,7,1010,4,M0,F,evaluation,4,1,2,1.0,1,0.10638114159965624,0.01952251681236835,0,1,4.5315663113176505,0.8931297709923665,0.24427480916030533,1.0
Cora,client,7,1015,4,M0,F,evaluation,4,1,9,1.0,1,0.00012793358904438144,0.01952251681236835,1,1,5.4960229624131385,0.9465648854961832,0.24427480916030533,1.0
Cora,client,7,1063,4,M0,F,evaluation,4,1,3,1.0,1,0.005924758579359021,0.01952251681236835,1,1,7.210515731831822,0.9770992366412213,0.24427480916030533,1.0
Cora,client,7,1071,4,M0,F,evaluation,4,1,4,1.0,1,0.0010714237833190075,0.01952251681236835,1,1,5.584443677367391,0.9465648854961832,0.24427480916030533,1.0
Cora,client,7,1081,4,M0,F,evaluation,4,1,2,1.0,1,0.0010035543319002194,0.01952251681236835,1,1,8.700117139643352,0.9770992366412213,0.24427480916030533,1.0
Cora,client,7,1099,4,M0,F,evaluation,3,1,3,1.0,1,0.00026404092028484936,0.0022662230132861265,1,0,1.189200675962356,0.061068702290076333,0.24427480916030533,0.0
Cora,client,7,1119,4,M0,F,evaluation,3,1,13,0.7692307692307693,1,0.010172668480845292,0.0022662230132861265,0,0,1.7405338159212678,0.15267175572519084,0.24427480916030533,0.0
Cora,client,7,1120,4,M0,F,evaluation,0,1,3,1.0,1,0.01471941014876066,0.27583863936296626,1,0,4.675667938330925,0.8931297709923665,0.24427480916030533,1.0
Cora,client,7,1128,4,M0,F,evaluation,5,1,3,1.0,1,0.006444696990308819,0.0986797620318588,1,0,2.834144716535409,0.6335877862595419,0.24427480916030533,1.0
Cora,client,7,1129,4,M0,F,evaluation,4,1,5,1.0,1,0.00047406883618792946,0.01952251681236835,1,1,6.888879059899265,0.9770992366412213,0.24427480916030533,1.0
Cora,client,7,1157,4,M0,F,evaluation,4,1,4,1.0,1,0.011391772306900673,0.01952251681236835,1,1,4.922213301465534,0.9083969465648855,0.24427480916030533,1.0
Cora,client,7,1159,4,M0,F,evaluation,3,1,3,1.0,1,0.0024637900374947464,0.0022662230132861265,0,0,1.6720197622623902,0.13740458015267176,0.24427480916030533,0.0
Cora,client,7,1206,4,M0,F,evaluation,4,1,2,1.0,1,0.009576050278451105,0.01952251681236835,1,1,5.520769281878748,0.9465648854961832,0.24427480916030533,1.0
Cora,client,7,1207,4,M0,F,evaluation,4,1,3,1.0,1,0.0027886785241127404,0.01952251681236835,1,1,3.6845253618337814,0.8396946564885496,0.24427480916030533,1.0
Cora,client,7,1235,4,M0,F,evaluation,4,1,4,0.0,0,2.3980825652257476,0.01952251681236835,0,1,1.4227297725728705,0.0916030534351145,0.24427480916030533,0.0
Cora,client,7,1369,4,M0,F,evaluation,4,1,3,1.0,1,0.0030988925249638456,0.01952251681236835,1,1,8.67676555478426,0.9770992366412213,0.24427480916030533,1.0
Cora,client,7,1379,4,M0,F,evaluation,4,1,2,1.0,1,0.005006585489473471,0.01952251681236835,1,1,8.28321027196826,0.9770992366412213,0.24427480916030533,1.0
Cora,client,7,1428,4,M0,F,evaluation,4,1,7,1.0,1,4.549413693298554e-05,0.01952251681236835,1,1,2.7040949857794474,0.5801526717557252,0.24427480916030533,1.0
Cora,client,7,1441,4,M0,F,evaluation,5,1,19,0.8421052631578947,1,4.532005087252326e-06,0.0986797620318588,1,0,1.7905415223852,0.15267175572519084,0.24427480916030533,0.0
Cora,client,7,1462,4,M0,F,evaluation,3,1,4,0.75,1,0.1159701174305275,0.0022662230132861265,0,0,2.03310417908179,0.1984732824427481,0.24427480916030533,0.0
Cora,client,7,1532,4,M0,F,evaluation,4,1,2,1.0,1,0.0004330666803455438,0.01952251681236835,1,1,3.660825659053065,0.8320610687022901,0.24427480916030533,1.0
Cora,client,7,1542,4,M0,F,evaluation,3,1,28,0.9285714285714286,1,3.480024220247594e-10,0.0022662230132861265,1,0,1.0686261308916973,0.05343511450381679,0.24427480916030533,0.0
Cora,client,7,1577,4,M0,F,evaluation,3,1,6,1.0,1,2.6066833519573994e-05,0.0022662230132861265,1,0,1.122953955741963,0.061068702290076333,0.24427480916030533,0.0
Cora,client,7,1585,4,M0,F,evaluation,4,1,3,1.0,1,0.001314356614336688,0.01952251681236835,1,1,8.34817698442841,0.9770992366412213,0.24427480916030533,1.0
Cora,client,7,1608,4,M0,F,evaluation,3,1,4,1.0,1,0.022036175550174744,0.0022662230132861265,0,0,1.9902040930875957,0.16793893129770993,0.24427480916030533,0.0
Cora,client,7,1639,4,M0,F,evaluation,4,1,3,1.0,1,0.0007220190064290045,0.01952251681236835,1,1,11.74870787205949,1.0,0.24427480916030533,1.0
Cora,client,7,1663,4,M0,F,evaluation,3,1,3,1.0,1,0.11022892949641583,0.0022662230132861265,0,0,1.8842203552868408,0.15267175572519084,0.24427480916030533,0.0
Cora,client,7,1697,4,M0,F,evaluation,3,1,3,0.6666666666666666,1,0.4416273251228068,0.0022662230132861265,0,0,1.1248985378584404,0.061068702290076333,0.24427480916030533,0.0
Cora,client,7,1793,4,M0,F,evaluation,4,1,1,1.0,1,0.0030000566586748023,0.01952251681236835,1,1,3.853964568750218,0.8473282442748091,0.24427480916030533,1.0
Cora,client,7,1794,4,M0,F,evaluation,4,1,4,1.0,1,0.000320596971880672,0.01952251681236835,1,1,3.2358314915892956,0.7786259541984732,0.24427480916030533,1.0
Cora,client,7,1795,4,M0,F,evaluation,4,1,6,1.0,1,2.0976337766487696e-05,0.01952251681236835,1,1,3.2933064981242697,0.7938931297709924,0.24427480916030533,1.0
Cora,client,7,1815,4,M0,F,evaluation,3,1,2,1.0,1,0.0010510741369297164,0.0022662230132861265,1,0,1.250684146458363,0.061068702290076333,0.24427480916030533,0.0
Cora,client,7,1931,4,M0,F,evaluation,3,1,3,1.0,1,0.0011448213260994555,0.0022662230132861265,1,0,2.3742482605468727,0.4122137404580153,0.24427480916030533,1.0
Cora,client,7,1932,4,M0,F,evaluation,3,1,3,1.0,1,0.0003143130682781267,0.0022662230132861265,1,0,3.02069168741156,0.7099236641221374,0.24427480916030533,1.0
Cora,client,7,1933,4,M0,F,evaluation,3,1,4,1.0,1,7.015860656880612e-05,0.0022662230132861265,1,0,1.8741552383152937,0.15267175572519084,0.24427480916030533,0.0
Cora,client,7,1954,4,M0,F,evaluation,5,1,8,0.75,1,0.00013354905510765578,0.0986797620318588,1,0,2.0783340026177703,0.24427480916030533,0.24427480916030533,0.0
Cora,client,7,1965,4,M0,F,evaluation,4,1,2,1.0,1,0.024667876941872054,0.01952251681236835,0,1,4.16567058175546,0.8702290076335878,0.24427480916030533,1.0
Cora,client,7,2025,4,M0,F,evaluation,0,1,6,0.8333333333333334,1,0.004224558957111169,0.27583863936296626,1,0,5.340718750425558,0.9389312977099237,0.24427480916030533,1.0
Cora,client,7,2121,4,M0,F,evaluation,4,1,3,1.0,1,0.02719335726636672,0.01952251681236835,0,1,7.941310960088416,0.9770992366412213,0.24427480916030533,1.0
Cora,client,7,2125,4,M0,F,evaluation,3,1,5,0.8,1,0.0404351074431815,0.0022662230132861265,0,0,2.3129200698572863,0.3969465648854962,0.24427480916030533,1.0
Cora,client,7,2128,4,M0,F,evaluation,3,1,2,1.0,1,0.10499220914946975,0.0022662230132861265,0,0,2.479773608073886,0.4580152671755725,0.24427480916030533,1.0
Cora,client,7,2171,4,M0,F,evaluation,0,1,1,0.0,1,0.0011464125882318162,0.27583863936296626,1,0,2.3213894806021567,0.3969465648854962,0.24427480916030533,1.0
Cora,client,7,2239,4,M0,F,evaluation,4,1,1,1.0,1,0.031058103847087376,0.01952251681236835,0,1,7.890435152358343,0.9770992366412213,0.24427480916030533,1.0
Cora,client,7,2262,4,M0,F,evaluation,4,1,2,1.0,1,0.0058733939039415034,0.01952251681236835,1,1,5.379647884888104,0.9389312977099237,0.24427480916030533,1.0
Cora,client,7,2275,4,M0,F,evaluation,5,1,3,1.0,1,0.006444696990308819,0.0986797620318588,1,0,2.834144716535409,0.6335877862595419,0.24427480916030533,1.0
Cora,client,7,2289,4,M0,F,evaluation,4,1,4,1.0,1,0.0014887327548348426,0.01952251681236835,1,1,2.310742672098591,0.3969465648854962,0.24427480916030533,1.0
Cora,client,7,2298,4,M0,F,evaluation,4,1,1,1.0,1,0.024010309633483412,0.01952251681236835,0,1,8.494713542743602,0.9770992366412213,0.24427480916030533,1.0
Cora,client,7,2352,4,M0,F,evaluation,4,1,3,1.0,1,0.0009309554980130091,0.01952251681236835,1,1,6.728410260382663,0.9770992366412213,0.24427480916030533,1.0
Cora,client,7,2356,4,M0,F,evaluation,0,1,4,0.0,1,0.10601373226212765,0.27583863936296626,1,0,2.097070523477289,0.25190839694656486,0.24427480916030533,1.0
Cora,client,7,2362,4,M0,F,evaluation,4,1,1,1.0,1,0.0014735506454818057,0.01952251681236835,1,1,5.273455386326903,0.9389312977099237,0.24427480916030533,1.0
Cora,client,7,2376,4,M0,F,evaluation,4,1,7,1.0,1,0.00019192291307594856,0.01952251681236835,1,1,3.8418309665180783,0.8473282442748091,0.24427480916030533,1.0
Cora,client,7,2464,4,M0,F,evaluation,4,1,12,1.0,1,1.9409221465712416e-06,0.01952251681236835,1,1,2.2331387000368044,0.3435114503816794,0.24427480916030533,1.0
Cora,client,7,2473,4,M0,F,evaluation,4,1,2,1.0,1,0.0005142173994539234,0.01952251681236835,1,1,3.872493787098514,0.8473282442748091,0.24427480916030533,1.0
Cora,client,7,2474,4,M0,F,evaluation,4,1,2,1.0,1,0.000822398592063098,0.01952251681236835,1,1,4.561275258178059,0.8931297709923665,0.24427480916030533,1.0
Cora,client,7,2481,4,M0,F,evaluation,5,1,2,1.0,1,0.016839578012406875,0.0986797620318588,1,0,3.692328089093159,0.8396946564885496,0.24427480916030533,1.0
Cora,client,7,2500,4,M0,F,evaluation,3,1,3,1.0,1,0.005513154746599944,0.0022662230132861265,0,0,1.2610598437402945,0.061068702290076333,0.24427480916030533,0.0
Cora,client,7,2535,4,M0,F,evaluation,3,1,2,1.0,1,0.001252465997528436,0.0022662230132861265,1,0,1.3629836671135198,0.07633587786259542,0.24427480916030533,0.0
Cora,client,7,2538,4,M0,F,evaluation,4,1,5,1.0,1,0.0002357919446005703,0.01952251681236835,1,1,5.060578507816814,0.9236641221374046,0.24427480916030533,1.0
Cora,client,7,2594,4,M0,F,evaluation,4,1,1,1.0,1,0.005613797745478913,0.01952251681236835,1,1,5.542126572801986,0.9465648854961832,0.24427480916030533,1.0
Cora,client,7,2637,4,M0,F,evaluation,4,1,1,1.0,1,0.026015209422830272,0.01952251681236835,0,1,30.742432243424155,1.0,0.24427480916030533,1.0
Cora,client,7,2677,4,M0,F,evaluation,4,1,2,1.0,1,0.0030638991620246642,0.01952251681236835,1,1,10.02252968673308,1.0,0.24427480916030533,1.0
Cora,client,7,2684,4,M0,F,evaluation,4,1,2,1.0,1,0.05138938993709022,0.01952251681236835,0,1,5.492330793341685,0.9465648854961832,0.24427480916030533,1.0
Cora,client,7,29,4,M0,H,evaluation,4,0,2,1.0,1,0.17282323945540481,0.01952251681236835,0,1,2.804301587615584,0.6335877862595419,0.24427480916030533,1.0
Cora,client,7,30,4,M0,H,evaluation,3,0,5,0.6,1,0.04209017344976216,0.0022662230132861265,0,0,0.9530236995843113,0.05343511450381679,0.24427480916030533,0.0
Cora,client,7,33,4,M0,H,evaluation,4,0,8,1.0,1,0.0009612286915403205,0.01952251681236835,1,1,13.523568958039082,1.0,0.24427480916030533,1.0
Cora,client,7,39,4,M0,H,evaluation,4,0,7,1.0,1,0.00018005435449372536,0.01952251681236835,1,1,4.325934404493654,0.8778625954198473,0.24427480916030533,1.0
Cora,client,7,67,4,M0,H,evaluation,5,0,3,1.0,1,0.0020107024054185976,0.0986797620318588,1,0,1.3859861756991456,0.08396946564885496,0.24427480916030533,0.0
Cora,client,7,82,4,M0,H,evaluation,4,0,2,1.0,1,0.023802997330450704,0.01952251681236835,0,1,5.32684192883692,0.9389312977099237,0.24427480916030533,1.0
Cora,client,7,149,4,M0,H,evaluation,0,0,3,0.6666666666666666,1,0.17081160405684465,0.27583863936296626,1,0,4.269340307147901,0.8702290076335878,0.24427480916030533,1.0
Cora,client,7,151,4,M0,H,evaluation,4,0,3,1.0,1,0.02093261895550716,0.01952251681236835,0,1,8.16295150408171,0.9770992366412213,0.24427480916030533,1.0
Cora,client,7,166,4,M0,H,evaluation,4,0,2,1.0,1,0.48936122917264835,0.01952251681236835,0,1,8.159437071978632,0.9770992366412213,0.24427480916030533,1.0
Cora,client,7,185,4,M0,H,evaluation,3,0,2,1.0,1,0.004999086900768513,0.0022662230132861265,0,0,1.2880620788170356,0.061068702290076333,0.24427480916030533,0.0
Cora,client,7,198,4,M0,H,evaluation,4,0,1,1.0,1,0.0006828239453624794,0.01952251681236835,1,1,4.679068590715424,0.8931297709923665,0.24427480916030533,1.0
Cora,client,7,209,4,M0,H,evaluation,4,0,1,1.0,1,0.5805087355810525,0.01952251681236835,0,1,8.844945767683342,0.9770992366412213,0.24427480916030533,1.0
Cora,client,7,245,4,M0,H,evaluation,4,0,2,1.0,1,0.0067371397018635825,0.01952251681236835,1,1,4.0170941653326295,0.8625954198473282,0.24427480916030533,1.0
Cora,client,7,265,4,M0,H,evaluation,5,0,1,1.0,1,0.15460475715341238,0.0986797620318588,0,0,1.5103091010003977,0.11450381679389313,0.24427480916030533,0.0
Cora,client,7,271,4,M0,H,evaluation,4,0,5,1.0,1,0.038005767970510314,0.01952251681236835,0,1,4.709711358853981,0.8931297709923665,0.24427480916030533,1.0
Cora,client,7,275,4,M0,H,evaluation,4,0,2,1.0,1,0.1802774303060572,0.01952251681236835,0,1,2.68063271182816,0.549618320610687,0.24427480916030533,1.0
Cora,client,7,285,4,M0,H,evaluation,3,0,1,0.0,0,2.988949567921236,0.0022662230132861265,0,0,0.31555843719989257,0.015267175572519083,0.24427480916030533,0.0
Cora,client,7,286,4,M0,H,evaluation,4,0,3,1.0,1,0.018473431413123863,0.01952251681236835,1,1,11.03824616586695,1.0,0.24427480916030533,1.0
Cora,client,7,299,4,M0,H,evaluation,4,0,5,1.0,1,0.05163890307783887,0.01952251681236835,0,1,3.724000052037065,0.8396946564885496,0.24427480916030533,1.0
Cora,client,7,305,4,M0,H,evaluation,0,0,2,1.0,1,0.05940898551331671,0.27583863936296626,1,0,3.19293985356235,0.7786259541984732,0.24427480916030533,1.0
Cora,client,7,330,4,M0,H,evaluation,4,0,2,1.0,1,0.017108270354357268,0.01952251681236835,1,1,8.044137344338257,0.9770992366412213,0.24427480916030533,1.0
Cora,client,7,336,4,M0,H,evaluation,3,0,2,1.0,1,0.00211709834682919,0.0022662230132861265,1,0,1.2335571909147904,0.061068702290076333,0.24427480916030533,0.0
Cora,client,7,362,4,M0,H,evaluation,4,0,1,1.0,1,0.20661535660461788,0.01952251681236835,0,1,4.674706456413358,0.8931297709923665,0.24427480916030533,1.0
Cora,client,7,368,4,M0,H,evaluation,4,0,7,1.0,1,0.00020166272622290033,0.01952251681236835,1,1,5.561620224073542,0.9465648854961832,0.24427480916030533,1.0
Cora,client,7,381,4,M0,H,evaluation,4,0,3,1.0,1,0.0002887299240901714,0.01952251681236835,1,1,5.052014970788081,0.9236641221374046,0.24427480916030533,1.0
Cora,client,7,393,4,M0,H,evaluation,5,0,1,1.0,1,0.1712948110103384,0.0986797620318588,0,0,2.4207777059979216,0.44274809160305345,0.24427480916030533,1.0
Cora,client,7,397,4,M0,H,evaluation,3,0,2,0.5,0,5.09303642034193,0.0022662230132861265,0,0,0.07476360704837665,0.007633587786259542,0.24427480916030533,0.0
Cora,client,7,405,4,M0,H,evaluation,0,0,4,1.0,1,0.034236357173532794,0.27583863936296626,1,0,3.1250897051928543,0.7633587786259542,0.24427480916030533,1.0
Cora,client,7,432,4,M0,H,evaluation,3,0,2,1.0,1,0.9440298914740585,0.0022662230132861265,0,0,0.7950308161910813,0.03816793893129771,0.24427480916030533,0.0
Cora,client,7,443,4,M0,H,evaluation,4,0,4,1.0,1,0.19398348248347527,0.01952251681236835,0,1,5.364585410269703,0.9389312977099237,0.24427480916030533,1.0
Cora,client,7,473,4,M0,H,evaluation,3,0,4,0.25,0,5.086090248118228,0.0022662230132861265,0,0,0.09516081109225848,0.007633587786259542,0.24427480916030533,0.0
Cora,client,7,492,4,M0,H,evaluation,4,0,7,1.0,1,0.00021660469265281395,0.01952251681236835,1,1,5.293574556156514,0.9389312977099237,0.24427480916030533,1.0
Cora,client,7,543,4,M0,H,evaluation,0,0,1,0.0,0,3.7701290099331644,0.27583863936296626,0,0,0.19959448277941863,0.015267175572519083,0.24427480916030533,0.0
Cora,client,7,546,4,M0,H,evaluation,3,0,2,0.5,1,0.06886157994034642,0.0022662230132861265,0,0,2.2383772362883407,0.3511450381679389,0.24427480916030533,1.0
Cora,client,7,574,4,M0,H,evaluation,3,0,2,0.5,0,6.746481473373094,0.0022662230132861265,0,0,0.03815847058228449,0.007633587786259542,0.24427480916030533,0.0
Cora,client,7,577,4,M0,H,evaluation,4,0,11,0.9090909090909092,1,3.891621484523507e-05,0.01952251681236835,1,1,7.012856583061055,0.9770992366412213,0.24427480916030533,1.0
Cora,client,7,594,4,M0,H,evaluation,6,0,2,0.5,0,1.4797529572328099,0.05265556579236158,0,0,1.3036371845929928,0.061068702290076333,0.24427480916030533,0.0
Cora,client,7,627,4,M0,H,evaluation,4,0,4,1.0,1,0.002614476880829611,0.01952251681236835,1,1,8.942400389363634,0.9847328244274809,0.24427480916030533,1.0
Cora,client,7,663,4,M0,H,evaluation,6,0,2,0.5,0,1.4797529572328099,0.05265556579236158,0,0,1.3036371845929928,0.061068702290076333,0.24427480916030533,0.0
Cora,client,7,676,4,M0,H,evaluation,5,0,3,1.0,1,0.0002349095913803131,0.0986797620318588,1,0,1.4952816747705255,0.11450381679389313,0.24427480916030533,0.0
Cora,client,7,697,4,M0,H,evaluation,3,0,2,1.0,1,0.011847831720109867,0.0022662230132861265,0,0,1.104309440207873,0.061068702290076333,0.24427480916030533,0.0
Cora,client,7,714,4,M0,H,evaluation,4,0,2,1.0,1,0.0017545651759859806,0.01952251681236835,1,1,5.770063146837287,0.9465648854961832,0.24427480916030533,1.0
Cora,client,7,726,4,M0,H,evaluation,4,0,3,1.0,1,0.0016539735114000636,0.01952251681236835,1,1,5.513900209311923,0.9465648854961832,0.24427480916030533,1.0
Cora,client,7,738,4,M0,H,evaluation,0,0,5,0.4,1,0.6114892488113651,0.27583863936296626,0,0,5.246928387052949,0.9312977099236641,0.24427480916030533,1.0
Cora,client,7,747,4,M0,H,evaluation,5,0,3,1.0,1,0.011355070904248869,0.0986797620318588,1,0,1.4485690070601818,0.09923664122137404,0.24427480916030533,0.0
Cora,client,7,769,4,M0,H,evaluation,0,0,1,1.0,1,0.06621210907142844,0.27583863936296626,1,0,3.4599273267875654,0.816793893129771,0.24427480916030533,1.0
Cora,client,7,789,4,M0,H,evaluation,4,0,2,1.0,1,0.010600340501951234,0.01952251681236835,1,1,4.74537095049538,0.8931297709923665,0.24427480916030533,1.0
Cora,client,7,798,4,M0,H,evaluation,4,0,4,1.0,1,0.000147908801984569,0.01952251681236835,1,1,3.091531792864321,0.7480916030534351,0.24427480916030533,1.0
Cora,client,7,807,4,M0,H,evaluation,5,0,4,1.0,1,9.730666084751662e-05,0.0986797620318588,1,0,1.2987199151763966,0.061068702290076333,0.24427480916030533,0.0
Cora,client,7,808,4,M0,H,evaluation,4,0,3,1.0,1,0.04601872125535224,0.01952251681236835,0,1,3.0592189202962436,0.732824427480916,0.24427480916030533,1.0
Cora,client,7,810,4,M0,H,evaluation,4,0,1,1.0,1,0.06612499324854626,0.01952251681236835,0,1,4.2556492558453725,0.8702290076335878,0.24427480916030533,1.0
Cora,client,7,814,4,M0,H,evaluation,4,0,3,1.0,1,0.12005730414388323,0.01952251681236835,0,1,3.3979429777121,0.8015267175572519,0.24427480916030533,1.0
Cora,client,7,840,4,M0,H,evaluation,5,0,1,1.0,1,0.015070545142833717,0.0986797620318588,1,0,3.7724714565406066,0.8396946564885496,0.24427480916030533,1.0
Cora,client,7,866,4,M0,H,evaluation,3,0,2,1.0,1,0.00022800793615834977,0.0022662230132861265,1,0,1.198170511762644,0.061068702290076333,0.24427480916030533,0.0
Cora,client,7,893,4,M0,H,evaluation,4,0,6,1.0,1,0.007881524942448665,0.01952251681236835,1,1,4.859749970741706,0.9083969465648855,0.24427480916030533,1.0
Cora,client,7,899,4,M0,H,evaluation,3,0,3,1.0,1,0.00031558497685048824,0.0022662230132861265,1,0,1.2361393544238133,0.061068702290076333,0.24427480916030533,0.0
Cora,client,7,914,4,M0,H,evaluation,3,0,2,1.0,1,0.019677981595016346,0.0022662230132861265,0,0,1.1630974944771646,0.061068702290076333,0.24427480916030533,0.0
Cora,client,7,922,4,M0,H,evaluation,4,0,1,1.0,1,0.003560245010823704,0.01952251681236835,1,1,2.8146559224267302,0.6335877862595419,0.24427480916030533,1.0
Cora,client,7,934,4,M0,H,evaluation,4,0,2,0.0,0,0.8469023530758693,0.01952251681236835,0,1,2.6196758062874497,0.5038167938931297,0.24427480916030533,1.0
Cora,client,7,942,4,M0,H,evaluation,3,0,1,1.0,1,0.9591058726667323,0.0022662230132861265,0,0,0.6206792369467474,0.030534351145038167,0.24427480916030533,0.0
Cora,client,7,956,4,M0,H,evaluation,4,0,2,1.0,1,0.0034615000668658047,0.01952251681236835,1,1,9.807438182310742,1.0,0.24427480916030533,1.0
Cora,client,7,990,4,M0,H,evaluation,3,0,3,1.0,1,0.001793319799695368,0.0022662230132861265,1,0,1.2942710996066105,0.061068702290076333,0.24427480916030533,0.0
Cora,client,7,1046,4,M0,H,evaluation,4,0,5,1.0,1,0.0008251154813031186,0.01952251681236835,1,1,3.717820498150055,0.8396946564885496,0.24427480916030533,1.0
Cora,client,7,1049,4,M0,H,evaluation,3,0,3,1.0,1,7.420971655269609e-05,0.0022662230132861265,1,0,1.1132171599030944,0.061068702290076333,0.24427480916030533,0.0
Cora,client,7,1055,4,M0,H,evaluation,3,0,2,1.0,1,0.0027629845872709745,0.0022662230132861265,0,0,1.3189524674957296,0.06870229007633588,0.24427480916030533,0.0
Cora,client,7,1061,4,M0,H,evaluation,4,0,2,1.0,1,0.022815399467204154,0.01952251681236835,0,1,5.192886429036275,0.9312977099236641,0.24427480916030533,1.0
Cora,client,7,1064,4,M0,H,evaluation,4,0,3,1.0,1,0.0013482287965941148,0.01952251681236835,1,1,5.545664192360575,0.9465648854961832,0.24427480916030533,1.0
Cora,client,7,1068,4,M0,H,evaluation,4,0,3,1.0,1,0.005102714074653594,0.01952251681236835,1,1,3.7811834060747773,0.8396946564885496,0.24427480916030533,1.0
Cora,client,7,1087,4,M0,H,evaluation,4,0,2,1.0,1,0.03769591393590582,0.01952251681236835,0,1,6.550607204430485,0.9770992366412213,0.24427480916030533,1.0
Cora,client,7,1092,4,M0,H,evaluation,3,0,2,1.0,1,0.002925693924865573,0.0022662230132861265,0,0,1.0774132769295572,0.061068702290076333,0.24427480916030533,0.0
Cora,client,7,1094,4,M0,H,evaluation,4,0,6,1.0,1,0.0005274631094359378,0.01952251681236835,1,1,7.732038776692929,0.9770992366412213,0.24427480916030533,1.0
Cora,client,7,1098,4,M0,H,evaluation,3,0,4,1.0,1,0.0005358344217902778,0.0022662230132861265,1,0,1.4364629216106524,0.0916030534351145,0.24427480916030533,0.0
Cora,client,7,1102,4,M0,H,evaluation,4,0,5,1.0,1,0.00026240027170302844,0.01952251681236835,1,1,3.1125915685533654,0.7557251908396947,0.24427480916030533,1.0
Cora,client,7,1106,4,M0,H,evaluation,3,0,3,1.0,1,0.0008978081199021419,0.0022662230132861265,1,0,1.0760713982406103,0.061068702290076333,0.24427480916030533,0.0
Cora,client,7,1109,4,M0,H,evaluation,4,0,4,1.0,1,0.03715485127123288,0.01952251681236835,0,1,5.873428303998712,0.9465648854961832,0.24427480916030533,1.0
Cora,client,7,1110,4,M0,H,evaluation,0,0,2,1.0,1,0.05758052949227284,0.27583863936296626,1,0,5.419191891529212,0.9389312977099237,0.24427480916030533,1.0
Cora,client,7,1138,4,M0,H,evaluation,4,0,3,1.0,1,0.0006762948412202942,0.01952251681236835,1,1,7.247961662024858,0.9770992366412213,0.24427480916030533,1.0
Cora,client,7,1141,4,M0,H,evaluation,4,0,2,1.0,1,0.0505347716196871,0.01952251681236835,0,1,2.8612430375039803,0.6412213740458015,0.24427480916030533,1.0
Cora,client,7,1143,4,M0,H,evaluation,4,0,5,1.0,1,0.0003899754946832244,0.01952251681236835,1,1,5.109830086365228,0.9236641221374046,0.24427480916030533,1.0
Cora,client,7,1153,4,M0,H,evaluation,4,0,2,1.0,1,0.017407544763597054,0.01952251681236835,1,1,7.034750934909885,0.9770992366412213,0.24427480916030533,1.0
Cora,client,7,1176,4,M0,H,evaluation,3,0,5,1.0,1,4.758194669380625e-05,0.0022662230132861265,1,0,1.573501013356164,0.1297709923664122,0.24427480916030533,0.0
Cora,client,7,1226,4,M0,H,evaluation,5,0,4,1.0,1,0.00017463657805053115,0.0986797620318588,1,0,1.3348981978078027,0.07633587786259542,0.24427480916030533,0.0
Cora,client,7,1230,4,M0,H,evaluation,4,0,2,1.0,1,0.11767189253285154,0.01952251681236835,0,1,11.080256591737816,1.0,0.24427480916030533,1.0
Cora,client,7,1234,4,M0,H,evaluation,4,0,4,1.0,1,0.011672465173080057,0.01952251681236835,1,1,4.231923398664922,0.8702290076335878,0.24427480916030533,1.0
Cora,client,7,1240,4,M0,H,evaluation,4,0,6,1.0,1,0.0009663188387310479,0.01952251681236835,1,1,5.9732106331931645,0.9541984732824428,0.24427480916030533,1.0
Cora,client,7,1241,4,M0,H,evaluation,3,0,2,1.0,1,0.006962291556565544,0.0022662230132861265,0,0,1.3793507857522647,0.07633587786259542,0.24427480916030533,0.0
Cora,client,7,1257,4,M0,H,evaluation,4,0,16,1.0,1,2.811421133158135e-07,0.01952251681236835,1,1,4.376608057055484,0.8854961832061069,0.24427480916030533,1.0
Cora,client,7,1260,4,M0,H,evaluation,4,0,2,1.0,1,0.00033710175218941635,0.01952251681236835,1,1,24.161508837081357,1.0,0.24427480916030533,1.0
Cora,client,7,1272,4,M0,H,evaluation,3,0,4,1.0,1,0.00013303565248529734,0.0022662230132861265,1,0,1.1056224114014896,0.061068702290076333,0.24427480916030533,0.0
Cora,client,7,1320,4,M0,H,evaluation,4,0,4,1.0,1,0.006715389001708384,0.01952251681236835,1,1,7.910813665942491,0.9770992366412213,0.24427480916030533,1.0
Cora,client,7,1321,4,M0,H,evaluation,3,0,1,1.0,1,0.04441113327234156,0.0022662230132861265,0,0,1.0957538714938555,0.061068702290076333,0.24427480916030533,0.0
Cora,client,7,1333,4,M0,H,evaluation,6,0,3,0.0,0,2.921619252864749,0.05265556579236158,0,0,0.5369602213568158,0.015267175572519083,0.24427480916030533,0.0
Cora,client,7,1340,4,M0,H,evaluation,3,0,4,0.75,1,0.006816090451640056,0.0022662230132861265,0,0,2.0136391112318024,0.183206106870229,0.24427480916030533,0.0
Cora,client,7,1349,4,M0,H,evaluation,4,0,4,1.0,1,0.0039032454320929912,0.01952251681236835,1,1,5.445692222656867,0.9389312977099237,0.24427480916030533,1.0
Cora,client,7,1350,4,M0,H,evaluation,4,0,1,1.0,1,0.2311229155248946,0.01952251681236835,0,1,4.713065967051486,0.8931297709923665,0.24427480916030533,1.0
Cora,client,7,1355,4,M0,H,evaluation,3,0,1,1.0,1,0.5449141316805892,0.0022662230132861265,0,0,0.6884380573736358,0.030534351145038167,0.24427480916030533,0.0
Cora,client,7,1366,4,M0,H,evaluation,4,0,3,1.0,1,0.0022939212982208816,0.01952251681236835,1,1,6.745767773800418,0.9770992366412213,0.24427480916030533,1.0
Cora,client,7,1380,4,M0,H,evaluation,4,0,3,1.0,1,0.0020131327600189587,0.01952251681236835,1,1,9.259740809676233,1.0,0.24427480916030533,1.0
Cora,client,7,1406,4,M0,H,evaluation,4,0,2,1.0,1,0.0030746119316597893,0.01952251681236835,1,1,2.8746797286202606,0.648854961832061,0.24427480916030533,1.0
Cora,client,7,1416,4,M0,H,evaluation,0,0,11,0.8181818181818182,1,0.003653198098325665,0.27583863936296626,1,0,3.8445969094650976,0.8473282442748091,0.24427480916030533,1.0
Cora,client,7,1422,4,M0,H,evaluation,4,0,1,1.0,1,0.005420643484962501,0.01952251681236835,1,1,5.116999738015297,0.9236641221374046,0.24427480916030533,1.0
Cora,client,7,1429,4,M0,H,evaluation,4,0,3,1.0,1,0.014132127386423823,0.01952251681236835,1,1,2.831985002386846,0.6335877862595419,0.24427480916030533,1.0
Cora,client,7,1437,4,M0,H,evaluation,4,0,1,1.0,0,0.8774969861384865,0.01952251681236835,0,1,5.64436736627995,0.9465648854961832,0.24427480916030533,1.0
Cora,client,7,1442,4,M0,H,evaluation,3,0,2,1.0,1,0.6506373383113987,0.0022662230132861265,0,0,0.8445523611944833,0.04580152671755725,0.24427480916030533,0.0
Cora,client,7,1443,4,M0,H,evaluation,4,0,8,1.0,1,0.001433312729416806,0.01952251681236835,1,1,6.364262023872559,0.9694656488549618,0.24427480916030533,1.0
Cora,client,7,1447,4,M0,H,evaluation,3,0,1,1.0,1,0.0006521294870688529,0.0022662230132861265,1,0,1.2395622435990628,0.061068702290076333,0.24427480916030533,0.0
Cora,client,7,1449,4,M0,H,evaluation,4,0,1,1.0,1,0.5095548353689039,0.01952251681236835,0,1,14.295368171757692,1.0,0.24427480916030533,1.0
Cora,client,7,1461,4,M0,H,evaluation,4,0,2,1.0,1,0.011879243135312398,0.01952251681236835,1,1,5.2598431711634435,0.9389312977099237,0.24427480916030533,1.0
Cora,client,7,1468,4,M0,H,evaluation,0,0,3,1.0,1,0.12446167415840455,0.27583863936296626,1,0,2.6774709216070267,0.549618320610687,0.24427480916030533,1.0
Cora,client,7,1477,4,M0,H,evaluation,3,0,4,1.0,1,0.00047771593919628506,0.0022662230132861265,1,0,1.4573935511334162,0.09923664122137404,0.24427480916030533,0.0
Cora,client,7,1484,4,M0,H,evaluation,4,0,4,1.0,1,0.09946158842191526,0.01952251681236835,0,1,3.336584715399039,0.8015267175572519,0.24427480916030533,1.0
Cora,client,7,1510,4,M0,H,evaluation,4,0,4,1.0,1,0.002703035406963327,0.01952251681236835,1,1,3.1648122743154934,0.7709923664122137,0.24427480916030533,1.0
Cora,client,7,1518,4,M0,H,evaluation,4,0,3,1.0,1,0.00422047954230018,0.01952251681236835,1,1,8.037813815288155,0.9770992366412213,0.24427480916030533,1.0
Cora,client,7,1519,4,M0,H,evaluation,4,0,6,0.5,1,0.8362308462052153,0.01952251681236835,0,1,4.571741452269256,0.8931297709923665,0.24427480916030533,1.0
Cora,client,7,1543,4,M0,H,evaluation,5,0,3,1.0,1,0.00121404631002856,0.0986797620318588,1,0,1.7834094375065814,0.15267175572519084,0.24427480916030533,0.0
Cora,client,7,1559,4,M0,H,evaluation,4,0,2,1.0,1,0.0007212466761635564,0.01952251681236835,1,1,28.768835636612113,1.0,0.24427480916030533,1.0
Cora,client,7,1575,4,M0,H,evaluation,3,0,1,1.0,0,1.4038736023921348,0.0022662230132861265,0,0,0.7286061433623794,0.030534351145038167,0.24427480916030533,0.0
Cora,client,7,1581,4,M0,H,evaluation,3,0,2,1.0,1,0.004737445876977888,0.0022662230132861265,0,0,1.3754970452301993,0.07633587786259542,0.24427480916030533,0.0
Cora,client,7,1597,4,M0,H,evaluation,3,0,2,0.5,0,1.333942782682721,0.0022662230132861265,0,0,0.5860174467590044,0.030534351145038167,0.24427480916030533,0.0
Cora,client,7,1607,4,M0,H,evaluation,3,0,3,1.0,1,0.00031413782243340814,0.0022662230132861265,1,0,1.3304363370255003,0.07633587786259542,0.24427480916030533,0.0
Cora,client,7,1611,4,M0,H,evaluation,3,0,2,1.0,1,0.31517805363517515,0.0022662230132861265,0,0,2.188638462280577,0.29770992366412213,0.24427480916030533,1.0
Cora,client,7,1618,4,M0,H,evaluation,4,0,3,1.0,1,0.0024771837399009135,0.01952251681236835,1,1,4.28820599717525,0.8702290076335878,0.24427480916030533,1.0
Cora,client,7,1634,4,M0,H,evaluation,4,0,6,1.0,1,0.000466231379542619,0.01952251681236835,1,1,5.122909283158916,0.9236641221374046,0.24427480916030533,1.0
Cora,client,7,1643,4,M0,H,evaluation,4,0,1,1.0,1,0.0002590516918660479,0.01952251681236835,1,1,5.115104404499979,0.9236641221374046,0.24427480916030533,1.0
Cora,client,7,1686,4,M0,H,evaluation,4,0,1,1.0,1,0.1218305364252473,0.01952251681236835,0,1,5.910537576892216,0.9465648854961832,0.24427480916030533,1.0
Cora,client,7,1796,4,M0,H,evaluation,4,0,3,1.0,1,0.00043964233053161484,0.01952251681236835,1,1,4.638222283582063,0.8931297709923665,0.24427480916030533,1.0
Cora,client,7,1874,4,M0,H,evaluation,3,0,5,1.0,1,0.0003587550784373206,0.0022662230132861265,1,0,1.1050890683061971,0.061068702290076333,0.24427480916030533,0.0
Cora,client,7,1883,4,M0,H,evaluation,5,0,1,1.0,1,0.09801492846217519,0.0986797620318588,1,0,1.653220766941562,0.1297709923664122,0.24427480916030533,0.0
Cora,client,7,1927,4,M0,H,evaluation,0,0,10,0.8,1,0.00776739039269146,0.27583863936296626,1,0,3.1185208658248142,0.7557251908396947,0.24427480916030533,1.0
Cora,client,7,1928,4,M0,H,evaluation,3,0,3,0.6666666666666666,1,0.0009331451669834178,0.0022662230132861265,1,0,1.189771882745315,0.061068702290076333,0.24427480916030533,0.0
Cora,client,7,1936,4,M0,H,evaluation,3,0,5,1.0,1,3.4268672424966536e-05,0.0022662230132861265,1,0,2.3063318242768305,0.3969465648854962,0.24427480916030533,1.0
Cora,client,7,1945,4,M0,H,evaluation,3,0,6,1.0,1,1.358843620755804e-05,0.0022662230132861265,1,0,1.0480695803848814,0.05343511450381679,0.24427480916030533,0.0
Cora,client,7,1946,4,M0,H,evaluation,3,0,4,1.0,1,0.0001010796826186817,0.0022662230132861265,1,0,1.087394945448627,0.061068702290076333,0.24427480916030533,0.0
Cora,client,7,1949,4,M0,H,evaluation,3,0,2,1.0,1,0.003373133635061927,0.0022662230132861265,0,0,1.340657760426014,0.07633587786259542,0.24427480916030533,0.0
Cora,client,7,1950,4,M0,H,evaluation,3,0,15,1.0,1,1.7669850375977402e-08,0.0022662230132861265,1,0,1.012942754448312,0.05343511450381679,0.24427480916030533,0.0
Cora,client,7,1955,4,M0,H,evaluation,5,0,8,1.0,1,1.8041218286457633e-06,0.0986797620318588,1,0,1.3460264445506966,0.07633587786259542,0.24427480916030533,0.0
Cora,client,7,1958,4,M0,H,evaluation,5,0,7,1.0,1,0.00024774121947793837,0.0986797620318588,1,0,1.7410048360166144,0.15267175572519084,0.24427480916030533,0.0
Cora,client,7,1964,4,M0,H,evaluation,4,0,5,1.0,1,0.09863458854925047,0.01952251681236835,0,1,3.9428624484639268,0.8473282442748091,0.24427480916030533,1.0
Cora,client,7,1969,4,M0,H,evaluation,4,0,3,1.0,1,0.024973685278308413,0.01952251681236835,0,1,7.172476419627884,0.9770992366412213,0.24427480916030533,1.0
Cora,client,7,1970,4,M0,H,evaluation,4,0,3,1.0,1,0.05584316453077744,0.01952251681236835,0,1,3.8182127535223245,0.8396946564885496,0.24427480916030533,1.0
Cora,client,7,1971,4,M0,H,evaluation,4,0,3,1.0,1,0.06204354804004422,0.01952251681236835,0,1,3.9349493114116356,0.8473282442748091,0.24427480916030533,1.0
Cora,client,7,1976,4,M0,H,evaluation,6,0,2,0.0,0,2.0680114097913105,0.05265556579236158,0,0,1.5253556615250217,0.11450381679389313,0.24427480916030533,0.0
Cora,client,7,1993,4,M0,H,evaluation,3,0,1,0.0,1,0.6534312104803377,0.0022662230132861265,0,0,0.7262288799000673,0.030534351145038167,0.24427480916030533,0.0
Cora,client,7,2001,4,M0,H,evaluation,4,0,13,0.6153846153846154,1,0.004182981670917291,0.01952251681236835,1,1,10.563281797147187,1.0,0.24427480916030533,1.0
Cora,client,7,2003,4,M0,H,evaluation,3,0,4,0.5,1,0.19963342852248092,0.0022662230132861265,0,0,0.9665955270921798,0.05343511450381679,0.24427480916030533,0.0
Cora,client,7,2028,4,M0,H,evaluation,3,0,1,0.0,0,2.2057860606700452,0.0022662230132861265,0,0,0.6900653643578727,0.030534351145038167,0.24427480916030533,0.0
Cora,client,7,2060,4,M0,H,evaluation,5,0,1,1.0,1,0.005079089313452749,0.0986797620318588,1,0,1.6733820479799377,0.13740458015267176,0.24427480916030533,0.0
Cora,client,7,2065,4,M0,H,evaluation,3,0,3,1.0,1,0.0010356376288289432,0.0022662230132861265,1,0,1.4308105139926743,0.0916030534351145,0.24427480916030533,0.0
Cora,client,7,2066,4,M0,H,evaluation,3,0,4,0.75,1,0.0009618463733625782,0.0022662230132861265,1,0,1.4093719686808164,0.0916030534351145,0.24427480916030533,0.0
Cora,client,7,2067,4,M0,H,evaluation,3,0,3,1.0,1,0.0006101587003963584,0.0022662230132861265,1,0,1.5266614707649344,0.11450381679389313,0.24427480916030533,0.0
Cora,client,7,2120,4,M0,H,evaluation,4,0,5,1.0,1,0.001474924899385651,0.01952251681236835,1,1,35.7343525897887,1.0,0.24427480916030533,1.0
Cora,client,7,2122,4,M0,H,evaluation,4,0,10,0.8,1,0.005614974785881147,0.01952251681236835,1,1,37.406437866822976,1.0,0.24427480916030533,1.0
Cora,client,7,2123,4,M0,H,evaluation,4,0,6,0.8333333333333334,1,0.0076571463920469835,0.01952251681236835,1,1,11.685749661579264,1.0,0.24427480916030533,1.0
Cora,client,7,2124,4,M0,H,evaluation,3,0,7,0.8571428571428571,1,0.02557799746428183,0.0022662230132861265,0,0,2.1822431232603097,0.2900763358778626,0.24427480916030533,1.0
Cora,client,7,2127,4,M0,H,evaluation,4,0,3,0.0,0,3.6327088408992507,0.01952251681236835,0,1,0.5704256442129356,0.022900763358778626,0.24427480916030533,0.0
Cora,client,7,2162,4,M0,H,evaluation,3,0,4,0.5,1,0.19445204566597057,0.0022662230132861265,0,0,0.8829014349655184,0.04580152671755725,0.24427480916030533,0.0
Cora,client,7,2170,4,M0,H,evaluation,1,0,2,0.0,0,10.72311249016214,0.591205525878034,0,0,0.02730544329019739,0.007633587786259542,0.24427480916030533,0.0
Cora,client,7,2194,4,M0,H,evaluation,0,0,4,1.0,1,0.0010149059396715203,0.27583863936296626,1,0,2.6662904036450823,0.5419847328244275,0.24427480916030533,1.0
Cora,client,7,2235,4,M0,H,evaluation,5,0,3,1.0,1,0.0005636246838218806,0.0986797620318588,1,0,1.6746493422419035,0.13740458015267176,0.24427480916030533,0.0
Cora,client,7,2236,4,M0,H,evaluation,4,0,4,1.0,1,0.008025820177988542,0.01952251681236835,1,1,9.603851804987285,1.0,0.24427480916030533,1.0
Cora,client,7,2240,4,M0,H,evaluation,4,0,7,1.0,1,0.0027794575919806333,0.01952251681236835,1,1,7.091162174434097,0.9770992366412213,0.24427480916030533,1.0
Cora,client,7,2248,4,M0,H,evaluation,4,0,14,1.0,1,4.721860058032398e-07,0.01952251681236835,1,1,4.700655583181173,0.8931297709923665,0.24427480916030533,1.0
Cora,client,7,2249,4,M0,H,evaluation,4,0,5,1.0,1,0.00039944887910022995,0.01952251681236835,1,1,5.590748639422098,0.9465648854961832,0.24427480916030533,1.0
Cora,client,7,2253,4,M0,H,evaluation,3,0,1,1.0,1,0.24432007405521178,0.0022662230132861265,0,0,1.4642822285462351,0.10687022900763359,0.24427480916030533,0.0
Cora,client,7,2261,4,M0,H,evaluation,4,0,1,0.0,1,0.6274972483870185,0.01952251681236835,0,1,6.436118546955672,0.9694656488549618,0.24427480916030533,1.0
Cora,client,7,2263,4,M0,H,evaluation,4,0,3,0.6666666666666666,1,0.08117407874841222,0.01952251681236835,0,1,5.571998274862236,0.9465648854961832,0.24427480916030533,1.0
Cora,client,7,2271,4,M0,H,evaluation,5,0,1,1.0,1,0.0038475285217349888,0.0986797620318588,1,0,1.6746042778700583,0.13740458015267176,0.24427480916030533,0.0
Cora,client,7,2272,4,M0,H,evaluation,5,0,1,1.0,1,0.18608970214861295,0.0986797620318588,0,0,2.138876459886772,0.2748091603053435,0.24427480916030533,1.0
Cora,client,7,2274,4,M0,H,evaluation,0,0,1,0.0,0,2.0585212869433813,0.27583863936296626,0,0,1.462586950555193,0.10687022900763359,0.24427480916030533,0.0
Cora,client,7,2287,4,M0,H,evaluation,5,0,3,1.0,1,0.28093945668790143,0.0986797620318588,0,0,2.0497163455616305,0.22900763358778625,0.24427480916030533,0.0
Cora,client,7,2288,4,M0,H,evaluation,5,0,3,1.0,1,0.4713242825299918,0.0986797620318588,0,0,1.9353525062343109,0.15267175572519084,0.24427480916030533,0.0
Cora,client,7,2312,4,M0,H,evaluation,0,0,2,0.5,1,0.10025674256438037,0.27583863936296626,1,0,2.93603914466777,0.6564885496183206,0.24427480916030533,1.0
Cora,client,7,2335,4,M0,H,evaluation,4,0,6,1.0,1,0.0007810631478743694,0.01952251681236835,1,1,6.3927028563494375,0.9694656488549618,0.24427480916030533,1.0
Cora,client,7,2336,4,M0,H,evaluation,4,0,5,1.0,1,0.00012552330952812709,0.01952251681236835,1,1,2.9231363891920497,0.6564885496183206,0.24427480916030533,1.0
Cora,client,7,2348,4,M0,H,evaluation,3,0,2,0.5,0,6.746481473373094,0.0022662230132861265,0,0,0.03815847058228449,0.007633587786259542,0.24427480916030533,0.0
Cora,client,7,2353,4,M0,H,evaluation,4,0,3,1.0,1,0.0013902186380468345,0.01952251681236835,1,1,6.918858895986445,0.9770992366412213,0.24427480916030533,1.0
Cora,client,7,2355,4,M0,H,evaluation,4,0,3,0.3333333333333333,0,1.9324856400437138,0.01952251681236835,0,1,1.9015825180742567,0.15267175572519084,0.24427480916030533,0.0
Cora,client,7,2357,4,M0,H,evaluation,4,0,4,0.5,0,0.7349011570854462,0.01952251681236835,0,1,3.377272768894085,0.8015267175572519,0.24427480916030533,1.0
Cora,client,7,2380,4,M0,H,evaluation,4,0,3,1.0,1,0.014235162011731316,0.01952251681236835,1,1,5.999106843660258,0.9541984732824428,0.24427480916030533,1.0
Cora,client,7,2382,4,M0,H,evaluation,4,0,2,1.0,1,0.225872840524249,0.01952251681236835,0,1,3.0265486121740284,0.7175572519083969,0.24427480916030533,1.0
Cora,client,7,2387,4,M0,H,evaluation,4,0,6,1.0,1,0.003611256594836882,0.01952251681236835,1,1,3.465245954690187,0.816793893129771,0.24427480916030533,1.0
Cora,client,7,2393,4,M0,H,evaluation,4,0,2,1.0,1,0.024160827576042723,0.01952251681236835,0,1,5.39858250631603,0.9389312977099237,0.24427480916030533,1.0
Cora,client,7,2399,4,M0,H,evaluation,4,0,5,1.0,1,0.017732532125194458,0.01952251681236835,1,1,6.3279403105117265,0.9694656488549618,0.24427480916030533,1.0
Cora,client,7,2400,4,M0,H,evaluation,4,0,2,1.0,1,0.09376480245376347,0.01952251681236835,0,1,3.667467046548461,0.8320610687022901,0.24427480916030533,1.0
Cora,client,7,2435,4,M0,H,evaluation,4,0,2,1.0,1,0.1304118122524239,0.01952251681236835,0,1,3.851767835919839,0.8473282442748091,0.24427480916030533,1.0
Cora,client,7,2490,4,M0,H,evaluation,4,0,2,0.5,1,0.28456867262048813,0.01952251681236835,0,1,4.9440802648456,0.9083969465648855,0.24427480916030533,1.0
Cora,client,7,2501,4,M0,H,evaluation,3,0,5,1.0,1,0.0001952007039384199,0.0022662230132861265,1,0,1.0480887230082847,0.05343511450381679,0.24427480916030533,0.0
Cora,client,7,2506,4,M0,H,evaluation,5,0,1,1.0,0,1.1839514430511169,0.0986797620318588,0,0,1.1984456136141626,0.061068702290076333,0.24427480916030533,0.0
Cora,client,7,2508,4,M0,H,evaluation,3,0,3,1.0,1,0.0013489842585686863,0.0022662230132861265,1,0,1.970033732728733,0.16030534351145037,0.24427480916030533,0.0
Cora,client,7,2527,4,M0,H,evaluation,5,0,1,1.0,1,0.0026184490438252096,0.0986797620318588,1,0,1.5119556889639476,0.11450381679389313,0.24427480916030533,0.0
Cora,client,7,2528,4,M0,H,evaluation,5,0,2,1.0,1,0.040168376175923184,0.0986797620318588,1,0,1.6375535110933737,0.1297709923664122,0.24427480916030533,0.0
Cora,client,7,2534,4,M0,H,evaluation,3,0,3,1.0,1,0.003291841673686594,0.0022662230132861265,0,0,1.5742926366293548,0.1297709923664122,0.24427480916030533,0.0
Cora,client,7,2548,4,M0,H,evaluation,4,0,1,1.0,1,0.004672383456676336,0.01952251681236835,1,1,2.427678642428048,0.44274809160305345,0.24427480916030533,1.0
Cora,client,7,2549,4,M0,H,evaluation,4,0,1,1.0,1,0.0028800058549089385,0.01952251681236835,1,1,2.228570012558432,0.33587786259541985,0.24427480916030533,1.0
Cora,client,7,2574,4,M0,H,evaluation,3,0,1,1.0,1,0.00016722981912356804,0.0022662230132861265,1,0,1.207750411151052,0.061068702290076333,0.24427480916030533,0.0
Cora,client,7,2575,4,M0,H,evaluation,0,0,1,1.0,1,0.276810560508633,0.27583863936296626,0,0,2.6866348576159234,0.5572519083969466,0.24427480916030533,1.0
Cora,client,7,2587,4,M0,H,evaluation,4,0,1,1.0,1,0.10224607060149783,0.01952251681236835,0,1,3.266456658410617,0.7938931297709924,0.24427480916030533,1.0
Cora,client,7,2623,4,M0,H,evaluation,4,0,1,1.0,1,0.14201775910942036,0.01952251681236835,0,1,4.432607434380293,0.8931297709923665,0.24427480916030533,1.0
Cora,client,7,2628,4,M0,H,evaluation,5,0,1,1.0,1,0.01825207706690252,0.0986797620318588,1,0,1.4006557660060346,0.08396946564885496,0.24427480916030533,0.0
Cora,client,7,2630,4,M0,H,evaluation,3,0,2,1.0,1,0.06348453073869187,0.0022662230132861265,0,0,1.5932753629711733,0.1297709923664122,0.24427480916030533,0.0
Cora,client,7,2645,4,M0,H,evaluation,4,0,4,1.0,1,0.04369347088634314,0.01952251681236835,0,1,3.9545523108191474,0.8473282442748091,0.24427480916030533,1.0
Cora,client,7,2646,4,M0,H,evaluation,4,0,1,1.0,1,0.029315029185069716,0.01952251681236835,0,1,8.110158186352164,0.9770992366412213,0.24427480916030533,1.0
Cora,client,7,2647,4,M0,H,evaluation,4,0,3,0.6666666666666666,1,0.011653907495157451,0.01952251681236835,1,1,6.004879350234079,0.9618320610687023,0.24427480916030533,1.0
Cora,client,7,2648,4,M0,H,evaluation,4,0,3,1.0,1,6.601233484232427e-05,0.01952251681236835,1,1,3.643779369865207,0.8320610687022901,0.24427480916030533,1.0
Cora,client,7,2663,4,M0,H,evaluation,3,0,2,1.0,1,0.0034611840884908544,0.0022662230132861265,0,0,1.3378009291530666,0.07633587786259542,0.24427480916030533,0.0
Cora,client,7,2670,4,M0,H,evaluation,4,0,3,1.0,1,0.0015086248497316324,0.01952251681236835,1,1,8.51404059603923,0.9770992366412213,0.24427480916030533,1.0
Cora,client,7,2674,4,M0,H,evaluation,4,0,3,1.0,1,0.089938510347434,0.01952251681236835,0,1,5.77677660506144,0.9465648854961832,0.24427480916030533,1.0
Cora,client,7,2678,4,M0,H,evaluation,4,0,3,1.0,1,0.011593621158126117,0.01952251681236835,1,1,5.208752086080198,0.9312977099236641,0.24427480916030533,1.0
Cora,client,7,2679,4,M0,H,evaluation,4,0,5,1.0,1,2.7632101409538484e-05,0.01952251681236835,1,1,10.04062235833621,1.0,0.24427480916030533,1.0
Cora,client,7,2681,4,M0,H,evaluation,4,0,5,1.0,1,0.2349372841752032,0.01952251681236835,0,1,20.665705405492005,1.0,0.24427480916030533,1.0
Cora,client,7,2699,4,M0,H,evaluation,3,0,1,1.0,1,0.04231090622123643,0.0022662230132861265,0,0,2.038248831589334,0.1984732824427481,0.24427480916030533,0.0
Cora,client,7,32,3,M0,attack_member,evaluation,0,1,3,0.3333333333333333,1,0.0671434747917328,0.27583863936296626,1,0,13.404125487568498,1.0,0.24427480916030533,1.0
Cora,client,7,34,0,M0,attack_member,evaluation,2,1,1,1.0,1,0.0049194023236619425,0.09735486007255092,1,0,1.3439368471915283,0.07633587786259542,0.24427480916030533,0.0
Cora,client,7,36,2,M0,attack_member,evaluation,1,1,8,1.0,1,0.0010927291711251622,0.591205525878034,1,0,2.5504430725162544,0.48854961832061067,0.24427480916030533,1.0
Cora,client,7,77,1,M0,attack_member,evaluation,6,1,2,0.0,1,0.5071347949063466,0.05265556579236158,0,0,2.6904966441005707,0.5572519083969466,0.24427480916030533,1.0
Cora,client,7,111,0,M0,attack_member,evaluation,2,1,6,1.0,1,5.4973978979116035e-06,0.09735486007255092,1,0,1.2366433045067562,0.061068702290076333,0.24427480916030533,0.0
Cora,client,7,121,2,M0,attack_member,evaluation,1,1,5,1.0,1,0.00013511725669077405,0.591205525878034,1,0,3.717541074461966,0.8396946564885496,0.24427480916030533,1.0
Cora,client,7,133,2,M0,attack_member,evaluation,1,1,8,1.0,1,0.0009099838089523512,0.591205525878034,1,0,2.6073011676746005,0.5038167938931297,0.24427480916030533,1.0
Cora,client,7,155,0,M0,attack_member,evaluation,2,1,7,1.0,1,0.00016382505008486463,0.09735486007255092,1,0,1.3155862514404768,0.06870229007633588,0.24427480916030533,0.0
Cora,client,7,171,1,M0,attack_member,evaluation,3,1,3,1.0,1,0.05010362372188404,0.0022662230132861265,0,0,1.2555587384629312,0.061068702290076333,0.24427480916030533,0.0
Cora,client,7,303,2,M0,attack_member,evaluation,1,1,3,1.0,1,0.014541522351701749,0.591205525878034,1,0,3.179568938342201,0.7786259541984732,0.24427480916030533,1.0
Cora,client,7,334,3,M0,attack_member,evaluation,0,1,3,1.0,1,0.027206852976334118,0.27583863936296626,1,0,2.3588196872903566,0.4122137404580153,0.24427480916030533,1.0
Cora,client,7,343,2,M0,attack_member,evaluation,3,1,2,1.0,1,8.282496543853659e-05,0.0022662230132861265,1,0,1.1966417843825987,0.061068702290076333,0.24427480916030533,0.0
Cora,client,7,346,0,M0,attack_member,evaluation,2,1,2,1.0,1,0.0007937153633726973,0.09735486007255092,1,0,1.3070299049550718,0.061068702290076333,0.24427480916030533,0.0
Cora,client,7,354,1,M0,attack_member,evaluation,0,1,3,1.0,0,0.9108292403109907,0.27583863936296626,0,0,2.2886996666859596,0.3969465648854962,0.24427480916030533,1.0
Cora,client,7,369,1,M0,attack_member,evaluation,4,1,2,0.5,1,0.027621465131962262,0.01952251681236835,0,1,6.954379300458715,0.9770992366412213,0.24427480916030533,1.0
Cora,client,7,380,1,M0,attack_member,evaluation,3,1,3,1.0,1,0.06156302298655779,0.0022662230132861265,0,0,2.419005124014944,0.44274809160305345,0.24427480916030533,1.0
Cora,client,7,389,0,M0,attack_member,evaluation,2,1,8,0.75,1,0.0015779114850914384,0.09735486007255092,1,0,1.5870248338451303,0.1297709923664122,0.24427480916030533,0.0
Cora,client,7,415,1,M0,attack_member,evaluation,0,1,16,0.4375,1,0.0007518447434657293,0.27583863936296626,1,0,1.4196558808453097,0.0916030534351145,0.24427480916030533,0.0
Cora,client,7,429,1,M0,attack_member,evaluation,4,1,11,0.6363636363636364,1,0.02190170193879689,0.01952251681236835,0,1,7.641022380030868,0.9770992366412213,0.24427480916030533,1.0
Cora,client,7,441,3,M0,attack_member,evaluation,5,1,8,0.875,1,0.0010868251350316903,0.0986797620318588,1,0,1.4331099079681289,0.0916030534351145,0.24427480916030533,0.0
Cora,client,7,446,3,M0,attack_member,evaluation,0,1,3,0.3333333333333333,1,0.9266746442721117,0.27583863936296626,0,0,2.2623745187042865,0.3816793893129771,0.24427480916030533,1.0
Cora,client,7,458,3,M0,attack_member,evaluation,5,1,6,1.0,1,6.427924332336264e-05,0.0986797620318588,1,0,1.8182051235099157,0.15267175572519084,0.24427480916030533,0.0
Cora,client,7,482,1,M0,attack_member,evaluation,3,1,8,1.0,1,0.0002656501074790454,0.0022662230132861265,1,0,1.086594897377706,0.061068702290076333,0.24427480916030533,0.0
Cora,client,7,493,2,M0,attack_member,evaluation,2,1,3,0.6666666666666666,1,0.007253223661763505,0.09735486007255092,1,0,1.736418980827216,0.15267175572519084,0.24427480916030533,0.0
Cora,client,7,496,3,M0,attack_member,evaluation,0,1,3,0.6666666666666666,1,0.05638713356785828,0.27583863936296626,1,0,3.38669730474612,0.8015267175572519,0.24427480916030533,1.0
Cora,client,7,521,2,M0,attack_member,evaluation,3,1,1,1.0,1,0.03538844005533125,0.0022662230132861265,0,0,1.4471681377354926,0.09923664122137404,0.24427480916030533,0.0
Cora,client,7,554,3,M0,attack_member,evaluation,3,1,2,0.0,1,0.4989208759649474,0.0022662230132861265,0,0,3.5535544901830813,0.816793893129771,0.24427480916030533,1.0
Cora,client,7,560,1,M0,attack_member,evaluation,4,1,2,1.0,1,0.00028958023973480753,0.01952251681236835,1,1,5.537252053944428,0.9465648854961832,0.24427480916030533,1.0
Cora,client,7,562,0,M0,attack_member,evaluation,2,1,4,0.75,1,0.03816203769048142,0.09735486007255092,1,0,1.6137650302487192,0.1297709923664122,0.24427480916030533,0.0
Cora,client,7,580,0,M0,attack_member,evaluation,2,1,8,1.0,1,3.0148882545712417e-05,0.09735486007255092,1,0,1.3272141864129918,0.07633587786259542,0.24427480916030533,0.0
Cora,client,7,581,2,M0,attack_member,evaluation,1,1,2,1.0,1,0.04950917508519589,0.591205525878034,1,0,2.482297505549188,0.4580152671755725,0.24427480916030533,1.0
Cora,client,7,586,3,M0,attack_member,evaluation,0,1,4,1.0,1,0.0024782034215121104,0.27583863936296626,1,0,1.6236062400178488,0.1297709923664122,0.24427480916030533,0.0
Cora,client,7,605,3,M0,attack_member,evaluation,3,1,1,1.0,1,0.011480738755812271,0.0022662230132861265,0,0,3.5932048631659446,0.8244274809160306,0.24427480916030533,1.0
Cora,client,7,643,3,M0,attack_member,evaluation,5,1,3,1.0,1,0.005447132384319032,0.0986797620318588,1,0,2.532820567881231,0.4732824427480916,0.24427480916030533,1.0
Cora,client,7,649,2,M0,attack_member,evaluation,3,1,2,1.0,1,9.666129527003556e-05,0.0022662230132861265,1,0,1.1516094982147156,0.061068702290076333,0.24427480916030533,0.0
Cora,client,7,652,0,M0,attack_member,evaluation,4,1,2,1.0,1,0.013811639650279182,0.01952251681236835,1,1,4.466423694063288,0.8931297709923665,0.24427480916030533,1.0
Cora,client,7,666,3,M0,attack_member,evaluation,0,1,3,0.3333333333333333,1,0.061478689922784976,0.27583863936296626,1,0,13.682866041459981,1.0,0.24427480916030533,1.0
Cora,client,7,694,3,M0,attack_member,evaluation,5,1,2,1.0,1,0.010271429809269107,0.0986797620318588,1,0,1.6614655033847654,0.1297709923664122,0.24427480916030533,0.0
Cora,client,7,695,2,M0,attack_member,evaluation,3,1,9,0.2222222222222222,1,0.37195886601320644,0.0022662230132861265,0,0,1.6562130764871066,0.1297709923664122,0.24427480916030533,0.0
Cora,client,7,713,2,M0,attack_member,evaluation,3,1,1,1.0,1,0.0010023838313757971,0.0022662230132861265,1,0,1.116563531911516,0.061068702290076333,0.24427480916030533,0.0
Cora,client,7,723,0,M0,attack_member,evaluation,2,1,2,1.0,1,0.0017426886502305045,0.09735486007255092,1,0,1.5260478954583905,0.11450381679389313,0.24427480916030533,0.0
Cora,client,7,753,1,M0,attack_member,evaluation,0,1,2,0.0,0,2.0872632175390193,0.27583863936296626,0,0,3.8320013521017944,0.8473282442748091,0.24427480916030533,1.0
Cora,client,7,758,0,M0,attack_member,evaluation,2,1,4,1.0,1,4.238288444582146e-05,0.09735486007255092,1,0,1.2578331789725137,0.061068702290076333,0.24427480916030533,0.0
Cora,client,7,766,2,M0,attack_member,evaluation,3,1,5,1.0,1,0.0022970557505652862,0.0022662230132861265,0,0,1.3684302322256723,0.07633587786259542,0.24427480916030533,0.0
Cora,client,7,787,3,M0,attack_member,evaluation,4,1,1,1.0,1,0.03027908001153079,0.01952251681236835,0,1,12.908828633014911,1.0,0.24427480916030533,1.0
Cora,client,7,823,0,M0,attack_member,evaluation,2,1,5,1.0,1,0.00011959234825649026,0.09735486007255092,1,0,1.33616805906091,0.07633587786259542,0.24427480916030533,0.0
Cora,client,7,871,0,M0,attack_member,evaluation,2,1,5,1.0,1,6.788098462229034e-05,0.09735486007255092,1,0,1.3944039124283667,0.08396946564885496,0.24427480916030533,0.0
Cora,client,7,894,0,M0,attack_member,evaluation,3,1,2,1.0,1,0.012034164564936157,0.0022662230132861265,0,0,1.154336191898469,0.061068702290076333,0.24427480916030533,0.0
Cora,client,7,953,1,M0,attack_member,evaluation,3,1,3,1.0,1,0.012579514132868463,0.0022662230132861265,0,0,2.859724147385417,0.6412213740458015,0.24427480916030533,1.0
Cora,client,7,958,2,M0,attack_member,evaluation,1,1,3,0.6666666666666666,1,0.07349621373535063,0.591205525878034,1,0,2.345861013545885,0.4122137404580153,0.24427480916030533,1.0
Cora,client,7,966,1,M0,attack_member,evaluation,0,1,1,1.0,1,0.015322277510659007,0.27583863936296626,1,0,1.8293184941121452,0.15267175572519084,0.24427480916030533,0.0
Cora,client,7,992,3,M0,attack_member,evaluation,0,1,2,0.5,1,0.023422807590302644,0.27583863936296626,1,0,2.670761871361957,0.549618320610687,0.24427480916030533,1.0
Cora,client,7,1037,0,M0,attack_member,evaluation,2,1,3,1.0,1,0.003810197685284255,0.09735486007255092,1,0,1.5236557169649305,0.11450381679389313,0.24427480916030533,0.0
Cora,client,7,1047,3,M0,attack_member,evaluation,0,1,3,1.0,1,0.012067474788025747,0.27583863936296626,1,0,2.6887457510705137,0.5572519083969466,0.24427480916030533,1.0
Cora,client,7,1067,0,M0,attack_member,evaluation,2,1,7,1.0,1,2.2652445752656072e-05,0.09735486007255092,1,0,1.333005070931186,0.07633587786259542,0.24427480916030533,0.0
Cora,client,7,1069,1,M0,attack_member,evaluation,0,1,1,1.0,1,0.012712188385488741,0.27583863936296626,1,0,1.5078823390927367,0.11450381679389313,0.24427480916030533,0.0
Cora,client,7,1075,3,M0,attack_member,evaluation,3,1,1,1.0,1,5.121421504117252e-05,0.0022662230132861265,1,0,1.104496017241954,0.061068702290076333,0.24427480916030533,0.0
Cora,client,7,1084,3,M0,attack_member,evaluation,3,1,1,1.0,1,0.02275476142267127,0.0022662230132861265,0,0,1.2509652109023652,0.061068702290076333,0.24427480916030533,0.0
Cora,client,7,1118,3,M0,attack_member,evaluation,0,1,3,1.0,1,0.04574983655266261,0.27583863936296626,1,0,1.9395828121031091,0.15267175572519084,0.24427480916030533,0.0
Cora,client,7,1155,0,M0,attack_member,evaluation,2,1,2,1.0,1,0.00034189179176992977,0.09735486007255092,1,0,1.30770350198362,0.061068702290076333,0.24427480916030533,0.0
Cora,client,7,1169,0,M0,attack_member,evaluation,2,1,23,0.9565217391304348,1,1.5465546647197824e-06,0.09735486007255092,1,0,1.1991701503847314,0.061068702290076333,0.24427480916030533,0.0
Cora,client,7,1184,1,M0,attack_member,evaluation,5,1,1,1.0,1,0.007665808066415395,0.0986797620318588,1,0,1.6012443767220015,0.1297709923664122,0.24427480916030533,0.0
Cora,client,7,1185,0,M0,attack_member,evaluation,3,1,7,1.0,1,0.00048483621261990713,0.0022662230132861265,1,0,1.047765625946326,0.05343511450381679,0.24427480916030533,0.0
Cora,client,7,1201,0,M0,attack_member,evaluation,3,1,3,0.6666666666666666,1,0.00042971125715765454,0.0022662230132861265,1,0,1.0253138891771634,0.05343511450381679,0.24427480916030533,0.0
Cora,client,7,1233,2,M0,attack_member,evaluation,2,1,1,1.0,1,0.008602058215609606,0.09735486007255092,1,0,5.877829486367982,0.9465648854961832,0.24427480916030533,1.0
Cora,client,7,1238,0,M0,attack_member,evaluation,2,1,2,1.0,1,0.0068901153002998644,0.09735486007255092,1,0,1.3650984274330968,0.07633587786259542,0.24427480916030533,0.0
Cora,client,7,1284,0,M0,attack_member,evaluation,2,1,7,1.0,1,0.0002985925437777773,0.09735486007255092,1,0,1.3420740365885846,0.07633587786259542,0.24427480916030533,0.0
Cora,client,7,1298,2,M0,attack_member,evaluation,3,1,1,1.0,1,2.029706712110206e-05,0.0022662230132861265,1,0,1.0951096297205305,0.061068702290076333,0.24427480916030533,0.0
Cora,client,7,1337,2,M0,attack_member,evaluation,1,1,4,0.75,1,0.04999093954398737,0.591205525878034,1,0,2.7199314410471556,0.5877862595419847,0.24427480916030533,1.0
Cora,client,7,1362,3,M0,attack_member,evaluation,6,1,3,1.0,1,0.0010031006209498213,0.05265556579236158,1,0,1.4350284839305019,0.0916030534351145,0.24427480916030533,0.0
Cora,client,7,1430,0,M0,attack_member,evaluation,2,1,2,1.0,1,0.0007208439800406134,0.09735486007255092,1,0,1.5588554527620333,0.12213740458015267,0.24427480916030533,0.0
Cora,client,7,1476,1,M0,attack_member,evaluation,6,1,2,1.0,1,0.0018887768298943223,0.05265556579236158,1,0,1.5410419431400573,0.12213740458015267,0.24427480916030533,0.0
Cora,client,7,1480,0,M0,attack_member,evaluation,2,1,2,1.0,1,0.007901499302128372,0.09735486007255092,1,0,1.3965674101413286,0.08396946564885496,0.24427480916030533,0.0
Cora,client,7,1493,1,M0,attack_member,evaluation,4,1,1,1.0,1,0.013590528677630873,0.01952251681236835,1,1,5.424889122872265,0.9389312977099237,0.24427480916030533,1.0
Cora,client,7,1527,1,M0,attack_member,evaluation,0,1,4,0.75,1,0.17178117836006074,0.27583863936296626,1,0,1.9526990668280408,0.15267175572519084,0.24427480916030533,0.0
Cora,client,7,1535,3,M0,attack_member,evaluation,0,1,6,0.6666666666666666,1,0.5194267138762727,0.27583863936296626,0,0,3.108128090958382,0.7557251908396947,0.24427480916030533,1.0
Cora,client,7,1562,0,M0,attack_member,evaluation,2,1,2,1.0,1,0.002894785546423982,0.09735486007255092,1,0,1.3834523804329328,0.08396946564885496,0.24427480916030533,0.0
Cora,client,7,1586,0,M0,attack_member,evaluation,2,1,3,0.6666666666666666,1,0.012163702930819744,0.09735486007255092,1,0,3.691389247410268,0.8396946564885496,0.24427480916030533,1.0
Cora,client,7,1589,0,M0,attack_member,evaluation,2,1,2,1.0,1,0.012896948304787634,0.09735486007255092,1,0,1.6164083885432219,0.1297709923664122,0.24427480916030533,0.0
Cora,client,7,1644,3,M0,attack_member,evaluation,0,1,1,1.0,1,0.06802990372094614,0.27583863936296626,1,0,2.5086818520072156,0.46564885496183206,0.24427480916030533,1.0
Cora,client,7,1645,3,M0,attack_member,evaluation,3,1,4,0.25,1,0.3392821914932431,0.0022662230132861265,0,0,1.3199851178727822,0.06870229007633588,0.24427480916030533,0.0
Cora,client,7,1669,3,M0,attack_member,evaluation,0,1,3,0.6666666666666666,1,0.004460584348086247,0.27583863936296626,1,0,2.9501880750600407,0.6717557251908397,0.24427480916030533,1.0
Cora,client,7,1677,1,M0,attack_member,evaluation,5,1,4,0.25,0,3.7970891937996543,0.0986797620318588,0,0,0.6367544007513185,0.030534351145038167,0.24427480916030533,0.0
Cora,client,7,1740,0,M0,attack_member,evaluation,2,1,12,1.0,1,4.629741895470619e-05,0.09735486007255092,1,0,1.4121303892362775,0.0916030534351145,0.24427480916030533,0.0
Cora,client,7,1765,0,M0,attack_member,evaluation,2,1,17,1.0,1,2.975255411187643e-05,0.09735486007255092,1,0,1.256734649141637,0.061068702290076333,0.24427480916030533,0.0
Cora,client,7,1770,2,M0,attack_member,evaluation,1,1,4,1.0,1,0.0017439419506961949,0.591205525878034,1,0,2.5020777988170972,0.46564885496183206,0.24427480916030533,1.0
Cora,client,7,1773,2,M0,attack_member,evaluation,1,1,5,1.0,1,0.00016781167621611863,0.591205525878034,1,0,2.3028200783313664,0.3969465648854962,0.24427480916030533,1.0
Cora,client,7,1776,2,M0,attack_member,evaluation,1,1,6,0.6666666666666666,1,0.05539554324533519,0.591205525878034,1,0,2.7451557838822445,0.6106870229007634,0.24427480916030533,1.0
Cora,client,7,1802,2,M0,attack_member,evaluation,3,1,3,0.0,0,2.1176560293909166,0.0022662230132861265,0,0,0.5636081771157669,0.022900763358778626,0.24427480916030533,0.0
Cora,client,7,1847,1,M0,attack_member,evaluation,0,1,2,1.0,1,0.094594306422142,0.27583863936296626,1,0,1.7326290314855701,0.15267175572519084,0.24427480916030533,0.0
Cora,client,7,1864,2,M0,attack_member,evaluation,3,1,4,1.0,1,0.0008219772891061299,0.0022662230132861265,1,0,1.2663737977644918,0.061068702290076333,0.24427480916030533,0.0
Cora,client,7,1870,2,M0,attack_member,evaluation,3,1,4,1.0,1,0.00942350610821113,0.0022662230132861265,0,0,1.5272502408423847,0.11450381679389313,0.24427480916030533,0.0
Cora,client,7,1872,2,M0,attack_member,evaluation,3,1,1,1.0,1,0.016588176811821034,0.0022662230132861265,0,0,1.3756153758419318,0.07633587786259542,0.24427480916030533,0.0
Cora,client,7,1889,1,M0,attack_member,evaluation,4,1,7,0.7142857142857143,1,0.008504277999254715,0.01952251681236835,1,1,2.405801673188574,0.4351145038167939,0.24427480916030533,1.0
Cora,client,7,1890,1,M0,attack_member,evaluation,4,1,2,1.0,1,0.023978016399907442,0.01952251681236835,0,1,2.38871777655318,0.42748091603053434,0.24427480916030533,1.0
Cora,client,7,1895,3,M0,attack_member,evaluation,2,1,2,0.5,1,0.03294532554480551,0.09735486007255092,1,0,1.6867165950631031,0.1450381679389313,0.24427480916030533,0.0
Cora,client,7,1901,3,M0,attack_member,evaluation,5,1,5,1.0,1,0.00013940475946660433,0.0986797620318588,1,0,1.5956708697193442,0.1297709923664122,0.24427480916030533,0.0
Cora,client,7,1960,3,M0,attack_member,evaluation,5,1,4,1.0,1,7.076017073115632e-05,0.0986797620318588,1,0,1.1859184220942727,0.061068702290076333,0.24427480916030533,0.0
Cora,client,7,1988,1,M0,attack_member,evaluation,3,1,1,1.0,1,3.873660374119533e-06,0.0022662230132861265,1,0,1.1441381890059759,0.061068702290076333,0.24427480916030533,0.0
Cora,client,7,1998,2,M0,attack_member,evaluation,5,1,8,0.125,0,3.18030023841409,0.0986797620318588,0,0,1.1671809343649697,0.061068702290076333,0.24427480916030533,0.0
Cora,client,7,2009,2,M0,attack_member,evaluation,3,1,4,1.0,1,0.004600885992419124,0.0022662230132861265,0,0,1.633954442992526,0.1297709923664122,0.24427480916030533,0.0
Cora,client,7,2018,1,M0,attack_member,evaluation,0,1,6,0.5,1,0.015618308802710434,0.27583863936296626,1,0,1.6497965148551024,0.1297709923664122,0.24427480916030533,0.0
Cora,client,7,2037,1,M0,attack_member,evaluation,3,1,2,0.5,1,0.04971748268695265,0.0022662230132861265,0,0,1.2771095462101585,0.061068702290076333,0.24427480916030533,0.0
Cora,client,7,2084,2,M0,attack_member,evaluation,1,1,3,1.0,1,0.016184411014516852,0.591205525878034,1,0,2.8267418116890513,0.6335877862595419,0.24427480916030533,1.0
Cora,client,7,2117,2,M0,attack_member,evaluation,3,1,8,1.0,1,5.912611232794377e-05,0.0022662230132861265,1,0,1.0978350483781711,0.061068702290076333,0.24427480916030533,0.0
Cora,client,7,2136,1,M0,attack_member,evaluation,0,1,4,0.25,1,0.33918645288028815,0.27583863936296626,0,0,2.8670993094329438,0.648854961832061,0.24427480916030533,1.0
Cora,client,7,2149,3,M0,attack_member,evaluation,3,1,1,1.0,1,0.011595033734435033,0.0022662230132861265,0,0,1.2321874731000606,0.061068702290076333,0.24427480916030533,0.0
Cora,client,7,2165,3,M0,attack_member,evaluation,6,1,2,0.5,1,0.799908947153479,0.05265556579236158,0,0,3.7568133529459837,0.8396946564885496,0.24427480916030533,1.0
Cora,client,7,2197,3,M0,attack_member,evaluation,0,1,6,1.0,1,0.00054132354462111,0.27583863936296626,1,0,1.398766174033587,0.08396946564885496,0.24427480916030533,0.0
Cora,client,7,2213,0,M0,attack_member,evaluation,3,1,3,1.0,1,0.01129678491008885,0.0022662230132861265,0,0,1.0894431858302578,0.061068702290076333,0.24427480916030533,0.0
Cora,client,7,2215,0,M0,attack_member,evaluation,3,1,4,0.75,1,0.002936251129035411,0.0022662230132861265,0,0,1.0710748561281709,0.05343511450381679,0.24427480916030533,0.0
Cora,client,7,2229,1,M0,attack_member,evaluation,3,1,3,0.3333333333333333,1,0.020770806270173733,0.0022662230132861265,0,0,3.892836037092826,0.8473282442748091,0.24427480916030533,1.0
Cora,client,7,2255,2,M0,attack_member,evaluation,1,1,1,1.0,1,0.001971332343008916,0.591205525878034,1,0,45.88861710157945,1.0,0.24427480916030533,1.0
Cora,client,7,2267,2,M0,attack_member,evaluation,0,1,2,1.0,1,0.0021207985206526175,0.27583863936296626,1,0,1.5136087120003106,0.11450381679389313,0.24427480916030533,0.0
Cora,client,7,2286,3,M0,attack_member,evaluation,5,1,3,1.0,1,0.0006020911407917179,0.0986797620318588,1,0,1.9023182608763323,0.15267175572519084,0.24427480916030533,0.0
Cora,client,7,2292,1,M0,attack_member,evaluation,4,1,2,0.0,1,0.0010599908350504568,0.01952251681236835,1,1,4.986855480028844,0.916030534351145,0.24427480916030533,1.0
Cora,client,7,2303,1,M0,attack_member,evaluation,3,1,3,0.6666666666666666,1,0.00024249395893218478,0.0022662230132861265,1,0,1.039640368476235,0.05343511450381679,0.24427480916030533,0.0
Cora,client,7,2304,0,M0,attack_member,evaluation,3,1,1,0.0,1,0.08957745310180687,0.0022662230132861265,0,0,1.930086511834107,0.15267175572519084,0.24427480916030533,0.0
Cora,client,7,2311,3,M0,attack_member,evaluation,0,1,2,1.0,1,0.025157236103288707,0.27583863936296626,1,0,3.2681093207373046,0.7938931297709924,0.24427480916030533,1.0
Cora,client,7,2332,3,M0,attack_member,evaluation,0,1,3,0.6666666666666666,1,0.009564562978361713,0.27583863936296626,1,0,3.042963413589352,0.732824427480916,0.24427480916030533,1.0
Cora,client,7,2337,1,M0,attack_member,evaluation,4,1,1,1.0,1,0.02289774835060837,0.01952251681236835,0,1,4.20501812390903,0.8702290076335878,0.24427480916030533,1.0
Cora,client,7,2341,2,M0,attack_member,evaluation,4,1,1,1.0,1,0.011495489448723022,0.01952251681236835,1,1,14.407573529178194,1.0,0.24427480916030533,1.0
Cora,client,7,2461,2,M0,attack_member,evaluation,6,1,1,1.0,1,3.0090856072113766e-05,0.05265556579236158,1,0,1.6302200230437616,0.1297709923664122,0.24427480916030533,0.0
Cora,client,7,2561,0,M0,attack_member,evaluation,2,1,1,1.0,1,0.028459936456643797,0.09735486007255092,1,0,2.730657938276164,0.6030534351145038,0.24427480916030533,1.0
Cora,client,7,2595,1,M0,attack_member,evaluation,3,1,1,1.0,1,0.00034488366735264616,0.0022662230132861265,1,0,1.080912121868346,0.061068702290076333,0.24427480916030533,0.0
Cora,client,7,2608,3,M0,attack_member,evaluation,6,1,3,1.0,1,0.008780910153996882,0.05265556579236158,1,0,1.7405395755865407,0.15267175572519084,0.24427480916030533,0.0
Cora,client,7,2609,0,M0,attack_member,evaluation,3,1,2,1.0,1,0.0002135571162485504,0.0022662230132861265,1,0,1.0582051474450362,0.05343511450381679,0.24427480916030533,0.0
Cora,client,7,2676,1,M0,attack_member,evaluation,3,1,2,1.0,1,0.0011584591166271432,0.0022662230132861265,1,0,1.7624059212953669,0.15267175572519084,0.24427480916030533,0.0
Cora,client,7,2686,1,M0,attack_member,evaluation,3,1,2,1.0,1,0.025330008502969584,0.0022662230132861265,0,0,1.6893426132604032,0.1450381679389313,0.24427480916030533,0.0
Cora,client,7,2691,2,M0,attack_member,evaluation,2,1,2,1.0,1,2.6298702777476572e-05,0.09735486007255092,1,0,1.4174240443713124,0.0916030534351145,0.24427480916030533,0.0
Cora,client,7,4,3,M0,attack_nonmember,evaluation,3,0,5,0.6,1,0.13197032433244957,0.0022662230132861265,0,0,,,,
Cora,client,7,12,1,M0,attack_nonmember,evaluation,4,0,4,1.0,1,0.0037115399166810837,0.01952251681236835,1,1,1.6337369497065883,0.1297709923664122,0.24427480916030533,0.0
Cora,client,7,20,3,M0,attack_nonmember,evaluation,5,0,4,1.0,1,0.00020891374753871883,0.0986797620318588,1,0,1.30335622726586,0.061068702290076333,0.24427480916030533,0.0
Cora,client,7,41,3,M0,attack_nonmember,evaluation,6,0,4,0.75,1,0.6043535970991419,0.05265556579236158,0,0,1.0245786890536985,0.05343511450381679,0.24427480916030533,0.0
Cora,client,7,51,0,M0,attack_nonmember,evaluation,3,0,6,1.0,1,0.00021547786090258728,0.0022662230132861265,1,0,1.0309063474079372,0.05343511450381679,0.24427480916030533,0.0
Cora,client,7,55,1,M0,attack_nonmember,evaluation,4,0,10,0.2,0,5.748653334217875,0.01952251681236835,0,1,,,,
Cora,client,7,62,3,M0,attack_nonmember,evaluation,0,0,1,1.0,0,2.036389473010724,0.27583863936296626,0,0,0.7746844466484321,0.030534351145038167,0.24427480916030533,0.0
Cora,client,7,69,3,M0,attack_nonmember,evaluation,6,0,7,0.4285714285714285,0,1.1162062106919137,0.05265556579236158,0,0,0.8676126160245197,0.04580152671755725,0.24427480916030533,0.0
Cora,client,7,78,1,M0,attack_nonmember,evaluation,4,0,3,0.3333333333333333,0,1.7000588472984015,0.01952251681236835,0,1,,,,
Cora,client,7,83,0,M0,attack_nonmember,evaluation,2,0,2,1.0,1,0.23639208065399112,0.09735486007255092,0,0,,,,
Cora,client,7,84,1,M0,attack_nonmember,evaluation,4,0,5,1.0,1,0.03869582567384725,0.01952251681236835,0,1,,,,
Cora,client,7,95,3,M0,attack_nonmember,evaluation,0,0,21,0.9523809523809524,1,9.340118346143938e-05,0.27583863936296626,1,0,1.3893847543826416,0.08396946564885496,0.24427480916030533,0.0
Cora,client,7,116,1,M0,attack_nonmember,evaluation,6,0,2,1.0,1,0.01909847284355748,0.05265556579236158,1,0,,,,
Cora,client,7,118,3,M0,attack_nonmember,evaluation,6,0,17,0.2941176470588235,0,2.1347336833742174,0.05265556579236158,0,0,,,,
Cora,client,7,119,3,M0,attack_nonmember,evaluation,5,0,6,1.0,1,6.321335856643748e-05,0.0986797620318588,1,0,,,,
Cora,client,7,124,2,M0,attack_nonmember,evaluation,1,0,5,0.8,1,0.024598774550949228,0.591205525878034,1,0,2.5276356722821194,0.4732824427480916,0.24427480916030533,1.0
Cora,client,7,125,3,M0,attack_nonmember,evaluation,5,0,2,1.0,1,0.004896405233912959,0.0986797620318588,1,0,,,,
Cora,client,7,130,1,M0,attack_nonmember,evaluation,5,0,3,0.6666666666666666,0,1.4171277598658332,0.0986797620318588,0,0,,,,
Cora,client,7,131,0,M0,attack_nonmember,evaluation,1,0,2,0.5,0,1.6992382597704945,0.591205525878034,0,0,0.673558962094709,0.030534351145038167,0.24427480916030533,0.0
Cora,client,7,164,1,M0,attack_nonmember,evaluation,0,0,2,0.5,1,0.1338210605835298,0.27583863936296626,1,0,,,,
Cora,client,7,165,2,M0,attack_nonmember,evaluation,3,0,4,1.0,1,0.0006088673817476714,0.0022662230132861265,1,0,,,,
Cora,client,7,173,0,M0,attack_nonmember,evaluation,2,0,4,1.0,1,0.0006636255047986546,0.09735486007255092,1,0,2.0479597193199006,0.22137404580152673,0.24427480916030533,0.0
Cora,client,7,178,1,M0,attack_nonmember,evaluation,3,0,1,1.0,1,0.00024067172825412874,0.0022662230132861265,1,0,1.0904088665659304,0.061068702290076333,0.24427480916030533,0.0
Cora,client,7,179,2,M0,attack_nonmember,evaluation,3,0,3,1.0,1,0.015109289946646412,0.0022662230132861265,0,0,1.1812197843064336,0.061068702290076333,0.24427480916030533,0.0
Cora,client,7,184,2,M0,attack_nonmember,evaluation,3,0,1,1.0,0,1.3811288536429034,0.0022662230132861265,0,0,0.3989297040883034,0.015267175572519083,0.24427480916030533,0.0
Cora,client,7,187,2,M0,attack_nonmember,evaluation,4,0,1,1.0,1,0.00012580358403955924,0.01952251681236835,1,1,8.075921845207318,0.9770992366412213,0.24427480916030533,1.0
Cora,client,7,204,1,M0,attack_nonmember,evaluation,0,0,1,1.0,1,0.28149437051124404,0.27583863936296626,0,0,,,,
Cora,client,7,207,1,M0,attack_nonmember,evaluation,3,0,1,1.0,1,0.0003574155978933478,0.0022662230132861265,1,0,,,,
Cora,client,7,211,1,M0,attack_nonmember,evaluation,0,0,5,0.4,1,0.08679313961096835,0.27583863936296626,1,0,1.6265635675476362,0.1297709923664122,0.24427480916030533,0.0
Cora,client,7,215,2,M0,attack_nonmember,evaluation,3,0,3,0.6666666666666666,1,0.10907535998224939,0.0022662230132861265,0,0,1.2761793066763247,0.061068702290076333,0.24427480916030533,0.0
Cora,client,7,221,0,M0,attack_nonmember,evaluation,2,0,1,1.0,1,0.34784783417181253,0.09735486007255092,0,0,1.317253524191638,0.06870229007633588,0.24427480916030533,0.0
Cora,client,7,229,2,M0,attack_nonmember,evaluation,3,0,4,1.0,1,0.0005479454839350437,0.0022662230132861265,1,0,1.077195697426693,0.061068702290076333,0.24427480916030533,0.0
Cora,client,7,232,2,M0,attack_nonmember,evaluation,3,0,5,1.0,1,0.0005710210809502913,0.0022662230132861265,1,0,1.2144220837459199,0.061068702290076333,0.24427480916030533,0.0
Cora,client,7,244,0,M0,attack_nonmember,evaluation,2,0,3,1.0,1,0.0005273289506016112,0.09735486007255092,1,0,,,,
Cora,client,7,260,0,M0,attack_nonmember,evaluation,0,0,1,1.0,0,1.505707552430545,0.27583863936296626,0,0,,,,
Cora,client,7,267,2,M0,attack_nonmember,evaluation,3,0,3,1.0,1,0.230729653887571,0.0022662230132861265,0,0,,,,
Cora,client,7,270,1,M0,attack_nonmember,evaluation,0,0,5,0.8,1,0.051175173937866025,0.27583863936296626,1,0,4.569255085680498,0.8931297709923665,0.24427480916030533,1.0
Cora,client,7,284,1,M0,attack_nonmember,evaluation,4,0,7,1.0,1,0.0073304324458301,0.01952251681236835,1,1,1.5856230085590628,0.1297709923664122,0.24427480916030533,0.0
Cora,client,7,293,1,M0,attack_nonmember,evaluation,3,0,1,1.0,1,0.6385457472221682,0.0022662230132861265,0,0,,,,
Cora,client,7,304,2,M0,attack_nonmember,evaluation,0,0,3,0.3333333333333333,1,0.3285949424985136,0.27583863936296626,0,0,,,,
Cora,client,7,311,2,M0,attack_nonmember,evaluation,3,0,4,1.0,1,2.0542392046495808e-06,0.0022662230132861265,1,0,,,,
Cora,client,7,351,1,M0,attack_nonmember,evaluation,3,0,1,1.0,1,0.07216136798854206,0.0022662230132861265,0,0,,,,
Cora,client,7,356,1,M0,attack_nonmember,evaluation,4,0,5,0.2,0,6.031445272443364,0.01952251681236835,0,1,,,,
Cora,client,7,372,0,M0,attack_nonmember,evaluation,1,0,4,0.5,0,0.9702248796867864,0.591205525878034,0,0,,,,
Cora,client,7,382,1,M0,attack_nonmember,evaluation,3,0,2,0.0,1,0.40429332733847495,0.0022662230132861265,0,0,1.656718221847092,0.1297709923664122,0.24427480916030533,0.0
Cora,client,7,420,0,M0,attack_nonmember,evaluation,4,0,2,0.5,0,2.8383044535323045,0.01952251681236835,0,1,0.9841419243298851,0.05343511450381679,0.24427480916030533,0.0
Cora,client,7,427,0,M0,attack_nonmember,evaluation,2,0,2,1.0,1,0.003703146222237862,0.09735486007255092,1,0,,,,
Cora,client,7,460,2,M0,attack_nonmember,evaluation,1,0,3,0.3333333333333333,0,2.3053206234964856,0.591205525878034,0,0,1.360769605165873,0.07633587786259542,0.24427480916030533,0.0
Cora,client,7,484,2,M0,attack_nonmember,evaluation,1,0,7,1.0,1,0.00015796705014183403,0.591205525878034,1,0,,,,
Cora,client,7,486,1,M0,attack_nonmember,evaluation,3,0,4,0.75,1,0.006607725963873017,0.0022662230132861265,0,0,,,,
Cora,client,7,506,3,M0,attack_nonmember,evaluation,6,0,4,0.5,0,1.731856352383863,0.05265556579236158,0,0,,,,
Cora,client,7,520,2,M0,attack_nonmember,evaluation,3,0,1,1.0,0,1.3811288536429034,0.0022662230132861265,0,0,,,,
Cora,client,7,536,0,M0,attack_nonmember,evaluation,2,0,1,1.0,1,0.021757282216308415,0.09735486007255092,1,0,,,,
Cora,client,7,537,0,M0,attack_nonmember,evaluation,6,0,5,1.0,1,0.0016034949809849812,0.05265556579236158,1,0,1.388850017909444,0.08396946564885496,0.24427480916030533,0.0
Cora,client,7,538,2,M0,attack_nonmember,evaluation,4,0,1,1.0,1,0.007779368147055211,0.01952251681236835,1,1,6.897052195481585,0.9770992366412213,0.24427480916030533,1.0
Cora,client,7,551,3,M0,attack_nonmember,evaluation,6,0,1,0.0,1,0.6347710691919424,0.05265556579236158,0,0,,,,
Cora,client,7,558,0,M0,attack_nonmember,evaluation,2,0,5,0.8,1,0.2154670658771065,0.09735486007255092,0,0,,,,
Cora,client,7,564,0,M0,attack_nonmember,evaluation,2,0,3,1.0,1,9.929228137655968e-05,0.09735486007255092,1,0,,,,
Cora,client,7,568,1,M0,attack_nonmember,evaluation,3,0,3,1.0,1,0.00011282669706234909,0.0022662230132861265,1,0,1.0454991965206122,0.05343511450381679,0.24427480916030533,0.0
Cora,client,7,571,2,M0,attack_nonmember,evaluation,3,0,2,1.0,1,0.032577135911965274,0.0022662230132861265,0,0,1.1307673076354408,0.061068702290076333,0.24427480916030533,0.0
Cora,client,7,592,2,M0,attack_nonmember,evaluation,3,0,1,1.0,1,0.0016102127912667225,0.0022662230132861265,1,0,,,,
Cora,client,7,609,0,M0,attack_nonmember,evaluation,2,0,8,1.0,1,8.548062807317662e-07,0.09735486007255092,1,0,,,,
Cora,client,7,656,2,M0,attack_nonmember,evaluation,1,0,3,1.0,1,0.037661154515043226,0.591205525878034,1,0,2.428384076369986,0.44274809160305345,0.24427480916030533,1.0
Cora,client,7,669,3,M0,attack_nonmember,evaluation,3,0,2,1.0,1,0.00021693802045275555,0.0022662230132861265,1,0,1.225593837477313,0.061068702290076333,0.24427480916030533,0.0
Cora,client,7,672,0,M0,attack_nonmember,evaluation,2,0,2,0.0,0,2.5054476528313234,0.09735486007255092,0,0,0.6630755824265654,0.030534351145038167,0.24427480916030533,0.0
Cora,client,7,674,2,M0,attack_nonmember,evaluation,3,0,1,0.0,1,0.8287518775639494,0.0022662230132861265,0,0,1.2040501871010345,0.061068702290076333,0.24427480916030533,0.0
Cora,client,7,681,2,M0,attack_nonmember,evaluation,3,0,4,1.0,1,4.165421152298593e-08,0.0022662230132861265,1,0,1.0240544288143485,0.05343511450381679,0.24427480916030533,0.0
Cora,client,7,683,0,M0,attack_nonmember,evaluation,1,0,2,0.5,0,1.6223304353197587,0.591205525878034,0,0,,,,
Cora,client,7,684,0,M0,attack_nonmember,evaluation,2,0,2,1.0,1,0.009711632156307007,0.09735486007255092,1,0,,,,
Cora,client,7,687,0,M0,attack_nonmember,evaluation,2,0,14,1.0,1,6.14116343478465e-05,0.09735486007255092,1,0,1.5485430974292194,0.12213740458015267,0.24427480916030533,0.0
Cora,client,7,690,2,M0,attack_nonmember,evaluation,3,0,1,1.0,1,0.0006745239983832397,0.0022662230132861265,1,0,1.2789479315926355,0.061068702290076333,0.24427480916030533,0.0
Cora,client,7,700,2,M0,attack_nonmember,evaluation,3,0,1,1.0,1,0.002405623346425475,0.0022662230132861265,0,0,1.189139461683552,0.061068702290076333,0.24427480916030533,0.0
Cora,client,7,710,0,M0,attack_nonmember,evaluation,3,0,4,1.0,1,0.002982976209987312,0.0022662230132861265,0,0,,,,
Cora,client,7,731,3,M0,attack_nonmember,evaluation,0,0,4,1.0,1,0.26084172866092237,0.27583863936296626,1,0,,,,
Cora,client,7,741,2,M0,attack_nonmember,evaluation,1,0,4,1.0,1,0.17531219934983547,0.591205525878034,1,0,,,,
Cora,client,7,746,3,M0,attack_nonmember,evaluation,3,0,3,1.0,1,0.00016330939944320902,0.0022662230132861265,1,0,,,,
Cora,client,7,757,0,M0,attack_nonmember,evaluation,2,0,3,1.0,1,0.04261044995451692,0.09735486007255092,1,0,,,,
Cora,client,7,760,0,M0,attack_nonmember,evaluation,2,0,5,0.8,1,0.3417784561286849,0.09735486007255092,0,0,1.386040035096731,0.08396946564885496,0.24427480916030533,0.0
Cora,client,7,773,2,M0,attack_nonmember,evaluation,1,0,2,0.5,1,0.10182362722456692,0.591205525878034,1,0,,,,
Cora,client,7,794,1,M0,attack_nonmember,evaluation,0,0,5,0.4,0,2.5942910493783797,0.27583863936296626,0,0,,,,
Cora,client,7,821,2,M0,attack_nonmember,evaluation,3,0,1,1.0,1,0.9424479826745478,0.0022662230132861265,0,0,,,,
Cora,client,7,824,0,M0,attack_nonmember,evaluation,2,0,1,1.0,0,1.0244110097520207,0.09735486007255092,0,0,1.4523259121045446,0.09923664122137404,0.24427480916030533,0.0
Cora,client,7,834,0,M0,attack_nonmember,evaluation,1,0,4,1.0,0,2.262221865519127,0.591205525878034,0,0,0.46535051616459877,0.015267175572519083,0.24427480916030533,0.0
Cora,client,7,862,1,M0,attack_nonmember,evaluation,4,0,2,0.5,1,0.5495858864427245,0.01952251681236835,0,1,4.158578890633252,0.8702290076335878,0.24427480916030533,1.0
Cora,client,7,863,1,M0,attack_nonmember,evaluation,0,0,5,0.2,0,2.156469401452408,0.27583863936296626,0,0,1.013984733003413,0.05343511450381679,0.24427480916030533,0.0
Cora,client,7,873,2,M0,attack_nonmember,evaluation,0,0,5,0.2,0,1.2305304772289822,0.27583863936296626,0,0,1.6661777384357797,0.1297709923664122,0.24427480916030533,0.0
Cora,client,7,885,1,M0,attack_nonmember,evaluation,5,0,5,0.6,0,1.4711309765590483,0.0986797620318588,0,0,1.0145665447414907,0.05343511450381679,0.24427480916030533,0.0
Cora,client,7,896,0,M0,attack_nonmember,evaluation,5,0,1,0.0,0,2.6176897047009526,0.0986797620318588,0,0,0.5201442916840939,0.015267175572519083,0.24427480916030533,0.0
Cora,client,7,902,0,M0,attack_nonmember,evaluation,2,0,3,1.0,1,0.0067435271108081465,0.09735486007255092,1,0,1.3964188338926176,0.08396946564885496,0.24427480916030533,0.0
Cora,client,7,923,2,M0,attack_nonmember,evaluation,3,0,1,1.0,1,0.00029637313016148527,0.0022662230132861265,1,0,1.391808845150896,0.08396946564885496,0.24427480916030533,0.0
Cora,client,7,931,0,M0,attack_nonmember,evaluation,2,0,1,1.0,0,2.159928813253675,0.09735486007255092,0,0,1.3018376686126842,0.061068702290076333,0.24427480916030533,0.0
Cora,client,7,948,2,M0,attack_nonmember,evaluation,0,0,4,0.5,1,0.494972202783195,0.27583863936296626,0,0,1.193728973327228,0.061068702290076333,0.24427480916030533,0.0
Cora,client,7,950,3,M0,attack_nonmember,evaluation,6,0,3,0.3333333333333333,1,0.33160497085449425,0.05265556579236158,0,0,,,,
Cora,client,7,952,1,M0,attack_nonmember,evaluation,3,0,2,0.0,1,0.35801256715272,0.0022662230132861265,0,0,1.5104285268736557,0.11450381679389313,0.24427480916030533,0.0
Cora,client,7,957,0,M0,attack_nonmember,evaluation,2,0,8,1.0,1,0.027495180504907162,0.09735486007255092,1,0,1.4902067208265344,0.11450381679389313,0.24427480916030533,0.0
Cora,client,7,975,1,M0,attack_nonmember,evaluation,0,0,1,1.0,1,0.01858249407028977,0.27583863936296626,1,0,1.3304698114080848,0.07633587786259542,0.24427480916030533,0.0
Cora,client,7,997,1,M0,attack_nonmember,evaluation,3,0,3,1.0,1,0.016987171971512526,0.0022662230132861265,0,0,,,,
Cora,client,7,999,0,M0,attack_nonmember,evaluation,2,0,2,1.0,1,0.0007937153633726973,0.09735486007255092,1,0,1.3070299049550718,0.061068702290076333,0.24427480916030533,0.0
Cora,client,7,1005,2,M0,attack_nonmember,evaluation,3,0,1,1.0,1,0.08886859333764643,0.0022662230132861265,0,0,,,,
Cora,client,7,1012,2,M0,attack_nonmember,evaluation,4,0,5,0.2,0,1.2900836602745054,0.01952251681236835,0,1,,,,
Cora,client,7,1014,0,M0,attack_nonmember,evaluation,3,0,1,1.0,1,0.0008843451197041645,0.0022662230132861265,1,0,1.058117986707726,0.05343511450381679,0.24427480916030533,0.0
Cora,client,7,1021,1,M0,attack_nonmember,evaluation,4,0,1,0.0,0,2.1522379809989602,0.01952251681236835,0,1,,,,
Cora,client,7,1023,2,M0,attack_nonmember,evaluation,3,0,3,1.0,1,0.000536714411401691,0.0022662230132861265,1,0,1.2124932180670942,0.061068702290076333,0.24427480916030533,0.0
Cora,client,7,1026,3,M0,attack_nonmember,evaluation,3,0,3,1.0,1,3.9519273534221226e-05,0.0022662230132861265,1,0,1.0231277267850634,0.05343511450381679,0.24427480916030533,0.0
Cora,client,7,1029,3,M0,attack_nonmember,evaluation,5,0,2,0.5,1,0.15344143692097578,0.0986797620318588,0,0,,,,
Cora,client,7,1032,2,M0,attack_nonmember,evaluation,5,0,1,1.0,1,0.00044231842725017624,0.0986797620318588,1,0,1.3655942958192668,0.07633587786259542,0.24427480916030533,0.0
Cora,client,7,1040,0,M0,attack_nonmember,evaluation,2,0,4,1.0,1,0.0006610512958169776,0.09735486007255092,1,0,,,,
Cora,client,7,1052,2,M0,attack_nonmember,evaluation,3,0,1,1.0,1,0.04397449979304092,0.0022662230132861265,0,0,,,,
Cora,client,7,1058,1,M0,attack_nonmember,evaluation,0,0,1,1.0,1,0.26782271738868474,0.27583863936296626,1,0,2.4054218798268403,0.4351145038167939,0.24427480916030533,1.0
Cora,client,7,1077,0,M0,attack_nonmember,evaluation,5,0,4,0.0,0,6.196741633034765,0.0986797620318588,0,0,0.16842162730231958,0.015267175572519083,0.24427480916030533,0.0
Cora,client,7,1079,3,M0,attack_nonmember,evaluation,0,0,2,0.5,1,0.01453858016918611,0.27583863936296626,1,0,1.5501156898437933,0.12213740458015267,0.24427480916030533,0.0
Cora,client,7,1090,0,M0,attack_nonmember,evaluation,3,0,7,1.0,1,0.0001890221612998972,0.0022662230132861265,1,0,,,,
Cora,client,7,1100,2,M0,attack_nonmember,evaluation,3,0,2,1.0,1,0.03245342886970616,0.0022662230132861265,0,0,,,,
Cora,client,7,1114,0,M0,attack_nonmember,evaluation,2,0,2,1.0,1,0.0016594308393728977,0.09735486007255092,1,0,,,,
Cora,client,7,1122,3,M0,attack_nonmember,evaluation,5,0,1,1.0,1,0.004002744791465339,0.0986797620318588,1,0,,,,
Cora,client,7,1134,1,M0,attack_nonmember,evaluation,3,0,3,1.0,1,0.00032337506674673974,0.0022662230132861265,1,0,1.0606623057032214,0.05343511450381679,0.24427480916030533,0.0
Cora,client,7,1152,1,M0,attack_nonmember,evaluation,0,0,2,0.5,0,0.8641261151443378,0.27583863936296626,0,0,1.1427757429737435,0.061068702290076333,0.24427480916030533,0.0
Cora,client,7,1163,3,M0,attack_nonmember,evaluation,6,0,2,1.0,1,0.034265106617675574,0.05265556579236158,1,0,1.221088988713729,0.061068702290076333,0.24427480916030533,0.0
Cora,client,7,1175,0,M0,attack_nonmember,evaluation,3,0,2,0.5,1,0.013881354944791445,0.0022662230132861265,0,0,,,,
Cora,client,7,1187,3,M0,attack_nonmember,evaluation,0,0,2,1.0,1,0.0406047832484049,0.27583863936296626,1,0,1.9395662384385226,0.15267175572519084,0.24427480916030533,0.0
Cora,client,7,1196,2,M0,attack_nonmember,evaluation,4,0,4,0.25,0,8.172227000873072,0.01952251681236835,0,1,0.9373697965986135,0.05343511450381679,0.24427480916030533,0.0
Cora,client,7,1215,1,M0,attack_nonmember,evaluation,6,0,3,0.0,0,2.195459851679845,0.05265556579236158,0,0,0.8370713410900182,0.04580152671755725,0.24427480916030533,0.0
Cora,client,7,1227,1,M0,attack_nonmember,evaluation,5,0,1,1.0,1,0.025788153525320493,0.0986797620318588,1,0,1.1460888372801483,0.061068702290076333,0.24427480916030533,0.0
Cora,client,7,1236,2,M0,attack_nonmember,evaluation,6,0,1,1.0,1,0.00035701393601258156,0.05265556579236158,1,0,,,,
Cora,client,7,1244,2,M0,attack_nonmember,evaluation,1,0,1,0.0,0,3.72074420342963,0.591205525878034,0,0,,,,
Cora,client,7,1263,2,M0,attack_nonmember,evaluation,2,0,1,1.0,1,4.9253454513109974e-05,0.09735486007255092,1,0,,,,
Cora,client,7,1271,0,M0,attack_nonmember,evaluation,3,0,5,1.0,1,0.0004028822455479724,0.0022662230132861265,1,0,,,,
Cora,client,7,1285,3,M0,attack_nonmember,evaluation,0,0,2,1.0,1,0.6518202130630961,0.27583863936296626,0,0,2.259975249063363,0.3816793893129771,0.24427480916030533,1.0
Cora,client,7,1287,0,M0,attack_nonmember,evaluation,2,0,4,1.0,1,2.465724825943828e-05,0.09735486007255092,1,0,1.4354531383002036,0.0916030534351145,0.24427480916030533,0.0
Cora,client,7,1290,3,M0,attack_nonmember,evaluation,3,0,3,1.0,1,0.014711485821439111,0.0022662230132861265,0,0,,,,
Cora,client,7,1291,3,M0,attack_nonmember,evaluation,6,0,3,0.6666666666666666,0,1.2142126253514105,0.05265556579236158,0,0,,,,
Cora,client,7,1292,0,M0,attack_nonmember,evaluation,2,0,3,1.0,1,0.019749866882470716,0.09735486007255092,1,0,,,,
Cora,client,7,1293,1,M0,attack_nonmember,evaluation,0,0,2,1.0,1,0.02559615788263666,0.27583863936296626,1,0,1.2977483128894345,0.061068702290076333,0.24427480916030533,0.0
Cora,client,7,1295,2,M0,attack_nonmember,evaluation,3,0,2,1.0,1,0.0011102621398345442,0.0022662230132861265,1,0,1.0682199617233938,0.05343511450381679,0.24427480916030533,0.0
Cora,client,7,1301,2,M0,attack_nonmember,evaluation,3,0,5,1.0,1,0.0008613575358257442,0.0022662230132861265,1,0,1.4798426207343898,0.10687022900763359,0.24427480916030533,0.0
Cora,client,7,1302,3,M0,attack_nonmember,evaluation,0,0,1,1.0,1,0.05677435479404728,0.27583863936296626,1,0,,,,
Cora,client,7,1312,3,M0,attack_nonmember,evaluation,5,0,3,1.0,1,0.02565022322955285,0.0986797620318588,1,0,1.3647798522695156,0.07633587786259542,0.24427480916030533,0.0
Cora,client,7,1315,2,M0,attack_nonmember,evaluation,3,0,2,1.0,1,0.06499172416983602,0.0022662230132861265,0,0,,,,
Cora,client,7,1371,2,M0,attack_nonmember,evaluation,3,0,1,1.0,0,2.996282843350527,0.0022662230132861265,0,0,,,,
Cora,client,7,1389,0,M0,attack_nonmember,evaluation,2,0,3,1.0,1,0.007951759496467453,0.09735486007255092,1,0,,,,
Cora,client,7,1417,1,M0,attack_nonmember,evaluation,4,0,4,1.0,1,0.01245517526925503,0.01952251681236835,1,1,1.8738400964329003,0.15267175572519084,0.24427480916030533,0.0
Cora,client,7,1420,1,M0,attack_nonmember,evaluation,6,0,3,1.0,1,0.012966450434399994,0.05265556579236158,1,0,,,,
Cora,client,7,1433,0,M0,attack_nonmember,evaluation,2,0,3,1.0,0,0.9710853756842318,0.09735486007255092,0,0,1.30449968526342,0.061068702290076333,0.24427480916030533,0.0
Cora,client,7,1438,2,M0,attack_nonmember,evaluation,3,0,1,1.0,1,0.17538881887727026,0.0022662230132861265,0,0,1.2607184708787138,0.061068702290076333,0.24427480916030533,0.0
Cora,client,7,1473,2,M0,attack_nonmember,evaluation,3,0,4,1.0,1,0.0006088673817476714,0.0022662230132861265,1,0,,,,
Cora,client,7,1478,3,M0,attack_nonmember,evaluation,5,0,2,1.0,1,0.008732736449923062,0.0986797620318588,1,0,,,,
Cora,client,7,1483,0,M0,attack_nonmember,evaluation,2,0,20,0.8,1,9.291303228486914e-05,0.09735486007255092,1,0,,,,
Cora,client,7,1485,3,M0,attack_nonmember,evaluation,6,0,1,1.0,1,0.6755370162967842,0.05265556579236158,0,0,1.0610731430885338,0.05343511450381679,0.24427480916030533,0.0
Cora,client,7,1488,0,M0,attack_nonmember,evaluation,3,0,4,1.0,1,0.00013450042375790316,0.0022662230132861265,1,0,1.0393820549590223,0.05343511450381679,0.24427480916030533,0.0
Cora,client,7,1517,3,M0,attack_nonmember,evaluation,0,0,2,1.0,1,0.13068097469270382,0.27583863936296626,1,0,2.0470968632437714,0.22137404580152673,0.24427480916030533,0.0
Cora,client,7,1521,3,M0,attack_nonmember,evaluation,0,0,2,1.0,1,0.0722191350525519,0.27583863936296626,1,0,,,,
Cora,client,7,1536,3,M0,attack_nonmember,evaluation,0,0,4,1.0,0,0.8679699830064431,0.27583863936296626,0,0,1.5099301576971798,0.11450381679389313,0.24427480916030533,0.0
Cora,client,7,1544,1,M0,attack_nonmember,evaluation,5,0,1,0.0,0,4.433336250199087,0.0986797620318588,0,0,,,,
Cora,client,7,1546,0,M0,attack_nonmember,evaluation,2,0,4,1.0,1,0.0031717418631569804,0.09735486007255092,1,0,,,,
Cora,client,7,1551,2,M0,attack_nonmember,evaluation,1,0,2,1.0,1,0.23570140991235436,0.591205525878034,1,0,,,,
Cora,client,7,1553,3,M0,attack_nonmember,evaluation,5,0,4,1.0,1,0.0009009383200062246,0.0986797620318588,1,0,1.364706057206121,0.07633587786259542,0.24427480916030533,0.0
Cora,client,7,1554,1,M0,attack_nonmember,evaluation,3,0,4,1.0,1,0.000452155922739555,0.0022662230132861265,1,0,,,,
Cora,client,7,1556,0,M0,attack_nonmember,evaluation,0,0,1,1.0,0,1.5171236346565615,0.27583863936296626,0,0,,,,
Cora,client,7,1570,2,M0,attack_nonmember,evaluation,3,0,3,1.0,1,0.007225648224714802,0.0022662230132861265,0,0,1.195240194602582,0.061068702290076333,0.24427480916030533,0.0
Cora,client,7,1582,1,M0,attack_nonmember,evaluation,3,0,1,1.0,1,7.579193698012797e-06,0.0022662230132861265,1,0,1.0184984386728841,0.05343511450381679,0.24427480916030533,0.0
Cora,client,7,1595,3,M0,attack_nonmember,evaluation,3,0,1,0.0,1,0.0002606765057827018,0.0022662230132861265,1,0,1.0832925009832723,0.061068702290076333,0.24427480916030533,0.0
Cora,client,7,1604,0,M0,attack_nonmember,evaluation,2,0,4,1.0,1,0.0033983786587896466,0.09735486007255092,1,0,1.3566032861290949,0.07633587786259542,0.24427480916030533,0.0
Cora,client,7,1619,3,M0,attack_nonmember,evaluation,5,0,2,1.0,1,0.009308759092593332,0.0986797620318588,1,0,,,,
Cora,client,7,1624,2,M0,attack_nonmember,evaluation,1,0,17,0.8235294117647058,1,0.00011879884379504758,0.591205525878034,1,0,,,,
Cora,client,7,1662,1,M0,attack_nonmember,evaluation,3,0,4,1.0,1,0.00047750276005727903,0.0022662230132861265,1,0,,,,
Cora,client,7,1671,1,M0,attack_nonmember,evaluation,4,0,6,0.3333333333333333,0,2.90505874205913,0.01952251681236835,0,1,0.8710082873873402,0.04580152671755725,0.24427480916030533,0.0
Cora,client,7,1675,1,M0,attack_nonmember,evaluation,6,0,2,1.0,1,0.008360965453772445,0.05265556579236158,1,0,1.178737741114645,0.061068702290076333,0.24427480916030533,0.0
Cora,client,7,1692,0,M0,attack_nonmember,evaluation,3,0,13,1.0,0,2.4432046556611655,0.0022662230132861265,0,0,,,,
Cora,client,7,1695,3,M0,attack_nonmember,evaluation,0,0,3,0.6666666666666666,1,0.00591225592510314,0.27583863936296626,1,0,1.5456991790336079,0.12213740458015267,0.24427480916030533,0.0
Cora,client,7,1704,1,M0,attack_nonmember,evaluation,3,0,3,0.6666666666666666,1,0.41352670286442866,0.0022662230132861265,0,0,,,,
Cora,client,7,1716,0,M0,attack_nonmember,evaluation,2,0,4,1.0,1,0.0012460047048812252,0.09735486007255092,1,0,,,,
Cora,client,7,1720,0,M0,attack_nonmember,evaluation,2,0,4,1.0,1,0.0006610512958169776,0.09735486007255092,1,0,1.3150278549919394,0.06870229007633588,0.24427480916030533,0.0
Cora,client,7,1724,0,M0,attack_nonmember,evaluation,2,0,5,0.4,1,0.2452520725751921,0.09735486007255092,0,0,1.5462065475869817,0.12213740458015267,0.24427480916030533,0.0
Cora,client,7,1727,0,M0,attack_nonmember,evaluation,2,0,3,1.0,1,0.007232073132270816,0.09735486007255092,1,0,,,,
Cora,client,7,1737,0,M0,attack_nonmember,evaluation,2,0,6,1.0,1,0.0001594294508808064,0.09735486007255092,1,0,,,,
Cora,client,7,1741,1,M0,attack_nonmember,evaluation,3,0,3,0.3333333333333333,0,3.0114144346559186,0.0022662230132861265,0,0,0.538726881421137,0.015267175572519083,0.24427480916030533,0.0
Cora,client,7,1759,2,M0,attack_nonmember,evaluation,2,0,2,1.0,1,0.002204782185503671,0.09735486007255092,1,0,1.4953257904842023,0.11450381679389313,0.24427480916030533,0.0
Cora,client,7,1761,3,M0,attack_nonmember,evaluation,2,0,4,0.5,1,0.16047547477553803,0.09735486007255092,0,0,1.403169862730865,0.08396946564885496,0.24427480916030533,0.0
Cora,client,7,1768,1,M0,attack_nonmember,evaluation,1,0,2,0.5,1,0.2652945677084343,0.591205525878034,1,0,1.2916982297888382,0.061068702290076333,0.24427480916030533,0.0
Cora,client,7,1771,2,M0,attack_nonmember,evaluation,1,0,3,1.0,1,0.010402449446707204,0.591205525878034,1,0,,,,
Cora,client,7,1772,2,M0,attack_nonmember,evaluation,1,0,8,1.0,1,1.764945912466299e-05,0.591205525878034,1,0,,,,
Cora,client,7,1797,2,M0,attack_nonmember,evaluation,1,0,5,0.4,1,0.41260907334138464,0.591205525878034,1,0,,,,
Cora,client,7,1810,1,M0,attack_nonmember,evaluation,3,0,33,0.9696969696969696,1,2.542245257209189e-08,0.0022662230132861265,1,0,1.0017609256842472,0.05343511450381679,0.24427480916030533,0.0
Cora,client,7,1822,1,M0,attack_nonmember,evaluation,3,0,2,1.0,1,0.00024182949046575353,0.0022662230132861265,1,0,,,,
Cora,client,7,1849,3,M0,attack_nonmember,evaluation,6,0,6,0.8333333333333334,1,0.04532417879142635,0.05265556579236158,1,0,,,,
Cora,client,7,1850,3,M0,attack_nonmember,evaluation,0,0,3,1.0,1,0.03250341424666342,0.27583863936296626,1,0,7.375145119102569,0.9770992366412213,0.24427480916030533,1.0
Cora,client,7,1856,2,M0,attack_nonmember,evaluation,1,0,5,0.8,1,0.036897985522847024,0.591205525878034,1,0,2.509623024129258,0.46564885496183206,0.24427480916030533,1.0
Cora,client,7,1863,2,M0,attack_nonmember,evaluation,3,0,2,1.0,1,0.011123997875542177,0.0022662230132861265,0,0,1.1216768351633986,0.061068702290076333,0.24427480916030533,0.0
Cora,client,7,1920,3,M0,attack_nonmember,evaluation,0,0,5,0.4,1,1.1681646079797594,0.27583863936296626,0,0,,,,
Cora,client,7,1921,3,M0,attack_nonmember,evaluation,0,0,1,1.0,1,0.016048310017543796,0.27583863936296626,1,0,1.713864848942313,0.15267175572519084,0.24427480916030533,0.0
Cora,client,7,1959,3,M0,attack_nonmember,evaluation,5,0,5,1.0,1,3.417784572893738e-05,0.0986797620318588,1,0,,,,
Cora,client,7,1962,3,M0,attack_nonmember,evaluation,5,0,3,1.0,1,0.03019809085563266,0.0986797620318588,1,0,,,,
Cora,client,7,1973,3,M0,attack_nonmember,evaluation,6,0,9,0.4444444444444444,1,0.45734456400759804,0.05265556579236158,0,0,,,,
Cora,client,7,2023,3,M0,attack_nonmember,evaluation,5,0,2,0.5,0,1.3937533760153749,0.0986797620318588,0,0,1.5260593663048378,0.11450381679389313,0.24427480916030533,0.0
Cora,client,7,2030,3,M0,attack_nonmember,evaluation,6,0,3,0.6666666666666666,0,1.8409691540780102,0.05265556579236158,0,0,,,,
Cora,client,7,2034,1,M0,attack_nonmember,evaluation,4,0,31,0.2580645161290322,0,2.911874879556885,0.01952251681236835,0,1,1.8656508459004684,0.15267175572519084,0.24427480916030533,0.0
Cora,client,7,2036,1,M0,attack_nonmember,evaluation,3,0,2,0.5,1,0.004162130111602453,0.0022662230132861265,0,0,,,,
Cora,client,7,2043,1,M0,attack_nonmember,evaluation,4,0,2,0.5,1,0.6240134346142954,0.01952251681236835,0,1,,,,
Cora,client,7,2052,3,M0,attack_nonmember,evaluation,0,0,4,1.0,1,0.17375042397154672,0.27583863936296626,1,0,,,,
Cora,client,7,2054,3,M0,attack_nonmember,evaluation,0,0,9,1.0,1,0.001769275909618221,0.27583863936296626,1,0,,,,
Cora,client,7,2063,3,M0,attack_nonmember,evaluation,3,0,5,1.0,1,1.2593541019179465e-05,0.0022662230132861265,1,0,1.0222507238174914,0.05343511450381679,0.24427480916030533,0.0
Cora,client,7,2064,3,M0,attack_nonmember,evaluation,3,0,2,1.0,1,0.0021808859079122506,0.0022662230132861265,1,0,1.0851163486445563,0.061068702290076333,0.24427480916030533,0.0
Cora,client,7,2108,3,M0,attack_nonmember,evaluation,3,0,1,0.0,0,3.5424810755142513,0.0022662230132861265,0,0,,,,
Cora,client,7,2109,1,M0,attack_nonmember,evaluation,6,0,5,1.0,1,0.056189195219046306,0.05265556579236158,0,0,,,,
Cora,client,7,2116,1,M0,attack_nonmember,evaluation,0,0,1,0.0,1,0.17809119597541884,0.27583863936296626,1,0,,,,
Cora,client,7,2137,1,M0,attack_nonmember,evaluation,0,0,3,0.0,1,0.27041055847689927,0.27583863936296626,1,0,,,,
Cora,client,7,2141,2,M0,attack_nonmember,evaluation,3,0,4,1.0,1,4.061426106740567e-06,0.0022662230132861265,1,0,,,,
Cora,client,7,2144,3,M0,attack_nonmember,evaluation,1,0,6,1.0,1,1.685163772560509e-05,0.591205525878034,1,0,1.345447775621315,0.07633587786259542,0.24427480916030533,0.0
Cora,client,7,2148,3,M0,attack_nonmember,evaluation,3,0,4,1.0,1,0.0018013197210973546,0.0022662230132861265,1,0,,,,
Cora,client,7,2156,1,M0,attack_nonmember,evaluation,0,0,3,0.6666666666666666,1,0.06306192364452708,0.27583863936296626,1,0,,,,
Cora,client,7,2175,3,M0,attack_nonmember,evaluation,2,0,5,0.2,0,1.928468561003871,0.09735486007255092,0,0,,,,
Cora,client,7,2178,1,M0,attack_nonmember,evaluation,5,0,7,0.7142857142857143,0,3.189926256807299,0.0986797620318588,0,0,0.4720395460971628,0.015267175572519083,0.24427480916030533,0.0
Cora,client,7,2184,3,M0,attack_nonmember,evaluation,5,0,2,1.0,1,0.008775669219056873,0.0986797620318588,1,0,1.8567536897255694,0.15267175572519084,0.24427480916030533,0.0
Cora,client,7,2185,1,M0,attack_nonmember,evaluation,5,0,4,0.75,1,0.12584965648002633,0.0986797620318588,0,0,,,,
Cora,client,7,2196,3,M0,attack_nonmember,evaluation,0,0,2,1.0,1,0.08271421913761287,0.27583863936296626,1,0,1.5291751768115707,0.11450381679389313,0.24427480916030533,0.0
Cora,client,7,2201,3,M0,attack_nonmember,evaluation,0,0,2,1.0,1,0.3788111653490214,0.27583863936296626,0,0,,,,
Cora,client,7,2202,3,M0,attack_nonmember,evaluation,0,0,4,1.0,1,0.011600629728817634,0.27583863936296626,1,0,,,,
Cora,client,7,2220,0,M0,attack_nonmember,evaluation,2,0,5,1.0,1,0.0006126639854954802,0.09735486007255092,1,0,1.16979202304422,0.061068702290076333,0.24427480916030533,0.0
Cora,client,7,2231,1,M0,attack_nonmember,evaluation,0,0,1,0.0,0,7.610461729862194,0.27583863936296626,0,0,,,,
Cora,client,7,2246,3,M0,attack_nonmember,evaluation,0,0,4,0.0,0,17.26345352087345,0.27583863936296626,0,0,,,,
Cora,client,7,2268,1,M0,attack_nonmember,evaluation,0,0,6,0.3333333333333333,0,5.332881352796995,0.27583863936296626,0,0,,,,
Cora,client,7,2269,3,M0,attack_nonmember,evaluation,5,0,7,1.0,1,7.315497487520372e-06,0.0986797620318588,1,0,1.2211815791238818,0.061068702290076333,0.24427480916030533,0.0
Cora,client,7,2285,3,M0,attack_nonmember,evaluation,5,0,4,0.75,1,0.00010605490227917868,0.0986797620318588,1,0,,,,
Cora,client,7,2296,1,M0,attack_nonmember,evaluation,3,0,3,1.0,1,2.295515550338123e-05,0.0022662230132861265,1,0,1.0726479616565243,0.05343511450381679,0.24427480916030533,0.0
Cora,client,7,2313,2,M0,attack_nonmember,evaluation,2,0,2,0.0,0,1.3654313804299145,0.09735486007255092,0,0,1.2733767585591937,0.061068702290076333,0.24427480916030533,0.0
Cora,client,7,2323,0,M0,attack_nonmember,evaluation,4,0,2,0.0,1,0.7314428940161728,0.01952251681236835,0,1,1.9404152329734456,0.15267175572519084,0.24427480916030533,0.0
Cora,client,7,2370,0,M0,attack_nonmember,evaluation,3,0,3,1.0,1,0.015270238673129287,0.0022662230132861265,0,0,,,,
Cora,client,7,2385,1,M0,attack_nonmember,evaluation,4,0,5,0.0,0,7.113817010772506,0.01952251681236835,0,1,0.8545928600080225,0.04580152671755725,0.24427480916030533,0.0
Cora,client,7,2391,0,M0,attack_nonmember,evaluation,2,0,4,1.0,1,0.010772102436071553,0.09735486007255092,1,0,1.4200010595267032,0.0916030534351145,0.24427480916030533,0.0
Cora,client,7,2395,1,M0,attack_nonmember,evaluation,6,0,5,1.0,1,0.008443887173581738,0.05265556579236158,1,0,1.2582307083387505,0.061068702290076333,0.24427480916030533,0.0
Cora,client,7,2404,1,M0,attack_nonmember,evaluation,0,0,1,1.0,1,0.3692143507569046,0.27583863936296626,0,0,1.328511790280172,0.07633587786259542,0.24427480916030533,0.0
Cora,client,7,2407,3,M0,attack_nonmember,evaluation,5,0,3,1.0,1,0.004478624165371388,0.0986797620318588,1,0,2.248542134605745,0.366412213740458,0.24427480916030533,1.0
Cora,client,7,2411,2,M0,attack_nonmember,evaluation,3,0,1,1.0,1,0.0013634322974740505,0.0022662230132861265,1,0,,,,
Cora,client,7,2413,0,M0,attack_nonmember,evaluation,3,0,3,0.3333333333333333,1,0.45067106190947714,0.0022662230132861265,0,0,1.0397923503076139,0.05343511450381679,0.24427480916030533,0.0
Cora,client,7,2420,0,M0,attack_nonmember,evaluation,3,0,1,1.0,1,0.2040332178212918,0.0022662230132861265,0,0,1.5219253794521377,0.11450381679389313,0.24427480916030533,0.0
Cora,client,7,2423,2,M0,attack_nonmember,evaluation,6,0,2,0.5,0,2.6859295308388402,0.05265556579236158,0,0,0.5108742023116659,0.015267175572519083,0.24427480916030533,0.0
Cora,client,7,2428,1,M0,attack_nonmember,evaluation,5,0,1,0.0,1,0.8436219521098614,0.0986797620318588,0,0,,,,
Cora,client,7,2429,2,M0,attack_nonmember,evaluation,1,0,1,0.0,1,0.5866839592941975,0.591205525878034,1,0,2.095259179887269,0.25190839694656486,0.24427480916030533,1.0
Cora,client,7,2436,3,M0,attack_nonmember,evaluation,4,0,4,0.0,0,3.4295456743546735,0.01952251681236835,0,1,,,,
Cora,client,7,2442,0,M0,attack_nonmember,evaluation,2,0,5,1.0,1,0.00016188561490773406,0.09735486007255092,1,0,,,,
Cora,client,7,2444,0,M0,attack_nonmember,evaluation,2,0,6,1.0,1,0.0018881199189614698,0.09735486007255092,1,0,,,,
Cora,client,7,2455,1,M0,attack_nonmember,evaluation,6,0,4,1.0,1,0.001664278127169929,0.05265556579236158,1,0,,,,
Cora,client,7,2457,3,M0,attack_nonmember,evaluation,6,0,4,1.0,1,0.0016373159466594464,0.05265556579236158,1,0,1.3087450362905482,0.061068702290076333,0.24427480916030533,0.0
Cora,client,7,2459,0,M0,attack_nonmember,evaluation,3,0,2,0.0,1,0.05755421144894916,0.0022662230132861265,0,0,,,,
Cora,client,7,2471,1,M0,attack_nonmember,evaluation,3,0,2,1.0,1,0.0628282567034361,0.0022662230132861265,0,0,,,,
Cora,client,7,2476,0,M0,attack_nonmember,evaluation,2,0,7,1.0,1,7.096285282303345e-05,0.09735486007255092,1,0,1.1864281960386558,0.061068702290076333,0.24427480916030533,0.0
Cora,client,7,2486,3,M0,attack_nonmember,evaluation,3,0,3,1.0,1,0.006010769132562147,0.0022662230132861265,0,0,1.412131387341636,0.0916030534351145,0.24427480916030533,0.0
Cora,client,7,2491,3,M0,attack_nonmember,evaluation,5,0,3,1.0,1,0.001570704859988435,0.0986797620318588,1,0,1.3020387021205113,0.061068702290076333,0.24427480916030533,0.0
Cora,client,7,2522,0,M0,attack_nonmember,evaluation,2,0,3,1.0,1,0.0007354079540232857,0.09735486007255092,1,0,,,,
Cora,client,7,2536,0,M0,attack_nonmember,evaluation,4,0,1,1.0,1,0.1062585145494072,0.01952251681236835,0,1,2.666920104554031,0.5419847328244275,0.24427480916030533,1.0
Cora,client,7,2539,3,M0,attack_nonmember,evaluation,3,0,4,1.0,1,1.7651066244590093e-05,0.0022662230132861265,1,0,,,,
Cora,client,7,2584,0,M0,attack_nonmember,evaluation,1,0,1,1.0,0,4.776781506773145,0.591205525878034,0,0,0.351403577006896,0.015267175572519083,0.24427480916030533,0.0
Cora,client,7,2585,0,M0,attack_nonmember,evaluation,2,0,2,1.0,0,2.024601367051304,0.09735486007255092,0,0,,,,
Cora,client,7,2625,2,M0,attack_nonmember,evaluation,3,0,1,1.0,1,2.5336999502774015e-07,0.0022662230132861265,1,0,,,,
Cora,client,7,2638,3,M0,attack_nonmember,evaluation,6,0,1,1.0,1,0.354024155961135,0.05265556579236158,0,0,1.2008230999790102,0.061068702290076333,0.24427480916030533,0.0
Cora,client,7,2650,2,M0,attack_nonmember,evaluation,3,0,1,1.0,1,0.00532042427534447,0.0022662230132861265,0,0,1.101247731610768,0.061068702290076333,0.24427480916030533,0.0
Cora,client,7,2660,2,M0,attack_nonmember,evaluation,4,0,1,0.0,0,0.9246863380735937,0.01952251681236835,0,1,2.077860020256017,0.24427480916030533,0.24427480916030533,0.0
Cora,client,7,2667,1,M0,attack_nonmember,evaluation,3,0,6,1.0,1,0.0009475284401741859,0.0022662230132861265,1,0,,,,
Cora,client,7,2685,0,M0,attack_nonmember,evaluation,2,0,4,1.0,1,0.024408375801590873,0.09735486007255092,1,0,1.420136448551983,0.0916030534351145,0.24427480916030533,0.0
Cora,client,7,2697,2,M0,attack_nonmember,evaluation,3,0,1,1.0,1,4.103541894453036e-06,0.0022662230132861265,1,0,,,,
Cora,client,7,2703,2,M0,attack_nonmember,evaluation,3,0,1,1.0,1,2.029706712110206e-05,0.0022662230132861265,1,0,,,,
Cora,client,7,2706,2,M0,attack_nonmember,evaluation,3,0,4,1.0,1,0.0006076881151811076,0.0022662230132861265,1,0,1.055809114401697,0.05343511450381679,0.24427480916030533,0.0
Cora,client,7,22,4,MR,F,evaluation,4,0,5,1.0,1,0.25482770856704895,0.01952251681236835,0,1,2.8262806786204906,0.6335877862595419,0.13740458015267176,1.0
Cora,client,7,40,4,MR,F,evaluation,3,0,3,1.0,1,0.016093600807040587,0.0022662230132861265,0,0,1.303823906747641,0.06870229007633588,0.13740458015267176,0.0
Cora,client,7,43,4,MR,F,evaluation,4,0,6,1.0,1,0.9501245240517355,0.01952251681236835,0,1,1.9640446572100736,0.13740458015267176,0.13740458015267176,0.0
Cora,client,7,50,4,MR,F,evaluation,5,0,1,1.0,1,1.0516062990885326,0.0986797620318588,0,0,0.9646915248143785,0.03816793893129771,0.13740458015267176,0.0
Cora,client,7,61,4,MR,F,evaluation,0,0,4,0.5,0,1.6012510974314127,0.27583863936296626,0,0,1.6398655683466856,0.11450381679389313,0.13740458015267176,0.0
Cora,client,7,91,4,MR,F,evaluation,4,0,6,1.0,1,0.5087609486483073,0.01952251681236835,0,1,4.786752658375394,0.9083969465648855,0.13740458015267176,1.0
Cora,client,7,129,4,MR,F,evaluation,5,0,1,1.0,1,0.3272284693568038,0.0986797620318588,0,0,1.6135956895611554,0.10687022900763359,0.13740458015267176,0.0
Cora,client,7,148,4,MR,F,evaluation,4,0,5,1.0,1,0.7473195093042668,0.01952251681236835,0,1,2.7207168627319267,0.5877862595419847,0.13740458015267176,1.0
Cora,client,7,150,4,MR,F,evaluation,3,0,3,1.0,1,0.12197718248879755,0.0022662230132861265,0,0,0.9267864259403052,0.03816793893129771,0.13740458015267176,0.0
Cora,client,7,177,4,MR,F,evaluation,4,0,4,1.0,1,0.5016616898833467,0.01952251681236835,0,1,3.9774630203759216,0.8625954198473282,0.13740458015267176,1.0
Cora,client,7,196,4,MR,F,evaluation,4,0,2,1.0,0,2.140619384707085,0.01952251681236835,0,1,2.061659603337033,0.1984732824427481,0.13740458015267176,1.0
Cora,client,7,214,4,MR,F,evaluation,0,0,1,1.0,1,0.3768156508980963,0.27583863936296626,0,0,1.5532350494922815,0.0916030534351145,0.13740458015267176,0.0
Cora,client,7,217,4,MR,F,evaluation,4,0,3,1.0,1,0.02956703578105603,0.01952251681236835,0,1,3.595177797227534,0.8396946564885496,0.13740458015267176,1.0
Cora,client,7,241,4,MR,F,evaluation,5,0,1,1.0,1,0.4808497263112743,0.0986797620318588,0,0,0.989147758167071,0.03816793893129771,0.13740458015267176,0.0
Cora,client,7,251,4,MR,F,evaluation,3,0,7,1.0,1,0.016634113092707167,0.0022662230132861265,0,0,1.401690584432681,0.08396946564885496,0.13740458015267176,0.0
Cora,client,7,254,4,MR,F,evaluation,3,0,2,1.0,0,1.8344809344594566,0.0022662230132861265,0,0,0.5187582427516965,0.015267175572519083,0.13740458015267176,0.0
Cora,client,7,283,4,MR,F,evaluation,4,0,2,1.0,0,1.873472622530255,0.01952251681236835,0,1,4.3290400542308936,0.9007633587786259,0.13740458015267176,1.0
Cora,client,7,310,4,MR,F,evaluation,3,0,16,1.0,1,2.488722113239705e-06,0.0022662230132861265,1,0,1.008795288705776,0.03816793893129771,0.13740458015267176,0.0
Cora,client,7,332,4,MR,F,evaluation,3,0,4,0.25,1,0.04248878721902036,0.0022662230132861265,0,0,1.1101329231872195,0.05343511450381679,0.13740458015267176,0.0
Cora,client,7,338,4,MR,F,evaluation,3,0,3,1.0,1,0.07317351514515982,0.0022662230132861265,0,0,1.6285461289490655,0.10687022900763359,0.13740458015267176,0.0
Cora,client,7,348,4,MR,F,evaluation,4,0,4,1.0,1,0.3529197250733072,0.01952251681236835,0,1,3.411106806667304,0.8320610687022901,0.13740458015267176,1.0
Cora,client,7,352,4,MR,F,evaluation,3,0,2,1.0,1,0.007035451076261727,0.0022662230132861265,0,0,1.105935311658974,0.05343511450381679,0.13740458015267176,0.0
Cora,client,7,378,4,MR,F,evaluation,4,0,2,1.0,0,1.3357825407241137,0.01952251681236835,0,1,3.0334670206163525,0.7251908396946565,0.13740458015267176,1.0
Cora,client,7,428,4,MR,F,evaluation,4,0,5,1.0,1,0.38018555359959283,0.01952251681236835,0,1,2.946271493761669,0.6641221374045801,0.13740458015267176,1.0
Cora,client,7,442,4,MR,F,evaluation,4,0,8,1.0,0,1.3557808094201664,0.01952251681236835,0,1,3.752389687600146,0.8549618320610687,0.13740458015267176,1.0
Cora,client,7,488,4,MR,F,evaluation,4,0,2,1.0,1,0.3974687735247534,0.01952251681236835,0,1,1.522260144978603,0.08396946564885496,0.13740458015267176,0.0
Cora,client,7,507,4,MR,F,evaluation,3,0,18,1.0,1,0.023075037361073143,0.0022662230132861265,0,0,1.2665176730654693,0.05343511450381679,0.13740458015267176,0.0
Cora,client,7,515,4,MR,F,evaluation,4,0,6,1.0,1,0.06379446614190894,0.01952251681236835,0,1,1.9194483618632883,0.13740458015267176,0.13740458015267176,0.0
Cora,client,7,540,4,MR,F,evaluation,5,0,5,1.0,1,0.004084526014228679,0.0986797620318588,1,0,1.2218514098939013,0.05343511450381679,0.13740458015267176,0.0
Cora,client,7,572,4,MR,F,evaluation,0,0,2,1.0,1,0.7141031874669079,0.27583863936296626,0,0,1.746165972817436,0.12213740458015267,0.13740458015267176,0.0
Cora,client,7,588,4,MR,F,evaluation,4,0,4,1.0,0,1.4007713953726475,0.01952251681236835,0,1,1.992822837891115,0.13740458015267176,0.13740458015267176,0.0
Cora,client,7,665,4,MR,F,evaluation,4,0,5,0.4,0,2.0753570134173587,0.01952251681236835,0,1,9.737032823881254,0.9847328244274809,0.13740458015267176,1.0
Cora,client,7,706,4,MR,F,evaluation,4,0,5,1.0,1,0.6163029805070956,0.01952251681236835,0,1,2.108884479830257,0.20610687022900764,0.13740458015267176,1.0
Cora,client,7,739,4,MR,F,evaluation,5,0,7,1.0,1,0.014036323083853636,0.0986797620318588,1,0,1.6294534091759054,0.10687022900763359,0.13740458015267176,0.0
Cora,client,7,749,4,MR,F,evaluation,4,0,2,0.0,0,1.984509744941539,0.01952251681236835,0,1,3.05293816968376,0.7480916030534351,0.13740458015267176,1.0
Cora,client,7,750,4,MR,F,evaluation,5,0,1,1.0,1,1.119551809447207,0.0986797620318588,0,0,0.8423768908736426,0.030534351145038167,0.13740458015267176,0.0
Cora,client,7,761,4,MR,F,evaluation,4,0,2,1.0,0,1.2759583159150825,0.01952251681236835,0,1,1.8493910723147389,0.13740458015267176,0.13740458015267176,0.0
Cora,client,7,782,4,MR,F,evaluation,4,0,1,1.0,0,2.6947870601385326,0.01952251681236835,0,1,0.4293235637980205,0.015267175572519083,0.13740458015267176,0.0
Cora,client,7,828,4,MR,F,evaluation,4,0,3,1.0,1,0.21537035387097866,0.01952251681236835,0,1,1.9455009305799984,0.13740458015267176,0.13740458015267176,0.0
Cora,client,7,837,4,MR,F,evaluation,4,0,3,1.0,1,0.2541608912266744,0.01952251681236835,0,1,3.3668428361304232,0.8091603053435115,0.13740458015267176,1.0
Cora,client,7,849,4,MR,F,evaluation,4,0,4,0.75,0,4.347258362112889,0.01952251681236835,0,1,0.42615055884286657,0.015267175572519083,0.13740458015267176,0.0
Cora,client,7,884,4,MR,F,evaluation,4,0,2,1.0,0,1.5223666606441801,0.01952251681236835,0,1,1.743845006601795,0.12213740458015267,0.13740458015267176,0.0
Cora,client,7,892,4,MR,F,evaluation,3,0,2,1.0,1,0.02796979372114572,0.0022662230132861265,0,0,1.1721784042420749,0.05343511450381679,0.13740458015267176,0.0
Cora,client,7,1010,4,MR,F,evaluation,4,0,2,1.0,0,1.2120153261496192,0.01952251681236835,0,1,1.5815254245739303,0.09923664122137404,0.13740458015267176,0.0
Cora,client,7,1015,4,MR,F,evaluation,4,0,9,1.0,1,0.08414459085764711,0.01952251681236835,0,1,4.379284787845099,0.9007633587786259,0.13740458015267176,1.0
Cora,client,7,1063,4,MR,F,evaluation,4,0,3,1.0,0,2.2846095564454836,0.01952251681236835,0,1,0.9539724035516505,0.03816793893129771,0.13740458015267176,0.0
Cora,client,7,1071,4,MR,F,evaluation,4,0,4,1.0,1,0.4623333322488892,0.01952251681236835,0,1,2.7796283511678745,0.6259541984732825,0.13740458015267176,1.0
Cora,client,7,1081,4,MR,F,evaluation,4,0,2,1.0,1,0.31532964328532964,0.01952251681236835,0,1,5.033762725950551,0.9465648854961832,0.13740458015267176,1.0
Cora,client,7,1099,4,MR,F,evaluation,3,0,3,1.0,1,0.004470908098994016,0.0022662230132861265,0,0,1.133992739341791,0.05343511450381679,0.13740458015267176,0.0
Cora,client,7,1119,4,MR,F,evaluation,3,0,13,0.7692307692307693,1,0.6441749365918377,0.0022662230132861265,0,0,0.8138635035357836,0.022900763358778626,0.13740458015267176,0.0
Cora,client,7,1120,4,MR,F,evaluation,0,0,3,1.0,0,1.9808529472735812,0.27583863936296626,0,0,0.6769462440462832,0.022900763358778626,0.13740458015267176,0.0
Cora,client,7,1128,4,MR,F,evaluation,5,0,3,1.0,1,0.51098589358418,0.0986797620318588,0,0,1.3545576509921489,0.07633587786259542,0.13740458015267176,0.0
Cora,client,7,1129,4,MR,F,evaluation,4,0,5,1.0,0,2.1526583026597916,0.01952251681236835,0,1,1.18459684994924,0.05343511450381679,0.13740458015267176,0.0
Cora,client,7,1157,4,MR,F,evaluation,4,0,4,1.0,1,1.0396233420021566,0.01952251681236835,0,1,1.5101872741593034,0.08396946564885496,0.13740458015267176,0.0
Cora,client,7,1159,4,MR,F,evaluation,3,0,3,1.0,1,0.025482889288127357,0.0022662230132861265,0,0,1.5066154047422995,0.08396946564885496,0.13740458015267176,0.0
Cora,client,7,1206,4,MR,F,evaluation,4,0,2,1.0,1,0.7964820757485834,0.01952251681236835,0,1,2.202866686398038,0.29770992366412213,0.13740458015267176,1.0
Cora,client,7,1207,4,MR,F,evaluation,4,0,3,1.0,1,0.16183846360925205,0.01952251681236835,0,1,2.566773741968385,0.4961832061068702,0.13740458015267176,1.0
Cora,client,7,1235,4,MR,F,evaluation,4,0,4,0.0,0,1.2317743557899907,0.01952251681236835,0,1,2.058005240852771,0.1984732824427481,0.13740458015267176,1.0
Cora,client,7,1369,4,MR,F,evaluation,4,0,3,1.0,1,0.9019811928639286,0.01952251681236835,0,1,2.873990720105221,0.648854961832061,0.13740458015267176,1.0
Cora,client,7,1379,4,MR,F,evaluation,4,0,2,1.0,1,0.7002509603475409,0.01952251681236835,0,1,3.800940093692246,0.8549618320610687,0.13740458015267176,1.0
Cora,client,7,1428,4,MR,F,evaluation,4,0,7,1.0,1,0.009401686697412422,0.01952251681236835,1,1,2.4901364813886784,0.44274809160305345,0.13740458015267176,1.0
Cora,client,7,1441,4,MR,F,evaluation,5,0,19,0.8421052631578947,1,0.05522856581335388,0.0986797620318588,1,0,1.4309330853324633,0.08396946564885496,0.13740458015267176,0.0
Cora,client,7,1462,4,MR,F,evaluation,3,0,4,0.75,1,0.8780216554453979,0.0022662230132861265,0,0,0.9211406087696942,0.030534351145038167,0.13740458015267176,0.0
Cora,client,7,1532,4,MR,F,evaluation,4,0,2,1.0,1,0.09890066190972184,0.01952251681236835,0,1,2.7461265525123695,0.6106870229007634,0.13740458015267176,1.0
Cora,client,7,1542,4,MR,F,evaluation,3,0,28,0.9285714285714286,1,6.052036796111008e-05,0.0022662230132861265,1,0,1.0622110655869097,0.04580152671755725,0.13740458015267176,0.0
Cora,client,7,1577,4,MR,F,evaluation,3,0,6,1.0,1,0.0011915957374552311,0.0022662230132861265,1,0,1.0933610688631306,0.04580152671755725,0.13740458015267176,0.0
Cora,client,7,1585,4,MR,F,evaluation,4,0,3,1.0,1,0.9069329922586296,0.01952251681236835,0,1,2.678218761868591,0.5648854961832062,0.13740458015267176,1.0
Cora,client,7,1608,4,MR,F,evaluation,3,0,4,1.0,1,0.7246493479157429,0.0022662230132861265,0,0,0.8727799535394904,0.030534351145038167,0.13740458015267176,0.0
Cora,client,7,1639,4,MR,F,evaluation,4,0,3,1.0,1,0.6700819268625433,0.01952251681236835,0,1,5.1511471017612385,0.9465648854961832,0.13740458015267176,1.0
Cora,client,7,1663,4,MR,F,evaluation,3,0,3,1.0,1,0.7097608425245199,0.0022662230132861265,0,0,0.965573071875874,0.03816793893129771,0.13740458015267176,0.0
Cora,client,7,1697,4,MR,F,evaluation,3,0,3,0.6666666666666666,0,1.5004222415885367,0.0022662230132861265,0,0,0.43572503947723695,0.015267175572519083,0.13740458015267176,0.0
Cora,client,7,1793,4,MR,F,evaluation,4,0,1,1.0,1,0.5413717623998723,0.01952251681236835,0,1,1.9103452801132816,0.13740458015267176,0.13740458015267176,0.0
Cora,client,7,1794,4,MR,F,evaluation,4,0,4,1.0,0,1.0121630320662187,0.01952251681236835,0,1,1.225586489263574,0.05343511450381679,0.13740458015267176,0.0
Cora,client,7,1795,4,MR,F,evaluation,4,0,6,1.0,1,0.18120108699729295,0.01952251681236835,0,1,2.2146587439746446,0.29770992366412213,0.13740458015267176,1.0
Cora,client,7,1815,4,MR,F,evaluation,3,0,2,1.0,1,0.018941192757415296,0.0022662230132861265,0,0,1.1295966653851266,0.05343511450381679,0.13740458015267176,0.0
Cora,client,7,1931,4,MR,F,evaluation,3,0,3,1.0,1,0.15881863746679328,0.0022662230132861265,0,0,1.6524486486804046,0.11450381679389313,0.13740458015267176,0.0
Cora,client,7,1932,4,MR,F,evaluation,3,0,3,1.0,1,0.12110947200442092,0.0022662230132861265,0,0,2.192490093098781,0.29770992366412213,0.13740458015267176,1.0
Cora,client,7,1933,4,MR,F,evaluation,3,0,4,1.0,1,0.04235874981035151,0.0022662230132861265,0,0,1.5617972904198172,0.09923664122137404,0.13740458015267176,0.0
Cora,client,7,1954,4,MR,F,evaluation,5,0,8,0.75,1,0.06274413031739798,0.0986797620318588,1,0,1.647804887064552,0.11450381679389313,0.13740458015267176,0.0
Cora,client,7,1965,4,MR,F,evaluation,4,0,2,1.0,1,0.38656803461662936,0.01952251681236835,0,1,2.4595051624093496,0.4351145038167939,0.13740458015267176,1.0
Cora,client,7,2025,4,MR,F,evaluation,0,0,6,0.8333333333333334,0,1.621185181603436,0.27583863936296626,0,0,0.9895471609040442,0.03816793893129771,0.13740458015267176,0.0
Cora,client,7,2121,4,MR,F,evaluation,4,0,3,1.0,0,1.5080615206120396,0.01952251681236835,0,1,2.086282256108736,0.1984732824427481,0.13740458015267176,1.0
Cora,client,7,2125,4,MR,F,evaluation,3,0,5,0.8,1,0.9330315154242728,0.0022662230132861265,0,0,0.860084763702436,0.030534351145038167,0.13740458015267176,0.0
Cora,client,7,2128,4,MR,F,evaluation,3,0,2,1.0,1,0.7458025332125889,0.0022662230132861265,0,0,1.2225557051673444,0.05343511450381679,0.13740458015267176,0.0
Cora,client,7,2171,4,MR,F,evaluation,0,0,1,0.0,1,0.15051735778974903,0.27583863936296626,1,0,1.6084706621722535,0.09923664122137404,0.13740458015267176,0.0
Cora,client,7,2239,4,MR,F,evaluation,4,0,1,1.0,1,0.8858199846171181,0.01952251681236835,0,1,3.0435208307301527,0.7404580152671756,0.13740458015267176,1.0
Cora,client,7,2262,4,MR,F,evaluation,4,0,2,1.0,1,0.21592089228013567,0.01952251681236835,0,1,3.7357349567062133,0.8549618320610687,0.13740458015267176,1.0
Cora,client,7,2275,4,MR,F,evaluation,5,0,3,1.0,1,0.51098589358418,0.0986797620318588,0,0,1.3545576509921489,0.07633587786259542,0.13740458015267176,0.0
Cora,client,7,2289,4,MR,F,evaluation,4,0,4,1.0,1,0.1824132111574102,0.01952251681236835,0,1,1.544772427638066,0.08396946564885496,0.13740458015267176,0.0
Cora,client,7,2298,4,MR,F,evaluation,4,0,1,1.0,1,0.8513902990297502,0.01952251681236835,0,1,3.2422455775521017,0.7938931297709924,0.13740458015267176,1.0
Cora,client,7,2352,4,MR,F,evaluation,4,0,3,1.0,0,1.8092551078154087,0.01952251681236835,0,1,1.2930743523631416,0.06870229007633588,0.13740458015267176,0.0
Cora,client,7,2356,4,MR,F,evaluation,0,0,4,0.0,0,1.1570658095452226,0.27583863936296626,0,0,0.8573203753848435,0.030534351145038167,0.13740458015267176,0.0
Cora,client,7,2362,4,MR,F,evaluation,4,0,1,1.0,1,0.49104841959525763,0.01952251681236835,0,1,2.5024342479840276,0.45038167938931295,0.13740458015267176,1.0
Cora,client,7,2376,4,MR,F,evaluation,4,0,7,1.0,1,0.06398081238460225,0.01952251681236835,0,1,3.1022773869612617,0.7633587786259542,0.13740458015267176,1.0
Cora,client,7,2464,4,MR,F,evaluation,4,0,12,1.0,1,0.015180229990145643,0.01952251681236835,1,1,1.9911022010391874,0.13740458015267176,0.13740458015267176,0.0
Cora,client,7,2473,4,MR,F,evaluation,4,0,2,1.0,1,0.07484420213543175,0.01952251681236835,0,1,3.02451476903346,0.7175572519083969,0.13740458015267176,1.0
Cora,client,7,2474,4,MR,F,evaluation,4,0,2,1.0,1,0.06520154844838598,0.01952251681236835,0,1,3.6483046323128594,0.8396946564885496,0.13740458015267176,1.0
Cora,client,7,2481,4,MR,F,evaluation,5,0,2,1.0,1,0.6633434326161215,0.0986797620318588,0,0,1.7582797923009947,0.1297709923664122,0.13740458015267176,0.0
Cora,client,7,2500,4,MR,F,evaluation,3,0,3,1.0,1,0.02390886358223668,0.0022662230132861265,0,0,1.1667341829583477,0.05343511450381679,0.13740458015267176,0.0
Cora,client,7,2535,4,MR,F,evaluation,3,0,2,1.0,1,0.020566219543390985,0.0022662230132861265,0,0,1.2316735054445296,0.05343511450381679,0.13740458015267176,0.0
Cora,client,7,2538,4,MR,F,evaluation,4,0,5,1.0,1,0.5431043324968093,0.01952251681236835,0,1,2.335053641175734,0.366412213740458,0.13740458015267176,1.0
Cora,client,7,2594,4,MR,F,evaluation,4,0,1,1.0,1,0.6551296642301276,0.01952251681236835,0,1,2.4057681054354805,0.3969465648854962,0.13740458015267176,1.0
Cora,client,7,2637,4,MR,F,evaluation,4,0,1,1.0,0,4.275654735546192,0.01952251681236835,0,1,0.8261021593617538,0.030534351145038167,0.13740458015267176,0.0
Cora,client,7,2677,4,MR,F,evaluation,4,0,2,1.0,0,1.0696659544533071,0.01952251681236835,0,1,3.1796666154069775,0.7786259541984732,0.13740458015267176,1.0
Cora,client,7,2684,4,MR,F,evaluation,4,0,2,1.0,0,1.864770081796974,0.01952251681236835,0,1,1.010077457893211,0.03816793893129771,0.13740458015267176,0.0
Cora,client,7,29,4,MR,H,evaluation,4,0,2,1.0,1,0.894233873074289,0.01952251681236835,0,1,1.3541047590624131,0.07633587786259542,0.13740458015267176,0.0
Cora,client,7,30,4,MR,H,evaluation,3,0,5,0.6,1,0.006642550509261658,0.0022662230132861265,0,0,1.047644129650083,0.04580152671755725,0.13740458015267176,0.0
Cora,client,7,33,4,MR,H,evaluation,4,0,8,1.0,0,2.122676827374836,0.01952251681236835,0,1,1.8496641347020033,0.13740458015267176,0.13740458015267176,0.0
Cora,client,7,39,4,MR,H,evaluation,4,0,7,1.0,1,0.06215452797875971,0.01952251681236835,0,1,3.438474546733142,0.8320610687022901,0.13740458015267176,1.0
Cora,client,7,67,4,MR,H,evaluation,5,0,3,1.0,1,0.021084476349858005,0.0986797620318588,1,0,1.2610611869778978,0.05343511450381679,0.13740458015267176,0.0
Cora,client,7,82,4,MR,H,evaluation,4,0,2,1.0,1,0.4957101042539547,0.01952251681236835,0,1,2.838130613532619,0.6335877862595419,0.13740458015267176,1.0
Cora,client,7,149,4,MR,H,evaluation,0,0,3,0.6666666666666666,0,1.4230474261055124,0.27583863936296626,0,0,1.369438861426476,0.07633587786259542,0.13740458015267176,0.0
Cora,client,7,151,4,MR,H,evaluation,4,0,3,1.0,1,0.8346280762916967,0.01952251681236835,0,1,3.3075259999254487,0.8015267175572519,0.13740458015267176,1.0
Cora,client,7,166,4,MR,H,evaluation,4,0,2,1.0,1,1.044460211823095,0.01952251681236835,0,1,5.046265380352932,0.9465648854961832,0.13740458015267176,1.0
Cora,client,7,185,4,MR,H,evaluation,3,0,2,1.0,1,0.008153691889569298,0.0022662230132861265,0,0,1.2640682873582867,0.05343511450381679,0.13740458015267176,0.0
Cora,client,7,198,4,MR,H,evaluation,4,0,1,1.0,1,0.6054089221754018,0.01952251681236835,0,1,2.0162502132259505,0.1450381679389313,0.13740458015267176,1.0
Cora,client,7,209,4,MR,H,evaluation,4,0,1,1.0,0,1.1556241928116735,0.01952251681236835,0,1,5.91602813963155,0.9694656488549618,0.13740458015267176,1.0
Cora,client,7,245,4,MR,H,evaluation,4,0,2,1.0,0,2.110569947925011,0.01952251681236835,0,1,0.5531669126612333,0.022900763358778626,0.13740458015267176,0.0
Cora,client,7,265,4,MR,H,evaluation,5,0,1,1.0,1,0.6519359416190097,0.0986797620318588,0,0,0.8750059984010301,0.030534351145038167,0.13740458015267176,0.0
Cora,client,7,271,4,MR,H,evaluation,4,0,5,1.0,1,0.2535377322656307,0.01952251681236835,0,1,3.3823415791411215,0.8244274809160306,0.13740458015267176,1.0
Cora,client,7,275,4,MR,H,evaluation,4,0,2,1.0,1,0.7208063085798024,0.01952251681236835,0,1,1.531067798605136,0.08396946564885496,0.13740458015267176,0.0
Cora,client,7,285,4,MR,H,evaluation,3,0,1,0.0,0,2.73113163478149,0.0022662230132861265,0,0,0.36562788290264925,0.015267175572519083,0.13740458015267176,0.0
Cora,client,7,286,4,MR,H,evaluation,4,0,3,1.0,0,1.955785774536027,0.01952251681236835,0,1,1.7954686607831547,0.13740458015267176,0.13740458015267176,0.0
Cora,client,7,299,4,MR,H,evaluation,4,0,5,1.0,1,0.3523021309502924,0.01952251681236835,0,1,2.460423953404525,0.4351145038167939,0.13740458015267176,1.0
Cora,client,7,305,4,MR,H,evaluation,0,0,2,1.0,1,0.1778185066066245,0.27583863936296626,1,0,2.6235878025222132,0.5114503816793893,0.13740458015267176,1.0
Cora,client,7,330,4,MR,H,evaluation,4,0,2,1.0,1,0.5690912708479877,0.01952251681236835,0,1,4.236642050390964,0.8931297709923665,0.13740458015267176,1.0
Cora,client,7,336,4,MR,H,evaluation,3,0,2,1.0,1,0.014816728136643444,0.0022662230132861265,0,0,1.1468706654165752,0.05343511450381679,0.13740458015267176,0.0
Cora,client,7,362,4,MR,H,evaluation,4,0,1,1.0,0,1.5388593837897055,0.01952251681236835,0,1,1.4480526840268426,0.08396946564885496,0.13740458015267176,0.0
Cora,client,7,368,4,MR,H,evaluation,4,0,7,1.0,1,0.46792305970983533,0.01952251681236835,0,1,2.646918003052988,0.5419847328244275,0.13740458015267176,1.0
Cora,client,7,381,4,MR,H,evaluation,4,0,3,1.0,1,0.5635679961020992,0.01952251681236835,0,1,2.237762345409783,0.32061068702290074,0.13740458015267176,1.0
Cora,client,7,393,4,MR,H,evaluation,5,0,1,1.0,1,0.7156765729193986,0.0986797620318588,0,0,1.396708704695536,0.08396946564885496,0.13740458015267176,0.0
Cora,client,7,397,4,MR,H,evaluation,3,0,2,0.5,1,0.06983659456762341,0.0022662230132861265,0,0,0.9537233702204673,0.03816793893129771,0.13740458015267176,0.0
Cora,client,7,405,4,MR,H,evaluation,0,0,4,1.0,1,0.39908648515665424,0.27583863936296626,0,0,1.9188189165894434,0.13740458015267176,0.13740458015267176,0.0
Cora,client,7,432,4,MR,H,evaluation,3,0,2,1.0,1,0.7642114577964887,0.0022662230132861265,0,0,0.9181051533649494,0.030534351145038167,0.13740458015267176,0.0
Cora,client,7,443,4,MR,H,evaluation,4,0,4,1.0,0,2.1451011179768744,0.01952251681236835,0,1,1.04681746886257,0.04580152671755725,0.13740458015267176,0.0
Cora,client,7,473,4,MR,H,evaluation,3,0,4,0.25,0,1.5186489914393875,0.0022662230132861265,0,0,0.4936436507221633,0.015267175572519083,0.13740458015267176,0.0
Cora,client,7,492,4,MR,H,evaluation,4,0,7,1.0,1,0.20780761967275801,0.01952251681236835,0,1,3.3735967443073123,0.8091603053435115,0.13740458015267176,1.0
Cora,client,7,543,4,MR,H,evaluation,0,0,1,0.0,0,3.414854270350747,0.27583863936296626,0,0,0.23090355984371141,0.015267175572519083,0.13740458015267176,0.0
Cora,client,7,546,4,MR,H,evaluation,3,0,2,0.5,0,0.9924518236590895,0.0022662230132861265,0,0,0.8580024678646808,0.030534351145038167,0.13740458015267176,0.0
Cora,client,7,574,4,MR,H,evaluation,3,0,2,0.5,0,3.444132407772385,0.0022662230132861265,0,0,0.21615362792467271,0.015267175572519083,0.13740458015267176,0.0
Cora,client,7,577,4,MR,H,evaluation,4,0,11,0.9090909090909092,0,3.6675357049867285,0.01952251681236835,0,1,0.6443585240231056,0.022900763358778626,0.13740458015267176,0.0
Cora,client,7,594,4,MR,H,evaluation,6,0,2,0.5,0,1.3710129267280644,0.05265556579236158,0,0,1.3916540251648932,0.08396946564885496,0.13740458015267176,0.0
Cora,client,7,627,4,MR,H,evaluation,4,0,4,1.0,0,1.0378288669363385,0.01952251681236835,0,1,3.024045076328376,0.7175572519083969,0.13740458015267176,1.0
Cora,client,7,663,4,MR,H,evaluation,6,0,2,0.5,0,1.3710129267280644,0.05265556579236158,0,0,1.3916540251648932,0.08396946564885496,0.13740458015267176,0.0
Cora,client,7,676,4,MR,H,evaluation,5,0,3,1.0,1,0.003194735741976255,0.0986797620318588,1,0,1.4411929647997477,0.08396946564885496,0.13740458015267176,0.0
Cora,client,7,697,4,MR,H,evaluation,3,0,2,1.0,1,0.009527524289683318,0.0022662230132861265,0,0,1.1133636643952902,0.05343511450381679,0.13740458015267176,0.0
Cora,client,7,714,4,MR,H,evaluation,4,0,2,1.0,0,0.8454281919408029,0.01952251681236835,0,1,2.4152471560049182,0.4122137404580153,0.13740458015267176,1.0
Cora,client,7,726,4,MR,H,evaluation,4,0,3,1.0,1,0.3690903246575153,0.01952251681236835,0,1,3.1379183809248365,0.7633587786259542,0.13740458015267176,1.0
Cora,client,7,738,4,MR,H,evaluation,0,0,5,0.4,0,3.2720824685224303,0.27583863936296626,0,0,1.08903219780593,0.04580152671755725,0.13740458015267176,0.0
Cora,client,7,747,4,MR,H,evaluation,5,0,3,1.0,1,0.08680062957297408,0.0986797620318588,1,0,1.1939711865757048,0.05343511450381679,0.13740458015267176,0.0
Cora,client,7,769,4,MR,H,evaluation,0,0,1,1.0,1,0.1661173049372644,0.27583863936296626,1,0,2.9400560763174672,0.6641221374045801,0.13740458015267176,1.0
Cora,client,7,789,4,MR,H,evaluation,4,0,2,1.0,1,0.384237607939493,0.01952251681236835,0,1,2.6711954705695615,0.5648854961832062,0.13740458015267176,1.0
Cora,client,7,798,4,MR,H,evaluation,4,0,4,1.0,1,0.6977751660889178,0.01952251681236835,0,1,1.4390130554467653,0.08396946564885496,0.13740458015267176,0.0
Cora,client,7,807,4,MR,H,evaluation,5,0,4,1.0,1,0.0016897946010715037,0.0986797620318588,1,0,1.261593865068939,0.05343511450381679,0.13740458015267176,0.0
Cora,client,7,808,4,MR,H,evaluation,4,0,3,1.0,1,0.3733741158620011,0.01952251681236835,0,1,2.0554916993077486,0.1984732824427481,0.13740458015267176,1.0
Cora,client,7,810,4,MR,H,evaluation,4,0,1,1.0,1,0.23617431831253177,0.01952251681236835,0,1,3.3306203830816496,0.8091603053435115,0.13740458015267176,1.0
Cora,client,7,814,4,MR,H,evaluation,4,0,3,1.0,1,0.7775286512660566,0.01952251681236835,0,1,1.7878783839368686,0.13740458015267176,0.13740458015267176,0.0
Cora,client,7,840,4,MR,H,evaluation,5,0,1,1.0,1,0.6209042712989654,0.0986797620318588,0,0,1.8111682802607765,0.13740458015267176,0.13740458015267176,0.0
Cora,client,7,866,4,MR,H,evaluation,3,0,2,1.0,1,0.0029421276579566467,0.0022662230132861265,0,0,1.1556639005812397,0.05343511450381679,0.13740458015267176,0.0
Cora,client,7,893,4,MR,H,evaluation,4,0,6,1.0,1,0.5213442741152594,0.01952251681236835,0,1,2.5182060395445616,0.46564885496183206,0.13740458015267176,1.0
Cora,client,7,899,4,MR,H,evaluation,3,0,3,1.0,1,0.0015757453969009083,0.0022662230132861265,1,0,1.2122081448759479,0.05343511450381679,0.13740458015267176,0.0
Cora,client,7,914,4,MR,H,evaluation,3,0,2,1.0,1,0.22149576095124357,0.0022662230132861265,0,0,0.8275189854095378,0.030534351145038167,0.13740458015267176,0.0
Cora,client,7,922,4,MR,H,evaluation,4,0,1,1.0,1,0.04345131211605566,0.01952251681236835,0,1,2.4351838819772684,0.4198473282442748,0.13740458015267176,1.0
Cora,client,7,934,4,MR,H,evaluation,4,0,2,0.0,1,0.3036597587613203,0.01952251681236835,0,1,3.7866132292078367,0.8549618320610687,0.13740458015267176,1.0
Cora,client,7,942,4,MR,H,evaluation,3,0,1,1.0,1,0.9503001343198765,0.0022662230132861265,0,0,0.6230792096577175,0.022900763358778626,0.13740458015267176,0.0
Cora,client,7,956,4,MR,H,evaluation,4,0,2,1.0,0,0.9540357379683257,0.01952251681236835,0,1,3.416315279004217,0.8320610687022901,0.13740458015267176,1.0
Cora,client,7,990,4,MR,H,evaluation,3,0,3,1.0,1,0.029957207298968665,0.0022662230132861265,0,0,1.1411909848725386,0.05343511450381679,0.13740458015267176,0.0
Cora,client,7,1046,4,MR,H,evaluation,4,0,5,1.0,1,0.11632450879103892,0.01952251681236835,0,1,2.8063737269710494,0.6259541984732825,0.13740458015267176,1.0
Cora,client,7,1049,4,MR,H,evaluation,3,0,3,1.0,1,0.0003943408165988253,0.0022662230132861265,1,0,1.1018476371785189,0.04580152671755725,0.13740458015267176,0.0
Cora,client,7,1055,4,MR,H,evaluation,3,0,2,1.0,1,0.015841594082575558,0.0022662230132861265,0,0,1.231590278321749,0.05343511450381679,0.13740458015267176,0.0
Cora,client,7,1061,4,MR,H,evaluation,4,0,2,1.0,1,0.6045216264018618,0.01952251681236835,0,1,2.577066481938021,0.5038167938931297,0.13740458015267176,1.0
Cora,client,7,1064,4,MR,H,evaluation,4,0,3,1.0,0,2.275326008704669,0.01952251681236835,0,1,0.780427027082815,0.022900763358778626,0.13740458015267176,0.0
Cora,client,7,1068,4,MR,H,evaluation,4,0,3,1.0,1,0.03993939930318202,0.01952251681236835,0,1,3.3549015953090433,0.8091603053435115,0.13740458015267176,1.0
Cora,client,7,1087,4,MR,H,evaluation,4,0,2,1.0,1,0.9259551068661037,0.01952251681236835,0,1,2.411356355416888,0.40458015267175573,0.13740458015267176,1.0
Cora,client,7,1092,4,MR,H,evaluation,3,0,2,1.0,1,0.00767567973243565,0.0022662230132861265,0,0,1.043480427014027,0.04580152671755725,0.13740458015267176,0.0
Cora,client,7,1094,4,MR,H,evaluation,4,0,6,1.0,1,0.5635106707013476,0.01952251681236835,0,1,3.364497123646109,0.8091603053435115,0.13740458015267176,1.0
Cora,client,7,1098,4,MR,H,evaluation,3,0,4,1.0,1,0.0034630809514631573,0.0022662230132861265,0,0,1.3885539368024364,0.08396946564885496,0.13740458015267176,0.0
Cora,client,7,1102,4,MR,H,evaluation,4,0,5,1.0,1,0.07350510300342478,0.01952251681236835,0,1,2.4208817370887865,0.4122137404580153,0.13740458015267176,1.0
Cora,client,7,1106,4,MR,H,evaluation,3,0,3,1.0,1,0.002857661420917921,0.0022662230132861265,0,0,1.0525419500491864,0.04580152671755725,0.13740458015267176,0.0
Cora,client,7,1109,4,MR,H,evaluation,4,0,4,1.0,0,1.023883296489576,0.01952251681236835,0,1,2.383471604622807,0.3893129770992366,0.13740458015267176,1.0
Cora,client,7,1110,4,MR,H,evaluation,0,0,2,1.0,0,2.555879556784694,0.27583863936296626,0,0,0.547372442482384,0.022900763358778626,0.13740458015267176,0.0
Cora,client,7,1138,4,MR,H,evaluation,4,0,3,1.0,1,0.40083064159155557,0.01952251681236835,0,1,3.75345908775097,0.8549618320610687,0.13740458015267176,1.0
Cora,client,7,1141,4,MR,H,evaluation,4,0,2,1.0,1,0.32673458437338776,0.01952251681236835,0,1,1.927280161792771,0.13740458015267176,0.13740458015267176,0.0
Cora,client,7,1143,4,MR,H,evaluation,4,0,5,1.0,1,0.1328934303002477,0.01952251681236835,0,1,3.8215808090204835,0.8549618320610687,0.13740458015267176,1.0
Cora,client,7,1153,4,MR,H,evaluation,4,0,2,1.0,1,1.1129713712336144,0.01952251681236835,0,1,2.093210674855224,0.1984732824427481,0.13740458015267176,1.0
Cora,client,7,1176,4,MR,H,evaluation,3,0,5,1.0,1,0.05707745107427352,0.0022662230132861265,0,0,1.281400822020082,0.061068702290076333,0.13740458015267176,0.0
Cora,client,7,1226,4,MR,H,evaluation,5,0,4,1.0,1,0.0033916468770686025,0.0986797620318588,1,0,1.280013572905196,0.05343511450381679,0.13740458015267176,0.0
Cora,client,7,1230,4,MR,H,evaluation,4,0,2,1.0,0,1.4083353984192706,0.01952251681236835,0,1,4.158446592663602,0.8854961832061069,0.13740458015267176,1.0
Cora,client,7,1234,4,MR,H,evaluation,4,0,4,1.0,1,0.48517088969039796,0.01952251681236835,0,1,2.1834571283669346,0.2748091603053435,0.13740458015267176,1.0
Cora,client,7,1240,4,MR,H,evaluation,4,0,6,1.0,1,0.29305344794641514,0.01952251681236835,0,1,3.5068432231759292,0.8396946564885496,0.13740458015267176,1.0
Cora,client,7,1241,4,MR,H,evaluation,3,0,2,1.0,1,0.06032589880980236,0.0022662230132861265,0,0,1.1704606146297036,0.05343511450381679,0.13740458015267176,0.0
Cora,client,7,1257,4,MR,H,evaluation,4,0,16,1.0,1,0.07981893754239457,0.01952251681236835,0,1,3.394574509635644,0.8244274809160306,0.13740458015267176,1.0
Cora,client,7,1260,4,MR,H,evaluation,4,0,2,1.0,0,1.873472622530255,0.01952251681236835,0,1,4.3290400542308936,0.9007633587786259,0.13740458015267176,1.0
Cora,client,7,1272,4,MR,H,evaluation,3,0,4,1.0,1,0.002125582216305486,0.0022662230132861265,1,0,1.0709819725913363,0.04580152671755725,0.13740458015267176,0.0
Cora,client,7,1320,4,MR,H,evaluation,4,0,4,1.0,0,1.5376887221101052,0.01952251681236835,0,1,1.7066300539463064,0.12213740458015267,0.13740458015267176,0.0
Cora,client,7,1321,4,MR,H,evaluation,3,0,1,1.0,1,0.08520199243465405,0.0022662230132861265,0,0,1.0056101000640538,0.03816793893129771,0.13740458015267176,0.0
Cora,client,7,1333,4,MR,H,evaluation,6,0,3,0.0,0,2.097898446922089,0.05265556579236158,0,0,0.8418643950146846,0.030534351145038167,0.13740458015267176,0.0
Cora,client,7,1340,4,MR,H,evaluation,3,0,4,0.75,1,0.2618885675272099,0.0022662230132861265,0,0,1.2832845274137825,0.061068702290076333,0.13740458015267176,0.0
Cora,client,7,1349,4,MR,H,evaluation,4,0,4,1.0,1,0.7075571499029419,0.01952251681236835,0,1,2.1841907577483215,0.2824427480916031,0.13740458015267176,1.0
Cora,client,7,1350,4,MR,H,evaluation,4,0,1,1.0,0,1.2845866075681907,0.01952251681236835,0,1,1.7718968192095406,0.1297709923664122,0.13740458015267176,0.0
Cora,client,7,1355,4,MR,H,evaluation,3,0,1,1.0,1,0.40172693836076734,0.0022662230132861265,0,0,0.7920767496130304,0.022900763358778626,0.13740458015267176,0.0
Cora,client,7,1366,4,MR,H,evaluation,4,0,3,1.0,1,0.9621006203189887,0.01952251681236835,0,1,2.1342436652198846,0.22900763358778625,0.13740458015267176,1.0
Cora,client,7,1380,4,MR,H,evaluation,4,0,3,1.0,1,0.6469636661139602,0.01952251681236835,0,1,4.3810786829143415,0.9007633587786259,0.13740458015267176,1.0
Cora,client,7,1406,4,MR,H,evaluation,4,0,2,1.0,1,0.04443046900997697,0.01952251681236835,0,1,2.472213926167396,0.4351145038167939,0.13740458015267176,1.0
Cora,client,7,1416,4,MR,H,evaluation,0,0,11,0.8181818181818182,1,0.08163379713993281,0.27583863936296626,1,0,3.132400238767674,0.7633587786259542,0.13740458015267176,1.0
Cora,client,7,1422,4,MR,H,evaluation,4,0,1,1.0,1,0.28339753927827344,0.01952251681236835,0,1,3.1203912889537824,0.7633587786259542,0.13740458015267176,1.0
Cora,client,7,1429,4,MR,H,evaluation,4,0,3,1.0,1,0.12317839464172756,0.01952251681236835,0,1,2.2279485452884287,0.31297709923664124,0.13740458015267176,1.0
Cora,client,7,1437,4,MR,H,evaluation,4,0,1,1.0,0,1.7148711180699652,0.01952251681236835,0,1,2.884784619897556,0.6564885496183206,0.13740458015267176,1.0
Cora,client,7,1442,4,MR,H,evaluation,3,0,2,1.0,1,0.5389685345206194,0.0022662230132861265,0,0,0.923983809509111,0.030534351145038167,0.13740458015267176,0.0
Cora,client,7,1443,4,MR,H,evaluation,4,0,8,1.0,0,0.9938463895034699,0.01952251681236835,0,1,2.0067558133714787,0.13740458015267176,0.13740458015267176,0.0
Cora,client,7,1447,4,MR,H,evaluation,3,0,1,1.0,1,0.0007282056354582137,0.0022662230132861265,1,0,1.237227124059684,0.05343511450381679,0.13740458015267176,0.0
Cora,client,7,1449,4,MR,H,evaluation,4,0,1,1.0,0,1.9656152926879282,0.01952251681236835,0,1,4.484336348475175,0.9007633587786259,0.13740458015267176,1.0
Cora,client,7,1461,4,MR,H,evaluation,4,0,2,1.0,1,0.27890464403755083,0.01952251681236835,0,1,3.3392492772099422,0.8091603053435115,0.13740458015267176,1.0
Cora,client,7,1468,4,MR,H,evaluation,0,0,3,1.0,1,0.3979808324131358,0.27583863936296626,0,0,1.938468043439559,0.13740458015267176,0.13740458015267176,0.0
Cora,client,7,1477,4,MR,H,evaluation,3,0,4,1.0,1,0.005022952394005972,0.0022662230132861265,0,0,1.3915024020275664,0.08396946564885496,0.13740458015267176,0.0
Cora,client,7,1484,4,MR,H,evaluation,4,0,4,1.0,1,0.31404130887220827,0.01952251681236835,0,1,2.501828902411959,0.45038167938931295,0.13740458015267176,1.0
Cora,client,7,1510,4,MR,H,evaluation,4,0,4,1.0,1,0.1549437020609612,0.01952251681236835,0,1,2.267705152944208,0.32061068702290074,0.13740458015267176,1.0
Cora,client,7,1518,4,MR,H,evaluation,4,0,3,1.0,0,1.9481755770798408,0.01952251681236835,0,1,1.3613365586393709,0.07633587786259542,0.13740458015267176,0.0
Cora,client,7,1519,4,MR,H,evaluation,4,0,6,0.5,0,1.7457171718555566,0.01952251681236835,0,1,2.156637419389728,0.24427480916030533,0.13740458015267176,1.0
Cora,client,7,1543,4,MR,H,evaluation,5,0,3,1.0,1,0.030190669476030423,0.0986797620318588,1,0,1.5614536596644937,0.09923664122137404,0.13740458015267176,0.0
Cora,client,7,1559,4,MR,H,evaluation,4,0,2,1.0,0,2.4191039525955023,0.01952251681236835,0,1,3.7050978451678263,0.8473282442748091,0.13740458015267176,1.0
Cora,client,7,1575,4,MR,H,evaluation,3,0,1,1.0,1,0.967950645187131,0.0022662230132861265,0,0,0.9622357619665488,0.03816793893129771,0.13740458015267176,0.0
Cora,client,7,1581,4,MR,H,evaluation,3,0,2,1.0,1,0.019491038468980353,0.0022662230132861265,0,0,1.284769698098651,0.061068702290076333,0.13740458015267176,0.0
Cora,client,7,1597,4,MR,H,evaluation,3,0,2,0.5,1,0.855790241853942,0.0022662230132861265,0,0,0.8461041640690252,0.030534351145038167,0.13740458015267176,0.0
Cora,client,7,1607,4,MR,H,evaluation,3,0,3,1.0,1,0.009314905980618168,0.0022662230132861265,0,0,1.2348508736962975,0.05343511450381679,0.13740458015267176,0.0
Cora,client,7,1611,4,MR,H,evaluation,3,0,2,1.0,0,1.3347397897238495,0.0022662230132861265,0,0,0.8728344810794173,0.030534351145038167,0.13740458015267176,0.0
Cora,client,7,1618,4,MR,H,evaluation,4,0,3,1.0,1,0.15882440188474045,0.01952251681236835,0,1,3.1553236326965264,0.7709923664122137,0.13740458015267176,1.0
Cora,client,7,1634,4,MR,H,evaluation,4,0,6,1.0,1,0.14824956456810623,0.01952251681236835,0,1,3.585093533718948,0.8396946564885496,0.13740458015267176,1.0
Cora,client,7,1643,4,MR,H,evaluation,4,0,1,1.0,1,0.6325640204484869,0.01952251681236835,0,1,2.143851965627465,0.2366412213740458,0.13740458015267176,1.0
Cora,client,7,1686,4,MR,H,evaluation,4,0,1,1.0,1,0.34683701964441765,0.01952251681236835,0,1,4.490187884461085,0.9007633587786259,0.13740458015267176,1.0
Cora,client,7,1796,4,MR,H,evaluation,4,0,3,1.0,1,0.47301417964994724,0.01952251681236835,0,1,2.3087921294658984,0.35877862595419846,0.13740458015267176,1.0
Cora,client,7,1874,4,MR,H,evaluation,3,0,5,1.0,1,0.002023110116560538,0.0022662230132861265,1,0,1.0787486260997103,0.04580152671755725,0.13740458015267176,0.0
Cora,client,7,1883,4,MR,H,evaluation,5,0,1,1.0,1,0.21472995257134314,0.0986797620318588,0,0,1.3908921387674813,0.08396946564885496,0.13740458015267176,0.0
Cora,client,7,1927,4,MR,H,evaluation,0,0,10,0.8,1,0.06986508663956308,0.27583863936296626,1,0,2.675621839109012,0.5648854961832062,0.13740458015267176,1.0
Cora,client,7,1928,4,MR,H,evaluation,3,0,3,0.6666666666666666,1,0.0005851556376462714,0.0022662230132861265,1,0,1.195278035065111,0.05343511450381679,0.13740458015267176,0.0
Cora,client,7,1936,4,MR,H,evaluation,3,0,5,1.0,1,0.05003039626762511,0.0022662230132861265,0,0,1.8921449621561268,0.13740458015267176,0.13740458015267176,0.0
Cora,client,7,1945,4,MR,H,evaluation,3,0,6,1.0,1,0.00034974873597091104,0.0022662230132861265,1,0,1.034005737391951,0.04580152671755725,0.13740458015267176,0.0
Cora,client,7,1946,4,MR,H,evaluation,3,0,4,1.0,1,0.001443867956359165,0.0022662230132861265,1,0,1.059747452302371,0.04580152671755725,0.13740458015267176,0.0
Cora,client,7,1949,4,MR,H,evaluation,3,0,2,1.0,1,0.03312754904142809,0.0022662230132861265,0,0,1.1873339421296283,0.05343511450381679,0.13740458015267176,0.0
Cora,client,7,1950,4,MR,H,evaluation,3,0,15,1.0,1,2.6206980251069867e-06,0.0022662230132861265,1,0,1.0115984342265751,0.03816793893129771,0.13740458015267176,0.0
Cora,client,7,1955,4,MR,H,evaluation,5,0,8,1.0,1,0.00014821999919882895,0.0986797620318588,1,0,1.333229477011547,0.06870229007633588,0.13740458015267176,0.0
Cora,client,7,1958,4,MR,H,evaluation,5,0,7,1.0,1,0.021220992422681537,0.0986797620318588,1,0,1.539628950258367,0.08396946564885496,0.13740458015267176,0.0
Cora,client,7,1964,4,MR,H,evaluation,4,0,5,1.0,1,0.9161765241491349,0.01952251681236835,0,1,1.6870878858429696,0.11450381679389313,0.13740458015267176,0.0
Cora,client,7,1969,4,MR,H,evaluation,4,0,3,1.0,1,0.7089143274404193,0.01952251681236835,0,1,3.251299157536108,0.7938931297709924,0.13740458015267176,1.0
Cora,client,7,1970,4,MR,H,evaluation,4,0,3,1.0,1,0.48519233037066917,0.01952251681236835,0,1,2.2047490466628146,0.29770992366412213,0.13740458015267176,1.0
Cora,client,7,1971,4,MR,H,evaluation,4,0,3,1.0,1,0.7839875167460464,0.01952251681236835,0,1,1.7791984679359156,0.1297709923664122,0.13740458015267176,0.0
Cora,client,7,1976,4,MR,H,evaluation,6,0,2,0.0,0,2.1429035049922036,0.05265556579236158,0,0,1.5334958973933195,0.08396946564885496,0.13740458015267176,0.0
Cora,client,7,1993,4,MR,H,evaluation,3,0,1,0.0,1,0.026645250778067984,0.0022662230132861265,0,0,1.355700983027964,0.07633587786259542,0.13740458015267176,0.0
Cora,client,7,2001,4,MR,H,evaluation,4,0,13,0.6153846153846154,0,1.5491853199474641,0.01952251681236835,0,1,3.466403223375679,0.8396946564885496,0.13740458015267176,1.0
Cora,client,7,2003,4,MR,H,evaluation,3,0,4,0.5,1,0.042895117042477844,0.0022662230132861265,0,0,1.1779881592507764,0.05343511450381679,0.13740458015267176,0.0
Cora,client,7,2028,4,MR,H,evaluation,3,0,1,0.0,1,1.0893135338935478,0.0022662230132861265,0,0,1.5445684108830138,0.08396946564885496,0.13740458015267176,0.0
Cora,client,7,2060,4,MR,H,evaluation,5,0,1,1.0,1,0.044278885773874226,0.0986797620318588,1,0,1.4631809080500626,0.08396946564885496,0.13740458015267176,0.0
Cora,client,7,2065,4,MR,H,evaluation,3,0,3,1.0,1,0.0049441701567069785,0.0022662230132861265,0,0,1.3792957677603177,0.08396946564885496,0.13740458015267176,0.0
Cora,client,7,2066,4,MR,H,evaluation,3,0,4,0.75,1,0.0028466004902552057,0.0022662230132861265,0,0,1.3801364180656182,0.08396946564885496,0.13740458015267176,0.0
Cora,client,7,2067,4,MR,H,evaluation,3,0,3,1.0,1,0.0035600079532215187,0.0022662230132861265,0,0,1.4766353039040458,0.08396946564885496,0.13740458015267176,0.0
Cora,client,7,2120,4,MR,H,evaluation,4,0,5,1.0,0,3.7647907357823214,0.01952251681236835,0,1,1.2740089603879876,0.05343511450381679,0.13740458015267176,0.0
Cora,client,7,2122,4,MR,H,evaluation,4,0,10,0.8,0,3.6297248079250863,0.01952251681236835,0,1,4.0989125010890834,0.8778625954198473,0.13740458015267176,1.0
Cora,client,7,2123,4,MR,H,evaluation,4,0,6,0.8333333333333334,0,0.871221196405761,0.01952251681236835,0,1,5.170202399459532,0.9465648854961832,0.13740458015267176,1.0
Cora,client,7,2124,4,MR,H,evaluation,3,0,7,0.8571428571428571,0,0.9892307216625833,0.0022662230132861265,0,0,0.7841755952721747,0.022900763358778626,0.13740458015267176,0.0
Cora,client,7,2127,4,MR,H,evaluation,4,0,3,0.0,0,1.112224638885254,0.01952251681236835,0,1,1.6893818318140565,0.11450381679389313,0.13740458015267176,0.0
Cora,client,7,2162,4,MR,H,evaluation,3,0,4,0.5,1,0.02303805376031286,0.0022662230132861265,0,0,1.1119503621030793,0.05343511450381679,0.13740458015267176,0.0
Cora,client,7,2170,4,MR,H,evaluation,1,0,2,0.0,0,4.293890881093125,0.591205525878034,0,0,0.6304779103738979,0.022900763358778626,0.13740458015267176,0.0
Cora,client,7,2194,4,MR,H,evaluation,0,0,4,1.0,1,0.27767426390201144,0.27583863936296626,0,0,1.5683521602166395,0.09923664122137404,0.13740458015267176,0.0
Cora,client,7,2235,4,MR,H,evaluation,5,0,3,1.0,1,0.007117452778786986,0.0986797620318588,1,0,1.5831992907633976,0.09923664122137404,0.13740458015267176,0.0
Cora,client,7,2236,4,MR,H,evaluation,4,0,4,1.0,1,0.5747963529965994,0.01952251681236835,0,1,4.589668721462138,0.9083969465648855,0.13740458015267176,1.0
Cora,client,7,2240,4,MR,H,evaluation,4,0,7,1.0,0,1.2332558098037159,0.01952251681236835,0,1,1.8319302084961626,0.13740458015267176,0.13740458015267176,0.0
Cora,client,7,2248,4,MR,H,evaluation,4,0,14,1.0,1,0.1123602943304931,0.01952251681236835,0,1,3.416290146121016,0.8320610687022901,0.13740458015267176,1.0
Cora,client,7,2249,4,MR,H,evaluation,4,0,5,1.0,1,0.4221115007285433,0.01952251681236835,0,1,2.892154351743396,0.6564885496183206,0.13740458015267176,1.0
Cora,client,7,2253,4,MR,H,evaluation,3,0,1,1.0,0,1.3944769928466783,0.0022662230132861265,0,0,0.5186636107549246,0.015267175572519083,0.13740458015267176,0.0
Cora,client,7,2261,4,MR,H,evaluation,4,0,1,0.0,1,0.6736422189079722,0.01952251681236835,0,1,6.060022201536763,0.9694656488549618,0.13740458015267176,1.0
Cora,client,7,2263,4,MR,H,evaluation,4,0,3,0.6666666666666666,1,0.3410008371934875,0.01952251681236835,0,1,3.9821104379576933,0.8625954198473282,0.13740458015267176,1.0
Cora,client,7,2271,4,MR,H,evaluation,5,0,1,1.0,1,0.06791859442822487,0.0986797620318588,1,0,1.3726724417959735,0.07633587786259542,0.13740458015267176,0.0
Cora,client,7,2272,4,MR,H,evaluation,5,0,1,1.0,1,0.805824716910655,0.0986797620318588,0,0,1.1235970484766804,0.05343511450381679,0.13740458015267176,0.0
Cora,client,7,2274,4,MR,H,evaluation,0,0,1,0.0,1,1.050343814924126,0.27583863936296626,0,0,2.5166721498303253,0.4580152671755725,0.13740458015267176,1.0
Cora,client,7,2287,4,MR,H,evaluation,5,0,3,1.0,0,0.9788454555716604,0.0986797620318588,0,0,1.1572471644708435,0.05343511450381679,0.13740458015267176,0.0
Cora,client,7,2288,4,MR,H,evaluation,5,0,3,1.0,0,1.2884135851897396,0.0986797620318588,0,0,1.0744353055469777,0.04580152671755725,0.13740458015267176,0.0
Cora,client,7,2312,4,MR,H,evaluation,0,0,2,0.5,1,0.4388096114975474,0.27583863936296626,0,0,1.9290108682447573,0.13740458015267176,0.13740458015267176,0.0
Cora,client,7,2335,4,MR,H,evaluation,4,0,6,1.0,1,0.23557015391353736,0.01952251681236835,0,1,4.1671185792392675,0.8854961832061069,0.13740458015267176,1.0
Cora,client,7,2336,4,MR,H,evaluation,4,0,5,1.0,1,0.03343047362477262,0.01952251681236835,0,1,2.5066882343769934,0.45038167938931295,0.13740458015267176,1.0
Cora,client,7,2348,4,MR,H,evaluation,3,0,2,0.5,0,3.444132407772385,0.0022662230132861265,0,0,0.21615362792467271,0.015267175572519083,0.13740458015267176,0.0
Cora,client,7,2353,4,MR,H,evaluation,4,0,3,1.0,0,1.0644391343956738,0.01952251681236835,0,1,2.1620861666323234,0.24427480916030533,0.13740458015267176,1.0
Cora,client,7,2355,4,MR,H,evaluation,4,0,3,0.3333333333333333,1,0.5704330634028689,0.01952251681236835,0,1,4.117423286471401,0.8854961832061069,0.13740458015267176,1.0
Cora,client,7,2357,4,MR,H,evaluation,4,0,4,0.5,1,0.34333274495522775,0.01952251681236835,0,1,4.250745507876287,0.9007633587786259,0.13740458015267176,1.0
Cora,client,7,2380,4,MR,H,evaluation,4,0,3,1.0,1,0.36567315413053864,0.01952251681236835,0,1,3.7055574617271154,0.8473282442748091,0.13740458015267176,1.0
Cora,client,7,2382,4,MR,H,evaluation,4,0,2,1.0,1,0.8497396779959747,0.01952251681236835,0,1,1.7156962625068122,0.12213740458015267,0.13740458015267176,0.0
Cora,client,7,2387,4,MR,H,evaluation,4,0,6,1.0,1,0.13911295604001062,0.01952251681236835,0,1,2.5807652574494395,0.5038167938931297,0.13740458015267176,1.0
Cora,client,7,2393,4,MR,H,evaluation,4,0,2,1.0,1,0.553696748335317,0.01952251681236835,0,1,2.6998136786638915,0.5725190839694656,0.13740458015267176,1.0
Cora,client,7,2399,4,MR,H,evaluation,4,0,5,1.0,1,1.0198486208312518,0.01952251681236835,0,1,2.033837448116392,0.16030534351145037,0.13740458015267176,1.0
Cora,client,7,2400,4,MR,H,evaluation,4,0,2,1.0,1,0.8171356648573951,0.01952251681236835,0,1,1.6721767445842455,0.11450381679389313,0.13740458015267176,0.0
Cora,client,7,2435,4,MR,H,evaluation,4,0,2,1.0,1,0.7145490245302465,0.01952251681236835,0,1,2.0382088705809642,0.16793893129770993,0.13740458015267176,1.0
Cora,client,7,2490,4,MR,H,evaluation,4,0,2,0.5,1,0.5760810778556504,0.01952251681236835,0,1,3.642210020938215,0.8396946564885496,0.13740458015267176,1.0
Cora,client,7,2501,4,MR,H,evaluation,3,0,5,1.0,1,0.0009423888291932355,0.0022662230132861265,1,0,1.0319341862900415,0.04580152671755725,0.13740458015267176,0.0
Cora,client,7,2506,4,MR,H,evaluation,5,0,1,1.0,0,1.5700211655612315,0.0986797620318588,0,0,0.8970454662302274,0.030534351145038167,0.13740458015267176,0.0
Cora,client,7,2508,4,MR,H,evaluation,3,0,3,1.0,1,0.09722948741828709,0.0022662230132861265,0,0,1.5026567732540492,0.08396946564885496,0.13740458015267176,0.0
Cora,client,7,2527,4,MR,H,evaluation,5,0,1,1.0,1,0.03872717212428961,0.0986797620318588,1,0,1.3167937422708804,0.06870229007633588,0.13740458015267176,0.0
Cora,client,7,2528,4,MR,H,evaluation,5,0,2,1.0,1,0.20378874642777078,0.0986797620318588,0,0,1.239973674386757,0.05343511450381679,0.13740458015267176,0.0
Cora,client,7,2534,4,MR,H,evaluation,3,0,3,1.0,1,0.042182714799628596,0.0022662230132861265,0,0,1.3656817091992222,0.07633587786259542,0.13740458015267176,0.0
Cora,client,7,2548,4,MR,H,evaluation,4,0,1,1.0,1,0.08730316159634298,0.01952251681236835,0,1,1.9350378027030406,0.13740458015267176,0.13740458015267176,0.0
Cora,client,7,2549,4,MR,H,evaluation,4,0,1,1.0,1,0.11584102929275975,0.01952251681236835,0,1,1.6745168556977224,0.11450381679389313,0.13740458015267176,0.0
Cora,client,7,2574,4,MR,H,evaluation,3,0,1,1.0,1,0.0014913488392091744,0.0022662230132861265,1,0,1.1797481531803422,0.05343511450381679,0.13740458015267176,0.0
Cora,client,7,2575,4,MR,H,evaluation,0,0,1,1.0,1,0.4744045124978896,0.27583863936296626,0,0,2.1484595458308484,0.24427480916030533,0.13740458015267176,1.0
Cora,client,7,2587,4,MR,H,evaluation,4,0,1,1.0,1,0.6985185916224985,0.01952251681236835,0,1,1.7810579321757054,0.1297709923664122,0.13740458015267176,0.0
Cora,client,7,2623,4,MR,H,evaluation,4,0,1,1.0,1,0.42124116629787767,0.01952251681236835,0,1,3.2001276665576928,0.7862595419847328,0.13740458015267176,1.0
Cora,client,7,2628,4,MR,H,evaluation,5,0,1,1.0,1,0.0872685054218165,0.0986797620318588,1,0,1.19368993413144,0.05343511450381679,0.13740458015267176,0.0
Cora,client,7,2630,4,MR,H,evaluation,3,0,2,1.0,1,0.04518420688291405,0.0022662230132861265,0,0,1.6484700494276574,0.11450381679389313,0.13740458015267176,0.0
Cora,client,7,2645,4,MR,H,evaluation,4,0,4,1.0,1,0.7265094744215349,0.01952251681236835,0,1,1.7718197833733957,0.1297709923664122,0.13740458015267176,0.0
Cora,client,7,2646,4,MR,H,evaluation,4,0,1,1.0,0,1.363855985424871,0.01952251681236835,0,1,2.351515541979641,0.366412213740458,0.13740458015267176,1.0
Cora,client,7,2647,4,MR,H,evaluation,4,0,3,0.6666666666666666,1,0.1415542775397113,0.01952251681236835,0,1,4.555927361925405,0.9083969465648855,0.13740458015267176,1.0
Cora,client,7,2648,4,MR,H,evaluation,4,0,3,1.0,1,0.03743788942158487,0.01952251681236835,0,1,3.052869244497498,0.7480916030534351,0.13740458015267176,1.0
Cora,client,7,2663,4,MR,H,evaluation,3,0,2,1.0,1,0.010777656625774653,0.0022662230132861265,0,0,1.2805021219480945,0.061068702290076333,0.13740458015267176,0.0
Cora,client,7,2670,4,MR,H,evaluation,4,0,3,1.0,1,1.075973905760068,0.01952251681236835,0,1,2.391313555956774,0.3969465648854962,0.13740458015267176,1.0
Cora,client,7,2674,4,MR,H,evaluation,4,0,3,1.0,0,1.401701294858074,0.01952251681236835,0,1,2.027088844548374,0.1450381679389313,0.13740458015267176,1.0
Cora,client,7,2678,4,MR,H,evaluation,4,0,3,1.0,1,0.7615505505059961,0.01952251681236835,0,1,2.0711318771494693,0.1984732824427481,0.13740458015267176,1.0
Cora,client,7,2679,4,MR,H,evaluation,4,0,5,1.0,1,0.6227987013584961,0.01952251681236835,0,1,4.303791083861415,0.9007633587786259,0.13740458015267176,1.0
Cora,client,7,2681,4,MR,H,evaluation,4,0,5,1.0,0,2.085488853477112,0.01952251681236835,0,1,6.112691851709443,0.9694656488549618,0.13740458015267176,1.0
Cora,client,7,2699,4,MR,H,evaluation,3,0,1,1.0,1,0.04077320259717366,0.0022662230132861265,0,0,2.044250907450846,0.17557251908396945,0.13740458015267176,1.0
Cora,client,7,32,3,MR,attack_member,evaluation,0,1,3,0.3333333333333333,1,0.047913321755967055,0.27583863936296626,1,0,13.976849683614622,0.9923664122137404,0.13740458015267176,1.0
Cora,client,7,34,0,MR,attack_member,evaluation,2,1,1,1.0,1,0.0032889030781906633,0.09735486007255092,1,0,1.3601901677238233,0.07633587786259542,0.13740458015267176,0.0
Cora,client,7,36,2,MR,attack_member,evaluation,1,1,8,1.0,1,0.0008582795702852242,0.591205525878034,1,0,2.5601331478391076,0.4961832061068702,0.13740458015267176,1.0
Cora,client,7,77,1,MR,attack_member,evaluation,6,1,2,0.0,1,0.4465532354936921,0.05265556579236158,0,0,2.825618616045106,0.6335877862595419,0.13740458015267176,1.0
Cora,client,7,111,0,MR,attack_member,evaluation,2,1,6,1.0,1,4.134313898465266e-06,0.09735486007255092,1,0,1.2369965005092218,0.05343511450381679,0.13740458015267176,0.0
Cora,client,7,121,2,MR,attack_member,evaluation,1,1,5,1.0,1,4.701050565767578e-05,0.591205525878034,1,0,3.732365279219229,0.8549618320610687,0.13740458015267176,1.0
Cora,client,7,133,2,MR,attack_member,evaluation,1,1,8,1.0,1,0.0004841103647331625,0.591205525878034,1,0,2.6263891352092497,0.5114503816793893,0.13740458015267176,1.0
Cora,client,7,155,0,MR,attack_member,evaluation,2,1,7,1.0,1,9.058529908581047e-05,0.09735486007255092,1,0,1.3190045573865734,0.06870229007633588,0.13740458015267176,0.0
Cora,client,7,171,1,MR,attack_member,evaluation,3,1,3,1.0,1,0.010474565328215193,0.0022662230132861265,0,0,1.3845712902227263,0.08396946564885496,0.13740458015267176,0.0
Cora,client,7,303,2,MR,attack_member,evaluation,1,1,3,1.0,1,0.007577800775306794,0.591205525878034,1,0,3.2830790972311665,0.7938931297709924,0.13740458015267176,1.0
Cora,client,7,334,3,MR,attack_member,evaluation,0,1,3,1.0,1,0.026280422765733082,0.27583863936296626,1,0,2.3654231911294037,0.37404580152671757,0.13740458015267176,1.0
Cora,client,7,343,2,MR,attack_member,evaluation,3,1,2,1.0,1,7.330742995571297e-05,0.0022662230132861265,1,0,1.1971581211326014,0.05343511450381679,0.13740458015267176,0.0
Cora,client,7,346,0,MR,attack_member,evaluation,2,1,2,1.0,1,0.0004788423323899617,0.09735486007255092,1,0,1.313772884859062,0.06870229007633588,0.13740458015267176,0.0
Cora,client,7,354,1,MR,attack_member,evaluation,0,1,3,1.0,0,0.953550293668604,0.27583863936296626,0,0,2.2470382488358975,0.32061068702290074,0.13740458015267176,1.0
Cora,client,7,369,1,MR,attack_member,evaluation,4,1,2,0.5,1,0.0679395298509096,0.01952251681236835,0,1,6.309717733527941,0.9694656488549618,0.13740458015267176,1.0
Cora,client,7,380,1,MR,attack_member,evaluation,3,1,3,1.0,1,0.03949222415481067,0.0022662230132861265,0,0,2.545391955148872,0.48854961832061067,0.13740458015267176,1.0
Cora,client,7,389,0,MR,attack_member,evaluation,2,1,8,0.75,1,0.0008199075265649942,0.09735486007255092,1,0,1.602703786160825,0.09923664122137404,0.13740458015267176,0.0
Cora,client,7,415,1,MR,attack_member,evaluation,0,1,16,0.4375,1,0.001215285395873477,0.27583863936296626,1,0,1.4108614790071838,0.08396946564885496,0.13740458015267176,0.0
Cora,client,7,429,1,MR,attack_member,evaluation,4,1,11,0.6363636363636364,1,0.008127306447082764,0.01952251681236835,1,1,7.986828401431278,0.9847328244274809,0.13740458015267176,1.0
Cora,client,7,441,3,MR,attack_member,evaluation,5,1,8,0.875,1,0.0024753719865828216,0.0986797620318588,1,0,1.411148461915916,0.08396946564885496,0.13740458015267176,0.0
Cora,client,7,446,3,MR,attack_member,evaluation,0,1,3,0.3333333333333333,1,0.5153041246795425,0.27583863936296626,0,0,3.207829779816436,0.7862595419847328,0.13740458015267176,1.0
Cora,client,7,458,3,MR,attack_member,evaluation,5,1,6,1.0,1,0.0004197108147894334,0.0986797620318588,1,0,1.7977037593158887,0.13740458015267176,0.13740458015267176,0.0
Cora,client,7,482,1,MR,attack_member,evaluation,3,1,8,1.0,1,6.860231226271198e-05,0.0022662230132861265,1,0,1.0939478142404762,0.04580152671755725,0.13740458015267176,0.0
Cora,client,7,493,2,MR,attack_member,evaluation,2,1,3,0.6666666666666666,1,0.006324259964546379,0.09735486007255092,1,0,1.7468031909722497,0.12213740458015267,0.13740458015267176,0.0
Cora,client,7,496,3,MR,attack_member,evaluation,0,1,3,0.6666666666666666,1,0.03798961380802514,0.27583863936296626,1,0,3.5419984703671967,0.8396946564885496,0.13740458015267176,1.0
Cora,client,7,521,2,MR,attack_member,evaluation,3,1,1,1.0,1,0.04655427861758632,0.0022662230132861265,0,0,1.4069659957891707,0.08396946564885496,0.13740458015267176,0.0
Cora,client,7,554,3,MR,attack_member,evaluation,3,1,2,0.0,1,0.34094838382436043,0.0022662230132861265,0,0,4.112520285250623,0.8778625954198473,0.13740458015267176,1.0
Cora,client,7,560,1,MR,attack_member,evaluation,4,1,2,1.0,1,0.0003191025440903257,0.01952251681236835,1,1,5.531119450302864,0.9694656488549618,0.13740458015267176,1.0
Cora,client,7,562,0,MR,attack_member,evaluation,2,1,4,0.75,1,0.027444882905870344,0.09735486007255092,1,0,1.6632162521857878,0.11450381679389313,0.13740458015267176,0.0
Cora,client,7,580,0,MR,attack_member,evaluation,2,1,8,1.0,1,2.2038353429166113e-05,0.09735486007255092,1,0,1.3282064372540046,0.06870229007633588,0.13740458015267176,0.0
Cora,client,7,581,2,MR,attack_member,evaluation,1,1,2,1.0,1,0.03853037650204848,0.591205525878034,1,0,2.552049467043563,0.4961832061068702,0.13740458015267176,1.0
Cora,client,7,586,3,MR,attack_member,evaluation,0,1,4,1.0,1,0.00797868108933573,0.27583863936296626,1,0,1.5641095581053028,0.09923664122137404,0.13740458015267176,0.0
Cora,client,7,605,3,MR,attack_member,evaluation,3,1,1,1.0,1,0.01387761231526232,0.0022662230132861265,0,0,3.5524259506353437,0.8396946564885496,0.13740458015267176,1.0
Cora,client,7,643,3,MR,attack_member,evaluation,5,1,3,1.0,1,0.006884648967106114,0.0986797620318588,1,0,2.5100725658553302,0.4580152671755725,0.13740458015267176,1.0
Cora,client,7,649,2,MR,attack_member,evaluation,3,1,2,1.0,1,0.00011008683755351362,0.0022662230132861265,1,0,1.1509715646639194,0.05343511450381679,0.13740458015267176,0.0
Cora,client,7,652,0,MR,attack_member,evaluation,4,1,2,1.0,1,0.027909207386387858,0.01952251681236835,0,1,4.269289930456396,0.9007633587786259,0.13740458015267176,1.0
Cora,client,7,666,3,MR,attack_member,evaluation,0,1,3,0.3333333333333333,1,0.04782268797121285,0.27583863936296626,1,0,14.112018693979417,0.9923664122137404,0.13740458015267176,1.0
Cora,client,7,694,3,MR,attack_member,evaluation,5,1,2,1.0,1,0.015859076361493547,0.0986797620318588,1,0,1.6247730641704,0.10687022900763359,0.13740458015267176,0.0
Cora,client,7,695,2,MR,attack_member,evaluation,3,1,9,0.2222222222222222,1,0.32741378875676913,0.0022662230132861265,0,0,1.747118965357139,0.12213740458015267,0.13740458015267176,0.0
Cora,client,7,713,2,MR,attack_member,evaluation,3,1,1,1.0,1,0.0005527670639750725,0.0022662230132861265,1,0,1.1239837743420429,0.05343511450381679,0.13740458015267176,0.0
Cora,client,7,723,0,MR,attack_member,evaluation,2,1,2,1.0,1,0.0008681454001859148,0.09735486007255092,1,0,1.5428454209146631,0.08396946564885496,0.13740458015267176,0.0
Cora,client,7,753,1,MR,attack_member,evaluation,0,1,2,0.0,0,2.2252995231040957,0.27583863936296626,0,0,3.454036587230686,0.8396946564885496,0.13740458015267176,1.0
Cora,client,7,758,0,MR,attack_member,evaluation,2,1,4,1.0,1,3.1136318841425994e-05,0.09735486007255092,1,0,1.258922561478625,0.05343511450381679,0.13740458015267176,0.0
Cora,client,7,766,2,MR,attack_member,evaluation,3,1,5,1.0,1,0.0024593974735048047,0.0022662230132861265,0,0,1.3664173428716841,0.07633587786259542,0.13740458015267176,0.0
Cora,client,7,787,3,MR,attack_member,evaluation,4,1,1,1.0,1,0.012532319205337226,0.01952251681236835,1,1,13.573723048472223,0.9923664122137404,0.13740458015267176,1.0
Cora,client,7,823,0,MR,attack_member,evaluation,2,1,5,1.0,1,8.005005936638695e-05,0.09735486007255092,1,0,1.3386649211126558,0.06870229007633588,0.13740458015267176,0.0
Cora,client,7,871,0,MR,attack_member,evaluation,2,1,5,1.0,1,4.62288668833344e-05,0.09735486007255092,1,0,1.3962780791336686,0.08396946564885496,0.13740458015267176,0.0
Cora,client,7,894,0,MR,attack_member,evaluation,3,1,2,1.0,1,0.010984353356931497,0.0022662230132861265,0,0,1.161222971403188,0.05343511450381679,0.13740458015267176,0.0
Cora,client,7,953,1,MR,attack_member,evaluation,3,1,3,1.0,1,0.011319199289389995,0.0022662230132861265,0,0,2.8756606906216207,0.648854961832061,0.13740458015267176,1.0
Cora,client,7,958,2,MR,attack_member,evaluation,1,1,3,0.6666666666666666,1,0.06116978651876834,0.591205525878034,1,0,2.4076215818688382,0.40458015267175573,0.13740458015267176,1.0
Cora,client,7,966,1,MR,attack_member,evaluation,0,1,1,1.0,1,0.011488578897693473,0.27583863936296626,1,0,1.8590212239393586,0.13740458015267176,0.13740458015267176,0.0
Cora,client,7,992,3,MR,attack_member,evaluation,0,1,2,0.5,1,0.016554695637987546,0.27583863936296626,1,0,2.7379947289934434,0.6106870229007634,0.13740458015267176,1.0
Cora,client,7,1037,0,MR,attack_member,evaluation,2,1,3,1.0,1,0.002366732895526653,0.09735486007255092,1,0,1.542969896653413,0.08396946564885496,0.13740458015267176,0.0
Cora,client,7,1047,3,MR,attack_member,evaluation,0,1,3,1.0,1,0.013133432328454544,0.27583863936296626,1,0,2.6789452138382757,0.5648854961832062,0.13740458015267176,1.0
Cora,client,7,1067,0,MR,attack_member,evaluation,2,1,7,1.0,1,2.0461101334330222e-05,0.09735486007255092,1,0,1.3333397593509935,0.06870229007633588,0.13740458015267176,0.0
Cora,client,7,1069,1,MR,attack_member,evaluation,0,1,1,1.0,1,0.0062239501935078,0.27583863936296626,1,0,1.5568982422159767,0.0916030534351145,0.13740458015267176,0.0
Cora,client,7,1075,3,MR,attack_member,evaluation,3,1,1,1.0,1,1.2705075560257718e-05,0.0022662230132861265,1,0,1.1074744759090354,0.05343511450381679,0.13740458015267176,0.0
Cora,client,7,1084,3,MR,attack_member,evaluation,3,1,1,1.0,1,0.01787615831551218,0.0022662230132861265,0,0,1.2717811963801746,0.05343511450381679,0.13740458015267176,0.0
Cora,client,7,1118,3,MR,attack_member,evaluation,0,1,3,1.0,1,0.06045329911372589,0.27583863936296626,1,0,1.8740462680552559,0.13740458015267176,0.13740458015267176,0.0
Cora,client,7,1155,0,MR,attack_member,evaluation,2,1,2,1.0,1,0.00026495968291294293,0.09735486007255092,1,0,1.3104397592412864,0.06870229007633588,0.13740458015267176,0.0
Cora,client,7,1169,0,MR,attack_member,evaluation,2,1,23,0.9565217391304348,1,1.124323823654167e-06,0.09735486007255092,1,0,1.1993778408879452,0.05343511450381679,0.13740458015267176,0.0
Cora,client,7,1184,1,MR,attack_member,evaluation,5,1,1,1.0,1,0.0034873982597104355,0.0986797620318588,1,0,1.6449654391935222,0.11450381679389313,0.13740458015267176,0.0
Cora,client,7,1185,0,MR,attack_member,evaluation,3,1,7,1.0,1,7.138970665195447e-05,0.0022662230132861265,1,0,1.0583644758964665,0.04580152671755725,0.13740458015267176,0.0
Cora,client,7,1201,0,MR,attack_member,evaluation,3,1,3,0.6666666666666666,1,0.00041887369531839303,0.0022662230132861265,1,0,1.0255310521063656,0.04580152671755725,0.13740458015267176,0.0
Cora,client,7,1233,2,MR,attack_member,evaluation,2,1,1,1.0,1,0.00965765082443572,0.09735486007255092,1,0,5.8508191511989365,0.9694656488549618,0.13740458015267176,1.0
Cora,client,7,1238,0,MR,attack_member,evaluation,2,1,2,1.0,1,0.004899838495992559,0.09735486007255092,1,0,1.381853885091523,0.08396946564885496,0.13740458015267176,0.0
Cora,client,7,1284,0,MR,attack_member,evaluation,2,1,7,1.0,1,0.00017102137934512512,0.09735486007255092,1,0,1.3472831765365396,0.06870229007633588,0.13740458015267176,0.0
Cora,client,7,1298,2,MR,attack_member,evaluation,3,1,1,1.0,1,6.278150987809207e-05,0.0022662230132861265,1,0,1.091752529481014,0.04580152671755725,0.13740458015267176,0.0
Cora,client,7,1337,2,MR,attack_member,evaluation,1,1,4,0.75,1,0.032923222825053076,0.591205525878034,1,0,2.833739839854558,0.6335877862595419,0.13740458015267176,1.0
Cora,client,7,1362,3,MR,attack_member,evaluation,6,1,3,1.0,1,0.0006077503115119481,0.05265556579236158,1,0,1.4440981999124936,0.08396946564885496,0.13740458015267176,0.0
Cora,client,7,1430,0,MR,attack_member,evaluation,2,1,2,1.0,1,0.00042637733508514575,0.09735486007255092,1,0,1.5679403531940814,0.09923664122137404,0.13740458015267176,0.0
Cora,client,7,1476,1,MR,attack_member,evaluation,6,1,2,1.0,1,0.00104433489736213,0.05265556579236158,1,0,1.5547576817068192,0.0916030534351145,0.13740458015267176,0.0
Cora,client,7,1480,0,MR,attack_member,evaluation,2,1,2,1.0,1,0.006010213880360377,0.09735486007255092,1,0,1.4120003948997184,0.08396946564885496,0.13740458015267176,0.0
Cora,client,7,1493,1,MR,attack_member,evaluation,4,1,1,1.0,1,0.012819006981113998,0.01952251681236835,1,1,5.442729684400165,0.9694656488549618,0.13740458015267176,1.0
Cora,client,7,1527,1,MR,attack_member,evaluation,0,1,4,0.75,1,0.17553511849915984,0.27583863936296626,1,0,1.9499880257472781,0.13740458015267176,0.13740458015267176,0.0
Cora,client,7,1535,3,MR,attack_member,evaluation,0,1,6,0.6666666666666666,1,0.500737848873188,0.27583863936296626,0,0,3.194564336801821,0.7862595419847328,0.13740458015267176,1.0
Cora,client,7,1562,0,MR,attack_member,evaluation,2,1,2,1.0,1,0.0021829386044026223,0.09735486007255092,1,0,1.3928452474972473,0.08396946564885496,0.13740458015267176,0.0
Cora,client,7,1586,0,MR,attack_member,evaluation,2,1,3,0.6666666666666666,1,0.013261755839873608,0.09735486007255092,1,0,3.679696318995839,0.8473282442748091,0.13740458015267176,1.0
Cora,client,7,1589,0,MR,attack_member,evaluation,2,1,2,1.0,1,0.0067658974438814315,0.09735486007255092,1,0,1.6659478941525274,0.11450381679389313,0.13740458015267176,0.0
Cora,client,7,1644,3,MR,attack_member,evaluation,0,1,1,1.0,1,0.06069188818279567,0.27583863936296626,1,0,2.545350826042179,0.48854961832061067,0.13740458015267176,1.0
Cora,client,7,1645,3,MR,attack_member,evaluation,3,1,4,0.25,1,0.30315056321381884,0.0022662230132861265,0,0,1.3708883277887796,0.07633587786259542,0.13740458015267176,0.0
Cora,client,7,1669,3,MR,attack_member,evaluation,0,1,3,0.6666666666666666,1,0.003966406599295434,0.27583863936296626,1,0,2.963008676012821,0.6717557251908397,0.13740458015267176,1.0
Cora,client,7,1677,1,MR,attack_member,evaluation,5,1,4,0.25,0,3.3508580303598348,0.0986797620318588,0,0,0.8305239161669917,0.030534351145038167,0.13740458015267176,0.0
Cora,client,7,1740,0,MR,attack_member,evaluation,2,1,12,1.0,1,2.348664379276707e-05,0.09735486007255092,1,0,1.4147464612687766,0.08396946564885496,0.13740458015267176,0.0
Cora,client,7,1765,0,MR,attack_member,evaluation,2,1,17,1.0,1,1.3712622312325315e-05,0.09735486007255092,1,0,1.2585377951009988,0.05343511450381679,0.13740458015267176,0.0
Cora,client,7,1770,2,MR,attack_member,evaluation,1,1,4,1.0,1,0.0011205829249984224,0.591205525878034,1,0,2.520885841392871,0.46564885496183206,0.13740458015267176,1.0
Cora,client,7,1773,2,MR,attack_member,evaluation,1,1,5,1.0,1,0.00012153109569501688,0.591205525878034,1,0,2.3069025555561766,0.35877862595419846,0.13740458015267176,1.0
Cora,client,7,1776,2,MR,attack_member,evaluation,1,1,6,0.6666666666666666,1,0.0314501084229669,0.591205525878034,1,0,2.899344469713083,0.6564885496183206,0.13740458015267176,1.0
Cora,client,7,1802,2,MR,attack_member,evaluation,3,1,3,0.0,0,2.043384394103441,0.0022662230132861265,0,0,0.6056463370653109,0.022900763358778626,0.13740458015267176,0.0
Cora,client,7,1847,1,MR,attack_member,evaluation,0,1,2,1.0,1,0.08869028679652108,0.27583863936296626,1,0,1.7513877710860912,0.1297709923664122,0.13740458015267176,0.0
Cora,client,7,1864,2,MR,attack_member,evaluation,3,1,4,1.0,1,0.0013183283047482578,0.0022662230132861265,1,0,1.2575669352742398,0.05343511450381679,0.13740458015267176,0.0
Cora,client,7,1870,2,MR,attack_member,evaluation,3,1,4,1.0,1,0.01271848948353241,0.0022662230132861265,0,0,1.5041899380585846,0.08396946564885496,0.13740458015267176,0.0
Cora,client,7,1872,2,MR,attack_member,evaluation,3,1,1,1.0,1,0.010887192721172351,0.0022662230132861265,0,0,1.4080946027797694,0.08396946564885496,0.13740458015267176,0.0
Cora,client,7,1889,1,MR,attack_member,evaluation,4,1,7,0.7142857142857143,1,0.0038500131740789104,0.01952251681236835,1,1,2.4675360225664074,0.4351145038167939,0.13740458015267176,1.0
Cora,client,7,1890,1,MR,attack_member,evaluation,4,1,2,1.0,1,0.015018746288128824,0.01952251681236835,1,1,2.4615383765887398,0.4351145038167939,0.13740458015267176,1.0
Cora,client,7,1895,3,MR,attack_member,evaluation,2,1,2,0.5,1,0.03680413504911822,0.09735486007255092,1,0,1.665634357586016,0.11450381679389313,0.13740458015267176,0.0
Cora,client,7,1901,3,MR,attack_member,evaluation,5,1,5,1.0,1,0.0003773412653319306,0.0986797620318588,1,0,1.5843006612139123,0.09923664122137404,0.13740458015267176,0.0
Cora,client,7,1960,3,MR,attack_member,evaluation,5,1,4,1.0,1,0.00012405673211771378,0.0986797620318588,1,0,1.1830888916864357,0.05343511450381679,0.13740458015267176,0.0
Cora,client,7,1988,1,MR,attack_member,evaluation,3,1,1,1.0,1,2.669740396936225e-06,0.0022662230132861265,1,0,1.1444819929258905,0.05343511450381679,0.13740458015267176,0.0
Cora,client,7,1998,2,MR,attack_member,evaluation,5,1,8,0.125,0,3.5861455121135988,0.0986797620318588,0,0,0.9494718142168251,0.03816793893129771,0.13740458015267176,0.0
Cora,client,7,2009,2,MR,attack_member,evaluation,3,1,4,1.0,1,0.006935319359561713,0.0022662230132861265,0,0,1.609769390735631,0.09923664122137404,0.13740458015267176,0.0
Cora,client,7,2018,1,MR,attack_member,evaluation,0,1,6,0.5,1,0.026698155680830764,0.27583863936296626,1,0,1.5890572851246252,0.09923664122137404,0.13740458015267176,0.0
Cora,client,7,2037,1,MR,attack_member,evaluation,3,1,2,0.5,1,0.021937952387833304,0.0022662230132861265,0,0,1.3566190677975323,0.07633587786259542,0.13740458015267176,0.0
Cora,client,7,2084,2,MR,attack_member,evaluation,1,1,3,1.0,1,0.011403927290702866,0.591205525878034,1,0,2.8822160951780385,0.6564885496183206,0.13740458015267176,1.0
Cora,client,7,2117,2,MR,attack_member,evaluation,3,1,8,1.0,1,4.930250030459019e-05,0.0022662230132861265,1,0,1.098437523145533,0.04580152671755725,0.13740458015267176,0.0
Cora,client,7,2136,1,MR,attack_member,evaluation,0,1,4,0.25,1,0.5774556665858369,0.27583863936296626,0,0,2.3091724110943828,0.35877862595419846,0.13740458015267176,1.0
Cora,client,7,2149,3,MR,attack_member,evaluation,3,1,1,1.0,1,0.006564111883639024,0.0022662230132861265,0,0,1.2631966335168612,0.05343511450381679,0.13740458015267176,0.0
Cora,client,7,2165,3,MR,attack_member,evaluation,6,1,2,0.5,1,0.7180317393702711,0.05265556579236158,0,0,4.033637738007681,0.8625954198473282,0.13740458015267176,1.0
Cora,client,7,2197,3,MR,attack_member,evaluation,0,1,6,1.0,1,0.0003264522612714344,0.27583863936296626,1,0,1.405391673160713,0.08396946564885496,0.13740458015267176,0.0
Cora,client,7,2213,0,MR,attack_member,evaluation,3,1,3,1.0,1,0.007091963131756017,0.0022662230132861265,0,0,1.1108273595495775,0.05343511450381679,0.13740458015267176,0.0
Cora,client,7,2215,0,MR,attack_member,evaluation,3,1,4,0.75,1,0.0031375622255336707,0.0022662230132861265,0,0,1.0694313142458833,0.04580152671755725,0.13740458015267176,0.0
Cora,client,7,2229,1,MR,attack_member,evaluation,3,1,3,0.3333333333333333,1,0.024465010767537078,0.0022662230132861265,0,0,3.860510892796048,0.8625954198473282,0.13740458015267176,1.0
Cora,client,7,2255,2,MR,attack_member,evaluation,1,1,1,1.0,1,0.0009572526668079302,0.591205525878034,1,0,46.45766647238121,1.0,0.13740458015267176,1.0
Cora,client,7,2267,2,MR,attack_member,evaluation,0,1,2,1.0,1,0.001872102254806462,0.27583863936296626,1,0,1.5176497627619066,0.08396946564885496,0.13740458015267176,0.0
Cora,client,7,2286,3,MR,attack_member,evaluation,5,1,3,1.0,1,0.0018279783029955727,0.0986797620318588,1,0,1.8700521005591375,0.13740458015267176,0.13740458015267176,0.0
Cora,client,7,2292,1,MR,attack_member,evaluation,4,1,2,0.0,1,0.002841341308260549,0.01952251681236835,1,1,4.894500226169852,0.9236641221374046,0.13740458015267176,1.0
Cora,client,7,2303,1,MR,attack_member,evaluation,3,1,3,0.6666666666666666,1,0.00020698957455324779,0.0022662230132861265,1,0,1.0403138396965648,0.04580152671755725,0.13740458015267176,0.0
Cora,client,7,2304,0,MR,attack_member,evaluation,3,1,1,0.0,1,0.06237827431667482,0.0022662230132861265,0,0,2.0332154241452622,0.16030534351145037,0.13740458015267176,1.0
Cora,client,7,2311,3,MR,attack_member,evaluation,0,1,2,1.0,1,0.013435047765025725,0.27583863936296626,1,0,3.407902166257862,0.8320610687022901,0.13740458015267176,1.0
Cora,client,7,2332,3,MR,attack_member,evaluation,0,1,3,0.6666666666666666,1,0.010065546125690508,0.27583863936296626,1,0,3.039669315006811,0.732824427480916,0.13740458015267176,1.0
Cora,client,7,2337,1,MR,attack_member,evaluation,4,1,1,1.0,1,0.056810611912366665,0.01952251681236835,0,1,3.8579660925007118,0.8625954198473282,0.13740458015267176,1.0
Cora,client,7,2341,2,MR,attack_member,evaluation,4,1,1,1.0,1,0.012521750716933821,0.01952251681236835,1,1,14.3292874681948,1.0,0.13740458015267176,1.0
Cora,client,7,2461,2,MR,attack_member,evaluation,6,1,1,1.0,1,2.5102277757988008e-05,0.05265556579236158,1,0,1.631143870192268,0.10687022900763359,0.13740458015267176,0.0
Cora,client,7,2561,0,MR,attack_member,evaluation,2,1,1,1.0,1,0.01695076918116374,0.09735486007255092,1,0,2.8371632048161466,0.6335877862595419,0.13740458015267176,1.0
Cora,client,7,2595,1,MR,attack_member,evaluation,3,1,1,1.0,1,0.0003207734482795709,0.0022662230132861265,1,0,1.0815727770492127,0.04580152671755725,0.13740458015267176,0.0
Cora,client,7,2608,3,MR,attack_member,evaluation,6,1,3,1.0,1,0.004591573325730057,0.05265556579236158,1,0,1.7834139189687064,0.1297709923664122,0.13740458015267176,0.0
Cora,client,7,2609,0,MR,attack_member,evaluation,3,1,2,1.0,1,0.00018424663904175124,0.0022662230132861265,1,0,1.0596308246417048,0.04580152671755725,0.13740458015267176,0.0
Cora,client,7,2676,1,MR,attack_member,evaluation,3,1,2,1.0,1,0.0004376958215831242,0.0022662230132861265,1,0,1.7793515047881108,0.1297709923664122,0.13740458015267176,0.0
Cora,client,7,2686,1,MR,attack_member,evaluation,3,1,2,1.0,1,0.04802366561103108,0.0022662230132861265,0,0,1.5892058691394957,0.09923664122137404,0.13740458015267176,0.0
Cora,client,7,2691,2,MR,attack_member,evaluation,2,1,2,1.0,1,3.6665614473289426e-05,0.09735486007255092,1,0,1.41632478588666,0.08396946564885496,0.13740458015267176,0.0
Cora,client,7,4,3,MR,attack_nonmember,evaluation,3,0,5,0.6,1,0.09210563147873779,0.0022662230132861265,0,0,,,,
Cora,client,7,12,1,MR,attack_nonmember,evaluation,4,0,4,1.0,1,0.007717366704958742,0.01952251681236835,1,1,1.5924567475003761,0.09923664122137404,0.13740458015267176,0.0
Cora,client,7,20,3,MR,attack_nonmember,evaluation,5,0,4,1.0,1,0.000415533632322118,0.0986797620318588,1,0,1.2961417860225517,0.06870229007633588,0.13740458015267176,0.0
Cora,client,7,41,3,MR,attack_nonmember,evaluation,6,0,4,0.75,1,0.5118083777046651,0.05265556579236158,0,0,1.1169445899084298,0.05343511450381679,0.13740458015267176,0.0
Cora,client,7,51,0,MR,attack_nonmember,evaluation,3,0,6,1.0,1,0.0001580270024451232,0.0022662230132861265,1,0,1.03274316414918,0.04580152671755725,0.13740458015267176,0.0
Cora,client,7,55,1,MR,attack_nonmember,evaluation,4,0,10,0.2,0,6.187785551149235,0.01952251681236835,0,1,,,,
Cora,client,7,62,3,MR,attack_nonmember,evaluation,0,0,1,1.0,0,1.917126708994575,0.27583863936296626,0,0,0.8623381554172898,0.030534351145038167,0.13740458015267176,0.0
Cora,client,7,69,3,MR,attack_nonmember,evaluation,6,0,7,0.4285714285714285,0,1.0446333410737183,0.05265556579236158,0,0,0.9060871608577122,0.030534351145038167,0.13740458015267176,0.0
Cora,client,7,78,1,MR,attack_nonmember,evaluation,4,0,3,0.3333333333333333,0,2.2818518087578137,0.01952251681236835,0,1,,,,
Cora,client,7,83,0,MR,attack_nonmember,evaluation,2,0,2,1.0,1,0.20377897927329205,0.09735486007255092,0,0,,,,
Cora,client,7,84,1,MR,attack_nonmember,evaluation,4,0,5,1.0,1,0.02683151223072838,0.01952251681236835,0,1,,,,
Cora,client,7,95,3,MR,attack_nonmember,evaluation,0,0,21,0.9523809523809524,1,3.553045582636333e-05,0.27583863936296626,1,0,1.3937228379361486,0.08396946564885496,0.13740458015267176,0.0
Cora,client,7,116,1,MR,attack_nonmember,evaluation,6,0,2,1.0,1,0.012211716250878385,0.05265556579236158,1,0,,,,
Cora,client,7,118,3,MR,attack_nonmember,evaluation,6,0,17,0.2941176470588235,0,1.9560563109953697,0.05265556579236158,0,0,,,,
Cora,client,7,119,3,MR,attack_nonmember,evaluation,5,0,6,1.0,1,0.00023233880207333712,0.0986797620318588,1,0,,,,
Cora,client,7,124,2,MR,attack_nonmember,evaluation,1,0,5,0.8,1,0.022229184791795868,0.591205525878034,1,0,2.555433829845414,0.4961832061068702,0.13740458015267176,1.0
Cora,client,7,125,3,MR,attack_nonmember,evaluation,5,0,2,1.0,1,0.015575817136915096,0.0986797620318588,1,0,,,,
Cora,client,7,130,1,MR,attack_nonmember,evaluation,5,0,3,0.6666666666666666,0,1.3930477128180594,0.0986797620318588,0,0,,,,
Cora,client,7,131,0,MR,attack_nonmember,evaluation,1,0,2,0.5,0,1.3432785889505399,0.591205525878034,0,0,0.8378032490249394,0.030534351145038167,0.13740458015267176,0.0
Cora,client,7,164,1,MR,attack_nonmember,evaluation,0,0,2,0.5,1,0.18506168469461853,0.27583863936296626,1,0,,,,
Cora,client,7,165,2,MR,attack_nonmember,evaluation,3,0,4,1.0,1,0.0007631491521529822,0.0022662230132861265,1,0,,,,
Cora,client,7,173,0,MR,attack_nonmember,evaluation,2,0,4,1.0,1,0.0006194255489731465,0.09735486007255092,1,0,2.050139954315691,0.19083969465648856,0.13740458015267176,1.0
Cora,client,7,178,1,MR,attack_nonmember,evaluation,3,0,1,1.0,1,0.00029477855360982074,0.0022662230132861265,1,0,1.0890932801615318,0.04580152671755725,0.13740458015267176,0.0
Cora,client,7,179,2,MR,attack_nonmember,evaluation,3,0,3,1.0,1,0.022783263611589326,0.0022662230132861265,0,0,1.148928172979865,0.05343511450381679,0.13740458015267176,0.0
Cora,client,7,184,2,MR,attack_nonmember,evaluation,3,0,1,1.0,0,1.3928168004011372,0.0022662230132861265,0,0,0.4075944545596982,0.015267175572519083,0.13740458015267176,0.0
Cora,client,7,187,2,MR,attack_nonmember,evaluation,4,0,1,1.0,1,0.020254687714681724,0.01952251681236835,0,1,7.161555136186959,0.9847328244274809,0.13740458015267176,1.0
Cora,client,7,204,1,MR,attack_nonmember,evaluation,0,0,1,1.0,1,0.28625317158516767,0.27583863936296626,0,0,,,,
Cora,client,7,207,1,MR,attack_nonmember,evaluation,3,0,1,1.0,1,0.00038885852979095287,0.0022662230132861265,1,0,,,,
Cora,client,7,211,1,MR,attack_nonmember,evaluation,0,0,5,0.4,1,0.11318449351137387,0.27583863936296626,1,0,1.5509353750718475,0.0916030534351145,0.13740458015267176,0.0
Cora,client,7,215,2,MR,attack_nonmember,evaluation,3,0,3,0.6666666666666666,1,0.12426319589290394,0.0022662230132861265,0,0,1.2471829481535137,0.05343511450381679,0.13740458015267176,0.0
Cora,client,7,221,0,MR,attack_nonmember,evaluation,2,0,1,1.0,1,0.33100673056641206,0.09735486007255092,0,0,1.3417101841132724,0.06870229007633588,0.13740458015267176,0.0
Cora,client,7,229,2,MR,attack_nonmember,evaluation,3,0,4,1.0,1,0.0003986107460398212,0.0022662230132861265,1,0,1.0802355733425861,0.04580152671755725,0.13740458015267176,0.0
Cora,client,7,232,2,MR,attack_nonmember,evaluation,3,0,5,1.0,1,0.0009317258702594432,0.0022662230132861265,1,0,1.2070594449920775,0.05343511450381679,0.13740458015267176,0.0
Cora,client,7,244,0,MR,attack_nonmember,evaluation,2,0,3,1.0,1,0.00044987444419214716,0.09735486007255092,1,0,,,,
Cora,client,7,260,0,MR,attack_nonmember,evaluation,0,0,1,1.0,0,1.6332552022938869,0.27583863936296626,0,0,,,,
Cora,client,7,267,2,MR,attack_nonmember,evaluation,3,0,3,1.0,1,0.42123218444320465,0.0022662230132861265,0,0,,,,
Cora,client,7,270,1,MR,attack_nonmember,evaluation,0,0,5,0.8,1,0.23773790077634327,0.27583863936296626,1,0,3.4243032418725767,0.8320610687022901,0.13740458015267176,1.0
Cora,client,7,284,1,MR,attack_nonmember,evaluation,4,0,7,1.0,1,0.006038856144866056,0.01952251681236835,1,1,1.5968619396681842,0.09923664122137404,0.13740458015267176,0.0
Cora,client,7,293,1,MR,attack_nonmember,evaluation,3,0,1,1.0,1,0.11059002274479302,0.0022662230132861265,0,0,,,,
Cora,client,7,304,2,MR,attack_nonmember,evaluation,0,0,3,0.3333333333333333,1,0.25915942455738966,0.27583863936296626,1,0,,,,
Cora,client,7,311,2,MR,attack_nonmember,evaluation,3,0,4,1.0,1,5.115660383968957e-07,0.0022662230132861265,1,0,,,,
Cora,client,7,351,1,MR,attack_nonmember,evaluation,3,0,1,1.0,1,0.04447771738149689,0.0022662230132861265,0,0,,,,
Cora,client,7,356,1,MR,attack_nonmember,evaluation,4,0,5,0.2,0,5.7196964224566464,0.01952251681236835,0,1,,,,
Cora,client,7,372,0,MR,attack_nonmember,evaluation,1,0,4,0.5,1,0.8982665175205419,0.591205525878034,0,0,,,,
Cora,client,7,382,1,MR,attack_nonmember,evaluation,3,0,2,0.0,1,0.39700298957168606,0.0022662230132861265,0,0,1.67031706369186,0.11450381679389313,0.13740458015267176,0.0
Cora,client,7,420,0,MR,attack_nonmember,evaluation,4,0,2,0.5,0,3.008205420445174,0.01952251681236835,0,1,0.8187564296736585,0.030534351145038167,0.13740458015267176,0.0
Cora,client,7,427,0,MR,attack_nonmember,evaluation,2,0,2,1.0,1,0.003578425861916679,0.09735486007255092,1,0,,,,
Cora,client,7,460,2,MR,attack_nonmember,evaluation,1,0,3,0.3333333333333333,0,1.8856100942555596,0.591205525878034,0,0,1.6752213441525385,0.11450381679389313,0.13740458015267176,0.0
Cora,client,7,484,2,MR,attack_nonmember,evaluation,1,0,7,1.0,1,9.299768092094001e-05,0.591205525878034,1,0,,,,
Cora,client,7,486,1,MR,attack_nonmember,evaluation,3,0,4,0.75,1,0.007333276114112546,0.0022662230132861265,0,0,,,,
Cora,client,7,506,3,MR,attack_nonmember,evaluation,6,0,4,0.5,0,1.7382979919062154,0.05265556579236158,0,0,,,,
Cora,client,7,520,2,MR,attack_nonmember,evaluation,3,0,1,1.0,0,1.3928168004011372,0.0022662230132861265,0,0,,,,
Cora,client,7,536,0,MR,attack_nonmember,evaluation,2,0,1,1.0,1,0.01668572781193043,0.09735486007255092,1,0,,,,
Cora,client,7,537,0,MR,attack_nonmember,evaluation,6,0,5,1.0,1,0.0006147373531390067,0.05265556579236158,1,0,1.4081832913526757,0.08396946564885496,0.13740458015267176,0.0
Cora,client,7,538,2,MR,attack_nonmember,evaluation,4,0,1,1.0,1,0.4238774921396779,0.01952251681236835,0,1,3.764435317539675,0.8549618320610687,0.13740458015267176,1.0
Cora,client,7,551,3,MR,attack_nonmember,evaluation,6,0,1,0.0,1,0.5791583439364343,0.05265556579236158,0,0,,,,
Cora,client,7,558,0,MR,attack_nonmember,evaluation,2,0,5,0.8,1,0.1585196368207406,0.09735486007255092,0,0,,,,
Cora,client,7,564,0,MR,attack_nonmember,evaluation,2,0,3,1.0,1,6.968915142180296e-05,0.09735486007255092,1,0,,,,
Cora,client,7,568,1,MR,attack_nonmember,evaluation,3,0,3,1.0,1,6.416722981706884e-05,0.0022662230132861265,1,0,1.0475883484409967,0.04580152671755725,0.13740458015267176,0.0
Cora,client,7,571,2,MR,attack_nonmember,evaluation,3,0,2,1.0,1,0.013202527410667032,0.0022662230132861265,0,0,1.20604238297369,0.05343511450381679,0.13740458015267176,0.0
Cora,client,7,592,2,MR,attack_nonmember,evaluation,3,0,1,1.0,1,0.0009104471141908035,0.0022662230132861265,1,0,,,,
Cora,client,7,609,0,MR,attack_nonmember,evaluation,2,0,8,1.0,1,4.725392638599737e-07,0.09735486007255092,1,0,,,,
Cora,client,7,656,2,MR,attack_nonmember,evaluation,1,0,3,1.0,1,0.03255768522579743,0.591205525878034,1,0,2.4639918872139748,0.4351145038167939,0.13740458015267176,1.0
Cora,client,7,669,3,MR,attack_nonmember,evaluation,3,0,2,1.0,1,0.00014558120798709165,0.0022662230132861265,1,0,1.2279131224872861,0.05343511450381679,0.13740458015267176,0.0
Cora,client,7,672,0,MR,attack_nonmember,evaluation,2,0,2,0.0,0,3.0092101859135783,0.09735486007255092,0,0,0.496722525120881,0.015267175572519083,0.13740458015267176,0.0
Cora,client,7,674,2,MR,attack_nonmember,evaluation,3,0,1,0.0,1,0.7875379277466928,0.0022662230132861265,0,0,1.2132499402438053,0.05343511450381679,0.13740458015267176,0.0
Cora,client,7,681,2,MR,attack_nonmember,evaluation,3,0,4,1.0,1,1.3719461362577103e-07,0.0022662230132861265,1,0,1.0238977204359403,0.04580152671755725,0.13740458015267176,0.0
Cora,client,7,683,0,MR,attack_nonmember,evaluation,1,0,2,0.5,0,1.3554187159404114,0.591205525878034,0,0,,,,
Cora,client,7,684,0,MR,attack_nonmember,evaluation,2,0,2,1.0,1,0.007908453419494598,0.09735486007255092,1,0,,,,
Cora,client,7,687,0,MR,attack_nonmember,evaluation,2,0,14,1.0,1,5.8388035583409426e-05,0.09735486007255092,1,0,1.5488798850182226,0.08396946564885496,0.13740458015267176,0.0
Cora,client,7,690,2,MR,attack_nonmember,evaluation,3,0,1,1.0,1,0.0004048383576625101,0.0022662230132861265,1,0,1.2847807506245523,0.061068702290076333,0.13740458015267176,0.0
Cora,client,7,700,2,MR,attack_nonmember,evaluation,3,0,1,1.0,1,0.006606120030707841,0.0022662230132861265,0,0,1.1539862894047799,0.05343511450381679,0.13740458015267176,0.0
Cora,client,7,710,0,MR,attack_nonmember,evaluation,3,0,4,1.0,1,0.001976179450754432,0.0022662230132861265,1,0,,,,
Cora,client,7,731,3,MR,attack_nonmember,evaluation,0,0,4,1.0,1,0.21294632899790528,0.27583863936296626,1,0,,,,
Cora,client,7,741,2,MR,attack_nonmember,evaluation,1,0,4,1.0,1,0.109105250583438,0.591205525878034,1,0,,,,
Cora,client,7,746,3,MR,attack_nonmember,evaluation,3,0,3,1.0,1,0.00020123509664805799,0.0022662230132861265,1,0,,,,
Cora,client,7,757,0,MR,attack_nonmember,evaluation,2,0,3,1.0,1,0.0297148858954154,0.09735486007255092,1,0,,,,
Cora,client,7,760,0,MR,attack_nonmember,evaluation,2,0,5,0.8,1,0.19841076728182497,0.09735486007255092,0,0,1.5705311574084766,0.09923664122137404,0.13740458015267176,0.0
Cora,client,7,773,2,MR,attack_nonmember,evaluation,1,0,2,0.5,1,0.08789249869573104,0.591205525878034,1,0,,,,
Cora,client,7,794,1,MR,attack_nonmember,evaluation,0,0,5,0.4,0,2.3663766218009004,0.27583863936296626,0,0,,,,
Cora,client,7,821,2,MR,attack_nonmember,evaluation,3,0,1,1.0,0,1.2664601335739438,0.0022662230132861265,0,0,,,,
Cora,client,7,824,0,MR,attack_nonmember,evaluation,2,0,1,1.0,1,0.9109465223830495,0.09735486007255092,0,0,1.602772848990148,0.09923664122137404,0.13740458015267176,0.0
Cora,client,7,834,0,MR,attack_nonmember,evaluation,1,0,4,1.0,0,1.7999847191346872,0.591205525878034,0,0,0.6225598290275566,0.022900763358778626,0.13740458015267176,0.0
Cora,client,7,862,1,MR,attack_nonmember,evaluation,4,0,2,0.5,0,1.0802417574566157,0.01952251681236835,0,1,2.694839136757269,0.5725190839694656,0.13740458015267176,1.0
Cora,client,7,863,1,MR,attack_nonmember,evaluation,0,0,5,0.2,0,2.0119010729653826,0.27583863936296626,0,0,1.1364079327419778,0.05343511450381679,0.13740458015267176,0.0
Cora,client,7,873,2,MR,attack_nonmember,evaluation,0,0,5,0.2,0,1.2376193558909296,0.27583863936296626,0,0,1.702245269459237,0.12213740458015267,0.13740458015267176,0.0
Cora,client,7,885,1,MR,attack_nonmember,evaluation,5,0,5,0.6,0,1.3620104706797223,0.0986797620318588,0,0,1.120405034479512,0.05343511450381679,0.13740458015267176,0.0
Cora,client,7,896,0,MR,attack_nonmember,evaluation,5,0,1,0.0,0,2.7701107023875826,0.0986797620318588,0,0,0.4728913409044356,0.015267175572519083,0.13740458015267176,0.0
Cora,client,7,902,0,MR,attack_nonmember,evaluation,2,0,3,1.0,1,0.0042231195604881385,0.09735486007255092,1,0,1.4188474528465633,0.08396946564885496,0.13740458015267176,0.0
Cora,client,7,923,2,MR,attack_nonmember,evaluation,3,0,1,1.0,1,0.0003031019718071301,0.0022662230132861265,1,0,1.39144686515425,0.08396946564885496,0.13740458015267176,0.0
Cora,client,7,931,0,MR,attack_nonmember,evaluation,2,0,1,1.0,0,1.9947914538568958,0.09735486007255092,0,0,1.4633304848538091,0.08396946564885496,0.13740458015267176,0.0
Cora,client,7,948,2,MR,attack_nonmember,evaluation,0,0,4,0.5,1,0.43255442698061874,0.27583863936296626,0,0,1.273092712541358,0.05343511450381679,0.13740458015267176,0.0
Cora,client,7,950,3,MR,attack_nonmember,evaluation,6,0,3,0.3333333333333333,1,0.2703385797813621,0.05265556579236158,0,0,,,,
Cora,client,7,952,1,MR,attack_nonmember,evaluation,3,0,2,0.0,1,0.35534497932629877,0.0022662230132861265,0,0,1.5149770813960661,0.08396946564885496,0.13740458015267176,0.0
Cora,client,7,957,0,MR,attack_nonmember,evaluation,2,0,8,1.0,1,0.02908309563994209,0.09735486007255092,1,0,1.486053106920654,0.08396946564885496,0.13740458015267176,0.0
Cora,client,7,975,1,MR,attack_nonmember,evaluation,0,0,1,1.0,1,0.01139955642926923,0.27583863936296626,1,0,1.3691828692072217,0.07633587786259542,0.13740458015267176,0.0
Cora,client,7,997,1,MR,attack_nonmember,evaluation,3,0,3,1.0,1,0.021459394226924635,0.0022662230132861265,0,0,,,,
Cora,client,7,999,0,MR,attack_nonmember,evaluation,2,0,2,1.0,1,0.0004788423323899617,0.09735486007255092,1,0,1.313772884859062,0.06870229007633588,0.13740458015267176,0.0
Cora,client,7,1005,2,MR,attack_nonmember,evaluation,3,0,1,1.0,1,0.11409008413499869,0.0022662230132861265,0,0,,,,
Cora,client,7,1012,2,MR,attack_nonmember,evaluation,4,0,5,0.2,0,2.019265078631182,0.01952251681236835,0,1,,,,
Cora,client,7,1014,0,MR,attack_nonmember,evaluation,3,0,1,1.0,1,0.0003693649027574539,0.0022662230132861265,1,0,1.06801750647339,0.04580152671755725,0.13740458015267176,0.0
Cora,client,7,1021,1,MR,attack_nonmember,evaluation,4,0,1,0.0,0,2.2781087046858675,0.01952251681236835,0,1,,,,
Cora,client,7,1023,2,MR,attack_nonmember,evaluation,3,0,3,1.0,1,0.000658832253161607,0.0022662230132861265,1,0,1.2095117676905374,0.05343511450381679,0.13740458015267176,0.0
Cora,client,7,1026,3,MR,attack_nonmember,evaluation,3,0,3,1.0,1,2.352829271074759e-05,0.0022662230132861265,1,0,1.0244829514385037,0.04580152671755725,0.13740458015267176,0.0
Cora,client,7,1029,3,MR,attack_nonmember,evaluation,5,0,2,0.5,1,0.12099256552716456,0.0986797620318588,0,0,,,,
Cora,client,7,1032,2,MR,attack_nonmember,evaluation,5,0,1,1.0,1,0.0011806418549508307,0.0986797620318588,1,0,1.3498241362986798,0.06870229007633588,0.13740458015267176,0.0
Cora,client,7,1040,0,MR,attack_nonmember,evaluation,2,0,4,1.0,1,0.00046190807281629664,0.09735486007255092,1,0,,,,
Cora,client,7,1052,2,MR,attack_nonmember,evaluation,3,0,1,1.0,1,0.06378246383339368,0.0022662230132861265,0,0,,,,
Cora,client,7,1058,1,MR,attack_nonmember,evaluation,0,0,1,1.0,1,0.7400244058228704,0.27583863936296626,0,0,1.515494338853824,0.08396946564885496,0.13740458015267176,0.0
Cora,client,7,1077,0,MR,attack_nonmember,evaluation,5,0,4,0.0,0,6.792898532054222,0.0986797620318588,0,0,0.12374576614324939,0.007633587786259542,0.13740458015267176,0.0
Cora,client,7,1079,3,MR,attack_nonmember,evaluation,0,0,2,0.5,1,0.04032460608976443,0.27583863936296626,1,0,1.4351639600753083,0.08396946564885496,0.13740458015267176,0.0
Cora,client,7,1090,0,MR,attack_nonmember,evaluation,3,0,7,1.0,1,7.259729482007095e-05,0.0022662230132861265,1,0,,,,
Cora,client,7,1100,2,MR,attack_nonmember,evaluation,3,0,2,1.0,1,0.03618303572446272,0.0022662230132861265,0,0,,,,
Cora,client,7,1114,0,MR,attack_nonmember,evaluation,2,0,2,1.0,1,0.0012908468195177855,0.09735486007255092,1,0,,,,
Cora,client,7,1122,3,MR,attack_nonmember,evaluation,5,0,1,1.0,1,0.01631048053321496,0.0986797620318588,1,0,,,,
Cora,client,7,1134,1,MR,attack_nonmember,evaluation,3,0,3,1.0,1,0.0003211582753989813,0.0022662230132861265,1,0,1.0607129360837766,0.04580152671755725,0.13740458015267176,0.0
Cora,client,7,1152,1,MR,attack_nonmember,evaluation,0,0,2,0.5,1,0.42119074754564134,0.27583863936296626,0,0,1.508611751484853,0.08396946564885496,0.13740458015267176,0.0
Cora,client,7,1163,3,MR,attack_nonmember,evaluation,6,0,2,1.0,1,0.020412774998671758,0.05265556579236158,1,0,1.2723060704231595,0.05343511450381679,0.13740458015267176,0.0
Cora,client,7,1175,0,MR,attack_nonmember,evaluation,3,0,2,0.5,1,0.007467027330876785,0.0022662230132861265,0,0,,,,
Cora,client,7,1187,3,MR,attack_nonmember,evaluation,0,0,2,1.0,1,0.03964330400037678,0.27583863936296626,1,0,1.943704538107882,0.13740458015267176,0.13740458015267176,0.0
Cora,client,7,1196,2,MR,attack_nonmember,evaluation,4,0,4,0.25,0,11.494441657247565,0.01952251681236835,0,1,0.07708041362069619,0.007633587786259542,0.13740458015267176,0.0
Cora,client,7,1215,1,MR,attack_nonmember,evaluation,6,0,3,0.0,0,2.0519092675161272,0.05265556579236158,0,0,0.9247473974280465,0.03816793893129771,0.13740458015267176,0.0
Cora,client,7,1227,1,MR,attack_nonmember,evaluation,5,0,1,1.0,1,0.06177423713487878,0.0986797620318588,1,0,1.0476045283735593,0.04580152671755725,0.13740458015267176,0.0
Cora,client,7,1236,2,MR,attack_nonmember,evaluation,6,0,1,1.0,1,0.00019759951334956537,0.05265556579236158,1,0,,,,
Cora,client,7,1244,2,MR,attack_nonmember,evaluation,1,0,1,0.0,0,3.8603776701261068,0.591205525878034,0,0,,,,
Cora,client,7,1263,2,MR,attack_nonmember,evaluation,2,0,1,1.0,1,3.64766012601798e-05,0.09735486007255092,1,0,,,,
Cora,client,7,1271,0,MR,attack_nonmember,evaluation,3,0,5,1.0,1,0.00019347876715179044,0.0022662230132861265,1,0,,,,
Cora,client,7,1285,3,MR,attack_nonmember,evaluation,0,0,2,1.0,1,0.6144770663303196,0.27583863936296626,0,0,2.363217169690839,0.37404580152671757,0.13740458015267176,1.0
Cora,client,7,1287,0,MR,attack_nonmember,evaluation,2,0,4,1.0,1,2.5389902243454594e-05,0.09735486007255092,1,0,1.435519459099098,0.08396946564885496,0.13740458015267176,0.0
Cora,client,7,1290,3,MR,attack_nonmember,evaluation,3,0,3,1.0,1,0.006274687328827696,0.0022662230132861265,0,0,,,,
Cora,client,7,1291,3,MR,attack_nonmember,evaluation,6,0,3,0.6666666666666666,0,1.0440883693116638,0.05265556579236158,0,0,,,,
Cora,client,7,1292,0,MR,attack_nonmember,evaluation,2,0,3,1.0,1,0.015088485581919941,0.09735486007255092,1,0,,,,
Cora,client,7,1293,1,MR,attack_nonmember,evaluation,0,0,2,1.0,1,0.02713833043217633,0.27583863936296626,1,0,1.289054766783102,0.061068702290076333,0.13740458015267176,0.0
Cora,client,7,1295,2,MR,attack_nonmember,evaluation,3,0,2,1.0,1,0.001318662860054472,0.0022662230132861265,1,0,1.0647323664033088,0.04580152671755725,0.13740458015267176,0.0
Cora,client,7,1301,2,MR,attack_nonmember,evaluation,3,0,5,1.0,1,0.001777486015189086,0.0022662230132861265,1,0,1.4626475012667608,0.08396946564885496,0.13740458015267176,0.0
Cora,client,7,1302,3,MR,attack_nonmember,evaluation,0,0,1,1.0,1,0.04171477828429595,0.27583863936296626,1,0,,,,
Cora,client,7,1312,3,MR,attack_nonmember,evaluation,5,0,3,1.0,1,0.04650283326506045,0.0986797620318588,1,0,1.2915965797477853,0.06870229007633588,0.13740458015267176,0.0
Cora,client,7,1315,2,MR,attack_nonmember,evaluation,3,0,2,1.0,1,0.10217415571282405,0.0022662230132861265,0,0,,,,
Cora,client,7,1371,2,MR,attack_nonmember,evaluation,3,0,1,1.0,0,2.5820470573088543,0.0022662230132861265,0,0,,,,
Cora,client,7,1389,0,MR,attack_nonmember,evaluation,2,0,3,1.0,1,0.006797608143256514,0.09735486007255092,1,0,,,,
Cora,client,7,1417,1,MR,attack_nonmember,evaluation,4,0,4,1.0,1,0.029388894385593126,0.01952251681236835,0,1,1.7813845989187254,0.1297709923664122,0.13740458015267176,0.0
Cora,client,7,1420,1,MR,attack_nonmember,evaluation,6,0,3,1.0,1,0.0058542000642668535,0.05265556579236158,1,0,,,,
Cora,client,7,1433,0,MR,attack_nonmember,evaluation,2,0,3,1.0,0,0.8713883609735336,0.09735486007255092,0,0,1.4183365298565096,0.08396946564885496,0.13740458015267176,0.0
Cora,client,7,1438,2,MR,attack_nonmember,evaluation,3,0,1,1.0,1,0.2693063375519006,0.0022662230132861265,0,0,1.1192546453661623,0.05343511450381679,0.13740458015267176,0.0
Cora,client,7,1473,2,MR,attack_nonmember,evaluation,3,0,4,1.0,1,0.0007631491521529822,0.0022662230132861265,1,0,,,,
Cora,client,7,1478,3,MR,attack_nonmember,evaluation,5,0,2,1.0,1,0.011438713864979515,0.0986797620318588,1,0,,,,
Cora,client,7,1483,0,MR,attack_nonmember,evaluation,2,0,20,0.8,1,5.990892399297654e-05,0.09735486007255092,1,0,,,,
Cora,client,7,1485,3,MR,attack_nonmember,evaluation,6,0,1,1.0,1,0.606817501935851,0.05265556579236158,0,0,1.134915106005244,0.05343511450381679,0.13740458015267176,0.0
Cora,client,7,1488,0,MR,attack_nonmember,evaluation,3,0,4,1.0,1,5.2455091272679774e-05,0.0022662230132861265,1,0,1.0434276385617636,0.04580152671755725,0.13740458015267176,0.0
Cora,client,7,1517,3,MR,attack_nonmember,evaluation,0,0,2,1.0,1,0.14582447913994268,0.27583863936296626,1,0,1.9998913397805058,0.13740458015267176,0.13740458015267176,0.0
Cora,client,7,1521,3,MR,attack_nonmember,evaluation,0,0,2,1.0,1,0.17584353227611826,0.27583863936296626,1,0,,,,
Cora,client,7,1536,3,MR,attack_nonmember,evaluation,0,0,4,1.0,0,1.4887353923594717,0.27583863936296626,0,0,1.0730923134730181,0.04580152671755725,0.13740458015267176,0.0
Cora,client,7,1544,1,MR,attack_nonmember,evaluation,5,0,1,0.0,0,4.484745792146098,0.0986797620318588,0,0,,,,
Cora,client,7,1546,0,MR,attack_nonmember,evaluation,2,0,4,1.0,1,0.0033866312475415413,0.09735486007255092,1,0,,,,
Cora,client,7,1551,2,MR,attack_nonmember,evaluation,1,0,2,1.0,1,0.19973508864166534,0.591205525878034,1,0,,,,
Cora,client,7,1553,3,MR,attack_nonmember,evaluation,5,0,4,1.0,1,0.0015390936722898992,0.0986797620318588,1,0,1.3533867056719022,0.07633587786259542,0.13740458015267176,0.0
Cora,client,7,1554,1,MR,attack_nonmember,evaluation,3,0,4,1.0,1,0.0018006113661617955,0.0022662230132861265,1,0,,,,
Cora,client,7,1556,0,MR,attack_nonmember,evaluation,0,0,1,1.0,0,1.7365651109268279,0.27583863936296626,0,0,,,,
Cora,client,7,1570,2,MR,attack_nonmember,evaluation,3,0,3,1.0,1,0.003844207258459021,0.0022662230132861265,0,0,1.2214708477969747,0.05343511450381679,0.13740458015267176,0.0
Cora,client,7,1582,1,MR,attack_nonmember,evaluation,3,0,1,1.0,1,1.214233756673033e-05,0.0022662230132861265,1,0,1.0178684760581533,0.04580152671755725,0.13740458015267176,0.0
Cora,client,7,1595,3,MR,attack_nonmember,evaluation,3,0,1,0.0,1,0.00021508235777539236,0.0022662230132861265,1,0,1.0842911540650344,0.04580152671755725,0.13740458015267176,0.0
Cora,client,7,1604,0,MR,attack_nonmember,evaluation,2,0,4,1.0,1,0.0018155261153775981,0.09735486007255092,1,0,1.3757464801385426,0.08396946564885496,0.13740458015267176,0.0
Cora,client,7,1619,3,MR,attack_nonmember,evaluation,5,0,2,1.0,1,0.01800712976255549,0.0986797620318588,1,0,,,,
Cora,client,7,1624,2,MR,attack_nonmember,evaluation,1,0,17,0.8235294117647058,1,5.432173310416163e-05,0.591205525878034,1,0,,,,
Cora,client,7,1662,1,MR,attack_nonmember,evaluation,3,0,4,1.0,1,0.00043415831455366076,0.0022662230132861265,1,0,,,,
Cora,client,7,1671,1,MR,attack_nonmember,evaluation,4,0,6,0.3333333333333333,0,2.572579219971507,0.01952251681236835,0,1,1.1286860396416782,0.05343511450381679,0.13740458015267176,0.0
Cora,client,7,1675,1,MR,attack_nonmember,evaluation,6,0,2,1.0,1,0.0049866458678132965,0.05265556579236158,1,0,1.2024917203461973,0.05343511450381679,0.13740458015267176,0.0
Cora,client,7,1692,0,MR,attack_nonmember,evaluation,3,0,13,1.0,1,0.01572517904748702,0.0022662230132861265,0,0,,,,
Cora,client,7,1695,3,MR,attack_nonmember,evaluation,0,0,3,0.6666666666666666,1,0.00531929485613124,0.27583863936296626,1,0,1.5516739475860108,0.0916030534351145,0.13740458015267176,0.0
Cora,client,7,1704,1,MR,attack_nonmember,evaluation,3,0,3,0.6666666666666666,1,0.3225343770821802,0.0022662230132861265,0,0,,,,
Cora,client,7,1716,0,MR,attack_nonmember,evaluation,2,0,4,1.0,1,0.0008217570564082121,0.09735486007255092,1,0,,,,
Cora,client,7,1720,0,MR,attack_nonmember,evaluation,2,0,4,1.0,1,0.00046190807281629664,0.09735486007255092,1,0,1.3202611844746623,0.06870229007633588,0.13740458015267176,0.0
Cora,client,7,1724,0,MR,attack_nonmember,evaluation,2,0,5,0.4,1,0.24619019934797792,0.09735486007255092,0,0,1.5450810367782302,0.08396946564885496,0.13740458015267176,0.0
Cora,client,7,1727,0,MR,attack_nonmember,evaluation,2,0,3,1.0,1,0.006607376978717882,0.09735486007255092,1,0,,,,
Cora,client,7,1737,0,MR,attack_nonmember,evaluation,2,0,6,1.0,1,4.9590835611068584e-05,0.09735486007255092,1,0,,,,
Cora,client,7,1741,1,MR,attack_nonmember,evaluation,3,0,3,0.3333333333333333,0,1.8890033629689098,0.0022662230132861265,0,0,0.9360607581850081,0.03816793893129771,0.13740458015267176,0.0
Cora,client,7,1759,2,MR,attack_nonmember,evaluation,2,0,2,1.0,1,0.0011526379370863536,0.09735486007255092,1,0,1.5139124782780862,0.08396946564885496,0.13740458015267176,0.0
Cora,client,7,1761,3,MR,attack_nonmember,evaluation,2,0,4,0.5,1,0.19140021812454777,0.09735486007255092,0,0,1.3644895062716884,0.07633587786259542,0.13740458015267176,0.0
Cora,client,7,1768,1,MR,attack_nonmember,evaluation,1,0,2,0.5,1,0.19291593609240815,0.591205525878034,1,0,1.4104373863291242,0.08396946564885496,0.13740458015267176,0.0
Cora,client,7,1771,2,MR,attack_nonmember,evaluation,1,0,3,1.0,1,0.007454796516465696,0.591205525878034,1,0,,,,
Cora,client,7,1772,2,MR,attack_nonmember,evaluation,1,0,8,1.0,1,9.139636214383863e-06,0.591205525878034,1,0,,,,
Cora,client,7,1797,2,MR,attack_nonmember,evaluation,1,0,5,0.4,1,0.31956275320335475,0.591205525878034,1,0,,,,
Cora,client,7,1810,1,MR,attack_nonmember,evaluation,3,0,33,0.9696969696969696,1,1.0412404994373591e-08,0.0022662230132861265,1,0,1.0018010013711898,0.03816793893129771,0.13740458015267176,0.0
Cora,client,7,1822,1,MR,attack_nonmember,evaluation,3,0,2,1.0,1,0.00040315117676759007,0.0022662230132861265,1,0,,,,
Cora,client,7,1849,3,MR,attack_nonmember,evaluation,6,0,6,0.8333333333333334,1,0.03978361715075578,0.05265556579236158,1,0,,,,
Cora,client,7,1850,3,MR,attack_nonmember,evaluation,0,0,3,1.0,1,0.0302727916815253,0.27583863936296626,1,0,7.4227371910536695,0.9847328244274809,0.13740458015267176,1.0
Cora,client,7,1856,2,MR,attack_nonmember,evaluation,1,0,5,0.8,1,0.030860259983425477,0.591205525878034,1,0,2.555647094113146,0.4961832061068702,0.13740458015267176,1.0
Cora,client,7,1863,2,MR,attack_nonmember,evaluation,3,0,2,1.0,1,0.012423990974655762,0.0022662230132861265,0,0,1.1157299790622137,0.05343511450381679,0.13740458015267176,0.0
Cora,client,7,1920,3,MR,attack_nonmember,evaluation,0,0,5,0.4,0,1.3575087658939544,0.27583863936296626,0,0,,,,
Cora,client,7,1921,3,MR,attack_nonmember,evaluation,0,0,1,1.0,1,0.01019526979118159,0.27583863936296626,1,0,1.7563430203368893,0.1297709923664122,0.13740458015267176,0.0
Cora,client,7,1959,3,MR,attack_nonmember,evaluation,5,0,5,1.0,1,0.00017475739142614843,0.0986797620318588,1,0,,,,
Cora,client,7,1962,3,MR,attack_nonmember,evaluation,5,0,3,1.0,1,0.11687314193161656,0.0986797620318588,0,0,,,,
Cora,client,7,1973,3,MR,attack_nonmember,evaluation,6,0,9,0.4444444444444444,1,0.37739004514547925,0.05265556579236158,0,0,,,,
Cora,client,7,2023,3,MR,attack_nonmember,evaluation,5,0,2,0.5,0,1.4605365328513762,0.0986797620318588,0,0,1.50237736499243,0.08396946564885496,0.13740458015267176,0.0
Cora,client,7,2030,3,MR,attack_nonmember,evaluation,6,0,3,0.6666666666666666,0,1.7073378043326157,0.05265556579236158,0,0,,,,
Cora,client,7,2034,1,MR,attack_nonmember,evaluation,4,0,31,0.2580645161290322,0,3.7943594359242967,0.01952251681236835,0,1,1.2503673805278521,0.05343511450381679,0.13740458015267176,0.0
Cora,client,7,2036,1,MR,attack_nonmember,evaluation,3,0,2,0.5,1,0.003584915000244336,0.0022662230132861265,0,0,,,,
Cora,client,7,2043,1,MR,attack_nonmember,evaluation,4,0,2,0.5,1,0.1205323419335532,0.01952251681236835,0,1,,,,
Cora,client,7,2052,3,MR,attack_nonmember,evaluation,0,0,4,1.0,1,0.18523337156418224,0.27583863936296626,1,0,,,,
Cora,client,7,2054,3,MR,attack_nonmember,evaluation,0,0,9,1.0,1,0.001158573293708933,0.27583863936296626,1,0,,,,
Cora,client,7,2063,3,MR,attack_nonmember,evaluation,3,0,5,1.0,1,1.0449763786670596e-05,0.0022662230132861265,1,0,1.022452695553751,0.04580152671755725,0.13740458015267176,0.0
Cora,client,7,2064,3,MR,attack_nonmember,evaluation,3,0,2,1.0,1,0.0014309244716814017,0.0022662230132861265,1,0,1.0917845359873417,0.04580152671755725,0.13740458015267176,0.0
Cora,client,7,2108,3,MR,attack_nonmember,evaluation,3,0,1,0.0,0,3.5821933758261784,0.0022662230132861265,0,0,,,,
Cora,client,7,2109,1,MR,attack_nonmember,evaluation,6,0,5,1.0,1,0.032285501558450655,0.05265556579236158,1,0,,,,
Cora,client,7,2116,1,MR,attack_nonmember,evaluation,0,0,1,0.0,1,0.3077609946571685,0.27583863936296626,0,0,,,,
Cora,client,7,2137,1,MR,attack_nonmember,evaluation,0,0,3,0.0,1,0.43312847220240797,0.27583863936296626,0,0,,,,
Cora,client,7,2141,2,MR,attack_nonmember,evaluation,3,0,4,1.0,1,1.2583820039241316e-05,0.0022662230132861265,1,0,,,,
Cora,client,7,2144,3,MR,attack_nonmember,evaluation,1,0,6,1.0,1,1.043865959169456e-06,0.591205525878034,1,0,1.348783722630654,0.06870229007633588,0.13740458015267176,0.0
Cora,client,7,2148,3,MR,attack_nonmember,evaluation,3,0,4,1.0,1,0.0018094325005012636,0.0022662230132861265,1,0,,,,
Cora,client,7,2156,1,MR,attack_nonmember,evaluation,0,0,3,0.6666666666666666,1,0.20475183784755877,0.27583863936296626,1,0,,,,
Cora,client,7,2175,3,MR,attack_nonmember,evaluation,2,0,5,0.2,0,2.1507297549491127,0.09735486007255092,0,0,,,,
Cora,client,7,2178,1,MR,attack_nonmember,evaluation,5,0,7,0.7142857142857143,0,2.398302072598283,0.0986797620318588,0,0,0.6898471934370307,0.022900763358778626,0.13740458015267176,0.0
Cora,client,7,2184,3,MR,attack_nonmember,evaluation,5,0,2,1.0,1,0.023061754484182014,0.0986797620318588,1,0,1.7546215511817371,0.1297709923664122,0.13740458015267176,0.0
Cora,client,7,2185,1,MR,attack_nonmember,evaluation,5,0,4,0.75,1,0.22830396330038777,0.0986797620318588,0,0,,,,
Cora,client,7,2196,3,MR,attack_nonmember,evaluation,0,0,2,1.0,1,0.06781692627093866,0.27583863936296626,1,0,1.5732913623465892,0.09923664122137404,0.13740458015267176,0.0
Cora,client,7,2201,3,MR,attack_nonmember,evaluation,0,0,2,1.0,1,0.28968239485241876,0.27583863936296626,0,0,,,,
Cora,client,7,2202,3,MR,attack_nonmember,evaluation,0,0,4,1.0,1,0.010042542594174312,0.27583863936296626,1,0,,,,
Cora,client,7,2220,0,MR,attack_nonmember,evaluation,2,0,5,1.0,1,0.0003899552148574522,0.09735486007255092,1,0,1.175103294663129,0.05343511450381679,0.13740458015267176,0.0
Cora,client,7,2231,1,MR,attack_nonmember,evaluation,0,0,1,0.0,0,7.512138244442842,0.27583863936296626,0,0,,,,
Cora,client,7,2246,3,MR,attack_nonmember,evaluation,0,0,4,0.0,0,17.497771079936502,0.27583863936296626,0,0,,,,
Cora,client,7,2268,1,MR,attack_nonmember,evaluation,0,0,6,0.3333333333333333,0,2.881082838783237,0.27583863936296626,0,0,,,,
Cora,client,7,2269,3,MR,attack_nonmember,evaluation,5,0,7,1.0,1,1.8779313900183025e-05,0.0986797620318588,1,0,1.2193272221561262,0.05343511450381679,0.13740458015267176,0.0
Cora,client,7,2285,3,MR,attack_nonmember,evaluation,5,0,4,0.75,1,0.00033852617373941887,0.0986797620318588,1,0,,,,
Cora,client,7,2296,1,MR,attack_nonmember,evaluation,3,0,3,1.0,1,3.784381124671791e-05,0.0022662230132861265,1,0,1.071379180354354,0.04580152671755725,0.13740458015267176,0.0
Cora,client,7,2313,2,MR,attack_nonmember,evaluation,2,0,2,0.0,0,1.4658752151413241,0.09735486007255092,0,0,1.182204241360181,0.05343511450381679,0.13740458015267176,0.0
Cora,client,7,2323,0,MR,attack_nonmember,evaluation,4,0,2,0.0,1,0.9057527285300604,0.01952251681236835,0,1,1.658158157135501,0.11450381679389313,0.13740458015267176,0.0
Cora,client,7,2370,0,MR,attack_nonmember,evaluation,3,0,3,1.0,1,0.004158410217467089,0.0022662230132861265,0,0,,,,
Cora,client,7,2385,1,MR,attack_nonmember,evaluation,4,0,5,0.0,0,7.5131546988617615,0.01952251681236835,0,1,0.4841556357801845,0.015267175572519083,0.13740458015267176,0.0
Cora,client,7,2391,0,MR,attack_nonmember,evaluation,2,0,4,1.0,1,0.00861084014280961,0.09735486007255092,1,0,1.4356493340563046,0.08396946564885496,0.13740458015267176,0.0
Cora,client,7,2395,1,MR,attack_nonmember,evaluation,6,0,5,1.0,1,0.005304019108512285,0.05265556579236158,1,0,1.2822117407492133,0.061068702290076333,0.13740458015267176,0.0
Cora,client,7,2404,1,MR,attack_nonmember,evaluation,0,0,1,1.0,1,0.34326759619505753,0.27583863936296626,0,0,1.362816706249914,0.07633587786259542,0.13740458015267176,0.0
Cora,client,7,2407,3,MR,attack_nonmember,evaluation,5,0,3,1.0,1,0.005477467048998088,0.0986797620318588,1,0,2.233315381053872,0.31297709923664124,0.13740458015267176,1.0
Cora,client,7,2411,2,MR,attack_nonmember,evaluation,3,0,1,1.0,1,7.782828331295352e-05,0.0022662230132861265,1,0,,,,
Cora,client,7,2413,0,MR,attack_nonmember,evaluation,3,0,3,0.3333333333333333,1,0.4726384674715059,0.0022662230132861265,0,0,1.016337545388781,0.04580152671755725,0.13740458015267176,0.0
Cora,client,7,2420,0,MR,attack_nonmember,evaluation,3,0,1,1.0,1,0.14261827096684315,0.0022662230132861265,0,0,1.6586950474693112,0.11450381679389313,0.13740458015267176,0.0
Cora,client,7,2423,2,MR,attack_nonmember,evaluation,6,0,2,0.5,0,2.83946068189731,0.05265556579236158,0,0,0.501098582894379,0.015267175572519083,0.13740458015267176,0.0
Cora,client,7,2428,1,MR,attack_nonmember,evaluation,5,0,1,0.0,1,0.5666719270250107,0.0986797620318588,0,0,,,,
Cora,client,7,2429,2,MR,attack_nonmember,evaluation,1,0,1,0.0,1,0.12885652089001026,0.591205525878034,1,0,3.1456517022586086,0.7633587786259542,0.13740458015267176,1.0
Cora,client,7,2436,3,MR,attack_nonmember,evaluation,4,0,4,0.0,0,3.7567056113667854,0.01952251681236835,0,1,,,,
Cora,client,7,2442,0,MR,attack_nonmember,evaluation,2,0,5,1.0,1,0.00010573637132264741,0.09735486007255092,1,0,,,,
Cora,client,7,2444,0,MR,attack_nonmember,evaluation,2,0,6,1.0,1,0.0015685168115777445,0.09735486007255092,1,0,,,,
Cora,client,7,2455,1,MR,attack_nonmember,evaluation,6,0,4,1.0,1,0.0011258178234840519,0.05265556579236158,1,0,,,,
Cora,client,7,2457,3,MR,attack_nonmember,evaluation,6,0,4,1.0,1,0.000925062784260597,0.05265556579236158,1,0,1.3204879331143715,0.06870229007633588,0.13740458015267176,0.0
Cora,client,7,2459,0,MR,attack_nonmember,evaluation,3,0,2,0.0,1,0.07363041938760001,0.0022662230132861265,0,0,,,,
Cora,client,7,2471,1,MR,attack_nonmember,evaluation,3,0,2,1.0,1,0.051716513626568185,0.0022662230132861265,0,0,,,,
Cora,client,7,2476,0,MR,attack_nonmember,evaluation,2,0,7,1.0,1,6.690474607867869e-05,0.09735486007255092,1,0,1.1867210958133743,0.05343511450381679,0.13740458015267176,0.0
Cora,client,7,2486,3,MR,attack_nonmember,evaluation,3,0,3,1.0,1,0.008411604911605555,0.0022662230132861265,0,0,1.3966417546646235,0.08396946564885496,0.13740458015267176,0.0
Cora,client,7,2491,3,MR,attack_nonmember,evaluation,5,0,3,1.0,1,0.0021172542769467093,0.0986797620318588,1,0,1.294633010429177,0.06870229007633588,0.13740458015267176,0.0
Cora,client,7,2522,0,MR,attack_nonmember,evaluation,2,0,3,1.0,1,0.0004932379320680249,0.09735486007255092,1,0,,,,
Cora,client,7,2536,0,MR,attack_nonmember,evaluation,4,0,1,1.0,1,0.5921082730717224,0.01952251681236835,0,1,1.5532241369785742,0.0916030534351145,0.13740458015267176,0.0
Cora,client,7,2539,3,MR,attack_nonmember,evaluation,3,0,4,1.0,1,1.238912359229441e-05,0.0022662230132861265,1,0,,,,
Cora,client,7,2584,0,MR,attack_nonmember,evaluation,1,0,1,1.0,0,4.3982750753028,0.591205525878034,0,0,0.46554645972626085,0.015267175572519083,0.13740458015267176,0.0
Cora,client,7,2585,0,MR,attack_nonmember,evaluation,2,0,2,1.0,0,1.7337890968428362,0.09735486007255092,0,0,,,,
Cora,client,7,2625,2,MR,attack_nonmember,evaluation,3,0,1,1.0,1,4.24381494009027e-07,0.0022662230132861265,1,0,,,,
Cora,client,7,2638,3,MR,attack_nonmember,evaluation,6,0,1,1.0,1,0.31541375011276956,0.05265556579236158,0,0,1.2519128492016913,0.05343511450381679,0.13740458015267176,0.0
Cora,client,7,2650,2,MR,attack_nonmember,evaluation,3,0,1,1.0,1,0.014034954696529288,0.0022662230132861265,0,0,1.0565393077769316,0.04580152671755725,0.13740458015267176,0.0
Cora,client,7,2660,2,MR,attack_nonmember,evaluation,4,0,1,0.0,0,1.0339773579991969,0.01952251681236835,0,1,1.8505255649728267,0.13740458015267176,0.13740458015267176,0.0
Cora,client,7,2667,1,MR,attack_nonmember,evaluation,3,0,6,1.0,1,0.0006379510413959688,0.0022662230132861265,1,0,,,,
Cora,client,7,2685,0,MR,attack_nonmember,evaluation,2,0,4,1.0,1,0.0223956591286988,0.09735486007255092,1,0,1.4306293257400566,0.08396946564885496,0.13740458015267176,0.0
Cora,client,7,2697,2,MR,attack_nonmember,evaluation,3,0,1,1.0,1,1.4280234215886664e-06,0.0022662230132861265,1,0,,,,
Cora,client,7,2703,2,MR,attack_nonmember,evaluation,3,0,1,1.0,1,6.278150987809207e-05,0.0022662230132861265,1,0,,,,
Cora,client,7,2706,2,MR,attack_nonmember,evaluation,3,0,4,1.0,1,0.0005184439990325027,0.0022662230132861265,1,0,1.0567106250142884,0.04580152671755725,0.13740458015267176,0.0
