dataset,scenario,seed,global_node_id,client_id,stage,subset,pool_role,true_class,membership_label,mia_score,decision,threshold,fallback_status,local_degree,local_label_agreement,correct_prediction,prob_vector
minesweeper,client,456,5690,0,M0,attack_member,evaluation,0,1,0.4998481273651123,0,0.5014635920524597,False,4,1.0,1,"[0.694715, 0.305284]"
minesweeper,client,456,5696,0,M0,attack_member,evaluation,0,1,0.5017922520637512,1,0.5014635920524597,False,4,1.0,1,"[0.929965, 0.070034]"
minesweeper,client,456,5781,0,M0,attack_member,evaluation,0,1,0.5018030405044556,1,0.5014635920524597,False,4,1.0,1,"[0.931272, 0.068728]"
minesweeper,client,456,5782,0,M0,attack_member,evaluation,0,1,0.5017431378364563,1,0.5014635920524597,False,4,1.0,1,"[0.92402, 0.07598]"
minesweeper,client,456,5783,0,M0,attack_member,evaluation,0,1,0.501335859298706,0,0.5014635920524597,False,4,1.0,1,"[0.874707, 0.125293]"
minesweeper,client,456,5787,0,M0,attack_member,evaluation,1,1,0.5054502487182617,0,0.5112331509590149,False,4,0.5,0,"[0.705224, 0.294777]"
minesweeper,client,456,5790,0,M0,attack_member,evaluation,0,1,0.499988853931427,0,0.5014635920524597,False,4,1.0,1,"[0.711731, 0.288269]"
minesweeper,client,456,5795,0,M0,attack_member,evaluation,0,1,0.502070963382721,1,0.5014635920524597,False,4,1.0,1,"[0.963721, 0.036279]"
minesweeper,client,456,5883,0,M0,attack_member,evaluation,0,1,0.5016193389892578,1,0.5014635920524597,False,4,1.0,1,"[0.909029, 0.090971]"
minesweeper,client,456,5889,0,M0,attack_member,evaluation,0,1,0.5000647902488708,0,0.5014635920524597,False,4,0.75,1,"[0.720922, 0.279078]"
minesweeper,client,456,5892,0,M0,attack_member,evaluation,1,1,0.5008873343467712,0,0.5112331509590149,False,4,0.0,0,"[0.808619, 0.191381]"
minesweeper,client,456,6079,0,M0,attack_member,evaluation,0,1,0.5018661618232727,1,0.5014635920524597,False,4,1.0,1,"[0.938919, 0.061081]"
minesweeper,client,456,6084,0,M0,attack_member,evaluation,0,1,0.500951886177063,0,0.5014635920524597,False,4,1.0,1,"[0.82824, 0.17176]"
minesweeper,client,456,6087,0,M0,attack_member,evaluation,1,1,0.5115908980369568,1,0.5112331509590149,False,4,0.25,0,"[0.559753, 0.440247]"
minesweeper,client,456,6090,0,M0,attack_member,evaluation,0,1,0.499599814414978,0,0.5014635920524597,False,4,0.75,1,"[0.664688, 0.335312]"
minesweeper,client,456,6098,0,M0,attack_member,evaluation,0,1,0.5009870529174805,0,0.5014635920524597,False,4,0.75,1,"[0.832492, 0.167508]"
minesweeper,client,456,6175,0,M0,attack_member,evaluation,1,1,0.5031702518463135,0,0.5112331509590149,False,4,0.0,0,"[0.757285, 0.242715]"
minesweeper,client,456,6184,0,M0,attack_member,evaluation,0,1,0.5006116628646851,0,0.5014635920524597,False,4,0.75,1,"[0.78707, 0.21293]"
minesweeper,client,456,6189,0,M0,attack_member,evaluation,0,1,0.49949222803115845,0,0.5014635920524597,False,4,0.75,1,"[0.651679, 0.348321]"
minesweeper,client,456,6190,0,M0,attack_member,evaluation,1,1,0.504381000995636,0,0.5112331509590149,False,4,0.0,0,"[0.729747, 0.270253]"
minesweeper,client,456,6197,0,M0,attack_member,evaluation,0,1,0.5008217692375183,0,0.5014635920524597,False,4,1.0,1,"[0.812495, 0.187505]"
minesweeper,client,456,6273,0,M0,attack_member,evaluation,0,1,0.5012391209602356,0,0.5014635920524597,False,4,1.0,1,"[0.863005, 0.136995]"
minesweeper,client,456,6274,0,M0,attack_member,evaluation,0,1,0.5008124113082886,0,0.5014635920524597,False,4,1.0,1,"[0.811362, 0.188638]"
minesweeper,client,456,6275,0,M0,attack_member,evaluation,0,1,0.5001006722450256,0,0.5014635920524597,False,4,1.0,1,"[0.725258, 0.274742]"
minesweeper,client,456,6280,0,M0,attack_member,evaluation,0,1,0.501539409160614,1,0.5014635920524597,False,4,1.0,1,"[0.899351, 0.100649]"
minesweeper,client,456,6373,0,M0,attack_member,evaluation,0,1,0.5010049343109131,0,0.5014635920524597,False,4,0.75,1,"[0.834657, 0.165343]"
minesweeper,client,456,6376,0,M0,attack_member,evaluation,0,1,0.4998466372489929,0,0.5014635920524597,False,4,0.75,1,"[0.694535, 0.305465]"
minesweeper,client,456,6378,0,M0,attack_member,evaluation,1,1,0.5037999153137207,0,0.5112331509590149,False,4,0.25,0,"[0.742992, 0.257008]"
minesweeper,client,456,6385,0,M0,attack_member,evaluation,0,1,0.4998542070388794,0,0.5014635920524597,False,4,0.75,1,"[0.695448, 0.304552]"
minesweeper,client,456,6396,0,M0,attack_member,evaluation,0,1,0.5009497404098511,0,0.5014635920524597,False,4,1.0,1,"[0.827981, 0.172019]"
minesweeper,client,456,6473,0,M0,attack_member,evaluation,0,1,0.5010117292404175,0,0.5014635920524597,False,4,0.5,1,"[0.835485, 0.164515]"
minesweeper,client,456,6482,0,M0,attack_member,evaluation,0,1,0.4997248649597168,0,0.5014635920524597,False,4,0.5,1,"[0.679807, 0.320193]"
minesweeper,client,456,6485,0,M0,attack_member,evaluation,0,1,0.500906765460968,0,0.5014635920524597,False,4,1.0,1,"[0.822778, 0.177222]"
minesweeper,client,456,6486,0,M0,attack_member,evaluation,0,1,0.49980035424232483,0,0.5014635920524597,False,4,1.0,1,"[0.688937, 0.311063]"
minesweeper,client,456,6492,0,M0,attack_member,evaluation,0,1,0.5016829967498779,1,0.5014635920524597,False,4,1.0,1,"[0.916735, 0.083265]"
minesweeper,client,456,6497,0,M0,attack_member,evaluation,0,1,0.5009105205535889,0,0.5014635920524597,False,4,1.0,1,"[0.823233, 0.176767]"
minesweeper,client,456,6584,0,M0,attack_member,evaluation,0,1,0.5017310976982117,1,0.5014635920524597,False,4,1.0,1,"[0.92256, 0.07744]"
minesweeper,client,456,6586,0,M0,attack_member,evaluation,0,1,0.4997003674507141,0,0.5014635920524597,False,4,0.75,1,"[0.676845, 0.323155]"
minesweeper,client,456,6587,0,M0,attack_member,evaluation,0,1,0.49885299801826477,0,0.5014635920524597,False,4,0.5,1,"[0.574404, 0.425596]"
minesweeper,client,456,6691,0,M0,attack_member,evaluation,0,1,0.5016198754310608,1,0.5014635920524597,False,4,1.0,1,"[0.909092, 0.090908]"
minesweeper,client,456,6694,0,M0,attack_member,evaluation,0,1,0.4996969401836395,0,0.5014635920524597,False,4,1.0,1,"[0.676435, 0.323565]"
minesweeper,client,456,6697,0,M0,attack_member,evaluation,0,1,0.5004116296768188,0,0.5014635920524597,False,4,1.0,1,"[0.762875, 0.237125]"
minesweeper,client,456,6778,0,M0,attack_member,evaluation,0,1,0.4985067546367645,0,0.5014635920524597,False,4,0.25,1,"[0.532546, 0.467454]"
minesweeper,client,456,6784,0,M0,attack_member,evaluation,0,1,0.49979883432388306,0,0.5014635920524597,False,4,1.0,1,"[0.688758, 0.311242]"
minesweeper,client,456,6785,0,M0,attack_member,evaluation,0,1,0.4989602565765381,0,0.5014635920524597,False,4,1.0,1,"[0.587372, 0.412628]"
minesweeper,client,456,6788,0,M0,attack_member,evaluation,0,1,0.4993049204349518,0,0.5014635920524597,False,4,0.5,1,"[0.629032, 0.370968]"
minesweeper,client,456,6877,0,M0,attack_member,evaluation,1,1,0.5068832039833069,0,0.5112331509590149,False,4,0.25,0,"[0.672026, 0.327974]"
minesweeper,client,456,6879,0,M0,attack_member,evaluation,1,1,0.5056915879249573,0,0.5112331509590149,False,4,0.25,0,"[0.69966, 0.30034]"
minesweeper,client,456,6881,0,M0,attack_member,evaluation,0,1,0.5005461573600769,0,0.5014635920524597,False,4,0.75,1,"[0.779147, 0.220853]"
minesweeper,client,456,6885,0,M0,attack_member,evaluation,0,1,0.4991953670978546,0,0.5014635920524597,False,4,0.5,1,"[0.615788, 0.384212]"
minesweeper,client,456,6893,0,M0,attack_member,evaluation,1,1,0.507407546043396,0,0.5112331509590149,False,4,0.5,0,"[0.659777, 0.340223]"
minesweeper,client,456,6978,0,M0,attack_member,evaluation,0,1,0.5001707673072815,0,0.5014635920524597,False,4,0.75,1,"[0.733738, 0.266262]"
minesweeper,client,456,6984,0,M0,attack_member,evaluation,1,1,0.5050978660583496,0,0.5112331509590149,False,4,0.5,0,"[0.713328, 0.286672]"
minesweeper,client,456,6991,0,M0,attack_member,evaluation,0,1,0.500706136226654,0,0.5014635920524597,False,4,0.75,1,"[0.798505, 0.201495]"
minesweeper,client,456,6994,0,M0,attack_member,evaluation,0,1,0.5003384947776794,0,0.5014635920524597,False,4,1.0,1,"[0.754029, 0.245971]"
minesweeper,client,456,7094,0,M0,attack_member,evaluation,0,1,0.500163733959198,0,0.5014635920524597,False,4,1.0,1,"[0.732887, 0.267113]"
minesweeper,client,456,7095,0,M0,attack_member,evaluation,0,1,0.5003647208213806,0,0.5014635920524597,False,4,1.0,1,"[0.757204, 0.242796]"
minesweeper,client,456,7175,0,M0,attack_member,evaluation,0,1,0.5003446340560913,0,0.5014635920524597,False,4,1.0,1,"[0.754767, 0.245233]"
minesweeper,client,456,7181,0,M0,attack_member,evaluation,0,1,0.5007184147834778,0,0.5014635920524597,False,4,1.0,1,"[0.799994, 0.200007]"
minesweeper,client,456,7192,0,M0,attack_member,evaluation,0,1,0.5012822151184082,0,0.5014635920524597,False,4,1.0,1,"[0.86822, 0.13178]"
minesweeper,client,456,7199,0,M0,attack_member,evaluation,0,1,0.5009995102882385,0,0.5014635920524597,False,2,1.0,1,"[0.834002, 0.165998]"
minesweeper,client,456,7274,0,M0,attack_member,evaluation,0,1,0.5011231303215027,0,0.5014635920524597,False,3,1.0,1,"[0.848967, 0.151033]"
minesweeper,client,456,7282,0,M0,attack_member,evaluation,0,1,0.5008395314216614,0,0.5014635920524597,False,4,1.0,1,"[0.814643, 0.185357]"
minesweeper,client,456,7288,0,M0,attack_member,evaluation,0,1,0.4992062747478485,0,0.5014635920524597,False,4,0.5,1,"[0.617106, 0.382894]"
minesweeper,client,456,7374,0,M0,attack_member,evaluation,0,1,0.5013077259063721,0,0.5014635920524597,False,4,1.0,1,"[0.871308, 0.128692]"
minesweeper,client,456,7379,0,M0,attack_member,evaluation,0,1,0.5000223517417908,0,0.5014635920524597,False,4,0.5,1,"[0.715784, 0.284216]"
minesweeper,client,456,7382,0,M0,attack_member,evaluation,0,1,0.5012772679328918,0,0.5014635920524597,False,4,1.0,1,"[0.867617, 0.132383]"
minesweeper,client,456,7383,0,M0,attack_member,evaluation,0,1,0.5014722347259521,1,0.5014635920524597,False,4,1.0,1,"[0.891218, 0.108782]"
minesweeper,client,456,7474,0,M0,attack_member,evaluation,0,1,0.5009157061576843,0,0.5014635920524597,False,4,1.0,1,"[0.823865, 0.176135]"
minesweeper,client,456,7478,0,M0,attack_member,evaluation,1,1,0.4975471794605255,0,0.5112331509590149,False,4,0.0,0,"[0.882605, 0.117395]"
minesweeper,client,456,7483,0,M0,attack_member,evaluation,0,1,0.5016080737113953,1,0.5014635920524597,False,4,1.0,1,"[0.907667, 0.092333]"
minesweeper,client,456,7496,0,M0,attack_member,evaluation,0,1,0.5006853342056274,0,0.5014635920524597,False,4,0.75,1,"[0.795986, 0.204014]"
minesweeper,client,456,7574,0,M0,attack_member,evaluation,0,1,0.5001052618026733,0,0.5014635920524597,False,4,0.5,1,"[0.725813, 0.274187]"
minesweeper,client,456,7575,0,M0,attack_member,evaluation,0,1,0.5011774301528931,0,0.5014635920524597,False,4,0.75,1,"[0.855536, 0.144464]"
minesweeper,client,456,7583,0,M0,attack_member,evaluation,0,1,0.5014856457710266,1,0.5014635920524597,False,4,1.0,1,"[0.892843, 0.107157]"
minesweeper,client,456,7584,0,M0,attack_member,evaluation,0,1,0.5016748309135437,1,0.5014635920524597,False,4,1.0,1,"[0.915752, 0.084249]"
minesweeper,client,456,7585,0,M0,attack_member,evaluation,0,1,0.5014961361885071,1,0.5014635920524597,False,4,1.0,1,"[0.894118, 0.105882]"
minesweeper,client,456,7591,0,M0,attack_member,evaluation,0,1,0.5001275539398193,0,0.5014635920524597,False,4,1.0,1,"[0.728505, 0.271495]"
minesweeper,client,456,7675,0,M0,attack_member,evaluation,0,1,0.501307487487793,0,0.5014635920524597,False,4,1.0,1,"[0.871282, 0.128718]"
minesweeper,client,456,7680,0,M0,attack_member,evaluation,0,1,0.5010697841644287,0,0.5014635920524597,False,4,0.75,1,"[0.842507, 0.157493]"
minesweeper,client,456,7683,0,M0,attack_member,evaluation,0,1,0.5014829635620117,1,0.5014635920524597,False,4,0.75,1,"[0.892515, 0.107485]"
minesweeper,client,456,7694,0,M0,attack_member,evaluation,0,1,0.5010059475898743,0,0.5014635920524597,False,4,1.0,1,"[0.834783, 0.165217]"
minesweeper,client,456,7789,0,M0,attack_member,evaluation,0,1,0.5001273155212402,0,0.5014635920524597,False,4,0.75,1,"[0.728476, 0.271524]"
minesweeper,client,456,7881,0,M0,attack_member,evaluation,0,1,0.500698983669281,0,0.5014635920524597,False,2,1.0,1,"[0.797641, 0.202359]"
minesweeper,client,456,7886,0,M0,attack_member,evaluation,0,1,0.5004221796989441,0,0.5014635920524597,False,4,0.75,1,"[0.764148, 0.235852]"
minesweeper,client,456,7895,0,M0,attack_member,evaluation,0,1,0.49918270111083984,0,0.5014635920524597,False,4,1.0,1,"[0.614261, 0.385739]"
minesweeper,client,456,7989,0,M0,attack_member,evaluation,0,1,0.5004492402076721,0,0.5014635920524597,False,4,0.75,1,"[0.767422, 0.232578]"
minesweeper,client,456,7990,0,M0,attack_member,evaluation,0,1,0.5002298951148987,0,0.5014635920524597,False,4,0.75,1,"[0.740889, 0.259111]"
minesweeper,client,456,7992,0,M0,attack_member,evaluation,0,1,0.4992205798625946,0,0.5014635920524597,False,4,0.75,1,"[0.618835, 0.381165]"
minesweeper,client,456,7994,0,M0,attack_member,evaluation,0,1,0.49887850880622864,0,0.5014635920524597,False,4,0.5,1,"[0.577483, 0.422517]"
minesweeper,client,456,7997,0,M0,attack_member,evaluation,0,1,0.5003349184989929,0,0.5014635920524597,False,4,0.5,1,"[0.75359, 0.24641]"
minesweeper,client,456,8085,0,M0,attack_member,evaluation,1,1,0.5091164112091064,0,0.5112331509590149,False,3,0.0,0,"[0.619437, 0.380563]"
minesweeper,client,456,8094,0,M0,attack_member,evaluation,0,1,0.49923935532569885,0,0.5014635920524597,False,4,0.5,1,"[0.62111, 0.378889]"
minesweeper,client,456,8098,0,M0,attack_member,evaluation,0,1,0.5011523365974426,0,0.5014635920524597,False,4,0.75,1,"[0.852502, 0.147498]"
minesweeper,client,456,8188,0,M0,attack_member,evaluation,0,1,0.5003402233123779,0,0.5014635920524597,False,4,0.75,1,"[0.754235, 0.245765]"
minesweeper,client,456,8195,0,M0,attack_member,evaluation,0,1,0.49977490305900574,0,0.5014635920524597,False,4,0.5,1,"[0.68586, 0.31414]"
minesweeper,client,456,8291,0,M0,attack_member,evaluation,0,1,0.501803457736969,1,0.5014635920524597,False,4,1.0,1,"[0.931319, 0.068681]"
minesweeper,client,456,8296,0,M0,attack_member,evaluation,0,1,0.5003800392150879,0,0.5014635920524597,False,4,1.0,1,"[0.759051, 0.240949]"
minesweeper,client,456,8389,0,M0,attack_member,evaluation,0,1,0.5017110705375671,1,0.5014635920524597,False,2,1.0,1,"[0.920134, 0.079866]"
minesweeper,client,456,8490,0,M0,attack_member,evaluation,0,1,0.5022481083869934,1,0.5014635920524597,False,1,1.0,1,"[0.985178, 0.014822]"
minesweeper,client,456,8595,0,M0,attack_member,evaluation,1,1,0.49782291054725647,0,0.5112331509590149,False,1,0.0,0,"[0.876539, 0.123461]"
minesweeper,client,456,8597,0,M0,attack_member,evaluation,1,1,0.5021563172340393,0,0.5112331509590149,False,3,0.6666666666666666,0,"[0.780174, 0.219826]"
minesweeper,client,456,8699,0,M0,attack_member,evaluation,1,1,0.5022700428962708,0,0.5112331509590149,False,0,,0,"[0.777613, 0.222387]"
minesweeper,client,456,6908,1,M0,attack_member,evaluation,0,1,0.4998873174190521,0,0.5014635920524597,False,4,1.0,1,"[0.699458, 0.300541]"
minesweeper,client,456,7102,1,M0,attack_member,evaluation,0,1,0.5000531077384949,0,0.5014635920524597,False,4,0.75,1,"[0.719504, 0.280496]"
minesweeper,client,456,7104,1,M0,attack_member,evaluation,0,1,0.5002486705780029,0,0.5014635920524597,False,4,0.5,1,"[0.74316, 0.25684]"
minesweeper,client,456,7105,1,M0,attack_member,evaluation,0,1,0.500178873538971,0,0.5014635920524597,False,4,0.75,1,"[0.734716, 0.265284]"
minesweeper,client,456,7109,1,M0,attack_member,evaluation,0,1,0.5010297298431396,0,0.5014635920524597,False,4,1.0,1,"[0.837655, 0.162345]"
minesweeper,client,456,7205,1,M0,attack_member,evaluation,0,1,0.5001378059387207,0,0.5014635920524597,False,4,1.0,1,"[0.729747, 0.270253]"
minesweeper,client,456,7209,1,M0,attack_member,evaluation,0,1,0.5010895133018494,0,0.5014635920524597,False,4,1.0,1,"[0.844898, 0.155102]"
minesweeper,client,456,7211,1,M0,attack_member,evaluation,1,1,0.5035775303840637,0,0.5112331509590149,False,4,0.0,0,"[0.748047, 0.251953]"
minesweeper,client,456,7304,1,M0,attack_member,evaluation,0,1,0.4996401369571686,0,0.5014635920524597,False,4,1.0,1,"[0.669565, 0.330435]"
minesweeper,client,456,7306,1,M0,attack_member,evaluation,0,1,0.5008964538574219,0,0.5014635920524597,False,4,1.0,1,"[0.821532, 0.178468]"
minesweeper,client,456,7310,1,M0,attack_member,evaluation,0,1,0.5015749335289001,1,0.5014635920524597,False,4,0.75,1,"[0.903652, 0.096348]"
minesweeper,client,456,7500,1,M0,attack_member,evaluation,0,1,0.5016064047813416,1,0.5014635920524597,False,3,1.0,1,"[0.907466, 0.092534]"
minesweeper,client,456,7504,1,M0,attack_member,evaluation,1,1,0.502861738204956,0,0.5112331509590149,False,4,0.25,0,"[0.764265, 0.235735]"
minesweeper,client,456,7508,1,M0,attack_member,evaluation,0,1,0.500982940196991,0,0.5014635920524597,False,4,1.0,1,"[0.831998, 0.168002]"
minesweeper,client,456,7509,1,M0,attack_member,evaluation,0,1,0.5008933544158936,0,0.5014635920524597,False,4,1.0,1,"[0.821155, 0.178844]"
minesweeper,client,456,7610,1,M0,attack_member,evaluation,0,1,0.5004070401191711,0,0.5014635920524597,False,4,0.75,1,"[0.762313, 0.237687]"
minesweeper,client,456,7614,1,M0,attack_member,evaluation,1,1,0.5041440725326538,0,0.5112331509590149,False,4,0.25,0,"[0.735155, 0.264845]"
minesweeper,client,456,7703,1,M0,attack_member,evaluation,0,1,0.49954739212989807,0,0.5014635920524597,False,4,0.75,1,"[0.658348, 0.341652]"
minesweeper,client,456,7705,1,M0,attack_member,evaluation,0,1,0.4994041323661804,0,0.5014635920524597,False,4,1.0,1,"[0.641033, 0.358967]"
minesweeper,client,456,7713,1,M0,attack_member,evaluation,1,1,0.5021668672561646,0,0.5112331509590149,False,4,0.25,0,"[0.779936, 0.220064]"
minesweeper,client,456,7716,1,M0,attack_member,evaluation,0,1,0.500942587852478,0,0.5014635920524597,False,4,0.75,1,"[0.827111, 0.172889]"
minesweeper,client,456,7800,1,M0,attack_member,evaluation,0,1,0.5005412697792053,0,0.5014635920524597,False,3,0.6666666666666666,1,"[0.778556, 0.221444]"
minesweeper,client,456,7808,1,M0,attack_member,evaluation,0,1,0.4995480179786682,0,0.5014635920524597,False,4,1.0,1,"[0.658422, 0.341578]"
minesweeper,client,456,7906,1,M0,attack_member,evaluation,1,1,0.5058558583259583,0,0.5112331509590149,False,4,0.25,0,"[0.695867, 0.304133]"
minesweeper,client,456,7910,1,M0,attack_member,evaluation,0,1,0.49980291724205017,0,0.5014635920524597,False,4,0.5,1,"[0.689251, 0.310749]"
minesweeper,client,456,7916,1,M0,attack_member,evaluation,0,1,0.5013715624809265,0,0.5014635920524597,False,4,0.75,1,"[0.879034, 0.120966]"
minesweeper,client,456,7917,1,M0,attack_member,evaluation,0,1,0.5008546710014343,0,0.5014635920524597,False,3,0.6666666666666666,1,"[0.816475, 0.183525]"
minesweeper,client,456,8003,1,M0,attack_member,evaluation,0,1,0.49967285990715027,0,0.5014635920524597,False,4,1.0,1,"[0.673518, 0.326481]"
minesweeper,client,456,8016,1,M0,attack_member,evaluation,0,1,0.5010917782783508,0,0.5014635920524597,False,4,0.75,1,"[0.845173, 0.154827]"
minesweeper,client,456,8101,1,M0,attack_member,evaluation,0,1,0.4995729923248291,0,0.5014635920524597,False,4,1.0,1,"[0.661445, 0.338555]"
minesweeper,client,456,8200,1,M0,attack_member,evaluation,0,1,0.4993568956851959,0,0.5014635920524597,False,3,0.6666666666666666,1,"[0.635319, 0.364681]"
minesweeper,client,456,8205,1,M0,attack_member,evaluation,0,1,0.49980729818344116,0,0.5014635920524597,False,4,1.0,1,"[0.689779, 0.310221]"
minesweeper,client,456,8208,1,M0,attack_member,evaluation,0,1,0.4989301562309265,0,0.5014635920524597,False,4,0.75,1,"[0.583732, 0.416268]"
minesweeper,client,456,8209,1,M0,attack_member,evaluation,1,1,0.5108813047409058,0,0.5112331509590149,False,4,0.0,0,"[0.577034, 0.422966]"
minesweeper,client,456,8210,1,M0,attack_member,evaluation,0,1,0.49903619289398193,0,0.5014635920524597,False,4,1.0,1,"[0.596544, 0.403456]"
minesweeper,client,456,8215,1,M0,attack_member,evaluation,0,1,0.5009416937828064,0,0.5014635920524597,False,4,0.75,1,"[0.827002, 0.172998]"
minesweeper,client,456,8307,1,M0,attack_member,evaluation,0,1,0.4997292459011078,0,0.5014635920524597,False,4,0.5,1,"[0.680345, 0.319655]"
minesweeper,client,456,8313,1,M0,attack_member,evaluation,0,1,0.5012788772583008,0,0.5014635920524597,False,4,0.75,1,"[0.867816, 0.132184]"
minesweeper,client,456,8315,1,M0,attack_member,evaluation,0,1,0.5008399486541748,0,0.5014635920524597,False,4,0.5,1,"[0.814695, 0.185305]"
minesweeper,client,456,8504,1,M0,attack_member,evaluation,1,1,0.5088324546813965,0,0.5112331509590149,False,4,0.0,0,"[0.626186, 0.373814]"
minesweeper,client,456,8508,1,M0,attack_member,evaluation,1,1,0.5071732997894287,0,0.5112331509590149,False,4,1.0,0,"[0.665256, 0.334744]"
minesweeper,client,456,8514,1,M0,attack_member,evaluation,0,1,0.5020090937614441,1,0.5014635920524597,False,4,1.0,1,"[0.956228, 0.043772]"
minesweeper,client,456,8612,1,M0,attack_member,evaluation,0,1,0.5018132925033569,1,0.5014635920524597,False,4,0.75,1,"[0.932513, 0.067487]"
minesweeper,client,456,8613,1,M0,attack_member,evaluation,0,1,0.5019494891166687,1,0.5014635920524597,False,4,1.0,1,"[0.949003, 0.050997]"
minesweeper,client,456,8704,1,M0,attack_member,evaluation,1,1,0.5043311715126038,0,0.5112331509590149,False,4,0.0,0,"[0.730885, 0.269115]"
minesweeper,client,456,8706,1,M0,attack_member,evaluation,0,1,0.5005713701248169,0,0.5014635920524597,False,4,1.0,1,"[0.782197, 0.217802]"
minesweeper,client,456,8707,1,M0,attack_member,evaluation,0,1,0.5001537799835205,0,0.5014635920524597,False,4,0.75,1,"[0.731684, 0.268316]"
minesweeper,client,456,8913,1,M0,attack_member,evaluation,0,1,0.5003483891487122,0,0.5014635920524597,False,4,0.75,1,"[0.755225, 0.244775]"
minesweeper,client,456,8914,1,M0,attack_member,evaluation,0,1,0.5006154179573059,0,0.5014635920524597,False,4,1.0,1,"[0.787523, 0.212477]"
minesweeper,client,456,9000,1,M0,attack_member,evaluation,1,1,0.49594932794570923,0,0.5112331509590149,False,3,0.0,0,"[0.917634, 0.082366]"
minesweeper,client,456,9015,1,M0,attack_member,evaluation,0,1,0.4991089403629303,0,0.5014635920524597,False,4,0.75,1,"[0.605338, 0.394662]"
minesweeper,client,456,9100,1,M0,attack_member,evaluation,0,1,0.5018635988235474,1,0.5014635920524597,False,3,1.0,1,"[0.938606, 0.061394]"
minesweeper,client,456,9112,1,M0,attack_member,evaluation,1,1,0.5074942708015442,0,0.5112331509590149,False,4,0.5,0,"[0.657746, 0.342254]"
minesweeper,client,456,9116,1,M0,attack_member,evaluation,1,1,0.5102813839912415,0,0.5112331509590149,False,4,0.5,0,"[0.591536, 0.408464]"
minesweeper,client,456,9120,1,M0,attack_member,evaluation,0,1,0.5004662275314331,0,0.5014635920524597,False,2,0.0,1,"[0.769477, 0.230523]"
minesweeper,client,456,9200,1,M0,attack_member,evaluation,0,1,0.5015555620193481,1,0.5014635920524597,False,3,1.0,1,"[0.901307, 0.098693]"
minesweeper,client,456,9211,1,M0,attack_member,evaluation,0,1,0.49978840351104736,0,0.5014635920524597,False,4,0.5,1,"[0.68749, 0.31251]"
minesweeper,client,456,9301,1,M0,attack_member,evaluation,0,1,0.5008023381233215,0,0.5014635920524597,False,4,0.75,1,"[0.810138, 0.189862]"
minesweeper,client,456,9303,1,M0,attack_member,evaluation,0,1,0.49960753321647644,0,0.5014635920524597,False,4,0.75,1,"[0.665625, 0.334375]"
minesweeper,client,456,9306,1,M0,attack_member,evaluation,0,1,0.4988090395927429,0,0.5014635920524597,False,4,0.75,1,"[0.569089, 0.430911]"
minesweeper,client,456,9307,1,M0,attack_member,evaluation,0,1,0.49946391582489014,0,0.5014635920524597,False,4,0.75,1,"[0.648259, 0.351741]"
minesweeper,client,456,9403,1,M0,attack_member,evaluation,0,1,0.4999026656150818,0,0.5014635920524597,False,4,0.5,1,"[0.701315, 0.298685]"
minesweeper,client,456,9406,1,M0,attack_member,evaluation,1,1,0.509955883026123,0,0.5112331509590149,False,4,0.5,0,"[0.599367, 0.400633]"
minesweeper,client,456,9412,1,M0,attack_member,evaluation,0,1,0.5007023811340332,0,0.5014635920524597,False,4,0.75,1,"[0.798047, 0.201953]"
minesweeper,client,456,9503,1,M0,attack_member,evaluation,0,1,0.4999730587005615,0,0.5014635920524597,False,4,0.75,1,"[0.709825, 0.290176]"
minesweeper,client,456,9600,1,M0,attack_member,evaluation,0,1,0.4999752640724182,0,0.5014635920524597,False,3,0.6666666666666666,1,"[0.710088, 0.289912]"
minesweeper,client,456,9608,1,M0,attack_member,evaluation,0,1,0.5002185702323914,0,0.5014635920524597,False,4,0.75,1,"[0.739519, 0.260481]"
minesweeper,client,456,9619,1,M0,attack_member,evaluation,0,1,0.5003551840782166,0,0.5014635920524597,False,3,0.3333333333333333,1,"[0.756043, 0.243957]"
minesweeper,client,456,9704,1,M0,attack_member,evaluation,0,1,0.5000268816947937,0,0.5014635920524597,False,4,0.75,1,"[0.716331, 0.283669]"
minesweeper,client,456,9705,1,M0,attack_member,evaluation,0,1,0.4999706745147705,0,0.5014635920524597,False,4,0.75,1,"[0.709534, 0.290466]"
minesweeper,client,456,9709,1,M0,attack_member,evaluation,1,1,0.4970951974391937,0,0.5112331509590149,False,4,0.0,0,"[0.892533, 0.107467]"
minesweeper,client,456,9715,1,M0,attack_member,evaluation,1,1,0.5035936832427979,0,0.5112331509590149,False,4,0.0,0,"[0.74768, 0.25232]"
minesweeper,client,456,9720,1,M0,attack_member,evaluation,1,1,0.5014799237251282,0,0.5112331509590149,False,2,0.0,0,"[0.795362, 0.204638]"
minesweeper,client,456,9804,1,M0,attack_member,evaluation,0,1,0.5008982419967651,0,0.5014635920524597,False,4,0.75,1,"[0.821744, 0.178256]"
minesweeper,client,456,9807,1,M0,attack_member,evaluation,0,1,0.5018113255500793,1,0.5014635920524597,False,4,1.0,1,"[0.932277, 0.067723]"
minesweeper,client,456,9907,1,M0,attack_member,evaluation,0,1,0.5015541911125183,1,0.5014635920524597,False,1,1.0,1,"[0.901144, 0.098856]"
minesweeper,client,456,9911,1,M0,attack_member,evaluation,0,1,0.5017343163490295,1,0.5014635920524597,False,1,1.0,1,"[0.92295, 0.07705]"
minesweeper,client,456,9914,1,M0,attack_member,evaluation,0,1,0.5007979869842529,0,0.5014635920524597,False,1,1.0,1,"[0.80962, 0.19038]"
minesweeper,client,456,9916,1,M0,attack_member,evaluation,0,1,0.5010324120521545,0,0.5014635920524597,False,1,1.0,1,"[0.83798, 0.16202]"
minesweeper,client,456,9918,1,M0,attack_member,evaluation,0,1,0.5009889602661133,0,0.5014635920524597,False,1,1.0,1,"[0.832724, 0.167276]"
minesweeper,client,456,9919,1,M0,attack_member,evaluation,0,1,0.501943051815033,1,0.5014635920524597,False,1,0.0,1,"[0.94823, 0.05177]"
minesweeper,client,456,1612,2,M0,attack_member,evaluation,0,1,0.5006973743438721,0,0.5014635920524597,False,4,0.75,1,"[0.797447, 0.202553]"
minesweeper,client,456,1713,2,M0,attack_member,evaluation,1,1,0.5037326812744141,0,0.5112331509590149,False,4,0.25,0,"[0.744521, 0.255479]"
minesweeper,client,456,1810,2,M0,attack_member,evaluation,0,1,0.5001183152198792,0,0.5014635920524597,False,4,1.0,1,"[0.727396, 0.272604]"
minesweeper,client,456,1912,2,M0,attack_member,evaluation,1,1,0.5071427226066589,0,0.5112331509590149,False,4,0.0,0,"[0.665971, 0.334029]"
minesweeper,client,456,2004,2,M0,attack_member,evaluation,0,1,0.502094030380249,1,0.5014635920524597,False,4,1.0,1,"[0.966511, 0.033489]"
minesweeper,client,456,2009,2,M0,attack_member,evaluation,0,1,0.4995260536670685,0,0.5014635920524597,False,4,0.5,1,"[0.655768, 0.344232]"
minesweeper,client,456,2011,2,M0,attack_member,evaluation,0,1,0.49931544065475464,0,0.5014635920524597,False,4,0.75,1,"[0.630307, 0.369693]"
minesweeper,client,456,2301,2,M0,attack_member,evaluation,0,1,0.49890339374542236,0,0.5014635920524597,False,4,0.5,1,"[0.580495, 0.419505]"
minesweeper,client,456,2312,2,M0,attack_member,evaluation,1,1,0.5042170286178589,0,0.5112331509590149,False,4,0.25,0,"[0.73349, 0.26651]"
minesweeper,client,456,2404,2,M0,attack_member,evaluation,1,1,0.508848249912262,0,0.5112331509590149,False,4,0.25,0,"[0.625811, 0.374189]"
minesweeper,client,456,2414,2,M0,attack_member,evaluation,0,1,0.4999999403953552,0,0.5014635920524597,False,4,0.75,1,"[0.713072, 0.286928]"
minesweeper,client,456,2503,2,M0,attack_member,evaluation,0,1,0.4991775155067444,0,0.5014635920524597,False,4,0.5,1,"[0.613628, 0.386372]"
minesweeper,client,456,2505,2,M0,attack_member,evaluation,0,1,0.5000030994415283,0,0.5014635920524597,False,4,0.75,1,"[0.713456, 0.286544]"
minesweeper,client,456,2507,2,M0,attack_member,evaluation,0,1,0.5006597638130188,0,0.5014635920524597,False,4,1.0,1,"[0.79289, 0.20711]"
minesweeper,client,456,2508,2,M0,attack_member,evaluation,0,1,0.5008042454719543,0,0.5014635920524597,False,4,1.0,1,"[0.810374, 0.189626]"
minesweeper,client,456,2702,2,M0,attack_member,evaluation,0,1,0.5002163052558899,0,0.5014635920524597,False,4,1.0,1,"[0.739243, 0.260757]"
minesweeper,client,456,2708,2,M0,attack_member,evaluation,1,1,0.507953405380249,0,0.5112331509590149,False,4,0.0,0,"[0.646961, 0.353039]"
minesweeper,client,456,2907,2,M0,attack_member,evaluation,0,1,0.49947962164878845,0,0.5014635920524597,False,4,0.5,1,"[0.650154, 0.349845]"
minesweeper,client,456,2912,2,M0,attack_member,evaluation,1,1,0.5096321105957031,0,0.5112331509590149,False,4,0.25,0,"[0.607128, 0.392872]"
minesweeper,client,456,3002,2,M0,attack_member,evaluation,0,1,0.500115692615509,0,0.5014635920524597,False,4,0.75,1,"[0.727075, 0.272925]"
minesweeper,client,456,3118,2,M0,attack_member,evaluation,0,1,0.5009596347808838,0,0.5014635920524597,False,4,1.0,1,"[0.829177, 0.170823]"
minesweeper,client,456,3200,2,M0,attack_member,evaluation,0,1,0.500347375869751,0,0.5014635920524597,False,3,0.6666666666666666,1,"[0.755103, 0.244897]"
minesweeper,client,456,3203,2,M0,attack_member,evaluation,0,1,0.5013017654418945,0,0.5014635920524597,False,4,0.75,1,"[0.870584, 0.129416]"
minesweeper,client,456,3205,2,M0,attack_member,evaluation,0,1,0.5012349486351013,0,0.5014635920524597,False,4,0.5,1,"[0.862497, 0.137503]"
minesweeper,client,456,3210,2,M0,attack_member,evaluation,0,1,0.49985790252685547,0,0.5014635920524597,False,4,0.5,1,"[0.695898, 0.304102]"
minesweeper,client,456,3212,2,M0,attack_member,evaluation,0,1,0.5001119375228882,0,0.5014635920524597,False,4,0.75,1,"[0.726626, 0.273374]"
minesweeper,client,456,3305,2,M0,attack_member,evaluation,0,1,0.5010532140731812,0,0.5014635920524597,False,4,0.75,1,"[0.840503, 0.159497]"
minesweeper,client,456,3306,2,M0,attack_member,evaluation,1,1,0.49912554025650024,0,0.5112331509590149,False,4,0.0,0,"[0.847789, 0.152211]"
minesweeper,client,456,3307,2,M0,attack_member,evaluation,0,1,0.5011345148086548,0,0.5014635920524597,False,4,1.0,1,"[0.850342, 0.149658]"
minesweeper,client,456,3317,2,M0,attack_member,evaluation,0,1,0.5005263090133667,0,0.5014635920524597,False,4,1.0,1,"[0.776746, 0.223254]"
minesweeper,client,456,3320,2,M0,attack_member,evaluation,0,1,0.5000250339508057,0,0.5014635920524597,False,4,0.75,1,"[0.716113, 0.283887]"
minesweeper,client,456,3401,2,M0,attack_member,evaluation,0,1,0.5015629529953003,1,0.5014635920524597,False,4,1.0,1,"[0.9022, 0.0978]"
minesweeper,client,456,3402,2,M0,attack_member,evaluation,0,1,0.5006669759750366,0,0.5014635920524597,False,4,1.0,1,"[0.793763, 0.206237]"
minesweeper,client,456,3408,2,M0,attack_member,evaluation,0,1,0.5012298822402954,0,0.5014635920524597,False,4,1.0,1,"[0.861882, 0.138118]"
minesweeper,client,456,3411,2,M0,attack_member,evaluation,1,1,0.5071776509284973,0,0.5112331509590149,False,4,0.5,0,"[0.665155, 0.334845]"
minesweeper,client,456,3501,2,M0,attack_member,evaluation,0,1,0.5012645721435547,0,0.5014635920524597,False,4,1.0,1,"[0.866083, 0.133917]"
minesweeper,client,456,3502,2,M0,attack_member,evaluation,0,1,0.500187337398529,0,0.5014635920524597,False,4,1.0,1,"[0.735739, 0.264261]"
minesweeper,client,456,3504,2,M0,attack_member,evaluation,0,1,0.49941661953926086,0,0.5014635920524597,False,4,0.75,1,"[0.642544, 0.357456]"
minesweeper,client,456,3506,2,M0,attack_member,evaluation,0,1,0.5005931258201599,0,0.5014635920524597,False,4,0.5,1,"[0.784831, 0.215169]"
minesweeper,client,456,3508,2,M0,attack_member,evaluation,0,1,0.5009912252426147,0,0.5014635920524597,False,4,1.0,1,"[0.833001, 0.166999]"
minesweeper,client,456,3517,2,M0,attack_member,evaluation,0,1,0.49982523918151855,0,0.5014635920524597,False,4,0.75,1,"[0.691948, 0.308052]"
minesweeper,client,456,3523,2,M0,attack_member,evaluation,1,1,0.5022700428962708,0,0.5112331509590149,False,0,,0,"[0.777613, 0.222387]"
minesweeper,client,456,3614,2,M0,attack_member,evaluation,1,1,0.5089333653450012,0,0.5112331509590149,False,4,0.0,0,"[0.623789, 0.376211]"
minesweeper,client,456,3616,2,M0,attack_member,evaluation,0,1,0.49893635511398315,0,0.5014635920524597,False,4,0.75,1,"[0.584483, 0.415517]"
minesweeper,client,456,3618,2,M0,attack_member,evaluation,0,1,0.5007678270339966,0,0.5014635920524597,False,4,1.0,1,"[0.805968, 0.194032]"
minesweeper,client,456,3620,2,M0,attack_member,evaluation,0,1,0.5013681054115295,0,0.5014635920524597,False,2,1.0,1,"[0.878616, 0.121384]"
minesweeper,client,456,3802,2,M0,attack_member,evaluation,0,1,0.5010932683944702,0,0.5014635920524597,False,4,1.0,1,"[0.84535, 0.15465]"
minesweeper,client,456,3807,2,M0,attack_member,evaluation,0,1,0.4992971122264862,0,0.5014635920524597,False,4,0.75,1,"[0.628085, 0.371915]"
minesweeper,client,456,3906,2,M0,attack_member,evaluation,0,1,0.4999903738498688,0,0.5014635920524597,False,4,0.75,1,"[0.71192, 0.28808]"
minesweeper,client,456,3908,2,M0,attack_member,evaluation,0,1,0.4991878569126129,0,0.5014635920524597,False,4,0.5,1,"[0.614883, 0.385117]"
minesweeper,client,456,3909,2,M0,attack_member,evaluation,1,1,0.5105046033859253,0,0.5112331509590149,False,4,0.75,0,"[0.586153, 0.413847]"
minesweeper,client,456,3912,2,M0,attack_member,evaluation,1,1,0.5065546631813049,0,0.5112331509590149,False,4,0.25,0,"[0.679674, 0.320326]"
minesweeper,client,456,4001,2,M0,attack_member,evaluation,0,1,0.49933508038520813,0,0.5014635920524597,False,4,0.5,1,"[0.632682, 0.367318]"
minesweeper,client,456,4004,2,M0,attack_member,evaluation,1,1,0.5057932138442993,0,0.5112331509590149,False,4,0.0,0,"[0.697313, 0.302687]"
minesweeper,client,456,4006,2,M0,attack_member,evaluation,0,1,0.5006018877029419,0,0.5014635920524597,False,4,1.0,1,"[0.785892, 0.214108]"
minesweeper,client,456,4009,2,M0,attack_member,evaluation,0,1,0.49982964992523193,0,0.5014635920524597,False,4,0.75,1,"[0.692483, 0.307517]"
minesweeper,client,456,4103,2,M0,attack_member,evaluation,0,1,0.4995870590209961,0,0.5014635920524597,False,4,0.25,1,"[0.663145, 0.336855]"
minesweeper,client,456,4110,2,M0,attack_member,evaluation,0,1,0.5006780028343201,0,0.5014635920524597,False,3,0.6666666666666666,1,"[0.795102, 0.204898]"
minesweeper,client,456,4112,2,M0,attack_member,evaluation,0,1,0.5007471442222595,0,0.5014635920524597,False,4,0.75,1,"[0.803462, 0.196538]"
minesweeper,client,456,4116,2,M0,attack_member,evaluation,0,1,0.5006664991378784,0,0.5014635920524597,False,4,0.5,1,"[0.79371, 0.20629]"
minesweeper,client,456,4211,2,M0,attack_member,evaluation,0,1,0.5012840032577515,0,0.5014635920524597,False,3,1.0,1,"[0.868435, 0.131565]"
minesweeper,client,456,4218,2,M0,attack_member,evaluation,1,1,0.4951038956642151,0,0.5112331509590149,False,2,0.0,0,"[0.936095, 0.063905]"
minesweeper,client,456,4300,2,M0,attack_member,evaluation,0,1,0.5011142492294312,0,0.5014635920524597,False,3,0.6666666666666666,1,"[0.847889, 0.152111]"
minesweeper,client,456,4304,2,M0,attack_member,evaluation,0,1,0.5017681121826172,1,0.5014635920524597,False,1,1.0,1,"[0.927038, 0.072962]"
minesweeper,client,456,4314,2,M0,attack_member,evaluation,1,1,0.5022700428962708,0,0.5112331509590149,False,1,0.0,0,"[0.777613, 0.222387]"
minesweeper,client,456,4401,2,M0,attack_member,evaluation,0,1,0.5005335211753845,0,0.5014635920524597,False,0,,1,"[0.777613, 0.222387]"
minesweeper,client,456,1214,2,M0,attack_member,evaluation,0,1,0.5009422898292542,0,0.5014635920524597,False,4,1.0,1,"[0.827077, 0.172923]"
minesweeper,client,456,1412,2,M0,attack_member,evaluation,0,1,0.5010063648223877,0,0.5014635920524597,False,3,0.6666666666666666,1,"[0.83483, 0.16517]"
minesweeper,client,456,1416,2,M0,attack_member,evaluation,1,1,0.49858996272087097,0,0.5112331509590149,False,4,0.25,0,"[0.859629, 0.140371]"
minesweeper,client,456,1613,2,M0,attack_member,evaluation,0,1,0.5002713799476624,0,0.5014635920524597,False,4,0.75,1,"[0.745908, 0.254092]"
minesweeper,client,456,1815,2,M0,attack_member,evaluation,0,1,0.500315248966217,0,0.5014635920524597,False,4,1.0,1,"[0.751214, 0.248786]"
minesweeper,client,456,1915,2,M0,attack_member,evaluation,0,1,0.499966561794281,0,0.5014635920524597,False,4,1.0,1,"[0.709035, 0.290965]"
minesweeper,client,456,1917,2,M0,attack_member,evaluation,0,1,0.5003874897956848,0,0.5014635920524597,False,4,1.0,1,"[0.759951, 0.240049]"
minesweeper,client,456,1918,2,M0,attack_member,evaluation,0,1,0.4999026358127594,0,0.5014635920524597,False,4,0.5,1,"[0.701306, 0.298694]"
minesweeper,client,456,1925,2,M0,attack_member,evaluation,0,1,0.5009390711784363,0,0.5014635920524597,False,2,0.5,1,"[0.82669, 0.17331]"
minesweeper,client,456,2016,2,M0,attack_member,evaluation,0,1,0.5000584721565247,0,0.5014635920524597,False,4,0.5,1,"[0.720159, 0.279841]"
minesweeper,client,456,2017,2,M0,attack_member,evaluation,0,1,0.49978721141815186,0,0.5014635920524597,False,4,0.75,1,"[0.687349, 0.312651]"
minesweeper,client,456,2216,2,M0,attack_member,evaluation,1,1,0.5044023990631104,0,0.5112331509590149,False,4,0.25,0,"[0.729259, 0.270741]"
minesweeper,client,456,2317,2,M0,attack_member,evaluation,0,1,0.5002124309539795,0,0.5014635920524597,False,4,1.0,1,"[0.738775, 0.261225]"
minesweeper,client,456,2325,2,M0,attack_member,evaluation,0,1,0.5002592206001282,0,0.5014635920524597,False,4,0.75,1,"[0.744437, 0.255563]"
minesweeper,client,456,2422,2,M0,attack_member,evaluation,0,1,0.4995819330215454,0,0.5014635920524597,False,4,0.75,1,"[0.662526, 0.337474]"
minesweeper,client,456,2424,2,M0,attack_member,evaluation,1,1,0.5108430981636047,0,0.5112331509590149,False,4,0.25,0,"[0.57796, 0.422039]"
minesweeper,client,456,2522,2,M0,attack_member,evaluation,1,1,0.5054225325584412,0,0.5112331509590149,False,4,0.0,0,"[0.705862, 0.294138]"
minesweeper,client,456,2523,2,M0,attack_member,evaluation,0,1,0.49923500418663025,0,0.5014635920524597,False,4,0.75,1,"[0.620576, 0.379424]"
minesweeper,client,456,2524,2,M0,attack_member,evaluation,0,1,0.499080091714859,0,0.5014635920524597,False,4,0.5,1,"[0.601853, 0.398147]"
minesweeper,client,456,2617,2,M0,attack_member,evaluation,1,1,0.5109239816665649,0,0.5112331509590149,False,4,0.5,0,"[0.575999, 0.424001]"
minesweeper,client,456,2620,2,M0,attack_member,evaluation,0,1,0.5003663897514343,0,0.5014635920524597,False,4,0.75,1,"[0.757395, 0.242605]"
minesweeper,client,456,2716,2,M0,attack_member,evaluation,1,1,0.5105886459350586,0,0.5112331509590149,False,4,0.0,0,"[0.584122, 0.415878]"
minesweeper,client,456,2717,2,M0,attack_member,evaluation,0,1,0.49909648299217224,0,0.5014635920524597,False,4,0.75,1,"[0.603836, 0.396164]"
minesweeper,client,456,2720,2,M0,attack_member,evaluation,1,1,0.5034857988357544,0,0.5112331509590149,False,4,0.25,0,"[0.75013, 0.24987]"
minesweeper,client,456,2721,2,M0,attack_member,evaluation,0,1,0.5012823343276978,0,0.5014635920524597,False,4,1.0,1,"[0.868233, 0.131767]"
minesweeper,client,456,2723,2,M0,attack_member,evaluation,0,1,0.5005558133125305,0,0.5014635920524597,False,4,0.75,1,"[0.780315, 0.219685]"
minesweeper,client,456,2818,2,M0,attack_member,evaluation,0,1,0.4992498457431793,0,0.5014635920524597,False,4,0.5,1,"[0.622374, 0.377626]"
minesweeper,client,456,2820,2,M0,attack_member,evaluation,0,1,0.5005819797515869,0,0.5014635920524597,False,4,0.75,1,"[0.78348, 0.21652]"
minesweeper,client,456,2824,2,M0,attack_member,evaluation,1,1,0.5066906213760376,0,0.5112331509590149,False,4,0.25,0,"[0.676511, 0.323489]"
minesweeper,client,456,2825,2,M0,attack_member,evaluation,1,1,0.5056235790252686,0,0.5112331509590149,False,4,0.0,0,"[0.701229, 0.298771]"
minesweeper,client,456,2927,2,M0,attack_member,evaluation,1,1,0.5000392198562622,0,0.5112331509590149,False,2,0.0,0,"[0.82752, 0.17248]"
minesweeper,client,456,3023,2,M0,attack_member,evaluation,0,1,0.49867695569992065,0,0.5014635920524597,False,4,0.5,1,"[0.553124, 0.446876]"
minesweeper,client,456,3027,2,M0,attack_member,evaluation,0,1,0.5012457370758057,0,0.5014635920524597,False,0,,1,"[0.863805, 0.136195]"
minesweeper,client,456,3125,2,M0,attack_member,evaluation,1,1,0.5022700428962708,0,0.5112331509590149,False,0,,0,"[0.777613, 0.222387]"
minesweeper,client,456,677,3,M0,attack_member,evaluation,0,1,0.5017586350440979,1,0.5014635920524597,False,2,1.0,1,"[0.925901, 0.074099]"
minesweeper,client,456,1078,3,M0,attack_member,evaluation,1,1,0.5043349862098694,0,0.5112331509590149,False,4,0.0,0,"[0.730798, 0.269202]"
minesweeper,client,456,1371,3,M0,attack_member,evaluation,0,1,0.5000490546226501,0,0.5014635920524597,False,4,0.75,1,"[0.719016, 0.280984]"
minesweeper,client,456,1376,3,M0,attack_member,evaluation,0,1,0.4997991919517517,0,0.5014635920524597,False,4,0.5,1,"[0.688798, 0.311202]"
minesweeper,client,456,1379,3,M0,attack_member,evaluation,0,1,0.5006808042526245,0,0.5014635920524597,False,4,0.75,1,"[0.795438, 0.204562]"
minesweeper,client,456,1672,3,M0,attack_member,evaluation,0,1,0.499565452337265,0,0.5014635920524597,False,4,0.5,1,"[0.660532, 0.339468]"
minesweeper,client,456,1678,3,M0,attack_member,evaluation,0,1,0.500644862651825,0,0.5014635920524597,False,4,0.75,1,"[0.791093, 0.208907]"
minesweeper,client,456,1682,3,M0,attack_member,evaluation,0,1,0.5000595450401306,0,0.5014635920524597,False,4,1.0,1,"[0.720289, 0.279711]"
minesweeper,client,456,1775,3,M0,attack_member,evaluation,0,1,0.4998483657836914,0,0.5014635920524597,False,4,0.75,1,"[0.694741, 0.305259]"
minesweeper,client,456,1876,3,M0,attack_member,evaluation,0,1,0.49922072887420654,0,0.5014635920524597,False,4,0.5,1,"[0.618855, 0.381145]"
minesweeper,client,456,1881,3,M0,attack_member,evaluation,0,1,0.5001952052116394,0,0.5014635920524597,False,4,0.5,1,"[0.736696, 0.263304]"
minesweeper,client,456,1973,3,M0,attack_member,evaluation,1,1,0.5059657692909241,0,0.5112331509590149,False,4,0.25,0,"[0.693326, 0.306674]"
minesweeper,client,456,1977,3,M0,attack_member,evaluation,1,1,0.5055800080299377,0,0.5112331509590149,False,4,0.25,0,"[0.702233, 0.297767]"
minesweeper,client,456,2073,3,M0,attack_member,evaluation,0,1,0.500205934047699,0,0.5014635920524597,False,4,0.5,1,"[0.737996, 0.262004]"
minesweeper,client,456,2074,3,M0,attack_member,evaluation,1,1,0.5033369660377502,0,0.5112331509590149,False,4,0.25,0,"[0.753507, 0.246494]"
minesweeper,client,456,2081,3,M0,attack_member,evaluation,0,1,0.4999252259731293,0,0.5014635920524597,False,4,0.75,1,"[0.704042, 0.295958]"
minesweeper,client,456,2176,3,M0,attack_member,evaluation,0,1,0.4997207820415497,0,0.5014635920524597,False,4,0.75,1,"[0.679315, 0.320685]"
minesweeper,client,456,2179,3,M0,attack_member,evaluation,0,1,0.5001397728919983,0,0.5014635920524597,False,4,0.75,1,"[0.729987, 0.270013]"
minesweeper,client,456,2183,3,M0,attack_member,evaluation,0,1,0.5000519156455994,0,0.5014635920524597,False,4,0.5,1,"[0.719365, 0.280635]"
minesweeper,client,456,2271,3,M0,attack_member,evaluation,0,1,0.5004528164863586,0,0.5014635920524597,False,4,0.5,1,"[0.767859, 0.232141]"
minesweeper,client,456,2273,3,M0,attack_member,evaluation,0,1,0.5002882480621338,0,0.5014635920524597,False,4,1.0,1,"[0.747949, 0.252051]"
minesweeper,client,456,2274,3,M0,attack_member,evaluation,0,1,0.500047504901886,0,0.5014635920524597,False,4,1.0,1,"[0.718826, 0.281174]"
minesweeper,client,456,2376,3,M0,attack_member,evaluation,0,1,0.49942830204963684,0,0.5014635920524597,False,4,0.25,1,"[0.643953, 0.356047]"
minesweeper,client,456,2471,3,M0,attack_member,evaluation,0,1,0.5020197629928589,1,0.5014635920524597,False,4,1.0,1,"[0.957519, 0.042481]"
minesweeper,client,456,2477,3,M0,attack_member,evaluation,1,1,0.5024075508117676,0,0.5112331509590149,False,4,0.0,0,"[0.774516, 0.225484]"
minesweeper,client,456,2483,3,M0,attack_member,evaluation,0,1,0.4991074800491333,0,0.5014635920524597,False,4,0.5,1,"[0.605162, 0.394838]"
minesweeper,client,456,2573,3,M0,attack_member,evaluation,0,1,0.5004802942276001,0,0.5014635920524597,False,4,1.0,1,"[0.771177, 0.228823]"
minesweeper,client,456,2574,3,M0,attack_member,evaluation,0,1,0.5000290870666504,0,0.5014635920524597,False,4,0.75,1,"[0.716603, 0.283397]"
minesweeper,client,456,2576,3,M0,attack_member,evaluation,0,1,0.4999842941761017,0,0.5014635920524597,False,4,0.5,1,"[0.711185, 0.288815]"
minesweeper,client,456,2580,3,M0,attack_member,evaluation,0,1,0.4990811049938202,0,0.5014635920524597,False,4,0.75,1,"[0.601974, 0.398026]"
minesweeper,client,456,2586,3,M0,attack_member,evaluation,0,1,0.5003448724746704,0,0.5014635920524597,False,4,0.75,1,"[0.754799, 0.245201]"
minesweeper,client,456,2676,3,M0,attack_member,evaluation,1,1,0.5022202134132385,0,0.5112331509590149,False,4,0.0,0,"[0.778736, 0.221264]"
minesweeper,client,456,2774,3,M0,attack_member,evaluation,0,1,0.5001235008239746,0,0.5014635920524597,False,4,1.0,1,"[0.728015, 0.271985]"
minesweeper,client,456,2775,3,M0,attack_member,evaluation,0,1,0.5006794333457947,0,0.5014635920524597,False,4,1.0,1,"[0.795272, 0.204728]"
minesweeper,client,456,2776,3,M0,attack_member,evaluation,0,1,0.5008509755134583,0,0.5014635920524597,False,4,1.0,1,"[0.816032, 0.183968]"
minesweeper,client,456,2787,3,M0,attack_member,evaluation,1,1,0.504263699054718,0,0.5112331509590149,False,3,0.3333333333333333,0,"[0.732426, 0.267574]"
minesweeper,client,456,2873,3,M0,attack_member,evaluation,0,1,0.5002117156982422,0,0.5014635920524597,False,4,0.75,1,"[0.738687, 0.261313]"
minesweeper,client,456,2874,3,M0,attack_member,evaluation,0,1,0.5000929236412048,0,0.5014635920524597,False,4,0.75,1,"[0.724323, 0.275677]"
minesweeper,client,456,2878,3,M0,attack_member,evaluation,0,1,0.4994168281555176,0,0.5014635920524597,False,4,0.5,1,"[0.642565, 0.357435]"
minesweeper,client,456,2973,3,M0,attack_member,evaluation,0,1,0.5006723403930664,0,0.5014635920524597,False,4,0.75,1,"[0.794415, 0.205585]"
minesweeper,client,456,2983,3,M0,attack_member,evaluation,0,1,0.5001541376113892,0,0.5014635920524597,False,4,0.5,1,"[0.731726, 0.268274]"
minesweeper,client,456,3077,3,M0,attack_member,evaluation,0,1,0.49956074357032776,0,0.5014635920524597,False,4,1.0,1,"[0.659971, 0.340029]"
minesweeper,client,456,3175,3,M0,attack_member,evaluation,0,1,0.49982017278671265,0,0.5014635920524597,False,4,0.25,1,"[0.691331, 0.308669]"
minesweeper,client,456,3178,3,M0,attack_member,evaluation,0,1,0.49941346049308777,0,0.5014635920524597,False,4,0.5,1,"[0.642154, 0.357846]"
minesweeper,client,456,3181,3,M0,attack_member,evaluation,0,1,0.5004616975784302,0,0.5014635920524597,False,4,1.0,1,"[0.768927, 0.231073]"
minesweeper,client,456,3182,3,M0,attack_member,evaluation,0,1,0.5001161098480225,0,0.5014635920524597,False,4,1.0,1,"[0.72713, 0.27287]"
minesweeper,client,456,3473,3,M0,attack_member,evaluation,0,1,0.4999332129955292,0,0.5014635920524597,False,4,1.0,1,"[0.705005, 0.294995]"
minesweeper,client,456,3474,3,M0,attack_member,evaluation,0,1,0.4992693364620209,0,0.5014635920524597,False,4,0.75,1,"[0.624731, 0.375269]"
minesweeper,client,456,3477,3,M0,attack_member,evaluation,1,1,0.511963963508606,1,0.5112331509590149,False,4,0.75,0,"[0.550609, 0.449391]"
minesweeper,client,456,3572,3,M0,attack_member,evaluation,0,1,0.5005014538764954,0,0.5014635920524597,False,4,0.75,1,"[0.773744, 0.226256]"
minesweeper,client,456,3573,3,M0,attack_member,evaluation,0,1,0.5004553198814392,0,0.5014635920524597,False,4,0.75,1,"[0.768161, 0.231839]"
minesweeper,client,456,3575,3,M0,attack_member,evaluation,0,1,0.49901482462882996,0,0.5014635920524597,False,4,0.5,1,"[0.593963, 0.406037]"
minesweeper,client,456,3582,3,M0,attack_member,evaluation,1,1,0.505344033241272,0,0.5112331509590149,False,4,0.25,0,"[0.707669, 0.292331]"
minesweeper,client,456,3775,3,M0,attack_member,evaluation,0,1,0.5006362199783325,0,0.5014635920524597,False,4,0.75,1,"[0.790041, 0.209959]"
minesweeper,client,456,3776,3,M0,attack_member,evaluation,0,1,0.5005372166633606,0,0.5014635920524597,False,4,0.5,1,"[0.778064, 0.221936]"
minesweeper,client,456,5529,3,M0,attack_member,evaluation,0,1,0.5008992552757263,0,0.5014635920524597,False,4,0.75,1,"[0.821869, 0.178131]"
minesweeper,client,456,5530,3,M0,attack_member,evaluation,1,1,0.5020227432250977,0,0.5112331509590149,False,4,0.0,0,"[0.783178, 0.216822]"
minesweeper,client,456,5532,3,M0,attack_member,evaluation,0,1,0.5006924867630005,0,0.5014635920524597,False,3,1.0,1,"[0.796853, 0.203147]"
minesweeper,client,456,5627,3,M0,attack_member,evaluation,0,1,0.5005346536636353,0,0.5014635920524597,False,4,1.0,1,"[0.777752, 0.222248]"
minesweeper,client,456,5628,3,M0,attack_member,evaluation,0,1,0.5005273818969727,0,0.5014635920524597,False,4,1.0,1,"[0.776881, 0.223119]"
minesweeper,client,456,5629,3,M0,attack_member,evaluation,0,1,0.5001521706581116,0,0.5014635920524597,False,4,0.75,1,"[0.731491, 0.268509]"
minesweeper,client,456,5726,3,M0,attack_member,evaluation,0,1,0.5002821683883667,0,0.5014635920524597,False,4,0.75,1,"[0.747211, 0.252789]"
minesweeper,client,456,5730,3,M0,attack_member,evaluation,1,1,0.5058863162994385,0,0.5112331509590149,False,4,0.25,0,"[0.695163, 0.304837]"
minesweeper,client,456,5826,3,M0,attack_member,evaluation,0,1,0.5002736449241638,0,0.5014635920524597,False,4,0.5,1,"[0.746177, 0.253823]"
minesweeper,client,456,5827,3,M0,attack_member,evaluation,1,1,0.5045452117919922,0,0.5112331509590149,False,4,0.25,0,"[0.725993, 0.274007]"
minesweeper,client,456,5831,3,M0,attack_member,evaluation,0,1,0.49956852197647095,0,0.5014635920524597,False,4,1.0,1,"[0.660906, 0.339094]"
minesweeper,client,456,5833,3,M0,attack_member,evaluation,0,1,0.5002772212028503,0,0.5014635920524597,False,4,1.0,1,"[0.746614, 0.253386]"
minesweeper,client,456,5923,3,M0,attack_member,evaluation,0,1,0.49920403957366943,0,0.5014635920524597,False,3,0.6666666666666666,1,"[0.616841, 0.383159]"
minesweeper,client,456,6024,3,M0,attack_member,evaluation,0,1,0.5000286102294922,0,0.5014635920524597,False,3,0.6666666666666666,1,"[0.716543, 0.283457]"
minesweeper,client,456,6025,3,M0,attack_member,evaluation,1,1,0.5019688606262207,0,0.5112331509590149,False,4,0.25,0,"[0.78439, 0.21561]"
minesweeper,client,456,6029,3,M0,attack_member,evaluation,0,1,0.5015045404434204,1,0.5014635920524597,False,4,0.75,1,"[0.895127, 0.104873]"
minesweeper,client,456,6032,3,M0,attack_member,evaluation,1,1,0.5091878771781921,0,0.5112331509590149,False,4,0.5,0,"[0.617735, 0.382265]"
minesweeper,client,456,6037,3,M0,attack_member,evaluation,0,1,0.49939775466918945,0,0.5014635920524597,False,4,0.75,1,"[0.640263, 0.359737]"
minesweeper,client,456,6126,3,M0,attack_member,evaluation,1,1,0.5005321502685547,0,0.5112331509590149,False,4,0.0,0,"[0.816545, 0.183455]"
minesweeper,client,456,6128,3,M0,attack_member,evaluation,0,1,0.5015307068824768,1,0.5014635920524597,False,4,1.0,1,"[0.898301, 0.101699]"
minesweeper,client,456,6129,3,M0,attack_member,evaluation,0,1,0.5018195509910583,1,0.5014635920524597,False,4,1.0,1,"[0.933274, 0.066726]"
minesweeper,client,456,6132,3,M0,attack_member,evaluation,1,1,0.5061821341514587,0,0.5112331509590149,False,4,0.25,0,"[0.688318, 0.311682]"
minesweeper,client,456,6227,3,M0,attack_member,evaluation,0,1,0.5004210472106934,0,0.5014635920524597,False,4,0.75,1,"[0.764013, 0.235987]"
minesweeper,client,456,6234,3,M0,attack_member,evaluation,1,1,0.5061430335044861,0,0.5112331509590149,False,4,0.25,0,"[0.689224, 0.310776]"
minesweeper,client,456,6235,3,M0,attack_member,evaluation,1,1,0.5094782114028931,0,0.5112331509590149,False,4,0.0,0,"[0.610808, 0.389192]"
minesweeper,client,456,6239,3,M0,attack_member,evaluation,0,1,0.5004094839096069,0,0.5014635920524597,False,3,1.0,1,"[0.762608, 0.237392]"
minesweeper,client,456,6326,3,M0,attack_member,evaluation,0,1,0.5005446672439575,0,0.5014635920524597,False,3,0.3333333333333333,1,"[0.778967, 0.221033]"
minesweeper,client,456,6426,3,M0,attack_member,evaluation,0,1,0.500514566898346,0,0.5014635920524597,False,1,0.0,1,"[0.775329, 0.224671]"
minesweeper,client,456,6427,3,M0,attack_member,evaluation,1,1,0.5040722489356995,0,0.5112331509590149,False,1,0.0,0,"[0.736793, 0.263208]"
minesweeper,client,456,6429,3,M0,attack_member,evaluation,0,1,0.500458300113678,0,0.5014635920524597,False,3,1.0,1,"[0.768521, 0.231479]"
minesweeper,client,456,6434,3,M0,attack_member,evaluation,0,1,0.500314474105835,0,0.5014635920524597,False,4,0.75,1,"[0.751119, 0.248881]"
minesweeper,client,456,6439,3,M0,attack_member,evaluation,0,1,0.4999382793903351,0,0.5014635920524597,False,4,0.75,1,"[0.705618, 0.294382]"
minesweeper,client,456,6630,3,M0,attack_member,evaluation,0,1,0.5013149976730347,0,0.5014635920524597,False,4,1.0,1,"[0.872183, 0.127817]"
minesweeper,client,456,6631,3,M0,attack_member,evaluation,0,1,0.5014256238937378,0,0.5014635920524597,False,4,1.0,1,"[0.885576, 0.114424]"
minesweeper,client,456,6635,3,M0,attack_member,evaluation,0,1,0.5011711120605469,0,0.5014635920524597,False,4,0.75,1,"[0.854774, 0.145226]"
minesweeper,client,456,6639,3,M0,attack_member,evaluation,0,1,0.5017978549003601,1,0.5014635920524597,False,2,1.0,1,"[0.930648, 0.069352]"
minesweeper,client,456,6733,3,M0,attack_member,evaluation,0,1,0.5019364953041077,1,0.5014635920524597,False,4,0.75,1,"[0.947437, 0.052563]"
minesweeper,client,456,6735,3,M0,attack_member,evaluation,0,1,0.5019875168800354,1,0.5014635920524597,False,4,1.0,1,"[0.953612, 0.046388]"
minesweeper,client,456,6737,3,M0,attack_member,evaluation,0,1,0.5022562742233276,1,0.5014635920524597,False,4,1.0,1,"[0.986165, 0.013835]"
minesweeper,client,456,6833,3,M0,attack_member,evaluation,0,1,0.5022209286689758,1,0.5014635920524597,False,3,0.6666666666666666,1,"[0.981882, 0.018118]"
minesweeper,client,456,6936,3,M0,attack_member,evaluation,0,1,0.5019257068634033,1,0.5014635920524597,False,1,1.0,1,"[0.946128, 0.053872]"
minesweeper,client,456,6937,3,M0,attack_member,evaluation,0,1,0.5023530721664429,1,0.5014635920524597,False,1,1.0,1,"[0.997889, 0.002111]"
minesweeper,client,456,6938,3,M0,attack_member,evaluation,0,1,0.5023409128189087,1,0.5014635920524597,False,0,,1,"[0.996419, 0.003581]"
minesweeper,client,456,4450,5,M0,attack_member,evaluation,0,1,0.4995580315589905,0,0.5014635920524597,False,4,1.0,1,"[0.659633, 0.340367]"
minesweeper,client,456,4451,5,M0,attack_member,evaluation,0,1,0.49934080243110657,0,0.5014635920524597,False,3,0.6666666666666666,1,"[0.633371, 0.366629]"
minesweeper,client,456,4551,5,M0,attack_member,evaluation,0,1,0.49952560663223267,0,0.5014635920524597,False,4,0.75,1,"[0.655716, 0.344284]"
minesweeper,client,456,4553,5,M0,attack_member,evaluation,1,1,0.5052647590637207,0,0.5112331509590149,False,4,0.5,0,"[0.709492, 0.290508]"
minesweeper,client,456,4648,5,M0,attack_member,evaluation,0,1,0.5000640749931335,0,0.5014635920524597,False,4,0.5,1,"[0.720833, 0.279167]"
minesweeper,client,456,4840,5,M0,attack_member,evaluation,1,1,0.49917852878570557,0,0.5112331509590149,False,3,0.0,0,"[0.846616, 0.153384]"
minesweeper,client,456,4847,5,M0,attack_member,evaluation,0,1,0.500550389289856,0,0.5014635920524597,False,4,0.75,1,"[0.779657, 0.220343]"
minesweeper,client,456,4850,5,M0,attack_member,evaluation,0,1,0.5006545782089233,0,0.5014635920524597,False,4,1.0,1,"[0.792269, 0.207731]"
minesweeper,client,456,4851,5,M0,attack_member,evaluation,0,1,0.5010095834732056,0,0.5014635920524597,False,4,1.0,1,"[0.835222, 0.164778]"
minesweeper,client,456,4856,5,M0,attack_member,evaluation,0,1,0.5003374218940735,0,0.5014635920524597,False,2,1.0,1,"[0.753897, 0.246103]"
minesweeper,client,456,4944,5,M0,attack_member,evaluation,0,1,0.5012605786323547,0,0.5014635920524597,False,4,1.0,1,"[0.865601, 0.134399]"
minesweeper,client,456,4948,5,M0,attack_member,evaluation,1,1,0.5066181421279907,0,0.5112331509590149,False,4,0.25,0,"[0.678198, 0.321802]"
minesweeper,client,456,4954,5,M0,attack_member,evaluation,1,1,0.5020511746406555,0,0.5112331509590149,False,4,0.0,0,"[0.782539, 0.217461]"
minesweeper,client,456,4955,5,M0,attack_member,evaluation,0,1,0.5002684593200684,0,0.5014635920524597,False,4,0.75,1,"[0.745554, 0.254446]"
minesweeper,client,456,5041,5,M0,attack_member,evaluation,0,1,0.5010217428207397,0,0.5014635920524597,False,4,1.0,1,"[0.836691, 0.163309]"
minesweeper,client,456,5043,5,M0,attack_member,evaluation,0,1,0.501856803894043,1,0.5014635920524597,False,4,1.0,1,"[0.937787, 0.062213]"
minesweeper,client,456,5050,5,M0,attack_member,evaluation,0,1,0.5012322664260864,0,0.5014635920524597,False,4,0.75,1,"[0.862171, 0.137829]"
minesweeper,client,456,5150,5,M0,attack_member,evaluation,1,1,0.49563053250312805,0,0.5112331509590149,False,4,0.0,0,"[0.9246, 0.0754]"
minesweeper,client,456,5240,5,M0,attack_member,evaluation,1,1,0.5086975693702698,0,0.5112331509590149,False,4,0.0,0,"[0.629385, 0.370615]"
minesweeper,client,456,5252,5,M0,attack_member,evaluation,0,1,0.5020539164543152,1,0.5014635920524597,False,4,1.0,1,"[0.961656, 0.038344]"
minesweeper,client,456,5336,5,M0,attack_member,evaluation,0,1,0.5014632344245911,0,0.5014635920524597,False,3,1.0,1,"[0.89013, 0.10987]"
minesweeper,client,456,5346,5,M0,attack_member,evaluation,0,1,0.500552773475647,0,0.5014635920524597,False,4,1.0,1,"[0.779947, 0.220053]"
minesweeper,client,456,5348,5,M0,attack_member,evaluation,0,1,0.501571774482727,1,0.5014635920524597,False,4,0.75,1,"[0.903269, 0.096731]"
minesweeper,client,456,5437,5,M0,attack_member,evaluation,0,1,0.5015574097633362,1,0.5014635920524597,False,4,1.0,1,"[0.901529, 0.098471]"
minesweeper,client,456,5450,5,M0,attack_member,evaluation,0,1,0.5003101825714111,0,0.5014635920524597,False,4,1.0,1,"[0.7506, 0.2494]"
minesweeper,client,456,5549,5,M0,attack_member,evaluation,0,1,0.4998035430908203,0,0.5014635920524597,False,4,1.0,1,"[0.689328, 0.310672]"
minesweeper,client,456,5555,5,M0,attack_member,evaluation,0,1,0.5000365972518921,0,0.5014635920524597,False,4,0.75,1,"[0.717507, 0.282493]"
minesweeper,client,456,5558,5,M0,attack_member,evaluation,0,1,0.49890610575675964,0,0.5014635920524597,False,2,0.5,1,"[0.58082, 0.41918]"
minesweeper,client,456,5651,5,M0,attack_member,evaluation,0,1,0.5001959800720215,0,0.5014635920524597,False,4,0.75,1,"[0.73679, 0.263211]"
minesweeper,client,456,5658,5,M0,attack_member,evaluation,1,1,0.5092249512672424,0,0.5112331509590149,False,2,0.5,0,"[0.616851, 0.383149]"
minesweeper,client,456,5741,5,M0,attack_member,evaluation,0,1,0.4994509816169739,0,0.5014635920524597,False,4,0.75,1,"[0.646693, 0.353307]"
minesweeper,client,456,5743,5,M0,attack_member,evaluation,0,1,0.5000394582748413,0,0.5014635920524597,False,4,1.0,1,"[0.717857, 0.282143]"
minesweeper,client,456,5753,5,M0,attack_member,evaluation,0,1,0.5016714334487915,1,0.5014635920524597,False,4,1.0,1,"[0.915337, 0.084663]"
minesweeper,client,456,5836,5,M0,attack_member,evaluation,0,1,0.4993847906589508,0,0.5014635920524597,False,1,0.0,1,"[0.638692, 0.361308]"
minesweeper,client,456,5841,5,M0,attack_member,evaluation,1,1,0.5040719509124756,0,0.5112331509590149,False,4,0.25,0,"[0.736799, 0.263201]"
minesweeper,client,456,5842,5,M0,attack_member,evaluation,0,1,0.4999256432056427,0,0.5014635920524597,False,4,0.75,1,"[0.70409, 0.29591]"
minesweeper,client,456,5847,5,M0,attack_member,evaluation,0,1,0.5008364915847778,0,0.5014635920524597,False,4,0.75,1,"[0.814275, 0.185725]"
minesweeper,client,456,5954,5,M0,attack_member,evaluation,0,1,0.49988141655921936,0,0.5014635920524597,False,4,0.5,1,"[0.698748, 0.301252]"
minesweeper,client,456,6046,5,M0,attack_member,evaluation,0,1,0.5018582344055176,1,0.5014635920524597,False,4,1.0,1,"[0.937957, 0.062043]"
minesweeper,client,456,6047,5,M0,attack_member,evaluation,0,1,0.5010130405426025,0,0.5014635920524597,False,4,1.0,1,"[0.835642, 0.164358]"
minesweeper,client,456,6145,5,M0,attack_member,evaluation,0,1,0.5012597441673279,0,0.5014635920524597,False,4,1.0,1,"[0.865496, 0.134504]"
minesweeper,client,456,6147,5,M0,attack_member,evaluation,0,1,0.5001596808433533,0,0.5014635920524597,False,4,1.0,1,"[0.732397, 0.267603]"
minesweeper,client,456,6248,5,M0,attack_member,evaluation,0,1,0.500137448310852,0,0.5014635920524597,False,4,0.75,1,"[0.729705, 0.270295]"
minesweeper,client,456,6251,5,M0,attack_member,evaluation,0,1,0.5003231763839722,0,0.5014635920524597,False,4,0.75,1,"[0.752167, 0.247833]"
minesweeper,client,456,6341,5,M0,attack_member,evaluation,0,1,0.5018365383148193,1,0.5014635920524597,False,3,1.0,1,"[0.935326, 0.064674]"
minesweeper,client,456,6342,5,M0,attack_member,evaluation,0,1,0.502058744430542,1,0.5014635920524597,False,4,1.0,1,"[0.962236, 0.037764]"
minesweeper,client,456,6345,5,M0,attack_member,evaluation,1,1,0.5027971863746643,0,0.5112331509590149,False,4,0.25,0,"[0.765725, 0.234275]"
minesweeper,client,456,6347,5,M0,attack_member,evaluation,0,1,0.5001928210258484,0,0.5014635920524597,False,4,0.5,1,"[0.736408, 0.263592]"
minesweeper,client,456,6351,5,M0,attack_member,evaluation,0,1,0.5002978444099426,0,0.5014635920524597,False,4,0.5,1,"[0.749107, 0.250893]"
minesweeper,client,456,6354,5,M0,attack_member,evaluation,0,1,0.5016402006149292,1,0.5014635920524597,False,4,1.0,1,"[0.911557, 0.088443]"
minesweeper,client,456,6447,5,M0,attack_member,evaluation,0,1,0.5006223917007446,0,0.5014635920524597,False,4,0.5,1,"[0.788368, 0.211632]"
minesweeper,client,456,6450,5,M0,attack_member,evaluation,1,1,0.5051343441009521,0,0.5112331509590149,False,4,0.25,0,"[0.71249, 0.28751]"
minesweeper,client,456,6541,5,M0,attack_member,evaluation,0,1,0.5016465187072754,1,0.5014635920524597,False,4,1.0,1,"[0.912317, 0.087683]"
minesweeper,client,456,6545,5,M0,attack_member,evaluation,0,1,0.5007184743881226,0,0.5014635920524597,False,4,0.75,1,"[0.799994, 0.200006]"
minesweeper,client,456,6547,5,M0,attack_member,evaluation,0,1,0.5001874566078186,0,0.5014635920524597,False,4,0.5,1,"[0.735757, 0.264243]"
minesweeper,client,456,6640,5,M0,attack_member,evaluation,0,1,0.5010629892349243,0,0.5014635920524597,False,3,1.0,1,"[0.841687, 0.158313]"
minesweeper,client,456,6653,5,M0,attack_member,evaluation,1,1,0.4993324279785156,0,0.5112331509590149,False,4,0.0,0,"[0.843207, 0.156794]"
minesweeper,client,456,6654,5,M0,attack_member,evaluation,0,1,0.5005545020103455,0,0.5014635920524597,False,2,1.0,1,"[0.780162, 0.219838]"
minesweeper,client,456,6744,5,M0,attack_member,evaluation,0,1,0.5003126859664917,0,0.5014635920524597,False,4,0.75,1,"[0.750906, 0.249094]"
minesweeper,client,456,6746,5,M0,attack_member,evaluation,0,1,0.5002976059913635,0,0.5014635920524597,False,4,1.0,1,"[0.749079, 0.250921]"
minesweeper,client,456,6748,5,M0,attack_member,evaluation,0,1,0.5003328323364258,0,0.5014635920524597,False,4,0.75,1,"[0.753338, 0.246662]"
minesweeper,client,456,6849,5,M0,attack_member,evaluation,0,1,0.500744640827179,0,0.5014635920524597,False,4,0.75,1,"[0.803162, 0.196838]"
minesweeper,client,456,6852,5,M0,attack_member,evaluation,0,1,0.5022212862968445,1,0.5014635920524597,False,4,1.0,1,"[0.981929, 0.018071]"
minesweeper,client,456,6942,5,M0,attack_member,evaluation,0,1,0.5014026165008545,0,0.5014635920524597,False,4,0.75,1,"[0.882794, 0.117206]"
minesweeper,client,456,6947,5,M0,attack_member,evaluation,0,1,0.5011375546455383,0,0.5014635920524597,False,4,0.75,1,"[0.850709, 0.149291]"
minesweeper,client,456,6948,5,M0,attack_member,evaluation,1,1,0.49687305092811584,0,0.5112331509590149,False,4,0.0,0,"[0.897407, 0.102593]"
minesweeper,client,456,6950,5,M0,attack_member,evaluation,0,1,0.5021440386772156,1,0.5014635920524597,False,4,1.0,1,"[0.972565, 0.027435]"
minesweeper,client,456,7042,5,M0,attack_member,evaluation,1,1,0.49992191791534424,0,0.5112331509590149,False,1,0.0,0,"[0.830126, 0.169874]"
minesweeper,client,456,7049,5,M0,attack_member,evaluation,0,1,0.5019645690917969,1,0.5014635920524597,False,1,1.0,1,"[0.950836, 0.049164]"
minesweeper,client,456,2353,5,M0,attack_member,evaluation,0,1,0.5001946091651917,0,0.5014635920524597,False,4,0.5,1,"[0.736623, 0.263377]"
minesweeper,client,456,2354,5,M0,attack_member,evaluation,0,1,0.5000573396682739,0,0.5014635920524597,False,4,0.5,1,"[0.72002, 0.27998]"
minesweeper,client,456,2358,5,M0,attack_member,evaluation,0,1,0.5007948875427246,0,0.5014635920524597,False,4,1.0,1,"[0.809245, 0.190755]"
minesweeper,client,456,2459,5,M0,attack_member,evaluation,0,1,0.5002247095108032,0,0.5014635920524597,False,4,0.75,1,"[0.740264, 0.259736]"
minesweeper,client,456,2463,5,M0,attack_member,evaluation,0,1,0.49954819679260254,0,0.5014635920524597,False,4,0.75,1,"[0.658447, 0.341553]"
minesweeper,client,456,2552,5,M0,attack_member,evaluation,0,1,0.49978020787239075,0,0.5014635920524597,False,4,1.0,1,"[0.6865, 0.3135]"
minesweeper,client,456,2556,5,M0,attack_member,evaluation,0,1,0.5013847351074219,0,0.5014635920524597,False,4,1.0,1,"[0.880628, 0.119372]"
minesweeper,client,456,2557,5,M0,attack_member,evaluation,0,1,0.5013430118560791,0,0.5014635920524597,False,4,1.0,1,"[0.875579, 0.124421]"
minesweeper,client,456,2658,5,M0,attack_member,evaluation,0,1,0.501085102558136,0,0.5014635920524597,False,4,0.75,1,"[0.844364, 0.155636]"
minesweeper,client,456,2667,5,M0,attack_member,evaluation,0,1,0.5019984245300293,1,0.5014635920524597,False,4,1.0,1,"[0.954935, 0.045064]"
minesweeper,client,456,2761,5,M0,attack_member,evaluation,1,1,0.4991530478000641,0,0.5112331509590149,False,4,0.0,0,"[0.847179, 0.152821]"
minesweeper,client,456,2767,5,M0,attack_member,evaluation,0,1,0.5020670294761658,1,0.5014635920524597,False,4,1.0,1,"[0.963245, 0.036755]"
minesweeper,client,456,2770,5,M0,attack_member,evaluation,1,1,0.5035541653633118,0,0.5112331509590149,False,2,0.0,0,"[0.748578, 0.251422]"
minesweeper,client,456,2853,5,M0,attack_member,evaluation,0,1,0.5011904239654541,0,0.5014635920524597,False,2,1.0,1,"[0.857111, 0.142889]"
minesweeper,client,456,2855,5,M0,attack_member,evaluation,0,1,0.5010659098625183,0,0.5014635920524597,False,4,1.0,1,"[0.842038, 0.157962]"
minesweeper,client,456,2860,5,M0,attack_member,evaluation,0,1,0.5008777976036072,0,0.5014635920524597,False,4,1.0,1,"[0.819272, 0.180728]"
minesweeper,client,456,2865,5,M0,attack_member,evaluation,0,1,0.5018770098686218,1,0.5014635920524597,False,4,1.0,1,"[0.940227, 0.059772]"
minesweeper,client,456,2870,5,M0,attack_member,evaluation,0,1,0.5002465844154358,0,0.5014635920524597,False,1,1.0,1,"[0.742908, 0.257092]"
minesweeper,client,456,2959,5,M0,attack_member,evaluation,0,1,0.49982357025146484,0,0.5014635920524597,False,4,0.75,1,"[0.691743, 0.308258]"
minesweeper,client,456,2960,5,M0,attack_member,evaluation,0,1,0.5001466870307922,0,0.5014635920524597,False,4,1.0,1,"[0.730824, 0.269176]"
minesweeper,client,456,2961,5,M0,attack_member,evaluation,0,1,0.5005471110343933,0,0.5014635920524597,False,4,0.75,1,"[0.779264, 0.220736]"
minesweeper,client,456,2963,5,M0,attack_member,evaluation,0,1,0.5009596347808838,0,0.5014635920524597,False,4,0.75,1,"[0.829178, 0.170822]"
minesweeper,client,456,3058,5,M0,attack_member,evaluation,1,1,0.5087828636169434,0,0.5112331509590149,False,4,0.25,0,"[0.627364, 0.372636]"
minesweeper,client,456,3062,5,M0,attack_member,evaluation,1,1,0.5054457783699036,0,0.5112331509590149,False,4,0.25,0,"[0.705327, 0.294673]"
minesweeper,client,456,3065,5,M0,attack_member,evaluation,0,1,0.5006256699562073,0,0.5014635920524597,False,4,1.0,1,"[0.788769, 0.211231]"
minesweeper,client,456,3159,5,M0,attack_member,evaluation,0,1,0.49960070848464966,0,0.5014635920524597,False,4,0.75,1,"[0.664801, 0.335199]"
minesweeper,client,456,3168,5,M0,attack_member,evaluation,0,1,0.500740647315979,0,0.5014635920524597,False,3,1.0,1,"[0.802681, 0.197319]"
minesweeper,client,456,3264,5,M0,attack_member,evaluation,0,1,0.4996832013130188,0,0.5014635920524597,False,4,0.5,1,"[0.674772, 0.325228]"
minesweeper,client,456,3363,5,M0,attack_member,evaluation,0,1,0.49951887130737305,0,0.5014635920524597,False,4,0.25,1,"[0.654899, 0.345101]"
minesweeper,client,456,3366,5,M0,attack_member,evaluation,0,1,0.499278724193573,0,0.5014635920524597,False,4,0.75,1,"[0.625872, 0.374128]"
minesweeper,client,456,3568,5,M0,attack_member,evaluation,0,1,0.5008510947227478,0,0.5014635920524597,False,4,0.5,1,"[0.816046, 0.183954]"
minesweeper,client,456,3662,5,M0,attack_member,evaluation,0,1,0.49992886185646057,0,0.5014635920524597,False,4,1.0,1,"[0.70448, 0.29552]"
minesweeper,client,456,3666,5,M0,attack_member,evaluation,0,1,0.49961134791374207,0,0.5014635920524597,False,4,0.75,1,"[0.666082, 0.333918]"
minesweeper,client,456,3667,5,M0,attack_member,evaluation,1,1,0.5056402683258057,0,0.5112331509590149,False,4,0.0,0,"[0.700844, 0.299156]"
minesweeper,client,456,3865,5,M0,attack_member,evaluation,0,1,0.5014960765838623,1,0.5014635920524597,False,4,0.75,1,"[0.894105, 0.105895]"
minesweeper,client,456,21,7,M0,attack_member,evaluation,0,1,0.5010563731193542,0,0.5014635920524597,False,4,1.0,1,"[0.840885, 0.159115]"
minesweeper,client,456,34,7,M0,attack_member,evaluation,0,1,0.49996426701545715,0,0.5014635920524597,False,4,0.5,1,"[0.70876, 0.29124]"
minesweeper,client,456,119,7,M0,attack_member,evaluation,0,1,0.5004662275314331,0,0.5014635920524597,False,4,0.75,1,"[0.769476, 0.230524]"
minesweeper,client,456,122,7,M0,attack_member,evaluation,0,1,0.5000054240226746,0,0.5014635920524597,False,4,0.75,1,"[0.713736, 0.286264]"
minesweeper,client,456,123,7,M0,attack_member,evaluation,0,1,0.5000832676887512,0,0.5014635920524597,False,4,0.75,1,"[0.723155, 0.276845]"
minesweeper,client,456,124,7,M0,attack_member,evaluation,0,1,0.5000033378601074,0,0.5014635920524597,False,4,1.0,1,"[0.713485, 0.286515]"
minesweeper,client,456,128,7,M0,attack_member,evaluation,0,1,0.49918246269226074,0,0.5014635920524597,False,4,0.25,1,"[0.614231, 0.385769]"
minesweeper,client,456,139,7,M0,attack_member,evaluation,0,1,0.4994071125984192,0,0.5014635920524597,False,4,0.75,1,"[0.641389, 0.358611]"
minesweeper,client,456,219,7,M0,attack_member,evaluation,0,1,0.5015642046928406,1,0.5014635920524597,False,4,0.75,1,"[0.902353, 0.097647]"
minesweeper,client,456,222,7,M0,attack_member,evaluation,1,1,0.5040503740310669,0,0.5112331509590149,False,4,0.25,0,"[0.737291, 0.262709]"
minesweeper,client,456,235,7,M0,attack_member,evaluation,0,1,0.4999139606952667,0,0.5014635920524597,False,4,0.75,1,"[0.702677, 0.297323]"
minesweeper,client,456,324,7,M0,attack_member,evaluation,0,1,0.5005537867546082,0,0.5014635920524597,False,4,0.75,1,"[0.780075, 0.219925]"
minesweeper,client,456,326,7,M0,attack_member,evaluation,0,1,0.5004165172576904,0,0.5014635920524597,False,4,0.75,1,"[0.763462, 0.236538]"
minesweeper,client,456,327,7,M0,attack_member,evaluation,0,1,0.5005854964256287,0,0.5014635920524597,False,4,1.0,1,"[0.783907, 0.216093]"
minesweeper,client,456,333,7,M0,attack_member,evaluation,1,1,0.508575439453125,0,0.5112331509590149,False,4,0.0,0,"[0.632279, 0.367721]"
minesweeper,client,456,341,7,M0,attack_member,evaluation,0,1,0.500474214553833,0,0.5014635920524597,False,1,0.0,1,"[0.770445, 0.229555]"
minesweeper,client,456,525,7,M0,attack_member,evaluation,0,1,0.49972403049468994,0,0.5014635920524597,False,4,1.0,1,"[0.679705, 0.320295]"
minesweeper,client,456,529,7,M0,attack_member,evaluation,0,1,0.5000746846199036,0,0.5014635920524597,False,4,1.0,1,"[0.722119, 0.277881]"
minesweeper,client,456,724,7,M0,attack_member,evaluation,0,1,0.4992830157279968,0,0.5014635920524597,False,4,0.75,1,"[0.626386, 0.373614]"
minesweeper,client,456,730,7,M0,attack_member,evaluation,0,1,0.5013361573219299,0,0.5014635920524597,False,4,1.0,1,"[0.87475, 0.12525]"
minesweeper,client,456,819,7,M0,attack_member,evaluation,0,1,0.5004228949546814,0,0.5014635920524597,False,4,1.0,1,"[0.764234, 0.235766]"
minesweeper,client,456,820,7,M0,attack_member,evaluation,0,1,0.5001126527786255,0,0.5014635920524597,False,4,1.0,1,"[0.726709, 0.273291]"
minesweeper,client,456,825,7,M0,attack_member,evaluation,0,1,0.49985671043395996,0,0.5014635920524597,False,4,0.5,1,"[0.695755, 0.304245]"
minesweeper,client,456,829,7,M0,attack_member,evaluation,0,1,0.5015280246734619,1,0.5014635920524597,False,4,1.0,1,"[0.897974, 0.102026]"
minesweeper,client,456,832,7,M0,attack_member,evaluation,0,1,0.5015849471092224,1,0.5014635920524597,False,4,1.0,1,"[0.904865, 0.095135]"
minesweeper,client,456,833,7,M0,attack_member,evaluation,0,1,0.5017720460891724,1,0.5014635920524597,False,4,1.0,1,"[0.92752, 0.07248]"
minesweeper,client,456,917,7,M0,attack_member,evaluation,0,1,0.4997955560684204,0,0.5014635920524597,False,4,0.75,1,"[0.688364, 0.311636]"
minesweeper,client,456,923,7,M0,attack_member,evaluation,0,1,0.5007275938987732,0,0.5014635920524597,False,4,0.75,1,"[0.801096, 0.198904]"
minesweeper,client,456,924,7,M0,attack_member,evaluation,0,1,0.500667929649353,0,0.5014635920524597,False,4,0.75,1,"[0.793878, 0.206122]"
minesweeper,client,456,926,7,M0,attack_member,evaluation,0,1,0.5003771185874939,0,0.5014635920524597,False,4,0.75,1,"[0.758699, 0.241301]"
minesweeper,client,456,928,7,M0,attack_member,evaluation,0,1,0.5008350610733032,0,0.5014635920524597,False,4,1.0,1,"[0.814105, 0.185895]"
minesweeper,client,456,929,7,M0,attack_member,evaluation,0,1,0.5011438727378845,0,0.5014635920524597,False,4,1.0,1,"[0.851474, 0.148526]"
minesweeper,client,456,930,7,M0,attack_member,evaluation,0,1,0.501751184463501,1,0.5014635920524597,False,4,1.0,1,"[0.924991, 0.075009]"
minesweeper,client,456,1026,7,M0,attack_member,evaluation,0,1,0.500051736831665,0,0.5014635920524597,False,4,1.0,1,"[0.719342, 0.280658]"
minesweeper,client,456,1029,7,M0,attack_member,evaluation,0,1,0.5013371109962463,0,0.5014635920524597,False,4,0.75,1,"[0.874861, 0.125139]"
minesweeper,client,456,1034,7,M0,attack_member,evaluation,0,1,0.5012666583061218,0,0.5014635920524597,False,4,1.0,1,"[0.866337, 0.133663]"
minesweeper,client,456,1116,7,M0,attack_member,evaluation,0,1,0.5001276135444641,0,0.5014635920524597,False,2,1.0,1,"[0.728516, 0.271484]"
minesweeper,client,456,1117,7,M0,attack_member,evaluation,0,1,0.5000810027122498,0,0.5014635920524597,False,3,0.3333333333333333,1,"[0.722882, 0.277118]"
minesweeper,client,456,1120,7,M0,attack_member,evaluation,0,1,0.5014086365699768,0,0.5014635920524597,False,4,1.0,1,"[0.883523, 0.116477]"
minesweeper,client,456,1130,7,M0,attack_member,evaluation,1,1,0.4954439103603363,0,0.5112331509590149,False,4,0.0,0,"[0.928676, 0.071324]"
minesweeper,client,456,1134,7,M0,attack_member,evaluation,0,1,0.500765860080719,0,0.5014635920524597,False,4,1.0,1,"[0.805729, 0.194271]"
minesweeper,client,456,1224,7,M0,attack_member,evaluation,0,1,0.5017862915992737,1,0.5014635920524597,False,4,1.0,1,"[0.929241, 0.070759]"
minesweeper,client,456,1236,7,M0,attack_member,evaluation,1,1,0.5064652562141418,0,0.5112331509590149,False,3,0.0,0,"[0.681751, 0.318249]"
minesweeper,client,456,1319,7,M0,attack_member,evaluation,0,1,0.5021411776542664,1,0.5014635920524597,False,3,1.0,1,"[0.972226, 0.027774]"
minesweeper,client,456,1321,7,M0,attack_member,evaluation,0,1,0.502360463142395,1,0.5014635920524597,False,3,1.0,1,"[0.998789, 0.001211]"
minesweeper,client,456,1324,7,M0,attack_member,evaluation,0,1,0.5017828941345215,1,0.5014635920524597,False,4,1.0,1,"[0.928833, 0.071167]"
minesweeper,client,456,1329,7,M0,attack_member,evaluation,0,1,0.5016422867774963,1,0.5014635920524597,False,4,1.0,1,"[0.911806, 0.088194]"
minesweeper,client,456,1333,7,M0,attack_member,evaluation,0,1,0.5013399124145508,0,0.5014635920524597,False,4,1.0,1,"[0.875203, 0.124797]"
minesweeper,client,456,1334,7,M0,attack_member,evaluation,0,1,0.5004842877388,0,0.5014635920524597,False,4,1.0,1,"[0.771665, 0.228335]"
minesweeper,client,456,1335,7,M0,attack_member,evaluation,0,1,0.4995376169681549,0,0.5014635920524597,False,4,0.75,1,"[0.657168, 0.342832]"
minesweeper,client,456,1428,7,M0,attack_member,evaluation,0,1,0.5008981227874756,0,0.5014635920524597,False,4,0.75,1,"[0.82173, 0.17827]"
minesweeper,client,456,1531,7,M0,attack_member,evaluation,1,1,0.4973025918006897,0,0.5112331509590149,False,4,0.0,0,"[0.887981, 0.112019]"
minesweeper,client,456,1535,7,M0,attack_member,evaluation,0,1,0.5007771253585815,0,0.5014635920524597,False,4,0.5,1,"[0.807096, 0.192904]"
minesweeper,client,456,1624,7,M0,attack_member,evaluation,1,1,0.5057478547096252,0,0.5112331509590149,False,2,0.0,0,"[0.698361, 0.301639]"
minesweeper,client,456,1631,7,M0,attack_member,evaluation,0,1,0.5012866854667664,0,0.5014635920524597,False,4,1.0,1,"[0.86876, 0.13124]"
minesweeper,client,456,1632,7,M0,attack_member,evaluation,0,1,0.5004804730415344,0,0.5014635920524597,False,4,1.0,1,"[0.771198, 0.228802]"
minesweeper,client,456,1634,7,M0,attack_member,evaluation,1,1,0.5005878806114197,0,0.5112331509590149,False,4,0.25,0,"[0.815303, 0.184697]"
minesweeper,client,456,1727,7,M0,attack_member,evaluation,0,1,0.5009662508964539,0,0.5014635920524597,False,4,0.75,1,"[0.829979, 0.170021]"
minesweeper,client,456,1831,7,M0,attack_member,evaluation,0,1,0.500338077545166,0,0.5014635920524597,False,4,0.75,1,"[0.753978, 0.246022]"
minesweeper,client,456,1926,7,M0,attack_member,evaluation,0,1,0.500033974647522,0,0.5014635920524597,False,3,1.0,1,"[0.717192, 0.282808]"
minesweeper,client,456,1927,7,M0,attack_member,evaluation,0,1,0.5002074241638184,0,0.5014635920524597,False,4,0.75,1,"[0.738175, 0.261825]"
minesweeper,client,456,1928,7,M0,attack_member,evaluation,1,1,0.503018319606781,0,0.5112331509590149,False,4,0.0,0,"[0.760725, 0.239275]"
minesweeper,client,456,2031,7,M0,attack_member,evaluation,0,1,0.5011188387870789,0,0.5014635920524597,False,4,0.5,1,"[0.848445, 0.151555]"
minesweeper,client,456,2128,7,M0,attack_member,evaluation,1,1,0.49344849586486816,0,0.5112331509590149,False,2,0.0,0,"[0.972124, 0.027876]"
minesweeper,client,456,2227,7,M0,attack_member,evaluation,0,1,0.5019034147262573,1,0.5014635920524597,False,0,,1,"[0.943428, 0.056572]"
minesweeper,client,456,5511,7,M0,attack_member,evaluation,1,1,0.5024544596672058,0,0.5112331509590149,False,3,0.0,0,"[0.773458, 0.226542]"
minesweeper,client,456,5513,7,M0,attack_member,evaluation,0,1,0.4997166693210602,0,0.5014635920524597,False,4,0.75,1,"[0.678822, 0.321178]"
minesweeper,client,456,5518,7,M0,attack_member,evaluation,0,1,0.5013566017150879,0,0.5014635920524597,False,4,1.0,1,"[0.87722, 0.12278]"
minesweeper,client,456,5614,7,M0,attack_member,evaluation,1,1,0.5032321810722351,0,0.5112331509590149,False,4,0.75,0,"[0.755882, 0.244118]"
minesweeper,client,456,5820,7,M0,attack_member,evaluation,1,1,0.5039650797843933,0,0.5112331509590149,False,4,0.25,0,"[0.739233, 0.260767]"
minesweeper,client,456,6016,7,M0,attack_member,evaluation,1,1,0.5029979944229126,0,0.5112331509590149,False,4,0.0,0,"[0.761184, 0.238816]"
minesweeper,client,456,6018,7,M0,attack_member,evaluation,0,1,0.5009792447090149,0,0.5014635920524597,False,4,1.0,1,"[0.831554, 0.168446]"
minesweeper,client,456,6112,7,M0,attack_member,evaluation,0,1,0.5016788244247437,1,0.5014635920524597,False,4,1.0,1,"[0.916235, 0.083765]"
minesweeper,client,456,6115,7,M0,attack_member,evaluation,0,1,0.5004999041557312,0,0.5014635920524597,False,4,0.75,1,"[0.773554, 0.226446]"
minesweeper,client,456,6210,7,M0,attack_member,evaluation,0,1,0.4999725818634033,0,0.5014635920524597,False,4,1.0,1,"[0.709763, 0.290237]"
minesweeper,client,456,6214,7,M0,attack_member,evaluation,0,1,0.5001490116119385,0,0.5014635920524597,False,4,0.5,1,"[0.731104, 0.268896]"
minesweeper,client,456,6215,7,M0,attack_member,evaluation,1,1,0.5033643245697021,0,0.5112331509590149,False,4,0.25,0,"[0.752886, 0.247114]"
minesweeper,client,456,6223,7,M0,attack_member,evaluation,0,1,0.5009593963623047,0,0.5014635920524597,False,3,0.6666666666666666,1,"[0.829146, 0.170854]"
minesweeper,client,456,6311,7,M0,attack_member,evaluation,0,1,0.5008148550987244,0,0.5014635920524597,False,4,1.0,1,"[0.811661, 0.188339]"
minesweeper,client,456,6312,7,M0,attack_member,evaluation,0,1,0.5011850595474243,0,0.5014635920524597,False,4,1.0,1,"[0.85646, 0.14354]"
minesweeper,client,456,6314,7,M0,attack_member,evaluation,0,1,0.4998001754283905,0,0.5014635920524597,False,4,0.5,1,"[0.68892, 0.31108]"
minesweeper,client,456,6315,7,M0,attack_member,evaluation,1,1,0.5045403242111206,0,0.5112331509590149,False,4,0.25,0,"[0.726105, 0.273895]"
minesweeper,client,456,6414,7,M0,attack_member,evaluation,0,1,0.5000240802764893,0,0.5014635920524597,False,4,0.5,1,"[0.715992, 0.284008]"
minesweeper,client,456,6424,7,M0,attack_member,evaluation,0,1,0.501625120639801,1,0.5014635920524597,False,4,1.0,1,"[0.909734, 0.090266]"
minesweeper,client,456,6519,7,M0,attack_member,evaluation,0,1,0.5008223652839661,0,0.5014635920524597,False,4,1.0,1,"[0.812566, 0.187434]"
minesweeper,client,456,6626,7,M0,attack_member,evaluation,1,1,0.4983392655849457,0,0.5112331509590149,False,4,0.0,0,"[0.865162, 0.134838]"
minesweeper,client,456,6710,7,M0,attack_member,evaluation,0,1,0.5011745691299438,0,0.5014635920524597,False,4,0.75,1,"[0.855191, 0.144809]"
minesweeper,client,456,6717,7,M0,attack_member,evaluation,1,1,0.5021260380744934,0,0.5112331509590149,False,4,0.5,0,"[0.780855, 0.219145]"
minesweeper,client,456,6722,7,M0,attack_member,evaluation,0,1,0.5004984736442566,0,0.5014635920524597,False,4,0.75,1,"[0.773377, 0.226623]"
minesweeper,client,456,6809,7,M0,attack_member,evaluation,1,1,0.5013555288314819,0,0.5112331509590149,False,1,0.0,0,"[0.798148, 0.201852]"
minesweeper,client,456,6816,7,M0,attack_member,evaluation,1,1,0.5035155415534973,0,0.5112331509590149,False,4,0.5,0,"[0.749455, 0.250545]"
minesweeper,client,456,6820,7,M0,attack_member,evaluation,0,1,0.4991213381290436,0,0.5014635920524597,False,4,0.5,1,"[0.606841, 0.393159]"
minesweeper,client,456,6825,7,M0,attack_member,evaluation,0,1,0.5019386410713196,1,0.5014635920524597,False,4,1.0,1,"[0.947694, 0.052307]"
minesweeper,client,456,6914,7,M0,attack_member,evaluation,0,1,0.5007538795471191,0,0.5014635920524597,False,4,1.0,1,"[0.804281, 0.195719]"
minesweeper,client,456,6924,7,M0,attack_member,evaluation,0,1,0.5021893382072449,1,0.5014635920524597,False,4,1.0,1,"[0.978057, 0.021943]"
minesweeper,client,456,6925,7,M0,attack_member,evaluation,0,1,0.5019468665122986,1,0.5014635920524597,False,4,0.75,1,"[0.948691, 0.051309]"
minesweeper,client,456,7013,7,M0,attack_member,evaluation,0,1,0.501246452331543,0,0.5014635920524597,False,3,1.0,1,"[0.86389, 0.13611]"
minesweeper,client,456,7018,7,M0,attack_member,evaluation,0,1,0.5000394582748413,0,0.5014635920524597,False,3,0.6666666666666666,1,"[0.717853, 0.282147]"
minesweeper,client,456,7022,7,M0,attack_member,evaluation,0,1,0.5015541911125183,1,0.5014635920524597,False,1,1.0,1,"[0.901144, 0.098856]"
minesweeper,client,456,7026,7,M0,attack_member,evaluation,1,1,0.5022700428962708,0,0.5112331509590149,False,0,,0,"[0.777613, 0.222387]"
minesweeper,client,456,7113,7,M0,attack_member,evaluation,0,1,0.5013506412506104,0,0.5014635920524597,False,3,0.6666666666666666,1,"[0.8765, 0.1235]"
minesweeper,client,456,7214,7,M0,attack_member,evaluation,0,1,0.5007407665252686,0,0.5014635920524597,False,3,0.6666666666666666,1,"[0.802697, 0.197303]"
minesweeper,client,456,7316,7,M0,attack_member,evaluation,0,1,0.5019331574440002,1,0.5014635920524597,False,2,1.0,1,"[0.947028, 0.052972]"
minesweeper,client,456,7416,7,M0,attack_member,evaluation,0,1,0.5019034147262573,1,0.5014635920524597,False,0,,1,"[0.943427, 0.056572]"
minesweeper,client,456,162,8,M0,attack_member,evaluation,0,1,0.5007886290550232,0,0.5014635920524597,False,4,1.0,1,"[0.808484, 0.191516]"
minesweeper,client,456,164,8,M0,attack_member,evaluation,0,1,0.5004958510398865,0,0.5014635920524597,False,4,0.75,1,"[0.773064, 0.226936]"
minesweeper,client,456,168,8,M0,attack_member,evaluation,0,1,0.5006877183914185,0,0.5014635920524597,False,4,1.0,1,"[0.796277, 0.203723]"
minesweeper,client,456,169,8,M0,attack_member,evaluation,0,1,0.5007349848747253,0,0.5014635920524597,False,4,0.75,1,"[0.801993, 0.198007]"
minesweeper,client,456,259,8,M0,attack_member,evaluation,0,1,0.5000303387641907,0,0.5014635920524597,False,4,1.0,1,"[0.71675, 0.28325]"
minesweeper,client,456,264,8,M0,attack_member,evaluation,0,1,0.5003023147583008,0,0.5014635920524597,False,4,0.75,1,"[0.749649, 0.250351]"
minesweeper,client,456,269,8,M0,attack_member,evaluation,0,1,0.5005621314048767,0,0.5014635920524597,False,4,0.75,1,"[0.78108, 0.21892]"
minesweeper,client,456,274,8,M0,attack_member,evaluation,0,1,0.5003591179847717,0,0.5014635920524597,False,4,1.0,1,"[0.756525, 0.243475]"
minesweeper,client,456,365,8,M0,attack_member,evaluation,0,1,0.5003107786178589,0,0.5014635920524597,False,4,0.75,1,"[0.750676, 0.249324]"
minesweeper,client,456,369,8,M0,attack_member,evaluation,0,1,0.5005191564559937,0,0.5014635920524597,False,4,0.75,1,"[0.775878, 0.224122]"
minesweeper,client,456,464,8,M0,attack_member,evaluation,0,1,0.5003005862236023,0,0.5014635920524597,False,4,0.75,1,"[0.749442, 0.250558]"
minesweeper,client,456,560,8,M0,attack_member,evaluation,0,1,0.5001567602157593,0,0.5014635920524597,False,4,0.75,1,"[0.732044, 0.267956]"
minesweeper,client,456,561,8,M0,attack_member,evaluation,1,1,0.5090272426605225,0,0.5112331509590149,False,4,0.5,0,"[0.621559, 0.378441]"
minesweeper,client,456,564,8,M0,attack_member,evaluation,0,1,0.5008387565612793,0,0.5014635920524597,False,4,0.5,1,"[0.814547, 0.185453]"
minesweeper,client,456,568,8,M0,attack_member,evaluation,0,1,0.5006443858146667,0,0.5014635920524597,False,4,1.0,1,"[0.79103, 0.20897]"
minesweeper,client,456,576,8,M0,attack_member,evaluation,1,1,0.4956980347633362,0,0.5112331509590149,False,2,0.0,0,"[0.923126, 0.076874]"
minesweeper,client,456,658,8,M0,attack_member,evaluation,0,1,0.5006323456764221,0,0.5014635920524597,False,4,1.0,1,"[0.789577, 0.210423]"
minesweeper,client,456,669,8,M0,attack_member,evaluation,0,1,0.501466691493988,1,0.5014635920524597,False,4,0.5,1,"[0.890553, 0.109447]"
minesweeper,client,456,670,8,M0,attack_member,evaluation,1,1,0.4985520839691162,0,0.5112331509590149,False,4,0.0,0,"[0.860465, 0.139535]"
minesweeper,client,456,672,8,M0,attack_member,evaluation,1,1,0.5018749237060547,0,0.5112331509590149,False,4,0.25,0,"[0.7865, 0.2135]"
minesweeper,client,456,761,8,M0,attack_member,evaluation,1,1,0.5015585422515869,0,0.5112331509590149,False,4,0.0,0,"[0.7936, 0.2064]"
minesweeper,client,456,764,8,M0,attack_member,evaluation,0,1,0.5010945200920105,0,0.5014635920524597,False,4,1.0,1,"[0.845501, 0.154499]"
minesweeper,client,456,857,8,M0,attack_member,evaluation,0,1,0.5001524686813354,0,0.5014635920524597,False,3,0.6666666666666666,1,"[0.731525, 0.268475]"
minesweeper,client,456,859,8,M0,attack_member,evaluation,0,1,0.5005785822868347,0,0.5014635920524597,False,4,1.0,1,"[0.78307, 0.216929]"
minesweeper,client,456,863,8,M0,attack_member,evaluation,0,1,0.500819206237793,0,0.5014635920524597,False,4,0.75,1,"[0.812188, 0.187812]"
minesweeper,client,456,864,8,M0,attack_member,evaluation,0,1,0.5013965964317322,0,0.5014635920524597,False,4,0.75,1,"[0.882069, 0.117931]"
minesweeper,client,456,870,8,M0,attack_member,evaluation,0,1,0.5015351176261902,1,0.5014635920524597,False,4,1.0,1,"[0.898837, 0.101163]"
minesweeper,client,456,960,8,M0,attack_member,evaluation,0,1,0.5006290674209595,0,0.5014635920524597,False,4,0.75,1,"[0.789176, 0.210824]"
minesweeper,client,456,1057,8,M0,attack_member,evaluation,0,1,0.49897411465644836,0,0.5014635920524597,False,4,0.75,1,"[0.589044, 0.410956]"
minesweeper,client,456,1060,8,M0,attack_member,evaluation,0,1,0.5002105832099915,0,0.5014635920524597,False,4,1.0,1,"[0.738554, 0.261446]"
minesweeper,client,456,1062,8,M0,attack_member,evaluation,0,1,0.5005959272384644,0,0.5014635920524597,False,4,1.0,1,"[0.78517, 0.21483]"
minesweeper,client,456,1071,8,M0,attack_member,evaluation,1,1,0.5018380880355835,0,0.5112331509590149,False,3,0.0,0,"[0.787328, 0.212672]"
minesweeper,client,456,1158,8,M0,attack_member,evaluation,0,1,0.49988794326782227,0,0.5014635920524597,False,4,0.5,1,"[0.699535, 0.300464]"
minesweeper,client,456,1161,8,M0,attack_member,evaluation,0,1,0.5002738237380981,0,0.5014635920524597,False,4,0.5,1,"[0.746201, 0.253799]"
minesweeper,client,456,1166,8,M0,attack_member,evaluation,0,1,0.5002132058143616,0,0.5014635920524597,False,4,0.75,1,"[0.738867, 0.261133]"
minesweeper,client,456,1170,8,M0,attack_member,evaluation,0,1,0.5006412267684937,0,0.5014635920524597,False,3,1.0,1,"[0.790646, 0.209354]"
minesweeper,client,456,1171,8,M0,attack_member,evaluation,0,1,0.500822126865387,0,0.5014635920524597,False,1,1.0,1,"[0.812536, 0.187464]"
minesweeper,client,456,1266,8,M0,attack_member,evaluation,0,1,0.49962300062179565,0,0.5014635920524597,False,4,0.75,1,"[0.667492, 0.332508]"
minesweeper,client,456,1267,8,M0,attack_member,evaluation,0,1,0.499656617641449,0,0.5014635920524597,False,4,1.0,1,"[0.671559, 0.328441]"
minesweeper,client,456,1357,8,M0,attack_member,evaluation,0,1,0.5004866719245911,0,0.5014635920524597,False,4,0.75,1,"[0.771954, 0.228046]"
minesweeper,client,456,1358,8,M0,attack_member,evaluation,0,1,0.5005345344543457,0,0.5014635920524597,False,4,0.75,1,"[0.77774, 0.22226]"
minesweeper,client,456,1459,8,M0,attack_member,evaluation,0,1,0.49988842010498047,0,0.5014635920524597,False,4,0.75,1,"[0.69959, 0.30041]"
minesweeper,client,456,1468,8,M0,attack_member,evaluation,0,1,0.49878835678100586,0,0.5014635920524597,False,3,0.3333333333333333,1,"[0.566591, 0.433409]"
minesweeper,client,456,1469,8,M0,attack_member,evaluation,1,1,0.5102013349533081,0,0.5112331509590149,False,1,0.0,0,"[0.593465, 0.406535]"
minesweeper,client,456,1557,8,M0,attack_member,evaluation,0,1,0.5000627040863037,0,0.5014635920524597,False,4,0.75,1,"[0.720665, 0.279335]"
minesweeper,client,456,1560,8,M0,attack_member,evaluation,0,1,0.5000346899032593,0,0.5014635920524597,False,4,1.0,1,"[0.717278, 0.282723]"
minesweeper,client,456,1563,8,M0,attack_member,evaluation,0,1,0.5003319978713989,0,0.5014635920524597,False,4,1.0,1,"[0.75324, 0.24676]"
minesweeper,client,456,1565,8,M0,attack_member,evaluation,0,1,0.49969592690467834,0,0.5014635920524597,False,4,0.5,1,"[0.676313, 0.323687]"
minesweeper,client,456,1659,8,M0,attack_member,evaluation,0,1,0.49981996417045593,0,0.5014635920524597,False,4,0.75,1,"[0.691312, 0.308688]"
minesweeper,client,456,1668,8,M0,attack_member,evaluation,0,1,0.4992418587207794,0,0.5014635920524597,False,2,1.0,1,"[0.621412, 0.378588]"
minesweeper,client,456,1758,8,M0,attack_member,evaluation,0,1,0.4997694790363312,0,0.5014635920524597,False,4,0.75,1,"[0.685203, 0.314797]"
minesweeper,client,456,1765,8,M0,attack_member,evaluation,0,1,0.49917611479759216,0,0.5014635920524597,False,4,0.75,1,"[0.613464, 0.386536]"
minesweeper,client,456,1859,8,M0,attack_member,evaluation,0,1,0.5001058578491211,0,0.5014635920524597,False,4,0.75,1,"[0.725886, 0.274114]"
minesweeper,client,456,1861,8,M0,attack_member,evaluation,0,1,0.5010058283805847,0,0.5014635920524597,False,4,1.0,1,"[0.834765, 0.165235]"
minesweeper,client,456,1863,8,M0,attack_member,evaluation,0,1,0.5007291436195374,0,0.5014635920524597,False,4,1.0,1,"[0.801286, 0.198714]"
minesweeper,client,456,1864,8,M0,attack_member,evaluation,0,1,0.49997764825820923,0,0.5014635920524597,False,4,0.75,1,"[0.710377, 0.289623]"
minesweeper,client,456,1955,8,M0,attack_member,evaluation,0,1,0.50102698802948,0,0.5014635920524597,False,2,0.5,1,"[0.837332, 0.162667]"
minesweeper,client,456,1969,8,M0,attack_member,evaluation,0,1,0.5006049871444702,0,0.5014635920524597,False,3,0.6666666666666666,1,"[0.786269, 0.213731]"
minesweeper,client,456,2058,8,M0,attack_member,evaluation,0,1,0.5005793571472168,0,0.5014635920524597,False,1,1.0,1,"[0.783167, 0.216833]"
minesweeper,client,456,2167,8,M0,attack_member,evaluation,1,1,0.5040001273155212,0,0.5112331509590149,False,4,0.0,0,"[0.738436, 0.261564]"
minesweeper,client,456,2169,8,M0,attack_member,evaluation,0,1,0.5009649991989136,0,0.5014635920524597,False,3,1.0,1,"[0.829829, 0.170171]"
minesweeper,client,456,2266,8,M0,attack_member,evaluation,0,1,0.5019345879554749,1,0.5014635920524597,False,4,0.5,1,"[0.9472, 0.0528]"
minesweeper,client,456,2269,8,M0,attack_member,evaluation,0,1,0.5009709596633911,0,0.5014635920524597,False,1,1.0,1,"[0.830545, 0.169455]"
minesweeper,client,456,2365,8,M0,attack_member,evaluation,0,1,0.5019034147262573,1,0.5014635920524597,False,1,0.0,1,"[0.943427, 0.056572]"
minesweeper,client,456,3,8,M0,attack_member,evaluation,0,1,0.5012079477310181,0,0.5014635920524597,False,4,0.75,1,"[0.85923, 0.14077]"
minesweeper,client,456,9,8,M0,attack_member,evaluation,0,1,0.5012686252593994,0,0.5014635920524597,False,4,0.75,1,"[0.866573, 0.133427]"
minesweeper,client,456,103,8,M0,attack_member,evaluation,0,1,0.5001431703567505,0,0.5014635920524597,False,4,1.0,1,"[0.730399, 0.269601]"
minesweeper,client,456,106,8,M0,attack_member,evaluation,0,1,0.5004390478134155,0,0.5014635920524597,False,4,0.75,1,"[0.766192, 0.233808]"
minesweeper,client,456,208,8,M0,attack_member,evaluation,0,1,0.5009887218475342,0,0.5014635920524597,False,4,1.0,1,"[0.832695, 0.167305]"
minesweeper,client,456,209,8,M0,attack_member,evaluation,0,1,0.501268744468689,0,0.5014635920524597,False,4,1.0,1,"[0.866588, 0.133412]"
minesweeper,client,456,214,8,M0,attack_member,evaluation,0,1,0.5003663897514343,0,0.5014635920524597,False,4,0.75,1,"[0.757396, 0.242604]"
minesweeper,client,456,311,8,M0,attack_member,evaluation,0,1,0.5014039278030396,0,0.5014635920524597,False,4,0.75,1,"[0.88295, 0.11705]"
minesweeper,client,456,312,8,M0,attack_member,evaluation,0,1,0.5015282034873962,1,0.5014635920524597,False,4,1.0,1,"[0.897999, 0.102001]"
minesweeper,client,456,314,8,M0,attack_member,evaluation,0,1,0.5008289217948914,0,0.5014635920524597,False,4,0.5,1,"[0.813358, 0.186642]"
minesweeper,client,456,315,8,M0,attack_member,evaluation,1,1,0.503667950630188,0,0.5112331509590149,False,4,0.25,0,"[0.745994, 0.254006]"
minesweeper,client,456,505,8,M0,attack_member,evaluation,0,1,0.5011107325553894,0,0.5014635920524597,False,4,0.75,1,"[0.847466, 0.152534]"
minesweeper,client,456,511,8,M0,attack_member,evaluation,0,1,0.501177191734314,0,0.5014635920524597,False,4,1.0,1,"[0.855506, 0.144494]"
minesweeper,client,456,702,8,M0,attack_member,evaluation,1,1,0.49746355414390564,0,0.5112331509590149,False,4,0.0,0,"[0.884444, 0.115556]"
minesweeper,client,456,709,8,M0,attack_member,evaluation,1,1,0.5054565668106079,0,0.5112331509590149,False,4,0.25,0,"[0.705077, 0.294923]"
minesweeper,client,456,710,8,M0,attack_member,evaluation,0,1,0.5000259876251221,0,0.5014635920524597,False,4,0.5,1,"[0.716229, 0.283771]"
minesweeper,client,456,711,8,M0,attack_member,evaluation,0,1,0.5005834102630615,0,0.5014635920524597,False,4,0.5,1,"[0.783659, 0.216341]"
minesweeper,client,456,810,8,M0,attack_member,evaluation,1,1,0.502334475517273,0,0.5112331509590149,False,4,0.25,0,"[0.776163, 0.223837]"
minesweeper,client,456,812,8,M0,attack_member,evaluation,0,1,0.5018302798271179,1,0.5014635920524597,False,4,1.0,1,"[0.934576, 0.065424]"
minesweeper,client,456,905,8,M0,attack_member,evaluation,0,1,0.5007963180541992,0,0.5014635920524597,False,4,0.75,1,"[0.809417, 0.190583]"
minesweeper,client,456,907,8,M0,attack_member,evaluation,0,1,0.4998904764652252,0,0.5014635920524597,False,4,0.75,1,"[0.699844, 0.300156]"
minesweeper,client,456,910,8,M0,attack_member,evaluation,0,1,0.501713752746582,1,0.5014635920524597,False,4,1.0,1,"[0.920464, 0.079536]"
minesweeper,client,456,1010,8,M0,attack_member,evaluation,0,1,0.5019134283065796,1,0.5014635920524597,False,4,0.75,1,"[0.944644, 0.055356]"
minesweeper,client,456,1012,8,M0,attack_member,evaluation,0,1,0.5020570755004883,1,0.5014635920524597,False,4,1.0,1,"[0.96204, 0.03796]"
minesweeper,client,456,1102,8,M0,attack_member,evaluation,0,1,0.50144362449646,0,0.5014635920524597,False,4,1.0,1,"[0.887754, 0.112246]"
minesweeper,client,456,1107,8,M0,attack_member,evaluation,0,1,0.5012158155441284,0,0.5014635920524597,False,4,0.75,1,"[0.860186, 0.139814]"
minesweeper,client,456,1110,8,M0,attack_member,evaluation,0,1,0.5013216733932495,0,0.5014635920524597,False,4,1.0,1,"[0.872998, 0.127002]"
minesweeper,client,456,1203,8,M0,attack_member,evaluation,0,1,0.4999965727329254,0,0.5014635920524597,False,4,1.0,1,"[0.712671, 0.287329]"
minesweeper,client,456,1303,8,M0,attack_member,evaluation,0,1,0.4999626874923706,0,0.5014635920524597,False,4,1.0,1,"[0.708571, 0.291429]"
minesweeper,client,456,1305,8,M0,attack_member,evaluation,0,1,0.5011199712753296,0,0.5014635920524597,False,4,1.0,1,"[0.848584, 0.151416]"
minesweeper,client,456,1309,8,M0,attack_member,evaluation,0,1,0.4996891915798187,0,0.5014635920524597,False,4,0.5,1,"[0.675498, 0.324502]"
minesweeper,client,456,1506,8,M0,attack_member,evaluation,1,1,0.5032203197479248,0,0.5112331509590149,False,4,0.0,0,"[0.75615, 0.24385]"
minesweeper,client,456,1702,8,M0,attack_member,evaluation,0,1,0.5006805062294006,0,0.5014635920524597,False,4,1.0,1,"[0.795402, 0.204598]"
minesweeper,client,456,1800,8,M0,attack_member,evaluation,0,1,0.50148606300354,1,0.5014635920524597,False,1,1.0,1,"[0.892896, 0.107104]"
minesweeper,client,456,1807,8,M0,attack_member,evaluation,1,1,0.5026113390922546,0,0.5112331509590149,False,1,0.0,0,"[0.769921, 0.230079]"
minesweeper,client,456,8549,9,M0,attack_member,evaluation,0,1,0.500053882598877,0,0.5014635920524597,False,4,0.75,1,"[0.719598, 0.280402]"
minesweeper,client,456,8559,9,M0,attack_member,evaluation,1,1,0.5054404139518738,0,0.5112331509590149,False,4,0.5,0,"[0.70545, 0.29455]"
minesweeper,client,456,8648,9,M0,attack_member,evaluation,1,1,0.5016268491744995,0,0.5112331509590149,False,4,0.25,0,"[0.792068, 0.207932]"
minesweeper,client,456,8657,9,M0,attack_member,evaluation,0,1,0.4996785819530487,0,0.5014635920524597,False,4,1.0,1,"[0.674219, 0.325781]"
minesweeper,client,456,8751,9,M0,attack_member,evaluation,0,1,0.5002764463424683,0,0.5014635920524597,False,4,1.0,1,"[0.746515, 0.253485]"
minesweeper,client,456,8758,9,M0,attack_member,evaluation,0,1,0.5016288757324219,1,0.5014635920524597,False,4,1.0,1,"[0.910187, 0.089813]"
minesweeper,client,456,8841,9,M0,attack_member,evaluation,0,1,0.4992780089378357,0,0.5014635920524597,False,3,0.3333333333333333,1,"[0.625781, 0.374219]"
minesweeper,client,456,8860,9,M0,attack_member,evaluation,0,1,0.5020531415939331,1,0.5014635920524597,False,3,1.0,1,"[0.961563, 0.038437]"
minesweeper,client,456,8945,9,M0,attack_member,evaluation,0,1,0.5017018914222717,1,0.5014635920524597,False,4,1.0,1,"[0.919025, 0.080975]"
minesweeper,client,456,8949,9,M0,attack_member,evaluation,0,1,0.5007436275482178,0,0.5014635920524597,False,4,0.75,1,"[0.803034, 0.196966]"
minesweeper,client,456,8952,9,M0,attack_member,evaluation,0,1,0.4996216893196106,0,0.5014635920524597,False,4,0.5,1,"[0.667334, 0.332667]"
minesweeper,client,456,8958,9,M0,attack_member,evaluation,0,1,0.5009693503379822,0,0.5014635920524597,False,4,1.0,1,"[0.830354, 0.169646]"
minesweeper,client,456,9049,9,M0,attack_member,evaluation,0,1,0.49967581033706665,0,0.5014635920524597,False,4,1.0,1,"[0.673874, 0.326126]"
minesweeper,client,456,9053,9,M0,attack_member,evaluation,1,1,0.5057470202445984,0,0.5112331509590149,False,4,0.25,0,"[0.698381, 0.301619]"
minesweeper,client,456,9059,9,M0,attack_member,evaluation,0,1,0.501047670841217,0,0.5014635920524597,False,4,0.75,1,"[0.839834, 0.160166]"
minesweeper,client,456,9139,9,M0,attack_member,evaluation,0,1,0.5014132261276245,0,0.5014635920524597,False,4,1.0,1,"[0.884077, 0.115923]"
minesweeper,client,456,9144,9,M0,attack_member,evaluation,0,1,0.5011638402938843,0,0.5014635920524597,False,4,0.75,1,"[0.853892, 0.146108]"
minesweeper,client,456,9147,9,M0,attack_member,evaluation,0,1,0.4993373155593872,0,0.5014635920524597,False,4,0.5,1,"[0.632951, 0.367049]"
minesweeper,client,456,9150,9,M0,attack_member,evaluation,0,1,0.49911633133888245,0,0.5014635920524597,False,4,0.25,1,"[0.606239, 0.393761]"
minesweeper,client,456,9155,9,M0,attack_member,evaluation,0,1,0.5003772377967834,0,0.5014635920524597,False,4,1.0,1,"[0.758711, 0.241289]"
minesweeper,client,456,9160,9,M0,attack_member,evaluation,0,1,0.5001532435417175,0,0.5014635920524597,False,3,0.3333333333333333,1,"[0.731617, 0.268383]"
minesweeper,client,456,9245,9,M0,attack_member,evaluation,1,1,0.5015984177589417,0,0.5112331509590149,False,4,0.0,0,"[0.792705, 0.207295]"
minesweeper,client,456,9254,9,M0,attack_member,evaluation,0,1,0.5010548830032349,0,0.5014635920524597,False,4,1.0,1,"[0.840703, 0.159297]"
minesweeper,client,456,9257,9,M0,attack_member,evaluation,1,1,0.5101598501205444,0,0.5112331509590149,False,4,0.5,0,"[0.594465, 0.405535]"
minesweeper,client,456,9259,9,M0,attack_member,evaluation,1,1,0.5075903534889221,0,0.5112331509590149,False,4,0.0,0,"[0.655493, 0.344507]"
minesweeper,client,456,9260,9,M0,attack_member,evaluation,0,1,0.49973389506340027,0,0.5014635920524597,False,4,0.75,1,"[0.680903, 0.319097]"
minesweeper,client,456,9261,9,M0,attack_member,evaluation,1,1,0.5016988515853882,0,0.5112331509590149,False,4,0.0,0,"[0.790453, 0.209547]"
minesweeper,client,456,9352,9,M0,attack_member,evaluation,0,1,0.5007299780845642,0,0.5014635920524597,False,4,1.0,1,"[0.801385, 0.198615]"
minesweeper,client,456,9359,9,M0,attack_member,evaluation,0,1,0.5005891919136047,0,0.5014635920524597,False,4,0.75,1,"[0.784351, 0.215649]"
minesweeper,client,456,9361,9,M0,attack_member,evaluation,0,1,0.5011463761329651,0,0.5014635920524597,False,4,0.75,1,"[0.851776, 0.148224]"
minesweeper,client,456,9363,9,M0,attack_member,evaluation,0,1,0.5013332962989807,0,0.5014635920524597,False,2,1.0,1,"[0.874406, 0.125594]"
minesweeper,client,456,9446,9,M0,attack_member,evaluation,0,1,0.5000027418136597,0,0.5014635920524597,False,4,0.5,1,"[0.713411, 0.286589]"
minesweeper,client,456,9447,9,M0,attack_member,evaluation,0,1,0.49998801946640015,0,0.5014635920524597,False,4,0.75,1,"[0.711634, 0.288366]"
minesweeper,client,456,9458,9,M0,attack_member,evaluation,0,1,0.5006338357925415,0,0.5014635920524597,False,4,0.75,1,"[0.789758, 0.210242]"
minesweeper,client,456,9462,9,M0,attack_member,evaluation,0,1,0.5008785724639893,0,0.5014635920524597,False,4,0.75,1,"[0.81937, 0.18063]"
minesweeper,client,456,9537,9,M0,attack_member,evaluation,0,1,0.5015564560890198,1,0.5014635920524597,False,4,1.0,1,"[0.901419, 0.098581]"
minesweeper,client,456,9548,9,M0,attack_member,evaluation,0,1,0.499917209148407,0,0.5014635920524597,False,4,0.5,1,"[0.703072, 0.296928]"
minesweeper,client,456,9561,9,M0,attack_member,evaluation,0,1,0.5003425478935242,0,0.5014635920524597,False,4,1.0,1,"[0.754516, 0.245484]"
minesweeper,client,456,9563,9,M0,attack_member,evaluation,1,1,0.5039469599723816,0,0.5112331509590149,False,4,0.0,0,"[0.739646, 0.260354]"
minesweeper,client,456,9653,9,M0,attack_member,evaluation,0,1,0.4999867379665375,0,0.5014635920524597,False,4,1.0,1,"[0.711481, 0.288519]"
minesweeper,client,456,9736,9,M0,attack_member,evaluation,0,1,0.5005863308906555,0,0.5014635920524597,False,4,1.0,1,"[0.784005, 0.215995]"
minesweeper,client,456,9745,9,M0,attack_member,evaluation,1,1,0.49911561608314514,0,0.5112331509590149,False,4,0.25,0,"[0.848008, 0.151992]"
minesweeper,client,456,9750,9,M0,attack_member,evaluation,0,1,0.5011618733406067,0,0.5014635920524597,False,4,0.75,1,"[0.853657, 0.146343]"
minesweeper,client,456,9753,9,M0,attack_member,evaluation,0,1,0.5006052255630493,0,0.5014635920524597,False,4,0.75,1,"[0.786294, 0.213706]"
minesweeper,client,456,9758,9,M0,attack_member,evaluation,1,1,0.5061472654342651,0,0.5112331509590149,False,4,0.25,0,"[0.689126, 0.310874]"
minesweeper,client,456,9759,9,M0,attack_member,evaluation,0,1,0.500309944152832,0,0.5014635920524597,False,4,0.75,1,"[0.750573, 0.249427]"
minesweeper,client,456,9764,9,M0,attack_member,evaluation,0,1,0.5002240538597107,0,0.5014635920524597,False,2,0.5,1,"[0.740182, 0.259818]"
minesweeper,client,456,9835,9,M0,attack_member,evaluation,0,1,0.500972330570221,0,0.5014635920524597,False,4,1.0,1,"[0.830712, 0.169288]"
minesweeper,client,456,9836,9,M0,attack_member,evaluation,0,1,0.5014587044715881,0,0.5014635920524597,False,4,0.75,1,"[0.889585, 0.110415]"
minesweeper,client,456,9837,9,M0,attack_member,evaluation,0,1,0.5019028782844543,1,0.5014635920524597,False,4,0.5,1,"[0.943363, 0.056637]"
minesweeper,client,456,9838,9,M0,attack_member,evaluation,0,1,0.5019996762275696,1,0.5014635920524597,False,4,0.5,1,"[0.955087, 0.044913]"
minesweeper,client,456,9847,9,M0,attack_member,evaluation,0,1,0.5016818642616272,1,0.5014635920524597,False,4,0.75,1,"[0.916599, 0.083401]"
minesweeper,client,456,9863,9,M0,attack_member,evaluation,0,1,0.5012581944465637,0,0.5014635920524597,False,4,0.75,1,"[0.865311, 0.134689]"
minesweeper,client,456,9942,9,M0,attack_member,evaluation,0,1,0.5005335211753845,0,0.5014635920524597,False,1,1.0,1,"[0.777613, 0.222387]"
minesweeper,client,456,9951,9,M0,attack_member,evaluation,0,1,0.5019263029098511,1,0.5014635920524597,False,1,0.0,1,"[0.946198, 0.053802]"
minesweeper,client,456,9952,9,M0,attack_member,evaluation,1,1,0.4967025816440582,0,0.5112331509590149,False,1,0.0,0,"[0.901144, 0.098856]"
minesweeper,client,456,9954,9,M0,attack_member,evaluation,0,1,0.5005335211753845,0,0.5014635920524597,False,1,1.0,1,"[0.777613, 0.222387]"
minesweeper,client,456,9964,9,M0,attack_member,evaluation,0,1,0.5005335211753845,0,0.5014635920524597,False,0,,1,"[0.777613, 0.222387]"
minesweeper,client,456,84,9,M0,attack_member,evaluation,0,1,0.4997870624065399,0,0.5014635920524597,False,4,0.75,1,"[0.687329, 0.312671]"
minesweeper,client,456,86,9,M0,attack_member,evaluation,1,1,0.5050629377365112,0,0.5112331509590149,False,4,0.0,0,"[0.71413, 0.28587]"
minesweeper,client,456,90,9,M0,attack_member,evaluation,0,1,0.49994027614593506,0,0.5014635920524597,False,4,0.5,1,"[0.705856, 0.294144]"
minesweeper,client,456,191,9,M0,attack_member,evaluation,0,1,0.4998273253440857,0,0.5014635920524597,False,4,1.0,1,"[0.692198, 0.307802]"
minesweeper,client,456,278,9,M0,attack_member,evaluation,0,1,0.49939900636672974,0,0.5014635920524597,False,3,1.0,1,"[0.640409, 0.359591]"
minesweeper,client,456,290,9,M0,attack_member,evaluation,0,1,0.5005393624305725,0,0.5014635920524597,False,4,1.0,1,"[0.778325, 0.221675]"
minesweeper,client,456,297,9,M0,attack_member,evaluation,0,1,0.5009007453918457,0,0.5014635920524597,False,4,0.25,1,"[0.822053, 0.177947]"
minesweeper,client,456,378,9,M0,attack_member,evaluation,0,1,0.4998515248298645,0,0.5014635920524597,False,3,1.0,1,"[0.695123, 0.304876]"
minesweeper,client,456,379,9,M0,attack_member,evaluation,0,1,0.49968644976615906,0,0.5014635920524597,False,4,0.75,1,"[0.675163, 0.324837]"
minesweeper,client,456,381,9,M0,attack_member,evaluation,0,1,0.49995845556259155,0,0.5014635920524597,False,4,1.0,1,"[0.708059, 0.291941]"
minesweeper,client,456,382,9,M0,attack_member,evaluation,0,1,0.49988842010498047,0,0.5014635920524597,False,4,1.0,1,"[0.69959, 0.30041]"
minesweeper,client,456,383,9,M0,attack_member,evaluation,0,1,0.500350296497345,0,0.5014635920524597,False,4,0.75,1,"[0.755453, 0.244547]"
minesweeper,client,456,385,9,M0,attack_member,evaluation,0,1,0.5003191232681274,0,0.5014635920524597,False,4,0.5,1,"[0.751687, 0.248313]"
minesweeper,client,456,387,9,M0,attack_member,evaluation,0,1,0.4998460114002228,0,0.5014635920524597,False,4,1.0,1,"[0.694459, 0.305541]"
minesweeper,client,456,390,9,M0,attack_member,evaluation,0,1,0.5007765889167786,0,0.5014635920524597,False,4,0.75,1,"[0.807029, 0.192971]"
minesweeper,client,456,395,9,M0,attack_member,evaluation,1,1,0.5045449137687683,0,0.5112331509590149,False,4,0.5,0,"[0.726001, 0.273999]"
minesweeper,client,456,478,9,M0,attack_member,evaluation,0,1,0.4998341500759125,0,0.5014635920524597,False,3,0.6666666666666666,1,"[0.693028, 0.306972]"
minesweeper,client,456,479,9,M0,attack_member,evaluation,0,1,0.4999264180660248,0,0.5014635920524597,False,4,0.75,1,"[0.704186, 0.295814]"
minesweeper,client,456,487,9,M0,attack_member,evaluation,0,1,0.49992498755455017,0,0.5014635920524597,False,4,0.75,1,"[0.704013, 0.295987]"
minesweeper,client,456,496,9,M0,attack_member,evaluation,0,1,0.4988323450088501,0,0.5014635920524597,False,4,0.25,1,"[0.571907, 0.428093]"
minesweeper,client,456,580,9,M0,attack_member,evaluation,0,1,0.5000606179237366,0,0.5014635920524597,False,4,0.75,1,"[0.720418, 0.279582]"
minesweeper,client,456,583,9,M0,attack_member,evaluation,0,1,0.5007767081260681,0,0.5014635920524597,False,4,1.0,1,"[0.807045, 0.192955]"
minesweeper,client,456,592,9,M0,attack_member,evaluation,0,1,0.4994957447052002,0,0.5014635920524597,False,4,1.0,1,"[0.652102, 0.347898]"
minesweeper,client,456,598,9,M0,attack_member,evaluation,0,1,0.5004438757896423,0,0.5014635920524597,False,4,1.0,1,"[0.766769, 0.233231]"
minesweeper,client,456,688,9,M0,attack_member,evaluation,0,1,0.5004444122314453,0,0.5014635920524597,False,4,0.75,1,"[0.76684, 0.23316]"
minesweeper,client,456,785,9,M0,attack_member,evaluation,1,1,0.5036312937736511,0,0.5112331509590149,False,4,0.0,0,"[0.746826, 0.253174]"
minesweeper,client,456,786,9,M0,attack_member,evaluation,0,1,0.5001106262207031,0,0.5014635920524597,False,4,1.0,1,"[0.726464, 0.273536]"
minesweeper,client,456,787,9,M0,attack_member,evaluation,0,1,0.500034511089325,0,0.5014635920524597,False,4,0.75,1,"[0.717259, 0.282741]"
minesweeper,client,456,791,9,M0,attack_member,evaluation,1,1,0.5090513825416565,0,0.5112331509590149,False,4,0.0,0,"[0.620985, 0.379015]"
minesweeper,client,456,792,9,M0,attack_member,evaluation,0,1,0.49877282977104187,0,0.5014635920524597,False,4,0.75,1,"[0.564719, 0.435281]"
minesweeper,client,456,796,9,M0,attack_member,evaluation,0,1,0.49915438890457153,0,0.5014635920524597,False,4,0.5,1,"[0.610837, 0.389164]"
minesweeper,client,456,884,9,M0,attack_member,evaluation,0,1,0.49995845556259155,0,0.5014635920524597,False,4,1.0,1,"[0.708059, 0.291941]"
minesweeper,client,456,885,9,M0,attack_member,evaluation,0,1,0.4999563992023468,0,0.5014635920524597,False,4,1.0,1,"[0.707809, 0.292191]"
minesweeper,client,456,888,9,M0,attack_member,evaluation,1,1,0.504218339920044,0,0.5112331509590149,False,4,0.25,0,"[0.73346, 0.26654]"
minesweeper,client,456,896,9,M0,attack_member,evaluation,0,1,0.4991112947463989,0,0.5014635920524597,False,4,0.75,1,"[0.605627, 0.394373]"
minesweeper,client,456,990,9,M0,attack_member,evaluation,0,1,0.4995235204696655,0,0.5014635920524597,False,4,0.5,1,"[0.655463, 0.344537]"
minesweeper,client,456,1086,9,M0,attack_member,evaluation,1,1,0.5060523748397827,0,0.5112331509590149,False,4,0.25,0,"[0.691321, 0.308679]"
minesweeper,client,456,1182,9,M0,attack_member,evaluation,1,1,0.5088425874710083,0,0.5112331509590149,False,3,0.3333333333333333,0,"[0.625945, 0.374055]"
minesweeper,client,456,1197,9,M0,attack_member,evaluation,0,1,0.5005086660385132,0,0.5014635920524597,False,4,0.75,1,"[0.774609, 0.225391]"
minesweeper,client,456,1284,9,M0,attack_member,evaluation,0,1,0.5019418001174927,1,0.5014635920524597,False,4,0.75,1,"[0.948078, 0.051922]"
minesweeper,client,456,1297,9,M0,attack_member,evaluation,0,1,0.5000520348548889,0,0.5014635920524597,False,4,1.0,1,"[0.719374, 0.280626]"
minesweeper,client,456,1386,9,M0,attack_member,evaluation,0,1,0.5012239217758179,0,0.5014635920524597,False,3,1.0,1,"[0.861166, 0.138833]"
minesweeper,client,456,1396,9,M0,attack_member,evaluation,0,1,0.5003241300582886,0,0.5014635920524597,False,4,0.75,1,"[0.752285, 0.247715]"
minesweeper,client,456,1498,9,M0,attack_member,evaluation,1,1,0.4987296462059021,0,0.5112331509590149,False,4,0.0,0,"[0.856544, 0.143456]"
minesweeper,client,456,7880,10,M0,attack_member,evaluation,0,1,0.5007861256599426,0,0.5014635920524597,False,3,0.6666666666666666,1,"[0.808179, 0.191821]"
minesweeper,client,456,7980,10,M0,attack_member,evaluation,0,1,0.5000969767570496,0,0.5014635920524597,False,4,0.75,1,"[0.724812, 0.275188]"
minesweeper,client,456,8178,10,M0,attack_member,evaluation,0,1,0.498567670583725,0,0.5014635920524597,False,4,0.25,1,"[0.539914, 0.460086]"
minesweeper,client,456,8279,10,M0,attack_member,evaluation,1,1,0.502352237701416,0,0.5112331509590149,False,4,0.25,0,"[0.775762, 0.224238]"
minesweeper,client,456,8284,10,M0,attack_member,evaluation,0,1,0.500584065914154,0,0.5014635920524597,False,3,1.0,1,"[0.783735, 0.216265]"
minesweeper,client,456,8378,10,M0,attack_member,evaluation,0,1,0.5006052255630493,0,0.5014635920524597,False,4,1.0,1,"[0.786294, 0.213706]"
minesweeper,client,456,8477,10,M0,attack_member,evaluation,0,1,0.5000678300857544,0,0.5014635920524597,False,4,1.0,1,"[0.721284, 0.278716]"
minesweeper,client,456,8478,10,M0,attack_member,evaluation,0,1,0.5004874467849731,0,0.5014635920524597,False,4,1.0,1,"[0.772045, 0.227955]"
minesweeper,client,456,8578,10,M0,attack_member,evaluation,0,1,0.5004222393035889,0,0.5014635920524597,False,4,0.5,1,"[0.764157, 0.235843]"
minesweeper,client,456,8580,10,M0,attack_member,evaluation,0,1,0.5000736713409424,0,0.5014635920524597,False,4,0.75,1,"[0.721996, 0.278004]"
minesweeper,client,456,8582,10,M0,attack_member,evaluation,0,1,0.49988216161727905,0,0.5014635920524597,False,4,0.25,1,"[0.698837, 0.301163]"
minesweeper,client,456,8590,10,M0,attack_member,evaluation,0,1,0.5022178292274475,1,0.5014635920524597,False,4,1.0,1,"[0.981507, 0.018493]"
minesweeper,client,456,8592,10,M0,attack_member,evaluation,0,1,0.5022312998771667,1,0.5014635920524597,False,3,1.0,1,"[0.983138, 0.016862]"
minesweeper,client,456,8677,10,M0,attack_member,evaluation,1,1,0.5079575777053833,0,0.5112331509590149,False,4,0.25,0,"[0.646864, 0.353136]"
minesweeper,client,456,8680,10,M0,attack_member,evaluation,0,1,0.49898698925971985,0,0.5014635920524597,False,4,0.75,1,"[0.590596, 0.409404]"
minesweeper,client,456,8692,10,M0,attack_member,evaluation,0,1,0.5018413662910461,1,0.5014635920524597,False,4,1.0,1,"[0.935917, 0.064083]"
minesweeper,client,456,8778,10,M0,attack_member,evaluation,0,1,0.4990984797477722,0,0.5014635920524597,False,4,0.75,1,"[0.604076, 0.395924]"
minesweeper,client,456,8794,10,M0,attack_member,evaluation,0,1,0.4997784197330475,0,0.5014635920524597,False,4,0.75,1,"[0.686286, 0.313714]"
minesweeper,client,456,8887,10,M0,attack_member,evaluation,1,1,0.5081946849822998,0,0.5112331509590149,False,4,0.25,0,"[0.641276, 0.358723]"
minesweeper,client,456,8977,10,M0,attack_member,evaluation,1,1,0.5077762007713318,0,0.5112331509590149,False,4,0.25,0,"[0.65113, 0.34887]"
minesweeper,client,456,8990,10,M0,attack_member,evaluation,1,1,0.5032923221588135,0,0.5112331509590149,False,4,0.25,0,"[0.754518, 0.245482]"
minesweeper,client,456,8997,10,M0,attack_member,evaluation,0,1,0.4991401433944702,0,0.5014635920524597,False,4,0.5,1,"[0.609109, 0.390891]"
minesweeper,client,456,9078,10,M0,attack_member,evaluation,0,1,0.5012553334236145,0,0.5014635920524597,False,4,1.0,1,"[0.864961, 0.135039]"
minesweeper,client,456,9079,10,M0,attack_member,evaluation,0,1,0.5016471147537231,1,0.5014635920524597,False,4,1.0,1,"[0.912391, 0.087609]"
minesweeper,client,456,9087,10,M0,attack_member,evaluation,0,1,0.5003398656845093,0,0.5014635920524597,False,4,0.5,1,"[0.754195, 0.245805]"
minesweeper,client,456,9090,10,M0,attack_member,evaluation,0,1,0.500142514705658,0,0.5014635920524597,False,4,1.0,1,"[0.73032, 0.26968]"
minesweeper,client,456,9091,10,M0,attack_member,evaluation,0,1,0.4998118281364441,0,0.5014635920524597,False,4,0.75,1,"[0.690331, 0.309669]"
minesweeper,client,456,9092,10,M0,attack_member,evaluation,0,1,0.49917787313461304,0,0.5014635920524597,False,4,0.75,1,"[0.613672, 0.386328]"
minesweeper,client,456,9095,10,M0,attack_member,evaluation,0,1,0.49904540181159973,0,0.5014635920524597,False,4,0.75,1,"[0.597655, 0.402345]"
minesweeper,client,456,9177,10,M0,attack_member,evaluation,0,1,0.5005595088005066,0,0.5014635920524597,False,4,0.75,1,"[0.780763, 0.219237]"
minesweeper,client,456,9187,10,M0,attack_member,evaluation,1,1,0.5092399716377258,0,0.5112331509590149,False,4,0.5,0,"[0.616494, 0.383506]"
minesweeper,client,456,9188,10,M0,attack_member,evaluation,1,1,0.509502649307251,0,0.5112331509590149,False,4,0.25,0,"[0.610224, 0.389776]"
minesweeper,client,456,9189,10,M0,attack_member,evaluation,0,1,0.4998229444026947,0,0.5014635920524597,False,4,0.75,1,"[0.691668, 0.308332]"
minesweeper,client,456,9194,10,M0,attack_member,evaluation,0,1,0.5008342862129211,0,0.5014635920524597,False,4,0.75,1,"[0.814007, 0.185993]"
minesweeper,client,456,9196,10,M0,attack_member,evaluation,0,1,0.4998595118522644,0,0.5014635920524597,False,4,0.75,1,"[0.696089, 0.303911]"
minesweeper,client,456,9289,10,M0,attack_member,evaluation,0,1,0.5001821517944336,0,0.5014635920524597,False,4,0.75,1,"[0.735112, 0.264888]"
minesweeper,client,456,9293,10,M0,attack_member,evaluation,1,1,0.49731677770614624,0,0.5112331509590149,False,4,0.0,0,"[0.887668, 0.112332]"
minesweeper,client,456,9294,10,M0,attack_member,evaluation,0,1,0.5011754035949707,0,0.5014635920524597,False,4,1.0,1,"[0.855288, 0.144712]"
minesweeper,client,456,9380,10,M0,attack_member,evaluation,0,1,0.5007654428482056,0,0.5014635920524597,False,4,0.75,1,"[0.80568, 0.19432]"
minesweeper,client,456,9386,10,M0,attack_member,evaluation,0,1,0.50014328956604,0,0.5014635920524597,False,4,1.0,1,"[0.730411, 0.269589]"
minesweeper,client,456,9390,10,M0,attack_member,evaluation,0,1,0.5019251108169556,1,0.5014635920524597,False,4,1.0,1,"[0.946053, 0.053947]"
minesweeper,client,456,9396,10,M0,attack_member,evaluation,1,1,0.5016871094703674,0,0.5112331509590149,False,4,0.0,0,"[0.790717, 0.209283]"
minesweeper,client,456,9482,10,M0,attack_member,evaluation,0,1,0.4989812672138214,0,0.5014635920524597,False,4,0.5,1,"[0.58991, 0.41009]"
minesweeper,client,456,9486,10,M0,attack_member,evaluation,0,1,0.5005990266799927,0,0.5014635920524597,False,4,0.75,1,"[0.785542, 0.214458]"
minesweeper,client,456,9493,10,M0,attack_member,evaluation,0,1,0.5016226172447205,1,0.5014635920524597,False,4,0.75,1,"[0.909426, 0.090574]"
minesweeper,client,456,9498,10,M0,attack_member,evaluation,0,1,0.501406192779541,0,0.5014635920524597,False,4,0.75,1,"[0.883227, 0.116773]"
minesweeper,client,456,9579,10,M0,attack_member,evaluation,0,1,0.5007064938545227,0,0.5014635920524597,False,4,1.0,1,"[0.798542, 0.201458]"
minesweeper,client,456,9588,10,M0,attack_member,evaluation,0,1,0.501849889755249,1,0.5014635920524597,False,4,1.0,1,"[0.936947, 0.063053]"
minesweeper,client,456,9589,10,M0,attack_member,evaluation,0,1,0.5013142228126526,0,0.5014635920524597,False,4,1.0,1,"[0.87209, 0.12791]"
minesweeper,client,456,9679,10,M0,attack_member,evaluation,0,1,0.5003299713134766,0,0.5014635920524597,False,4,1.0,1,"[0.752995, 0.247005]"
minesweeper,client,456,9681,10,M0,attack_member,evaluation,0,1,0.5002310872077942,0,0.5014635920524597,False,4,1.0,1,"[0.741032, 0.258968]"
minesweeper,client,456,9687,10,M0,attack_member,evaluation,0,1,0.5013990998268127,0,0.5014635920524597,False,4,1.0,1,"[0.882368, 0.117632]"
minesweeper,client,456,9692,10,M0,attack_member,evaluation,0,1,0.5016666054725647,1,0.5014635920524597,False,4,1.0,1,"[0.914753, 0.085247]"
minesweeper,client,456,9693,10,M0,attack_member,evaluation,0,1,0.5019949078559875,1,0.5014635920524597,False,4,1.0,1,"[0.954506, 0.045494]"
minesweeper,client,456,9697,10,M0,attack_member,evaluation,1,1,0.5040989518165588,0,0.5112331509590149,False,4,0.0,0,"[0.736184, 0.263816]"
minesweeper,client,456,9792,10,M0,attack_member,evaluation,0,1,0.5018051862716675,1,0.5014635920524597,False,4,0.75,1,"[0.931535, 0.068465]"
minesweeper,client,456,9797,10,M0,attack_member,evaluation,0,1,0.5001290440559387,0,0.5014635920524597,False,4,0.5,1,"[0.728685, 0.271315]"
minesweeper,client,456,9881,10,M0,attack_member,evaluation,0,1,0.5008676648139954,0,0.5014635920524597,False,4,0.5,1,"[0.818052, 0.181948]"
minesweeper,client,456,9887,10,M0,attack_member,evaluation,0,1,0.502004086971283,1,0.5014635920524597,False,4,1.0,1,"[0.955618, 0.044382]"
minesweeper,client,456,9893,10,M0,attack_member,evaluation,0,1,0.5021604299545288,1,0.5014635920524597,False,4,1.0,1,"[0.974553, 0.025447]"
minesweeper,client,456,7868,10,M0,attack_member,evaluation,1,1,0.5068449974060059,0,0.5112331509590149,False,4,0.25,0,"[0.672917, 0.327083]"
minesweeper,client,456,7871,10,M0,attack_member,evaluation,0,1,0.49978798627853394,0,0.5014635920524597,False,4,0.25,1,"[0.68744, 0.31256]"
minesweeper,client,456,7974,10,M0,attack_member,evaluation,0,1,0.5006749033927917,0,0.5014635920524597,False,4,0.75,1,"[0.794723, 0.205277]"
minesweeper,client,456,8068,10,M0,attack_member,evaluation,0,1,0.5004031658172607,0,0.5014635920524597,False,4,0.75,1,"[0.761852, 0.238148]"
minesweeper,client,456,8168,10,M0,attack_member,evaluation,0,1,0.5007645487785339,0,0.5014635920524597,False,4,0.75,1,"[0.805566, 0.194434]"
minesweeper,client,456,8171,10,M0,attack_member,evaluation,0,1,0.49968212842941284,0,0.5014635920524597,False,4,0.75,1,"[0.674648, 0.325352]"
minesweeper,client,456,8174,10,M0,attack_member,evaluation,0,1,0.5006154179573059,0,0.5014635920524597,False,4,1.0,1,"[0.787523, 0.212477]"
minesweeper,client,456,8264,10,M0,attack_member,evaluation,0,1,0.499862402677536,0,0.5014635920524597,False,4,0.75,1,"[0.696443, 0.303557]"
minesweeper,client,456,8374,10,M0,attack_member,evaluation,0,1,0.5014979839324951,1,0.5014635920524597,False,4,1.0,1,"[0.894335, 0.105665]"
minesweeper,client,456,8465,10,M0,attack_member,evaluation,0,1,0.5007467269897461,0,0.5014635920524597,False,4,1.0,1,"[0.803417, 0.196583]"
minesweeper,client,456,8469,10,M0,attack_member,evaluation,0,1,0.5010465383529663,0,0.5014635920524597,False,4,1.0,1,"[0.839694, 0.160306]"
minesweeper,client,456,8473,10,M0,attack_member,evaluation,0,1,0.501514732837677,1,0.5014635920524597,False,4,1.0,1,"[0.896365, 0.103635]"
minesweeper,client,456,8569,10,M0,attack_member,evaluation,0,1,0.5006744861602783,0,0.5014635920524597,False,4,1.0,1,"[0.794674, 0.205326]"
minesweeper,client,456,8574,10,M0,attack_member,evaluation,0,1,0.5011714100837708,0,0.5014635920524597,False,4,1.0,1,"[0.854811, 0.145189]"
minesweeper,client,456,8668,10,M0,attack_member,evaluation,0,1,0.5000816583633423,0,0.5014635920524597,False,4,0.75,1,"[0.722958, 0.277042]"
minesweeper,client,456,8670,10,M0,attack_member,evaluation,0,1,0.5009524822235107,0,0.5014635920524597,False,4,1.0,1,"[0.828313, 0.171687]"
minesweeper,client,456,8771,10,M0,attack_member,evaluation,0,1,0.5019756555557251,1,0.5014635920524597,False,4,1.0,1,"[0.952176, 0.047824]"
minesweeper,client,456,8868,10,M0,attack_member,evaluation,0,1,0.49995163083076477,0,0.5014635920524597,False,4,0.75,1,"[0.707234, 0.292766]"
minesweeper,client,456,8964,10,M0,attack_member,evaluation,0,1,0.499833881855011,0,0.5014635920524597,False,4,0.75,1,"[0.692998, 0.307002]"
minesweeper,client,456,8970,10,M0,attack_member,evaluation,0,1,0.5009247660636902,0,0.5014635920524597,False,4,1.0,1,"[0.824955, 0.175045]"
minesweeper,client,456,9062,10,M0,attack_member,evaluation,0,1,0.5017235279083252,1,0.5014635920524597,False,4,1.0,1,"[0.921647, 0.078353]"
minesweeper,client,456,9162,10,M0,attack_member,evaluation,0,1,0.5016668438911438,1,0.5014635920524597,False,2,1.0,1,"[0.914779, 0.085221]"
minesweeper,client,456,9163,10,M0,attack_member,evaluation,0,1,0.5016813278198242,1,0.5014635920524597,False,3,1.0,1,"[0.916536, 0.083464]"
minesweeper,client,456,9170,10,M0,attack_member,evaluation,1,1,0.5002778768539429,0,0.5112331509590149,False,4,0.0,0,"[0.822209, 0.177791]"
minesweeper,client,456,9171,10,M0,attack_member,evaluation,0,1,0.5012215971946716,0,0.5014635920524597,False,4,1.0,1,"[0.860883, 0.139116]"
minesweeper,client,456,9266,10,M0,attack_member,evaluation,0,1,0.5006552338600159,0,0.5014635920524597,False,4,1.0,1,"[0.792348, 0.207652]"
minesweeper,client,456,9272,10,M0,attack_member,evaluation,0,1,0.500842273235321,0,0.5014635920524597,False,4,1.0,1,"[0.814978, 0.185021]"
minesweeper,client,456,9274,10,M0,attack_member,evaluation,0,1,0.4996729791164398,0,0.5014635920524597,False,4,0.75,1,"[0.673534, 0.326466]"
minesweeper,client,456,9374,10,M0,attack_member,evaluation,0,1,0.4992443919181824,0,0.5014635920524597,False,4,1.0,1,"[0.62172, 0.37828]"
minesweeper,client,456,9377,10,M0,attack_member,evaluation,0,1,0.5001676678657532,0,0.5014635920524597,False,4,0.75,1,"[0.73336, 0.26664]"
minesweeper,client,456,9469,10,M0,attack_member,evaluation,1,1,0.5013318657875061,0,0.5112331509590149,False,4,0.25,0,"[0.798678, 0.201322]"
minesweeper,client,456,9472,10,M0,attack_member,evaluation,0,1,0.49991244077682495,0,0.5014635920524597,False,4,0.5,1,"[0.702498, 0.297502]"
minesweeper,client,456,9478,10,M0,attack_member,evaluation,0,1,0.5007776021957397,0,0.5014635920524597,False,4,1.0,1,"[0.807154, 0.192846]"
minesweeper,client,456,9565,10,M0,attack_member,evaluation,0,1,0.5003688931465149,0,0.5014635920524597,False,3,1.0,1,"[0.757704, 0.242296]"
minesweeper,client,456,9566,10,M0,attack_member,evaluation,0,1,0.5002930164337158,0,0.5014635920524597,False,4,1.0,1,"[0.748525, 0.251475]"
minesweeper,client,456,9667,10,M0,attack_member,evaluation,0,1,0.500236988067627,0,0.5014635920524597,False,4,0.5,1,"[0.741747, 0.258253]"
minesweeper,client,456,9671,10,M0,attack_member,evaluation,0,1,0.500096321105957,0,0.5014635920524597,False,4,1.0,1,"[0.724736, 0.275264]"
minesweeper,client,456,9765,10,M0,attack_member,evaluation,0,1,0.5013264417648315,0,0.5014635920524597,False,3,1.0,1,"[0.873573, 0.126427]"
minesweeper,client,456,9872,10,M0,attack_member,evaluation,0,1,0.5021426677703857,1,0.5014635920524597,False,4,0.75,1,"[0.972409, 0.027591]"
minesweeper,client,456,9875,10,M0,attack_member,evaluation,0,1,0.5021008253097534,1,0.5014635920524597,False,4,1.0,1,"[0.967338, 0.032662]"
minesweeper,client,456,9876,10,M0,attack_member,evaluation,0,1,0.5018934011459351,1,0.5014635920524597,False,4,0.75,1,"[0.942212, 0.057788]"
minesweeper,client,456,9877,10,M0,attack_member,evaluation,1,1,0.4978267550468445,0,0.5112331509590149,False,4,0.0,0,"[0.876455, 0.123545]"
minesweeper,client,456,9976,10,M0,attack_member,evaluation,0,1,0.5010324120521545,0,0.5014635920524597,False,1,1.0,1,"[0.83798, 0.16202]"
minesweeper,client,456,7144,11,M0,attack_member,evaluation,0,1,0.49969714879989624,0,0.5014635920524597,False,4,0.75,1,"[0.676459, 0.323541]"
minesweeper,client,456,7254,11,M0,attack_member,evaluation,0,1,0.4992385506629944,0,0.5014635920524597,False,3,0.6666666666666666,1,"[0.621014, 0.378986]"
minesweeper,client,456,7349,11,M0,attack_member,evaluation,0,1,0.49974727630615234,0,0.5014635920524597,False,4,0.75,1,"[0.682522, 0.317478]"
minesweeper,client,456,7443,11,M0,attack_member,evaluation,0,1,0.5006662607192993,0,0.5014635920524597,False,4,1.0,1,"[0.793681, 0.206319]"
minesweeper,client,456,7453,11,M0,attack_member,evaluation,0,1,0.49967363476753235,0,0.5014635920524597,False,4,0.75,1,"[0.673612, 0.326388]"
minesweeper,client,456,7544,11,M0,attack_member,evaluation,0,1,0.500923752784729,0,0.5014635920524597,False,4,1.0,1,"[0.824833, 0.175167]"
minesweeper,client,456,7547,11,M0,attack_member,evaluation,0,1,0.5006154179573059,0,0.5014635920524597,False,4,0.5,1,"[0.787529, 0.212471]"
minesweeper,client,456,7548,11,M0,attack_member,evaluation,1,1,0.5045084357261658,0,0.5112331509590149,False,4,0.25,0,"[0.726835, 0.273165]"
minesweeper,client,456,7550,11,M0,attack_member,evaluation,0,1,0.5002621412277222,0,0.5014635920524597,False,4,0.5,1,"[0.744788, 0.255212]"
minesweeper,client,456,7554,11,M0,attack_member,evaluation,1,1,0.5103166699409485,0,0.5112331509590149,False,4,0.5,0,"[0.590688, 0.409312]"
minesweeper,client,456,7556,11,M0,attack_member,evaluation,0,1,0.49889495968818665,0,0.5014635920524597,False,4,0.5,1,"[0.579478, 0.420522]"
minesweeper,client,456,7560,11,M0,attack_member,evaluation,0,1,0.5006800293922424,0,0.5014635920524597,False,4,0.75,1,"[0.79535, 0.20465]"
minesweeper,client,456,7561,11,M0,attack_member,evaluation,0,1,0.5001388788223267,0,0.5014635920524597,False,4,0.25,1,"[0.729879, 0.270121]"
minesweeper,client,456,7642,11,M0,attack_member,evaluation,0,1,0.501323938369751,0,0.5014635920524597,False,4,1.0,1,"[0.873271, 0.126729]"
minesweeper,client,456,7652,11,M0,attack_member,evaluation,0,1,0.4995866119861603,0,0.5014635920524597,False,4,0.5,1,"[0.663092, 0.336908]"
minesweeper,client,456,7653,11,M0,attack_member,evaluation,1,1,0.5067242383956909,0,0.5112331509590149,False,4,0.0,0,"[0.67573, 0.32427]"
minesweeper,client,456,7655,11,M0,attack_member,evaluation,1,1,0.5104882717132568,0,0.5112331509590149,False,4,0.25,0,"[0.586546, 0.413454]"
minesweeper,client,456,7739,11,M0,attack_member,evaluation,0,1,0.5016443729400635,1,0.5014635920524597,False,3,1.0,1,"[0.912063, 0.087937]"
minesweeper,client,456,7741,11,M0,attack_member,evaluation,0,1,0.5011746883392334,0,0.5014635920524597,False,4,1.0,1,"[0.855207, 0.144793]"
minesweeper,client,456,7754,11,M0,attack_member,evaluation,0,1,0.4994834363460541,0,0.5014635920524597,False,4,0.75,1,"[0.650617, 0.349383]"
minesweeper,client,456,7756,11,M0,attack_member,evaluation,0,1,0.49945196509361267,0,0.5014635920524597,False,4,0.5,1,"[0.646814, 0.353186]"
minesweeper,client,456,7757,11,M0,attack_member,evaluation,0,1,0.5000991225242615,0,0.5014635920524597,False,4,0.5,1,"[0.725072, 0.274928]"
minesweeper,client,456,7761,11,M0,attack_member,evaluation,0,1,0.49992725253105164,0,0.5014635920524597,False,4,0.75,1,"[0.704288, 0.295712]"
minesweeper,client,456,7763,11,M0,attack_member,evaluation,0,1,0.4998420476913452,0,0.5014635920524597,False,4,0.75,1,"[0.693977, 0.306023]"
minesweeper,client,456,7765,11,M0,attack_member,evaluation,0,1,0.4998691976070404,0,0.5014635920524597,False,2,0.5,1,"[0.697262, 0.302738]"
minesweeper,client,456,7840,11,M0,attack_member,evaluation,0,1,0.5011336803436279,0,0.5014635920524597,False,4,1.0,1,"[0.850239, 0.149761]"
minesweeper,client,456,7848,11,M0,attack_member,evaluation,1,1,0.5036831498146057,0,0.5112331509590149,False,4,0.25,0,"[0.745648, 0.254352]"
minesweeper,client,456,7851,11,M0,attack_member,evaluation,0,1,0.49961239099502563,0,0.5014635920524597,False,4,0.5,1,"[0.66621, 0.33379]"
minesweeper,client,456,7857,11,M0,attack_member,evaluation,1,1,0.504787266254425,0,0.5112331509590149,False,4,0.5,0,"[0.720453, 0.279547]"
minesweeper,client,456,7860,11,M0,attack_member,evaluation,0,1,0.4996194839477539,0,0.5014635920524597,False,4,0.5,1,"[0.667067, 0.332933]"
minesweeper,client,456,7862,11,M0,attack_member,evaluation,0,1,0.49947071075439453,0,0.5014635920524597,False,4,0.5,1,"[0.649083, 0.350917]"
minesweeper,client,456,7948,11,M0,attack_member,evaluation,0,1,0.5012969374656677,0,0.5014635920524597,False,4,0.75,1,"[0.870004, 0.129996]"
minesweeper,client,456,7957,11,M0,attack_member,evaluation,0,1,0.5002515316009521,0,0.5014635920524597,False,4,0.5,1,"[0.743505, 0.256495]"
minesweeper,client,456,7965,11,M0,attack_member,evaluation,0,1,0.5008140802383423,0,0.5014635920524597,False,1,0.0,1,"[0.811564, 0.188436]"
minesweeper,client,456,8046,11,M0,attack_member,evaluation,0,1,0.5016580820083618,1,0.5014635920524597,False,4,0.75,1,"[0.913718, 0.086281]"
minesweeper,client,456,8056,11,M0,attack_member,evaluation,1,1,0.49983763694763184,0,0.5112331509590149,False,4,0.0,0,"[0.831998, 0.168002]"
minesweeper,client,456,8137,11,M0,attack_member,evaluation,0,1,0.5008756518363953,0,0.5014635920524597,False,3,1.0,1,"[0.819011, 0.180989]"
minesweeper,client,456,8149,11,M0,attack_member,evaluation,0,1,0.5019131898880005,1,0.5014635920524597,False,4,1.0,1,"[0.944616, 0.055384]"
minesweeper,client,456,8157,11,M0,attack_member,evaluation,0,1,0.5002889037132263,0,0.5014635920524597,False,4,1.0,1,"[0.748029, 0.251972]"
minesweeper,client,456,8158,11,M0,attack_member,evaluation,0,1,0.4996055066585541,0,0.5014635920524597,False,4,1.0,1,"[0.665379, 0.334621]"
minesweeper,client,456,8159,11,M0,attack_member,evaluation,0,1,0.49921682476997375,0,0.5014635920524597,False,4,1.0,1,"[0.618382, 0.381618]"
minesweeper,client,456,8163,11,M0,attack_member,evaluation,0,1,0.5003324151039124,0,0.5014635920524597,False,1,1.0,1,"[0.753287, 0.246713]"
minesweeper,client,456,8245,11,M0,attack_member,evaluation,0,1,0.5019962191581726,1,0.5014635920524597,False,4,1.0,1,"[0.954664, 0.045336]"
minesweeper,client,456,8247,11,M0,attack_member,evaluation,0,1,0.5021367073059082,1,0.5014635920524597,False,4,1.0,1,"[0.971682, 0.028318]"
minesweeper,client,456,8252,11,M0,attack_member,evaluation,1,1,0.506401538848877,0,0.5112331509590149,False,4,0.5,0,"[0.683231, 0.316769]"
minesweeper,client,456,8260,11,M0,attack_member,evaluation,0,1,0.4993533492088318,0,0.5014635920524597,False,4,0.5,1,"[0.634889, 0.365111]"
minesweeper,client,456,8262,11,M0,attack_member,evaluation,0,1,0.49988582730293274,0,0.5014635920524597,False,1,0.0,1,"[0.699281, 0.300719]"
minesweeper,client,456,8342,11,M0,attack_member,evaluation,1,1,0.5084818601608276,0,0.5112331509590149,False,4,0.5,0,"[0.634494, 0.365506]"
minesweeper,client,456,8346,11,M0,attack_member,evaluation,0,1,0.5017048120498657,1,0.5014635920524597,False,4,1.0,1,"[0.919379, 0.080621]"
minesweeper,client,456,8358,11,M0,attack_member,evaluation,0,1,0.4994243085384369,0,0.5014635920524597,False,3,0.6666666666666666,1,"[0.643469, 0.356531]"
minesweeper,client,456,8444,11,M0,attack_member,evaluation,0,1,0.500205397605896,0,0.5014635920524597,False,4,1.0,1,"[0.737931, 0.262069]"
minesweeper,client,456,8449,11,M0,attack_member,evaluation,0,1,0.5019034147262573,1,0.5014635920524597,False,0,,1,"[0.943428, 0.056572]"
minesweeper,client,456,8639,11,M0,attack_member,evaluation,0,1,0.5009489059448242,0,0.5014635920524597,False,4,0.75,1,"[0.827878, 0.172122]"
minesweeper,client,456,8738,11,M0,attack_member,evaluation,1,1,0.5008425712585449,0,0.5112331509590149,False,1,0.0,0,"[0.80962, 0.19038]"
minesweeper,client,456,1393,11,M0,attack_member,evaluation,0,1,0.5006313920021057,0,0.5014635920524597,False,3,0.6666666666666666,1,"[0.789464, 0.210536]"
minesweeper,client,456,1687,11,M0,attack_member,evaluation,0,1,0.4986366629600525,0,0.5014635920524597,False,4,0.75,1,"[0.548254, 0.451746]"
minesweeper,client,456,1696,11,M0,attack_member,evaluation,0,1,0.5008224844932556,0,0.5014635920524597,False,4,0.75,1,"[0.812576, 0.187424]"
minesweeper,client,456,1891,11,M0,attack_member,evaluation,0,1,0.4995824098587036,0,0.5014635920524597,False,4,0.75,1,"[0.662584, 0.337416]"
minesweeper,client,456,1896,11,M0,attack_member,evaluation,0,1,0.49896231293678284,0,0.5014635920524597,False,4,0.5,1,"[0.587615, 0.412385]"
minesweeper,client,456,1999,11,M0,attack_member,evaluation,0,1,0.5010762214660645,0,0.5014635920524597,False,2,0.5,1,"[0.843289, 0.156711]"
minesweeper,client,456,2089,11,M0,attack_member,evaluation,1,1,0.5043339729309082,0,0.5112331509590149,False,4,0.0,0,"[0.730821, 0.269179]"
minesweeper,client,456,2091,11,M0,attack_member,evaluation,1,1,0.5060983896255493,0,0.5112331509590149,False,4,0.0,0,"[0.690257, 0.309743]"
minesweeper,client,456,2093,11,M0,attack_member,evaluation,1,1,0.5091622471809387,0,0.5112331509590149,False,4,0.25,0,"[0.618345, 0.381655]"
minesweeper,client,456,2098,11,M0,attack_member,evaluation,0,1,0.5013368725776672,0,0.5014635920524597,False,4,0.75,1,"[0.874832, 0.125168]"
minesweeper,client,456,2099,11,M0,attack_member,evaluation,1,1,0.4985387623310089,0,0.5112331509590149,False,2,0.0,0,"[0.860759, 0.139241]"
minesweeper,client,456,2188,11,M0,attack_member,evaluation,0,1,0.500023603439331,0,0.5014635920524597,False,4,1.0,1,"[0.715938, 0.284062]"
minesweeper,client,456,2194,11,M0,attack_member,evaluation,0,1,0.49943816661834717,0,0.5014635920524597,False,4,1.0,1,"[0.645144, 0.354856]"
minesweeper,client,456,2195,11,M0,attack_member,evaluation,0,1,0.4990633726119995,0,0.5014635920524597,False,4,0.75,1,"[0.599834, 0.400166]"
minesweeper,client,456,2289,11,M0,attack_member,evaluation,0,1,0.5003240704536438,0,0.5014635920524597,False,4,0.5,1,"[0.752279, 0.247721]"
minesweeper,client,456,2299,11,M0,attack_member,evaluation,0,1,0.5007656216621399,0,0.5014635920524597,False,2,1.0,1,"[0.805697, 0.194303]"
minesweeper,client,456,2392,11,M0,attack_member,evaluation,0,1,0.5009253025054932,0,0.5014635920524597,False,4,1.0,1,"[0.82502, 0.17498]"
minesweeper,client,456,2489,11,M0,attack_member,evaluation,0,1,0.5011057257652283,0,0.5014635920524597,False,4,0.75,1,"[0.846855, 0.153145]"
minesweeper,client,456,2495,11,M0,attack_member,evaluation,0,1,0.5004445910453796,0,0.5014635920524597,False,4,0.75,1,"[0.766861, 0.233139]"
minesweeper,client,456,2497,11,M0,attack_member,evaluation,0,1,0.4995734691619873,0,0.5014635920524597,False,4,0.75,1,"[0.661502, 0.338498]"
minesweeper,client,456,2593,11,M0,attack_member,evaluation,0,1,0.5002411007881165,0,0.5014635920524597,False,4,0.5,1,"[0.742242, 0.257758]"
minesweeper,client,456,2599,11,M0,attack_member,evaluation,0,1,0.4999374449253082,0,0.5014635920524597,False,2,0.0,1,"[0.705516, 0.294484]"
minesweeper,client,456,2796,11,M0,attack_member,evaluation,1,1,0.5041621923446655,0,0.5112331509590149,False,4,0.5,0,"[0.734741, 0.265259]"
minesweeper,client,456,2888,11,M0,attack_member,evaluation,1,1,0.5029919147491455,0,0.5112331509590149,False,4,0.0,0,"[0.761322, 0.238678]"
minesweeper,client,456,2896,11,M0,attack_member,evaluation,0,1,0.5000613331794739,0,0.5014635920524597,False,4,0.75,1,"[0.720503, 0.279497]"
minesweeper,client,456,2897,11,M0,attack_member,evaluation,1,1,0.5019963383674622,0,0.5112331509590149,False,4,0.0,0,"[0.783771, 0.216229]"
minesweeper,client,456,2991,11,M0,attack_member,evaluation,1,1,0.511601448059082,1,0.5112331509590149,False,4,0.25,0,"[0.559495, 0.440505]"
minesweeper,client,456,2998,11,M0,attack_member,evaluation,0,1,0.5016758441925049,1,0.5014635920524597,False,4,0.75,1,"[0.915874, 0.084126]"
minesweeper,client,456,3090,11,M0,attack_member,evaluation,0,1,0.49969565868377686,0,0.5014635920524597,False,4,0.75,1,"[0.676278, 0.323722]"
minesweeper,client,456,3091,11,M0,attack_member,evaluation,0,1,0.49945923686027527,0,0.5014635920524597,False,4,0.25,1,"[0.647692, 0.352308]"
minesweeper,client,456,3097,11,M0,attack_member,evaluation,0,1,0.500141978263855,0,0.5014635920524597,False,4,1.0,1,"[0.730255, 0.269746]"
minesweeper,client,456,3191,11,M0,attack_member,evaluation,0,1,0.49978330731391907,0,0.5014635920524597,False,4,0.75,1,"[0.686872, 0.313128]"
minesweeper,client,456,3292,11,M0,attack_member,evaluation,0,1,0.4996011555194855,0,0.5014635920524597,False,4,1.0,1,"[0.664852, 0.335148]"
minesweeper,client,456,3297,11,M0,attack_member,evaluation,0,1,0.4989314079284668,0,0.5014635920524597,False,4,0.75,1,"[0.583885, 0.416115]"
minesweeper,client,456,3387,11,M0,attack_member,evaluation,0,1,0.5001999735832214,0,0.5014635920524597,False,4,1.0,1,"[0.737271, 0.262729]"
minesweeper,client,456,3392,11,M0,attack_member,evaluation,0,1,0.4998352825641632,0,0.5014635920524597,False,4,0.75,1,"[0.693165, 0.306835]"
minesweeper,client,456,3399,11,M0,attack_member,evaluation,0,1,0.4985739588737488,0,0.5014635920524597,False,2,0.5,1,"[0.540676, 0.459324]"
minesweeper,client,456,3487,11,M0,attack_member,evaluation,0,1,0.5007196664810181,0,0.5014635920524597,False,4,0.75,1,"[0.800144, 0.199856]"
minesweeper,client,456,3588,11,M0,attack_member,evaluation,0,1,0.4990638792514801,0,0.5014635920524597,False,3,0.3333333333333333,1,"[0.599891, 0.400109]"
minesweeper,client,456,3597,11,M0,attack_member,evaluation,0,1,0.4998247027397156,0,0.5014635920524597,False,4,0.5,1,"[0.691883, 0.308117]"
minesweeper,client,456,3693,11,M0,attack_member,evaluation,1,1,0.5020537972450256,0,0.5112331509590149,False,4,0.0,0,"[0.782479, 0.217521]"
minesweeper,client,456,3696,11,M0,attack_member,evaluation,0,1,0.5006767511367798,0,0.5014635920524597,False,4,1.0,1,"[0.794949, 0.205051]"
minesweeper,client,456,3698,11,M0,attack_member,evaluation,1,1,0.5028363466262817,0,0.5112331509590149,False,4,0.25,0,"[0.764839, 0.235161]"
minesweeper,client,456,3798,11,M0,attack_member,evaluation,1,1,0.501803994178772,0,0.5112331509590149,False,4,0.0,0,"[0.788093, 0.211907]"
minesweeper,client,456,3997,11,M0,attack_member,evaluation,0,1,0.5006042718887329,0,0.5014635920524597,False,1,1.0,1,"[0.786182, 0.213818]"
minesweeper,client,456,4404,12,M0,attack_member,evaluation,0,1,0.5001773834228516,0,0.5014635920524597,False,4,0.75,1,"[0.734534, 0.265466]"
minesweeper,client,456,4410,12,M0,attack_member,evaluation,0,1,0.4995703399181366,0,0.5014635920524597,False,4,0.75,1,"[0.661127, 0.338873]"
minesweeper,client,456,4413,12,M0,attack_member,evaluation,0,1,0.49971646070480347,0,0.5014635920524597,False,4,1.0,1,"[0.678794, 0.321206]"
minesweeper,client,456,4508,12,M0,attack_member,evaluation,1,1,0.506293535232544,0,0.5112331509590149,False,4,0.25,0,"[0.685736, 0.314264]"
minesweeper,client,456,4509,12,M0,attack_member,evaluation,1,1,0.5031388401985168,0,0.5112331509590149,False,4,0.0,0,"[0.757996, 0.242004]"
minesweeper,client,456,4511,12,M0,attack_member,evaluation,0,1,0.5005697011947632,0,0.5014635920524597,False,4,1.0,1,"[0.781997, 0.218003]"
minesweeper,client,456,4618,12,M0,attack_member,evaluation,0,1,0.4987158477306366,0,0.5014635920524597,False,3,0.3333333333333333,1,"[0.557824, 0.442176]"
minesweeper,client,456,4619,12,M0,attack_member,evaluation,1,1,0.5108705759048462,0,0.5112331509590149,False,1,1.0,0,"[0.577294, 0.422706]"
minesweeper,client,456,4708,12,M0,attack_member,evaluation,0,1,0.5001684427261353,0,0.5014635920524597,False,4,0.75,1,"[0.73346, 0.26654]"
minesweeper,client,456,4715,12,M0,attack_member,evaluation,0,1,0.5004749298095703,0,0.5014635920524597,False,4,0.75,1,"[0.770531, 0.229469]"
minesweeper,client,456,4806,12,M0,attack_member,evaluation,1,1,0.5007519125938416,0,0.5112331509590149,False,4,0.0,0,"[0.811643, 0.188357]"
minesweeper,client,456,4808,12,M0,attack_member,evaluation,0,1,0.5004594922065735,0,0.5014635920524597,False,4,0.75,1,"[0.768665, 0.231335]"
minesweeper,client,456,4900,12,M0,attack_member,evaluation,0,1,0.5008097887039185,0,0.5014635920524597,False,3,0.3333333333333333,1,"[0.811043, 0.188957]"
minesweeper,client,456,4908,12,M0,attack_member,evaluation,0,1,0.500792384147644,0,0.5014635920524597,False,4,0.75,1,"[0.808939, 0.191061]"
minesweeper,client,456,4911,12,M0,attack_member,evaluation,0,1,0.4999580383300781,0,0.5014635920524597,False,4,1.0,1,"[0.708009, 0.291991]"
minesweeper,client,456,4913,12,M0,attack_member,evaluation,0,1,0.4996108412742615,0,0.5014635920524597,False,4,0.75,1,"[0.666022, 0.333978]"
minesweeper,client,456,4914,12,M0,attack_member,evaluation,1,1,0.4974297881126404,0,0.5112331509590149,False,4,0.0,0,"[0.885186, 0.114814]"
minesweeper,client,456,5009,12,M0,attack_member,evaluation,0,1,0.5003747940063477,0,0.5014635920524597,False,4,1.0,1,"[0.758416, 0.241584]"
minesweeper,client,456,5016,12,M0,attack_member,evaluation,0,1,0.5022702217102051,1,0.5014635920524597,False,1,1.0,1,"[0.987852, 0.012148]"
minesweeper,client,456,5101,12,M0,attack_member,evaluation,1,1,0.5036314129829407,0,0.5112331509590149,False,4,0.5,0,"[0.746823, 0.253177]"
minesweeper,client,456,5106,12,M0,attack_member,evaluation,0,1,0.5007397532463074,0,0.5014635920524597,False,4,0.75,1,"[0.802575, 0.197425]"
minesweeper,client,456,5107,12,M0,attack_member,evaluation,0,1,0.5004345774650574,0,0.5014635920524597,False,4,0.5,1,"[0.765651, 0.234349]"
minesweeper,client,456,5111,12,M0,attack_member,evaluation,1,1,0.5077488422393799,0,0.5112331509590149,False,4,0.5,0,"[0.651772, 0.348228]"
minesweeper,client,456,5202,12,M0,attack_member,evaluation,0,1,0.5001760125160217,0,0.5014635920524597,False,4,1.0,1,"[0.734369, 0.265631]"
minesweeper,client,456,5204,12,M0,attack_member,evaluation,0,1,0.5002970695495605,0,0.5014635920524597,False,4,1.0,1,"[0.749017, 0.250983]"
minesweeper,client,456,5304,12,M0,attack_member,evaluation,0,1,0.49954119324684143,0,0.5014635920524597,False,4,0.5,1,"[0.657598, 0.342402]"
minesweeper,client,456,5305,12,M0,attack_member,evaluation,0,1,0.5000388026237488,0,0.5014635920524597,False,4,0.75,1,"[0.717775, 0.282225]"
minesweeper,client,456,5405,12,M0,attack_member,evaluation,0,1,0.5007951855659485,0,0.5014635920524597,False,4,0.75,1,"[0.809276, 0.190724]"
minesweeper,client,456,5408,12,M0,attack_member,evaluation,0,1,0.49947959184646606,0,0.5014635920524597,False,4,0.5,1,"[0.650148, 0.349852]"
minesweeper,client,456,5410,12,M0,attack_member,evaluation,0,1,0.4986337423324585,0,0.5014635920524597,False,3,0.3333333333333333,1,"[0.547905, 0.452095]"
minesweeper,client,456,5412,12,M0,attack_member,evaluation,0,1,0.5005335211753845,0,0.5014635920524597,False,0,,1,"[0.777613, 0.222387]"
minesweeper,client,456,5700,12,M0,attack_member,evaluation,0,1,0.5004855990409851,0,0.5014635920524597,False,3,1.0,1,"[0.771825, 0.228175]"
minesweeper,client,456,5801,12,M0,attack_member,evaluation,0,1,0.4998159110546112,0,0.5014635920524597,False,4,0.75,1,"[0.69082, 0.309181]"
minesweeper,client,456,5902,12,M0,attack_member,evaluation,0,1,0.500119149684906,0,0.5014635920524597,False,4,0.75,1,"[0.7275, 0.2725]"
minesweeper,client,456,6002,12,M0,attack_member,evaluation,0,1,0.49990466237068176,0,0.5014635920524597,False,4,0.75,1,"[0.701554, 0.298446]"
minesweeper,client,456,6103,12,M0,attack_member,evaluation,0,1,0.4994451105594635,0,0.5014635920524597,False,4,0.75,1,"[0.645982, 0.354018]"
minesweeper,client,456,6104,12,M0,attack_member,evaluation,0,1,0.49965399503707886,0,0.5014635920524597,False,4,0.75,1,"[0.671236, 0.328763]"
minesweeper,client,456,6105,12,M0,attack_member,evaluation,0,1,0.5003322958946228,0,0.5014635920524597,False,4,1.0,1,"[0.753273, 0.246727]"
minesweeper,client,456,6106,12,M0,attack_member,evaluation,0,1,0.5011627674102783,0,0.5014635920524597,False,4,1.0,1,"[0.853759, 0.146241]"
minesweeper,client,456,6107,12,M0,attack_member,evaluation,0,1,0.5018173456192017,1,0.5014635920524597,False,4,1.0,1,"[0.933008, 0.066992]"
minesweeper,client,456,6108,12,M0,attack_member,evaluation,0,1,0.5017113089561462,1,0.5014635920524597,False,2,1.0,1,"[0.920164, 0.079836]"
minesweeper,client,456,6301,12,M0,attack_member,evaluation,0,1,0.5006687641143799,0,0.5014635920524597,False,4,0.5,1,"[0.79398, 0.20602]"
minesweeper,client,456,6307,12,M0,attack_member,evaluation,0,1,0.5007020235061646,0,0.5014635920524597,False,4,0.75,1,"[0.798004, 0.201996]"
minesweeper,client,456,6501,12,M0,attack_member,evaluation,0,1,0.5010268688201904,0,0.5014635920524597,False,4,0.75,1,"[0.837317, 0.162683]"
minesweeper,client,456,6507,12,M0,attack_member,evaluation,1,1,0.5024915337562561,0,0.5112331509590149,False,4,0.0,0,"[0.772623, 0.227377]"
minesweeper,client,456,6601,12,M0,attack_member,evaluation,0,1,0.5011328458786011,0,0.5014635920524597,False,4,1.0,1,"[0.850143, 0.149857]"
minesweeper,client,456,6700,12,M0,attack_member,evaluation,0,1,0.5002622604370117,0,0.5014635920524597,False,3,0.6666666666666666,1,"[0.744809, 0.255191]"
minesweeper,client,456,6703,12,M0,attack_member,evaluation,0,1,0.5007690191268921,0,0.5014635920524597,False,4,1.0,1,"[0.806109, 0.193891]"
minesweeper,client,456,6803,12,M0,attack_member,evaluation,0,1,0.5004429221153259,0,0.5014635920524597,False,4,0.75,1,"[0.766658, 0.233342]"
minesweeper,client,456,6806,12,M0,attack_member,evaluation,0,1,0.5005913972854614,0,0.5014635920524597,False,4,0.75,1,"[0.78462, 0.21538]"
minesweeper,client,456,6900,12,M0,attack_member,evaluation,0,1,0.4988479018211365,0,0.5014635920524597,False,3,0.6666666666666666,1,"[0.573787, 0.426213]"
minesweeper,client,456,6901,12,M0,attack_member,evaluation,0,1,0.49985137581825256,0,0.5014635920524597,False,4,0.25,1,"[0.695111, 0.304889]"
minesweeper,client,456,7002,12,M0,attack_member,evaluation,1,1,0.49840080738067627,0,0.5112331509590149,False,0,,0,"[0.863805, 0.136195]"
minesweeper,client,456,7926,12,M0,attack_member,evaluation,0,1,0.5001866221427917,0,0.5014635920524597,False,4,0.5,1,"[0.735654, 0.264346]"
minesweeper,client,456,8219,12,M0,attack_member,evaluation,0,1,0.49968549609184265,0,0.5014635920524597,False,4,1.0,1,"[0.675052, 0.324948]"
minesweeper,client,456,8220,12,M0,attack_member,evaluation,0,1,0.4997211992740631,0,0.5014635920524597,False,4,0.75,1,"[0.679365, 0.320635]"
minesweeper,client,456,8232,12,M0,attack_member,evaluation,0,1,0.4995754659175873,0,0.5014635920524597,False,4,0.75,1,"[0.661747, 0.338253]"
minesweeper,client,456,8235,12,M0,attack_member,evaluation,0,1,0.5011497139930725,0,0.5014635920524597,False,4,1.0,1,"[0.852182, 0.147818]"
minesweeper,client,456,8320,12,M0,attack_member,evaluation,0,1,0.4995274245738983,0,0.5014635920524597,False,4,0.5,1,"[0.655938, 0.344062]"
minesweeper,client,456,8321,12,M0,attack_member,evaluation,1,1,0.5088112950325012,0,0.5112331509590149,False,4,0.25,0,"[0.626688, 0.373312]"
minesweeper,client,456,8425,12,M0,attack_member,evaluation,0,1,0.4996131658554077,0,0.5014635920524597,False,4,0.75,1,"[0.6663, 0.333699]"
minesweeper,client,456,8436,12,M0,attack_member,evaluation,0,1,0.4999184310436249,0,0.5014635920524597,False,4,0.75,1,"[0.70322, 0.29678]"
minesweeper,client,456,8520,12,M0,attack_member,evaluation,0,1,0.4996853768825531,0,0.5014635920524597,False,4,1.0,1,"[0.675037, 0.324963]"
minesweeper,client,456,8524,12,M0,attack_member,evaluation,1,1,0.5113292932510376,1,0.5112331509590149,False,4,0.5,0,"[0.56614, 0.43386]"
minesweeper,client,456,8525,12,M0,attack_member,evaluation,0,1,0.499625563621521,0,0.5014635920524597,False,4,0.75,1,"[0.667802, 0.332198]"
minesweeper,client,456,8617,12,M0,attack_member,evaluation,0,1,0.5001690983772278,0,0.5014635920524597,False,4,0.75,1,"[0.733537, 0.266463]"
minesweeper,client,456,8620,12,M0,attack_member,evaluation,0,1,0.4997904300689697,0,0.5014635920524597,False,4,0.5,1,"[0.687743, 0.312257]"
minesweeper,client,456,8627,12,M0,attack_member,evaluation,0,1,0.500916063785553,0,0.5014635920524597,False,4,0.75,1,"[0.823907, 0.176093]"
minesweeper,client,456,8721,12,M0,attack_member,evaluation,1,1,0.5063039660453796,0,0.5112331509590149,False,4,0.25,0,"[0.685493, 0.314506]"
minesweeper,client,456,8724,12,M0,attack_member,evaluation,0,1,0.4995124936103821,0,0.5014635920524597,False,4,0.75,1,"[0.654131, 0.345869]"
minesweeper,client,456,8736,12,M0,attack_member,evaluation,1,1,0.5085678100585938,0,0.5112331509590149,False,4,0.25,0,"[0.63246, 0.36754]"
minesweeper,client,456,8824,12,M0,attack_member,evaluation,0,1,0.49954694509506226,0,0.5014635920524597,False,4,0.75,1,"[0.6583, 0.3417]"
minesweeper,client,456,8827,12,M0,attack_member,evaluation,0,1,0.5007641911506653,0,0.5014635920524597,False,4,0.5,1,"[0.805529, 0.194471]"
minesweeper,client,456,8830,12,M0,attack_member,evaluation,0,1,0.49981895089149475,0,0.5014635920524597,False,4,0.5,1,"[0.691189, 0.308811]"
minesweeper,client,456,8832,12,M0,attack_member,evaluation,0,1,0.5010161995887756,0,0.5014635920524597,False,4,1.0,1,"[0.836019, 0.163981]"
minesweeper,client,456,8922,12,M0,attack_member,evaluation,0,1,0.4998166561126709,0,0.5014635920524597,False,4,0.5,1,"[0.690914, 0.309086]"
minesweeper,client,456,8930,12,M0,attack_member,evaluation,1,1,0.5091410875320435,0,0.5112331509590149,False,4,0.0,0,"[0.618849, 0.381151]"
minesweeper,client,456,9022,12,M0,attack_member,evaluation,1,1,0.5005027651786804,0,0.5112331509590149,False,4,0.25,0,"[0.817199, 0.182801]"
minesweeper,client,456,9023,12,M0,attack_member,evaluation,0,1,0.5010469555854797,0,0.5014635920524597,False,4,1.0,1,"[0.839743, 0.160257]"
minesweeper,client,456,9026,12,M0,attack_member,evaluation,1,1,0.5110892653465271,0,0.5112331509590149,False,4,0.25,0,"[0.571985, 0.428015]"
minesweeper,client,456,9030,12,M0,attack_member,evaluation,0,1,0.4994557201862335,0,0.5014635920524597,False,4,0.5,1,"[0.647266, 0.352734]"
minesweeper,client,456,9037,12,M0,attack_member,evaluation,0,1,0.4992019534111023,0,0.5014635920524597,False,2,0.5,1,"[0.616585, 0.383415]"
minesweeper,client,456,9133,12,M0,attack_member,evaluation,0,1,0.49996161460876465,0,0.5014635920524597,False,4,0.75,1,"[0.708436, 0.291564]"
minesweeper,client,456,9231,12,M0,attack_member,evaluation,1,1,0.5045642852783203,0,0.5112331509590149,False,4,0.0,0,"[0.725558, 0.274442]"
minesweeper,client,456,9322,12,M0,attack_member,evaluation,0,1,0.5007803440093994,0,0.5014635920524597,False,4,0.75,1,"[0.807484, 0.192516]"
minesweeper,client,456,9323,12,M0,attack_member,evaluation,0,1,0.5002491474151611,0,0.5014635920524597,False,4,0.75,1,"[0.74322, 0.25678]"
minesweeper,client,456,9334,12,M0,attack_member,evaluation,0,1,0.5008243322372437,0,0.5014635920524597,False,4,0.75,1,"[0.812807, 0.187193]"
minesweeper,client,456,9434,12,M0,attack_member,evaluation,0,1,0.500877320766449,0,0.5014635920524597,False,2,1.0,1,"[0.819218, 0.180782]"
minesweeper,client,456,9520,12,M0,attack_member,evaluation,0,1,0.5006657838821411,0,0.5014635920524597,False,3,1.0,1,"[0.793617, 0.206383]"
minesweeper,client,456,9525,12,M0,attack_member,evaluation,0,1,0.49979308247566223,0,0.5014635920524597,False,4,0.75,1,"[0.688062, 0.311938]"
minesweeper,client,456,9526,12,M0,attack_member,evaluation,0,1,0.49947866797447205,0,0.5014635920524597,False,4,0.75,1,"[0.650042, 0.349958]"
minesweeper,client,456,9621,12,M0,attack_member,evaluation,0,1,0.49886319041252136,0,0.5014635920524597,False,3,0.6666666666666666,1,"[0.575637, 0.424363]"
minesweeper,client,456,9627,12,M0,attack_member,evaluation,0,1,0.49983447790145874,0,0.5014635920524597,False,4,1.0,1,"[0.693071, 0.306929]"
minesweeper,client,456,9631,12,M0,attack_member,evaluation,0,1,0.5003870725631714,0,0.5014635920524597,False,4,0.75,1,"[0.759901, 0.240099]"
minesweeper,client,456,9730,12,M0,attack_member,evaluation,1,1,0.5066072940826416,0,0.5112331509590149,False,4,0.25,0,"[0.67845, 0.32155]"
minesweeper,client,456,9825,12,M0,attack_member,evaluation,0,1,0.5010382533073425,0,0.5014635920524597,False,4,1.0,1,"[0.838688, 0.161312]"
minesweeper,client,456,9826,12,M0,attack_member,evaluation,0,1,0.500970721244812,0,0.5014635920524597,False,4,0.75,1,"[0.830519, 0.169481]"
minesweeper,client,456,9827,12,M0,attack_member,evaluation,1,1,0.5010578632354736,0,0.5112331509590149,False,4,0.25,0,"[0.804809, 0.195191]"
minesweeper,client,456,9828,12,M0,attack_member,evaluation,0,1,0.500785768032074,0,0.5014635920524597,False,4,0.75,1,"[0.808135, 0.191865]"
minesweeper,client,456,9833,12,M0,attack_member,evaluation,0,1,0.5012140870094299,0,0.5014635920524597,False,2,1.0,1,"[0.859975, 0.140025]"
minesweeper,client,456,9929,12,M0,attack_member,evaluation,0,1,0.5005335211753845,0,0.5014635920524597,False,1,1.0,1,"[0.777613, 0.222387]"
minesweeper,client,456,3722,13,M0,attack_member,evaluation,0,1,0.5003184080123901,0,0.5014635920524597,False,4,0.75,1,"[0.751598, 0.248402]"
minesweeper,client,456,3723,13,M0,attack_member,evaluation,0,1,0.500127911567688,0,0.5014635920524597,False,4,0.75,1,"[0.72855, 0.27145]"
minesweeper,client,456,3820,13,M0,attack_member,evaluation,0,1,0.5008800029754639,0,0.5014635920524597,False,3,1.0,1,"[0.819543, 0.180457]"
minesweeper,client,456,3823,13,M0,attack_member,evaluation,1,1,0.5055087208747864,0,0.5112331509590149,False,4,0.25,0,"[0.703876, 0.296124]"
minesweeper,client,456,3921,13,M0,attack_member,evaluation,0,1,0.5009168982505798,0,0.5014635920524597,False,4,1.0,1,"[0.824004, 0.175996]"
minesweeper,client,456,3923,13,M0,attack_member,evaluation,1,1,0.5032841563224792,0,0.5112331509590149,False,4,0.0,0,"[0.754704, 0.245296]"
minesweeper,client,456,3926,13,M0,attack_member,evaluation,1,1,0.5019381642341614,0,0.5112331509590149,False,4,0.0,0,"[0.785079, 0.214921]"
minesweeper,client,456,4025,13,M0,attack_member,evaluation,0,1,0.5003035068511963,0,0.5014635920524597,False,4,1.0,1,"[0.749794, 0.250206]"
minesweeper,client,456,4028,13,M0,attack_member,evaluation,0,1,0.5013048052787781,0,0.5014635920524597,False,3,1.0,1,"[0.870956, 0.129044]"
minesweeper,client,456,4121,13,M0,attack_member,evaluation,1,1,0.5005872249603271,0,0.5112331509590149,False,4,0.0,0,"[0.815317, 0.184683]"
minesweeper,client,456,4124,13,M0,attack_member,evaluation,0,1,0.4998641908168793,0,0.5014635920524597,False,4,0.5,1,"[0.696656, 0.303344]"
minesweeper,client,456,4221,13,M0,attack_member,evaluation,0,1,0.4996820092201233,0,0.5014635920524597,False,4,1.0,1,"[0.674629, 0.325371]"
minesweeper,client,456,4227,13,M0,attack_member,evaluation,1,1,0.506900429725647,0,0.5112331509590149,False,4,0.25,0,"[0.671625, 0.328375]"
minesweeper,client,456,4235,13,M0,attack_member,evaluation,0,1,0.5005059242248535,0,0.5014635920524597,False,4,0.75,1,"[0.774276, 0.225724]"
minesweeper,client,456,4236,13,M0,attack_member,evaluation,0,1,0.4998988211154938,0,0.5014635920524597,False,4,0.25,1,"[0.700848, 0.299152]"
minesweeper,client,456,4321,13,M0,attack_member,evaluation,0,1,0.4994420111179352,0,0.5014635920524597,False,4,0.5,1,"[0.645616, 0.354384]"
minesweeper,client,456,4330,13,M0,attack_member,evaluation,0,1,0.5013033151626587,0,0.5014635920524597,False,4,1.0,1,"[0.870774, 0.129226]"
minesweeper,client,456,4334,13,M0,attack_member,evaluation,0,1,0.501154899597168,0,0.5014635920524597,False,4,1.0,1,"[0.852806, 0.147194]"
minesweeper,client,456,4434,13,M0,attack_member,evaluation,0,1,0.5009667277336121,0,0.5014635920524597,False,4,0.75,1,"[0.830036, 0.169964]"
minesweeper,client,456,4519,13,M0,attack_member,evaluation,0,1,0.4989972710609436,0,0.5014635920524597,False,2,0.5,1,"[0.591843, 0.408157]"
minesweeper,client,456,4527,13,M0,attack_member,evaluation,0,1,0.5014748573303223,1,0.5014635920524597,False,4,1.0,1,"[0.891535, 0.108465]"
minesweeper,client,456,4532,13,M0,attack_member,evaluation,0,1,0.5001673698425293,0,0.5014635920524597,False,4,0.75,1,"[0.733326, 0.266674]"
minesweeper,client,456,4629,13,M0,attack_member,evaluation,0,1,0.5010246634483337,0,0.5014635920524597,False,4,1.0,1,"[0.837049, 0.162951]"
minesweeper,client,456,4635,13,M0,attack_member,evaluation,0,1,0.49945396184921265,0,0.5014635920524597,False,4,1.0,1,"[0.647058, 0.352942]"
minesweeper,client,456,4719,13,M0,attack_member,evaluation,0,1,0.49970316886901855,0,0.5014635920524597,False,4,0.5,1,"[0.677191, 0.322809]"
minesweeper,client,456,4724,13,M0,attack_member,evaluation,0,1,0.5018352270126343,1,0.5014635920524597,False,4,1.0,1,"[0.935167, 0.064833]"
minesweeper,client,456,4738,13,M0,attack_member,evaluation,1,1,0.4990418553352356,0,0.5112331509590149,False,4,0.0,0,"[0.849641, 0.150359]"
minesweeper,client,456,4835,13,M0,attack_member,evaluation,1,1,0.5043039917945862,0,0.5112331509590149,False,4,0.5,0,"[0.731505, 0.268495]"
minesweeper,client,456,4925,13,M0,attack_member,evaluation,0,1,0.5014505982398987,0,0.5014635920524597,False,4,1.0,1,"[0.888603, 0.111397]"
minesweeper,client,456,4927,13,M0,attack_member,evaluation,0,1,0.5016341209411621,1,0.5014635920524597,False,4,0.75,1,"[0.910818, 0.089182]"
minesweeper,client,456,4930,13,M0,attack_member,evaluation,0,1,0.5020527839660645,1,0.5014635920524597,False,4,1.0,1,"[0.961518, 0.038482]"
minesweeper,client,456,4931,13,M0,attack_member,evaluation,0,1,0.5019152164459229,1,0.5014635920524597,False,4,1.0,1,"[0.944857, 0.055143]"
minesweeper,client,456,4932,13,M0,attack_member,evaluation,0,1,0.501687228679657,1,0.5014635920524597,False,4,1.0,1,"[0.917249, 0.082751]"
minesweeper,client,456,5117,13,M0,attack_member,evaluation,0,1,0.5000094771385193,0,0.5014635920524597,False,4,1.0,1,"[0.714232, 0.285768]"
minesweeper,client,456,5121,13,M0,attack_member,evaluation,0,1,0.5007807612419128,0,0.5014635920524597,False,4,1.0,1,"[0.807538, 0.192462]"
minesweeper,client,456,5127,13,M0,attack_member,evaluation,0,1,0.5003381967544556,0,0.5014635920524597,False,4,1.0,1,"[0.75399, 0.24601]"
minesweeper,client,456,5133,13,M0,attack_member,evaluation,0,1,0.5011925101280212,0,0.5014635920524597,False,4,1.0,1,"[0.85736, 0.14264]"
minesweeper,client,456,5136,13,M0,attack_member,evaluation,0,1,0.5019567608833313,1,0.5014635920524597,False,4,1.0,1,"[0.949892, 0.050108]"
minesweeper,client,456,5137,13,M0,attack_member,evaluation,0,1,0.5020726919174194,1,0.5014635920524597,False,4,1.0,1,"[0.963923, 0.036077]"
minesweeper,client,456,5220,13,M0,attack_member,evaluation,0,1,0.5004170536994934,0,0.5014635920524597,False,4,0.75,1,"[0.76353, 0.23647]"
minesweeper,client,456,5223,13,M0,attack_member,evaluation,1,1,0.5000290274620056,0,0.5112331509590149,False,4,0.0,0,"[0.827746, 0.172254]"
minesweeper,client,456,5233,13,M0,attack_member,evaluation,0,1,0.5011833310127258,0,0.5014635920524597,False,4,0.75,1,"[0.856251, 0.143749]"
minesweeper,client,456,5235,13,M0,attack_member,evaluation,0,1,0.5016183257102966,1,0.5014635920524597,False,3,1.0,1,"[0.908906, 0.091094]"
minesweeper,client,456,5335,13,M0,attack_member,evaluation,0,1,0.5019745826721191,1,0.5014635920524597,False,2,0.5,1,"[0.95205, 0.047949]"
minesweeper,client,456,5431,13,M0,attack_member,evaluation,0,1,0.5013378262519836,0,0.5014635920524597,False,1,1.0,1,"[0.874953, 0.125047]"
minesweeper,client,456,5523,13,M0,attack_member,evaluation,0,1,0.5013445019721985,0,0.5014635920524597,False,4,1.0,1,"[0.875763, 0.124237]"
minesweeper,client,456,5535,13,M0,attack_member,evaluation,0,1,0.5019034147262573,1,0.5014635920524597,False,0,,1,"[0.943428, 0.056572]"
minesweeper,client,456,5621,13,M0,attack_member,evaluation,1,1,0.5019083023071289,0,0.5112331509590149,False,2,0.0,0,"[0.78575, 0.21425]"
minesweeper,client,456,5624,13,M0,attack_member,evaluation,0,1,0.501943051815033,1,0.5014635920524597,False,1,0.0,1,"[0.94823, 0.05177]"
minesweeper,client,456,5723,13,M0,attack_member,evaluation,1,1,0.4947674870491028,0,0.5112331509590149,False,0,,0,"[0.943428, 0.056572]"
minesweeper,client,456,2848,13,M0,attack_member,evaluation,0,1,0.5010160803794861,0,0.5014635920524597,False,4,1.0,1,"[0.836004, 0.163996]"
minesweeper,client,456,2849,13,M0,attack_member,evaluation,0,1,0.5009249448776245,0,0.5014635920524597,False,4,0.75,1,"[0.824978, 0.175022]"
minesweeper,client,456,3047,13,M0,attack_member,evaluation,0,1,0.5010015368461609,0,0.5014635920524597,False,4,1.0,1,"[0.834249, 0.165751]"
minesweeper,client,456,3149,13,M0,attack_member,evaluation,0,1,0.5009598135948181,0,0.5014635920524597,False,4,0.75,1,"[0.829199, 0.170801]"
minesweeper,client,456,3156,13,M0,attack_member,evaluation,0,1,0.5007991790771484,0,0.5014635920524597,False,2,1.0,1,"[0.809761, 0.190239]"
minesweeper,client,456,3247,13,M0,attack_member,evaluation,0,1,0.49978190660476685,0,0.5014635920524597,False,4,0.75,1,"[0.686705, 0.313295]"
minesweeper,client,456,3248,13,M0,attack_member,evaluation,0,1,0.5001136660575867,0,0.5014635920524597,False,4,0.75,1,"[0.726834, 0.273166]"
minesweeper,client,456,3251,13,M0,attack_member,evaluation,0,1,0.5015230774879456,1,0.5014635920524597,False,4,1.0,1,"[0.897371, 0.102629]"
minesweeper,client,456,3252,13,M0,attack_member,evaluation,0,1,0.5017843842506409,1,0.5014635920524597,False,4,1.0,1,"[0.929014, 0.070986]"
minesweeper,client,456,3256,13,M0,attack_member,evaluation,0,1,0.5010325312614441,0,0.5014635920524597,False,3,1.0,1,"[0.838, 0.162]"
minesweeper,client,456,3351,13,M0,attack_member,evaluation,0,1,0.5014623999595642,0,0.5014635920524597,False,4,0.75,1,"[0.890028, 0.109972]"
minesweeper,client,456,3352,13,M0,attack_member,evaluation,0,1,0.5010695457458496,0,0.5014635920524597,False,4,1.0,1,"[0.842477, 0.157523]"
minesweeper,client,456,3355,13,M0,attack_member,evaluation,0,1,0.5007544755935669,0,0.5014635920524597,False,4,0.75,1,"[0.804355, 0.195645]"
minesweeper,client,456,3357,13,M0,attack_member,evaluation,0,1,0.5006892681121826,0,0.5014635920524597,False,2,1.0,1,"[0.796461, 0.203539]"
minesweeper,client,456,3546,13,M0,attack_member,evaluation,1,1,0.5033050775527954,0,0.5112331509590149,False,4,0.25,0,"[0.75423, 0.24577]"
minesweeper,client,456,3547,13,M0,attack_member,evaluation,1,1,0.5043386816978455,0,0.5112331509590149,False,4,0.25,0,"[0.730714, 0.269286]"
minesweeper,client,456,3557,13,M0,attack_member,evaluation,0,1,0.49911564588546753,0,0.5014635920524597,False,4,1.0,1,"[0.606153, 0.393847]"
minesweeper,client,456,3651,13,M0,attack_member,evaluation,0,1,0.4999026656150818,0,0.5014635920524597,False,4,1.0,1,"[0.701312, 0.298688]"
minesweeper,client,456,3652,13,M0,attack_member,evaluation,0,1,0.5004304051399231,0,0.5014635920524597,False,4,1.0,1,"[0.765148, 0.234852]"
minesweeper,client,456,3748,13,M0,attack_member,evaluation,0,1,0.4990956485271454,0,0.5014635920524597,False,4,0.25,1,"[0.60374, 0.39626]"
minesweeper,client,456,3749,13,M0,attack_member,evaluation,0,1,0.49901649355888367,0,0.5014635920524597,False,4,0.25,1,"[0.594169, 0.405831]"
minesweeper,client,456,3852,13,M0,attack_member,evaluation,0,1,0.5001029968261719,0,0.5014635920524597,False,4,0.75,1,"[0.725544, 0.274456]"
minesweeper,client,456,3853,13,M0,attack_member,evaluation,1,1,0.5034344792366028,0,0.5112331509590149,False,4,0.25,0,"[0.751295, 0.248705]"
minesweeper,client,456,3855,13,M0,attack_member,evaluation,0,1,0.4998649060726166,0,0.5014635920524597,False,4,0.25,1,"[0.696743, 0.303257]"
minesweeper,client,456,3939,13,M0,attack_member,evaluation,1,1,0.5075795650482178,0,0.5112331509590149,False,4,0.5,0,"[0.655745, 0.344255]"
minesweeper,client,456,3943,13,M0,attack_member,evaluation,1,1,0.5110262632369995,0,0.5112331509590149,False,4,0.25,0,"[0.573515, 0.426485]"
minesweeper,client,456,4044,13,M0,attack_member,evaluation,0,1,0.49962571263313293,0,0.5014635920524597,False,4,1.0,1,"[0.667824, 0.332176]"
minesweeper,client,456,4048,13,M0,attack_member,evaluation,0,1,0.4992964565753937,0,0.5014635920524597,False,4,0.75,1,"[0.628008, 0.371992]"
minesweeper,client,456,4051,13,M0,attack_member,evaluation,1,1,0.5072098970413208,0,0.5112331509590149,False,4,0.75,0,"[0.664401, 0.335599]"
minesweeper,client,456,4058,13,M0,attack_member,evaluation,1,1,0.5100775957107544,0,0.5112331509590149,False,4,0.25,0,"[0.596442, 0.403558]"
minesweeper,client,456,4142,13,M0,attack_member,evaluation,0,1,0.500921368598938,0,0.5014635920524597,False,4,1.0,1,"[0.824549, 0.175451]"
minesweeper,client,456,4147,13,M0,attack_member,evaluation,0,1,0.4997890293598175,0,0.5014635920524597,False,4,1.0,1,"[0.687571, 0.312429]"
minesweeper,client,456,4149,13,M0,attack_member,evaluation,1,1,0.5055680274963379,0,0.5112331509590149,False,4,0.25,0,"[0.70251, 0.29749]"
minesweeper,client,456,4150,13,M0,attack_member,evaluation,1,1,0.5063924789428711,0,0.5112331509590149,False,4,0.25,0,"[0.68344, 0.31656]"
minesweeper,client,456,4241,13,M0,attack_member,evaluation,0,1,0.5002449154853821,0,0.5014635920524597,False,4,1.0,1,"[0.742705, 0.257295]"
minesweeper,client,456,4338,13,M0,attack_member,evaluation,0,1,0.49971166253089905,0,0.5014635920524597,False,4,0.75,1,"[0.678216, 0.321784]"
minesweeper,client,456,4340,13,M0,attack_member,evaluation,0,1,0.49940770864486694,0,0.5014635920524597,False,4,0.75,1,"[0.641458, 0.358542]"
minesweeper,client,456,4341,13,M0,attack_member,evaluation,0,1,0.5002423524856567,0,0.5014635920524597,False,4,0.75,1,"[0.742398, 0.257602]"
minesweeper,client,456,4342,13,M0,attack_member,evaluation,0,1,0.5010504722595215,0,0.5014635920524597,False,4,1.0,1,"[0.840173, 0.159826]"
minesweeper,client,456,4346,13,M0,attack_member,evaluation,1,1,0.5042272806167603,0,0.5112331509590149,False,4,0.0,0,"[0.733257, 0.266743]"
minesweeper,client,456,4347,13,M0,attack_member,evaluation,0,1,0.49992817640304565,0,0.5014635920524597,False,4,1.0,1,"[0.704397, 0.295603]"
minesweeper,client,456,4348,13,M0,attack_member,evaluation,0,1,0.5003645420074463,0,0.5014635920524597,False,4,0.75,1,"[0.757178, 0.242822]"
minesweeper,client,456,4351,13,M0,attack_member,evaluation,1,1,0.503563404083252,0,0.5112331509590149,False,2,0.0,0,"[0.748369, 0.251631]"
minesweeper,client,456,4353,13,M0,attack_member,evaluation,0,1,0.5000253319740295,0,0.5014635920524597,False,4,1.0,1,"[0.716147, 0.283853]"
minesweeper,client,456,4457,13,M0,attack_member,evaluation,0,1,0.5011174082756042,0,0.5014635920524597,False,4,0.75,1,"[0.848271, 0.151729]"
minesweeper,client,456,4461,13,M0,attack_member,evaluation,0,1,0.5011230707168579,0,0.5014635920524597,False,2,0.5,1,"[0.848955, 0.151045]"
minesweeper,client,456,4639,13,M0,attack_member,evaluation,0,1,0.5005382299423218,0,0.5014635920524597,False,4,0.75,1,"[0.778188, 0.221812]"
minesweeper,client,456,4647,13,M0,attack_member,evaluation,0,1,0.5006047487258911,0,0.5014635920524597,False,1,1.0,1,"[0.786236, 0.213764]"
minesweeper,client,456,4657,13,M0,attack_member,evaluation,1,1,0.4942097067832947,0,0.5112331509590149,False,1,0.0,0,"[0.955574, 0.044426]"
minesweeper,client,456,5595,0,M0,attack_nonmember,evaluation,0,0,0.5012751221656799,0,0.5014635920524597,False,4,1.0,1,"[0.867366, 0.132634]"
minesweeper,client,456,5596,0,M0,attack_nonmember,evaluation,0,0,0.5012701153755188,0,0.5014635920524597,False,4,0.75,1,"[0.866755, 0.133245]"
minesweeper,client,456,5699,0,M0,attack_nonmember,evaluation,0,0,0.501173198223114,0,0.5014635920524597,False,2,1.0,1,"[0.855022, 0.144978]"
minesweeper,client,456,5880,0,M0,attack_nonmember,evaluation,0,0,0.5015129446983337,1,0.5014635920524597,False,4,1.0,1,"[0.896147, 0.103853]"
minesweeper,client,456,5887,0,M0,attack_nonmember,evaluation,0,0,0.5001211166381836,0,0.5014635920524597,False,4,0.5,1,"[0.727736, 0.272264]"
minesweeper,client,456,5890,0,M0,attack_nonmember,evaluation,0,0,0.49979478120803833,0,0.5014635920524597,False,4,0.75,1,"[0.688269, 0.311731]"
minesweeper,client,456,5988,0,M0,attack_nonmember,evaluation,0,0,0.4993578791618347,0,0.5014635920524597,False,4,0.5,1,"[0.635433, 0.364567]"
minesweeper,client,456,5997,0,M0,attack_nonmember,evaluation,0,0,0.5013947486877441,0,0.5014635920524597,False,4,0.75,1,"[0.881837, 0.118163]"
minesweeper,client,456,6086,0,M0,attack_nonmember,evaluation,0,0,0.49919381737709045,0,0.5014635920524597,False,4,0.75,1,"[0.615601, 0.384399]"
minesweeper,client,456,6178,0,M0,attack_nonmember,evaluation,0,0,0.5007215738296509,0,0.5014635920524597,False,4,0.75,1,"[0.800377, 0.199623]"
minesweeper,client,456,6181,0,M0,attack_nonmember,evaluation,0,0,0.5012115836143494,0,0.5014635920524597,False,4,1.0,1,"[0.859668, 0.140332]"
minesweeper,client,456,6186,0,M0,attack_nonmember,evaluation,0,0,0.49885401129722595,0,0.5014635920524597,False,4,0.75,1,"[0.574523, 0.425477]"
minesweeper,client,456,6187,0,M0,attack_nonmember,evaluation,0,0,0.4987647235393524,0,0.5014635920524597,False,4,0.5,1,"[0.563735, 0.436265]"
minesweeper,client,456,6283,0,M0,attack_nonmember,evaluation,0,0,0.4996615946292877,0,0.5014635920524597,False,4,0.75,1,"[0.67216, 0.32784]"
minesweeper,client,456,6384,0,M0,attack_nonmember,evaluation,0,0,0.4999409317970276,0,0.5014635920524597,False,4,0.5,1,"[0.705935, 0.294065]"
minesweeper,client,456,6389,0,M0,attack_nonmember,evaluation,0,0,0.5004416108131409,0,0.5014635920524597,False,4,0.75,1,"[0.7665, 0.2335]"
minesweeper,client,456,6395,0,M0,attack_nonmember,evaluation,1,0,0.5036713480949402,0,0.5112331509590149,False,4,0.0,0,"[0.745915, 0.254085]"
minesweeper,client,456,6397,0,M0,attack_nonmember,evaluation,0,0,0.5012783408164978,0,0.5014635920524597,False,4,1.0,1,"[0.86775, 0.13225]"
minesweeper,client,456,6488,0,M0,attack_nonmember,evaluation,1,0,0.5081802606582642,0,0.5112331509590149,False,4,0.25,0,"[0.641617, 0.358383]"
minesweeper,client,456,6490,0,M0,attack_nonmember,evaluation,0,0,0.5011122822761536,0,0.5014635920524597,False,4,1.0,1,"[0.847656, 0.152344]"
minesweeper,client,456,6592,0,M0,attack_nonmember,evaluation,0,0,0.5019100904464722,1,0.5014635920524597,False,4,1.0,1,"[0.944239, 0.055761]"
minesweeper,client,456,6675,0,M0,attack_nonmember,evaluation,0,0,0.5001257658004761,0,0.5014635920524597,False,4,0.75,1,"[0.728294, 0.271706]"
minesweeper,client,456,6775,0,M0,attack_nonmember,evaluation,0,0,0.5003583431243896,0,0.5014635920524597,False,4,0.75,1,"[0.75643, 0.24357]"
minesweeper,client,456,6782,0,M0,attack_nonmember,evaluation,0,0,0.5004075765609741,0,0.5014635920524597,False,4,1.0,1,"[0.762378, 0.237622]"
minesweeper,client,456,6799,0,M0,attack_nonmember,evaluation,1,0,0.49453404545783997,0,0.5112331509590149,False,2,0.0,0,"[0.948513, 0.051487]"
minesweeper,client,456,6895,0,M0,attack_nonmember,evaluation,1,0,0.5066686272621155,0,0.5112331509590149,False,4,0.5,0,"[0.677024, 0.322976]"
minesweeper,client,456,6979,0,M0,attack_nonmember,evaluation,0,0,0.5005176663398743,0,0.5014635920524597,False,4,0.75,1,"[0.775699, 0.224301]"
minesweeper,client,456,6989,0,M0,attack_nonmember,evaluation,0,0,0.5011682510375977,0,0.5014635920524597,False,4,1.0,1,"[0.854425, 0.145575]"
minesweeper,client,456,7074,0,M0,attack_nonmember,evaluation,0,0,0.5002765655517578,0,0.5014635920524597,False,3,0.6666666666666666,1,"[0.746529, 0.253471]"
minesweeper,client,456,7077,0,M0,attack_nonmember,evaluation,0,0,0.5001640319824219,0,0.5014635920524597,False,4,0.75,1,"[0.732925, 0.267075]"
minesweeper,client,456,7097,0,M0,attack_nonmember,evaluation,0,0,0.5020070672035217,1,0.5014635920524597,False,4,1.0,1,"[0.955982, 0.044018]"
minesweeper,client,456,7176,0,M0,attack_nonmember,evaluation,0,0,0.5001444220542908,0,0.5014635920524597,False,4,0.75,1,"[0.730553, 0.269447]"
minesweeper,client,456,7375,0,M0,attack_nonmember,evaluation,0,0,0.5005705952644348,0,0.5014635920524597,False,4,0.75,1,"[0.782103, 0.217897]"
minesweeper,client,456,7377,0,M0,attack_nonmember,evaluation,0,0,0.5000262260437012,0,0.5014635920524597,False,4,0.5,1,"[0.716256, 0.283744]"
minesweeper,client,456,7378,0,M0,attack_nonmember,evaluation,0,0,0.5000262260437012,0,0.5014635920524597,False,4,0.5,1,"[0.716256, 0.283744]"
minesweeper,client,456,7486,0,M0,attack_nonmember,evaluation,0,0,0.5015575885772705,1,0.5014635920524597,False,4,1.0,1,"[0.901556, 0.098444]"
minesweeper,client,456,7490,0,M0,attack_nonmember,evaluation,0,0,0.5004675388336182,0,0.5014635920524597,False,4,1.0,1,"[0.769636, 0.230364]"
minesweeper,client,456,7492,0,M0,attack_nonmember,evaluation,0,0,0.5004972815513611,0,0.5014635920524597,False,4,0.75,1,"[0.773238, 0.226762]"
minesweeper,client,456,7579,0,M0,attack_nonmember,evaluation,0,0,0.5010179877281189,0,0.5014635920524597,False,4,1.0,1,"[0.836237, 0.163763]"
minesweeper,client,456,7596,0,M0,attack_nonmember,evaluation,0,0,0.5010284781455994,0,0.5014635920524597,False,4,0.75,1,"[0.837513, 0.162487]"
minesweeper,client,456,7697,0,M0,attack_nonmember,evaluation,0,0,0.5002676248550415,0,0.5014635920524597,False,4,1.0,1,"[0.745458, 0.254541]"
minesweeper,client,456,7780,0,M0,attack_nonmember,evaluation,0,0,0.5007588863372803,0,0.5014635920524597,False,2,1.0,1,"[0.804889, 0.195111]"
minesweeper,client,456,7986,0,M0,attack_nonmember,evaluation,0,0,0.49961206316947937,0,0.5014635920524597,False,4,0.5,1,"[0.666168, 0.333832]"
minesweeper,client,456,7991,0,M0,attack_nonmember,evaluation,0,0,0.49976134300231934,0,0.5014635920524597,False,4,0.75,1,"[0.684226, 0.315774]"
minesweeper,client,456,7995,0,M0,attack_nonmember,evaluation,0,0,0.4994641840457916,0,0.5014635920524597,False,4,0.5,1,"[0.648287, 0.351713]"
minesweeper,client,456,8083,0,M0,attack_nonmember,evaluation,1,0,0.5108311176300049,0,0.5112331509590149,False,1,0.0,0,"[0.578251, 0.421749]"
minesweeper,client,456,8088,0,M0,attack_nonmember,evaluation,0,0,0.5004032850265503,0,0.5014635920524597,False,4,1.0,1,"[0.761864, 0.238136]"
minesweeper,client,456,8190,0,M0,attack_nonmember,evaluation,0,0,0.5000302791595459,0,0.5014635920524597,False,4,0.5,1,"[0.716744, 0.283256]"
minesweeper,client,456,8198,0,M0,attack_nonmember,evaluation,0,0,0.5006941556930542,0,0.5014635920524597,False,4,0.75,1,"[0.797054, 0.202946]"
minesweeper,client,456,8492,0,M0,attack_nonmember,evaluation,0,0,0.5021634101867676,1,0.5014635920524597,False,2,1.0,1,"[0.974916, 0.025084]"
minesweeper,client,456,8493,0,M0,attack_nonmember,evaluation,0,0,0.5022158622741699,1,0.5014635920524597,False,3,1.0,1,"[0.981267, 0.018733]"
minesweeper,client,456,8593,0,M0,attack_nonmember,evaluation,0,0,0.5020832419395447,1,0.5014635920524597,False,1,1.0,1,"[0.965208, 0.034792]"
minesweeper,client,456,7112,1,M0,attack_nonmember,evaluation,0,0,0.4999407231807709,0,0.5014635920524597,False,2,0.5,1,"[0.705911, 0.294089]"
minesweeper,client,456,7212,1,M0,attack_nonmember,evaluation,0,0,0.5001285076141357,0,0.5014635920524597,False,3,1.0,1,"[0.728624, 0.271376]"
minesweeper,client,456,7307,1,M0,attack_nonmember,evaluation,0,0,0.5016888976097107,1,0.5014635920524597,False,4,1.0,1,"[0.917457, 0.082543]"
minesweeper,client,456,7403,1,M0,attack_nonmember,evaluation,0,0,0.5000078082084656,0,0.5014635920524597,False,4,0.75,1,"[0.714031, 0.285969]"
minesweeper,client,456,7511,1,M0,attack_nonmember,evaluation,0,0,0.5005863308906555,0,0.5014635920524597,False,4,1.0,1,"[0.784006, 0.215994]"
minesweeper,client,456,7515,1,M0,attack_nonmember,evaluation,0,0,0.5002961754798889,0,0.5014635920524597,False,4,0.5,1,"[0.748907, 0.251093]"
minesweeper,client,456,7704,1,M0,attack_nonmember,evaluation,0,0,0.499484121799469,0,0.5014635920524597,False,4,0.75,1,"[0.650705, 0.349295]"
minesweeper,client,456,7707,1,M0,attack_nonmember,evaluation,0,0,0.49993088841438293,0,0.5014635920524597,False,4,0.75,1,"[0.704727, 0.295273]"
minesweeper,client,456,7806,1,M0,attack_nonmember,evaluation,0,0,0.49985966086387634,0,0.5014635920524597,False,4,0.75,1,"[0.69611, 0.30389]"
minesweeper,client,456,7809,1,M0,attack_nonmember,evaluation,0,0,0.4990922808647156,0,0.5014635920524597,False,4,1.0,1,"[0.603326, 0.396674]"
minesweeper,client,456,7818,1,M0,attack_nonmember,evaluation,0,0,0.5007619261741638,0,0.5014635920524597,False,1,1.0,1,"[0.805254, 0.194746]"
minesweeper,client,456,8004,1,M0,attack_nonmember,evaluation,0,0,0.5000736713409424,0,0.5014635920524597,False,4,0.75,1,"[0.721992, 0.278008]"
minesweeper,client,456,8118,1,M0,attack_nonmember,evaluation,1,0,0.49468034505844116,0,0.5112331509590149,False,3,0.0,0,"[0.945327, 0.054673]"
minesweeper,client,456,8206,1,M0,attack_nonmember,evaluation,0,0,0.4995557963848114,0,0.5014635920524597,False,4,1.0,1,"[0.65936, 0.34064]"
minesweeper,client,456,8207,1,M0,attack_nonmember,evaluation,0,0,0.49923864006996155,0,0.5014635920524597,False,4,1.0,1,"[0.621024, 0.378976]"
minesweeper,client,456,8212,1,M0,attack_nonmember,evaluation,1,0,0.5062952041625977,0,0.5112331509590149,False,4,0.0,0,"[0.685697, 0.314303]"
minesweeper,client,456,8303,1,M0,attack_nonmember,evaluation,0,0,0.5002013444900513,0,0.5014635920524597,False,4,1.0,1,"[0.737438, 0.262562]"
minesweeper,client,456,8310,1,M0,attack_nonmember,evaluation,0,0,0.4995158314704895,0,0.5014635920524597,False,4,0.75,1,"[0.65453, 0.34547]"
minesweeper,client,456,8402,1,M0,attack_nonmember,evaluation,0,0,0.5005022287368774,0,0.5014635920524597,False,4,1.0,1,"[0.773834, 0.226167]"
minesweeper,client,456,8606,1,M0,attack_nonmember,evaluation,0,0,0.5001594424247742,0,0.5014635920524597,False,4,0.75,1,"[0.73237, 0.26763]"
minesweeper,client,456,8802,1,M0,attack_nonmember,evaluation,1,0,0.5062901377677917,0,0.5112331509590149,False,4,0.25,0,"[0.685814, 0.314186]"
minesweeper,client,456,8908,1,M0,attack_nonmember,evaluation,0,0,0.5005091428756714,0,0.5014635920524597,False,4,0.75,1,"[0.774666, 0.225334]"
minesweeper,client,456,8912,1,M0,attack_nonmember,evaluation,0,0,0.49984991550445557,0,0.5014635920524597,False,4,0.75,1,"[0.694928, 0.305072]"
minesweeper,client,456,8916,1,M0,attack_nonmember,evaluation,0,0,0.49900010228157043,0,0.5014635920524597,False,4,0.75,1,"[0.592186, 0.407814]"
minesweeper,client,456,9101,1,M0,attack_nonmember,evaluation,0,0,0.5016227960586548,1,0.5014635920524597,False,4,1.0,1,"[0.909449, 0.090551]"
minesweeper,client,456,9215,1,M0,attack_nonmember,evaluation,0,0,0.49880853295326233,0,0.5014635920524597,False,4,0.75,1,"[0.569023, 0.430977]"
minesweeper,client,456,9305,1,M0,attack_nonmember,evaluation,0,0,0.4986768960952759,0,0.5014635920524597,False,4,0.5,1,"[0.553117, 0.446883]"
minesweeper,client,456,9314,1,M0,attack_nonmember,evaluation,0,0,0.499266117811203,0,0.5014635920524597,False,4,0.5,1,"[0.624341, 0.375659]"
minesweeper,client,456,9317,1,M0,attack_nonmember,evaluation,0,0,0.49974679946899414,0,0.5014635920524597,False,4,0.75,1,"[0.682463, 0.317537]"
minesweeper,client,456,9400,1,M0,attack_nonmember,evaluation,0,0,0.5000568628311157,0,0.5014635920524597,False,3,0.6666666666666666,1,"[0.71996, 0.28004]"
minesweeper,client,456,9410,1,M0,attack_nonmember,evaluation,0,0,0.500186026096344,0,0.5014635920524597,False,4,1.0,1,"[0.735586, 0.264414]"
minesweeper,client,456,9611,1,M0,attack_nonmember,evaluation,0,0,0.5011340379714966,0,0.5014635920524597,False,4,0.75,1,"[0.850282, 0.149718]"
minesweeper,client,456,9711,1,M0,attack_nonmember,evaluation,1,0,0.49469447135925293,0,0.5112331509590149,False,4,0.0,0,"[0.945019, 0.054981]"
minesweeper,client,456,9718,1,M0,attack_nonmember,evaluation,1,0,0.5026115775108337,0,0.5112331509590149,False,4,0.25,0,"[0.769915, 0.230085]"
minesweeper,client,456,9809,1,M0,attack_nonmember,evaluation,0,0,0.502244770526886,1,0.5014635920524597,False,4,1.0,1,"[0.98477, 0.01523]"
minesweeper,client,456,9814,1,M0,attack_nonmember,evaluation,0,0,0.5012180805206299,0,0.5014635920524597,False,4,1.0,1,"[0.860454, 0.139546]"
minesweeper,client,456,9901,1,M0,attack_nonmember,evaluation,0,0,0.5005335211753845,0,0.5014635920524597,False,1,0.0,1,"[0.777613, 0.222387]"
minesweeper,client,456,9905,1,M0,attack_nonmember,evaluation,1,0,0.4995681643486023,0,0.5112331509590149,False,1,0.0,0,"[0.83798, 0.16202]"
minesweeper,client,456,9908,1,M0,attack_nonmember,evaluation,0,0,0.5020371079444885,1,0.5014635920524597,False,1,1.0,1,"[0.95962, 0.04038]"
minesweeper,client,456,9910,1,M0,attack_nonmember,evaluation,0,0,0.5020610094070435,1,0.5014635920524597,False,1,1.0,1,"[0.962514, 0.037486]"
minesweeper,client,456,9920,1,M0,attack_nonmember,evaluation,1,0,0.4947674870491028,0,0.5112331509590149,False,0,,0,"[0.943427, 0.056572]"
minesweeper,client,456,1908,2,M0,attack_nonmember,evaluation,0,0,0.49963828921318054,0,0.5014635920524597,False,4,0.5,1,"[0.669348, 0.330652]"
minesweeper,client,456,2101,2,M0,attack_nonmember,evaluation,0,0,0.5003228187561035,0,0.5014635920524597,False,4,0.75,1,"[0.752132, 0.247868]"
minesweeper,client,456,2102,2,M0,attack_nonmember,evaluation,0,0,0.5009119510650635,0,0.5014635920524597,False,4,0.75,1,"[0.823406, 0.176594]"
minesweeper,client,456,2114,2,M0,attack_nonmember,evaluation,1,0,0.5063326954841614,0,0.5112331509590149,False,4,0.25,0,"[0.684828, 0.315172]"
minesweeper,client,456,2203,2,M0,attack_nonmember,evaluation,0,0,0.49994391202926636,0,0.5014635920524597,False,4,1.0,1,"[0.706298, 0.293702]"
minesweeper,client,456,2303,2,M0,attack_nonmember,evaluation,0,0,0.49894237518310547,0,0.5014635920524597,False,4,0.5,1,"[0.585211, 0.414789]"
minesweeper,client,456,2406,2,M0,attack_nonmember,evaluation,0,0,0.5004664063453674,0,0.5014635920524597,False,4,1.0,1,"[0.769502, 0.230498]"
minesweeper,client,456,2504,2,M0,attack_nonmember,evaluation,0,0,0.49951186776161194,0,0.5014635920524597,False,4,0.75,1,"[0.654058, 0.345942]"
minesweeper,client,456,2509,2,M0,attack_nonmember,evaluation,0,0,0.5007320642471313,0,0.5014635920524597,False,4,0.75,1,"[0.801644, 0.198356]"
minesweeper,client,456,2510,2,M0,attack_nonmember,evaluation,1,0,0.504188597202301,0,0.5112331509590149,False,4,0.0,0,"[0.734139, 0.265861]"
minesweeper,client,456,2612,2,M0,attack_nonmember,evaluation,1,0,0.5130069255828857,1,0.5112331509590149,False,4,0.25,0,"[0.524828, 0.475172]"
minesweeper,client,456,2814,2,M0,attack_nonmember,evaluation,0,0,0.4987315833568573,0,0.5014635920524597,False,4,1.0,1,"[0.559729, 0.440271]"
minesweeper,client,456,2910,2,M0,attack_nonmember,evaluation,0,0,0.4984261393547058,0,0.5014635920524597,False,4,0.75,1,"[0.52281, 0.47719]"
minesweeper,client,456,2913,2,M0,attack_nonmember,evaluation,0,0,0.499312162399292,0,0.5014635920524597,False,4,0.5,1,"[0.62991, 0.37009]"
minesweeper,client,456,3022,2,M0,attack_nonmember,evaluation,0,0,0.49950262904167175,0,0.5014635920524597,False,4,0.75,1,"[0.652936, 0.347064]"
minesweeper,client,456,3114,2,M0,attack_nonmember,evaluation,0,0,0.5004220604896545,0,0.5014635920524597,False,4,1.0,1,"[0.764134, 0.235866]"
minesweeper,client,456,3301,2,M0,attack_nonmember,evaluation,0,0,0.5014824271202087,1,0.5014635920524597,False,4,1.0,1,"[0.892449, 0.107551]"
minesweeper,client,456,3309,2,M0,attack_nonmember,evaluation,1,0,0.5000625252723694,0,0.5112331509590149,False,4,0.0,0,"[0.827001, 0.172999]"
minesweeper,client,456,3413,2,M0,attack_nonmember,evaluation,0,0,0.49902674555778503,0,0.5014635920524597,False,4,0.5,1,"[0.595407, 0.404593]"
minesweeper,client,456,3417,2,M0,attack_nonmember,evaluation,0,0,0.5001318454742432,0,0.5014635920524597,False,4,0.75,1,"[0.729027, 0.270973]"
minesweeper,client,456,3419,2,M0,attack_nonmember,evaluation,0,0,0.5002068281173706,0,0.5014635920524597,False,4,0.5,1,"[0.738099, 0.261901]"
minesweeper,client,456,3422,2,M0,attack_nonmember,evaluation,0,0,0.5000688433647156,0,0.5014635920524597,False,4,0.5,1,"[0.721411, 0.278589]"
minesweeper,client,456,3512,2,M0,attack_nonmember,evaluation,1,0,0.5086739659309387,0,0.5112331509590149,False,4,0.25,0,"[0.629945, 0.370055]"
minesweeper,client,456,3615,2,M0,attack_nonmember,evaluation,0,0,0.4986613094806671,0,0.5014635920524597,False,4,0.75,1,"[0.551232, 0.448768]"
minesweeper,client,456,3704,2,M0,attack_nonmember,evaluation,1,0,0.5102387070655823,0,0.5112331509590149,False,4,0.5,0,"[0.592566, 0.407434]"
minesweeper,client,456,3801,2,M0,attack_nonmember,evaluation,0,0,0.5015921592712402,1,0.5014635920524597,False,4,1.0,1,"[0.905737, 0.094263]"
minesweeper,client,456,3810,2,M0,attack_nonmember,evaluation,0,0,0.4982311725616455,0,0.5014635920524597,False,4,0.5,0,"[0.499248, 0.500752]"
minesweeper,client,456,3901,2,M0,attack_nonmember,evaluation,0,0,0.5004059076309204,0,0.5014635920524597,False,4,0.75,1,"[0.762178, 0.237822]"
minesweeper,client,456,4000,2,M0,attack_nonmember,evaluation,1,0,0.5112480521202087,1,0.5112331509590149,False,3,0.6666666666666666,0,"[0.56812, 0.43188]"
minesweeper,client,456,4100,2,M0,attack_nonmember,evaluation,1,0,0.5128266215324402,1,0.5112331509590149,False,3,0.6666666666666666,0,"[0.529309, 0.470691]"
minesweeper,client,456,4107,2,M0,attack_nonmember,evaluation,0,0,0.5002992153167725,0,0.5014635920524597,False,2,1.0,1,"[0.749276, 0.250724]"
minesweeper,client,456,4109,2,M0,attack_nonmember,evaluation,0,0,0.5005506873130798,0,0.5014635920524597,False,2,0.5,1,"[0.779694, 0.220306]"
minesweeper,client,456,4115,2,M0,attack_nonmember,evaluation,0,0,0.5004047155380249,0,0.5014635920524597,False,4,0.25,1,"[0.762037, 0.237963]"
minesweeper,client,456,1315,2,M0,attack_nonmember,evaluation,0,0,0.5004013180732727,0,0.5014635920524597,False,4,0.75,1,"[0.761626, 0.238374]"
minesweeper,client,456,1417,2,M0,attack_nonmember,evaluation,1,0,0.4980042576789856,0,0.5112331509590149,False,4,0.0,0,"[0.872547, 0.127453]"
minesweeper,client,456,1418,2,M0,attack_nonmember,evaluation,0,0,0.5009652376174927,0,0.5014635920524597,False,3,0.6666666666666666,1,"[0.829855, 0.170145]"
minesweeper,client,456,1516,2,M0,attack_nonmember,evaluation,0,0,0.5016658902168274,1,0.5014635920524597,False,4,1.0,1,"[0.914668, 0.085332]"
minesweeper,client,456,1523,2,M0,attack_nonmember,evaluation,0,0,0.49995842576026917,0,0.5014635920524597,False,2,1.0,1,"[0.708054, 0.291946]"
minesweeper,client,456,1720,2,M0,attack_nonmember,evaluation,0,0,0.4995453953742981,0,0.5014635920524597,False,4,0.75,1,"[0.658109, 0.341891]"
minesweeper,client,456,1722,2,M0,attack_nonmember,evaluation,0,0,0.49877116084098816,0,0.5014635920524597,False,4,0.75,1,"[0.564508, 0.435492]"
minesweeper,client,456,1816,2,M0,attack_nonmember,evaluation,0,0,0.5006529688835144,0,0.5014635920524597,False,4,0.75,1,"[0.79207, 0.20793]"
minesweeper,client,456,1820,2,M0,attack_nonmember,evaluation,0,0,0.4992448389530182,0,0.5014635920524597,False,4,0.5,1,"[0.621767, 0.378233]"
minesweeper,client,456,2025,2,M0,attack_nonmember,evaluation,1,0,0.5058376789093018,0,0.5112331509590149,False,2,0.5,0,"[0.696286, 0.303714]"
minesweeper,client,456,2116,2,M0,attack_nonmember,evaluation,0,0,0.499693900346756,0,0.5014635920524597,False,4,0.5,1,"[0.676064, 0.323936]"
minesweeper,client,456,2316,2,M0,attack_nonmember,evaluation,1,0,0.5070876479148865,0,0.5112331509590149,False,4,0.0,0,"[0.667257, 0.332743]"
minesweeper,client,456,2319,2,M0,attack_nonmember,evaluation,0,0,0.500135600566864,0,0.5014635920524597,False,4,1.0,1,"[0.72948, 0.27052]"
minesweeper,client,456,2320,2,M0,attack_nonmember,evaluation,0,0,0.4998904764652252,0,0.5014635920524597,False,4,0.75,1,"[0.699844, 0.300156]"
minesweeper,client,456,2425,2,M0,attack_nonmember,evaluation,0,0,0.49925926327705383,0,0.5014635920524597,False,3,0.6666666666666666,1,"[0.623517, 0.376483]"
minesweeper,client,456,2521,2,M0,attack_nonmember,evaluation,0,0,0.5001640319824219,0,0.5014635920524597,False,4,0.75,1,"[0.732923, 0.267077]"
minesweeper,client,456,2922,2,M0,attack_nonmember,evaluation,0,0,0.49995914101600647,0,0.5014635920524597,False,4,1.0,1,"[0.708144, 0.291856]"
minesweeper,client,456,1180,3,M0,attack_nonmember,evaluation,1,0,0.49938151240348816,0,0.5112331509590149,False,3,0.0,0,"[0.842119, 0.157881]"
minesweeper,client,456,1274,3,M0,attack_nonmember,evaluation,0,0,0.5007583498954773,0,0.5014635920524597,False,4,1.0,1,"[0.804824, 0.195176]"
minesweeper,client,456,1482,3,M0,attack_nonmember,evaluation,0,0,0.500589907169342,0,0.5014635920524597,False,4,1.0,1,"[0.784436, 0.215564]"
minesweeper,client,456,1573,3,M0,attack_nonmember,evaluation,0,0,0.4991724491119385,0,0.5014635920524597,False,4,0.75,1,"[0.61302, 0.38698]"
minesweeper,client,456,1578,3,M0,attack_nonmember,evaluation,0,0,0.5001853108406067,0,0.5014635920524597,False,4,0.75,1,"[0.735498, 0.264502]"
minesweeper,client,456,1581,3,M0,attack_nonmember,evaluation,0,0,0.5003360509872437,0,0.5014635920524597,False,4,0.75,1,"[0.753733, 0.246267]"
minesweeper,client,456,1683,3,M0,attack_nonmember,evaluation,0,0,0.500573456287384,0,0.5014635920524597,False,4,1.0,1,"[0.782448, 0.217552]"
minesweeper,client,456,1870,3,M0,attack_nonmember,evaluation,0,0,0.5019265413284302,1,0.5014635920524597,False,3,1.0,1,"[0.946225, 0.053775]"
minesweeper,client,456,1879,3,M0,attack_nonmember,evaluation,0,0,0.5007739067077637,0,0.5014635920524597,False,4,1.0,1,"[0.8067, 0.1933]"
minesweeper,client,456,1974,3,M0,attack_nonmember,evaluation,0,0,0.4993516802787781,0,0.5014635920524597,False,4,0.75,1,"[0.634687, 0.365313]"
minesweeper,client,456,1982,3,M0,attack_nonmember,evaluation,1,0,0.506162166595459,0,0.5112331509590149,False,4,0.0,0,"[0.68878, 0.31122]"
minesweeper,client,456,2270,3,M0,attack_nonmember,evaluation,0,0,0.5010493397712708,0,0.5014635920524597,False,4,0.75,1,"[0.840036, 0.159964]"
minesweeper,client,456,2369,3,M0,attack_nonmember,evaluation,0,0,0.5018747448921204,1,0.5014635920524597,False,3,0.6666666666666666,1,"[0.939955, 0.060045]"
minesweeper,client,456,2377,3,M0,attack_nonmember,evaluation,1,0,0.5043869614601135,0,0.5112331509590149,False,4,0.25,0,"[0.729611, 0.270389]"
minesweeper,client,456,2474,3,M0,attack_nonmember,evaluation,1,0,0.5068352818489075,0,0.5112331509590149,False,4,0.25,0,"[0.673144, 0.326856]"
minesweeper,client,456,2476,3,M0,attack_nonmember,evaluation,0,0,0.4999595582485199,0,0.5014635920524597,False,4,0.75,1,"[0.708194, 0.291806]"
minesweeper,client,456,2570,3,M0,attack_nonmember,evaluation,0,0,0.501483678817749,1,0.5014635920524597,False,2,1.0,1,"[0.892603, 0.107397]"
minesweeper,client,456,2581,3,M0,attack_nonmember,evaluation,0,0,0.4994288682937622,0,0.5014635920524597,False,4,0.75,1,"[0.644024, 0.355976]"
minesweeper,client,456,2674,3,M0,attack_nonmember,evaluation,0,0,0.5000947713851929,0,0.5014635920524597,False,4,0.75,1,"[0.724546, 0.275454]"
minesweeper,client,456,2678,3,M0,attack_nonmember,evaluation,0,0,0.4999772310256958,0,0.5014635920524597,False,4,0.75,1,"[0.710329, 0.289671]"
minesweeper,client,456,2680,3,M0,attack_nonmember,evaluation,0,0,0.4994834363460541,0,0.5014635920524597,False,4,0.75,1,"[0.650617, 0.349383]"
minesweeper,client,456,2681,3,M0,attack_nonmember,evaluation,0,0,0.49910590052604675,0,0.5014635920524597,False,4,0.5,1,"[0.604972, 0.395028]"
minesweeper,client,456,2886,3,M0,attack_nonmember,evaluation,1,0,0.5055539608001709,0,0.5112331509590149,False,3,0.0,0,"[0.702834, 0.297166]"
minesweeper,client,456,3074,3,M0,attack_nonmember,evaluation,0,0,0.49940067529678345,0,0.5014635920524597,False,4,0.75,1,"[0.640607, 0.359393]"
minesweeper,client,456,3076,3,M0,attack_nonmember,evaluation,0,0,0.4994344413280487,0,0.5014635920524597,False,4,1.0,1,"[0.644695, 0.355305]"
minesweeper,client,456,3171,3,M0,attack_nonmember,evaluation,0,0,0.5002575516700745,0,0.5014635920524597,False,4,1.0,1,"[0.744233, 0.255767]"
minesweeper,client,456,3279,3,M0,attack_nonmember,evaluation,0,0,0.49969014525413513,0,0.5014635920524597,False,4,1.0,1,"[0.675613, 0.324387]"
minesweeper,client,456,3375,3,M0,attack_nonmember,evaluation,0,0,0.4995217025279999,0,0.5014635920524597,False,4,0.5,1,"[0.655247, 0.344753]"
minesweeper,client,456,3380,3,M0,attack_nonmember,evaluation,0,0,0.4989098906517029,0,0.5014635920524597,False,4,0.75,1,"[0.58128, 0.41872]"
minesweeper,client,456,3383,3,M0,attack_nonmember,evaluation,0,0,0.49990105628967285,0,0.5014635920524597,False,4,1.0,1,"[0.701117, 0.298883]"
minesweeper,client,456,3571,3,M0,attack_nonmember,evaluation,0,0,0.5000191330909729,0,0.5014635920524597,False,4,1.0,1,"[0.715398, 0.284602]"
minesweeper,client,456,3676,3,M0,attack_nonmember,evaluation,1,0,0.5077098608016968,0,0.5112331509590149,False,4,0.0,0,"[0.652687, 0.347313]"
minesweeper,client,456,3681,3,M0,attack_nonmember,evaluation,1,0,0.5037030577659607,0,0.5112331509590149,False,1,0.0,0,"[0.745195, 0.254805]"
minesweeper,client,456,3682,3,M0,attack_nonmember,evaluation,0,0,0.4997190237045288,0,0.5014635920524597,False,1,1.0,1,"[0.679105, 0.320895]"
minesweeper,client,456,3779,3,M0,attack_nonmember,evaluation,1,0,0.4982365369796753,0,0.5112331509590149,False,1,0.0,0,"[0.867427, 0.132573]"
minesweeper,client,456,4071,3,M0,attack_nonmember,evaluation,0,0,0.5023422837257385,1,0.5014635920524597,False,3,1.0,1,"[0.996581, 0.003419]"
minesweeper,client,456,4072,3,M0,attack_nonmember,evaluation,0,0,0.5023685693740845,1,0.5014635920524597,False,4,1.0,1,"[0.999772, 0.000228]"
minesweeper,client,456,4073,3,M0,attack_nonmember,evaluation,0,0,0.5023686289787292,1,0.5014635920524597,False,3,1.0,1,"[0.999778, 0.000222]"
minesweeper,client,456,5632,3,M0,attack_nonmember,evaluation,0,0,0.5016161203384399,1,0.5014635920524597,False,4,1.0,1,"[0.908641, 0.091358]"
minesweeper,client,456,5732,3,M0,attack_nonmember,evaluation,0,0,0.501430094242096,0,0.5014635920524597,False,4,1.0,1,"[0.886124, 0.113876]"
minesweeper,client,456,5929,3,M0,attack_nonmember,evaluation,0,0,0.5004500150680542,0,0.5014635920524597,False,4,0.75,1,"[0.767516, 0.232484]"
minesweeper,client,456,6225,3,M0,attack_nonmember,evaluation,0,0,0.5002989768981934,0,0.5014635920524597,False,3,1.0,1,"[0.749247, 0.250753]"
minesweeper,client,456,6226,3,M0,attack_nonmember,evaluation,0,0,0.5003702044487,0,0.5014635920524597,False,4,0.75,1,"[0.757859, 0.242141]"
minesweeper,client,456,6338,3,M0,attack_nonmember,evaluation,0,0,0.4996825158596039,0,0.5014635920524597,False,4,1.0,1,"[0.674695, 0.325305]"
minesweeper,client,456,6340,3,M0,attack_nonmember,evaluation,0,0,0.49999767541885376,0,0.5014635920524597,False,2,1.0,1,"[0.712798, 0.287202]"
minesweeper,client,456,6428,3,M0,attack_nonmember,evaluation,0,0,0.49999096989631653,0,0.5014635920524597,False,2,1.0,1,"[0.711994, 0.288006]"
minesweeper,client,456,6440,3,M0,attack_nonmember,evaluation,0,0,0.4999111592769623,0,0.5014635920524597,False,2,1.0,1,"[0.702337, 0.297663]"
minesweeper,client,456,6637,3,M0,attack_nonmember,evaluation,0,0,0.5015804171562195,1,0.5014635920524597,False,4,0.75,1,"[0.904316, 0.095684]"
minesweeper,client,456,6836,3,M0,attack_nonmember,evaluation,0,0,0.502261221408844,1,0.5014635920524597,False,4,1.0,1,"[0.986762, 0.013238]"
minesweeper,client,456,4741,5,M0,attack_nonmember,evaluation,0,0,0.5016087889671326,1,0.5014635920524597,False,4,0.75,1,"[0.907749, 0.092251]"
minesweeper,client,456,4843,5,M0,attack_nonmember,evaluation,0,0,0.5003523230552673,0,0.5014635920524597,False,4,0.75,1,"[0.755698, 0.244302]"
minesweeper,client,456,4853,5,M0,attack_nonmember,evaluation,0,0,0.5008362531661987,0,0.5014635920524597,False,4,0.75,1,"[0.814249, 0.185751]"
minesweeper,client,456,4945,5,M0,attack_nonmember,evaluation,0,0,0.5013439655303955,0,0.5014635920524597,False,4,1.0,1,"[0.875693, 0.124307]"
minesweeper,client,456,5143,5,M0,attack_nonmember,evaluation,0,0,0.5020127892494202,1,0.5014635920524597,False,4,1.0,1,"[0.956678, 0.043322]"
minesweeper,client,456,5247,5,M0,attack_nonmember,evaluation,0,0,0.500514030456543,0,0.5014635920524597,False,4,0.75,1,"[0.775258, 0.224742]"
minesweeper,client,456,5258,5,M0,attack_nonmember,evaluation,0,0,0.4991820454597473,0,0.5014635920524597,False,2,0.0,1,"[0.614184, 0.385816]"
minesweeper,client,456,5337,5,M0,attack_nonmember,evaluation,0,0,0.5014055371284485,0,0.5014635920524597,False,4,1.0,1,"[0.88315, 0.11685]"
minesweeper,client,456,5349,5,M0,attack_nonmember,evaluation,0,0,0.5016262531280518,1,0.5014635920524597,False,4,0.75,1,"[0.909871, 0.090129]"
minesweeper,client,456,5358,5,M0,attack_nonmember,evaluation,1,0,0.5098268985748291,0,0.5112331509590149,False,2,0.5,0,"[0.602462, 0.397538]"
minesweeper,client,456,5457,5,M0,attack_nonmember,evaluation,0,0,0.49924036860466003,0,0.5014635920524597,False,4,0.75,1,"[0.621227, 0.378773]"
minesweeper,client,456,5542,5,M0,attack_nonmember,evaluation,0,0,0.4992855191230774,0,0.5014635920524597,False,4,0.75,1,"[0.626688, 0.373312]"
minesweeper,client,456,5547,5,M0,attack_nonmember,evaluation,0,0,0.500443160533905,0,0.5014635920524597,False,4,1.0,1,"[0.766688, 0.233312]"
minesweeper,client,456,5644,5,M0,attack_nonmember,evaluation,0,0,0.5007166266441345,0,0.5014635920524597,False,4,0.75,1,"[0.799773, 0.200227]"
minesweeper,client,456,5648,5,M0,attack_nonmember,evaluation,0,0,0.5000855326652527,0,0.5014635920524597,False,4,0.75,1,"[0.723428, 0.276572]"
minesweeper,client,456,5649,5,M0,attack_nonmember,evaluation,0,0,0.49959003925323486,0,0.5014635920524597,False,4,0.75,1,"[0.663509, 0.336491]"
minesweeper,client,456,5656,5,M0,attack_nonmember,evaluation,1,0,0.5056073665618896,0,0.5112331509590149,False,4,0.0,0,"[0.701602, 0.298398]"
minesweeper,client,456,5739,5,M0,attack_nonmember,evaluation,1,0,0.5103654265403748,0,0.5112331509590149,False,4,0.25,0,"[0.589511, 0.410489]"
minesweeper,client,456,5747,5,M0,attack_nonmember,evaluation,0,0,0.5009093284606934,0,0.5014635920524597,False,4,0.75,1,"[0.823088, 0.176912]"
minesweeper,client,456,5755,5,M0,attack_nonmember,evaluation,0,0,0.5008013248443604,0,0.5014635920524597,False,4,0.75,1,"[0.810021, 0.189979]"
minesweeper,client,456,6042,5,M0,attack_nonmember,evaluation,1,0,0.5080627202987671,0,0.5112331509590149,False,4,0.75,0,"[0.644388, 0.355612]"
minesweeper,client,456,6151,5,M0,attack_nonmember,evaluation,0,0,0.5003038048744202,0,0.5014635920524597,False,4,1.0,1,"[0.74983, 0.25017]"
minesweeper,client,456,6256,5,M0,attack_nonmember,evaluation,0,0,0.5009665489196777,0,0.5014635920524597,False,2,1.0,1,"[0.830019, 0.169981]"
minesweeper,client,456,6349,5,M0,attack_nonmember,evaluation,1,0,0.5000659823417664,0,0.5112331509590149,False,4,0.5,0,"[0.826923, 0.173077]"
minesweeper,client,456,6652,5,M0,attack_nonmember,evaluation,0,0,0.5015034079551697,1,0.5014635920524597,False,4,0.75,1,"[0.894991, 0.105009]"
minesweeper,client,456,6747,5,M0,attack_nonmember,evaluation,0,0,0.5003083348274231,0,0.5014635920524597,False,4,0.75,1,"[0.750375, 0.249625]"
minesweeper,client,456,6749,5,M0,attack_nonmember,evaluation,0,0,0.500943660736084,0,0.5014635920524597,False,4,0.75,1,"[0.827242, 0.172758]"
minesweeper,client,456,6840,5,M0,attack_nonmember,evaluation,0,0,0.5016482472419739,1,0.5014635920524597,False,4,0.75,1,"[0.912531, 0.087469]"
minesweeper,client,456,6952,5,M0,attack_nonmember,evaluation,0,0,0.5020523071289062,1,0.5014635920524597,False,2,1.0,1,"[0.961457, 0.038543]"
minesweeper,client,456,2253,5,M0,attack_nonmember,evaluation,0,0,0.5001605153083801,0,0.5014635920524597,False,3,1.0,1,"[0.7325, 0.2675]"
minesweeper,client,456,2256,5,M0,attack_nonmember,evaluation,0,0,0.5007670521736145,0,0.5014635920524597,False,4,1.0,1,"[0.805874, 0.194126]"
minesweeper,client,456,2257,5,M0,attack_nonmember,evaluation,0,0,0.5008375644683838,0,0.5014635920524597,False,4,1.0,1,"[0.814406, 0.185595]"
minesweeper,client,456,2462,5,M0,attack_nonmember,evaluation,0,0,0.49925416707992554,0,0.5014635920524597,False,4,0.5,1,"[0.622896, 0.377104]"
minesweeper,client,456,2465,5,M0,attack_nonmember,evaluation,0,0,0.5002985000610352,0,0.5014635920524597,False,4,1.0,1,"[0.749186, 0.250814]"
minesweeper,client,456,2555,5,M0,attack_nonmember,evaluation,1,0,0.5001978278160095,0,0.5112331509590149,False,4,0.0,0,"[0.82399, 0.17601]"
minesweeper,client,456,2559,5,M0,attack_nonmember,evaluation,1,0,0.5052637457847595,0,0.5112331509590149,False,4,0.25,0,"[0.709516, 0.290484]"
minesweeper,client,456,2656,5,M0,attack_nonmember,evaluation,0,0,0.5022076964378357,1,0.5014635920524597,False,4,1.0,1,"[0.980282, 0.019718]"
minesweeper,client,456,2669,5,M0,attack_nonmember,evaluation,0,0,0.5013633370399475,0,0.5014635920524597,False,4,0.75,1,"[0.878037, 0.121963]"
minesweeper,client,456,2758,5,M0,attack_nonmember,evaluation,0,0,0.500741183757782,0,0.5014635920524597,False,4,0.75,1,"[0.802747, 0.197252]"
minesweeper,client,456,2764,5,M0,attack_nonmember,evaluation,1,0,0.4990580976009369,0,0.5112331509590149,False,4,0.0,0,"[0.84928, 0.15072]"
minesweeper,client,456,2956,5,M0,attack_nonmember,evaluation,0,0,0.49952757358551025,0,0.5014635920524597,False,3,0.6666666666666666,1,"[0.655959, 0.344041]"
minesweeper,client,456,3057,5,M0,attack_nonmember,evaluation,1,0,0.5102470517158508,0,0.5112331509590149,False,3,0.6666666666666666,0,"[0.592366, 0.407635]"
minesweeper,client,456,3068,5,M0,attack_nonmember,evaluation,1,0,0.5040836334228516,0,0.5112331509590149,False,2,0.0,0,"[0.736533, 0.263467]"
minesweeper,client,456,3158,5,M0,attack_nonmember,evaluation,1,0,0.5054346919059753,0,0.5112331509590149,False,4,0.25,0,"[0.705581, 0.294419]"
minesweeper,client,456,3161,5,M0,attack_nonmember,evaluation,1,0,0.5058295726776123,0,0.5112331509590149,False,4,0.25,0,"[0.696474, 0.303526]"
minesweeper,client,456,3269,5,M0,attack_nonmember,evaluation,0,0,0.5001559257507324,0,0.5014635920524597,False,3,0.6666666666666666,1,"[0.731942, 0.268058]"
minesweeper,client,456,3362,5,M0,attack_nonmember,evaluation,0,0,0.4997131824493408,0,0.5014635920524597,False,4,0.75,1,"[0.678393, 0.321607]"
minesweeper,client,456,3467,5,M0,attack_nonmember,evaluation,0,0,0.5007947087287903,0,0.5014635920524597,False,4,0.75,1,"[0.80922, 0.19078]"
minesweeper,client,456,3567,5,M0,attack_nonmember,evaluation,1,0,0.5042720437049866,0,0.5112331509590149,False,4,0.25,0,"[0.732235, 0.267765]"
minesweeper,client,456,3570,5,M0,attack_nonmember,evaluation,0,0,0.5012772083282471,0,0.5014635920524597,False,1,0.0,1,"[0.867611, 0.132389]"
minesweeper,client,456,3668,5,M0,attack_nonmember,evaluation,0,0,0.5007572174072266,0,0.5014635920524597,False,4,0.75,1,"[0.804681, 0.195319]"
minesweeper,client,456,3864,5,M0,attack_nonmember,evaluation,0,0,0.5004622936248779,0,0.5014635920524597,False,4,1.0,1,"[0.769004, 0.230996]"
minesweeper,client,456,18,7,M0,attack_nonmember,evaluation,0,0,0.5003839135169983,0,0.5014635920524597,False,4,1.0,1,"[0.759521, 0.240479]"
minesweeper,client,456,38,7,M0,attack_nonmember,evaluation,1,0,0.5055939555168152,0,0.5112331509590149,False,4,0.0,0,"[0.701912, 0.298088]"
minesweeper,client,456,129,7,M0,attack_nonmember,evaluation,0,0,0.4992695450782776,0,0.5014635920524597,False,4,0.25,1,"[0.624758, 0.375242]"
minesweeper,client,456,138,7,M0,attack_nonmember,evaluation,0,0,0.49909713864326477,0,0.5014635920524597,False,4,0.75,1,"[0.603916, 0.396084]"
minesweeper,client,456,141,7,M0,attack_nonmember,evaluation,1,0,0.5035743713378906,0,0.5112331509590149,False,4,0.0,0,"[0.74812, 0.25188]"
minesweeper,client,456,233,7,M0,attack_nonmember,evaluation,0,0,0.5001318454742432,0,0.5014635920524597,False,4,0.75,1,"[0.729026, 0.270974]"
minesweeper,client,456,237,7,M0,attack_nonmember,evaluation,0,0,0.4990639388561249,0,0.5014635920524597,False,4,0.75,1,"[0.599903, 0.400097]"
minesweeper,client,456,238,7,M0,attack_nonmember,evaluation,1,0,0.5112912654876709,1,0.5112331509590149,False,4,0.25,0,"[0.567067, 0.432933]"
minesweeper,client,456,527,7,M0,attack_nonmember,evaluation,0,0,0.498961478471756,0,0.5014635920524597,False,4,1.0,1,"[0.587516, 0.412484]"
minesweeper,client,456,537,7,M0,attack_nonmember,evaluation,0,0,0.5021787881851196,1,0.5014635920524597,False,4,0.75,1,"[0.976777, 0.023223]"
minesweeper,client,456,629,7,M0,attack_nonmember,evaluation,0,0,0.5006334781646729,0,0.5014635920524597,False,4,0.75,1,"[0.789713, 0.210287]"
minesweeper,client,456,637,7,M0,attack_nonmember,evaluation,0,0,0.5023602843284607,1,0.5014635920524597,False,4,1.0,1,"[0.998763, 0.001237]"
minesweeper,client,456,718,7,M0,attack_nonmember,evaluation,0,0,0.5009793639183044,0,0.5014635920524597,False,4,0.75,1,"[0.831563, 0.168437]"
minesweeper,client,456,732,7,M0,attack_nonmember,evaluation,1,0,0.4965793490409851,0,0.5112331509590149,False,4,0.0,0,"[0.903846, 0.096154]"
minesweeper,client,456,736,7,M0,attack_nonmember,evaluation,0,0,0.5021297335624695,1,0.5014635920524597,False,3,1.0,1,"[0.970835, 0.029165]"
minesweeper,client,456,821,7,M0,attack_nonmember,evaluation,0,0,0.5001126527786255,0,0.5014635920524597,False,4,1.0,1,"[0.726709, 0.273291]"
minesweeper,client,456,933,7,M0,attack_nonmember,evaluation,0,0,0.5020171999931335,1,0.5014635920524597,False,4,1.0,1,"[0.957205, 0.042795]"
minesweeper,client,456,1017,7,M0,attack_nonmember,evaluation,1,0,0.5060380101203918,0,0.5112331509590149,False,4,0.25,0,"[0.691655, 0.308345]"
minesweeper,client,456,1028,7,M0,attack_nonmember,evaluation,0,0,0.5008335709571838,0,0.5014635920524597,False,4,1.0,1,"[0.813926, 0.186074]"
minesweeper,client,456,1032,7,M0,attack_nonmember,evaluation,0,0,0.5021842122077942,1,0.5014635920524597,False,4,1.0,1,"[0.977436, 0.022564]"
minesweeper,client,456,1123,7,M0,attack_nonmember,evaluation,0,0,0.5017150044441223,1,0.5014635920524597,False,4,1.0,1,"[0.920612, 0.079388]"
minesweeper,client,456,1124,7,M0,attack_nonmember,evaluation,0,0,0.5012835264205933,0,0.5014635920524597,False,4,1.0,1,"[0.868381, 0.131619]"
minesweeper,client,456,1218,7,M0,attack_nonmember,evaluation,1,0,0.501249372959137,0,0.5112331509590149,False,3,0.0,0,"[0.800525, 0.199475]"
minesweeper,client,456,1226,7,M0,attack_nonmember,evaluation,1,0,0.5009884238243103,0,0.5112331509590149,False,4,0.25,0,"[0.806362, 0.193638]"
minesweeper,client,456,1227,7,M0,attack_nonmember,evaluation,1,0,0.49919065833091736,0,0.5112331509590149,False,4,0.0,0,"[0.846346, 0.153654]"
minesweeper,client,456,1325,7,M0,attack_nonmember,evaluation,0,0,0.5013077855110168,0,0.5014635920524597,False,4,1.0,1,"[0.871313, 0.128687]"
minesweeper,client,456,1331,7,M0,attack_nonmember,evaluation,0,0,0.5011740922927856,0,0.5014635920524597,False,4,1.0,1,"[0.855129, 0.144871]"
minesweeper,client,456,1628,7,M0,attack_nonmember,evaluation,0,0,0.5006572604179382,0,0.5014635920524597,False,4,0.75,1,"[0.79259, 0.20741]"
minesweeper,client,456,1828,7,M0,attack_nonmember,evaluation,0,0,0.5012542009353638,0,0.5014635920524597,False,4,0.75,1,"[0.864823, 0.135177]"
minesweeper,client,456,1832,7,M0,attack_nonmember,evaluation,1,0,0.5051727294921875,0,0.5112331509590149,False,4,0.0,0,"[0.711609, 0.288391]"
minesweeper,client,456,1833,7,M0,attack_nonmember,evaluation,0,0,0.5002084374427795,0,0.5014635920524597,False,4,1.0,1,"[0.738298, 0.261702]"
minesweeper,client,456,1933,7,M0,attack_nonmember,evaluation,0,0,0.5004259347915649,0,0.5014635920524597,False,4,0.75,1,"[0.764602, 0.235398]"
minesweeper,client,456,2028,7,M0,attack_nonmember,evaluation,0,0,0.5015828609466553,1,0.5014635920524597,False,4,0.75,1,"[0.904612, 0.095388]"
minesweeper,client,456,5215,7,M0,attack_nonmember,evaluation,0,0,0.500981867313385,0,0.5014635920524597,False,3,1.0,1,"[0.83187, 0.16813]"
minesweeper,client,456,5315,7,M0,attack_nonmember,evaluation,0,0,0.5001250505447388,0,0.5014635920524597,False,4,1.0,1,"[0.728206, 0.271794]"
minesweeper,client,456,6013,7,M0,attack_nonmember,evaluation,0,0,0.5017715096473694,1,0.5014635920524597,False,4,1.0,1,"[0.927459, 0.072541]"
minesweeper,client,456,6118,7,M0,attack_nonmember,evaluation,0,0,0.5012603402137756,0,0.5014635920524597,False,4,1.0,1,"[0.865568, 0.134432]"
minesweeper,client,456,6310,7,M0,attack_nonmember,evaluation,0,0,0.5000450611114502,0,0.5014635920524597,False,4,1.0,1,"[0.718535, 0.281465]"
minesweeper,client,456,6317,7,M0,attack_nonmember,evaluation,0,0,0.5012388229370117,0,0.5014635920524597,False,4,1.0,1,"[0.862965, 0.137035]"
minesweeper,client,456,6320,7,M0,attack_nonmember,evaluation,0,0,0.5010700225830078,0,0.5014635920524597,False,4,1.0,1,"[0.842541, 0.157459]"
minesweeper,client,456,6413,7,M0,attack_nonmember,evaluation,0,0,0.5005072951316833,0,0.5014635920524597,False,4,0.75,1,"[0.774443, 0.225557]"
minesweeper,client,456,6521,7,M0,attack_nonmember,evaluation,0,0,0.5015335083007812,1,0.5014635920524597,False,4,1.0,1,"[0.898638, 0.101362]"
minesweeper,client,456,6526,7,M0,attack_nonmember,evaluation,0,0,0.4995303452014923,0,0.5014635920524597,False,4,0.75,1,"[0.656296, 0.343704]"
minesweeper,client,456,6619,7,M0,attack_nonmember,evaluation,0,0,0.5008957386016846,0,0.5014635920524597,False,4,1.0,1,"[0.821447, 0.178553]"
minesweeper,client,456,6922,7,M0,attack_nonmember,evaluation,1,0,0.49656417965888977,0,0.5112331509590149,False,4,0.25,0,"[0.904177, 0.095822]"
minesweeper,client,456,6923,7,M0,attack_nonmember,evaluation,0,0,0.5022047758102417,1,0.5014635920524597,False,4,1.0,1,"[0.979932, 0.020068]"
minesweeper,client,456,6926,7,M0,attack_nonmember,evaluation,0,0,0.5014103055000305,0,0.5014635920524597,False,3,0.6666666666666666,1,"[0.883724, 0.116276]"
minesweeper,client,456,7024,7,M0,attack_nonmember,evaluation,0,0,0.5016986727714539,1,0.5014635920524597,False,1,1.0,1,"[0.918639, 0.081361]"
minesweeper,client,456,7116,7,M0,attack_nonmember,evaluation,0,0,0.500300943851471,0,0.5014635920524597,False,4,0.25,1,"[0.749479, 0.250521]"
minesweeper,client,456,7215,7,M0,attack_nonmember,evaluation,1,0,0.5003256797790527,0,0.5112331509590149,False,4,0.0,0,"[0.821145, 0.178854]"
minesweeper,client,456,7217,7,M0,attack_nonmember,evaluation,1,0,0.5024409294128418,0,0.5112331509590149,False,1,0.0,0,"[0.773764, 0.226236]"
minesweeper,client,456,7314,7,M0,attack_nonmember,evaluation,0,0,0.5010607242584229,0,0.5014635920524597,False,2,1.0,1,"[0.841408, 0.158592]"
minesweeper,client,456,61,8,M0,attack_nonmember,evaluation,0,0,0.5019961595535278,1,0.5014635920524597,False,4,1.0,1,"[0.954659, 0.045341]"
minesweeper,client,456,73,8,M0,attack_nonmember,evaluation,0,0,0.5012017488479614,0,0.5014635920524597,False,4,1.0,1,"[0.85848, 0.14152]"
minesweeper,client,456,161,8,M0,attack_nonmember,evaluation,0,0,0.5011646151542664,0,0.5014635920524597,False,4,1.0,1,"[0.853984, 0.146016]"
minesweeper,client,456,170,8,M0,attack_nonmember,evaluation,0,0,0.5006365776062012,0,0.5014635920524597,False,4,0.75,1,"[0.790085, 0.209915]"
minesweeper,client,456,461,8,M0,attack_nonmember,evaluation,0,0,0.4994828999042511,0,0.5014635920524597,False,4,0.5,1,"[0.650556, 0.349444]"
minesweeper,client,456,469,8,M0,attack_nonmember,evaluation,0,0,0.5003216862678528,0,0.5014635920524597,False,4,0.75,1,"[0.751995, 0.248005]"
minesweeper,client,456,472,8,M0,attack_nonmember,evaluation,1,0,0.5021243095397949,0,0.5112331509590149,False,4,0.0,0,"[0.780894, 0.219106]"
minesweeper,client,456,557,8,M0,attack_nonmember,evaluation,0,0,0.5004478693008423,0,0.5014635920524597,False,3,1.0,1,"[0.767259, 0.232741]"
minesweeper,client,456,565,8,M0,attack_nonmember,evaluation,1,0,0.49913308024406433,0,0.5112331509590149,False,4,0.0,0,"[0.847622, 0.152378]"
minesweeper,client,456,671,8,M0,attack_nonmember,evaluation,0,0,0.5008308291435242,0,0.5014635920524597,False,4,0.75,1,"[0.813592, 0.186408]"
minesweeper,client,456,774,8,M0,attack_nonmember,evaluation,0,0,0.5007032155990601,0,0.5014635920524597,False,1,1.0,1,"[0.798148, 0.201852]"
minesweeper,client,456,860,8,M0,attack_nonmember,evaluation,0,0,0.5006834268569946,0,0.5014635920524597,False,4,1.0,1,"[0.795757, 0.204243]"
minesweeper,client,456,871,8,M0,attack_nonmember,evaluation,0,0,0.5010692477226257,0,0.5014635920524597,False,4,1.0,1,"[0.842442, 0.157558]"
minesweeper,client,456,957,8,M0,attack_nonmember,evaluation,0,0,0.49994924664497375,0,0.5014635920524597,False,3,1.0,1,"[0.706946, 0.293054]"
minesweeper,client,456,959,8,M0,attack_nonmember,evaluation,0,0,0.5004307627677917,0,0.5014635920524597,False,4,0.75,1,"[0.765189, 0.234811]"
minesweeper,client,456,1164,8,M0,attack_nonmember,evaluation,0,0,0.5000994801521301,0,0.5014635920524597,False,4,1.0,1,"[0.725114, 0.274886]"
minesweeper,client,456,1256,8,M0,attack_nonmember,evaluation,0,0,0.5007004141807556,0,0.5014635920524597,False,4,1.0,1,"[0.797816, 0.202184]"
minesweeper,client,456,1269,8,M0,attack_nonmember,evaluation,0,0,0.5001818537712097,0,0.5014635920524597,False,3,1.0,1,"[0.735081, 0.26492]"
minesweeper,client,456,1362,8,M0,attack_nonmember,evaluation,0,0,0.5004441738128662,0,0.5014635920524597,False,4,0.5,1,"[0.76681, 0.23319]"
minesweeper,client,456,1363,8,M0,attack_nonmember,evaluation,1,0,0.5043836832046509,0,0.5112331509590149,False,4,0.25,0,"[0.729685, 0.270315]"
minesweeper,client,456,1365,8,M0,attack_nonmember,evaluation,1,0,0.5085845589637756,0,0.5112331509590149,False,4,0.0,0,"[0.632063, 0.367937]"
minesweeper,client,456,1461,8,M0,attack_nonmember,evaluation,0,0,0.5006043910980225,0,0.5014635920524597,False,4,0.75,1,"[0.78619, 0.21381]"
minesweeper,client,456,1463,8,M0,attack_nonmember,evaluation,0,0,0.499927282333374,0,0.5014635920524597,False,4,1.0,1,"[0.704294, 0.295706]"
minesweeper,client,456,1555,8,M0,attack_nonmember,evaluation,0,0,0.500873327255249,0,0.5014635920524597,False,3,0.6666666666666666,1,"[0.818734, 0.181266]"
minesweeper,client,456,1559,8,M0,attack_nonmember,evaluation,1,0,0.5051236748695374,0,0.5112331509590149,False,4,0.25,0,"[0.712735, 0.287265]"
minesweeper,client,456,1568,8,M0,attack_nonmember,evaluation,0,0,0.4988166093826294,0,0.5014635920524597,False,2,1.0,1,"[0.570009, 0.429991]"
minesweeper,client,456,1862,8,M0,attack_nonmember,evaluation,0,0,0.5012019276618958,0,0.5014635920524597,False,4,1.0,1,"[0.858502, 0.141498]"
minesweeper,client,456,1866,8,M0,attack_nonmember,evaluation,0,0,0.4996863901615143,0,0.5014635920524597,False,4,0.25,1,"[0.675159, 0.324841]"
minesweeper,client,456,1956,8,M0,attack_nonmember,evaluation,0,0,0.5013895630836487,0,0.5014635920524597,False,3,0.3333333333333333,1,"[0.881214, 0.118786]"
minesweeper,client,456,1957,8,M0,attack_nonmember,evaluation,1,0,0.49765247106552124,0,0.5112331509590149,False,4,0.25,0,"[0.88029, 0.11971]"
minesweeper,client,456,1959,8,M0,attack_nonmember,evaluation,1,0,0.5003948211669922,0,0.5112331509590149,False,4,0.0,0,"[0.819605, 0.180395]"
minesweeper,client,456,2062,8,M0,attack_nonmember,evaluation,1,0,0.504529595375061,0,0.5112331509590149,False,4,0.25,0,"[0.726351, 0.273649]"
minesweeper,client,456,2367,8,M0,attack_nonmember,evaluation,1,0,0.49992191791534424,0,0.5112331509590149,False,1,0.0,0,"[0.830126, 0.169874]"
minesweeper,client,456,8,8,M0,attack_nonmember,evaluation,0,0,0.5010507702827454,0,0.5014635920524597,False,4,0.75,1,"[0.840206, 0.159794]"
minesweeper,client,456,108,8,M0,attack_nonmember,evaluation,1,0,0.498929888010025,0,0.5112331509590149,False,4,0.0,0,"[0.852118, 0.147882]"
minesweeper,client,456,309,8,M0,attack_nonmember,evaluation,0,0,0.5008054971694946,0,0.5014635920524597,False,4,0.75,1,"[0.810526, 0.189474]"
minesweeper,client,456,310,8,M0,attack_nonmember,evaluation,0,0,0.5011288523674011,0,0.5014635920524597,False,4,0.75,1,"[0.849654, 0.150346]"
minesweeper,client,456,415,8,M0,attack_nonmember,evaluation,1,0,0.5063547492027283,0,0.5112331509590149,False,4,0.25,0,"[0.684316, 0.315684]"
minesweeper,client,456,506,8,M0,attack_nonmember,evaluation,1,0,0.4986962378025055,0,0.5112331509590149,False,4,0.0,0,"[0.857282, 0.142718]"
minesweeper,client,456,510,8,M0,attack_nonmember,evaluation,0,0,0.5008585453033447,0,0.5014635920524597,False,4,1.0,1,"[0.816943, 0.183057]"
minesweeper,client,456,514,8,M0,attack_nonmember,evaluation,0,0,0.4991110563278198,0,0.5014635920524597,False,4,0.5,1,"[0.6056, 0.3944]"
minesweeper,client,456,912,8,M0,attack_nonmember,evaluation,0,0,0.5021473169326782,1,0.5014635920524597,False,4,1.0,1,"[0.972967, 0.027033]"
minesweeper,client,456,1001,8,M0,attack_nonmember,evaluation,0,0,0.5017699003219604,1,0.5014635920524597,False,4,1.0,1,"[0.927256, 0.072745]"
minesweeper,client,456,1005,8,M0,attack_nonmember,evaluation,0,0,0.5007312297821045,0,0.5014635920524597,False,4,1.0,1,"[0.80154, 0.19846]"
minesweeper,client,456,1113,8,M0,attack_nonmember,evaluation,0,0,0.5022788047790527,1,0.5014635920524597,False,2,1.0,1,"[0.988894, 0.011106]"
minesweeper,client,456,1200,8,M0,attack_nonmember,evaluation,0,0,0.5007305145263672,0,0.5014635920524597,False,3,1.0,1,"[0.801455, 0.198545]"
minesweeper,client,456,1202,8,M0,attack_nonmember,evaluation,0,0,0.5004918575286865,0,0.5014635920524597,False,4,1.0,1,"[0.772582, 0.227418]"
minesweeper,client,456,1300,8,M0,attack_nonmember,evaluation,0,0,0.5000559687614441,0,0.5014635920524597,False,3,1.0,1,"[0.71985, 0.28015]"
minesweeper,client,456,1304,8,M0,attack_nonmember,evaluation,0,0,0.5003021359443665,0,0.5014635920524597,False,4,1.0,1,"[0.74963, 0.25037]"
minesweeper,client,456,1308,8,M0,attack_nonmember,evaluation,0,0,0.5004534721374512,0,0.5014635920524597,False,4,0.75,1,"[0.767933, 0.232067]"
minesweeper,client,456,8461,9,M0,attack_nonmember,evaluation,1,0,0.5036399364471436,0,0.5112331509590149,False,3,0.0,0,"[0.74663, 0.25337]"
minesweeper,client,456,8551,9,M0,attack_nonmember,evaluation,1,0,0.5054906010627747,0,0.5112331509590149,False,4,0.25,0,"[0.704294, 0.295706]"
minesweeper,client,456,8561,9,M0,attack_nonmember,evaluation,0,0,0.5008140802383423,0,0.5014635920524597,False,4,0.75,1,"[0.811564, 0.188436]"
minesweeper,client,456,8658,9,M0,attack_nonmember,evaluation,0,0,0.5003405213356018,0,0.5014635920524597,False,4,0.75,1,"[0.754273, 0.245727]"
minesweeper,client,456,8756,9,M0,attack_nonmember,evaluation,0,0,0.4999381899833679,0,0.5014635920524597,False,4,0.75,1,"[0.705612, 0.294388]"
minesweeper,client,456,8838,9,M0,attack_nonmember,evaluation,0,0,0.49909520149230957,0,0.5014635920524597,False,3,0.6666666666666666,1,"[0.603685, 0.396315]"
minesweeper,client,456,8852,9,M0,attack_nonmember,evaluation,0,0,0.5001540780067444,0,0.5014635920524597,False,4,1.0,1,"[0.731719, 0.268281]"
minesweeper,client,456,8948,9,M0,attack_nonmember,evaluation,0,0,0.5008651614189148,0,0.5014635920524597,False,4,0.75,1,"[0.817749, 0.182251]"
minesweeper,client,456,8951,9,M0,attack_nonmember,evaluation,0,0,0.49963781237602234,0,0.5014635920524597,False,4,0.75,1,"[0.669289, 0.330711]"
minesweeper,client,456,9041,9,M0,attack_nonmember,evaluation,0,0,0.4992069900035858,0,0.5014635920524597,False,4,0.5,1,"[0.617193, 0.382807]"
minesweeper,client,456,9055,9,M0,attack_nonmember,evaluation,0,0,0.5002411007881165,0,0.5014635920524597,False,4,0.75,1,"[0.742246, 0.257754]"
minesweeper,client,456,9138,9,M0,attack_nonmember,evaluation,0,0,0.5017651319503784,1,0.5014635920524597,False,3,1.0,1,"[0.92668, 0.07332]"
minesweeper,client,456,9140,9,M0,attack_nonmember,evaluation,0,0,0.5000196695327759,0,0.5014635920524597,False,4,0.75,1,"[0.715464, 0.284536]"
minesweeper,client,456,9256,9,M0,attack_nonmember,evaluation,0,0,0.49926865100860596,0,0.5014635920524597,False,4,0.5,1,"[0.62465, 0.37535]"
minesweeper,client,456,9342,9,M0,attack_nonmember,evaluation,0,0,0.5002939701080322,0,0.5014635920524597,False,4,0.75,1,"[0.748637, 0.251363]"
minesweeper,client,456,9344,9,M0,attack_nonmember,evaluation,0,0,0.5003280639648438,0,0.5014635920524597,False,4,1.0,1,"[0.752763, 0.247237]"
minesweeper,client,456,9347,9,M0,attack_nonmember,evaluation,0,0,0.4998933672904968,0,0.5014635920524597,False,4,0.75,1,"[0.700191, 0.299809]"
minesweeper,client,456,9438,9,M0,attack_nonmember,evaluation,0,0,0.5008767247200012,0,0.5014635920524597,False,4,1.0,1,"[0.819145, 0.180855]"
minesweeper,client,456,9455,9,M0,attack_nonmember,evaluation,0,0,0.5016795992851257,1,0.5014635920524597,False,4,0.75,1,"[0.916328, 0.083672]"
minesweeper,client,456,9534,9,M0,attack_nonmember,evaluation,0,0,0.5001400709152222,0,0.5014635920524597,False,3,0.6666666666666666,1,"[0.730026, 0.269974]"
minesweeper,client,456,9538,9,M0,attack_nonmember,evaluation,0,0,0.5016040205955505,1,0.5014635920524597,False,4,1.0,1,"[0.907177, 0.092823]"
minesweeper,client,456,9547,9,M0,attack_nonmember,evaluation,0,0,0.49975457787513733,0,0.5014635920524597,False,4,0.5,1,"[0.683402, 0.316598]"
minesweeper,client,456,9641,9,M0,attack_nonmember,evaluation,1,0,0.5032992959022522,0,0.5112331509590149,False,4,0.0,0,"[0.75436, 0.24564]"
minesweeper,client,456,9650,9,M0,attack_nonmember,evaluation,0,0,0.500845193862915,0,0.5014635920524597,False,4,1.0,1,"[0.815332, 0.184668]"
minesweeper,client,456,9652,9,M0,attack_nonmember,evaluation,0,0,0.5004031658172607,0,0.5014635920524597,False,4,1.0,1,"[0.761852, 0.238148]"
minesweeper,client,456,9740,9,M0,attack_nonmember,evaluation,0,0,0.5012653470039368,0,0.5014635920524597,False,4,1.0,1,"[0.866178, 0.133822]"
minesweeper,client,456,9741,9,M0,attack_nonmember,evaluation,0,0,0.500911295413971,0,0.5014635920524597,False,4,0.75,1,"[0.823331, 0.176669]"
minesweeper,client,456,9842,9,M0,attack_nonmember,evaluation,1,0,0.49886709451675415,0,0.5112331509590149,False,4,0.25,0,"[0.853506, 0.146494]"
minesweeper,client,456,9850,9,M0,attack_nonmember,evaluation,1,0,0.4952486753463745,0,0.5112331509590149,False,4,0.25,0,"[0.932937, 0.067063]"
minesweeper,client,456,9862,9,M0,attack_nonmember,evaluation,0,0,0.5009175539016724,0,0.5014635920524597,False,4,0.75,1,"[0.824086, 0.175914]"
minesweeper,client,456,9953,9,M0,attack_nonmember,evaluation,0,0,0.5005335211753845,0,0.5014635920524597,False,1,1.0,1,"[0.777613, 0.222387]"
minesweeper,client,456,9960,9,M0,attack_nonmember,evaluation,0,0,0.5007566213607788,0,0.5014635920524597,False,1,0.0,1,"[0.804609, 0.195391]"
minesweeper,client,456,79,9,M0,attack_nonmember,evaluation,0,0,0.49992066621780396,0,0.5014635920524597,False,4,0.25,1,"[0.703493, 0.296507]"
minesweeper,client,456,82,9,M0,attack_nonmember,evaluation,1,0,0.5041888356208801,0,0.5112331509590149,False,4,0.0,0,"[0.734134, 0.265866]"
minesweeper,client,456,96,9,M0,attack_nonmember,evaluation,0,0,0.500159502029419,0,0.5014635920524597,False,4,0.75,1,"[0.732374, 0.267626]"
minesweeper,client,456,182,9,M0,attack_nonmember,evaluation,0,0,0.5002099871635437,0,0.5014635920524597,False,4,1.0,1,"[0.738484, 0.261516]"
minesweeper,client,456,189,9,M0,attack_nonmember,evaluation,0,0,0.500145673751831,0,0.5014635920524597,False,4,0.5,1,"[0.730699, 0.269301]"
minesweeper,client,456,190,9,M0,attack_nonmember,evaluation,1,0,0.5049909353256226,0,0.5112331509590149,False,4,0.0,0,"[0.715783, 0.284217]"
minesweeper,client,456,198,9,M0,attack_nonmember,evaluation,0,0,0.5004817247390747,0,0.5014635920524597,False,4,1.0,1,"[0.771352, 0.228648]"
minesweeper,client,456,199,9,M0,attack_nonmember,evaluation,0,0,0.500091016292572,0,0.5014635920524597,False,2,1.0,1,"[0.724094, 0.275906]"
minesweeper,client,456,293,9,M0,attack_nonmember,evaluation,0,0,0.4989667534828186,0,0.5014635920524597,False,4,0.25,1,"[0.588149, 0.411851]"
minesweeper,client,456,399,9,M0,attack_nonmember,evaluation,0,0,0.49997398257255554,0,0.5014635920524597,False,2,0.5,1,"[0.709939, 0.290061]"
minesweeper,client,456,794,9,M0,attack_nonmember,evaluation,1,0,0.5107479095458984,0,0.5112331509590149,False,4,0.25,0,"[0.580268, 0.419732]"
minesweeper,client,456,883,9,M0,attack_nonmember,evaluation,0,0,0.49990230798721313,0,0.5014635920524597,False,4,1.0,1,"[0.701272, 0.298728]"
minesweeper,client,456,993,9,M0,attack_nonmember,evaluation,0,0,0.49976879358291626,0,0.5014635920524597,False,4,0.25,1,"[0.685123, 0.314877]"
minesweeper,client,456,1085,9,M0,attack_nonmember,evaluation,0,0,0.49881845712661743,0,0.5014635920524597,False,4,0.5,1,"[0.570228, 0.429772]"
minesweeper,client,456,1098,9,M0,attack_nonmember,evaluation,0,0,0.5012298822402954,0,0.5014635920524597,False,4,1.0,1,"[0.861885, 0.138115]"
minesweeper,client,456,1193,9,M0,attack_nonmember,evaluation,1,0,0.5028626918792725,0,0.5112331509590149,False,4,0.25,0,"[0.764243, 0.235757]"
minesweeper,client,456,1199,9,M0,attack_nonmember,evaluation,0,0,0.5011541843414307,0,0.5014635920524597,False,2,0.5,1,"[0.852717, 0.147283]"
minesweeper,client,456,1289,9,M0,attack_nonmember,evaluation,0,0,0.5014260411262512,0,0.5014635920524597,False,4,0.75,1,"[0.88563, 0.11437]"
minesweeper,client,456,1389,9,M0,attack_nonmember,evaluation,0,0,0.5013406276702881,0,0.5014635920524597,False,4,1.0,1,"[0.875293, 0.124707]"
minesweeper,client,456,7978,10,M0,attack_nonmember,evaluation,0,0,0.49979880452156067,0,0.5014635920524597,False,4,0.5,1,"[0.688749, 0.311251]"
minesweeper,client,456,8080,10,M0,attack_nonmember,evaluation,0,0,0.49933624267578125,0,0.5014635920524597,False,4,0.75,1,"[0.632817, 0.367183]"
minesweeper,client,456,8181,10,M0,attack_nonmember,evaluation,0,0,0.5002154111862183,0,0.5014635920524597,False,4,0.5,1,"[0.739136, 0.260864]"
minesweeper,client,456,8376,10,M0,attack_nonmember,evaluation,1,0,0.5044522881507874,0,0.5112331509590149,False,4,0.25,0,"[0.728118, 0.271882]"
minesweeper,client,456,8383,10,M0,attack_nonmember,evaluation,0,0,0.500821590423584,0,0.5014635920524597,False,4,1.0,1,"[0.812473, 0.187527]"
minesweeper,client,456,8487,10,M0,attack_nonmember,evaluation,1,0,0.5030253529548645,0,0.5112331509590149,False,4,0.0,0,"[0.760564, 0.239436]"
minesweeper,client,456,8682,10,M0,attack_nonmember,evaluation,1,0,0.5037328004837036,0,0.5112331509590149,False,4,0.0,0,"[0.74452, 0.25548]"
minesweeper,client,456,8696,10,M0,attack_nonmember,evaluation,0,0,0.5002601742744446,0,0.5014635920524597,False,3,1.0,1,"[0.744553, 0.255447]"
minesweeper,client,456,8789,10,M0,attack_nonmember,evaluation,0,0,0.5013436675071716,0,0.5014635920524597,False,4,1.0,1,"[0.875662, 0.124338]"
minesweeper,client,456,8880,10,M0,attack_nonmember,evaluation,1,0,0.5045620203018188,0,0.5112331509590149,False,4,0.0,0,"[0.72561, 0.27439]"
minesweeper,client,456,9080,10,M0,attack_nonmember,evaluation,0,0,0.5010035037994385,0,0.5014635920524597,False,4,0.75,1,"[0.834485, 0.165515]"
minesweeper,client,456,9096,10,M0,attack_nonmember,evaluation,1,0,0.511201024055481,0,0.5112331509590149,False,4,0.0,0,"[0.569265, 0.430735]"
minesweeper,client,456,9198,10,M0,attack_nonmember,evaluation,1,0,0.5045946836471558,0,0.5112331509590149,False,4,0.25,0,"[0.724862, 0.275138]"
minesweeper,client,456,9287,10,M0,attack_nonmember,evaluation,0,0,0.4994257688522339,0,0.5014635920524597,False,4,0.5,1,"[0.643645, 0.356355]"
minesweeper,client,456,9394,10,M0,attack_nonmember,evaluation,0,0,0.5012673735618591,0,0.5014635920524597,False,4,1.0,1,"[0.866423, 0.133577]"
minesweeper,client,456,9395,10,M0,attack_nonmember,evaluation,0,0,0.5011292099952698,0,0.5014635920524597,False,4,0.75,1,"[0.8497, 0.1503]"
minesweeper,client,456,9398,10,M0,attack_nonmember,evaluation,0,0,0.5006698369979858,0,0.5014635920524597,False,4,0.75,1,"[0.794112, 0.205888]"
minesweeper,client,456,9479,10,M0,attack_nonmember,evaluation,0,0,0.5011608600616455,0,0.5014635920524597,False,4,1.0,1,"[0.853528, 0.146472]"
minesweeper,client,456,9480,10,M0,attack_nonmember,evaluation,0,0,0.5006902813911438,0,0.5014635920524597,False,4,0.5,1,"[0.796586, 0.203414]"
minesweeper,client,456,9483,10,M0,attack_nonmember,evaluation,1,0,0.508557140827179,0,0.5112331509590149,False,4,0.0,0,"[0.632712, 0.367288]"
minesweeper,client,456,9495,10,M0,attack_nonmember,evaluation,0,0,0.5014445781707764,0,0.5014635920524597,False,4,0.75,1,"[0.887872, 0.112129]"
minesweeper,client,456,9596,10,M0,attack_nonmember,evaluation,0,0,0.5005798935890198,0,0.5014635920524597,False,4,0.75,1,"[0.783227, 0.216773]"
minesweeper,client,456,9686,10,M0,attack_nonmember,evaluation,0,0,0.5009922981262207,0,0.5014635920524597,False,4,1.0,1,"[0.833133, 0.166867]"
minesweeper,client,456,9790,10,M0,attack_nonmember,evaluation,1,0,0.5032122135162354,0,0.5112331509590149,False,4,0.25,0,"[0.756334, 0.243666]"
minesweeper,client,456,9889,10,M0,attack_nonmember,evaluation,0,0,0.501619279384613,1,0.5014635920524597,False,4,0.75,1,"[0.909024, 0.090976]"
minesweeper,client,456,9895,10,M0,attack_nonmember,evaluation,0,0,0.5011972188949585,0,0.5014635920524597,False,4,1.0,1,"[0.857929, 0.142071]"
minesweeper,client,456,9984,10,M0,attack_nonmember,evaluation,0,0,0.5010324120521545,0,0.5014635920524597,False,1,1.0,1,"[0.83798, 0.16202]"
minesweeper,client,456,9995,10,M0,attack_nonmember,evaluation,0,0,0.5007566213607788,0,0.5014635920524597,False,1,1.0,1,"[0.804609, 0.195391]"
minesweeper,client,456,8169,10,M0,attack_nonmember,evaluation,1,0,0.5035957098007202,0,0.5112331509590149,False,4,0.0,0,"[0.747635, 0.252365]"
minesweeper,client,456,8364,10,M0,attack_nonmember,evaluation,0,0,0.49992167949676514,0,0.5014635920524597,False,4,0.5,1,"[0.703614, 0.296385]"
minesweeper,client,456,8367,10,M0,attack_nonmember,evaluation,0,0,0.502002477645874,1,0.5014635920524597,False,4,1.0,1,"[0.95542, 0.04458]"
minesweeper,client,456,8474,10,M0,attack_nonmember,evaluation,0,0,0.5014078617095947,0,0.5014635920524597,False,4,1.0,1,"[0.883428, 0.116572]"
minesweeper,client,456,8476,10,M0,attack_nonmember,evaluation,0,0,0.4999900460243225,0,0.5014635920524597,False,4,1.0,1,"[0.711876, 0.288124]"
minesweeper,client,456,8566,10,M0,attack_nonmember,evaluation,0,0,0.500213086605072,0,0.5014635920524597,False,4,0.75,1,"[0.738854, 0.261146]"
minesweeper,client,456,8664,10,M0,attack_nonmember,evaluation,0,0,0.49979034066200256,0,0.5014635920524597,False,4,0.5,1,"[0.687734, 0.312266]"
minesweeper,client,456,8762,10,M0,attack_nonmember,evaluation,0,0,0.5005552768707275,0,0.5014635920524597,False,3,1.0,1,"[0.780253, 0.219747]"
minesweeper,client,456,8768,10,M0,attack_nonmember,evaluation,0,0,0.499662846326828,0,0.5014635920524597,False,4,0.75,1,"[0.672309, 0.327691]"
minesweeper,client,456,8769,10,M0,attack_nonmember,evaluation,0,0,0.5008548498153687,0,0.5014635920524597,False,4,0.75,1,"[0.816499, 0.183501]"
minesweeper,client,456,8770,10,M0,attack_nonmember,evaluation,0,0,0.501794159412384,1,0.5014635920524597,False,4,0.75,1,"[0.930194, 0.069806]"
minesweeper,client,456,8773,10,M0,attack_nonmember,evaluation,0,0,0.5009504556655884,0,0.5014635920524597,False,4,1.0,1,"[0.828066, 0.171934]"
minesweeper,client,456,8871,10,M0,attack_nonmember,evaluation,0,0,0.5016435980796814,1,0.5014635920524597,False,4,1.0,1,"[0.91197, 0.08803]"
minesweeper,client,456,8972,10,M0,attack_nonmember,evaluation,0,0,0.500526487827301,0,0.5014635920524597,False,4,0.75,1,"[0.776771, 0.223229]"
minesweeper,client,456,9071,10,M0,attack_nonmember,evaluation,0,0,0.5008084177970886,0,0.5014635920524597,False,4,0.75,1,"[0.810878, 0.189122]"
minesweeper,client,456,9268,10,M0,attack_nonmember,evaluation,0,0,0.500020444393158,0,0.5014635920524597,False,4,1.0,1,"[0.715555, 0.284445]"
minesweeper,client,456,9470,10,M0,attack_nonmember,evaluation,0,0,0.5011155009269714,0,0.5014635920524597,False,4,1.0,1,"[0.848038, 0.151962]"
minesweeper,client,456,9474,10,M0,attack_nonmember,evaluation,0,0,0.4992230534553528,0,0.5014635920524597,False,4,0.5,1,"[0.619137, 0.380864]"
minesweeper,client,456,9575,10,M0,attack_nonmember,evaluation,1,0,0.511201024055481,0,0.5112331509590149,False,4,0.25,0,"[0.569265, 0.430735]"
minesweeper,client,456,9674,10,M0,attack_nonmember,evaluation,1,0,0.5083725452423096,0,0.5112331509590149,False,4,0.25,0,"[0.637077, 0.362923]"
minesweeper,client,456,9766,10,M0,attack_nonmember,evaluation,0,0,0.5012032985687256,0,0.5014635920524597,False,4,1.0,1,"[0.858667, 0.141333]"
minesweeper,client,456,9866,10,M0,attack_nonmember,evaluation,0,0,0.5020980834960938,1,0.5014635920524597,False,4,1.0,1,"[0.967001, 0.032999]"
minesweeper,client,456,9970,10,M0,attack_nonmember,evaluation,0,0,0.5007979869842529,0,0.5014635920524597,False,1,0.0,1,"[0.80962, 0.19038]"
minesweeper,client,456,9974,10,M0,attack_nonmember,evaluation,0,0,0.5020371079444885,1,0.5014635920524597,False,1,1.0,1,"[0.95962, 0.04038]"
minesweeper,client,456,7044,11,M0,attack_nonmember,evaluation,1,0,0.5042906403541565,0,0.5112331509590149,False,4,0.0,0,"[0.731809, 0.268191]"
minesweeper,client,456,7249,11,M0,attack_nonmember,evaluation,0,0,0.5006782412528992,0,0.5014635920524597,False,4,1.0,1,"[0.795128, 0.204872]"
minesweeper,client,456,7446,11,M0,attack_nonmember,evaluation,1,0,0.5020049810409546,0,0.5112331509590149,False,4,0.0,0,"[0.783578, 0.216422]"
minesweeper,client,456,7543,11,M0,attack_nonmember,evaluation,0,0,0.5012482404708862,0,0.5014635920524597,False,4,1.0,1,"[0.864109, 0.135891]"
minesweeper,client,456,7546,11,M0,attack_nonmember,evaluation,0,0,0.5008963346481323,0,0.5014635920524597,False,4,0.75,1,"[0.821516, 0.178484]"
minesweeper,client,456,7558,11,M0,attack_nonmember,evaluation,0,0,0.5001454949378967,0,0.5014635920524597,False,4,1.0,1,"[0.730681, 0.269319]"
minesweeper,client,456,7559,11,M0,attack_nonmember,evaluation,0,0,0.5007937550544739,0,0.5014635920524597,False,4,0.75,1,"[0.809104, 0.190896]"
minesweeper,client,456,7645,11,M0,attack_nonmember,evaluation,0,0,0.5003997683525085,0,0.5014635920524597,False,4,0.75,1,"[0.761439, 0.238561]"
minesweeper,client,456,7740,11,M0,attack_nonmember,evaluation,0,0,0.50160151720047,1,0.5014635920524597,False,4,1.0,1,"[0.906874, 0.093126]"
minesweeper,client,456,7749,11,M0,attack_nonmember,evaluation,0,0,0.49993056058883667,0,0.5014635920524597,False,4,0.5,1,"[0.704686, 0.295314]"
minesweeper,client,456,7764,11,M0,attack_nonmember,evaluation,0,0,0.500257670879364,0,0.5014635920524597,False,4,0.75,1,"[0.744249, 0.255751]"
minesweeper,client,456,7845,11,M0,attack_nonmember,evaluation,0,0,0.5003558993339539,0,0.5014635920524597,False,4,0.75,1,"[0.756131, 0.243869]"
minesweeper,client,456,7847,11,M0,attack_nonmember,evaluation,0,0,0.5002281069755554,0,0.5014635920524597,False,4,0.75,1,"[0.740673, 0.259327]"
minesweeper,client,456,7858,11,M0,attack_nonmember,evaluation,0,0,0.4999230206012726,0,0.5014635920524597,False,4,0.75,1,"[0.703772, 0.296228]"
minesweeper,client,456,8040,11,M0,attack_nonmember,evaluation,0,0,0.5006347894668579,0,0.5014635920524597,False,4,1.0,1,"[0.789866, 0.210134]"
minesweeper,client,456,8042,11,M0,attack_nonmember,evaluation,0,0,0.4995533525943756,0,0.5014635920524597,False,4,0.75,1,"[0.659073, 0.340927]"
minesweeper,client,456,8154,11,M0,attack_nonmember,evaluation,0,0,0.5014699697494507,1,0.5014635920524597,False,4,1.0,1,"[0.890948, 0.109052]"
minesweeper,client,456,8155,11,M0,attack_nonmember,evaluation,0,0,0.5015662908554077,1,0.5014635920524597,False,4,1.0,1,"[0.902604, 0.097396]"
minesweeper,client,456,8156,11,M0,attack_nonmember,evaluation,0,0,0.5010013580322266,0,0.5014635920524597,False,4,1.0,1,"[0.834226, 0.165774]"
minesweeper,client,456,8246,11,M0,attack_nonmember,evaluation,0,0,0.5021094679832458,1,0.5014635920524597,False,4,1.0,1,"[0.96838, 0.03162]"
minesweeper,client,456,8340,11,M0,attack_nonmember,evaluation,1,0,0.5068463087081909,0,0.5112331509590149,False,4,0.5,0,"[0.672888, 0.327112]"
minesweeper,client,456,8344,11,M0,attack_nonmember,evaluation,0,0,0.5009213089942932,0,0.5014635920524597,False,4,1.0,1,"[0.824541, 0.175459]"
minesweeper,client,456,8445,11,M0,attack_nonmember,evaluation,0,0,0.5007418990135193,0,0.5014635920524597,False,4,1.0,1,"[0.802831, 0.197169]"
minesweeper,client,456,8455,11,M0,attack_nonmember,evaluation,0,0,0.5010389685630798,0,0.5014635920524597,False,2,1.0,1,"[0.838775, 0.161225]"
minesweeper,client,456,8640,11,M0,attack_nonmember,evaluation,0,0,0.4998522996902466,0,0.5014635920524597,False,4,0.75,1,"[0.695217, 0.304783]"
minesweeper,client,456,1589,11,M0,attack_nonmember,evaluation,0,0,0.49953988194465637,0,0.5014635920524597,False,4,0.5,1,"[0.657443, 0.342557]"
minesweeper,client,456,1686,11,M0,attack_nonmember,evaluation,1,0,0.5112398266792297,1,0.5112331509590149,False,3,0.0,0,"[0.56832, 0.43168]"
minesweeper,client,456,1688,11,M0,attack_nonmember,evaluation,0,0,0.4986816942691803,0,0.5014635920524597,False,4,0.5,1,"[0.553697, 0.446303]"
minesweeper,client,456,1691,11,M0,attack_nonmember,evaluation,0,0,0.4999340772628784,0,0.5014635920524597,False,4,0.75,1,"[0.705115, 0.294885]"
minesweeper,client,456,1794,11,M0,attack_nonmember,evaluation,0,0,0.5008631944656372,0,0.5014635920524597,False,4,1.0,1,"[0.817511, 0.182489]"
minesweeper,client,456,1796,11,M0,attack_nonmember,evaluation,0,0,0.5000095963478088,0,0.5014635920524597,False,4,0.75,1,"[0.714243, 0.285757]"
minesweeper,client,456,1994,11,M0,attack_nonmember,evaluation,0,0,0.4989013075828552,0,0.5014635920524597,False,4,0.25,1,"[0.580247, 0.419753]"
minesweeper,client,456,2187,11,M0,attack_nonmember,evaluation,1,0,0.505835771560669,0,0.5112331509590149,False,3,0.0,0,"[0.696331, 0.303669]"
minesweeper,client,456,2287,11,M0,attack_nonmember,evaluation,0,0,0.4998173713684082,0,0.5014635920524597,False,3,0.6666666666666666,1,"[0.690996, 0.309004]"
minesweeper,client,456,2296,11,M0,attack_nonmember,evaluation,1,0,0.506536602973938,0,0.5112331509590149,False,4,0.25,0,"[0.680093, 0.319907]"
minesweeper,client,456,2298,11,M0,attack_nonmember,evaluation,0,0,0.5008588433265686,0,0.5014635920524597,False,4,1.0,1,"[0.816979, 0.183021]"
minesweeper,client,456,2387,11,M0,attack_nonmember,evaluation,1,0,0.5044174790382385,0,0.5112331509590149,False,3,0.0,0,"[0.728914, 0.271086]"
minesweeper,client,456,2494,11,M0,attack_nonmember,evaluation,0,0,0.5002695322036743,0,0.5014635920524597,False,4,0.75,1,"[0.745683, 0.254317]"
minesweeper,client,456,2596,11,M0,attack_nonmember,evaluation,0,0,0.4994560182094574,0,0.5014635920524597,False,4,0.75,1,"[0.647305, 0.352695]"
minesweeper,client,456,2798,11,M0,attack_nonmember,evaluation,0,0,0.5012329816818237,0,0.5014635920524597,False,4,0.75,1,"[0.862261, 0.137739]"
minesweeper,client,456,2899,11,M0,attack_nonmember,evaluation,0,0,0.5014532804489136,0,0.5014635920524597,False,2,1.0,1,"[0.888924, 0.111076]"
minesweeper,client,456,2994,11,M0,attack_nonmember,evaluation,0,0,0.4999365210533142,0,0.5014635920524597,False,4,1.0,1,"[0.705407, 0.294593]"
minesweeper,client,456,2999,11,M0,attack_nonmember,evaluation,0,0,0.5015706419944763,1,0.5014635920524597,False,2,0.5,1,"[0.903134, 0.096866]"
minesweeper,client,456,3096,11,M0,attack_nonmember,evaluation,1,0,0.5066835880279541,0,0.5112331509590149,False,4,0.25,0,"[0.676675, 0.323325]"
minesweeper,client,456,3195,11,M0,attack_nonmember,evaluation,1,0,0.5148619413375854,1,0.5112331509590149,False,4,0.5,1,"[0.478109, 0.521892]"
minesweeper,client,456,3199,11,M0,attack_nonmember,evaluation,0,0,0.5004867315292358,0,0.5014635920524597,False,2,0.5,1,"[0.771957, 0.228043]"
minesweeper,client,456,3394,11,M0,attack_nonmember,evaluation,1,0,0.5080905556678772,0,0.5112331509590149,False,4,0.25,0,"[0.643731, 0.356269]"
minesweeper,client,456,3489,11,M0,attack_nonmember,evaluation,1,0,0.5036256909370422,0,0.5112331509590149,False,4,0.75,0,"[0.746954, 0.253046]"
minesweeper,client,456,3490,11,M0,attack_nonmember,evaluation,1,0,0.5014335513114929,0,0.5112331509590149,False,4,0.5,0,"[0.796401, 0.203599]"
minesweeper,client,456,3586,11,M0,attack_nonmember,evaluation,1,0,0.5022339224815369,0,0.5112331509590149,False,1,0.0,0,"[0.778427, 0.221573]"
minesweeper,client,456,4510,12,M0,attack_nonmember,evaluation,0,0,0.5006522536277771,0,0.5014635920524597,False,4,1.0,1,"[0.791984, 0.208016]"
minesweeper,client,456,4518,12,M0,attack_nonmember,evaluation,0,0,0.49863770604133606,0,0.5014635920524597,False,3,0.6666666666666666,1,"[0.548378, 0.451622]"
minesweeper,client,456,4610,12,M0,attack_nonmember,evaluation,0,0,0.5009728670120239,0,0.5014635920524597,False,4,1.0,1,"[0.830774, 0.169226]"
minesweeper,client,456,4611,12,M0,attack_nonmember,evaluation,0,0,0.5006944537162781,0,0.5014635920524597,False,4,0.75,1,"[0.797087, 0.202913]"
minesweeper,client,456,4712,12,M0,attack_nonmember,evaluation,1,0,0.5054622888565063,0,0.5112331509590149,False,4,0.25,0,"[0.704945, 0.295055]"
minesweeper,client,456,4713,12,M0,attack_nonmember,evaluation,1,0,0.5079127550125122,0,0.5112331509590149,False,4,0.25,0,"[0.647919, 0.352081]"
minesweeper,client,456,4801,12,M0,attack_nonmember,evaluation,0,0,0.5006875395774841,0,0.5014635920524597,False,4,0.75,1,"[0.79625, 0.20375]"
minesweeper,client,456,4909,12,M0,attack_nonmember,evaluation,0,0,0.5008034110069275,0,0.5014635920524597,False,4,0.75,1,"[0.810273, 0.189727]"
minesweeper,client,456,5109,12,M0,attack_nonmember,evaluation,0,0,0.5002025961875916,0,0.5014635920524597,False,4,0.5,1,"[0.737586, 0.262414]"
minesweeper,client,456,5205,12,M0,attack_nonmember,evaluation,0,0,0.5000864267349243,0,0.5014635920524597,False,4,1.0,1,"[0.723536, 0.276464]"
minesweeper,client,456,5209,12,M0,attack_nonmember,evaluation,0,0,0.5000175833702087,0,0.5014635920524597,False,4,0.75,1,"[0.715207, 0.284793]"
minesweeper,client,456,5306,12,M0,attack_nonmember,evaluation,0,0,0.5005478262901306,0,0.5014635920524597,False,4,1.0,1,"[0.779348, 0.220652]"
minesweeper,client,456,5404,12,M0,attack_nonmember,evaluation,1,0,0.5055764317512512,0,0.5112331509590149,False,4,0.25,0,"[0.702315, 0.297685]"
minesweeper,client,456,5505,12,M0,attack_nonmember,evaluation,1,0,0.5032927393913269,0,0.5112331509590149,False,4,0.25,0,"[0.754509, 0.245491]"
minesweeper,client,456,5701,12,M0,attack_nonmember,evaluation,0,0,0.5001005530357361,0,0.5014635920524597,False,4,0.75,1,"[0.725243, 0.274757]"
minesweeper,client,456,5705,12,M0,attack_nonmember,evaluation,0,0,0.5013523697853088,0,0.5014635920524597,False,4,1.0,1,"[0.876708, 0.123292]"
minesweeper,client,456,5803,12,M0,attack_nonmember,evaluation,0,0,0.5002119541168213,0,0.5014635920524597,False,4,0.75,1,"[0.738719, 0.261281]"
minesweeper,client,456,5904,12,M0,attack_nonmember,evaluation,1,0,0.4983033239841461,0,0.5112331509590149,False,4,0.0,0,"[0.865955, 0.134045]"
minesweeper,client,456,6202,12,M0,attack_nonmember,evaluation,0,0,0.4998330771923065,0,0.5014635920524597,False,4,0.5,1,"[0.692895, 0.307105]"
minesweeper,client,456,6603,12,M0,attack_nonmember,evaluation,0,0,0.5007044672966003,0,0.5014635920524597,False,4,0.75,1,"[0.798299, 0.2017]"
minesweeper,client,456,6707,12,M0,attack_nonmember,evaluation,0,0,0.501027524471283,0,0.5014635920524597,False,4,0.75,1,"[0.837393, 0.162607]"
minesweeper,client,456,6805,12,M0,attack_nonmember,evaluation,0,0,0.5000215172767639,0,0.5014635920524597,False,4,1.0,1,"[0.715686, 0.284314]"
minesweeper,client,456,6906,12,M0,attack_nonmember,evaluation,0,0,0.5018453001976013,1,0.5014635920524597,False,3,0.6666666666666666,1,"[0.936388, 0.063612]"
minesweeper,client,456,8120,12,M0,attack_nonmember,evaluation,0,0,0.49973028898239136,0,0.5014635920524597,False,3,1.0,1,"[0.68047, 0.31953]"
minesweeper,client,456,8228,12,M0,attack_nonmember,evaluation,0,0,0.5008367300033569,0,0.5014635920524597,False,4,1.0,1,"[0.814305, 0.185695]"
minesweeper,client,456,8322,12,M0,attack_nonmember,evaluation,0,0,0.4997425973415375,0,0.5014635920524597,False,4,0.75,1,"[0.681953, 0.318047]"
minesweeper,client,456,8325,12,M0,attack_nonmember,evaluation,1,0,0.5051416754722595,0,0.5112331509590149,False,4,0.0,0,"[0.712321, 0.287679]"
minesweeper,client,456,8335,12,M0,attack_nonmember,evaluation,0,0,0.5001463890075684,0,0.5014635920524597,False,4,0.75,1,"[0.730788, 0.269212]"
minesweeper,client,456,8421,12,M0,attack_nonmember,evaluation,0,0,0.4994514584541321,0,0.5014635920524597,False,4,0.75,1,"[0.64675, 0.35325]"
minesweeper,client,456,8437,12,M0,attack_nonmember,evaluation,0,0,0.49971553683280945,0,0.5014635920524597,False,3,0.6666666666666666,1,"[0.67868, 0.32132]"
minesweeper,client,456,8534,12,M0,attack_nonmember,evaluation,1,0,0.5086444020271301,0,0.5112331509590149,False,4,0.25,0,"[0.630645, 0.369355]"
minesweeper,client,456,8621,12,M0,attack_nonmember,evaluation,0,0,0.4994053542613983,0,0.5014635920524597,False,4,0.5,1,"[0.641178, 0.358822]"
minesweeper,client,456,8625,12,M0,attack_nonmember,evaluation,1,0,0.5085534453392029,0,0.5112331509590149,False,4,0.0,0,"[0.6328, 0.3672]"
minesweeper,client,456,8633,12,M0,attack_nonmember,evaluation,0,0,0.4997722804546356,0,0.5014635920524597,False,4,0.75,1,"[0.685543, 0.314457]"
minesweeper,client,456,8723,12,M0,attack_nonmember,evaluation,0,0,0.49955999851226807,0,0.5014635920524597,False,4,0.75,1,"[0.659879, 0.340121]"
minesweeper,client,456,8826,12,M0,attack_nonmember,evaluation,0,0,0.5001500844955444,0,0.5014635920524597,False,4,0.5,1,"[0.731233, 0.268767]"
minesweeper,client,456,8831,12,M0,attack_nonmember,evaluation,1,0,0.5036532282829285,0,0.5112331509590149,False,4,0.25,0,"[0.746329, 0.253671]"
minesweeper,client,456,8837,12,M0,attack_nonmember,evaluation,1,0,0.5053642988204956,0,0.5112331509590149,False,2,0.0,0,"[0.707202, 0.292798]"
minesweeper,client,456,8923,12,M0,attack_nonmember,evaluation,0,0,0.5002179741859436,0,0.5014635920524597,False,4,0.75,1,"[0.739443, 0.260557]"
minesweeper,client,456,8925,12,M0,attack_nonmember,evaluation,1,0,0.506504476070404,0,0.5112331509590149,False,4,0.5,0,"[0.68084, 0.31916]"
minesweeper,client,456,9021,12,M0,attack_nonmember,evaluation,1,0,0.5046700835227966,0,0.5112331509590149,False,3,0.6666666666666666,0,"[0.723136, 0.276864]"
minesweeper,client,456,9227,12,M0,attack_nonmember,evaluation,0,0,0.49955499172210693,0,0.5014635920524597,False,4,0.75,1,"[0.65927, 0.34073]"
minesweeper,client,456,9237,12,M0,attack_nonmember,evaluation,0,0,0.5009698867797852,0,0.5014635920524597,False,2,1.0,1,"[0.830418, 0.169582]"
minesweeper,client,456,9332,12,M0,attack_nonmember,evaluation,0,0,0.5006899833679199,0,0.5014635920524597,False,4,1.0,1,"[0.796552, 0.203448]"
minesweeper,client,456,9420,12,M0,attack_nonmember,evaluation,0,0,0.5013644099235535,0,0.5014635920524597,False,3,1.0,1,"[0.878169, 0.121831]"
minesweeper,client,456,9427,12,M0,attack_nonmember,evaluation,1,0,0.5086473822593689,0,0.5112331509590149,False,4,0.25,0,"[0.630574, 0.369426]"
minesweeper,client,456,9722,12,M0,attack_nonmember,evaluation,0,0,0.49929279088974,0,0.5014635920524597,False,4,0.5,1,"[0.627567, 0.372433]"
minesweeper,client,456,9728,12,M0,attack_nonmember,evaluation,0,0,0.49906426668167114,0,0.5014635920524597,False,4,0.5,1,"[0.599945, 0.400055]"
minesweeper,client,456,9821,12,M0,attack_nonmember,evaluation,1,0,0.5023531317710876,0,0.5112331509590149,False,3,0.0,0,"[0.775742, 0.224258]"
minesweeper,client,456,9926,12,M0,attack_nonmember,evaluation,0,0,0.5003539323806763,0,0.5014635920524597,False,1,1.0,1,"[0.755892, 0.244108]"
minesweeper,client,456,3720,13,M0,attack_nonmember,evaluation,1,0,0.49929118156433105,0,0.5112331509590149,False,3,0.0,0,"[0.84412, 0.15588]"
minesweeper,client,456,3825,13,M0,attack_nonmember,evaluation,0,0,0.4999499022960663,0,0.5014635920524597,False,4,0.5,1,"[0.707023, 0.292977]"
minesweeper,client,456,4021,13,M0,attack_nonmember,evaluation,0,0,0.5012150406837463,0,0.5014635920524597,False,4,0.75,1,"[0.860089, 0.139911]"
minesweeper,client,456,4125,13,M0,attack_nonmember,evaluation,0,0,0.4998319149017334,0,0.5014635920524597,False,4,0.75,1,"[0.692759, 0.307241]"
minesweeper,client,456,4226,13,M0,attack_nonmember,evaluation,0,0,0.4990256726741791,0,0.5014635920524597,False,4,0.5,1,"[0.595277, 0.404723]"
minesweeper,client,456,4234,13,M0,attack_nonmember,evaluation,0,0,0.500649094581604,0,0.5014635920524597,False,4,1.0,1,"[0.791603, 0.208397]"
minesweeper,client,456,4325,13,M0,attack_nonmember,evaluation,0,0,0.49900779128074646,0,0.5014635920524597,False,4,0.25,1,"[0.593112, 0.406888]"
minesweeper,client,456,4326,13,M0,attack_nonmember,evaluation,1,0,0.5066694617271423,0,0.5112331509590149,False,4,0.25,0,"[0.677004, 0.322996]"
minesweeper,client,456,4423,13,M0,attack_nonmember,evaluation,0,0,0.49920186400413513,0,0.5014635920524597,False,4,0.5,1,"[0.616577, 0.383423]"
minesweeper,client,456,4436,13,M0,attack_nonmember,evaluation,0,0,0.5002703070640564,0,0.5014635920524597,False,4,1.0,1,"[0.745783, 0.254217]"
minesweeper,client,456,4530,13,M0,attack_nonmember,evaluation,0,0,0.5012350678443909,0,0.5014635920524597,False,4,0.75,1,"[0.862509, 0.137491]"
minesweeper,client,456,4531,13,M0,attack_nonmember,evaluation,0,0,0.5006476640701294,0,0.5014635920524597,False,4,0.75,1,"[0.791426, 0.208574]"
minesweeper,client,456,4638,13,M0,attack_nonmember,evaluation,0,0,0.5001364946365356,0,0.5014635920524597,False,4,0.75,1,"[0.729594, 0.270406]"
minesweeper,client,456,4731,13,M0,attack_nonmember,evaluation,0,0,0.5000569224357605,0,0.5014635920524597,False,4,0.5,1,"[0.719969, 0.280031]"
minesweeper,client,456,4820,13,M0,attack_nonmember,evaluation,0,0,0.5005350708961487,0,0.5014635920524597,False,4,1.0,1,"[0.777806, 0.222194]"
minesweeper,client,456,4821,13,M0,attack_nonmember,evaluation,0,0,0.5013535022735596,0,0.5014635920524597,False,4,1.0,1,"[0.876849, 0.123151]"
minesweeper,client,456,4827,13,M0,attack_nonmember,evaluation,0,0,0.5017327666282654,1,0.5014635920524597,False,4,1.0,1,"[0.922767, 0.077233]"
minesweeper,client,456,4924,13,M0,attack_nonmember,evaluation,0,0,0.5009087324142456,0,0.5014635920524597,False,4,1.0,1,"[0.823015, 0.176985]"
minesweeper,client,456,4929,13,M0,attack_nonmember,evaluation,0,0,0.5018861889839172,1,0.5014635920524597,False,4,0.75,1,"[0.941345, 0.058655]"
minesweeper,client,456,4933,13,M0,attack_nonmember,evaluation,0,0,0.5013979077339172,0,0.5014635920524597,False,4,1.0,1,"[0.882228, 0.117772]"
minesweeper,client,456,5029,13,M0,attack_nonmember,evaluation,0,0,0.5018644332885742,1,0.5014635920524597,False,4,1.0,1,"[0.938704, 0.061296]"
minesweeper,client,456,5319,13,M0,attack_nonmember,evaluation,1,0,0.5021768808364868,0,0.5112331509590149,False,3,0.0,0,"[0.77971, 0.22029]"
minesweeper,client,456,5320,13,M0,attack_nonmember,evaluation,0,0,0.5003455281257629,0,0.5014635920524597,False,4,1.0,1,"[0.754873, 0.245127]"
minesweeper,client,456,5324,13,M0,attack_nonmember,evaluation,0,0,0.5017328262329102,1,0.5014635920524597,False,4,1.0,1,"[0.922776, 0.077224]"
minesweeper,client,456,5422,13,M0,attack_nonmember,evaluation,1,0,0.5035563707351685,0,0.5112331509590149,False,4,0.25,0,"[0.748528, 0.251472]"
minesweeper,client,456,2750,13,M0,attack_nonmember,evaluation,0,0,0.5008648633956909,0,0.5014635920524597,False,4,1.0,1,"[0.817708, 0.182292]"
minesweeper,client,456,2951,13,M0,attack_nonmember,evaluation,0,0,0.5012112259864807,0,0.5014635920524597,False,4,1.0,1,"[0.859625, 0.140375]"
minesweeper,client,456,3151,13,M0,attack_nonmember,evaluation,0,0,0.5010964274406433,0,0.5014635920524597,False,4,0.75,1,"[0.845732, 0.154268]"
minesweeper,client,456,3448,13,M0,attack_nonmember,evaluation,0,0,0.5003700852394104,0,0.5014635920524597,False,4,0.75,1,"[0.757846, 0.242154]"
minesweeper,client,456,3453,13,M0,attack_nonmember,evaluation,0,0,0.50045245885849,0,0.5014635920524597,False,4,0.75,1,"[0.767813, 0.232187]"
minesweeper,client,456,3553,13,M0,attack_nonmember,evaluation,0,0,0.500874936580658,0,0.5014635920524597,False,4,1.0,1,"[0.818928, 0.181071]"
minesweeper,client,456,3555,13,M0,attack_nonmember,evaluation,1,0,0.5000287294387817,0,0.5112331509590149,False,4,0.0,0,"[0.827752, 0.172248]"
minesweeper,client,456,3642,13,M0,attack_nonmember,evaluation,0,0,0.5012938380241394,0,0.5014635920524597,False,4,1.0,1,"[0.869627, 0.130373]"
minesweeper,client,456,3650,13,M0,attack_nonmember,evaluation,1,0,0.5071829557418823,0,0.5112331509590149,False,4,0.0,0,"[0.665031, 0.334969]"
minesweeper,client,456,3747,13,M0,attack_nonmember,evaluation,0,0,0.4987209737300873,0,0.5014635920524597,False,4,0.5,1,"[0.558446, 0.441554]"
minesweeper,client,456,3753,13,M0,attack_nonmember,evaluation,0,0,0.5000742673873901,0,0.5014635920524597,False,4,0.75,1,"[0.722069, 0.277931]"
minesweeper,client,456,3844,13,M0,attack_nonmember,evaluation,0,0,0.4988200068473816,0,0.5014635920524597,False,4,0.5,1,"[0.570413, 0.429587]"
minesweeper,client,456,3856,13,M0,attack_nonmember,evaluation,1,0,0.5042060613632202,0,0.5112331509590149,False,4,0.5,0,"[0.733741, 0.266259]"
minesweeper,client,456,3944,13,M0,attack_nonmember,evaluation,0,0,0.498822420835495,0,0.5014635920524597,False,4,0.5,1,"[0.570709, 0.429291]"
minesweeper,client,456,3952,13,M0,attack_nonmember,evaluation,0,0,0.5001096129417419,0,0.5014635920524597,False,4,0.75,1,"[0.726342, 0.273658]"
minesweeper,client,456,4040,13,M0,attack_nonmember,evaluation,1,0,0.5083916187286377,0,0.5112331509590149,False,4,0.0,0,"[0.636628, 0.363372]"
minesweeper,client,456,4146,13,M0,attack_nonmember,evaluation,1,0,0.5087764859199524,0,0.5112331509590149,False,4,0.25,0,"[0.627514, 0.372486]"
minesweeper,client,456,4156,13,M0,attack_nonmember,evaluation,0,0,0.49917787313461304,0,0.5014635920524597,False,4,0.75,1,"[0.613672, 0.386328]"
minesweeper,client,456,4239,13,M0,attack_nonmember,evaluation,0,0,0.4991820454597473,0,0.5014635920524597,False,4,0.5,1,"[0.614183, 0.385817]"
minesweeper,client,456,4254,13,M0,attack_nonmember,evaluation,0,0,0.5000922679901123,0,0.5014635920524597,False,4,0.75,1,"[0.724242, 0.275758]"
minesweeper,client,456,4344,13,M0,attack_nonmember,evaluation,0,0,0.5008730292320251,0,0.5014635920524597,False,4,0.75,1,"[0.818695, 0.181305]"
minesweeper,client,456,4349,13,M0,attack_nonmember,evaluation,0,0,0.5007994174957275,0,0.5014635920524597,False,3,0.6666666666666666,1,"[0.809793, 0.190207]"
minesweeper,client,456,4361,13,M0,attack_nonmember,evaluation,0,0,0.5005019903182983,0,0.5014635920524597,False,2,1.0,1,"[0.773809, 0.226191]"
minesweeper,client,456,4443,13,M0,attack_nonmember,evaluation,0,0,0.5012941956520081,0,0.5014635920524597,False,4,0.75,1,"[0.869665, 0.130335]"
minesweeper,client,456,4642,13,M0,attack_nonmember,evaluation,0,0,0.5006959438323975,0,0.5014635920524597,False,1,1.0,1,"[0.797273, 0.202727]"
minesweeper,client,456,3685,4,M0,F,evaluation,1,1,0.5041012763977051,0,0.5112331509590149,False,4,0.25,0,"[0.73613, 0.26387]"
minesweeper,client,456,3781,4,M0,F,evaluation,0,1,0.4994009733200073,0,0.5014635920524597,False,4,0.75,1,"[0.640648, 0.359352]"
minesweeper,client,456,3782,4,M0,F,evaluation,0,1,0.49938222765922546,0,0.5014635920524597,False,4,0.75,1,"[0.638379, 0.361621]"
minesweeper,client,456,3783,4,M0,F,evaluation,0,1,0.49964267015457153,0,0.5014635920524597,False,4,0.75,1,"[0.669871, 0.330129]"
minesweeper,client,456,3786,4,M0,F,evaluation,0,1,0.5011764168739319,0,0.5014635920524597,False,4,1.0,1,"[0.855418, 0.144582]"
minesweeper,client,456,3788,4,M0,F,evaluation,0,1,0.49946126341819763,0,0.5014635920524597,False,4,0.75,1,"[0.647935, 0.352064]"
minesweeper,client,456,3789,4,M0,F,evaluation,0,1,0.4997235834598541,0,0.5014635920524597,False,4,0.75,1,"[0.679653, 0.320347]"
minesweeper,client,456,3791,4,M0,F,evaluation,0,1,0.5005750060081482,0,0.5014635920524597,False,2,1.0,1,"[0.782639, 0.217361]"
minesweeper,client,456,3881,4,M0,F,evaluation,1,1,0.5114946961402893,1,0.5112331509590149,False,4,0.25,0,"[0.562103, 0.437897]"
minesweeper,client,456,3883,4,M0,F,evaluation,0,1,0.4998731315135956,0,0.5014635920524597,False,4,0.75,1,"[0.697734, 0.302266]"
minesweeper,client,456,3884,4,M0,F,evaluation,0,1,0.5004453659057617,0,0.5014635920524597,False,4,0.5,1,"[0.766952, 0.233048]"
minesweeper,client,456,3885,4,M0,F,evaluation,0,1,0.5006927847862244,0,0.5014635920524597,False,4,0.5,1,"[0.796889, 0.203111]"
minesweeper,client,456,3890,4,M0,F,evaluation,0,1,0.5005955100059509,0,0.5014635920524597,False,4,0.75,1,"[0.785117, 0.214883]"
minesweeper,client,456,3891,4,M0,F,evaluation,0,1,0.5002806782722473,0,0.5014635920524597,False,3,0.6666666666666666,1,"[0.747033, 0.252967]"
minesweeper,client,456,3981,4,M0,F,evaluation,1,1,0.5072468519210815,0,0.5112331509590149,False,4,0.25,0,"[0.663537, 0.336463]"
minesweeper,client,456,3982,4,M0,F,evaluation,0,1,0.4996354579925537,0,0.5014635920524597,False,4,0.75,1,"[0.669002, 0.330998]"
minesweeper,client,456,3983,4,M0,F,evaluation,0,1,0.49994027614593506,0,0.5014635920524597,False,4,0.5,1,"[0.705856, 0.294144]"
minesweeper,client,456,3985,4,M0,F,evaluation,1,1,0.5052430033683777,0,0.5112331509590149,False,4,0.0,0,"[0.709993, 0.290007]"
minesweeper,client,456,3988,4,M0,F,evaluation,0,1,0.5007070899009705,0,0.5014635920524597,False,4,0.5,1,"[0.798617, 0.201383]"
minesweeper,client,456,3992,4,M0,F,evaluation,0,1,0.5002291798591614,0,0.5014635920524597,False,4,0.75,1,"[0.740804, 0.259196]"
minesweeper,client,456,3993,4,M0,F,evaluation,0,1,0.5000001788139343,0,0.5014635920524597,False,4,0.75,1,"[0.713106, 0.286894]"
minesweeper,client,456,3995,4,M0,F,evaluation,1,1,0.5090948343276978,0,0.5112331509590149,False,4,0.25,0,"[0.61995, 0.38005]"
minesweeper,client,456,3996,4,M0,F,evaluation,0,1,0.4989182651042938,0,0.5014635920524597,False,3,0.3333333333333333,1,"[0.582291, 0.417709]"
minesweeper,client,456,4075,4,M0,F,evaluation,0,1,0.5011747479438782,0,0.5014635920524597,False,4,1.0,1,"[0.855215, 0.144785]"
minesweeper,client,456,4078,4,M0,F,evaluation,1,1,0.5063732266426086,0,0.5112331509590149,False,4,0.5,0,"[0.683888, 0.316113]"
minesweeper,client,456,4081,4,M0,F,evaluation,0,1,0.49999383091926575,0,0.5014635920524597,False,4,0.5,1,"[0.71234, 0.28766]"
minesweeper,client,456,4083,4,M0,F,evaluation,0,1,0.5001101493835449,0,0.5014635920524597,False,4,1.0,1,"[0.726406, 0.273594]"
minesweeper,client,456,4088,4,M0,F,evaluation,1,1,0.5016075968742371,0,0.5112331509590149,False,4,0.0,0,"[0.792499, 0.207501]"
minesweeper,client,456,4089,4,M0,F,evaluation,0,1,0.5007390379905701,0,0.5014635920524597,False,4,1.0,1,"[0.802485, 0.197515]"
minesweeper,client,456,4090,4,M0,F,evaluation,0,1,0.5005877017974854,0,0.5014635920524597,False,4,1.0,1,"[0.784169, 0.215831]"
minesweeper,client,456,4091,4,M0,F,evaluation,0,1,0.500271201133728,0,0.5014635920524597,False,4,0.75,1,"[0.745891, 0.254109]"
minesweeper,client,456,4092,4,M0,F,evaluation,1,1,0.5034324526786804,0,0.5112331509590149,False,4,0.0,0,"[0.751341, 0.248659]"
minesweeper,client,456,4093,4,M0,F,evaluation,0,1,0.500302791595459,0,0.5014635920524597,False,4,0.75,1,"[0.749704, 0.250296]"
minesweeper,client,456,4094,4,M0,F,evaluation,0,1,0.4998893439769745,0,0.5014635920524597,False,4,0.75,1,"[0.699704, 0.300296]"
minesweeper,client,456,4098,4,M0,F,evaluation,0,1,0.5008335113525391,0,0.5014635920524597,False,4,0.75,1,"[0.813914, 0.186086]"
minesweeper,client,456,4099,4,M0,F,evaluation,0,1,0.500566303730011,0,0.5014635920524597,False,2,1.0,1,"[0.781584, 0.218416]"
minesweeper,client,456,4174,4,M0,F,evaluation,0,1,0.5008937120437622,0,0.5014635920524597,False,3,1.0,1,"[0.821196, 0.178804]"
minesweeper,client,456,4176,4,M0,F,evaluation,0,1,0.5006139278411865,0,0.5014635920524597,False,4,1.0,1,"[0.787345, 0.212656]"
minesweeper,client,456,4177,4,M0,F,evaluation,0,1,0.5001538991928101,0,0.5014635920524597,False,4,0.5,1,"[0.731698, 0.268302]"
minesweeper,client,456,4178,4,M0,F,evaluation,1,1,0.5066181421279907,0,0.5112331509590149,False,4,0.75,0,"[0.678198, 0.321802]"
minesweeper,client,456,4179,4,M0,F,evaluation,1,1,0.5050557851791382,0,0.5112331509590149,False,4,0.5,0,"[0.714294, 0.285706]"
minesweeper,client,456,4180,4,M0,F,evaluation,0,1,0.5002604722976685,0,0.5014635920524597,False,4,0.5,1,"[0.744586, 0.255414]"
minesweeper,client,456,4188,4,M0,F,evaluation,0,1,0.5003122091293335,0,0.5014635920524597,False,4,0.75,1,"[0.750849, 0.249152]"
minesweeper,client,456,4189,4,M0,F,evaluation,0,1,0.500102698802948,0,0.5014635920524597,False,4,0.75,1,"[0.725507, 0.274493]"
minesweeper,client,456,4194,4,M0,F,evaluation,1,1,0.5066812038421631,0,0.5112331509590149,False,4,0.5,0,"[0.676731, 0.323269]"
minesweeper,client,456,4196,4,M0,F,evaluation,0,1,0.4995279014110565,0,0.5014635920524597,False,4,0.5,1,"[0.656, 0.344]"
minesweeper,client,456,4197,4,M0,F,evaluation,1,1,0.5076155662536621,0,0.5112331509590149,False,4,0.5,0,"[0.654901, 0.345099]"
minesweeper,client,456,4199,4,M0,F,evaluation,0,1,0.4990670680999756,0,0.5014635920524597,False,2,0.0,1,"[0.600284, 0.399716]"
minesweeper,client,456,4275,4,M0,F,evaluation,0,1,0.5009422302246094,0,0.5014635920524597,False,3,1.0,1,"[0.827073, 0.172927]"
minesweeper,client,456,4280,4,M0,F,evaluation,0,1,0.501336932182312,0,0.5014635920524597,False,4,1.0,1,"[0.874845, 0.125155]"
minesweeper,client,456,4281,4,M0,F,evaluation,0,1,0.5014364719390869,0,0.5014635920524597,False,4,1.0,1,"[0.88689, 0.11311]"
minesweeper,client,456,4282,4,M0,F,evaluation,0,1,0.5012155175209045,0,0.5014635920524597,False,4,0.75,1,"[0.860146, 0.139854]"
minesweeper,client,456,4283,4,M0,F,evaluation,0,1,0.5011576414108276,0,0.5014635920524597,False,4,0.75,1,"[0.853138, 0.146862]"
minesweeper,client,456,4284,4,M0,F,evaluation,0,1,0.5013394355773926,0,0.5014635920524597,False,4,0.5,1,"[0.875144, 0.124856]"
minesweeper,client,456,4287,4,M0,F,evaluation,0,1,0.5014452338218689,0,0.5014635920524597,False,4,0.75,1,"[0.887952, 0.112048]"
minesweeper,client,456,4289,4,M0,F,evaluation,0,1,0.5006812810897827,0,0.5014635920524597,False,4,0.75,1,"[0.79549, 0.20451]"
minesweeper,client,456,4291,4,M0,F,evaluation,0,1,0.4999719262123108,0,0.5014635920524597,False,4,0.5,1,"[0.709683, 0.290317]"
minesweeper,client,456,4292,4,M0,F,evaluation,1,1,0.5038182139396667,0,0.5112331509590149,False,4,0.5,0,"[0.742576, 0.257424]"
minesweeper,client,456,4295,4,M0,F,evaluation,0,1,0.4990510940551758,0,0.5014635920524597,False,4,1.0,1,"[0.598349, 0.401651]"
minesweeper,client,456,4297,4,M0,F,evaluation,1,1,0.5099231600761414,0,0.5112331509590149,False,4,0.75,0,"[0.600154, 0.399846]"
minesweeper,client,456,4298,4,M0,F,evaluation,1,1,0.5124995708465576,1,0.5112331509590149,False,4,0.75,0,"[0.537411, 0.462589]"
minesweeper,client,456,4299,4,M0,F,evaluation,1,1,0.512365460395813,1,0.5112331509590149,False,2,0.5,0,"[0.540723, 0.459277]"
minesweeper,client,456,4376,4,M0,F,evaluation,0,1,0.5010706782341003,0,0.5014635920524597,False,4,0.75,1,"[0.842621, 0.157379]"
minesweeper,client,456,4377,4,M0,F,evaluation,1,1,0.5039156079292297,0,0.5112331509590149,False,4,0.5,0,"[0.74036, 0.25964]"
minesweeper,client,456,4379,4,M0,F,evaluation,0,1,0.5008407831192017,0,0.5014635920524597,False,4,0.75,1,"[0.814796, 0.185204]"
minesweeper,client,456,4382,4,M0,F,evaluation,0,1,0.5018976926803589,1,0.5014635920524597,False,4,0.75,1,"[0.942736, 0.057264]"
minesweeper,client,456,4383,4,M0,F,evaluation,1,1,0.4965079724788666,0,0.5112331509590149,False,4,0.0,0,"[0.90541, 0.09459]"
minesweeper,client,456,4385,4,M0,F,evaluation,0,1,0.5013072490692139,0,0.5014635920524597,False,4,1.0,1,"[0.871247, 0.128753]"
minesweeper,client,456,4387,4,M0,F,evaluation,0,1,0.5014445781707764,0,0.5014635920524597,False,4,1.0,1,"[0.887869, 0.112131]"
minesweeper,client,456,4388,4,M0,F,evaluation,0,1,0.5012111067771912,0,0.5014635920524597,False,4,0.75,1,"[0.859615, 0.140385]"
minesweeper,client,456,4389,4,M0,F,evaluation,1,1,0.5000980496406555,0,0.5112331509590149,False,4,0.0,0,"[0.82621, 0.17379]"
minesweeper,client,456,4390,4,M0,F,evaluation,0,1,0.5004948973655701,0,0.5014635920524597,False,4,1.0,1,"[0.772943, 0.227057]"
minesweeper,client,456,4392,4,M0,F,evaluation,1,1,0.5018606781959534,0,0.5112331509590149,False,4,0.0,0,"[0.78682, 0.213179]"
minesweeper,client,456,4396,4,M0,F,evaluation,0,1,0.49932965636253357,0,0.5014635920524597,False,4,0.5,1,"[0.632022, 0.367978]"
minesweeper,client,456,4397,4,M0,F,evaluation,1,1,0.5045470595359802,0,0.5112331509590149,False,4,0.25,0,"[0.725952, 0.274048]"
minesweeper,client,456,4475,4,M0,F,evaluation,0,1,0.5009254217147827,0,0.5014635920524597,False,2,1.0,1,"[0.825033, 0.174967]"
minesweeper,client,456,4476,4,M0,F,evaluation,0,1,0.5004558563232422,0,0.5014635920524597,False,3,1.0,1,"[0.768222, 0.231778]"
minesweeper,client,456,4477,4,M0,F,evaluation,0,1,0.500299334526062,0,0.5014635920524597,False,4,0.5,1,"[0.749288, 0.250712]"
minesweeper,client,456,4478,4,M0,F,evaluation,1,1,0.5056345462799072,0,0.5112331509590149,False,4,0.5,0,"[0.700975, 0.299025]"
minesweeper,client,456,4479,4,M0,F,evaluation,0,1,0.5003728866577148,0,0.5014635920524597,False,4,0.5,1,"[0.758184, 0.241816]"
minesweeper,client,456,4480,4,M0,F,evaluation,0,1,0.5015135407447815,1,0.5014635920524597,False,4,0.75,1,"[0.896216, 0.103784]"
minesweeper,client,456,4482,4,M0,F,evaluation,0,1,0.5019024610519409,1,0.5014635920524597,False,4,1.0,1,"[0.94331, 0.05669]"
minesweeper,client,456,4483,4,M0,F,evaluation,0,1,0.5013118386268616,0,0.5014635920524597,False,4,1.0,1,"[0.871799, 0.128201]"
minesweeper,client,456,4484,4,M0,F,evaluation,0,1,0.5003758072853088,0,0.5014635920524597,False,4,1.0,1,"[0.758542, 0.241458]"
minesweeper,client,456,4485,4,M0,F,evaluation,0,1,0.5005156397819519,0,0.5014635920524597,False,4,1.0,1,"[0.775458, 0.224542]"
minesweeper,client,456,4486,4,M0,F,evaluation,0,1,0.5009872913360596,0,0.5014635920524597,False,4,1.0,1,"[0.832525, 0.167475]"
minesweeper,client,456,4490,4,M0,F,evaluation,0,1,0.5006009936332703,0,0.5014635920524597,False,4,1.0,1,"[0.785785, 0.214215]"
minesweeper,client,456,4492,4,M0,F,evaluation,0,1,0.5006178021430969,0,0.5014635920524597,False,4,1.0,1,"[0.787818, 0.212182]"
minesweeper,client,456,4494,4,M0,F,evaluation,0,1,0.4990836977958679,0,0.5014635920524597,False,4,0.5,1,"[0.602286, 0.397714]"
minesweeper,client,456,4497,4,M0,F,evaluation,0,1,0.501592755317688,1,0.5014635920524597,False,4,1.0,1,"[0.905813, 0.094187]"
minesweeper,client,456,4498,4,M0,F,evaluation,0,1,0.5021721124649048,1,0.5014635920524597,False,4,1.0,1,"[0.975969, 0.024031]"
minesweeper,client,456,4499,4,M0,F,evaluation,0,1,0.502173662185669,1,0.5014635920524597,False,2,1.0,1,"[0.976159, 0.023841]"
minesweeper,client,456,4576,4,M0,F,evaluation,0,1,0.49987202882766724,0,0.5014635920524597,False,2,1.0,1,"[0.697603, 0.302397]"
minesweeper,client,456,4577,4,M0,F,evaluation,0,1,0.49974000453948975,0,0.5014635920524597,False,3,0.6666666666666666,1,"[0.681645, 0.318355]"
minesweeper,client,456,4578,4,M0,F,evaluation,1,1,0.5060003995895386,0,0.5112331509590149,False,4,0.25,0,"[0.692525, 0.307475]"
minesweeper,client,456,4579,4,M0,F,evaluation,1,1,0.5044854879379272,0,0.5112331509590149,False,4,0.0,0,"[0.727359, 0.272641]"
minesweeper,client,456,4580,4,M0,F,evaluation,0,1,0.5007510781288147,0,0.5014635920524597,False,4,1.0,1,"[0.803944, 0.196056]"
minesweeper,client,456,4587,4,M0,F,evaluation,0,1,0.5007838010787964,0,0.5014635920524597,False,4,0.75,1,"[0.807898, 0.192102]"
minesweeper,client,456,4588,4,M0,F,evaluation,0,1,0.5004737973213196,0,0.5014635920524597,False,4,1.0,1,"[0.770388, 0.229612]"
minesweeper,client,456,4590,4,M0,F,evaluation,0,1,0.49954745173454285,0,0.5014635920524597,False,4,0.75,1,"[0.658354, 0.341646]"
minesweeper,client,456,4591,4,M0,F,evaluation,0,1,0.49989286065101624,0,0.5014635920524597,False,4,0.75,1,"[0.700132, 0.299868]"
minesweeper,client,456,4599,4,M0,F,evaluation,0,1,0.5019880533218384,1,0.5014635920524597,False,2,1.0,1,"[0.953678, 0.046322]"
minesweeper,client,456,4677,4,M0,F,evaluation,0,1,0.49926188588142395,0,0.5014635920524597,False,3,1.0,1,"[0.623834, 0.376166]"
minesweeper,client,456,4683,4,M0,F,evaluation,0,1,0.4991568922996521,0,0.5014635920524597,False,4,0.75,1,"[0.611135, 0.388865]"
minesweeper,client,456,4685,4,M0,F,evaluation,1,1,0.5069877505302429,0,0.5112331509590149,False,4,0.25,0,"[0.669588, 0.330412]"
minesweeper,client,456,4689,4,M0,F,evaluation,0,1,0.49958816170692444,0,0.5014635920524597,False,4,0.5,1,"[0.663279, 0.336721]"
minesweeper,client,456,4694,4,M0,F,evaluation,1,1,0.5090023875236511,0,0.5112331509590149,False,4,0.25,0,"[0.622148, 0.377852]"
minesweeper,client,456,4695,4,M0,F,evaluation,1,1,0.49940717220306396,0,0.5112331509590149,False,4,0.0,0,"[0.84155, 0.15845]"
minesweeper,client,456,4699,4,M0,F,evaluation,0,1,0.5011979341506958,0,0.5014635920524597,False,2,1.0,1,"[0.858015, 0.141985]"
minesweeper,client,456,4778,4,M0,F,evaluation,0,1,0.5004218816757202,0,0.5014635920524597,False,4,0.25,1,"[0.764116, 0.235884]"
minesweeper,client,456,4780,4,M0,F,evaluation,0,1,0.5000617504119873,0,0.5014635920524597,False,4,0.5,1,"[0.720551, 0.279449]"
minesweeper,client,456,4781,4,M0,F,evaluation,0,1,0.4995311200618744,0,0.5014635920524597,False,4,0.25,1,"[0.656384, 0.343616]"
minesweeper,client,456,4784,4,M0,F,evaluation,0,1,0.4987226128578186,0,0.5014635920524597,False,4,0.75,1,"[0.558638, 0.441362]"
minesweeper,client,456,4787,4,M0,F,evaluation,0,1,0.499919056892395,0,0.5014635920524597,False,4,0.75,1,"[0.703295, 0.296705]"
minesweeper,client,456,4793,4,M0,F,evaluation,0,1,0.49923762679100037,0,0.5014635920524597,False,4,0.5,1,"[0.620901, 0.379099]"
minesweeper,client,456,4794,4,M0,F,evaluation,0,1,0.500091552734375,0,0.5014635920524597,False,4,0.75,1,"[0.724156, 0.275844]"
minesweeper,client,456,4795,4,M0,F,evaluation,0,1,0.5016186237335205,1,0.5014635920524597,False,4,0.75,1,"[0.908938, 0.091062]"
minesweeper,client,456,4796,4,M0,F,evaluation,0,1,0.5019246339797974,1,0.5014635920524597,False,4,1.0,1,"[0.945998, 0.054002]"
minesweeper,client,456,4798,4,M0,F,evaluation,0,1,0.5011407732963562,0,0.5014635920524597,False,4,0.75,1,"[0.851095, 0.148905]"
minesweeper,client,456,4799,4,M0,F,evaluation,0,1,0.5006969571113586,0,0.5014635920524597,False,2,0.5,1,"[0.797394, 0.202606]"
minesweeper,client,456,4878,4,M0,F,evaluation,1,1,0.5030311346054077,0,0.5112331509590149,False,4,0.25,0,"[0.760433, 0.239567]"
minesweeper,client,456,4880,4,M0,F,evaluation,0,1,0.5001941323280334,0,0.5014635920524597,False,4,0.75,1,"[0.736563, 0.263437]"
minesweeper,client,456,4881,4,M0,F,evaluation,1,1,0.5055347084999084,0,0.5112331509590149,False,4,0.25,0,"[0.703278, 0.296722]"
minesweeper,client,456,4883,4,M0,F,evaluation,0,1,0.4995715618133545,0,0.5014635920524597,False,4,0.5,1,"[0.661274, 0.338726]"
minesweeper,client,456,4888,4,M0,F,evaluation,0,1,0.5000908374786377,0,0.5014635920524597,False,4,0.75,1,"[0.724069, 0.275931]"
minesweeper,client,456,4891,4,M0,F,evaluation,0,1,0.5000365972518921,0,0.5014635920524597,False,4,0.75,1,"[0.717507, 0.282493]"
minesweeper,client,456,4892,4,M0,F,evaluation,1,1,0.5059725046157837,0,0.5112331509590149,False,4,0.0,0,"[0.69317, 0.30683]"
minesweeper,client,456,4894,4,M0,F,evaluation,1,1,0.504175066947937,0,0.5112331509590149,False,4,0.0,0,"[0.734447, 0.265553]"
minesweeper,client,456,4895,4,M0,F,evaluation,0,1,0.501452624797821,0,0.5014635920524597,False,4,1.0,1,"[0.888844, 0.111156]"
minesweeper,client,456,4897,4,M0,F,evaluation,0,1,0.5015419721603394,1,0.5014635920524597,False,4,1.0,1,"[0.899659, 0.100341]"
minesweeper,client,456,4899,4,M0,F,evaluation,1,1,0.5011582374572754,0,0.5112331509590149,False,2,0.5,0,"[0.802565, 0.197435]"
minesweeper,client,456,4976,4,M0,F,evaluation,0,1,0.4998836815357208,0,0.5014635920524597,False,4,0.5,1,"[0.699017, 0.300983]"
minesweeper,client,456,4977,4,M0,F,evaluation,0,1,0.49993693828582764,0,0.5014635920524597,False,4,0.5,1,"[0.705462, 0.294538]"
minesweeper,client,456,4978,4,M0,F,evaluation,0,1,0.4998188316822052,0,0.5014635920524597,False,4,0.5,1,"[0.69117, 0.30883]"
minesweeper,client,456,4981,4,M0,F,evaluation,0,1,0.5003625154495239,0,0.5014635920524597,False,4,0.5,1,"[0.756933, 0.243067]"
minesweeper,client,456,4984,4,M0,F,evaluation,1,1,0.5055563449859619,0,0.5112331509590149,False,4,0.25,0,"[0.70278, 0.29722]"
minesweeper,client,456,4988,4,M0,F,evaluation,0,1,0.5000895261764526,0,0.5014635920524597,False,4,1.0,1,"[0.72391, 0.27609]"
minesweeper,client,456,4989,4,M0,F,evaluation,0,1,0.5000540018081665,0,0.5014635920524597,False,4,1.0,1,"[0.719613, 0.280387]"
minesweeper,client,456,4991,4,M0,F,evaluation,0,1,0.49984925985336304,0,0.5014635920524597,False,4,0.75,1,"[0.694852, 0.305148]"
minesweeper,client,456,4992,4,M0,F,evaluation,0,1,0.49977433681488037,0,0.5014635920524597,False,4,0.75,1,"[0.685793, 0.314207]"
minesweeper,client,456,4994,4,M0,F,evaluation,0,1,0.5001392960548401,0,0.5014635920524597,False,4,1.0,1,"[0.729929, 0.270071]"
minesweeper,client,456,4995,4,M0,F,evaluation,0,1,0.5009140372276306,0,0.5014635920524597,False,4,1.0,1,"[0.823658, 0.176342]"
minesweeper,client,456,4999,4,M0,F,evaluation,1,1,0.5025768280029297,0,0.5112331509590149,False,2,0.0,0,"[0.7707, 0.2293]"
minesweeper,client,456,5076,4,M0,F,evaluation,1,1,0.5051357746124268,0,0.5112331509590149,False,4,0.25,0,"[0.712457, 0.287543]"
minesweeper,client,456,5079,4,M0,F,evaluation,1,1,0.5063406229019165,0,0.5112331509590149,False,4,0.5,0,"[0.684644, 0.315356]"
minesweeper,client,456,5081,4,M0,F,evaluation,0,1,0.5004499554634094,0,0.5014635920524597,False,4,0.25,1,"[0.767509, 0.232491]"
minesweeper,client,456,5085,4,M0,F,evaluation,0,1,0.49894237518310547,0,0.5014635920524597,False,4,0.75,1,"[0.585206, 0.414794]"
minesweeper,client,456,5086,4,M0,F,evaluation,0,1,0.499129980802536,0,0.5014635920524597,False,4,1.0,1,"[0.607883, 0.392117]"
minesweeper,client,456,5089,4,M0,F,evaluation,0,1,0.49924054741859436,0,0.5014635920524597,False,4,0.75,1,"[0.621249, 0.378751]"
minesweeper,client,456,5091,4,M0,F,evaluation,0,1,0.4995312988758087,0,0.5014635920524597,False,4,0.25,1,"[0.656402, 0.343598]"
minesweeper,client,456,5092,4,M0,F,evaluation,1,1,0.5051730871200562,0,0.5112331509590149,False,4,0.5,0,"[0.7116, 0.2884]"
minesweeper,client,456,5093,4,M0,F,evaluation,0,1,0.4999537467956543,0,0.5014635920524597,False,4,0.75,1,"[0.707489, 0.292511]"
minesweeper,client,456,5096,4,M0,F,evaluation,0,1,0.5003336071968079,0,0.5014635920524597,False,4,0.75,1,"[0.753431, 0.246569]"
minesweeper,client,456,5097,4,M0,F,evaluation,0,1,0.5008058547973633,0,0.5014635920524597,False,4,1.0,1,"[0.810569, 0.189431]"
minesweeper,client,456,5098,4,M0,F,evaluation,0,1,0.5011312365531921,0,0.5014635920524597,False,4,1.0,1,"[0.849943, 0.150057]"
minesweeper,client,456,5175,4,M0,F,evaluation,0,1,0.4997818171977997,0,0.5014635920524597,False,2,0.5,1,"[0.686696, 0.313305]"
minesweeper,client,456,5176,4,M0,F,evaluation,1,1,0.505172848701477,0,0.5112331509590149,False,3,0.0,0,"[0.711605, 0.288395]"
minesweeper,client,456,5177,4,M0,F,evaluation,0,1,0.5005884766578674,0,0.5014635920524597,False,4,1.0,1,"[0.784268, 0.215732]"
minesweeper,client,456,5178,4,M0,F,evaluation,0,1,0.5011626482009888,0,0.5014635920524597,False,4,1.0,1,"[0.853745, 0.146255]"
minesweeper,client,456,5179,4,M0,F,evaluation,0,1,0.5012287497520447,0,0.5014635920524597,False,4,0.75,1,"[0.861749, 0.138251]"
minesweeper,client,456,5185,4,M0,F,evaluation,0,1,0.4991624355316162,0,0.5014635920524597,False,4,0.75,1,"[0.611808, 0.388192]"
minesweeper,client,456,5186,4,M0,F,evaluation,0,1,0.4987359941005707,0,0.5014635920524597,False,4,0.5,1,"[0.560265, 0.439735]"
minesweeper,client,456,5187,4,M0,F,evaluation,0,1,0.49864327907562256,0,0.5014635920524597,False,4,0.75,1,"[0.549049, 0.450951]"
minesweeper,client,456,5188,4,M0,F,evaluation,0,1,0.4991898834705353,0,0.5014635920524597,False,4,0.5,1,"[0.615128, 0.384872]"
minesweeper,client,456,5189,4,M0,F,evaluation,1,1,0.5054945945739746,0,0.5112331509590149,False,4,0.0,0,"[0.704202, 0.295798]"
minesweeper,client,456,5190,4,M0,F,evaluation,0,1,0.5002119541168213,0,0.5014635920524597,False,4,0.75,1,"[0.738718, 0.261282]"
minesweeper,client,456,5191,4,M0,F,evaluation,1,1,0.5069936513900757,0,0.5112331509590149,False,4,0.25,0,"[0.669451, 0.330549]"
minesweeper,client,456,5192,4,M0,F,evaluation,1,1,0.5076171159744263,0,0.5112331509590149,False,4,0.0,0,"[0.654865, 0.345135]"
minesweeper,client,456,5195,4,M0,F,evaluation,1,1,0.508528470993042,0,0.5112331509590149,False,4,0.5,0,"[0.633391, 0.366609]"
minesweeper,client,456,5196,4,M0,F,evaluation,0,1,0.5000717639923096,0,0.5014635920524597,False,4,0.5,1,"[0.721767, 0.278233]"
minesweeper,client,456,5197,4,M0,F,evaluation,0,1,0.5013452172279358,0,0.5014635920524597,False,4,0.75,1,"[0.875844, 0.124156]"
minesweeper,client,456,5198,4,M0,F,evaluation,0,1,0.502125084400177,1,0.5014635920524597,False,4,1.0,1,"[0.970274, 0.029726]"
minesweeper,client,456,5278,4,M0,F,evaluation,0,1,0.5020970702171326,1,0.5014635920524597,False,4,1.0,1,"[0.966885, 0.033115]"
minesweeper,client,456,5280,4,M0,F,evaluation,0,1,0.5009623765945435,0,0.5014635920524597,False,4,0.75,1,"[0.82951, 0.17049]"
minesweeper,client,456,5282,4,M0,F,evaluation,1,1,0.5040665864944458,0,0.5112331509590149,False,4,0.0,0,"[0.73692, 0.26308]"
minesweeper,client,456,5283,4,M0,F,evaluation,0,1,0.500633955001831,0,0.5014635920524597,False,4,1.0,1,"[0.789775, 0.210225]"
minesweeper,client,456,5285,4,M0,F,evaluation,1,1,0.5079737305641174,0,0.5112331509590149,False,4,0.25,0,"[0.646484, 0.353516]"
minesweeper,client,456,5286,4,M0,F,evaluation,0,1,0.49934831261634827,0,0.5014635920524597,False,4,0.25,1,"[0.634283, 0.365717]"
minesweeper,client,456,5287,4,M0,F,evaluation,1,1,0.5061964988708496,0,0.5112331509590149,False,4,0.5,0,"[0.687986, 0.312014]"
minesweeper,client,456,5293,4,M0,F,evaluation,0,1,0.4995577931404114,0,0.5014635920524597,False,4,0.75,1,"[0.659607, 0.340393]"
minesweeper,client,456,5294,4,M0,F,evaluation,0,1,0.499565988779068,0,0.5014635920524597,False,4,0.5,1,"[0.660597, 0.339403]"
minesweeper,client,456,5295,4,M0,F,evaluation,1,1,0.5056447982788086,0,0.5112331509590149,False,4,0.25,0,"[0.70074, 0.29926]"
minesweeper,client,456,5296,4,M0,F,evaluation,1,1,0.5033860802650452,0,0.5112331509590149,False,4,0.0,0,"[0.752393, 0.247607]"
minesweeper,client,456,5297,4,M0,F,evaluation,0,1,0.5016725659370422,1,0.5014635920524597,False,4,1.0,1,"[0.915472, 0.084528]"
minesweeper,client,456,5377,4,M0,F,evaluation,0,1,0.5020596385002136,1,0.5014635920524597,False,4,1.0,1,"[0.962349, 0.037651]"
minesweeper,client,456,5378,4,M0,F,evaluation,0,1,0.5020599961280823,1,0.5014635920524597,False,4,1.0,1,"[0.962389, 0.037611]"
minesweeper,client,456,5380,4,M0,F,evaluation,0,1,0.5005683302879333,0,0.5014635920524597,False,4,1.0,1,"[0.781831, 0.218169]"
minesweeper,client,456,5382,4,M0,F,evaluation,0,1,0.5009416341781616,0,0.5014635920524597,False,4,0.75,1,"[0.827001, 0.172999]"
minesweeper,client,456,5383,4,M0,F,evaluation,0,1,0.5011125206947327,0,0.5014635920524597,False,4,0.75,1,"[0.847684, 0.152316]"
minesweeper,client,456,5384,4,M0,F,evaluation,0,1,0.5009165406227112,0,0.5014635920524597,False,4,1.0,1,"[0.823963, 0.176037]"
minesweeper,client,456,5385,4,M0,F,evaluation,0,1,0.5007014274597168,0,0.5014635920524597,False,4,0.75,1,"[0.797933, 0.202067]"
minesweeper,client,456,5386,4,M0,F,evaluation,1,1,0.5008670091629028,0,0.5112331509590149,False,4,0.25,0,"[0.809074, 0.190926]"
minesweeper,client,456,5387,4,M0,F,evaluation,1,1,0.5015431642532349,0,0.5112331509590149,False,4,0.0,0,"[0.793945, 0.206055]"
minesweeper,client,456,5390,4,M0,F,evaluation,0,1,0.5009095668792725,0,0.5014635920524597,False,4,1.0,1,"[0.82312, 0.17688]"
minesweeper,client,456,5392,4,M0,F,evaluation,0,1,0.5010223984718323,0,0.5014635920524597,False,4,0.75,1,"[0.836771, 0.163229]"
minesweeper,client,456,5394,4,M0,F,evaluation,0,1,0.5005941390991211,0,0.5014635920524597,False,4,1.0,1,"[0.784954, 0.215046]"
minesweeper,client,456,5395,4,M0,F,evaluation,0,1,0.5007625818252563,0,0.5014635920524597,False,4,0.75,1,"[0.805333, 0.194667]"
minesweeper,client,456,5399,4,M0,F,evaluation,0,1,0.5020058751106262,1,0.5014635920524597,False,2,1.0,1,"[0.955839, 0.044161]"
minesweeper,client,456,5476,4,M0,F,evaluation,0,1,0.5015475153923035,1,0.5014635920524597,False,3,1.0,1,"[0.900337, 0.099663]"
minesweeper,client,456,5479,4,M0,F,evaluation,0,1,0.5009228587150574,0,0.5014635920524597,False,4,1.0,1,"[0.824721, 0.175279]"
minesweeper,client,456,5480,4,M0,F,evaluation,0,1,0.5008274912834167,0,0.5014635920524597,False,4,1.0,1,"[0.813184, 0.186816]"
minesweeper,client,456,5481,4,M0,F,evaluation,0,1,0.501011848449707,0,0.5014635920524597,False,4,0.75,1,"[0.835496, 0.164504]"
minesweeper,client,456,5485,4,M0,F,evaluation,0,1,0.5017267465591431,1,0.5014635920524597,False,4,1.0,1,"[0.922033, 0.077967]"
minesweeper,client,456,5488,4,M0,F,evaluation,0,1,0.5005254149436951,0,0.5014635920524597,False,4,1.0,1,"[0.776638, 0.223362]"
minesweeper,client,456,5489,4,M0,F,evaluation,0,1,0.5005317330360413,0,0.5014635920524597,False,3,1.0,1,"[0.777407, 0.222593]"
minesweeper,client,456,5495,4,M0,F,evaluation,0,1,0.500514566898346,0,0.5014635920524597,False,1,0.0,1,"[0.775329, 0.224671]"
minesweeper,client,456,5497,4,M0,F,evaluation,0,1,0.5010431408882141,0,0.5014635920524597,False,2,1.0,1,"[0.839284, 0.160716]"
minesweeper,client,456,5579,4,M0,F,evaluation,0,1,0.4999183714389801,0,0.5014635920524597,False,4,0.75,1,"[0.703215, 0.296786]"
minesweeper,client,456,5580,4,M0,F,evaluation,0,1,0.5009965896606445,0,0.5014635920524597,False,4,1.0,1,"[0.833653, 0.166347]"
minesweeper,client,456,5582,4,M0,F,evaluation,0,1,0.5022035837173462,1,0.5014635920524597,False,4,0.75,1,"[0.979783, 0.020217]"
minesweeper,client,456,5584,4,M0,F,evaluation,0,1,0.502170205116272,1,0.5014635920524597,False,4,0.75,1,"[0.975743, 0.024257]"
minesweeper,client,456,5585,4,M0,F,evaluation,0,1,0.5019659399986267,1,0.5014635920524597,False,4,0.75,1,"[0.950998, 0.049002]"
minesweeper,client,456,5586,4,M0,F,evaluation,0,1,0.5014206767082214,0,0.5014635920524597,False,4,1.0,1,"[0.884978, 0.115022]"
minesweeper,client,456,5587,4,M0,F,evaluation,0,1,0.5017668604850769,1,0.5014635920524597,False,4,0.75,1,"[0.926896, 0.073104]"
minesweeper,client,456,5589,4,M0,F,evaluation,0,1,0.501798689365387,1,0.5014635920524597,False,1,0.0,1,"[0.930749, 0.069251]"
minesweeper,client,456,5598,4,M0,F,evaluation,0,1,0.5009674429893494,0,0.5014635920524597,False,1,1.0,1,"[0.830126, 0.169874]"
minesweeper,client,456,5599,4,M0,F,evaluation,0,1,0.5005335211753845,0,0.5014635920524597,False,0,,1,"[0.777613, 0.222387]"
minesweeper,client,456,5676,4,M0,F,evaluation,0,1,0.4995552599430084,0,0.5014635920524597,False,3,0.3333333333333333,1,"[0.659302, 0.340698]"
minesweeper,client,456,5678,4,M0,F,evaluation,1,1,0.5047169327735901,0,0.5112331509590149,False,4,0.25,0,"[0.722065, 0.277935]"
minesweeper,client,456,5680,4,M0,F,evaluation,0,1,0.501082181930542,0,0.5014635920524597,False,3,1.0,1,"[0.844011, 0.155989]"
minesweeper,client,456,5681,4,M0,F,evaluation,0,1,0.5018884539604187,1,0.5014635920524597,False,2,0.5,1,"[0.941617, 0.058383]"
minesweeper,client,456,5682,4,M0,F,evaluation,1,1,0.49402374029159546,0,0.5112331509590149,False,1,0.0,0,"[0.95962, 0.04038]"
minesweeper,client,456,5683,4,M0,F,evaluation,0,1,0.5020406246185303,1,0.5014635920524597,False,1,0.0,1,"[0.960048, 0.039952]"
minesweeper,client,456,5684,4,M0,F,evaluation,1,1,0.49604564905166626,0,0.5112331509590149,False,1,0.0,0,"[0.915528, 0.084472]"
minesweeper,client,456,5686,4,M0,F,evaluation,0,1,0.5010924339294434,0,0.5014635920524597,False,2,1.0,1,"[0.845249, 0.154751]"
minesweeper,client,456,5688,4,M0,F,evaluation,1,1,0.4947674870491028,0,0.5112331509590149,False,0,,0,"[0.943428, 0.056572]"
minesweeper,client,456,5776,4,M0,F,evaluation,1,1,0.5037211179733276,0,0.5112331509590149,False,2,0.5,0,"[0.744784, 0.255216]"
minesweeper,client,456,5778,4,M0,F,evaluation,0,1,0.5011522173881531,0,0.5014635920524597,False,4,0.75,1,"[0.852486, 0.147514]"
minesweeper,client,456,5780,4,M0,F,evaluation,0,1,0.5009709596633911,0,0.5014635920524597,False,1,1.0,1,"[0.830545, 0.169455]"
minesweeper,client,456,5878,4,M0,F,evaluation,1,1,0.4999030828475952,0,0.5112331509590149,False,1,0.0,0,"[0.830545, 0.169455]"
minesweeper,client,456,6831,4,M0,F,evaluation,0,1,0.5004295110702515,0,0.5014635920524597,False,3,1.0,1,"[0.765038, 0.234962]"
minesweeper,client,456,6929,4,M0,F,evaluation,1,1,0.5045554637908936,0,0.5112331509590149,False,4,0.0,0,"[0.725759, 0.274241]"
minesweeper,client,456,6930,4,M0,F,evaluation,0,1,0.5005064010620117,0,0.5014635920524597,False,4,1.0,1,"[0.774334, 0.225666]"
minesweeper,client,456,7027,4,M0,F,evaluation,0,1,0.5009158253669739,0,0.5014635920524597,False,4,1.0,1,"[0.823873, 0.176127]"
minesweeper,client,456,7030,4,M0,F,evaluation,0,1,0.5006085634231567,0,0.5014635920524597,False,4,0.75,1,"[0.786699, 0.213301]"
minesweeper,client,456,7036,4,M0,F,evaluation,0,1,0.5019123554229736,1,0.5014635920524597,False,4,1.0,1,"[0.944509, 0.055491]"
minesweeper,client,456,7037,4,M0,F,evaluation,0,1,0.5016337037086487,1,0.5014635920524597,False,4,1.0,1,"[0.910771, 0.089229]"
minesweeper,client,456,7119,4,M0,F,evaluation,0,1,0.5000268816947937,0,0.5014635920524597,False,4,0.75,1,"[0.716333, 0.283667]"
minesweeper,client,456,7120,4,M0,F,evaluation,0,1,0.5000669360160828,0,0.5014635920524597,False,4,0.25,1,"[0.721182, 0.278818]"
minesweeper,client,456,7121,4,M0,F,evaluation,1,1,0.5039803981781006,0,0.5112331509590149,False,4,0.25,0,"[0.738884, 0.261116]"
minesweeper,client,456,7124,4,M0,F,evaluation,0,1,0.5013273358345032,0,0.5014635920524597,False,4,1.0,1,"[0.873683, 0.126317]"
minesweeper,client,456,7126,4,M0,F,evaluation,0,1,0.5005055069923401,0,0.5014635920524597,False,4,1.0,1,"[0.774226, 0.225774]"
minesweeper,client,456,7127,4,M0,F,evaluation,0,1,0.5000030994415283,0,0.5014635920524597,False,4,1.0,1,"[0.713458, 0.286542]"
minesweeper,client,456,7130,4,M0,F,evaluation,1,1,0.5037883520126343,0,0.5112331509590149,False,4,0.25,0,"[0.743255, 0.256745]"
minesweeper,client,456,7132,4,M0,F,evaluation,0,1,0.50105220079422,0,0.5014635920524597,False,4,1.0,1,"[0.840383, 0.159617]"
minesweeper,client,456,7134,4,M0,F,evaluation,0,1,0.5013760328292847,0,0.5014635920524597,False,4,1.0,1,"[0.879578, 0.120422]"
minesweeper,client,456,7135,4,M0,F,evaluation,0,1,0.5016031265258789,1,0.5014635920524597,False,4,1.0,1,"[0.907067, 0.092933]"
minesweeper,client,456,7137,4,M0,F,evaluation,0,1,0.5011534094810486,0,0.5014635920524597,False,4,1.0,1,"[0.852627, 0.147373]"
minesweeper,client,456,7138,4,M0,F,evaluation,0,1,0.5007457733154297,0,0.5014635920524597,False,4,0.75,1,"[0.803298, 0.196702]"
minesweeper,client,456,7140,4,M0,F,evaluation,0,1,0.5001711845397949,0,0.5014635920524597,False,2,1.0,1,"[0.733792, 0.266208]"
minesweeper,client,456,7218,4,M0,F,evaluation,0,1,0.4996110498905182,0,0.5014635920524597,False,4,0.25,1,"[0.666046, 0.333954]"
minesweeper,client,456,7219,4,M0,F,evaluation,1,1,0.5048733353614807,0,0.5112331509590149,False,4,0.5,0,"[0.71848, 0.28152]"
minesweeper,client,456,7222,4,M0,F,evaluation,0,1,0.501042902469635,0,0.5014635920524597,False,4,1.0,1,"[0.839257, 0.160743]"
minesweeper,client,456,7224,4,M0,F,evaluation,0,1,0.5011748671531677,0,0.5014635920524597,False,4,1.0,1,"[0.855223, 0.144777]"
minesweeper,client,456,7225,4,M0,F,evaluation,0,1,0.5001968741416931,0,0.5014635920524597,False,4,1.0,1,"[0.736899, 0.263101]"
minesweeper,client,456,7227,4,M0,F,evaluation,0,1,0.49980977177619934,0,0.5014635920524597,False,4,0.5,1,"[0.690076, 0.309924]"
minesweeper,client,456,7228,4,M0,F,evaluation,0,1,0.5000197887420654,0,0.5014635920524597,False,4,0.25,1,"[0.715477, 0.284523]"
minesweeper,client,456,7229,4,M0,F,evaluation,1,1,0.5042339563369751,0,0.5112331509590149,False,4,0.25,0,"[0.733103, 0.266897]"
minesweeper,client,456,7232,4,M0,F,evaluation,0,1,0.5005791783332825,0,0.5014635920524597,False,4,0.75,1,"[0.783144, 0.216856]"
minesweeper,client,456,7233,4,M0,F,evaluation,0,1,0.5007990002632141,0,0.5014635920524597,False,4,0.5,1,"[0.809738, 0.190262]"
minesweeper,client,456,7234,4,M0,F,evaluation,0,1,0.5007815957069397,0,0.5014635920524597,False,4,0.75,1,"[0.807633, 0.192368]"
minesweeper,client,456,7237,4,M0,F,evaluation,0,1,0.5009840726852417,0,0.5014635920524597,False,4,1.0,1,"[0.83214, 0.16786]"
minesweeper,client,456,7238,4,M0,F,evaluation,0,1,0.5007714033126831,0,0.5014635920524597,False,4,1.0,1,"[0.806404, 0.193596]"
minesweeper,client,456,7318,4,M0,F,evaluation,1,1,0.509086012840271,0,0.5112331509590149,False,4,0.25,0,"[0.62016, 0.37984]"
minesweeper,client,456,7320,4,M0,F,evaluation,0,1,0.499857097864151,0,0.5014635920524597,False,4,0.5,1,"[0.695802, 0.304198]"
minesweeper,client,456,7321,4,M0,F,evaluation,0,1,0.5007904767990112,0,0.5014635920524597,False,4,0.5,1,"[0.808707, 0.191293]"
minesweeper,client,456,7323,4,M0,F,evaluation,0,1,0.5011880993843079,0,0.5014635920524597,False,4,1.0,1,"[0.856831, 0.143169]"
minesweeper,client,456,7325,4,M0,F,evaluation,0,1,0.4994977116584778,0,0.5014635920524597,False,4,0.75,1,"[0.652344, 0.347656]"
minesweeper,client,456,7329,4,M0,F,evaluation,0,1,0.500533938407898,0,0.5014635920524597,False,4,1.0,1,"[0.777663, 0.222337]"
minesweeper,client,456,7330,4,M0,F,evaluation,0,1,0.5005942583084106,0,0.5014635920524597,False,4,1.0,1,"[0.784964, 0.215036]"
minesweeper,client,456,7331,4,M0,F,evaluation,0,1,0.5005486011505127,0,0.5014635920524597,False,4,0.5,1,"[0.779445, 0.220555]"
minesweeper,client,456,7336,4,M0,F,evaluation,0,1,0.5009609460830688,0,0.5014635920524597,False,4,0.75,1,"[0.829338, 0.170662]"
minesweeper,client,456,7337,4,M0,F,evaluation,0,1,0.5008711218833923,0,0.5014635920524597,False,4,0.75,1,"[0.818469, 0.181532]"
minesweeper,client,456,7417,4,M0,F,evaluation,0,1,0.4989102780818939,0,0.5014635920524597,False,3,0.6666666666666666,1,"[0.581324, 0.418676]"
minesweeper,client,456,7419,4,M0,F,evaluation,0,1,0.49899396300315857,0,0.5014635920524597,False,4,0.5,1,"[0.591442, 0.408558]"
minesweeper,client,456,7424,4,M0,F,evaluation,0,1,0.4999665319919586,0,0.5014635920524597,False,4,0.75,1,"[0.709037, 0.290963]"
minesweeper,client,456,7427,4,M0,F,evaluation,0,1,0.5007179975509644,0,0.5014635920524597,False,4,1.0,1,"[0.799937, 0.200063]"
minesweeper,client,456,7428,4,M0,F,evaluation,0,1,0.5012010335922241,0,0.5014635920524597,False,4,1.0,1,"[0.858393, 0.141607]"
minesweeper,client,456,7430,4,M0,F,evaluation,0,1,0.5003474354743958,0,0.5014635920524597,False,4,0.75,1,"[0.755104, 0.244896]"
minesweeper,client,456,7431,4,M0,F,evaluation,0,1,0.4998038709163666,0,0.5014635920524597,False,4,0.5,1,"[0.689365, 0.310635]"
minesweeper,client,456,7432,4,M0,F,evaluation,1,1,0.5086299777030945,0,0.5112331509590149,False,4,0.0,0,"[0.630988, 0.369012]"
minesweeper,client,456,7435,4,M0,F,evaluation,1,1,0.4996684491634369,0,0.5112331509590149,False,4,0.0,0,"[0.835755, 0.164245]"
minesweeper,client,456,7440,4,M0,F,evaluation,0,1,0.5020893812179565,1,0.5014635920524597,False,2,1.0,1,"[0.965952, 0.034048]"
minesweeper,client,456,7517,4,M0,F,evaluation,0,1,0.49912118911743164,0,0.5014635920524597,False,2,0.0,1,"[0.606818, 0.393182]"
minesweeper,client,456,7519,4,M0,F,evaluation,0,1,0.50045245885849,0,0.5014635920524597,False,4,0.75,1,"[0.767815, 0.232185]"
minesweeper,client,456,7520,4,M0,F,evaluation,0,1,0.5012297630310059,0,0.5014635920524597,False,4,1.0,1,"[0.861865, 0.138135]"
minesweeper,client,456,7521,4,M0,F,evaluation,0,1,0.5015309453010559,1,0.5014635920524597,False,4,1.0,1,"[0.898332, 0.101668]"
minesweeper,client,456,7522,4,M0,F,evaluation,0,1,0.5012469291687012,0,0.5014635920524597,False,4,0.75,1,"[0.863949, 0.136051]"
minesweeper,client,456,7523,4,M0,F,evaluation,0,1,0.5004625916481018,0,0.5014635920524597,False,4,0.75,1,"[0.769035, 0.230965]"
minesweeper,client,456,7524,4,M0,F,evaluation,0,1,0.500002384185791,0,0.5014635920524597,False,4,0.5,1,"[0.713372, 0.286628]"
minesweeper,client,456,7525,4,M0,F,evaluation,0,1,0.49925482273101807,0,0.5014635920524597,False,4,0.75,1,"[0.622973, 0.377027]"
minesweeper,client,456,7526,4,M0,F,evaluation,0,1,0.4994976818561554,0,0.5014635920524597,False,4,0.5,1,"[0.652342, 0.347658]"
minesweeper,client,456,7528,4,M0,F,evaluation,0,1,0.500812828540802,0,0.5014635920524597,False,4,0.75,1,"[0.811412, 0.188588]"
minesweeper,client,456,7532,4,M0,F,evaluation,0,1,0.49982112646102905,0,0.5014635920524597,False,4,0.75,1,"[0.691447, 0.308553]"
minesweeper,client,456,7534,4,M0,F,evaluation,0,1,0.5008827447891235,0,0.5014635920524597,False,4,0.75,1,"[0.819872, 0.180128]"
minesweeper,client,456,7535,4,M0,F,evaluation,0,1,0.5008827447891235,0,0.5014635920524597,False,4,0.75,1,"[0.819872, 0.180128]"
minesweeper,client,456,7538,4,M0,F,evaluation,0,1,0.5016727447509766,1,0.5014635920524597,False,4,1.0,1,"[0.915497, 0.084503]"
minesweeper,client,456,7539,4,M0,F,evaluation,0,1,0.5021082162857056,1,0.5014635920524597,False,4,1.0,1,"[0.968226, 0.031774]"
minesweeper,client,456,7540,4,M0,F,evaluation,0,1,0.5019010305404663,1,0.5014635920524597,False,2,1.0,1,"[0.943137, 0.056863]"
minesweeper,client,456,7619,4,M0,F,evaluation,0,1,0.501049280166626,0,0.5014635920524597,False,3,1.0,1,"[0.840027, 0.159973]"
minesweeper,client,456,7623,4,M0,F,evaluation,1,1,0.5062581300735474,0,0.5112331509590149,False,4,0.0,0,"[0.686556, 0.313444]"
minesweeper,client,456,7624,4,M0,F,evaluation,0,1,0.4989772140979767,0,0.5014635920524597,False,4,0.75,1,"[0.589419, 0.410581]"
minesweeper,client,456,7626,4,M0,F,evaluation,0,1,0.4997756779193878,0,0.5014635920524597,False,4,0.75,1,"[0.685954, 0.314046]"
minesweeper,client,456,7630,4,M0,F,evaluation,0,1,0.4999224841594696,0,0.5014635920524597,False,4,0.75,1,"[0.703712, 0.296288]"
minesweeper,client,456,7631,4,M0,F,evaluation,0,1,0.49981895089149475,0,0.5014635920524597,False,4,0.5,1,"[0.691189, 0.308811]"
minesweeper,client,456,7632,4,M0,F,evaluation,1,1,0.5060314536094666,0,0.5112331509590149,False,4,0.25,0,"[0.691806, 0.308194]"
minesweeper,client,456,7635,4,M0,F,evaluation,1,1,0.5018881559371948,0,0.5112331509590149,False,4,0.0,0,"[0.786203, 0.213797]"
minesweeper,client,456,7636,4,M0,F,evaluation,0,1,0.5002445578575134,0,0.5014635920524597,False,4,1.0,1,"[0.742664, 0.257336]"
minesweeper,client,456,7639,4,M0,F,evaluation,0,1,0.5012036561965942,0,0.5014635920524597,False,2,1.0,1,"[0.85871, 0.14129]"
minesweeper,client,456,7719,4,M0,F,evaluation,0,1,0.5002058744430542,0,0.5014635920524597,False,3,1.0,1,"[0.737984, 0.262016]"
minesweeper,client,456,7721,4,M0,F,evaluation,0,1,0.49984779953956604,0,0.5014635920524597,False,4,0.75,1,"[0.694674, 0.305326]"
minesweeper,client,456,7722,4,M0,F,evaluation,0,1,0.49975138902664185,0,0.5014635920524597,False,4,0.75,1,"[0.683018, 0.316982]"
minesweeper,client,456,7723,4,M0,F,evaluation,0,1,0.49962419271469116,0,0.5014635920524597,False,4,0.75,1,"[0.667637, 0.332363]"
minesweeper,client,456,7725,4,M0,F,evaluation,0,1,0.5007249712944031,0,0.5014635920524597,False,4,0.75,1,"[0.800778, 0.199222]"
minesweeper,client,456,7726,4,M0,F,evaluation,0,1,0.5010915398597717,0,0.5014635920524597,False,4,0.75,1,"[0.845139, 0.154861]"
minesweeper,client,456,7730,4,M0,F,evaluation,0,1,0.49996447563171387,0,0.5014635920524597,False,4,0.75,1,"[0.708786, 0.291214]"
minesweeper,client,456,7732,4,M0,F,evaluation,0,1,0.5003254413604736,0,0.5014635920524597,False,4,1.0,1,"[0.752446, 0.247554]"
minesweeper,client,456,7734,4,M0,F,evaluation,0,1,0.5008493065834045,0,0.5014635920524597,False,4,0.75,1,"[0.815826, 0.184174]"
minesweeper,client,456,7819,4,M0,F,evaluation,0,1,0.4999295175075531,0,0.5014635920524597,False,4,0.75,1,"[0.704559, 0.295441]"
minesweeper,client,456,7821,4,M0,F,evaluation,0,1,0.4995931088924408,0,0.5014635920524597,False,4,0.5,1,"[0.663873, 0.336127]"
minesweeper,client,456,7822,4,M0,F,evaluation,1,1,0.5071630477905273,0,0.5112331509590149,False,4,0.0,0,"[0.665496, 0.334504]"
minesweeper,client,456,7823,4,M0,F,evaluation,0,1,0.5000790357589722,0,0.5014635920524597,False,4,0.75,1,"[0.722646, 0.277354]"
minesweeper,client,456,7824,4,M0,F,evaluation,0,1,0.5008687973022461,0,0.5014635920524597,False,4,0.25,1,"[0.818187, 0.181813]"
minesweeper,client,456,7825,4,M0,F,evaluation,1,1,0.5000051856040955,0,0.5112331509590149,False,3,0.6666666666666666,0,"[0.828276, 0.171724]"
minesweeper,client,456,7827,4,M0,F,evaluation,0,1,0.5008550882339478,0,0.5014635920524597,False,2,0.5,1,"[0.81653, 0.18347]"
minesweeper,client,456,7829,4,M0,F,evaluation,0,1,0.5006495714187622,0,0.5014635920524597,False,4,0.75,1,"[0.791658, 0.208342]"
minesweeper,client,456,7831,4,M0,F,evaluation,0,1,0.5004549026489258,0,0.5014635920524597,False,4,1.0,1,"[0.768111, 0.231889]"
minesweeper,client,456,7833,4,M0,F,evaluation,0,1,0.500420331954956,0,0.5014635920524597,False,4,0.75,1,"[0.763925, 0.236075]"
minesweeper,client,456,7835,4,M0,F,evaluation,0,1,0.5003576278686523,0,0.5014635920524597,False,4,0.75,1,"[0.756344, 0.243656]"
minesweeper,client,456,7836,4,M0,F,evaluation,0,1,0.49993306398391724,0,0.5014635920524597,False,4,0.25,1,"[0.704989, 0.295011]"
minesweeper,client,456,7837,4,M0,F,evaluation,1,1,0.5068390965461731,0,0.5112331509590149,False,3,0.6666666666666666,0,"[0.673055, 0.326945]"
minesweeper,client,456,7918,4,M0,F,evaluation,0,1,0.5003424286842346,0,0.5014635920524597,False,2,0.5,1,"[0.754505, 0.245495]"
minesweeper,client,456,7922,4,M0,F,evaluation,0,1,0.4994039535522461,0,0.5014635920524597,False,4,0.75,1,"[0.641007, 0.358993]"
minesweeper,client,456,7924,4,M0,F,evaluation,1,1,0.5046851634979248,0,0.5112331509590149,False,2,1.0,0,"[0.722792, 0.277208]"
minesweeper,client,456,7925,4,M0,F,evaluation,1,1,0.5022700428962708,0,0.5112331509590149,False,0,,0,"[0.777613, 0.222387]"
minesweeper,client,456,7930,4,M0,F,evaluation,0,1,0.5013452172279358,0,0.5014635920524597,False,4,1.0,1,"[0.875845, 0.124155]"
minesweeper,client,456,7931,4,M0,F,evaluation,0,1,0.5011707544326782,0,0.5014635920524597,False,4,0.75,1,"[0.85473, 0.14527]"
minesweeper,client,456,7932,4,M0,F,evaluation,0,1,0.5008706450462341,0,0.5014635920524597,False,4,0.75,1,"[0.81841, 0.18159]"
minesweeper,client,456,7935,4,M0,F,evaluation,0,1,0.5020554661750793,1,0.5014635920524597,False,4,0.75,1,"[0.96184, 0.03816]"
minesweeper,client,456,7936,4,M0,F,evaluation,1,1,0.4942038059234619,0,0.5112331509590149,False,3,0.3333333333333333,0,"[0.955702, 0.044298]"
minesweeper,client,456,8019,4,M0,F,evaluation,1,1,0.5053048729896545,0,0.5112331509590149,False,1,1.0,0,"[0.70857, 0.29143]"
minesweeper,client,456,8022,4,M0,F,evaluation,0,1,0.4996756315231323,0,0.5014635920524597,False,4,0.75,1,"[0.673856, 0.326144]"
minesweeper,client,456,8028,4,M0,F,evaluation,0,1,0.5007979869842529,0,0.5014635920524597,False,1,1.0,1,"[0.80962, 0.19038]"
minesweeper,client,456,8031,4,M0,F,evaluation,0,1,0.5007736086845398,0,0.5014635920524597,False,1,0.0,1,"[0.806664, 0.193336]"
minesweeper,client,456,8033,4,M0,F,evaluation,0,1,0.501848042011261,1,0.5014635920524597,False,3,0.6666666666666666,1,"[0.936723, 0.063277]"
minesweeper,client,456,8035,4,M0,F,evaluation,0,1,0.5023667216300964,1,0.5014635920524597,False,4,1.0,1,"[0.999543, 0.000457]"
minesweeper,client,456,8122,4,M0,F,evaluation,0,1,0.4992063641548157,0,0.5014635920524597,False,1,1.0,1,"[0.617115, 0.382885]"
minesweeper,client,456,44,6,M0,F,evaluation,0,1,0.5018118023872375,1,0.5014635920524597,False,4,0.75,1,"[0.932331, 0.067669]"
minesweeper,client,456,45,6,M0,F,evaluation,0,1,0.501660168170929,1,0.5014635920524597,False,4,1.0,1,"[0.913972, 0.086028]"
minesweeper,client,456,47,6,M0,F,evaluation,1,1,0.5054083466529846,0,0.5112331509590149,False,4,0.25,0,"[0.706188, 0.293812]"
minesweeper,client,456,51,6,M0,F,evaluation,0,1,0.5010273456573486,0,0.5014635920524597,False,4,1.0,1,"[0.837374, 0.162626]"
minesweeper,client,456,54,6,M0,F,evaluation,0,1,0.5014035105705261,0,0.5014635920524597,False,4,1.0,1,"[0.882904, 0.117096]"
minesweeper,client,456,56,6,M0,F,evaluation,0,1,0.5001473426818848,0,0.5014635920524597,False,4,1.0,1,"[0.730905, 0.269094]"
minesweeper,client,456,144,6,M0,F,evaluation,0,1,0.5015071034431458,1,0.5014635920524597,False,4,1.0,1,"[0.895445, 0.104555]"
minesweeper,client,456,145,6,M0,F,evaluation,0,1,0.5012686848640442,0,0.5014635920524597,False,4,1.0,1,"[0.866581, 0.133419]"
minesweeper,client,456,148,6,M0,F,evaluation,0,1,0.5012203454971313,0,0.5014635920524597,False,4,1.0,1,"[0.860727, 0.139273]"
minesweeper,client,456,149,6,M0,F,evaluation,0,1,0.5017423033714294,1,0.5014635920524597,False,4,1.0,1,"[0.923918, 0.076082]"
minesweeper,client,456,151,6,M0,F,evaluation,0,1,0.5015774965286255,1,0.5014635920524597,False,4,1.0,1,"[0.903964, 0.096036]"
minesweeper,client,456,154,6,M0,F,evaluation,0,1,0.5019208192825317,1,0.5014635920524597,False,4,1.0,1,"[0.945537, 0.054463]"
minesweeper,client,456,155,6,M0,F,evaluation,0,1,0.5015716552734375,1,0.5014635920524597,False,4,1.0,1,"[0.903252, 0.096748]"
minesweeper,client,456,156,6,M0,F,evaluation,0,1,0.5015830993652344,1,0.5014635920524597,False,4,1.0,1,"[0.904644, 0.095356]"
minesweeper,client,456,247,6,M0,F,evaluation,0,1,0.5007019639015198,0,0.5014635920524597,False,4,0.75,1,"[0.797994, 0.202006]"
minesweeper,client,456,249,6,M0,F,evaluation,0,1,0.5020524859428406,1,0.5014635920524597,False,4,1.0,1,"[0.961484, 0.038516]"
minesweeper,client,456,250,6,M0,F,evaluation,0,1,0.5019382834434509,1,0.5014635920524597,False,4,1.0,1,"[0.947647, 0.052353]"
minesweeper,client,456,251,6,M0,F,evaluation,0,1,0.5015339851379395,1,0.5014635920524597,False,4,1.0,1,"[0.898693, 0.101307]"
minesweeper,client,456,252,6,M0,F,evaluation,0,1,0.5016640424728394,1,0.5014635920524597,False,4,1.0,1,"[0.914444, 0.085556]"
minesweeper,client,456,255,6,M0,F,evaluation,0,1,0.5017863512039185,1,0.5014635920524597,False,4,0.75,1,"[0.929249, 0.070751]"
minesweeper,client,456,257,6,M0,F,evaluation,0,1,0.5015983581542969,1,0.5014635920524597,False,1,0.0,1,"[0.906495, 0.093505]"
minesweeper,client,456,343,6,M0,F,evaluation,1,1,0.5062738656997681,0,0.5112331509590149,False,4,0.0,0,"[0.686192, 0.313808]"
minesweeper,client,456,344,6,M0,F,evaluation,0,1,0.49986162781715393,0,0.5014635920524597,False,4,1.0,1,"[0.696348, 0.303652]"
minesweeper,client,456,345,6,M0,F,evaluation,0,1,0.4995863437652588,0,0.5014635920524597,False,4,0.75,1,"[0.663058, 0.336942]"
minesweeper,client,456,347,6,M0,F,evaluation,1,1,0.5022765398025513,0,0.5112331509590149,False,4,0.25,0,"[0.777468, 0.222532]"
minesweeper,client,456,349,6,M0,F,evaluation,0,1,0.5016708970069885,1,0.5014635920524597,False,4,1.0,1,"[0.915271, 0.084729]"
minesweeper,client,456,350,6,M0,F,evaluation,0,1,0.5013595223426819,0,0.5014635920524597,False,4,1.0,1,"[0.877578, 0.122422]"
minesweeper,client,456,352,6,M0,F,evaluation,0,1,0.50096195936203,0,0.5014635920524597,False,4,0.75,1,"[0.829458, 0.170542]"
minesweeper,client,456,354,6,M0,F,evaluation,0,1,0.5010717511177063,0,0.5014635920524597,False,4,1.0,1,"[0.842747, 0.157253]"
minesweeper,client,456,445,6,M0,F,evaluation,0,1,0.5000362396240234,0,0.5014635920524597,False,4,0.75,1,"[0.717469, 0.282531]"
minesweeper,client,456,447,6,M0,F,evaluation,0,1,0.5009034872055054,0,0.5014635920524597,False,4,1.0,1,"[0.822386, 0.177614]"
minesweeper,client,456,448,6,M0,F,evaluation,0,1,0.5010071992874146,0,0.5014635920524597,False,4,1.0,1,"[0.834931, 0.165069]"
minesweeper,client,456,451,6,M0,F,evaluation,0,1,0.5002174973487854,0,0.5014635920524597,False,4,0.5,1,"[0.73939, 0.26061]"
minesweeper,client,456,452,6,M0,F,evaluation,1,1,0.5032802224159241,0,0.5112331509590149,False,4,0.25,0,"[0.754793, 0.245207]"
minesweeper,client,456,453,6,M0,F,evaluation,0,1,0.5004844069480896,0,0.5014635920524597,False,4,1.0,1,"[0.771676, 0.228324]"
minesweeper,client,456,454,6,M0,F,evaluation,0,1,0.5010036826133728,0,0.5014635920524597,False,4,1.0,1,"[0.834506, 0.165494]"
minesweeper,client,456,455,6,M0,F,evaluation,0,1,0.5010876655578613,0,0.5014635920524597,False,3,1.0,1,"[0.844673, 0.155327]"
minesweeper,client,456,456,6,M0,F,evaluation,0,1,0.500890851020813,0,0.5014635920524597,False,1,1.0,1,"[0.820853, 0.179147]"
minesweeper,client,456,543,6,M0,F,evaluation,1,1,0.5010998249053955,0,0.5112331509590149,False,4,0.0,0,"[0.803871, 0.196129]"
minesweeper,client,456,547,6,M0,F,evaluation,0,1,0.5004338622093201,0,0.5014635920524597,False,4,0.75,1,"[0.765564, 0.234436]"
minesweeper,client,456,548,6,M0,F,evaluation,0,1,0.49996376037597656,0,0.5014635920524597,False,4,0.5,1,"[0.708697, 0.291303]"
minesweeper,client,456,550,6,M0,F,evaluation,0,1,0.49980130791664124,0,0.5014635920524597,False,4,0.5,1,"[0.689052, 0.310948]"
minesweeper,client,456,552,6,M0,F,evaluation,0,1,0.5002251267433167,0,0.5014635920524597,False,4,0.5,1,"[0.740311, 0.259689]"
minesweeper,client,456,555,6,M0,F,evaluation,0,1,0.5018675327301025,1,0.5014635920524597,False,3,1.0,1,"[0.939082, 0.060918]"
minesweeper,client,456,639,6,M0,F,evaluation,0,1,0.501613438129425,1,0.5014635920524597,False,3,1.0,1,"[0.908314, 0.091686]"
minesweeper,client,456,640,6,M0,F,evaluation,0,1,0.5016868114471436,1,0.5014635920524597,False,4,1.0,1,"[0.917196, 0.082804]"
minesweeper,client,456,641,6,M0,F,evaluation,0,1,0.5017175078392029,1,0.5014635920524597,False,4,1.0,1,"[0.920915, 0.079085]"
minesweeper,client,456,642,6,M0,F,evaluation,0,1,0.5016377568244934,1,0.5014635920524597,False,4,1.0,1,"[0.911262, 0.088738]"
minesweeper,client,456,644,6,M0,F,evaluation,0,1,0.5005817413330078,0,0.5014635920524597,False,4,0.5,1,"[0.783456, 0.216544]"
minesweeper,client,456,648,6,M0,F,evaluation,0,1,0.4999171495437622,0,0.5014635920524597,False,4,0.75,1,"[0.703063, 0.296937]"
minesweeper,client,456,649,6,M0,F,evaluation,1,1,0.5050013065338135,0,0.5112331509590149,False,4,0.0,0,"[0.715545, 0.284456]"
minesweeper,client,456,654,6,M0,F,evaluation,0,1,0.5016725063323975,1,0.5014635920524597,False,4,1.0,1,"[0.915466, 0.084534]"
minesweeper,client,456,655,6,M0,F,evaluation,0,1,0.5020350813865662,1,0.5014635920524597,False,4,1.0,1,"[0.959372, 0.040628]"
minesweeper,client,456,656,6,M0,F,evaluation,0,1,0.5019038915634155,1,0.5014635920524597,False,2,1.0,1,"[0.943483, 0.056517]"
minesweeper,client,456,739,6,M0,F,evaluation,0,1,0.5015525221824646,1,0.5014635920524597,False,4,1.0,1,"[0.900939, 0.099061]"
minesweeper,client,456,740,6,M0,F,evaluation,0,1,0.5006421208381653,0,0.5014635920524597,False,4,1.0,1,"[0.790755, 0.209245]"
minesweeper,client,456,743,6,M0,F,evaluation,0,1,0.5007976293563843,0,0.5014635920524597,False,4,1.0,1,"[0.809572, 0.190428]"
minesweeper,client,456,744,6,M0,F,evaluation,0,1,0.5002400875091553,0,0.5014635920524597,False,4,0.75,1,"[0.742121, 0.25788]"
minesweeper,client,456,749,6,M0,F,evaluation,0,1,0.500346839427948,0,0.5014635920524597,False,4,1.0,1,"[0.755033, 0.244967]"
minesweeper,client,456,750,6,M0,F,evaluation,0,1,0.49983352422714233,0,0.5014635920524597,False,4,0.75,1,"[0.692951, 0.307049]"
minesweeper,client,456,751,6,M0,F,evaluation,0,1,0.4997442960739136,0,0.5014635920524597,False,4,0.75,1,"[0.682164, 0.317836]"
minesweeper,client,456,754,6,M0,F,evaluation,0,1,0.5010430216789246,0,0.5014635920524597,False,4,1.0,1,"[0.839273, 0.160727]"
minesweeper,client,456,755,6,M0,F,evaluation,0,1,0.5013198852539062,0,0.5014635920524597,False,4,1.0,1,"[0.872783, 0.127217]"
minesweeper,client,456,839,6,M0,F,evaluation,0,1,0.500253438949585,0,0.5014635920524597,False,4,1.0,1,"[0.743738, 0.256262]"
minesweeper,client,456,841,6,M0,F,evaluation,0,1,0.5006114840507507,0,0.5014635920524597,False,4,1.0,1,"[0.787046, 0.212954]"
minesweeper,client,456,842,6,M0,F,evaluation,0,1,0.5009117722511292,0,0.5014635920524597,False,4,1.0,1,"[0.823385, 0.176615]"
minesweeper,client,456,844,6,M0,F,evaluation,0,1,0.5004861950874329,0,0.5014635920524597,False,4,0.75,1,"[0.771895, 0.228105]"
minesweeper,client,456,848,6,M0,F,evaluation,0,1,0.5002434253692627,0,0.5014635920524597,False,4,0.75,1,"[0.742526, 0.257474]"
minesweeper,client,456,849,6,M0,F,evaluation,0,1,0.5000134706497192,0,0.5014635920524597,False,4,0.5,1,"[0.714709, 0.285291]"
minesweeper,client,456,853,6,M0,F,evaluation,0,1,0.5001459121704102,0,0.5014635920524597,False,4,0.75,1,"[0.73073, 0.26927]"
minesweeper,client,456,854,6,M0,F,evaluation,0,1,0.5002796053886414,0,0.5014635920524597,False,4,0.75,1,"[0.746902, 0.253098]"
minesweeper,client,456,855,6,M0,F,evaluation,0,1,0.5007044076919556,0,0.5014635920524597,False,4,1.0,1,"[0.798294, 0.201706]"
minesweeper,client,456,937,6,M0,F,evaluation,0,1,0.50030916929245,0,0.5014635920524597,False,4,1.0,1,"[0.750477, 0.249523]"
minesweeper,client,456,939,6,M0,F,evaluation,0,1,0.5000680685043335,0,0.5014635920524597,False,4,0.75,1,"[0.721315, 0.278685]"
minesweeper,client,456,943,6,M0,F,evaluation,0,1,0.5008711218833923,0,0.5014635920524597,False,4,1.0,1,"[0.818469, 0.181532]"
minesweeper,client,456,944,6,M0,F,evaluation,0,1,0.5007215738296509,0,0.5014635920524597,False,4,0.75,1,"[0.800373, 0.199627]"
minesweeper,client,456,946,6,M0,F,evaluation,0,1,0.4995851218700409,0,0.5014635920524597,False,4,0.75,1,"[0.662911, 0.337089]"
minesweeper,client,456,948,6,M0,F,evaluation,1,1,0.5058473944664001,0,0.5112331509590149,False,4,0.25,0,"[0.696063, 0.303937]"
minesweeper,client,456,953,6,M0,F,evaluation,1,1,0.5090752840042114,0,0.5112331509590149,False,4,0.25,0,"[0.620416, 0.379585]"
minesweeper,client,456,954,6,M0,F,evaluation,0,1,0.49935951828956604,0,0.5014635920524597,False,4,0.75,1,"[0.635633, 0.364367]"
minesweeper,client,456,955,6,M0,F,evaluation,0,1,0.4997943639755249,0,0.5014635920524597,False,4,0.5,1,"[0.688215, 0.311785]"
minesweeper,client,456,956,6,M0,F,evaluation,0,1,0.4997025728225708,0,0.5014635920524597,False,2,0.0,1,"[0.677116, 0.322884]"
minesweeper,client,456,1038,6,M0,F,evaluation,0,1,0.4998628795146942,0,0.5014635920524597,False,4,0.75,1,"[0.696499, 0.303501]"
minesweeper,client,456,1039,6,M0,F,evaluation,1,1,0.5027065277099609,0,0.5112331509590149,False,4,0.0,0,"[0.767771, 0.232229]"
minesweeper,client,456,1040,6,M0,F,evaluation,0,1,0.501239538192749,0,0.5014635920524597,False,4,0.75,1,"[0.863052, 0.136948]"
minesweeper,client,456,1042,6,M0,F,evaluation,0,1,0.501445472240448,0,0.5014635920524597,False,4,1.0,1,"[0.887982, 0.112018]"
minesweeper,client,456,1043,6,M0,F,evaluation,0,1,0.5011962056159973,0,0.5014635920524597,False,4,1.0,1,"[0.857805, 0.142195]"
minesweeper,client,456,1044,6,M0,F,evaluation,0,1,0.5008688569068909,0,0.5014635920524597,False,4,1.0,1,"[0.818191, 0.181809]"
minesweeper,client,456,1047,6,M0,F,evaluation,1,1,0.5049435496330261,0,0.5112331509590149,False,4,0.25,0,"[0.71687, 0.28313]"
minesweeper,client,456,1048,6,M0,F,evaluation,0,1,0.5002236366271973,0,0.5014635920524597,False,4,1.0,1,"[0.740128, 0.259872]"
minesweeper,client,456,1050,6,M0,F,evaluation,0,1,0.5006517171859741,0,0.5014635920524597,False,4,1.0,1,"[0.791921, 0.208079]"
minesweeper,client,456,1051,6,M0,F,evaluation,0,1,0.49998143315315247,0,0.5014635920524597,False,4,0.5,1,"[0.71084, 0.28916]"
minesweeper,client,456,1056,6,M0,F,evaluation,1,1,0.5093841552734375,0,0.5112331509590149,False,0,,0,"[0.613054, 0.386946]"
minesweeper,client,456,1137,6,M0,F,evaluation,0,1,0.5001653432846069,0,0.5014635920524597,False,3,1.0,1,"[0.733085, 0.266915]"
minesweeper,client,456,1138,6,M0,F,evaluation,0,1,0.5006045699119568,0,0.5014635920524597,False,4,0.75,1,"[0.786215, 0.213785]"
minesweeper,client,456,1139,6,M0,F,evaluation,0,1,0.5009902715682983,0,0.5014635920524597,False,4,0.75,1,"[0.832886, 0.167114]"
minesweeper,client,456,1140,6,M0,F,evaluation,0,1,0.5016557574272156,1,0.5014635920524597,False,4,0.75,1,"[0.913437, 0.086563]"
minesweeper,client,456,1141,6,M0,F,evaluation,0,1,0.5019029378890991,1,0.5014635920524597,False,4,1.0,1,"[0.943371, 0.056629]"
minesweeper,client,456,1144,6,M0,F,evaluation,0,1,0.5008688569068909,0,0.5014635920524597,False,4,1.0,1,"[0.818191, 0.181809]"
minesweeper,client,456,1145,6,M0,F,evaluation,0,1,0.5008689761161804,0,0.5014635920524597,False,4,0.75,1,"[0.81821, 0.18179]"
minesweeper,client,456,1151,6,M0,F,evaluation,0,1,0.5002419948577881,0,0.5014635920524597,False,4,0.75,1,"[0.74235, 0.25765]"
minesweeper,client,456,1152,6,M0,F,evaluation,1,1,0.5025684833526611,0,0.5112331509590149,False,4,0.25,0,"[0.770887, 0.229113]"
minesweeper,client,456,1237,6,M0,F,evaluation,0,1,0.5004984736442566,0,0.5014635920524597,False,2,1.0,1,"[0.773383, 0.226617]"
minesweeper,client,456,1240,6,M0,F,evaluation,0,1,0.5017426609992981,1,0.5014635920524597,False,4,1.0,1,"[0.923958, 0.076042]"
minesweeper,client,456,1242,6,M0,F,evaluation,0,1,0.5018338561058044,1,0.5014635920524597,False,4,1.0,1,"[0.935004, 0.064996]"
minesweeper,client,456,1244,6,M0,F,evaluation,0,1,0.5012667179107666,0,0.5014635920524597,False,4,0.75,1,"[0.866339, 0.133661]"
minesweeper,client,456,1246,6,M0,F,evaluation,0,1,0.5014275908470154,0,0.5014635920524597,False,4,1.0,1,"[0.885815, 0.114185]"
minesweeper,client,456,1247,6,M0,F,evaluation,0,1,0.5013902187347412,0,0.5014635920524597,False,4,1.0,1,"[0.881294, 0.118706]"
minesweeper,client,456,1250,6,M0,F,evaluation,0,1,0.5005306601524353,0,0.5014635920524597,False,4,1.0,1,"[0.777275, 0.222725]"
minesweeper,client,456,1253,6,M0,F,evaluation,1,1,0.504571795463562,0,0.5112331509590149,False,3,0.0,0,"[0.725385, 0.274615]"
minesweeper,client,456,1339,6,M0,F,evaluation,0,1,0.5011160969734192,0,0.5014635920524597,False,4,1.0,1,"[0.84811, 0.15189]"
minesweeper,client,456,1341,6,M0,F,evaluation,0,1,0.5019834041595459,1,0.5014635920524597,False,4,1.0,1,"[0.953115, 0.046885]"
minesweeper,client,456,1342,6,M0,F,evaluation,0,1,0.501851499080658,1,0.5014635920524597,False,4,1.0,1,"[0.93714, 0.06286]"
minesweeper,client,456,1343,6,M0,F,evaluation,0,1,0.5017318725585938,1,0.5014635920524597,False,4,0.75,1,"[0.922654, 0.077346]"
minesweeper,client,456,1344,6,M0,F,evaluation,1,1,0.4963485598564148,0,0.5112331509590149,False,4,0.0,0,"[0.908899, 0.091101]"
minesweeper,client,456,1345,6,M0,F,evaluation,0,1,0.5013889670372009,0,0.5014635920524597,False,4,1.0,1,"[0.881137, 0.118863]"
minesweeper,client,456,1347,6,M0,F,evaluation,0,1,0.5009374618530273,0,0.5014635920524597,False,4,1.0,1,"[0.8265, 0.1735]"
minesweeper,client,456,1349,6,M0,F,evaluation,0,1,0.500527024269104,0,0.5014635920524597,False,4,1.0,1,"[0.776832, 0.223168]"
minesweeper,client,456,1350,6,M0,F,evaluation,0,1,0.500076413154602,0,0.5014635920524597,False,4,1.0,1,"[0.722327, 0.277673]"
minesweeper,client,456,1351,6,M0,F,evaluation,0,1,0.500015139579773,0,0.5014635920524597,False,4,0.75,1,"[0.714915, 0.285085]"
minesweeper,client,456,1353,6,M0,F,evaluation,0,1,0.5000602602958679,0,0.5014635920524597,False,4,0.5,1,"[0.72037, 0.27963]"
minesweeper,client,456,1354,6,M0,F,evaluation,0,1,0.4998725354671478,0,0.5014635920524597,False,2,0.5,1,"[0.697666, 0.302334]"
minesweeper,client,456,1438,6,M0,F,evaluation,0,1,0.5011153221130371,0,0.5014635920524597,False,3,1.0,1,"[0.848016, 0.151984]"
minesweeper,client,456,1440,6,M0,F,evaluation,0,1,0.5020342469215393,1,0.5014635920524597,False,4,1.0,1,"[0.959271, 0.040729]"
minesweeper,client,456,1441,6,M0,F,evaluation,0,1,0.5020006895065308,1,0.5014635920524597,False,4,1.0,1,"[0.955208, 0.044792]"
minesweeper,client,456,1442,6,M0,F,evaluation,0,1,0.501836359500885,1,0.5014635920524597,False,4,1.0,1,"[0.935305, 0.064695]"
minesweeper,client,456,1444,6,M0,F,evaluation,0,1,0.5012257695198059,0,0.5014635920524597,False,4,1.0,1,"[0.861388, 0.138612]"
minesweeper,client,456,1447,6,M0,F,evaluation,0,1,0.5000489950180054,0,0.5014635920524597,False,4,0.75,1,"[0.719011, 0.280989]"
minesweeper,client,456,1448,6,M0,F,evaluation,0,1,0.5002758502960205,0,0.5014635920524597,False,4,0.75,1,"[0.746448, 0.253552]"
minesweeper,client,456,1449,6,M0,F,evaluation,0,1,0.5003995299339294,0,0.5014635920524597,False,4,0.75,1,"[0.761408, 0.238592]"
minesweeper,client,456,1454,6,M0,F,evaluation,0,1,0.4998941719532013,0,0.5014635920524597,False,2,0.5,1,"[0.700292, 0.299708]"
minesweeper,client,456,1541,6,M0,F,evaluation,0,1,0.5017748475074768,1,0.5014635920524597,False,4,1.0,1,"[0.927861, 0.072139]"
minesweeper,client,456,1543,6,M0,F,evaluation,0,1,0.5008717775344849,0,0.5014635920524597,False,4,0.75,1,"[0.818547, 0.181453]"
minesweeper,client,456,1547,6,M0,F,evaluation,1,1,0.508188784122467,0,0.5112331509590149,False,4,0.25,0,"[0.641416, 0.358584]"
minesweeper,client,456,1548,6,M0,F,evaluation,0,1,0.4996347725391388,0,0.5014635920524597,False,4,0.5,1,"[0.668918, 0.331082]"
minesweeper,client,456,1552,6,M0,F,evaluation,0,1,0.49992620944976807,0,0.5014635920524597,False,4,0.5,1,"[0.70416, 0.29584]"
minesweeper,client,456,1553,6,M0,F,evaluation,1,1,0.5054032802581787,0,0.5112331509590149,False,4,0.25,0,"[0.706305, 0.293695]"
minesweeper,client,456,1554,6,M0,F,evaluation,0,1,0.49963024258613586,0,0.5014635920524597,False,2,0.5,1,"[0.668366, 0.331634]"
minesweeper,client,456,1638,6,M0,F,evaluation,1,1,0.4964914321899414,0,0.5112331509590149,False,4,0.0,0,"[0.905771, 0.094229]"
minesweeper,client,456,1639,6,M0,F,evaluation,0,1,0.5016897320747375,1,0.5014635920524597,False,4,1.0,1,"[0.917557, 0.082443]"
minesweeper,client,456,1640,6,M0,F,evaluation,0,1,0.5014632940292358,0,0.5014635920524597,False,4,1.0,1,"[0.890136, 0.109864]"
minesweeper,client,456,1645,6,M0,F,evaluation,0,1,0.500147819519043,0,0.5014635920524597,False,4,1.0,1,"[0.730964, 0.269036]"
minesweeper,client,456,1646,6,M0,F,evaluation,0,1,0.49990272521972656,0,0.5014635920524597,False,4,0.75,1,"[0.701323, 0.298677]"
minesweeper,client,456,1647,6,M0,F,evaluation,0,1,0.4998416006565094,0,0.5014635920524597,False,4,0.25,1,"[0.693925, 0.306075]"
minesweeper,client,456,1648,6,M0,F,evaluation,1,1,0.5069080591201782,0,0.5112331509590149,False,4,0.75,0,"[0.671447, 0.328554]"
minesweeper,client,456,1649,6,M0,F,evaluation,1,1,0.5080224871635437,0,0.5112331509590149,False,4,0.5,0,"[0.645335, 0.354665]"
minesweeper,client,456,1651,6,M0,F,evaluation,0,1,0.5000855326652527,0,0.5014635920524597,False,4,0.5,1,"[0.723427, 0.276573]"
minesweeper,client,456,1653,6,M0,F,evaluation,1,1,0.502798855304718,0,0.5112331509590149,False,4,0.0,0,"[0.765687, 0.234313]"
minesweeper,client,456,1654,6,M0,F,evaluation,0,1,0.5003275275230408,0,0.5014635920524597,False,2,1.0,1,"[0.7527, 0.2473]"
minesweeper,client,456,1738,6,M0,F,evaluation,0,1,0.5013560652732849,0,0.5014635920524597,False,4,1.0,1,"[0.877154, 0.122846]"
minesweeper,client,456,1739,6,M0,F,evaluation,0,1,0.5006341338157654,0,0.5014635920524597,False,4,1.0,1,"[0.789794, 0.210206]"
minesweeper,client,456,1745,6,M0,F,evaluation,0,1,0.5001590251922607,0,0.5014635920524597,False,4,0.75,1,"[0.732318, 0.267682]"
minesweeper,client,456,1748,6,M0,F,evaluation,1,1,0.5045403242111206,0,0.5112331509590149,False,4,0.0,0,"[0.726105, 0.273895]"
minesweeper,client,456,1750,6,M0,F,evaluation,1,1,0.5004847049713135,0,0.5112331509590149,False,4,0.25,0,"[0.817603, 0.182397]"
minesweeper,client,456,1753,6,M0,F,evaluation,0,1,0.5014286041259766,0,0.5014635920524597,False,4,1.0,1,"[0.885941, 0.114059]"
minesweeper,client,456,1836,6,M0,F,evaluation,0,1,0.5010653138160706,0,0.5014635920524597,False,3,1.0,1,"[0.841969, 0.158031]"
minesweeper,client,456,1837,6,M0,F,evaluation,0,1,0.5012632012367249,0,0.5014635920524597,False,4,1.0,1,"[0.865917, 0.134083]"
minesweeper,client,456,1838,6,M0,F,evaluation,0,1,0.5007407069206238,0,0.5014635920524597,False,4,1.0,1,"[0.802688, 0.197312]"
minesweeper,client,456,1839,6,M0,F,evaluation,0,1,0.5003499388694763,0,0.5014635920524597,False,4,1.0,1,"[0.755407, 0.244593]"
minesweeper,client,456,1841,6,M0,F,evaluation,0,1,0.49904173612594604,0,0.5014635920524597,False,4,0.75,1,"[0.597218, 0.402782]"
minesweeper,client,456,1842,6,M0,F,evaluation,0,1,0.49898040294647217,0,0.5014635920524597,False,4,0.25,1,"[0.589804, 0.410196]"
minesweeper,client,456,1843,6,M0,F,evaluation,1,1,0.5068777799606323,0,0.5112331509590149,False,4,0.5,0,"[0.672153, 0.327847]"
minesweeper,client,456,1845,6,M0,F,evaluation,1,1,0.504177987575531,0,0.5112331509590149,False,4,0.0,0,"[0.734381, 0.265619]"
minesweeper,client,456,1847,6,M0,F,evaluation,0,1,0.5011869072914124,0,0.5014635920524597,False,4,1.0,1,"[0.856683, 0.143318]"
minesweeper,client,456,1849,6,M0,F,evaluation,0,1,0.5016398429870605,1,0.5014635920524597,False,4,1.0,1,"[0.91151, 0.08849]"
minesweeper,client,456,1851,6,M0,F,evaluation,0,1,0.5020031929016113,1,0.5014635920524597,False,4,1.0,1,"[0.955511, 0.044489]"
minesweeper,client,456,1852,6,M0,F,evaluation,0,1,0.501899242401123,1,0.5014635920524597,False,4,1.0,1,"[0.942919, 0.057081]"
minesweeper,client,456,1853,6,M0,F,evaluation,0,1,0.501464307308197,1,0.5014635920524597,False,4,1.0,1,"[0.890264, 0.109736]"
minesweeper,client,456,1854,6,M0,F,evaluation,0,1,0.5009280443191528,0,0.5014635920524597,False,2,1.0,1,"[0.825351, 0.174649]"
minesweeper,client,456,1938,6,M0,F,evaluation,0,1,0.5010601878166199,0,0.5014635920524597,False,4,0.75,1,"[0.841344, 0.158656]"
minesweeper,client,456,1939,6,M0,F,evaluation,0,1,0.500708281993866,0,0.5014635920524597,False,4,0.75,1,"[0.798763, 0.201237]"
minesweeper,client,456,1942,6,M0,F,evaluation,1,1,0.5082514882087708,0,0.5112331509590149,False,4,0.75,0,"[0.639938, 0.360062]"
minesweeper,client,456,1945,6,M0,F,evaluation,0,1,0.5002619624137878,0,0.5014635920524597,False,4,0.75,1,"[0.744766, 0.255234]"
minesweeper,client,456,1948,6,M0,F,evaluation,0,1,0.5013951659202576,0,0.5014635920524597,False,4,0.75,1,"[0.881891, 0.118109]"
minesweeper,client,456,1951,6,M0,F,evaluation,0,1,0.5021011829376221,1,0.5014635920524597,False,4,1.0,1,"[0.967379, 0.032621]"
minesweeper,client,456,2036,6,M0,F,evaluation,1,1,0.4991111159324646,0,0.5112331509590149,False,3,0.0,0,"[0.848108, 0.151892]"
minesweeper,client,456,2037,6,M0,F,evaluation,0,1,0.501462996006012,0,0.5014635920524597,False,4,1.0,1,"[0.8901, 0.1099]"
minesweeper,client,456,2040,6,M0,F,evaluation,0,1,0.5001770257949829,0,0.5014635920524597,False,4,0.75,1,"[0.734495, 0.265505]"
minesweeper,client,456,2044,6,M0,F,evaluation,1,1,0.5067678093910217,0,0.5112331509590149,False,4,0.25,0,"[0.674714, 0.325286]"
minesweeper,client,456,2046,6,M0,F,evaluation,0,1,0.5000196695327759,0,0.5014635920524597,False,4,0.75,1,"[0.71546, 0.28454]"
minesweeper,client,456,2047,6,M0,F,evaluation,1,1,0.5066836476325989,0,0.5112331509590149,False,4,0.0,0,"[0.676674, 0.323326]"
minesweeper,client,456,2048,6,M0,F,evaluation,0,1,0.5006421804428101,0,0.5014635920524597,False,4,1.0,1,"[0.790764, 0.209236]"
minesweeper,client,456,2050,6,M0,F,evaluation,0,1,0.5021700859069824,1,0.5014635920524597,False,4,1.0,1,"[0.975729, 0.024271]"
minesweeper,client,456,2051,6,M0,F,evaluation,0,1,0.5022436380386353,1,0.5014635920524597,False,4,1.0,1,"[0.984636, 0.015364]"
minesweeper,client,456,2052,6,M0,F,evaluation,0,1,0.5021741390228271,1,0.5014635920524597,False,4,1.0,1,"[0.976219, 0.023781]"
minesweeper,client,456,2054,6,M0,F,evaluation,0,1,0.5016393661499023,1,0.5014635920524597,False,4,0.75,1,"[0.911455, 0.088545]"
minesweeper,client,456,2136,6,M0,F,evaluation,0,1,0.5007979869842529,0,0.5014635920524597,False,1,1.0,1,"[0.80962, 0.19038]"
minesweeper,client,456,2138,6,M0,F,evaluation,0,1,0.5006310343742371,0,0.5014635920524597,False,1,1.0,1,"[0.789415, 0.210585]"
minesweeper,client,456,2139,6,M0,F,evaluation,0,1,0.49989181756973267,0,0.5014635920524597,False,1,1.0,1,"[0.700005, 0.299995]"
minesweeper,client,456,2146,6,M0,F,evaluation,0,1,0.49936842918395996,0,0.5014635920524597,False,4,0.75,1,"[0.636715, 0.363285]"
minesweeper,client,456,2150,6,M0,F,evaluation,0,1,0.5022718906402588,1,0.5014635920524597,False,4,1.0,1,"[0.988059, 0.011941]"
minesweeper,client,456,2151,6,M0,F,evaluation,0,1,0.5023207664489746,1,0.5014635920524597,False,4,1.0,1,"[0.993981, 0.006019]"
minesweeper,client,456,2152,6,M0,F,evaluation,0,1,0.5022485852241516,1,0.5014635920524597,False,3,1.0,1,"[0.985235, 0.014765]"
minesweeper,client,456,2153,6,M0,F,evaluation,0,1,0.5018720030784607,1,0.5014635920524597,False,2,1.0,1,"[0.939621, 0.060379]"
minesweeper,client,456,2155,6,M0,F,evaluation,1,1,0.5022700428962708,0,0.5112331509590149,False,0,,0,"[0.777613, 0.222387]"
minesweeper,client,456,2242,6,M0,F,evaluation,0,1,0.5001142024993896,0,0.5014635920524597,False,2,1.0,1,"[0.7269, 0.2731]"
minesweeper,client,456,2245,6,M0,F,evaluation,1,1,0.5061455368995667,0,0.5112331509590149,False,4,0.25,0,"[0.689166, 0.310834]"
minesweeper,client,456,2247,6,M0,F,evaluation,0,1,0.49985411763191223,0,0.5014635920524597,False,4,0.25,1,"[0.695443, 0.304557]"
minesweeper,client,456,2248,6,M0,F,evaluation,1,1,0.4982506334781647,0,0.5112331509590149,False,4,0.25,0,"[0.867117, 0.132883]"
minesweeper,client,456,2249,6,M0,F,evaluation,0,1,0.5022040605545044,1,0.5014635920524597,False,4,1.0,1,"[0.979838, 0.020162]"
minesweeper,client,456,2250,6,M0,F,evaluation,0,1,0.5023301243782043,1,0.5014635920524597,False,4,1.0,1,"[0.995116, 0.004884]"
minesweeper,client,456,2251,6,M0,F,evaluation,0,1,0.5023373961448669,1,0.5014635920524597,False,4,1.0,1,"[0.995994, 0.004006]"
minesweeper,client,456,2252,6,M0,F,evaluation,0,1,0.5022342205047607,1,0.5014635920524597,False,2,1.0,1,"[0.983492, 0.016508]"
minesweeper,client,456,2343,6,M0,F,evaluation,0,1,0.49975353479385376,0,0.5014635920524597,False,2,1.0,1,"[0.683277, 0.316723]"
minesweeper,client,456,2345,6,M0,F,evaluation,0,1,0.5000045895576477,0,0.5014635920524597,False,4,0.75,1,"[0.713638, 0.286362]"
minesweeper,client,456,2346,6,M0,F,evaluation,1,1,0.5034305453300476,0,0.5112331509590149,False,4,0.25,0,"[0.751384, 0.248616]"
minesweeper,client,456,2347,6,M0,F,evaluation,1,1,0.5016088485717773,0,0.5112331509590149,False,4,0.0,0,"[0.792472, 0.207528]"
minesweeper,client,456,2350,6,M0,F,evaluation,0,1,0.502312183380127,1,0.5014635920524597,False,4,1.0,1,"[0.992937, 0.007063]"
minesweeper,client,456,2352,6,M0,F,evaluation,0,1,0.5020406246185303,1,0.5014635920524597,False,1,1.0,1,"[0.960048, 0.039952]"
minesweeper,client,456,2444,6,M0,F,evaluation,0,1,0.500398576259613,0,0.5014635920524597,False,3,1.0,1,"[0.761297, 0.238703]"
minesweeper,client,456,2445,6,M0,F,evaluation,0,1,0.5009258985519409,0,0.5014635920524597,False,4,1.0,1,"[0.825095, 0.174905]"
minesweeper,client,456,2447,6,M0,F,evaluation,0,1,0.5011060237884521,0,0.5014635920524597,False,4,1.0,1,"[0.846893, 0.153107]"
minesweeper,client,456,2448,6,M0,F,evaluation,0,1,0.5012907385826111,0,0.5014635920524597,False,4,1.0,1,"[0.86925, 0.13075]"
minesweeper,client,456,2450,6,M0,F,evaluation,0,1,0.5019534230232239,1,0.5014635920524597,False,3,1.0,1,"[0.94948, 0.05052]"
minesweeper,client,456,2451,6,M0,F,evaluation,0,1,0.5016685724258423,1,0.5014635920524597,False,1,1.0,1,"[0.914989, 0.085011]"
minesweeper,client,456,2545,6,M0,F,evaluation,0,1,0.5012507438659668,0,0.5014635920524597,False,3,1.0,1,"[0.864414, 0.135586]"
minesweeper,client,456,2546,6,M0,F,evaluation,0,1,0.5012578368186951,0,0.5014635920524597,False,4,1.0,1,"[0.865272, 0.134728]"
minesweeper,client,456,2549,6,M0,F,evaluation,0,1,0.5013273358345032,0,0.5014635920524597,False,4,0.5,1,"[0.873682, 0.126318]"
minesweeper,client,456,2645,6,M0,F,evaluation,0,1,0.5010625720024109,0,0.5014635920524597,False,3,0.6666666666666666,1,"[0.841634, 0.158366]"
minesweeper,client,456,2646,6,M0,F,evaluation,0,1,0.5012843012809753,0,0.5014635920524597,False,4,0.75,1,"[0.868469, 0.131531]"
minesweeper,client,456,2647,6,M0,F,evaluation,0,1,0.5012986660003662,0,0.5014635920524597,False,4,0.75,1,"[0.87021, 0.12979]"
minesweeper,client,456,2648,6,M0,F,evaluation,1,1,0.49734070897102356,0,0.5112331509590149,False,4,0.25,0,"[0.887142, 0.112858]"
minesweeper,client,456,2650,6,M0,F,evaluation,0,1,0.5009709596633911,0,0.5014635920524597,False,1,1.0,1,"[0.830545, 0.169455]"
minesweeper,client,456,2745,6,M0,F,evaluation,1,1,0.4982146620750427,0,0.5112331509590149,False,3,0.0,0,"[0.86791, 0.13209]"
minesweeper,client,456,2746,6,M0,F,evaluation,0,1,0.5013115406036377,0,0.5014635920524597,False,3,1.0,1,"[0.871769, 0.128231]"
minesweeper,client,456,2748,6,M0,F,evaluation,0,1,0.5009709596633911,0,0.5014635920524597,False,1,1.0,1,"[0.830545, 0.169455]"
minesweeper,client,456,3967,6,M0,F,evaluation,1,1,0.5055116415023804,0,0.5112331509590149,False,4,0.25,0,"[0.703809, 0.296191]"
minesweeper,client,456,4066,6,M0,F,evaluation,0,1,0.5003111958503723,0,0.5014635920524597,False,4,0.75,1,"[0.750725, 0.249275]"
minesweeper,client,456,4067,6,M0,F,evaluation,1,1,0.5028257966041565,0,0.5112331509590149,False,4,0.0,0,"[0.765077, 0.234923]"
minesweeper,client,456,4164,6,M0,F,evaluation,0,1,0.5003309845924377,0,0.5014635920524597,False,4,0.75,1,"[0.753115, 0.246885]"
minesweeper,client,456,4167,6,M0,F,evaluation,0,1,0.5016468167304993,1,0.5014635920524597,False,4,1.0,1,"[0.912355, 0.087645]"
minesweeper,client,456,4168,6,M0,F,evaluation,0,1,0.5014784336090088,1,0.5014635920524597,False,4,1.0,1,"[0.891968, 0.108032]"
minesweeper,client,456,4169,6,M0,F,evaluation,0,1,0.5010931491851807,0,0.5014635920524597,False,4,0.75,1,"[0.845335, 0.154665]"
minesweeper,client,456,4170,6,M0,F,evaluation,0,1,0.5005995035171509,0,0.5014635920524597,False,3,0.6666666666666666,1,"[0.785598, 0.214402]"
minesweeper,client,456,4264,6,M0,F,evaluation,1,1,0.5060772895812988,0,0.5112331509590149,False,4,0.0,0,"[0.690746, 0.309254]"
minesweeper,client,456,4265,6,M0,F,evaluation,0,1,0.500901460647583,0,0.5014635920524597,False,4,1.0,1,"[0.822137, 0.177863]"
minesweeper,client,456,4267,6,M0,F,evaluation,0,1,0.5021820068359375,1,0.5014635920524597,False,4,1.0,1,"[0.977168, 0.022832]"
minesweeper,client,456,4268,6,M0,F,evaluation,0,1,0.5020637512207031,1,0.5014635920524597,False,4,1.0,1,"[0.962844, 0.037156]"
minesweeper,client,456,4269,6,M0,F,evaluation,0,1,0.501568078994751,1,0.5014635920524597,False,4,0.75,1,"[0.902826, 0.097174]"
minesweeper,client,456,4270,6,M0,F,evaluation,1,1,0.5022181272506714,0,0.5112331509590149,False,4,0.25,0,"[0.778782, 0.221218]"
minesweeper,client,456,4271,6,M0,F,evaluation,0,1,0.5000325441360474,0,0.5014635920524597,False,4,0.5,1,"[0.717021, 0.282979]"
minesweeper,client,456,4272,6,M0,F,evaluation,0,1,0.4999311864376068,0,0.5014635920524597,False,4,0.25,1,"[0.704764, 0.295236]"
minesweeper,client,456,4273,6,M0,F,evaluation,0,1,0.49994826316833496,0,0.5014635920524597,False,3,0.3333333333333333,1,"[0.706826, 0.293174]"
minesweeper,client,456,4363,6,M0,F,evaluation,0,1,0.49952882528305054,0,0.5014635920524597,False,4,1.0,1,"[0.65611, 0.34389]"
minesweeper,client,456,4366,6,M0,F,evaluation,0,1,0.5017349720001221,1,0.5014635920524597,False,4,0.75,1,"[0.923031, 0.076969]"
minesweeper,client,456,4367,6,M0,F,evaluation,0,1,0.5020641088485718,1,0.5014635920524597,False,4,1.0,1,"[0.962894, 0.037106]"
minesweeper,client,456,4369,6,M0,F,evaluation,0,1,0.5015290379524231,1,0.5014635920524597,False,4,1.0,1,"[0.898101, 0.101899]"
minesweeper,client,456,4370,6,M0,F,evaluation,0,1,0.5012245774269104,0,0.5014635920524597,False,4,0.75,1,"[0.861245, 0.138755]"
minesweeper,client,456,4372,6,M0,F,evaluation,1,1,0.5027132034301758,0,0.5112331509590149,False,4,0.25,0,"[0.767621, 0.232379]"
minesweeper,client,456,4464,6,M0,F,evaluation,0,1,0.49983900785446167,0,0.5014635920524597,False,4,0.25,1,"[0.69361, 0.30639]"
minesweeper,client,456,4465,6,M0,F,evaluation,1,1,0.5036789178848267,0,0.5112331509590149,False,4,0.25,0,"[0.745744, 0.254256]"
minesweeper,client,456,4466,6,M0,F,evaluation,0,1,0.501011312007904,0,0.5014635920524597,False,4,1.0,1,"[0.835432, 0.164568]"
minesweeper,client,456,4468,6,M0,F,evaluation,0,1,0.5014862418174744,1,0.5014635920524597,False,4,1.0,1,"[0.892916, 0.107084]"
minesweeper,client,456,4471,6,M0,F,evaluation,0,1,0.5015559196472168,1,0.5014635920524597,False,4,1.0,1,"[0.901349, 0.098651]"
minesweeper,client,456,4473,6,M0,F,evaluation,0,1,0.5010915398597717,0,0.5014635920524597,False,4,1.0,1,"[0.845139, 0.154861]"
minesweeper,client,456,4474,6,M0,F,evaluation,0,1,0.5013512372970581,0,0.5014635920524597,False,3,1.0,1,"[0.876571, 0.123429]"
minesweeper,client,456,4565,6,M0,F,evaluation,0,1,0.499856173992157,0,0.5014635920524597,False,4,1.0,1,"[0.695687, 0.304313]"
minesweeper,client,456,4566,6,M0,F,evaluation,0,1,0.5001722574234009,0,0.5014635920524597,False,4,1.0,1,"[0.733917, 0.266083]"
minesweeper,client,456,4567,6,M0,F,evaluation,0,1,0.5004376769065857,0,0.5014635920524597,False,4,1.0,1,"[0.766026, 0.233974]"
minesweeper,client,456,4569,6,M0,F,evaluation,0,1,0.5016571283340454,1,0.5014635920524597,False,4,1.0,1,"[0.913608, 0.086392]"
minesweeper,client,456,4572,6,M0,F,evaluation,0,1,0.5009667277336121,0,0.5014635920524597,False,4,1.0,1,"[0.830036, 0.169964]"
minesweeper,client,456,4573,6,M0,F,evaluation,0,1,0.5011938810348511,0,0.5014635920524597,False,4,0.75,1,"[0.857523, 0.142477]"
minesweeper,client,456,4661,6,M0,F,evaluation,0,1,0.5002638697624207,0,0.5014635920524597,False,4,1.0,1,"[0.744999, 0.255001]"
minesweeper,client,456,4664,6,M0,F,evaluation,0,1,0.4994243085384369,0,0.5014635920524597,False,4,1.0,1,"[0.643466, 0.356534]"
minesweeper,client,456,4665,6,M0,F,evaluation,0,1,0.49916690587997437,0,0.5014635920524597,False,4,1.0,1,"[0.612352, 0.387648]"
minesweeper,client,456,4666,6,M0,F,evaluation,0,1,0.4996562600135803,0,0.5014635920524597,False,4,1.0,1,"[0.671516, 0.328484]"
minesweeper,client,456,4667,6,M0,F,evaluation,0,1,0.499950110912323,0,0.5014635920524597,False,4,0.75,1,"[0.707049, 0.292951]"
minesweeper,client,456,4669,6,M0,F,evaluation,0,1,0.5014517903327942,0,0.5014635920524597,False,4,0.75,1,"[0.88874, 0.11126]"
minesweeper,client,456,4674,6,M0,F,evaluation,1,1,0.5025507211685181,0,0.5112331509590149,False,4,0.0,0,"[0.771288, 0.228712]"
minesweeper,client,456,4758,6,M0,F,evaluation,0,1,0.5012862086296082,0,0.5014635920524597,False,4,1.0,1,"[0.868706, 0.131295]"
minesweeper,client,456,4764,6,M0,F,evaluation,0,1,0.5003553032875061,0,0.5014635920524597,False,4,0.5,1,"[0.75606, 0.24394]"
minesweeper,client,456,4769,6,M0,F,evaluation,0,1,0.5017058849334717,1,0.5014635920524597,False,4,1.0,1,"[0.91951, 0.08049]"
minesweeper,client,456,4770,6,M0,F,evaluation,0,1,0.5020861625671387,1,0.5014635920524597,False,4,1.0,1,"[0.965559, 0.034441]"
minesweeper,client,456,4774,6,M0,F,evaluation,0,1,0.49958017468452454,0,0.5014635920524597,False,4,1.0,1,"[0.662316, 0.337684]"
minesweeper,client,456,4775,6,M0,F,evaluation,0,1,0.499504029750824,0,0.5014635920524597,False,4,0.75,1,"[0.653107, 0.346893]"
minesweeper,client,456,4776,6,M0,F,evaluation,0,1,0.49942150712013245,0,0.5014635920524597,False,2,0.5,1,"[0.643129, 0.356871]"
minesweeper,client,456,4858,6,M0,F,evaluation,0,1,0.5005210041999817,0,0.5014635920524597,False,4,0.75,1,"[0.776105, 0.223895]"
minesweeper,client,456,4859,6,M0,F,evaluation,0,1,0.5009396076202393,0,0.5014635920524597,False,4,0.75,1,"[0.826754, 0.173246]"
minesweeper,client,456,4860,6,M0,F,evaluation,0,1,0.5009177923202515,0,0.5014635920524597,False,4,0.75,1,"[0.824117, 0.175883]"
minesweeper,client,456,4861,6,M0,F,evaluation,1,1,0.5006347894668579,0,0.5112331509590149,False,4,0.0,0,"[0.814257, 0.185743]"
minesweeper,client,456,4863,6,M0,F,evaluation,1,1,0.5023984909057617,0,0.5112331509590149,False,4,0.0,0,"[0.774721, 0.225279]"
minesweeper,client,456,4865,6,M0,F,evaluation,1,1,0.5085647106170654,0,0.5112331509590149,False,4,0.5,0,"[0.632533, 0.367467]"
minesweeper,client,456,4866,6,M0,F,evaluation,1,1,0.5096423029899597,0,0.5112331509590149,False,4,0.5,0,"[0.606884, 0.393116]"
minesweeper,client,456,4867,6,M0,F,evaluation,1,1,0.5056349635124207,0,0.5112331509590149,False,4,0.0,0,"[0.700967, 0.299033]"
minesweeper,client,456,4872,6,M0,F,evaluation,0,1,0.5005254149436951,0,0.5014635920524597,False,4,1.0,1,"[0.776636, 0.223364]"
minesweeper,client,456,4874,6,M0,F,evaluation,0,1,0.49900883436203003,0,0.5014635920524597,False,4,0.75,1,"[0.593241, 0.406759]"
minesweeper,client,456,4875,6,M0,F,evaluation,0,1,0.4990397095680237,0,0.5014635920524597,False,3,0.3333333333333333,1,"[0.596977, 0.403023]"
minesweeper,client,456,4876,6,M0,F,evaluation,1,1,0.5096689462661743,0,0.5112331509590149,False,1,1.0,0,"[0.606245, 0.393755]"
minesweeper,client,456,4957,6,M0,F,evaluation,0,1,0.5003483295440674,0,0.5014635920524597,False,3,0.6666666666666666,1,"[0.755217, 0.244783]"
minesweeper,client,456,4959,6,M0,F,evaluation,0,1,0.5013445615768433,0,0.5014635920524597,False,4,1.0,1,"[0.875766, 0.124234]"
minesweeper,client,456,4960,6,M0,F,evaluation,0,1,0.5013236403465271,0,0.5014635920524597,False,4,1.0,1,"[0.873229, 0.126771]"
minesweeper,client,456,4964,6,M0,F,evaluation,0,1,0.49935388565063477,0,0.5014635920524597,False,4,0.75,1,"[0.634955, 0.365045]"
minesweeper,client,456,4965,6,M0,F,evaluation,1,1,0.5092299580574036,0,0.5112331509590149,False,4,0.0,0,"[0.616733, 0.383267]"
minesweeper,client,456,4966,6,M0,F,evaluation,0,1,0.4996424615383148,0,0.5014635920524597,False,4,0.75,1,"[0.669847, 0.330153]"
minesweeper,client,456,4972,6,M0,F,evaluation,0,1,0.4996912181377411,0,0.5014635920524597,False,4,0.75,1,"[0.67574, 0.32426]"
minesweeper,client,456,5057,6,M0,F,evaluation,0,1,0.5009171366691589,0,0.5014635920524597,False,2,0.5,1,"[0.824036, 0.175964]"
minesweeper,client,456,5058,6,M0,F,evaluation,0,1,0.500981867313385,0,0.5014635920524597,False,3,0.6666666666666666,1,"[0.831871, 0.168129]"
minesweeper,client,456,5060,6,M0,F,evaluation,0,1,0.5006455183029175,0,0.5014635920524597,False,4,0.75,1,"[0.79117, 0.20883]"
minesweeper,client,456,5063,6,M0,F,evaluation,0,1,0.49978163838386536,0,0.5014635920524597,False,4,0.75,1,"[0.686673, 0.313327]"
minesweeper,client,456,5065,6,M0,F,evaluation,0,1,0.49935588240623474,0,0.5014635920524597,False,4,0.75,1,"[0.635194, 0.364806]"
minesweeper,client,456,5066,6,M0,F,evaluation,0,1,0.49969130754470825,0,0.5014635920524597,False,4,0.5,1,"[0.675757, 0.324243]"
minesweeper,client,456,5069,6,M0,F,evaluation,0,1,0.5004971623420715,0,0.5014635920524597,False,4,0.75,1,"[0.77322, 0.22678]"
minesweeper,client,456,5071,6,M0,F,evaluation,0,1,0.500051736831665,0,0.5014635920524597,False,4,1.0,1,"[0.719338, 0.280662]"
minesweeper,client,456,5072,6,M0,F,evaluation,0,1,0.49955955147743225,0,0.5014635920524597,False,4,0.75,1,"[0.659815, 0.340185]"
minesweeper,client,456,5073,6,M0,F,evaluation,1,1,0.5066211819648743,0,0.5112331509590149,False,4,0.0,0,"[0.678127, 0.321873]"
minesweeper,client,456,5159,6,M0,F,evaluation,0,1,0.5000300407409668,0,0.5014635920524597,False,3,1.0,1,"[0.716713, 0.283287]"
minesweeper,client,456,5162,6,M0,F,evaluation,0,1,0.5000565052032471,0,0.5014635920524597,False,4,0.5,1,"[0.719915, 0.280085]"
minesweeper,client,456,5165,6,M0,F,evaluation,0,1,0.5000141859054565,0,0.5014635920524597,False,4,0.5,1,"[0.714802, 0.285198]"
minesweeper,client,456,5169,6,M0,F,evaluation,1,1,0.50142502784729,0,0.5112331509590149,False,4,0.0,0,"[0.796593, 0.203407]"
minesweeper,client,456,5174,6,M0,F,evaluation,0,1,0.5001013875007629,0,0.5014635920524597,False,3,1.0,1,"[0.725346, 0.274654]"
minesweeper,client,456,5263,6,M0,F,evaluation,1,1,0.5049821734428406,0,0.5112331509590149,False,4,0.25,0,"[0.715984, 0.284016]"
minesweeper,client,456,5264,6,M0,F,evaluation,1,1,0.5037100315093994,0,0.5112331509590149,False,4,0.0,0,"[0.745036, 0.254964]"
minesweeper,client,456,5265,6,M0,F,evaluation,0,1,0.5011022090911865,0,0.5014635920524597,False,4,1.0,1,"[0.846432, 0.153568]"
minesweeper,client,456,5266,6,M0,F,evaluation,0,1,0.501554548740387,1,0.5014635920524597,False,4,1.0,1,"[0.901183, 0.098817]"
minesweeper,client,456,5267,6,M0,F,evaluation,0,1,0.5015042424201965,1,0.5014635920524597,False,4,1.0,1,"[0.895093, 0.104907]"
minesweeper,client,456,5269,6,M0,F,evaluation,0,1,0.5007542371749878,0,0.5014635920524597,False,4,1.0,1,"[0.804325, 0.195675]"
minesweeper,client,456,5272,6,M0,F,evaluation,0,1,0.4995395839214325,0,0.5014635920524597,False,4,0.75,1,"[0.657408, 0.342592]"
minesweeper,client,456,5273,6,M0,F,evaluation,0,1,0.49987056851387024,0,0.5014635920524597,False,4,0.75,1,"[0.697425, 0.302575]"
minesweeper,client,456,5275,6,M0,F,evaluation,0,1,0.50022953748703,0,0.5014635920524597,False,2,0.5,1,"[0.740849, 0.259151]"
minesweeper,client,456,5359,6,M0,F,evaluation,0,1,0.4998447000980377,0,0.5014635920524597,False,3,0.6666666666666666,1,"[0.6943, 0.3057]"
minesweeper,client,456,5360,6,M0,F,evaluation,0,1,0.49986669421195984,0,0.5014635920524597,False,4,0.5,1,"[0.696956, 0.303044]"
minesweeper,client,456,5361,6,M0,F,evaluation,1,1,0.5049148797988892,0,0.5112331509590149,False,4,0.25,0,"[0.717528, 0.282472]"
minesweeper,client,456,5366,6,M0,F,evaluation,0,1,0.5017839670181274,1,0.5014635920524597,False,4,1.0,1,"[0.928968, 0.071032]"
minesweeper,client,456,5367,6,M0,F,evaluation,0,1,0.5014780759811401,1,0.5014635920524597,False,4,1.0,1,"[0.891925, 0.108075]"
minesweeper,client,456,5370,6,M0,F,evaluation,0,1,0.49953368306159973,0,0.5014635920524597,False,4,0.75,1,"[0.656695, 0.343305]"
minesweeper,client,456,5373,6,M0,F,evaluation,0,1,0.4992671608924866,0,0.5014635920524597,False,4,0.25,1,"[0.62447, 0.37553]"
minesweeper,client,456,5375,6,M0,F,evaluation,0,1,0.4996665418148041,0,0.5014635920524597,False,2,1.0,1,"[0.672756, 0.327244]"
minesweeper,client,456,5462,6,M0,F,evaluation,0,1,0.5005335211753845,0,0.5014635920524597,False,0,,1,"[0.777613, 0.222387]"
minesweeper,client,456,5464,6,M0,F,evaluation,0,1,0.5017314553260803,1,0.5014635920524597,False,2,0.5,1,"[0.922609, 0.077391]"
minesweeper,client,456,5467,6,M0,F,evaluation,0,1,0.5008417963981628,0,0.5014635920524597,False,4,1.0,1,"[0.814915, 0.185085]"
minesweeper,client,456,5468,6,M0,F,evaluation,0,1,0.5003185272216797,0,0.5014635920524597,False,4,0.75,1,"[0.751616, 0.248385]"
minesweeper,client,456,5471,6,M0,F,evaluation,0,1,0.49963951110839844,0,0.5014635920524597,False,4,0.5,1,"[0.669493, 0.330507]"
minesweeper,client,456,5474,6,M0,F,evaluation,0,1,0.49967554211616516,0,0.5014635920524597,False,4,1.0,1,"[0.673844, 0.326156]"
minesweeper,client,456,5475,6,M0,F,evaluation,0,1,0.4999053478240967,0,0.5014635920524597,False,2,1.0,1,"[0.701637, 0.298363]"
minesweeper,client,456,5565,6,M0,F,evaluation,1,1,0.49810755252838135,0,0.5112331509590149,False,1,0.0,0,"[0.87027, 0.12973]"
minesweeper,client,456,5567,6,M0,F,evaluation,0,1,0.5008828043937683,0,0.5014635920524597,False,3,0.6666666666666666,1,"[0.819883, 0.180117]"
minesweeper,client,456,5568,6,M0,F,evaluation,0,1,0.5009130239486694,0,0.5014635920524597,False,4,0.5,1,"[0.82354, 0.17646]"
minesweeper,client,456,5569,6,M0,F,evaluation,1,1,0.5018032789230347,0,0.5112331509590149,False,4,0.25,0,"[0.788109, 0.211891]"
minesweeper,client,456,5571,6,M0,F,evaluation,1,1,0.5027421116828918,0,0.5112331509590149,False,4,0.0,0,"[0.766968, 0.233032]"
minesweeper,client,456,5667,6,M0,F,evaluation,0,1,0.500822126865387,0,0.5014635920524597,False,1,0.0,1,"[0.812536, 0.187464]"
minesweeper,client,456,5669,6,M0,F,evaluation,0,1,0.5001412630081177,0,0.5014635920524597,False,2,1.0,1,"[0.730164, 0.269836]"
minesweeper,client,456,5671,6,M0,F,evaluation,0,1,0.5009884834289551,0,0.5014635920524597,False,4,1.0,1,"[0.832665, 0.167335]"
minesweeper,client,456,5672,6,M0,F,evaluation,0,1,0.5008513927459717,0,0.5014635920524597,False,4,0.75,1,"[0.81608, 0.18392]"
minesweeper,client,456,5674,6,M0,F,evaluation,0,1,0.4994589686393738,0,0.5014635920524597,False,4,0.75,1,"[0.647659, 0.352341]"
minesweeper,client,456,5773,6,M0,F,evaluation,0,1,0.5004501938819885,0,0.5014635920524597,False,4,1.0,1,"[0.767535, 0.232465]"
minesweeper,client,456,5870,6,M0,F,evaluation,1,1,0.4972512722015381,0,0.5112331509590149,False,2,0.0,0,"[0.889106, 0.110894]"
minesweeper,client,456,5871,6,M0,F,evaluation,0,1,0.5015213489532471,1,0.5014635920524597,False,3,1.0,1,"[0.897168, 0.102832]"
minesweeper,client,456,5872,6,M0,F,evaluation,0,1,0.5013332366943359,0,0.5014635920524597,False,4,0.75,1,"[0.874394, 0.125606]"
minesweeper,client,456,5972,6,M0,F,evaluation,0,1,0.5014422535896301,0,0.5014635920524597,False,3,0.6666666666666666,1,"[0.887591, 0.112409]"
minesweeper,client,456,5974,6,M0,F,evaluation,0,1,0.5013725161552429,0,0.5014635920524597,False,2,1.0,1,"[0.879151, 0.120849]"
minesweeper,client,456,5976,6,M0,F,evaluation,1,1,0.5022700428962708,0,0.5112331509590149,False,0,,0,"[0.777613, 0.222387]"
minesweeper,client,456,6073,6,M0,F,evaluation,0,1,0.5012457370758057,0,0.5014635920524597,False,0,,1,"[0.863805, 0.136195]"
minesweeper,client,456,2134,14,M0,F,evaluation,0,1,0.5013190507888794,0,0.5014635920524597,False,4,1.0,1,"[0.872678, 0.127322]"
minesweeper,client,456,2135,14,M0,F,evaluation,0,1,0.5017161965370178,1,0.5014635920524597,False,3,1.0,1,"[0.920757, 0.079243]"
minesweeper,client,456,2229,14,M0,F,evaluation,0,1,0.4995596706867218,0,0.5014635920524597,False,4,0.75,1,"[0.659833, 0.340167]"
minesweeper,client,456,2231,14,M0,F,evaluation,0,1,0.4992663562297821,0,0.5014635920524597,False,4,0.5,1,"[0.624373, 0.375627]"
minesweeper,client,456,2234,14,M0,F,evaluation,0,1,0.5012928247451782,0,0.5014635920524597,False,4,0.75,1,"[0.869503, 0.130497]"
minesweeper,client,456,2236,14,M0,F,evaluation,0,1,0.5017769932746887,1,0.5014635920524597,False,4,1.0,1,"[0.92812, 0.071881]"
minesweeper,client,456,2237,14,M0,F,evaluation,0,1,0.5017049908638,1,0.5014635920524597,False,4,1.0,1,"[0.919402, 0.080597]"
minesweeper,client,456,2238,14,M0,F,evaluation,0,1,0.5012124180793762,0,0.5014635920524597,False,4,1.0,1,"[0.859773, 0.140227]"
minesweeper,client,456,2240,14,M0,F,evaluation,0,1,0.49924856424331665,0,0.5014635920524597,False,3,0.3333333333333333,1,"[0.622226, 0.377774]"
minesweeper,client,456,2327,14,M0,F,evaluation,0,1,0.49914878606796265,0,0.5014635920524597,False,3,1.0,1,"[0.610157, 0.389843]"
minesweeper,client,456,2328,14,M0,F,evaluation,0,1,0.49927860498428345,0,0.5014635920524597,False,4,1.0,1,"[0.625853, 0.374147]"
minesweeper,client,456,2331,14,M0,F,evaluation,0,1,0.4992845952510834,0,0.5014635920524597,False,4,0.5,1,"[0.626581, 0.373419]"
minesweeper,client,456,2333,14,M0,F,evaluation,0,1,0.500241756439209,0,0.5014635920524597,False,4,0.5,1,"[0.742325, 0.257675]"
minesweeper,client,456,2334,14,M0,F,evaluation,1,1,0.5051111578941345,0,0.5112331509590149,False,4,0.0,0,"[0.713023, 0.286977]"
minesweeper,client,456,2335,14,M0,F,evaluation,0,1,0.49991321563720703,0,0.5014635920524597,False,4,1.0,1,"[0.702591, 0.297409]"
minesweeper,client,456,2337,14,M0,F,evaluation,0,1,0.5016063451766968,1,0.5014635920524597,False,4,1.0,1,"[0.907459, 0.092541]"
minesweeper,client,456,2339,14,M0,F,evaluation,0,1,0.49999091029167175,0,0.5014635920524597,False,4,0.5,1,"[0.711983, 0.288017]"
minesweeper,client,456,2429,14,M0,F,evaluation,0,1,0.5000159740447998,0,0.5014635920524597,False,4,0.5,1,"[0.715018, 0.284982]"
minesweeper,client,456,2431,14,M0,F,evaluation,0,1,0.49977144598960876,0,0.5014635920524597,False,4,0.5,1,"[0.685446, 0.314554]"
minesweeper,client,456,2433,14,M0,F,evaluation,0,1,0.49980229139328003,0,0.5014635920524597,False,4,0.5,1,"[0.689176, 0.310824]"
minesweeper,client,456,2434,14,M0,F,evaluation,0,1,0.499788761138916,0,0.5014635920524597,False,4,0.75,1,"[0.687537, 0.312463]"
minesweeper,client,456,2441,14,M0,F,evaluation,0,1,0.5004157423973083,0,0.5014635920524597,False,4,0.75,1,"[0.763373, 0.236627]"
minesweeper,client,456,2442,14,M0,F,evaluation,0,1,0.5009486079216003,0,0.5014635920524597,False,4,0.5,1,"[0.827843, 0.172157]"
minesweeper,client,456,2526,14,M0,F,evaluation,1,1,0.5106388330459595,0,0.5112331509590149,False,3,0.6666666666666666,0,"[0.582908, 0.417092]"
minesweeper,client,456,2527,14,M0,F,evaluation,0,1,0.49908125400543213,0,0.5014635920524597,False,4,0.25,1,"[0.601998, 0.398002]"
minesweeper,client,456,2531,14,M0,F,evaluation,0,1,0.5002453923225403,0,0.5014635920524597,False,4,0.5,1,"[0.742761, 0.257239]"
minesweeper,client,456,2534,14,M0,F,evaluation,1,1,0.5039591193199158,0,0.5112331509590149,False,4,0.0,0,"[0.739369, 0.260631]"
minesweeper,client,456,2535,14,M0,F,evaluation,0,1,0.5005350708961487,0,0.5014635920524597,False,4,0.75,1,"[0.777802, 0.222198]"
minesweeper,client,456,2540,14,M0,F,evaluation,1,1,0.49831080436706543,0,0.5112331509590149,False,4,0.0,0,"[0.865789, 0.134211]"
minesweeper,client,456,2541,14,M0,F,evaluation,0,1,0.5015084147453308,1,0.5014635920524597,False,4,1.0,1,"[0.895599, 0.104401]"
minesweeper,client,456,2542,14,M0,F,evaluation,0,1,0.5014408826828003,0,0.5014635920524597,False,4,0.75,1,"[0.887428, 0.112572]"
minesweeper,client,456,2543,14,M0,F,evaluation,1,1,0.49849891662597656,0,0.5112331509590149,False,3,0.0,0,"[0.861639, 0.138361]"
minesweeper,client,456,2627,14,M0,F,evaluation,1,1,0.5107006430625916,0,0.5112331509590149,False,3,0.3333333333333333,0,"[0.581412, 0.418588]"
minesweeper,client,456,2629,14,M0,F,evaluation,0,1,0.50087970495224,0,0.5014635920524597,False,4,0.75,1,"[0.819508, 0.180492]"
minesweeper,client,456,2631,14,M0,F,evaluation,0,1,0.500738263130188,0,0.5014635920524597,False,4,0.75,1,"[0.802392, 0.197608]"
minesweeper,client,456,2632,14,M0,F,evaluation,1,1,0.5013335943222046,0,0.5112331509590149,False,4,0.25,0,"[0.79864, 0.20136]"
minesweeper,client,456,2633,14,M0,F,evaluation,0,1,0.5007333755493164,0,0.5014635920524597,False,4,0.75,1,"[0.801799, 0.198201]"
minesweeper,client,456,2635,14,M0,F,evaluation,0,1,0.501514196395874,1,0.5014635920524597,False,4,1.0,1,"[0.896302, 0.103698]"
minesweeper,client,456,2636,14,M0,F,evaluation,0,1,0.5016731023788452,1,0.5014635920524597,False,4,1.0,1,"[0.915536, 0.084464]"
minesweeper,client,456,2638,14,M0,F,evaluation,0,1,0.5013387799263,0,0.5014635920524597,False,4,1.0,1,"[0.875064, 0.124936]"
minesweeper,client,456,2641,14,M0,F,evaluation,0,1,0.5016400814056396,1,0.5014635920524597,False,4,1.0,1,"[0.911545, 0.088455]"
minesweeper,client,456,2642,14,M0,F,evaluation,0,1,0.5016329288482666,1,0.5014635920524597,False,4,1.0,1,"[0.910674, 0.089326]"
minesweeper,client,456,2643,14,M0,F,evaluation,0,1,0.5012520551681519,0,0.5014635920524597,False,4,1.0,1,"[0.864575, 0.135425]"
minesweeper,client,456,2644,14,M0,F,evaluation,0,1,0.500775933265686,0,0.5014635920524597,False,2,1.0,1,"[0.806946, 0.193054]"
minesweeper,client,456,2729,14,M0,F,evaluation,0,1,0.500763475894928,0,0.5014635920524597,False,4,1.0,1,"[0.80544, 0.19456]"
minesweeper,client,456,2732,14,M0,F,evaluation,0,1,0.5013750195503235,0,0.5014635920524597,False,4,0.75,1,"[0.879451, 0.120549]"
minesweeper,client,456,2733,14,M0,F,evaluation,1,1,0.4961605668067932,0,0.5112331509590149,False,4,0.0,0,"[0.913014, 0.086986]"
minesweeper,client,456,2734,14,M0,F,evaluation,0,1,0.5018997192382812,1,0.5014635920524597,False,4,1.0,1,"[0.942979, 0.057021]"
minesweeper,client,456,2735,14,M0,F,evaluation,0,1,0.5020337700843811,1,0.5014635920524597,False,4,1.0,1,"[0.959217, 0.040783]"
minesweeper,client,456,2736,14,M0,F,evaluation,0,1,0.5019710063934326,1,0.5014635920524597,False,4,1.0,1,"[0.951611, 0.048389]"
minesweeper,client,456,2737,14,M0,F,evaluation,0,1,0.5016546845436096,1,0.5014635920524597,False,4,1.0,1,"[0.913308, 0.086692]"
minesweeper,client,456,2740,14,M0,F,evaluation,0,1,0.5007645487785339,0,0.5014635920524597,False,4,0.75,1,"[0.805566, 0.194434]"
minesweeper,client,456,2742,14,M0,F,evaluation,0,1,0.5011056065559387,0,0.5014635920524597,False,4,1.0,1,"[0.846843, 0.153157]"
minesweeper,client,456,2743,14,M0,F,evaluation,0,1,0.5005868077278137,0,0.5014635920524597,False,4,1.0,1,"[0.784063, 0.215937]"
minesweeper,client,456,2744,14,M0,F,evaluation,0,1,0.49958536028862,0,0.5014635920524597,False,2,1.0,1,"[0.66294, 0.33706]"
minesweeper,client,456,2827,14,M0,F,evaluation,1,1,0.5066727995872498,0,0.5112331509590149,False,2,0.0,0,"[0.676926, 0.323074]"
minesweeper,client,456,2828,14,M0,F,evaluation,0,1,0.5004829168319702,0,0.5014635920524597,False,3,1.0,1,"[0.771496, 0.228504]"
minesweeper,client,456,2830,14,M0,F,evaluation,0,1,0.5008465051651001,0,0.5014635920524597,False,4,0.75,1,"[0.815489, 0.184511]"
minesweeper,client,456,2831,14,M0,F,evaluation,0,1,0.5010058283805847,0,0.5014635920524597,False,4,0.75,1,"[0.834765, 0.165235]"
minesweeper,client,456,2834,14,M0,F,evaluation,0,1,0.5018948316574097,1,0.5014635920524597,False,4,1.0,1,"[0.942387, 0.057613]"
minesweeper,client,456,2837,14,M0,F,evaluation,0,1,0.5017869472503662,1,0.5014635920524597,False,4,1.0,1,"[0.929322, 0.070678]"
minesweeper,client,456,2838,14,M0,F,evaluation,0,1,0.5011061429977417,0,0.5014635920524597,False,4,0.75,1,"[0.84691, 0.15309]"
minesweeper,client,456,2840,14,M0,F,evaluation,0,1,0.500166654586792,0,0.5014635920524597,False,4,1.0,1,"[0.733244, 0.266756]"
minesweeper,client,456,2841,14,M0,F,evaluation,0,1,0.5002727508544922,0,0.5014635920524597,False,4,1.0,1,"[0.746073, 0.253927]"
minesweeper,client,456,2843,14,M0,F,evaluation,0,1,0.49931344389915466,0,0.5014635920524597,False,4,1.0,1,"[0.630063, 0.369937]"
minesweeper,client,456,2930,14,M0,F,evaluation,1,1,0.49688225984573364,0,0.5112331509590149,False,4,0.0,0,"[0.897206, 0.102794]"
minesweeper,client,456,2932,14,M0,F,evaluation,0,1,0.5012142658233643,0,0.5014635920524597,False,4,1.0,1,"[0.859996, 0.140004]"
minesweeper,client,456,2933,14,M0,F,evaluation,0,1,0.501166582107544,0,0.5014635920524597,False,4,1.0,1,"[0.854219, 0.145781]"
minesweeper,client,456,2935,14,M0,F,evaluation,0,1,0.5016198754310608,1,0.5014635920524597,False,4,1.0,1,"[0.909092, 0.090908]"
minesweeper,client,456,2937,14,M0,F,evaluation,0,1,0.5015243887901306,1,0.5014635920524597,False,4,1.0,1,"[0.897535, 0.102465]"
minesweeper,client,456,2943,14,M0,F,evaluation,0,1,0.4987815320491791,0,0.5014635920524597,False,4,0.75,1,"[0.565763, 0.434237]"
minesweeper,client,456,2944,14,M0,F,evaluation,0,1,0.4994591772556305,0,0.5014635920524597,False,4,0.5,1,"[0.647683, 0.352317]"
minesweeper,client,456,2945,14,M0,F,evaluation,1,1,0.5082611441612244,0,0.5112331509590149,False,2,0.0,0,"[0.63971, 0.36029]"
minesweeper,client,456,3029,14,M0,F,evaluation,0,1,0.5019137859344482,1,0.5014635920524597,False,4,1.0,1,"[0.944687, 0.055313]"
minesweeper,client,456,3034,14,M0,F,evaluation,0,1,0.5010833144187927,0,0.5014635920524597,False,4,0.75,1,"[0.84415, 0.15585]"
minesweeper,client,456,3035,14,M0,F,evaluation,0,1,0.5010760426521301,0,0.5014635920524597,False,4,1.0,1,"[0.843266, 0.156734]"
minesweeper,client,456,3036,14,M0,F,evaluation,0,1,0.5007951855659485,0,0.5014635920524597,False,4,1.0,1,"[0.809278, 0.190722]"
minesweeper,client,456,3037,14,M0,F,evaluation,0,1,0.500667929649353,0,0.5014635920524597,False,4,1.0,1,"[0.793878, 0.206122]"
minesweeper,client,456,3041,14,M0,F,evaluation,0,1,0.4991395175457001,0,0.5014635920524597,False,4,0.75,1,"[0.609036, 0.390964]"
minesweeper,client,456,3042,14,M0,F,evaluation,0,1,0.49879026412963867,0,0.5014635920524597,False,4,0.5,1,"[0.56682, 0.43318]"
minesweeper,client,456,3126,14,M0,F,evaluation,1,1,0.5027496814727783,0,0.5112331509590149,False,4,0.0,0,"[0.766797, 0.233203]"
minesweeper,client,456,3129,14,M0,F,evaluation,0,1,0.5012533664703369,0,0.5014635920524597,False,4,1.0,1,"[0.864722, 0.135278]"
minesweeper,client,456,3130,14,M0,F,evaluation,0,1,0.5012539029121399,0,0.5014635920524597,False,4,1.0,1,"[0.86479, 0.13521]"
minesweeper,client,456,3131,14,M0,F,evaluation,0,1,0.5012562870979309,0,0.5014635920524597,False,4,1.0,1,"[0.865079, 0.134921]"
minesweeper,client,456,3132,14,M0,F,evaluation,0,1,0.5013223886489868,0,0.5014635920524597,False,4,0.75,1,"[0.873079, 0.126921]"
minesweeper,client,456,3133,14,M0,F,evaluation,1,1,0.49685266613960266,0,0.5112331509590149,False,4,0.0,0,"[0.897855, 0.102145]"
minesweeper,client,456,3138,14,M0,F,evaluation,0,1,0.4994748532772064,0,0.5014635920524597,False,4,0.75,1,"[0.649577, 0.350423]"
minesweeper,client,456,3139,14,M0,F,evaluation,0,1,0.49980616569519043,0,0.5014635920524597,False,4,0.5,1,"[0.689641, 0.310359]"
minesweeper,client,456,3141,14,M0,F,evaluation,0,1,0.49947962164878845,0,0.5014635920524597,False,4,0.5,1,"[0.650154, 0.349845]"
minesweeper,client,456,3142,14,M0,F,evaluation,0,1,0.49886924028396606,0,0.5014635920524597,False,4,0.25,1,"[0.576362, 0.423638]"
minesweeper,client,456,3144,14,M0,F,evaluation,0,1,0.4995901584625244,0,0.5014635920524597,False,4,0.5,1,"[0.663523, 0.336477]"
minesweeper,client,456,3227,14,M0,F,evaluation,0,1,0.4993326961994171,0,0.5014635920524597,False,4,0.75,1,"[0.63239, 0.36761]"
minesweeper,client,456,3228,14,M0,F,evaluation,0,1,0.4994414746761322,0,0.5014635920524597,False,4,0.75,1,"[0.64555, 0.35445]"
minesweeper,client,456,3229,14,M0,F,evaluation,0,1,0.5001842975616455,0,0.5014635920524597,False,4,0.75,1,"[0.735372, 0.264628]"
minesweeper,client,456,3232,14,M0,F,evaluation,0,1,0.5010886788368225,0,0.5014635920524597,False,4,1.0,1,"[0.844793, 0.155207]"
minesweeper,client,456,3236,14,M0,F,evaluation,0,1,0.49869054555892944,0,0.5014635920524597,False,4,0.5,1,"[0.554772, 0.445228]"
minesweeper,client,456,3237,14,M0,F,evaluation,1,1,0.5109150409698486,0,0.5112331509590149,False,4,0.25,0,"[0.576215, 0.423785]"
minesweeper,client,456,3240,14,M0,F,evaluation,1,1,0.502875566482544,0,0.5112331509590149,False,4,0.25,0,"[0.763953, 0.236047]"
minesweeper,client,456,3241,14,M0,F,evaluation,1,1,0.5032490491867065,0,0.5112331509590149,False,4,0.25,0,"[0.7555, 0.2445]"
minesweeper,client,456,3242,14,M0,F,evaluation,0,1,0.5002521276473999,0,0.5014635920524597,False,4,0.5,1,"[0.743582, 0.256418]"
minesweeper,client,456,3326,14,M0,F,evaluation,0,1,0.4996161162853241,0,0.5014635920524597,False,4,0.75,1,"[0.666662, 0.333338]"
minesweeper,client,456,3331,14,M0,F,evaluation,0,1,0.5006425380706787,0,0.5014635920524597,False,4,0.75,1,"[0.790808, 0.209193]"
minesweeper,client,456,3333,14,M0,F,evaluation,0,1,0.5002784729003906,0,0.5014635920524597,False,4,1.0,1,"[0.746765, 0.253235]"
minesweeper,client,456,3336,14,M0,F,evaluation,0,1,0.49973341822624207,0,0.5014635920524597,False,4,0.5,1,"[0.680848, 0.319152]"
minesweeper,client,456,3337,14,M0,F,evaluation,1,1,0.5096515417098999,0,0.5112331509590149,False,4,0.25,0,"[0.606663, 0.393337]"
minesweeper,client,456,3338,14,M0,F,evaluation,0,1,0.4991837441921234,0,0.5014635920524597,False,4,1.0,1,"[0.614383, 0.385617]"
minesweeper,client,456,3339,14,M0,F,evaluation,0,1,0.49991634488105774,0,0.5014635920524597,False,4,1.0,1,"[0.702968, 0.297032]"
minesweeper,client,456,3340,14,M0,F,evaluation,0,1,0.5003694295883179,0,0.5014635920524597,False,4,1.0,1,"[0.757762, 0.242238]"
minesweeper,client,456,3342,14,M0,F,evaluation,1,1,0.5021609663963318,0,0.5112331509590149,False,4,0.25,0,"[0.780069, 0.21993]"
minesweeper,client,456,3343,14,M0,F,evaluation,0,1,0.5016635656356812,1,0.5014635920524597,False,4,0.75,1,"[0.914381, 0.085619]"
minesweeper,client,456,3344,14,M0,F,evaluation,0,1,0.5019192099571228,1,0.5014635920524597,False,3,0.6666666666666666,1,"[0.945339, 0.054661]"
minesweeper,client,456,3425,14,M0,F,evaluation,0,1,0.4988386929035187,0,0.5014635920524597,False,4,0.25,1,"[0.572677, 0.427323]"
minesweeper,client,456,3427,14,M0,F,evaluation,0,1,0.5001670122146606,0,0.5014635920524597,False,4,0.75,1,"[0.73328, 0.26672]"
minesweeper,client,456,3428,14,M0,F,evaluation,0,1,0.5007607340812683,0,0.5014635920524597,False,4,0.75,1,"[0.805112, 0.194888]"
minesweeper,client,456,3432,14,M0,F,evaluation,0,1,0.5004663467407227,0,0.5014635920524597,False,4,1.0,1,"[0.769492, 0.230508]"
minesweeper,client,456,3433,14,M0,F,evaluation,0,1,0.5000835061073303,0,0.5014635920524597,False,4,0.75,1,"[0.723182, 0.276818]"
minesweeper,client,456,3434,14,M0,F,evaluation,0,1,0.4997949004173279,0,0.5014635920524597,False,4,0.5,1,"[0.68828, 0.31172]"
minesweeper,client,456,3437,14,M0,F,evaluation,0,1,0.4988085627555847,0,0.5014635920524597,False,4,0.75,1,"[0.569032, 0.430968]"
minesweeper,client,456,3438,14,M0,F,evaluation,0,1,0.4988917112350464,0,0.5014635920524597,False,4,0.75,1,"[0.579081, 0.420919]"
minesweeper,client,456,3439,14,M0,F,evaluation,0,1,0.499320924282074,0,0.5014635920524597,False,4,0.75,1,"[0.63097, 0.36903]"
minesweeper,client,456,3440,14,M0,F,evaluation,0,1,0.49955612421035767,0,0.5014635920524597,False,4,1.0,1,"[0.659405, 0.340595]"
minesweeper,client,456,3442,14,M0,F,evaluation,0,1,0.5004523992538452,0,0.5014635920524597,False,3,0.6666666666666666,1,"[0.767805, 0.232195]"
minesweeper,client,456,3443,14,M0,F,evaluation,1,1,0.49535810947418213,0,0.5112331509590149,False,2,0.0,0,"[0.930548, 0.069452]"
minesweeper,client,456,3524,14,M0,F,evaluation,0,1,0.4989055395126343,0,0.5014635920524597,False,3,0.3333333333333333,1,"[0.58075, 0.41925]"
minesweeper,client,456,3528,14,M0,F,evaluation,0,1,0.5010622143745422,0,0.5014635920524597,False,4,1.0,1,"[0.84159, 0.15841]"
minesweeper,client,456,3529,14,M0,F,evaluation,0,1,0.5009300112724304,0,0.5014635920524597,False,4,1.0,1,"[0.825591, 0.174409]"
minesweeper,client,456,3534,14,M0,F,evaluation,1,1,0.5075249075889587,0,0.5112331509590149,False,4,0.25,0,"[0.657027, 0.342973]"
minesweeper,client,456,3536,14,M0,F,evaluation,0,1,0.4990140497684479,0,0.5014635920524597,False,4,1.0,1,"[0.593864, 0.406136]"
minesweeper,client,456,3538,14,M0,F,evaluation,1,1,0.5104195475578308,0,0.5112331509590149,False,4,0.25,0,"[0.588207, 0.411793]"
minesweeper,client,456,3539,14,M0,F,evaluation,0,1,0.4996510446071625,0,0.5014635920524597,False,4,0.5,1,"[0.670886, 0.329114]"
minesweeper,client,456,3540,14,M0,F,evaluation,0,1,0.5002513527870178,0,0.5014635920524597,False,4,0.5,1,"[0.743485, 0.256515]"
minesweeper,client,456,3542,14,M0,F,evaluation,0,1,0.5005335211753845,0,0.5014635920524597,False,1,0.0,1,"[0.777613, 0.222387]"
minesweeper,client,456,3624,14,M0,F,evaluation,1,1,0.5067079663276672,0,0.5112331509590149,False,1,0.0,0,"[0.676109, 0.323891]"
minesweeper,client,456,3631,14,M0,F,evaluation,0,1,0.50021892786026,0,0.5014635920524597,False,4,0.5,1,"[0.739563, 0.260437]"
minesweeper,client,456,3633,14,M0,F,evaluation,0,1,0.4993076026439667,0,0.5014635920524597,False,4,0.75,1,"[0.629356, 0.370644]"
minesweeper,client,456,3634,14,M0,F,evaluation,0,1,0.4992051124572754,0,0.5014635920524597,False,4,0.75,1,"[0.616969, 0.383031]"
minesweeper,client,456,3635,14,M0,F,evaluation,0,1,0.4992687702178955,0,0.5014635920524597,False,4,0.75,1,"[0.624665, 0.375335]"
minesweeper,client,456,3639,14,M0,F,evaluation,0,1,0.5010629892349243,0,0.5014635920524597,False,4,0.75,1,"[0.841682, 0.158318]"
minesweeper,client,456,3640,14,M0,F,evaluation,1,1,0.4989253580570221,0,0.5112331509590149,False,3,0.3333333333333333,0,"[0.852217, 0.147783]"
minesweeper,client,456,3641,14,M0,F,evaluation,1,1,0.5012364387512207,0,0.5112331509590149,False,1,0.0,0,"[0.800815, 0.199185]"
minesweeper,client,456,3730,14,M0,F,evaluation,0,1,0.5009158253669739,0,0.5014635920524597,False,4,0.5,1,"[0.823879, 0.176121]"
minesweeper,client,456,3734,14,M0,F,evaluation,1,1,0.5104702115058899,0,0.5112331509590149,False,4,0.25,0,"[0.586982, 0.413018]"
minesweeper,client,456,3735,14,M0,F,evaluation,0,1,0.4993201792240143,0,0.5014635920524597,False,4,1.0,1,"[0.630881, 0.369119]"
minesweeper,client,456,3736,14,M0,F,evaluation,0,1,0.5002076625823975,0,0.5014635920524597,False,4,0.5,1,"[0.738203, 0.261797]"
minesweeper,client,456,3737,14,M0,F,evaluation,1,1,0.500331461429596,0,0.5112331509590149,False,4,0.25,0,"[0.821017, 0.178983]"
minesweeper,client,456,3739,14,M0,F,evaluation,0,1,0.5013724565505981,0,0.5014635920524597,False,3,1.0,1,"[0.879138, 0.120862]"
minesweeper,client,456,3827,14,M0,F,evaluation,0,1,0.5007038712501526,0,0.5014635920524597,False,1,1.0,1,"[0.798228, 0.201772]"
minesweeper,client,456,3828,14,M0,F,evaluation,0,1,0.5018013119697571,1,0.5014635920524597,False,2,0.5,1,"[0.931065, 0.068935]"
minesweeper,client,456,3830,14,M0,F,evaluation,0,1,0.5021548271179199,1,0.5014635920524597,False,4,1.0,1,"[0.973875, 0.026125]"
minesweeper,client,456,3833,14,M0,F,evaluation,1,1,0.509976863861084,0,0.5112331509590149,False,4,0.25,0,"[0.598864, 0.401136]"
minesweeper,client,456,3835,14,M0,F,evaluation,0,1,0.4997251629829407,0,0.5014635920524597,False,4,0.5,1,"[0.679846, 0.320154]"
minesweeper,client,456,3836,14,M0,F,evaluation,0,1,0.500391960144043,0,0.5014635920524597,False,4,0.5,1,"[0.760493, 0.239507]"
minesweeper,client,456,3839,14,M0,F,evaluation,0,1,0.5005335211753845,0,0.5014635920524597,False,0,,1,"[0.777613, 0.222387]"
minesweeper,client,456,3929,14,M0,F,evaluation,0,1,0.5023564696311951,1,0.5014635920524597,False,3,1.0,1,"[0.998305, 0.001695]"
minesweeper,client,456,3932,14,M0,F,evaluation,0,1,0.5008307695388794,0,0.5014635920524597,False,4,1.0,1,"[0.813582, 0.186418]"
minesweeper,client,456,3933,14,M0,F,evaluation,0,1,0.49894559383392334,0,0.5014635920524597,False,4,0.75,1,"[0.585595, 0.414405]"
minesweeper,client,456,3934,14,M0,F,evaluation,1,1,0.5084337592124939,0,0.5112331509590149,False,4,0.5,0,"[0.63563, 0.36437]"
minesweeper,client,456,3935,14,M0,F,evaluation,1,1,0.5044946074485779,0,0.5112331509590149,False,4,0.5,0,"[0.727151, 0.27285]"
minesweeper,client,456,3937,14,M0,F,evaluation,0,1,0.5005771517753601,0,0.5014635920524597,False,1,0.0,1,"[0.782895, 0.217105]"
minesweeper,client,456,4032,14,M0,F,evaluation,0,1,0.49987441301345825,0,0.5014635920524597,False,2,0.5,1,"[0.697891, 0.302109]"
minesweeper,client,456,4034,14,M0,F,evaluation,0,1,0.5002511739730835,0,0.5014635920524597,False,4,0.25,1,"[0.74346, 0.25654]"
minesweeper,client,456,4134,14,M0,F,evaluation,1,1,0.5050194263458252,0,0.5112331509590149,False,1,0.0,0,"[0.715128, 0.284872]"
minesweeper,client,456,4135,14,M0,F,evaluation,0,1,0.5009709596633911,0,0.5014635920524597,False,1,1.0,1,"[0.830545, 0.169455]"
minesweeper,client,456,5463,14,M0,F,evaluation,0,1,0.49985551834106445,0,0.5014635920524597,False,3,0.6666666666666666,1,"[0.695608, 0.304392]"
minesweeper,client,456,5560,14,M0,F,evaluation,0,1,0.5005924701690674,0,0.5014635920524597,False,4,0.75,1,"[0.784749, 0.215251]"
minesweeper,client,456,5561,14,M0,F,evaluation,0,1,0.5005506873130798,0,0.5014635920524597,False,4,0.75,1,"[0.779692, 0.220308]"
minesweeper,client,456,5563,14,M0,F,evaluation,0,1,0.49991193413734436,0,0.5014635920524597,False,4,0.75,1,"[0.702434, 0.297566]"
minesweeper,client,456,5564,14,M0,F,evaluation,0,1,0.49980947375297546,0,0.5014635920524597,False,3,0.6666666666666666,1,"[0.69004, 0.30996]"
minesweeper,client,456,5660,14,M0,F,evaluation,0,1,0.500425398349762,0,0.5014635920524597,False,4,0.75,1,"[0.764534, 0.235466]"
minesweeper,client,456,5664,14,M0,F,evaluation,1,1,0.5016937851905823,0,0.5112331509590149,False,4,0.0,0,"[0.790566, 0.209434]"
minesweeper,client,456,5666,14,M0,F,evaluation,0,1,0.5004668831825256,0,0.5014635920524597,False,3,1.0,1,"[0.76956, 0.23044]"
minesweeper,client,456,5759,14,M0,F,evaluation,1,1,0.5095816254615784,0,0.5112331509590149,False,4,0.0,0,"[0.608337, 0.391663]"
minesweeper,client,456,5760,14,M0,F,evaluation,0,1,0.49966689944267273,0,0.5014635920524597,False,4,1.0,1,"[0.672799, 0.327201]"
minesweeper,client,456,5762,14,M0,F,evaluation,0,1,0.5002604126930237,0,0.5014635920524597,False,4,0.75,1,"[0.744583, 0.255417]"
minesweeper,client,456,5763,14,M0,F,evaluation,0,1,0.5002501606941223,0,0.5014635920524597,False,4,0.75,1,"[0.743339, 0.256661]"
minesweeper,client,456,5764,14,M0,F,evaluation,0,1,0.5008302330970764,0,0.5014635920524597,False,4,1.0,1,"[0.813522, 0.186478]"
minesweeper,client,456,5859,14,M0,F,evaluation,0,1,0.49940621852874756,0,0.5014635920524597,False,4,0.75,1,"[0.64128, 0.358719]"
minesweeper,client,456,5860,14,M0,F,evaluation,0,1,0.49962639808654785,0,0.5014635920524597,False,4,0.5,1,"[0.667905, 0.332095]"
minesweeper,client,456,5861,14,M0,F,evaluation,0,1,0.4997303783893585,0,0.5014635920524597,False,4,0.25,1,"[0.680483, 0.319517]"
minesweeper,client,456,5863,14,M0,F,evaluation,0,1,0.49989140033721924,0,0.5014635920524597,False,4,1.0,1,"[0.699953, 0.300047]"
minesweeper,client,456,5868,14,M0,F,evaluation,0,1,0.5004697442054749,0,0.5014635920524597,False,4,1.0,1,"[0.769908, 0.230092]"
minesweeper,client,456,5869,14,M0,F,evaluation,0,1,0.5007315278053284,0,0.5014635920524597,False,3,1.0,1,"[0.801578, 0.198422]"
minesweeper,client,456,5959,14,M0,F,evaluation,0,1,0.4997303783893585,0,0.5014635920524597,False,4,0.5,1,"[0.680484, 0.319516]"
minesweeper,client,456,5962,14,M0,F,evaluation,0,1,0.4995577335357666,0,0.5014635920524597,False,4,0.75,1,"[0.659601, 0.340399]"
minesweeper,client,456,5963,14,M0,F,evaluation,0,1,0.5001618266105652,0,0.5014635920524597,False,4,0.75,1,"[0.732658, 0.267342]"
minesweeper,client,456,5966,14,M0,F,evaluation,0,1,0.5006760358810425,0,0.5014635920524597,False,4,1.0,1,"[0.794866, 0.205134]"
minesweeper,client,456,5968,14,M0,F,evaluation,0,1,0.500886857509613,0,0.5014635920524597,False,4,0.75,1,"[0.820375, 0.179625]"
minesweeper,client,456,6058,14,M0,F,evaluation,0,1,0.5000497102737427,0,0.5014635920524597,False,3,0.6666666666666666,1,"[0.719096, 0.280904]"
minesweeper,client,456,6059,14,M0,F,evaluation,1,1,0.5050696134567261,0,0.5112331509590149,False,4,0.0,0,"[0.713977, 0.286023]"
minesweeper,client,456,6060,14,M0,F,evaluation,0,1,0.4998701214790344,0,0.5014635920524597,False,4,1.0,1,"[0.697376, 0.302624]"
minesweeper,client,456,6061,14,M0,F,evaluation,0,1,0.4998069703578949,0,0.5014635920524597,False,4,0.75,1,"[0.689737, 0.310263]"
minesweeper,client,456,6063,14,M0,F,evaluation,1,1,0.5058903694152832,0,0.5112331509590149,False,4,0.25,0,"[0.69507, 0.30493]"
minesweeper,client,456,6064,14,M0,F,evaluation,0,1,0.5003119111061096,0,0.5014635920524597,False,4,0.75,1,"[0.750814, 0.249186]"
minesweeper,client,456,6068,14,M0,F,evaluation,0,1,0.5005601644515991,0,0.5014635920524597,False,4,0.5,1,"[0.780837, 0.219163]"
minesweeper,client,456,6069,14,M0,F,evaluation,1,1,0.5039303302764893,0,0.5112331509590149,False,4,0.0,0,"[0.740025, 0.259975]"
minesweeper,client,456,6071,14,M0,F,evaluation,0,1,0.49981212615966797,0,0.5014635920524597,False,2,1.0,1,"[0.690366, 0.309634]"
minesweeper,client,456,6159,14,M0,F,evaluation,0,1,0.5004637837409973,0,0.5014635920524597,False,4,0.75,1,"[0.769182, 0.230818]"
minesweeper,client,456,6162,14,M0,F,evaluation,1,1,0.5074133276939392,0,0.5112331509590149,False,4,0.25,0,"[0.659642, 0.340358]"
minesweeper,client,456,6163,14,M0,F,evaluation,0,1,0.4999656081199646,0,0.5014635920524597,False,4,0.75,1,"[0.708924, 0.291076]"
minesweeper,client,456,6164,14,M0,F,evaluation,0,1,0.5000690817832947,0,0.5014635920524597,False,4,0.75,1,"[0.721439, 0.278561]"
minesweeper,client,456,6165,14,M0,F,evaluation,1,1,0.5050042271614075,0,0.5112331509590149,False,4,0.0,0,"[0.715477, 0.284523]"
minesweeper,client,456,6166,14,M0,F,evaluation,0,1,0.5000003576278687,0,0.5014635920524597,False,4,0.75,1,"[0.713129, 0.286872]"
minesweeper,client,456,6262,14,M0,F,evaluation,1,1,0.5056565403938293,0,0.5112331509590149,False,4,0.25,0,"[0.700469, 0.299531]"
minesweeper,client,456,6264,14,M0,F,evaluation,0,1,0.49988874793052673,0,0.5014635920524597,False,4,1.0,1,"[0.699634, 0.300366]"
minesweeper,client,456,6266,14,M0,F,evaluation,0,1,0.49999141693115234,0,0.5014635920524597,False,4,0.75,1,"[0.712045, 0.287955]"
minesweeper,client,456,6269,14,M0,F,evaluation,0,1,0.5002414584159851,0,0.5014635920524597,False,4,0.75,1,"[0.74229, 0.25771]"
minesweeper,client,456,6270,14,M0,F,evaluation,0,1,0.5003844499588013,0,0.5014635920524597,False,4,0.5,1,"[0.759583, 0.240417]"
minesweeper,client,456,6357,14,M0,F,evaluation,1,1,0.5027646422386169,0,0.5112331509590149,False,4,0.25,0,"[0.766459, 0.233541]"
minesweeper,client,456,6359,14,M0,F,evaluation,0,1,0.5005442500114441,0,0.5014635920524597,False,4,0.75,1,"[0.778918, 0.221082]"
minesweeper,client,456,6362,14,M0,F,evaluation,1,1,0.5094026923179626,0,0.5112331509590149,False,4,0.5,0,"[0.612612, 0.387388]"
minesweeper,client,456,6364,14,M0,F,evaluation,0,1,0.4989445209503174,0,0.5014635920524597,False,4,0.25,1,"[0.585469, 0.414531]"
minesweeper,client,456,6368,14,M0,F,evaluation,0,1,0.4998134672641754,0,0.5014635920524597,False,4,1.0,1,"[0.690524, 0.309476]"
minesweeper,client,456,6370,14,M0,F,evaluation,1,1,0.5016629099845886,0,0.5112331509590149,False,4,0.0,0,"[0.791259, 0.208741]"
minesweeper,client,456,6371,14,M0,F,evaluation,0,1,0.5006517171859741,0,0.5014635920524597,False,2,1.0,1,"[0.791917, 0.208083]"
minesweeper,client,456,6456,14,M0,F,evaluation,1,1,0.5028276443481445,0,0.5112331509590149,False,4,0.0,0,"[0.765036, 0.234965]"
minesweeper,client,456,6457,14,M0,F,evaluation,0,1,0.5001997351646423,0,0.5014635920524597,False,4,1.0,1,"[0.737245, 0.262755]"
minesweeper,client,456,6458,14,M0,F,evaluation,0,1,0.500071108341217,0,0.5014635920524597,False,4,1.0,1,"[0.721685, 0.278315]"
minesweeper,client,456,6459,14,M0,F,evaluation,0,1,0.499955415725708,0,0.5014635920524597,False,4,0.75,1,"[0.70769, 0.29231]"
minesweeper,client,456,6460,14,M0,F,evaluation,1,1,0.5080321431159973,0,0.5112331509590149,False,4,0.0,0,"[0.64511, 0.35489]"
minesweeper,client,456,6462,14,M0,F,evaluation,1,1,0.508816659450531,0,0.5112331509590149,False,4,0.5,0,"[0.62656, 0.37344]"
minesweeper,client,456,6464,14,M0,F,evaluation,1,1,0.5084555149078369,0,0.5112331509590149,False,4,0.25,0,"[0.635117, 0.364883]"
minesweeper,client,456,6465,14,M0,F,evaluation,1,1,0.5080297589302063,0,0.5112331509590149,False,4,0.0,0,"[0.645164, 0.354835]"
minesweeper,client,456,6467,14,M0,F,evaluation,0,1,0.49990248680114746,0,0.5014635920524597,False,4,0.5,1,"[0.701294, 0.298706]"
minesweeper,client,456,6469,14,M0,F,evaluation,0,1,0.5002245306968689,0,0.5014635920524597,False,4,0.75,1,"[0.740239, 0.259761]"
minesweeper,client,456,6471,14,M0,F,evaluation,0,1,0.5008484125137329,0,0.5014635920524597,False,2,1.0,1,"[0.815721, 0.184279]"
minesweeper,client,456,6555,14,M0,F,evaluation,0,1,0.4996769428253174,0,0.5014635920524597,False,3,1.0,1,"[0.674019, 0.325981]"
minesweeper,client,456,6556,14,M0,F,evaluation,0,1,0.4998196065425873,0,0.5014635920524597,False,4,1.0,1,"[0.691268, 0.308732]"
minesweeper,client,456,6557,14,M0,F,evaluation,0,1,0.5001577734947205,0,0.5014635920524597,False,4,0.75,1,"[0.732162, 0.267838]"
minesweeper,client,456,6558,14,M0,F,evaluation,0,1,0.5001596212387085,0,0.5014635920524597,False,4,0.75,1,"[0.732387, 0.267613]"
minesweeper,client,456,6560,14,M0,F,evaluation,0,1,0.4997096657752991,0,0.5014635920524597,False,4,0.75,1,"[0.677972, 0.322028]"
minesweeper,client,456,6562,14,M0,F,evaluation,1,1,0.5041927695274353,0,0.5112331509590149,False,4,0.0,0,"[0.734044, 0.265956]"
minesweeper,client,456,6566,14,M0,F,evaluation,0,1,0.49995163083076477,0,0.5014635920524597,False,4,0.5,1,"[0.707235, 0.292765]"
minesweeper,client,456,6570,14,M0,F,evaluation,0,1,0.5008373260498047,0,0.5014635920524597,False,4,0.75,1,"[0.814377, 0.185623]"
minesweeper,client,456,6655,14,M0,F,evaluation,0,1,0.4990856349468231,0,0.5014635920524597,False,3,0.6666666666666666,1,"[0.602526, 0.397474]"
minesweeper,client,456,6656,14,M0,F,evaluation,0,1,0.49984341859817505,0,0.5014635920524597,False,4,0.75,1,"[0.694147, 0.305853]"
minesweeper,client,456,6663,14,M0,F,evaluation,0,1,0.5004120469093323,0,0.5014635920524597,False,4,0.5,1,"[0.762924, 0.237076]"
minesweeper,client,456,6664,14,M0,F,evaluation,0,1,0.49986401200294495,0,0.5014635920524597,False,4,0.75,1,"[0.696635, 0.303365]"
minesweeper,client,456,6665,14,M0,F,evaluation,0,1,0.4998028576374054,0,0.5014635920524597,False,4,0.25,1,"[0.689244, 0.310756]"
minesweeper,client,456,6666,14,M0,F,evaluation,1,1,0.5051711201667786,0,0.5112331509590149,False,4,0.25,0,"[0.711645, 0.288355]"
minesweeper,client,456,6667,14,M0,F,evaluation,0,1,0.5000620484352112,0,0.5014635920524597,False,4,0.5,1,"[0.720588, 0.279412]"
minesweeper,client,456,6668,14,M0,F,evaluation,0,1,0.49989208579063416,0,0.5014635920524597,False,4,0.75,1,"[0.700035, 0.299965]"
minesweeper,client,456,6669,14,M0,F,evaluation,0,1,0.5003305673599243,0,0.5014635920524597,False,4,0.5,1,"[0.753068, 0.246932]"
minesweeper,client,456,6670,14,M0,F,evaluation,1,1,0.5007330775260925,0,0.5112331509590149,False,4,0.0,0,"[0.812064, 0.187936]"
minesweeper,client,456,6672,14,M0,F,evaluation,0,1,0.5018339157104492,1,0.5014635920524597,False,3,1.0,1,"[0.935015, 0.064985]"
minesweeper,client,456,6756,14,M0,F,evaluation,1,1,0.5068875551223755,0,0.5112331509590149,False,4,0.5,0,"[0.671925, 0.328075]"
minesweeper,client,456,6757,14,M0,F,evaluation,0,1,0.49990007281303406,0,0.5014635920524597,False,4,0.5,1,"[0.700999, 0.299001]"
minesweeper,client,456,6758,14,M0,F,evaluation,1,1,0.5058749318122864,0,0.5112331509590149,False,4,0.0,0,"[0.695426, 0.304574]"
minesweeper,client,456,6761,14,M0,F,evaluation,1,1,0.5068863034248352,0,0.5112331509590149,False,4,0.25,0,"[0.671955, 0.328045]"
minesweeper,client,456,6764,14,M0,F,evaluation,1,1,0.5099833607673645,0,0.5112331509590149,False,4,0.0,0,"[0.598707, 0.401293]"
minesweeper,client,456,6765,14,M0,F,evaluation,0,1,0.4991520643234253,0,0.5014635920524597,False,4,0.75,1,"[0.61055, 0.38945]"
minesweeper,client,456,6768,14,M0,F,evaluation,1,1,0.5073044896125793,0,0.5112331509590149,False,4,0.5,0,"[0.662189, 0.33781]"
minesweeper,client,456,6769,14,M0,F,evaluation,0,1,0.49978992342948914,0,0.5014635920524597,False,4,0.75,1,"[0.687684, 0.312316]"
minesweeper,client,456,6772,14,M0,F,evaluation,0,1,0.501944363117218,1,0.5014635920524597,False,4,0.75,1,"[0.948388, 0.051612]"
minesweeper,client,456,6855,14,M0,F,evaluation,1,1,0.5099366903305054,0,0.5112331509590149,False,4,0.5,0,"[0.599829, 0.400171]"
minesweeper,client,456,6856,14,M0,F,evaluation,1,1,0.5105941891670227,0,0.5112331509590149,False,4,0.5,0,"[0.583988, 0.416012]"
minesweeper,client,456,6860,14,M0,F,evaluation,0,1,0.4999605119228363,0,0.5014635920524597,False,4,0.75,1,"[0.708309, 0.291691]"
minesweeper,client,456,6861,14,M0,F,evaluation,0,1,0.49952465295791626,0,0.5014635920524597,False,4,0.75,1,"[0.655597, 0.344403]"
minesweeper,client,456,6862,14,M0,F,evaluation,0,1,0.49889129400253296,0,0.5014635920524597,False,4,0.5,1,"[0.579036, 0.420964]"
minesweeper,client,456,6865,14,M0,F,evaluation,0,1,0.49849313497543335,0,0.5014635920524597,False,4,0.5,1,"[0.530907, 0.469093]"
minesweeper,client,456,6867,14,M0,F,evaluation,1,1,0.5099189281463623,0,0.5112331509590149,False,4,0.5,0,"[0.600255, 0.399745]"
minesweeper,client,456,6868,14,M0,F,evaluation,0,1,0.4986802637577057,0,0.5014635920524597,False,4,0.25,1,"[0.553522, 0.446478]"
minesweeper,client,456,6869,14,M0,F,evaluation,1,1,0.5103831887245178,0,0.5112331509590149,False,4,0.5,0,"[0.589083, 0.410917]"
minesweeper,client,456,6870,14,M0,F,evaluation,0,1,0.499816358089447,0,0.5014635920524597,False,4,0.75,1,"[0.690875, 0.309125]"
minesweeper,client,456,6871,14,M0,F,evaluation,0,1,0.5005584955215454,0,0.5014635920524597,False,4,1.0,1,"[0.780645, 0.219355]"
minesweeper,client,456,6873,14,M0,F,evaluation,1,1,0.49901363253593445,0,0.5112331509590149,False,1,0.0,0,"[0.850266, 0.149734]"
minesweeper,client,456,6956,14,M0,F,evaluation,1,1,0.5082220435142517,0,0.5112331509590149,False,4,0.25,0,"[0.640631, 0.359369]"
minesweeper,client,456,6957,14,M0,F,evaluation,1,1,0.5088436007499695,0,0.5112331509590149,False,4,0.0,0,"[0.625922, 0.374078]"
minesweeper,client,456,6958,14,M0,F,evaluation,0,1,0.49951156973838806,0,0.5014635920524597,False,4,1.0,1,"[0.654018, 0.345982]"
minesweeper,client,456,6959,14,M0,F,evaluation,0,1,0.4997282028198242,0,0.5014635920524597,False,4,0.75,1,"[0.680215, 0.319785]"
minesweeper,client,456,6961,14,M0,F,evaluation,1,1,0.5089502334594727,0,0.5112331509590149,False,4,0.5,0,"[0.623389, 0.376611]"
minesweeper,client,456,6963,14,M0,F,evaluation,1,1,0.5121982097625732,1,0.5112331509590149,False,4,0.5,0,"[0.544848, 0.455152]"
minesweeper,client,456,6964,14,M0,F,evaluation,0,1,0.49858811497688293,0,0.5014635920524597,False,4,0.5,1,"[0.542388, 0.457612]"
minesweeper,client,456,6969,14,M0,F,evaluation,1,1,0.5075257420539856,0,0.5112331509590149,False,4,0.0,0,"[0.657007, 0.342993]"
minesweeper,client,456,6971,14,M0,F,evaluation,0,1,0.5002321600914001,0,0.5014635920524597,False,4,0.75,1,"[0.741166, 0.258834]"
minesweeper,client,456,7055,14,M0,F,evaluation,0,1,0.5010865926742554,0,0.5014635920524597,False,4,1.0,1,"[0.844536, 0.155464]"
minesweeper,client,456,7056,14,M0,F,evaluation,0,1,0.5011385083198547,0,0.5014635920524597,False,4,1.0,1,"[0.850826, 0.149174]"
minesweeper,client,456,7057,14,M0,F,evaluation,0,1,0.5007842779159546,0,0.5014635920524597,False,4,0.75,1,"[0.807958, 0.192042]"
minesweeper,client,456,7062,14,M0,F,evaluation,1,1,0.5122383236885071,1,0.5112331509590149,False,4,0.5,0,"[0.543859, 0.456141]"
minesweeper,client,456,7065,14,M0,F,evaluation,0,1,0.49957215785980225,0,0.5014635920524597,False,4,0.75,1,"[0.66135, 0.33865]"
minesweeper,client,456,7070,14,M0,F,evaluation,0,1,0.500444233417511,0,0.5014635920524597,False,4,0.75,1,"[0.766815, 0.233185]"
minesweeper,client,456,7071,14,M0,F,evaluation,1,1,0.5058104991912842,0,0.5112331509590149,False,4,0.25,0,"[0.696915, 0.303085]"
minesweeper,client,456,7072,14,M0,F,evaluation,0,1,0.4997096359729767,0,0.5014635920524597,False,3,0.6666666666666666,1,"[0.677968, 0.322032]"
minesweeper,client,456,7156,14,M0,F,evaluation,0,1,0.5020537376403809,1,0.5014635920524597,False,4,1.0,1,"[0.96163, 0.03837]"
minesweeper,client,456,7157,14,M0,F,evaluation,0,1,0.5015443563461304,1,0.5014635920524597,False,4,0.75,1,"[0.899949, 0.100051]"
minesweeper,client,456,7158,14,M0,F,evaluation,1,1,0.5015182495117188,0,0.5112331509590149,False,4,0.0,0,"[0.794503, 0.205497]"
minesweeper,client,456,7162,14,M0,F,evaluation,0,1,0.499468594789505,0,0.5014635920524597,False,4,0.5,1,"[0.648829, 0.351171]"
minesweeper,client,456,7163,14,M0,F,evaluation,1,1,0.5078033208847046,0,0.5112331509590149,False,4,0.5,0,"[0.650492, 0.349508]"
minesweeper,client,456,7164,14,M0,F,evaluation,0,1,0.4996883273124695,0,0.5014635920524597,False,4,0.5,1,"[0.675391, 0.324609]"
minesweeper,client,456,7166,14,M0,F,evaluation,1,1,0.5027896165847778,0,0.5112331509590149,False,4,0.25,0,"[0.765895, 0.234105]"
minesweeper,client,456,7167,14,M0,F,evaluation,1,1,0.49928781390190125,0,0.5112331509590149,False,4,0.0,0,"[0.844195, 0.155805]"
minesweeper,client,456,7169,14,M0,F,evaluation,0,1,0.5014299750328064,0,0.5014635920524597,False,4,1.0,1,"[0.886106, 0.113894]"
minesweeper,client,456,7170,14,M0,F,evaluation,0,1,0.5005909204483032,0,0.5014635920524597,False,4,1.0,1,"[0.784559, 0.215441]"
minesweeper,client,456,7172,14,M0,F,evaluation,1,1,0.5062573552131653,0,0.5112331509590149,False,4,0.0,0,"[0.686575, 0.313425]"
minesweeper,client,456,7173,14,M0,F,evaluation,0,1,0.4996466040611267,0,0.5014635920524597,False,2,1.0,1,"[0.670347, 0.329653]"
minesweeper,client,456,7255,14,M0,F,evaluation,0,1,0.5020610094070435,1,0.5014635920524597,False,1,1.0,1,"[0.962514, 0.037486]"
minesweeper,client,456,7256,14,M0,F,evaluation,0,1,0.5015868544578552,1,0.5014635920524597,False,1,1.0,1,"[0.905098, 0.094902]"
minesweeper,client,456,7259,14,M0,F,evaluation,0,1,0.5002632737159729,0,0.5014635920524597,False,2,1.0,1,"[0.74493, 0.25507]"
minesweeper,client,456,7262,14,M0,F,evaluation,0,1,0.4999028146266937,0,0.5014635920524597,False,4,0.75,1,"[0.701327, 0.298673]"
minesweeper,client,456,7263,14,M0,F,evaluation,1,1,0.5046282410621643,0,0.5112331509590149,False,4,0.25,0,"[0.724095, 0.275905]"
minesweeper,client,456,7264,14,M0,F,evaluation,1,1,0.5026872754096985,0,0.5112331509590149,False,4,0.0,0,"[0.768206, 0.231794]"
minesweeper,client,456,7266,14,M0,F,evaluation,0,1,0.5014728903770447,1,0.5014635920524597,False,4,1.0,1,"[0.891298, 0.108702]"
minesweeper,client,456,7269,14,M0,F,evaluation,0,1,0.5015578866004944,1,0.5014635920524597,False,4,1.0,1,"[0.901593, 0.098407]"
minesweeper,client,456,7364,14,M0,F,evaluation,0,1,0.5010133981704712,0,0.5014635920524597,False,4,1.0,1,"[0.835683, 0.164317]"
minesweeper,client,456,7365,14,M0,F,evaluation,0,1,0.5012069344520569,0,0.5014635920524597,False,4,1.0,1,"[0.859107, 0.140893]"
minesweeper,client,456,7366,14,M0,F,evaluation,0,1,0.5008726716041565,0,0.5014635920524597,False,4,0.75,1,"[0.818653, 0.181347]"
minesweeper,client,456,7369,14,M0,F,evaluation,0,1,0.5012162327766418,0,0.5014635920524597,False,4,1.0,1,"[0.860232, 0.139768]"
minesweeper,client,456,7371,14,M0,F,evaluation,1,1,0.5079989433288574,0,0.5112331509590149,False,4,0.25,0,"[0.645891, 0.354109]"
minesweeper,client,456,7372,14,M0,F,evaluation,0,1,0.49964284896850586,0,0.5014635920524597,False,3,0.6666666666666666,1,"[0.669893, 0.330107]"
minesweeper,client,456,7460,14,M0,F,evaluation,0,1,0.5007544159889221,0,0.5014635920524597,False,1,1.0,1,"[0.804346, 0.195654]"
minesweeper,client,456,7463,14,M0,F,evaluation,0,1,0.5006473064422607,0,0.5014635920524597,False,3,0.6666666666666666,1,"[0.791388, 0.208612]"
minesweeper,client,456,7466,14,M0,F,evaluation,0,1,0.5001117587089539,0,0.5014635920524597,False,4,0.75,1,"[0.726599, 0.273401]"
minesweeper,client,456,7467,14,M0,F,evaluation,1,1,0.5006096363067627,0,0.5112331509590149,False,4,0.0,0,"[0.814817, 0.185183]"
minesweeper,client,456,7563,14,M0,F,evaluation,1,1,0.5020103454589844,0,0.5112331509590149,False,2,0.0,0,"[0.783456, 0.216544]"
minesweeper,client,456,7564,14,M0,F,evaluation,0,1,0.500565767288208,0,0.5014635920524597,False,3,1.0,1,"[0.781521, 0.218479]"
minesweeper,client,456,7565,14,M0,F,evaluation,0,1,0.500592052936554,0,0.5014635920524597,False,4,0.75,1,"[0.784698, 0.215302]"
minesweeper,client,456,7566,14,M0,F,evaluation,0,1,0.5010679960250854,0,0.5014635920524597,False,4,0.75,1,"[0.842293, 0.157707]"
minesweeper,client,456,7567,14,M0,F,evaluation,0,1,0.5014265179634094,0,0.5014635920524597,False,4,0.75,1,"[0.885687, 0.114314]"
minesweeper,client,456,7568,14,M0,F,evaluation,0,1,0.5013688206672668,0,0.5014635920524597,False,4,1.0,1,"[0.878698, 0.121302]"
minesweeper,client,456,7664,14,M0,F,evaluation,0,1,0.5004233121871948,0,0.5014635920524597,False,1,1.0,1,"[0.764286, 0.235714]"
minesweeper,client,456,7666,14,M0,F,evaluation,1,1,0.49818822741508484,0,0.5112331509590149,False,3,0.0,0,"[0.868493, 0.131507]"
minesweeper,client,456,7670,14,M0,F,evaluation,0,1,0.501708984375,1,0.5014635920524597,False,2,1.0,1,"[0.919885, 0.080115]"
minesweeper,client,456,7671,14,M0,F,evaluation,0,1,0.5021350383758545,1,0.5014635920524597,False,1,0.0,1,"[0.971478, 0.028522]"
minesweeper,client,456,7672,14,M0,F,evaluation,1,1,0.4947674870491028,0,0.5112331509590149,False,0,,0,"[0.943428, 0.056572]"
minesweeper,client,456,7767,14,M0,F,evaluation,0,1,0.500725269317627,0,0.5014635920524597,False,1,1.0,1,"[0.800815, 0.199185]"
minesweeper,client,456,7768,14,M0,F,evaluation,0,1,0.5009709596633911,0,0.5014635920524597,False,1,1.0,1,"[0.830545, 0.169455]"
minesweeper,client,456,3686,4,M0,H,evaluation,0,0,0.5008743405342102,0,0.5014635920524597,False,4,1.0,1,"[0.818853, 0.181147]"
minesweeper,client,456,3784,4,M0,H,evaluation,1,0,0.5033871531486511,0,0.5112331509590149,False,4,0.0,0,"[0.752368, 0.247632]"
minesweeper,client,456,3787,4,M0,H,evaluation,0,0,0.5004918575286865,0,0.5014635920524597,False,4,1.0,1,"[0.772577, 0.227423]"
minesweeper,client,456,3879,4,M0,H,evaluation,0,0,0.49935829639434814,0,0.5014635920524597,False,4,1.0,1,"[0.635487, 0.364513]"
minesweeper,client,456,3882,4,M0,H,evaluation,0,0,0.49914243817329407,0,0.5014635920524597,False,4,0.75,1,"[0.609393, 0.390607]"
minesweeper,client,456,3889,4,M0,H,evaluation,1,0,0.5044813752174377,0,0.5112331509590149,False,4,0.25,0,"[0.727454, 0.272546]"
minesweeper,client,456,3978,4,M0,H,evaluation,0,0,0.49958211183547974,0,0.5014635920524597,False,4,0.75,1,"[0.662547, 0.337453]"
minesweeper,client,456,3979,4,M0,H,evaluation,0,0,0.4994264245033264,0,0.5014635920524597,False,4,0.75,1,"[0.643724, 0.356276]"
minesweeper,client,456,3984,4,M0,H,evaluation,1,0,0.5052745938301086,0,0.5112331509590149,False,4,0.25,0,"[0.709266, 0.290734]"
minesweeper,client,456,3987,4,M0,H,evaluation,0,0,0.5000767707824707,0,0.5014635920524597,False,4,0.5,1,"[0.722371, 0.277629]"
minesweeper,client,456,3989,4,M0,H,evaluation,0,0,0.5009759664535522,0,0.5014635920524597,False,4,0.5,1,"[0.831153, 0.168847]"
minesweeper,client,456,3990,4,M0,H,evaluation,1,0,0.4997924864292145,0,0.5112331509590149,False,4,0.0,0,"[0.833001, 0.166999]"
minesweeper,client,456,3991,4,M0,H,evaluation,0,0,0.5005837678909302,0,0.5014635920524597,False,4,0.75,1,"[0.7837, 0.2163]"
minesweeper,client,456,4079,4,M0,H,evaluation,0,0,0.49995294213294983,0,0.5014635920524597,False,4,0.5,1,"[0.70739, 0.29261]"
minesweeper,client,456,4084,4,M0,H,evaluation,0,0,0.500511109828949,0,0.5014635920524597,False,4,1.0,1,"[0.774904, 0.225096]"
minesweeper,client,456,4085,4,M0,H,evaluation,0,0,0.5007842779159546,0,0.5014635920524597,False,4,1.0,1,"[0.807959, 0.192041]"
minesweeper,client,456,4087,4,M0,H,evaluation,1,0,0.5014272332191467,0,0.5112331509590149,False,4,0.25,0,"[0.796543, 0.203457]"
minesweeper,client,456,4175,4,M0,H,evaluation,0,0,0.5008448362350464,0,0.5014635920524597,False,4,1.0,1,"[0.815287, 0.184713]"
minesweeper,client,456,4181,4,M0,H,evaluation,1,0,0.5035293698310852,0,0.5112331509590149,False,4,0.0,0,"[0.749141, 0.250859]"
minesweeper,client,456,4183,4,M0,H,evaluation,0,0,0.5006955862045288,0,0.5014635920524597,False,4,1.0,1,"[0.797225, 0.202775]"
minesweeper,client,456,4185,4,M0,H,evaluation,0,0,0.5013038516044617,0,0.5014635920524597,False,4,0.75,1,"[0.87084, 0.12916]"
minesweeper,client,456,4187,4,M0,H,evaluation,0,0,0.5006628632545471,0,0.5014635920524597,False,4,0.75,1,"[0.79327, 0.20673]"
minesweeper,client,456,4190,4,M0,H,evaluation,0,0,0.49990755319595337,0,0.5014635920524597,False,4,1.0,1,"[0.701903, 0.298097]"
minesweeper,client,456,4192,4,M0,H,evaluation,0,0,0.5002994537353516,0,0.5014635920524597,False,4,0.5,1,"[0.749304, 0.250696]"
minesweeper,client,456,4195,4,M0,H,evaluation,0,0,0.4994579553604126,0,0.5014635920524597,False,4,0.75,1,"[0.647535, 0.352465]"
minesweeper,client,456,4274,4,M0,H,evaluation,0,0,0.500812292098999,0,0.5014635920524597,False,2,1.0,1,"[0.811347, 0.188653]"
minesweeper,client,456,4276,4,M0,H,evaluation,0,0,0.5009199976921082,0,0.5014635920524597,False,4,0.75,1,"[0.824383, 0.175617]"
minesweeper,client,456,4293,4,M0,H,evaluation,1,0,0.5043403506278992,0,0.5112331509590149,False,4,0.5,0,"[0.730675, 0.269325]"
minesweeper,client,456,4380,4,M0,H,evaluation,0,0,0.5017076134681702,1,0.5014635920524597,False,4,1.0,1,"[0.919713, 0.080287]"
minesweeper,client,456,4386,4,M0,H,evaluation,0,0,0.501534640789032,1,0.5014635920524597,False,4,1.0,1,"[0.898777, 0.101223]"
minesweeper,client,456,4391,4,M0,H,evaluation,0,0,0.5006140470504761,0,0.5014635920524597,False,4,0.75,1,"[0.787356, 0.212644]"
minesweeper,client,456,4398,4,M0,H,evaluation,1,0,0.49823814630508423,0,0.5112331509590149,False,4,0.0,0,"[0.867392, 0.132608]"
minesweeper,client,456,4481,4,M0,H,evaluation,0,0,0.5019224286079407,1,0.5014635920524597,False,4,1.0,1,"[0.945724, 0.054276]"
minesweeper,client,456,4489,4,M0,H,evaluation,0,0,0.500602662563324,0,0.5014635920524597,False,4,1.0,1,"[0.785983, 0.214017]"
minesweeper,client,456,4491,4,M0,H,evaluation,0,0,0.500526487827301,0,0.5014635920524597,False,4,1.0,1,"[0.776771, 0.223229]"
minesweeper,client,456,4493,4,M0,H,evaluation,0,0,0.49995049834251404,0,0.5014635920524597,False,4,0.75,1,"[0.707098, 0.292902]"
minesweeper,client,456,4495,4,M0,H,evaluation,1,0,0.5114455223083496,1,0.5112331509590149,False,4,0.25,0,"[0.563305, 0.436695]"
minesweeper,client,456,4496,4,M0,H,evaluation,0,0,0.5001269578933716,0,0.5014635920524597,False,4,1.0,1,"[0.728434, 0.271566]"
minesweeper,client,456,4583,4,M0,H,evaluation,0,0,0.5002535581588745,0,0.5014635920524597,False,4,1.0,1,"[0.743753, 0.256247]"
minesweeper,client,456,4585,4,M0,H,evaluation,0,0,0.5000962018966675,0,0.5014635920524597,False,4,0.5,1,"[0.724723, 0.275277]"
minesweeper,client,456,4594,4,M0,H,evaluation,1,0,0.510813295841217,0,0.5112331509590149,False,4,0.75,0,"[0.578682, 0.421318]"
minesweeper,client,456,4595,4,M0,H,evaluation,0,0,0.4996602535247803,0,0.5014635920524597,False,4,0.5,1,"[0.671996, 0.328004]"
minesweeper,client,456,4596,4,M0,H,evaluation,0,0,0.5007641315460205,0,0.5014635920524597,False,4,0.75,1,"[0.805519, 0.19448]"
minesweeper,client,456,4598,4,M0,H,evaluation,0,0,0.5021424293518066,1,0.5014635920524597,False,4,1.0,1,"[0.972374, 0.027626]"
minesweeper,client,456,4678,4,M0,H,evaluation,0,0,0.49988141655921936,0,0.5014635920524597,False,4,1.0,1,"[0.698747, 0.301253]"
minesweeper,client,456,4681,4,M0,H,evaluation,0,0,0.499755859375,0,0.5014635920524597,False,4,0.75,1,"[0.683559, 0.316441]"
minesweeper,client,456,4684,4,M0,H,evaluation,0,0,0.499225378036499,0,0.5014635920524597,False,4,0.75,1,"[0.619413, 0.380587]"
minesweeper,client,456,4686,4,M0,H,evaluation,1,0,0.5042006969451904,0,0.5112331509590149,False,4,0.0,0,"[0.733863, 0.266137]"
minesweeper,client,456,4688,4,M0,H,evaluation,0,0,0.5001544952392578,0,0.5014635920524597,False,4,1.0,1,"[0.731767, 0.268233]"
minesweeper,client,456,4696,4,M0,H,evaluation,0,0,0.50176602602005,1,0.5014635920524597,False,4,1.0,1,"[0.926792, 0.073208]"
minesweeper,client,456,4777,4,M0,H,evaluation,0,0,0.5001128911972046,0,0.5014635920524597,False,3,0.3333333333333333,1,"[0.726742, 0.273258]"
minesweeper,client,456,4779,4,M0,H,evaluation,0,0,0.5003350377082825,0,0.5014635920524597,False,4,0.5,1,"[0.753604, 0.246396]"
minesweeper,client,456,4782,4,M0,H,evaluation,1,0,0.5109845399856567,0,0.5112331509590149,False,4,0.5,0,"[0.574529, 0.425471]"
minesweeper,client,456,4783,4,M0,H,evaluation,0,0,0.4985337257385254,0,0.5014635920524597,False,4,0.5,1,"[0.535817, 0.464183]"
minesweeper,client,456,4788,4,M0,H,evaluation,0,0,0.500008761882782,0,0.5014635920524597,False,4,0.5,1,"[0.71414, 0.28586]"
minesweeper,client,456,4789,4,M0,H,evaluation,0,0,0.5000067353248596,0,0.5014635920524597,False,4,0.5,1,"[0.713901, 0.286099]"
minesweeper,client,456,4790,4,M0,H,evaluation,1,0,0.5050501823425293,0,0.5112331509590149,False,4,0.5,0,"[0.714422, 0.285578]"
minesweeper,client,456,4791,4,M0,H,evaluation,1,0,0.5063284635543823,0,0.5112331509590149,False,4,0.25,0,"[0.684926, 0.315074]"
minesweeper,client,456,4884,4,M0,H,evaluation,1,0,0.5064679384231567,0,0.5112331509590149,False,4,0.25,0,"[0.681688, 0.318312]"
minesweeper,client,456,4885,4,M0,H,evaluation,0,0,0.4998913109302521,0,0.5014635920524597,False,4,0.5,1,"[0.699945, 0.300055]"
minesweeper,client,456,4886,4,M0,H,evaluation,0,0,0.4997895359992981,0,0.5014635920524597,False,4,0.5,1,"[0.687631, 0.312369]"
minesweeper,client,456,4887,4,M0,H,evaluation,1,0,0.50609290599823,0,0.5112331509590149,False,4,0.25,0,"[0.690385, 0.309615]"
minesweeper,client,456,4889,4,M0,H,evaluation,1,0,0.5044628977775574,0,0.5112331509590149,False,4,0.0,0,"[0.727875, 0.272125]"
minesweeper,client,456,4890,4,M0,H,evaluation,0,0,0.499865859746933,0,0.5014635920524597,False,4,1.0,1,"[0.696859, 0.303141]"
minesweeper,client,456,4893,4,M0,H,evaluation,0,0,0.49947935342788696,0,0.5014635920524597,False,4,0.75,1,"[0.650119, 0.349881]"
minesweeper,client,456,4898,4,M0,H,evaluation,0,0,0.5012502074241638,0,0.5014635920524597,False,4,0.5,1,"[0.864348, 0.135652]"
minesweeper,client,456,4979,4,M0,H,evaluation,0,0,0.49974673986434937,0,0.5014635920524597,False,4,0.25,1,"[0.682457, 0.317543]"
minesweeper,client,456,4980,4,M0,H,evaluation,0,0,0.4999023973941803,0,0.5014635920524597,False,4,0.5,1,"[0.701276, 0.298724]"
minesweeper,client,456,4983,4,M0,H,evaluation,0,0,0.5004367828369141,0,0.5014635920524597,False,4,0.25,1,"[0.76592, 0.23408]"
minesweeper,client,456,4985,4,M0,H,evaluation,0,0,0.499557226896286,0,0.5014635920524597,False,4,0.5,1,"[0.659534, 0.340466]"
minesweeper,client,456,4987,4,M0,H,evaluation,0,0,0.5000060796737671,0,0.5014635920524597,False,4,1.0,1,"[0.713817, 0.286183]"
minesweeper,client,456,4990,4,M0,H,evaluation,0,0,0.4999937117099762,0,0.5014635920524597,False,4,1.0,1,"[0.712321, 0.287679]"
minesweeper,client,456,4996,4,M0,H,evaluation,0,0,0.5014252066612244,0,0.5014635920524597,False,4,1.0,1,"[0.885526, 0.114474]"
minesweeper,client,456,4997,4,M0,H,evaluation,0,0,0.5013964772224426,0,0.5014635920524597,False,4,1.0,1,"[0.882048, 0.117952]"
minesweeper,client,456,4998,4,M0,H,evaluation,0,0,0.5010557174682617,0,0.5014635920524597,False,4,0.75,1,"[0.840809, 0.159191]"
minesweeper,client,456,5075,4,M0,H,evaluation,1,0,0.5074456334114075,0,0.5112331509590149,False,3,0.6666666666666666,0,"[0.658885, 0.341115]"
minesweeper,client,456,5083,4,M0,H,evaluation,0,0,0.4995577931404114,0,0.5014635920524597,False,4,0.25,1,"[0.659605, 0.340395]"
minesweeper,client,456,5084,4,M0,H,evaluation,1,0,0.5107924938201904,0,0.5112331509590149,False,4,0.5,0,"[0.579188, 0.420812]"
minesweeper,client,456,5090,4,M0,H,evaluation,0,0,0.4993444085121155,0,0.5014635920524597,False,4,0.5,1,"[0.633813, 0.366187]"
minesweeper,client,456,5094,4,M0,H,evaluation,0,0,0.4995756149291992,0,0.5014635920524597,False,4,0.75,1,"[0.661759, 0.338241]"
minesweeper,client,456,5095,4,M0,H,evaluation,0,0,0.49976250529289246,0,0.5014635920524597,False,4,0.75,1,"[0.684361, 0.315639]"
minesweeper,client,456,5099,4,M0,H,evaluation,0,0,0.5011200308799744,0,0.5014635920524597,False,2,1.0,1,"[0.84859, 0.15141]"
minesweeper,client,456,5180,4,M0,H,evaluation,1,0,0.5005934238433838,0,0.5112331509590149,False,4,0.5,0,"[0.815179, 0.184821]"
minesweeper,client,456,5181,4,M0,H,evaluation,1,0,0.5046901106834412,0,0.5112331509590149,False,4,0.5,0,"[0.722678, 0.277322]"
minesweeper,client,456,5182,4,M0,H,evaluation,0,0,0.49950480461120605,0,0.5014635920524597,False,4,0.25,1,"[0.653205, 0.346795]"
minesweeper,client,456,5183,4,M0,H,evaluation,1,0,0.5084965825080872,0,0.5112331509590149,False,4,0.5,0,"[0.634146, 0.365855]"
minesweeper,client,456,5194,4,M0,H,evaluation,0,0,0.49904462695121765,0,0.5014635920524597,False,4,0.5,1,"[0.59756, 0.40244]"
minesweeper,client,456,5199,4,M0,H,evaluation,0,0,0.5021605491638184,1,0.5014635920524597,False,2,1.0,1,"[0.974569, 0.025431]"
minesweeper,client,456,5276,4,M0,H,evaluation,0,0,0.500827968120575,0,0.5014635920524597,False,3,0.6666666666666666,1,"[0.813247, 0.186753]"
minesweeper,client,456,5281,4,M0,H,evaluation,1,0,0.5052180886268616,0,0.5112331509590149,False,4,0.25,0,"[0.710565, 0.289435]"
minesweeper,client,456,5289,4,M0,H,evaluation,0,0,0.5008963346481323,0,0.5014635920524597,False,4,1.0,1,"[0.821518, 0.178482]"
minesweeper,client,456,5291,4,M0,H,evaluation,0,0,0.49996674060821533,0,0.5014635920524597,False,4,1.0,1,"[0.709057, 0.290943]"
minesweeper,client,456,5292,4,M0,H,evaluation,0,0,0.4997347593307495,0,0.5014635920524597,False,4,0.75,1,"[0.681009, 0.318991]"
minesweeper,client,456,5298,4,M0,H,evaluation,0,0,0.5022516250610352,1,0.5014635920524597,False,4,1.0,1,"[0.985604, 0.014396]"
minesweeper,client,456,5379,4,M0,H,evaluation,0,0,0.5015565156936646,1,0.5014635920524597,False,4,1.0,1,"[0.901421, 0.098579]"
minesweeper,client,456,5381,4,M0,H,evaluation,0,0,0.5003825426101685,0,0.5014635920524597,False,4,0.75,1,"[0.759352, 0.240648]"
minesweeper,client,456,5397,4,M0,H,evaluation,0,0,0.5015091896057129,1,0.5014635920524597,False,4,0.75,1,"[0.895695, 0.104305]"
minesweeper,client,456,5477,4,M0,H,evaluation,0,0,0.5016195774078369,1,0.5014635920524597,False,4,1.0,1,"[0.909057, 0.090943]"
minesweeper,client,456,5482,4,M0,H,evaluation,1,0,0.49625909328460693,0,0.5112331509590149,False,4,0.0,0,"[0.910859, 0.089141]"
minesweeper,client,456,5483,4,M0,H,evaluation,0,0,0.5017846822738647,1,0.5014635920524597,False,4,1.0,1,"[0.929051, 0.070949]"
minesweeper,client,456,5486,4,M0,H,evaluation,0,0,0.5015722513198853,1,0.5014635920524597,False,4,1.0,1,"[0.903328, 0.096672]"
minesweeper,client,456,5492,4,M0,H,evaluation,0,0,0.5004026293754578,0,0.5014635920524597,False,1,1.0,1,"[0.761783, 0.238217]"
minesweeper,client,456,5493,4,M0,H,evaluation,0,0,0.5004026293754578,0,0.5014635920524597,False,1,1.0,1,"[0.761783, 0.238217]"
minesweeper,client,456,5494,4,M0,H,evaluation,0,0,0.5003539323806763,0,0.5014635920524597,False,1,1.0,1,"[0.755892, 0.244108]"
minesweeper,client,456,5496,4,M0,H,evaluation,1,0,0.5041829943656921,0,0.5112331509590149,False,1,0.0,0,"[0.734267, 0.265733]"
minesweeper,client,456,5499,4,M0,H,evaluation,0,0,0.5015535354614258,1,0.5014635920524597,False,2,1.0,1,"[0.901061, 0.098939]"
minesweeper,client,456,5576,4,M0,H,evaluation,0,0,0.5002181529998779,0,0.5014635920524597,False,3,1.0,1,"[0.739468, 0.260532]"
minesweeper,client,456,5577,4,M0,H,evaluation,0,0,0.5001400113105774,0,0.5014635920524597,False,4,0.75,1,"[0.730017, 0.269984]"
minesweeper,client,456,5578,4,M0,H,evaluation,0,0,0.5000970363616943,0,0.5014635920524597,False,4,0.75,1,"[0.724818, 0.275182]"
minesweeper,client,456,5679,4,M0,H,evaluation,0,0,0.5003781914710999,0,0.5014635920524597,False,4,1.0,1,"[0.758826, 0.241174]"
minesweeper,client,456,5777,4,M0,H,evaluation,1,0,0.5001159906387329,0,0.5112331509590149,False,3,0.3333333333333333,0,"[0.825811, 0.174189]"
minesweeper,client,456,5779,4,M0,H,evaluation,0,0,0.501226544380188,0,0.5014635920524597,False,3,0.6666666666666666,1,"[0.861481, 0.138519]"
minesweeper,client,456,5786,4,M0,H,evaluation,0,0,0.5005335211753845,0,0.5014635920524597,False,0,,1,"[0.777613, 0.222387]"
minesweeper,client,456,5879,4,M0,H,evaluation,0,0,0.5005335211753845,0,0.5014635920524597,False,0,,1,"[0.777613, 0.222387]"
minesweeper,client,456,6830,4,M0,H,evaluation,0,0,0.5009933710098267,0,0.5014635920524597,False,4,0.75,1,"[0.833257, 0.166743]"
minesweeper,client,456,6932,4,M0,H,evaluation,0,0,0.5015677213668823,1,0.5014635920524597,False,3,1.0,1,"[0.90278, 0.09722]"
minesweeper,client,456,7029,4,M0,H,evaluation,0,0,0.5001898407936096,0,0.5014635920524597,False,4,0.75,1,"[0.736046, 0.263954]"
minesweeper,client,456,7031,4,M0,H,evaluation,0,0,0.5013167858123779,0,0.5014635920524597,False,4,0.75,1,"[0.872404, 0.127596]"
minesweeper,client,456,7032,4,M0,H,evaluation,0,0,0.5018073320388794,1,0.5014635920524597,False,4,1.0,1,"[0.931796, 0.068204]"
minesweeper,client,456,7034,4,M0,H,evaluation,0,0,0.5018766522407532,1,0.5014635920524597,False,4,1.0,1,"[0.940189, 0.059811]"
minesweeper,client,456,7035,4,M0,H,evaluation,0,0,0.5019823908805847,1,0.5014635920524597,False,4,1.0,1,"[0.952995, 0.047005]"
minesweeper,client,456,7122,4,M0,H,evaluation,0,0,0.5004284977912903,0,0.5014635920524597,False,4,0.75,1,"[0.764914, 0.235086]"
minesweeper,client,456,7128,4,M0,H,evaluation,0,0,0.49986377358436584,0,0.5014635920524597,False,4,0.75,1,"[0.696606, 0.303394]"
minesweeper,client,456,7129,4,M0,H,evaluation,0,0,0.5000705718994141,0,0.5014635920524597,False,4,0.5,1,"[0.721619, 0.278381]"
minesweeper,client,456,7133,4,M0,H,evaluation,0,0,0.5010353922843933,0,0.5014635920524597,False,4,1.0,1,"[0.838349, 0.161651]"
minesweeper,client,456,7139,4,M0,H,evaluation,1,0,0.5020004510879517,0,0.5112331509590149,False,4,0.0,0,"[0.783679, 0.216321]"
minesweeper,client,456,7221,4,M0,H,evaluation,1,0,0.5018267035484314,0,0.5112331509590149,False,4,0.0,0,"[0.787583, 0.212417]"
minesweeper,client,456,7223,4,M0,H,evaluation,0,0,0.5014556646347046,0,0.5014635920524597,False,4,1.0,1,"[0.889212, 0.110788]"
minesweeper,client,456,7226,4,M0,H,evaluation,0,0,0.49973878264427185,0,0.5014635920524597,False,4,0.75,1,"[0.681494, 0.318506]"
minesweeper,client,456,7317,4,M0,H,evaluation,0,0,0.4991925060749054,0,0.5014635920524597,False,3,0.6666666666666666,1,"[0.615442, 0.384558]"
minesweeper,client,456,7324,4,M0,H,evaluation,0,0,0.500054657459259,0,0.5014635920524597,False,4,0.75,1,"[0.719695, 0.280305]"
minesweeper,client,456,7326,4,M0,H,evaluation,0,0,0.49979522824287415,0,0.5014635920524597,False,4,0.5,1,"[0.688325, 0.311675]"
minesweeper,client,456,7327,4,M0,H,evaluation,1,0,0.5033095479011536,0,0.5112331509590149,False,4,0.25,0,"[0.754129, 0.245871]"
minesweeper,client,456,7328,4,M0,H,evaluation,1,0,0.5018274188041687,0,0.5112331509590149,False,4,0.0,0,"[0.787567, 0.212434]"
minesweeper,client,456,7332,4,M0,H,evaluation,1,0,0.5029380917549133,0,0.5112331509590149,False,4,0.25,0,"[0.762539, 0.237461]"
minesweeper,client,456,7333,4,M0,H,evaluation,0,0,0.5001256465911865,0,0.5014635920524597,False,4,0.5,1,"[0.728278, 0.271722]"
minesweeper,client,456,7418,4,M0,H,evaluation,0,0,0.49857792258262634,0,0.5014635920524597,False,4,0.75,1,"[0.541157, 0.458843]"
minesweeper,client,456,7420,4,M0,H,evaluation,1,0,0.5041150450706482,0,0.5112331509590149,False,4,0.25,0,"[0.735817, 0.264183]"
minesweeper,client,456,7422,4,M0,H,evaluation,0,0,0.5013943910598755,0,0.5014635920524597,False,4,1.0,1,"[0.8818, 0.1182]"
minesweeper,client,456,7438,4,M0,H,evaluation,1,0,0.49622997641563416,0,0.5112331509590149,False,4,0.0,0,"[0.911496, 0.088504]"
minesweeper,client,456,7439,4,M0,H,evaluation,0,0,0.5021215081214905,1,0.5014635920524597,False,4,1.0,1,"[0.969842, 0.030158]"
minesweeper,client,456,7530,4,M0,H,evaluation,1,0,0.5062953233718872,0,0.5112331509590149,False,4,0.0,0,"[0.685695, 0.314305]"
minesweeper,client,456,7536,4,M0,H,evaluation,0,0,0.5005340576171875,0,0.5014635920524597,False,4,0.75,1,"[0.777679, 0.222321]"
minesweeper,client,456,7537,4,M0,H,evaluation,0,0,0.5008706450462341,0,0.5014635920524597,False,4,1.0,1,"[0.81841, 0.18159]"
minesweeper,client,456,7621,4,M0,H,evaluation,0,0,0.5007423162460327,0,0.5014635920524597,False,4,1.0,1,"[0.802884, 0.197116]"
minesweeper,client,456,7625,4,M0,H,evaluation,1,0,0.5106118321418762,0,0.5112331509590149,False,4,0.0,0,"[0.583561, 0.416439]"
minesweeper,client,456,7627,4,M0,H,evaluation,1,0,0.5032125115394592,0,0.5112331509590149,False,4,0.0,0,"[0.756328, 0.243672]"
minesweeper,client,456,7628,4,M0,H,evaluation,0,0,0.5003598928451538,0,0.5014635920524597,False,4,1.0,1,"[0.756619, 0.243381]"
minesweeper,client,456,7633,4,M0,H,evaluation,0,0,0.5004628300666809,0,0.5014635920524597,False,4,1.0,1,"[0.769069, 0.230931]"
minesweeper,client,456,7634,4,M0,H,evaluation,0,0,0.5009393095970154,0,0.5014635920524597,False,4,0.75,1,"[0.826713, 0.173287]"
minesweeper,client,456,7637,4,M0,H,evaluation,0,0,0.5007414817810059,0,0.5014635920524597,False,4,1.0,1,"[0.802785, 0.197215]"
minesweeper,client,456,7640,4,M0,H,evaluation,0,0,0.5005335211753845,0,0.5014635920524597,False,0,,1,"[0.777613, 0.222387]"
minesweeper,client,456,7720,4,M0,H,evaluation,0,0,0.4997400641441345,0,0.5014635920524597,False,4,1.0,1,"[0.681653, 0.318347]"
minesweeper,client,456,7727,4,M0,H,evaluation,0,0,0.5009785294532776,0,0.5014635920524597,False,4,0.75,1,"[0.831466, 0.168534]"
minesweeper,client,456,7728,4,M0,H,evaluation,0,0,0.5005661845207214,0,0.5014635920524597,False,4,0.75,1,"[0.781568, 0.218432]"
minesweeper,client,456,7731,4,M0,H,evaluation,1,0,0.5056946277618408,0,0.5112331509590149,False,4,0.0,0,"[0.69959, 0.30041]"
minesweeper,client,456,7736,4,M0,H,evaluation,0,0,0.49969983100891113,0,0.5014635920524597,False,4,0.75,1,"[0.676783, 0.323217]"
minesweeper,client,456,7820,4,M0,H,evaluation,0,0,0.4998077154159546,0,0.5014635920524597,False,4,0.75,1,"[0.689832, 0.310168]"
minesweeper,client,456,7826,4,M0,H,evaluation,0,0,0.5011880993843079,0,0.5014635920524597,False,2,0.5,1,"[0.856826, 0.143174]"
minesweeper,client,456,7832,4,M0,H,evaluation,0,0,0.5002402067184448,0,0.5014635920524597,False,4,1.0,1,"[0.742135, 0.257865]"
minesweeper,client,456,7834,4,M0,H,evaluation,1,0,0.5023932456970215,0,0.5112331509590149,False,4,0.0,0,"[0.774838, 0.225162]"
minesweeper,client,456,7838,4,M0,H,evaluation,0,0,0.49957725405693054,0,0.5014635920524597,False,1,0.0,1,"[0.66196, 0.33804]"
minesweeper,client,456,7920,4,M0,H,evaluation,1,0,0.5055111050605774,0,0.5112331509590149,False,4,0.5,0,"[0.703821, 0.296179]"
minesweeper,client,456,7921,4,M0,H,evaluation,0,0,0.49954476952552795,0,0.5014635920524597,False,4,0.75,1,"[0.658035, 0.341965]"
minesweeper,client,456,7923,4,M0,H,evaluation,0,0,0.4992724657058716,0,0.5014635920524597,False,3,0.3333333333333333,1,"[0.625111, 0.374889]"
minesweeper,client,456,7933,4,M0,H,evaluation,0,0,0.5011047720909119,0,0.5014635920524597,False,4,0.75,1,"[0.846739, 0.153261]"
minesweeper,client,456,7937,4,M0,H,evaluation,1,0,0.4954487085342407,0,0.5112331509590149,False,1,0.0,0,"[0.928572, 0.071428]"
minesweeper,client,456,8020,4,M0,H,evaluation,1,0,0.5051448941230774,0,0.5112331509590149,False,2,0.0,0,"[0.712247, 0.287753]"
minesweeper,client,456,8021,4,M0,H,evaluation,0,0,0.4997568130493164,0,0.5014635920524597,False,3,1.0,1,"[0.683678, 0.316322]"
minesweeper,client,456,8023,4,M0,H,evaluation,1,0,0.5096380114555359,0,0.5112331509590149,False,2,0.0,0,"[0.606986, 0.393014]"
minesweeper,client,456,8029,4,M0,H,evaluation,0,0,0.5007979869842529,0,0.5014635920524597,False,1,1.0,1,"[0.80962, 0.19038]"
minesweeper,client,456,8121,4,M0,H,evaluation,0,0,0.4998774230480194,0,0.5014635920524597,False,1,1.0,1,"[0.698254, 0.301746]"
minesweeper,client,456,8133,4,M0,H,evaluation,1,0,0.4959663152694702,0,0.5112331509590149,False,1,0.0,0,"[0.917264, 0.082736]"
minesweeper,client,456,8136,4,M0,H,evaluation,0,0,0.5023409128189087,1,0.5014635920524597,False,0,,1,"[0.996419, 0.003581]"
minesweeper,client,456,43,6,M0,H,evaluation,0,0,0.5015787482261658,1,0.5014635920524597,False,3,0.6666666666666666,1,"[0.904119, 0.095881]"
minesweeper,client,456,48,6,M0,H,evaluation,0,0,0.5001673102378845,0,0.5014635920524597,False,4,0.5,1,"[0.733319, 0.266681]"
minesweeper,client,456,49,6,M0,H,evaluation,1,0,0.5018429756164551,0,0.5112331509590149,False,4,0.25,0,"[0.787218, 0.212782]"
minesweeper,client,456,50,6,M0,H,evaluation,1,0,0.5007914304733276,0,0.5112331509590149,False,4,0.0,0,"[0.810761, 0.189239]"
minesweeper,client,456,52,6,M0,H,evaluation,0,0,0.5014256834983826,0,0.5014635920524597,False,4,0.75,1,"[0.885585, 0.114416]"
minesweeper,client,456,53,6,M0,H,evaluation,1,0,0.49687764048576355,0,0.5112331509590149,False,4,0.0,0,"[0.897308, 0.102692]"
minesweeper,client,456,57,6,M0,H,evaluation,0,0,0.49963653087615967,0,0.5014635920524597,False,2,1.0,1,"[0.66913, 0.33087]"
minesweeper,client,456,146,6,M0,H,evaluation,0,0,0.5006600022315979,0,0.5014635920524597,False,4,0.75,1,"[0.792922, 0.207078]"
minesweeper,client,456,150,6,M0,H,evaluation,0,0,0.5017538666725159,1,0.5014635920524597,False,4,1.0,1,"[0.925316, 0.074684]"
minesweeper,client,456,152,6,M0,H,evaluation,0,0,0.5017433762550354,1,0.5014635920524597,False,4,1.0,1,"[0.92405, 0.07595]"
minesweeper,client,456,157,6,M0,H,evaluation,0,0,0.501400351524353,0,0.5014635920524597,False,2,1.0,1,"[0.882515, 0.117485]"
minesweeper,client,456,243,6,M0,H,evaluation,0,0,0.5004038214683533,0,0.5014635920524597,False,4,0.75,1,"[0.761932, 0.238067]"
minesweeper,client,456,244,6,M0,H,evaluation,0,0,0.5005319118499756,0,0.5014635920524597,False,4,0.75,1,"[0.777424, 0.222576]"
minesweeper,client,456,245,6,M0,H,evaluation,0,0,0.5002493262290955,0,0.5014635920524597,False,4,1.0,1,"[0.74324, 0.25676]"
minesweeper,client,456,248,6,M0,H,evaluation,0,0,0.501721203327179,1,0.5014635920524597,False,4,0.75,1,"[0.921363, 0.078637]"
minesweeper,client,456,253,6,M0,H,evaluation,0,0,0.5017337203025818,1,0.5014635920524597,False,4,1.0,1,"[0.922875, 0.077125]"
minesweeper,client,456,254,6,M0,H,evaluation,0,0,0.5017046928405762,1,0.5014635920524597,False,4,1.0,1,"[0.919364, 0.080636]"
minesweeper,client,456,342,6,M0,H,evaluation,0,0,0.49955078959465027,0,0.5014635920524597,False,4,0.75,1,"[0.658759, 0.341241]"
minesweeper,client,456,346,6,M0,H,evaluation,0,0,0.4995553493499756,0,0.5014635920524597,False,4,0.5,1,"[0.659313, 0.340686]"
minesweeper,client,456,348,6,M0,H,evaluation,0,0,0.5014661550521851,1,0.5014635920524597,False,4,1.0,1,"[0.890485, 0.109515]"
minesweeper,client,456,353,6,M0,H,evaluation,0,0,0.5010157227516174,0,0.5014635920524597,False,4,0.75,1,"[0.835959, 0.164041]"
minesweeper,client,456,355,6,M0,H,evaluation,0,0,0.501377522945404,0,0.5014635920524597,False,4,0.75,1,"[0.879761, 0.120239]"
minesweeper,client,456,449,6,M0,H,evaluation,0,0,0.5007057189941406,0,0.5014635920524597,False,4,1.0,1,"[0.79845, 0.20155]"
minesweeper,client,456,541,6,M0,H,evaluation,1,0,0.5005054473876953,0,0.5112331509590149,False,4,0.0,0,"[0.817141, 0.182859]"
minesweeper,client,456,542,6,M0,H,evaluation,0,0,0.5009914636611938,0,0.5014635920524597,False,4,0.75,1,"[0.833027, 0.166973]"
minesweeper,client,456,545,6,M0,H,evaluation,0,0,0.5004130005836487,0,0.5014635920524597,False,4,0.75,1,"[0.763036, 0.236964]"
minesweeper,client,456,546,6,M0,H,evaluation,0,0,0.5003130435943604,0,0.5014635920524597,False,4,0.5,1,"[0.750949, 0.249051]"
minesweeper,client,456,553,6,M0,H,evaluation,0,0,0.5008559226989746,0,0.5014635920524597,False,4,0.5,1,"[0.816627, 0.183373]"
minesweeper,client,456,554,6,M0,H,evaluation,0,0,0.5014660358428955,1,0.5014635920524597,False,4,0.75,1,"[0.890472, 0.109528]"
minesweeper,client,456,643,6,M0,H,evaluation,0,0,0.5015020966529846,1,0.5014635920524597,False,4,1.0,1,"[0.894842, 0.105158]"
minesweeper,client,456,650,6,M0,H,evaluation,0,0,0.49987274408340454,0,0.5014635920524597,False,4,1.0,1,"[0.69769, 0.30231]"
minesweeper,client,456,651,6,M0,H,evaluation,0,0,0.5000342130661011,0,0.5014635920524597,False,4,0.75,1,"[0.717219, 0.282781]"
minesweeper,client,456,742,6,M0,H,evaluation,0,0,0.5012293457984924,0,0.5014635920524597,False,4,1.0,1,"[0.861817, 0.138183]"
minesweeper,client,456,747,6,M0,H,evaluation,0,0,0.4998803734779358,0,0.5014635920524597,False,4,0.75,1,"[0.69862, 0.30138]"
minesweeper,client,456,752,6,M0,H,evaluation,0,0,0.5001362562179565,0,0.5014635920524597,False,4,0.75,1,"[0.729564, 0.270436]"
minesweeper,client,456,838,6,M0,H,evaluation,0,0,0.500921905040741,0,0.5014635920524597,False,4,1.0,1,"[0.824612, 0.175388]"
minesweeper,client,456,840,6,M0,H,evaluation,0,0,0.49999040365219116,0,0.5014635920524597,False,4,1.0,1,"[0.711919, 0.288081]"
minesweeper,client,456,845,6,M0,H,evaluation,0,0,0.49974048137664795,0,0.5014635920524597,False,4,0.75,1,"[0.681698, 0.318302]"
minesweeper,client,456,850,6,M0,H,evaluation,0,0,0.49960628151893616,0,0.5014635920524597,False,4,0.5,1,"[0.665469, 0.334531]"
minesweeper,client,456,851,6,M0,H,evaluation,1,0,0.5051819086074829,0,0.5112331509590149,False,4,0.25,0,"[0.711396, 0.288604]"
minesweeper,client,456,856,6,M0,H,evaluation,0,0,0.5004708170890808,0,0.5014635920524597,False,2,1.0,1,"[0.770038, 0.229962]"
minesweeper,client,456,942,6,M0,H,evaluation,0,0,0.50111323595047,0,0.5014635920524597,False,4,0.75,1,"[0.847772, 0.152228]"
minesweeper,client,456,947,6,M0,H,evaluation,0,0,0.4997425973415375,0,0.5014635920524597,False,4,0.5,1,"[0.681953, 0.318047]"
minesweeper,client,456,949,6,M0,H,evaluation,0,0,0.49993476271629333,0,0.5014635920524597,False,4,0.75,1,"[0.705193, 0.294807]"
minesweeper,client,456,950,6,M0,H,evaluation,1,0,0.5050014853477478,0,0.5112331509590149,False,4,0.0,0,"[0.715541, 0.284459]"
minesweeper,client,456,952,6,M0,H,evaluation,0,0,0.49951061606407166,0,0.5014635920524597,False,4,0.5,1,"[0.653905, 0.346095]"
minesweeper,client,456,1036,6,M0,H,evaluation,0,0,0.4997611939907074,0,0.5014635920524597,False,2,1.0,1,"[0.684206, 0.315794]"
minesweeper,client,456,1037,6,M0,H,evaluation,0,0,0.49946245551109314,0,0.5014635920524597,False,3,1.0,1,"[0.64808, 0.35192]"
minesweeper,client,456,1052,6,M0,H,evaluation,1,0,0.5074672102928162,0,0.5112331509590149,False,4,0.25,0,"[0.658379, 0.341621]"
minesweeper,client,456,1053,6,M0,H,evaluation,0,0,0.49967214465141296,0,0.5014635920524597,False,4,0.75,1,"[0.67343, 0.32657]"
minesweeper,client,456,1143,6,M0,H,evaluation,0,0,0.5012806057929993,0,0.5014635920524597,False,4,1.0,1,"[0.868024, 0.131976]"
minesweeper,client,456,1146,6,M0,H,evaluation,1,0,0.5012475848197937,0,0.5112331509590149,False,4,0.0,0,"[0.800566, 0.199434]"
minesweeper,client,456,1148,6,M0,H,evaluation,0,0,0.5012747049331665,0,0.5014635920524597,False,4,0.75,1,"[0.867315, 0.132685]"
minesweeper,client,456,1149,6,M0,H,evaluation,0,0,0.5014029145240784,0,0.5014635920524597,False,4,0.75,1,"[0.882828, 0.117172]"
minesweeper,client,456,1241,6,M0,H,evaluation,0,0,0.5019563436508179,1,0.5014635920524597,False,4,1.0,1,"[0.949837, 0.050163]"
minesweeper,client,456,1245,6,M0,H,evaluation,0,0,0.5014214515686035,0,0.5014635920524597,False,4,0.75,1,"[0.885072, 0.114928]"
minesweeper,client,456,1251,6,M0,H,evaluation,0,0,0.5002899169921875,0,0.5014635920524597,False,4,1.0,1,"[0.748152, 0.251848]"
minesweeper,client,456,1252,6,M0,H,evaluation,0,0,0.5002938508987427,0,0.5014635920524597,False,4,0.75,1,"[0.748626, 0.251374]"
minesweeper,client,456,1340,6,M0,H,evaluation,0,0,0.5017263889312744,1,0.5014635920524597,False,4,1.0,1,"[0.921991, 0.078009]"
minesweeper,client,456,1346,6,M0,H,evaluation,0,0,0.5012099742889404,0,0.5014635920524597,False,4,1.0,1,"[0.859475, 0.140525]"
minesweeper,client,456,1439,6,M0,H,evaluation,0,0,0.5017639398574829,1,0.5014635920524597,False,4,1.0,1,"[0.92654, 0.07346]"
minesweeper,client,456,1445,6,M0,H,evaluation,0,0,0.500716507434845,0,0.5014635920524597,False,4,1.0,1,"[0.799762, 0.200238]"
minesweeper,client,456,1450,6,M0,H,evaluation,0,0,0.5002187490463257,0,0.5014635920524597,False,4,0.75,1,"[0.73954, 0.26046]"
minesweeper,client,456,1453,6,M0,H,evaluation,1,0,0.5043551921844482,0,0.5112331509590149,False,4,0.25,0,"[0.730336, 0.269664]"
minesweeper,client,456,1538,6,M0,H,evaluation,0,0,0.5015304684638977,1,0.5014635920524597,False,4,0.75,1,"[0.898272, 0.101728]"
minesweeper,client,456,1539,6,M0,H,evaluation,0,0,0.5019240975379944,1,0.5014635920524597,False,4,0.75,1,"[0.94593, 0.05407]"
minesweeper,client,456,1540,6,M0,H,evaluation,0,0,0.5020033121109009,1,0.5014635920524597,False,4,1.0,1,"[0.955529, 0.044471]"
minesweeper,client,456,1544,6,M0,H,evaluation,0,0,0.5007473826408386,0,0.5014635920524597,False,4,0.75,1,"[0.803493, 0.196506]"
minesweeper,client,456,1545,6,M0,H,evaluation,0,0,0.5002714395523071,0,0.5014635920524597,False,4,1.0,1,"[0.745918, 0.254082]"
minesweeper,client,456,1546,6,M0,H,evaluation,0,0,0.49938011169433594,0,0.5014635920524597,False,4,0.75,1,"[0.638129, 0.361871]"
minesweeper,client,456,1550,6,M0,H,evaluation,1,0,0.5070021748542786,0,0.5112331509590149,False,4,0.25,0,"[0.669251, 0.330749]"
minesweeper,client,456,1551,6,M0,H,evaluation,0,0,0.5000389814376831,0,0.5014635920524597,False,4,1.0,1,"[0.717796, 0.282204]"
minesweeper,client,456,1642,6,M0,H,evaluation,0,0,0.49980539083480835,0,0.5014635920524597,False,4,0.75,1,"[0.689552, 0.310448]"
minesweeper,client,456,1644,6,M0,H,evaluation,0,0,0.5002215504646301,0,0.5014635920524597,False,4,1.0,1,"[0.739881, 0.260119]"
minesweeper,client,456,1650,6,M0,H,evaluation,0,0,0.49956947565078735,0,0.5014635920524597,False,4,0.5,1,"[0.66102, 0.33898]"
minesweeper,client,456,1652,6,M0,H,evaluation,0,0,0.5002396702766418,0,0.5014635920524597,False,4,0.5,1,"[0.742071, 0.257929]"
minesweeper,client,456,1737,6,M0,H,evaluation,0,0,0.5017279386520386,1,0.5014635920524597,False,4,1.0,1,"[0.922176, 0.077824]"
minesweeper,client,456,1741,6,M0,H,evaluation,0,0,0.49940335750579834,0,0.5014635920524597,False,4,1.0,1,"[0.640936, 0.359064]"
minesweeper,client,456,1743,6,M0,H,evaluation,0,0,0.4997144043445587,0,0.5014635920524597,False,4,0.75,1,"[0.678543, 0.321457]"
minesweeper,client,456,1746,6,M0,H,evaluation,0,0,0.5000674724578857,0,0.5014635920524597,False,4,0.5,1,"[0.721243, 0.278757]"
minesweeper,client,456,1747,6,M0,H,evaluation,1,0,0.504548192024231,0,0.5112331509590149,False,4,0.25,0,"[0.725925, 0.274075]"
minesweeper,client,456,1749,6,M0,H,evaluation,0,0,0.5006628036499023,0,0.5014635920524597,False,4,0.75,1,"[0.793262, 0.206738]"
minesweeper,client,456,1752,6,M0,H,evaluation,0,0,0.5014137029647827,0,0.5014635920524597,False,4,1.0,1,"[0.884136, 0.115864]"
minesweeper,client,456,1754,6,M0,H,evaluation,0,0,0.5010384917259216,0,0.5014635920524597,False,2,1.0,1,"[0.838717, 0.161283]"
minesweeper,client,456,1840,6,M0,H,evaluation,0,0,0.49949929118156433,0,0.5014635920524597,False,4,1.0,1,"[0.652538, 0.347462]"
minesweeper,client,456,1844,6,M0,H,evaluation,0,0,0.4997166395187378,0,0.5014635920524597,False,4,0.5,1,"[0.678812, 0.321188]"
minesweeper,client,456,1848,6,M0,H,evaluation,0,0,0.5014578700065613,0,0.5014635920524597,False,4,1.0,1,"[0.889479, 0.110521]"
minesweeper,client,456,1850,6,M0,H,evaluation,0,0,0.5019820332527161,1,0.5014635920524597,False,4,1.0,1,"[0.952947, 0.047053]"
minesweeper,client,456,1943,6,M0,H,evaluation,1,0,0.5063933730125427,0,0.5112331509590149,False,4,0.5,0,"[0.683419, 0.316581]"
minesweeper,client,456,1947,6,M0,H,evaluation,0,0,0.5010671019554138,0,0.5014635920524597,False,4,0.75,1,"[0.84218, 0.15782]"
minesweeper,client,456,1952,6,M0,H,evaluation,0,0,0.5018424391746521,1,0.5014635920524597,False,4,1.0,1,"[0.936048, 0.063952]"
minesweeper,client,456,1953,6,M0,H,evaluation,0,0,0.5014256834983826,0,0.5014635920524597,False,4,1.0,1,"[0.885588, 0.114412]"
minesweeper,client,456,2042,6,M0,H,evaluation,1,0,0.5042243003845215,0,0.5112331509590149,False,4,0.25,0,"[0.733325, 0.266675]"
minesweeper,client,456,2043,6,M0,H,evaluation,0,0,0.4997827112674713,0,0.5014635920524597,False,4,0.5,1,"[0.686799, 0.313201]"
minesweeper,client,456,2045,6,M0,H,evaluation,0,0,0.5002161860466003,0,0.5014635920524597,False,4,1.0,1,"[0.739233, 0.260767]"
minesweeper,client,456,2049,6,M0,H,evaluation,0,0,0.50173020362854,1,0.5014635920524597,False,4,1.0,1,"[0.922457, 0.077543]"
minesweeper,client,456,2053,6,M0,H,evaluation,0,0,0.5019486546516418,1,0.5014635920524597,False,4,1.0,1,"[0.948909, 0.051091]"
minesweeper,client,456,2137,6,M0,H,evaluation,0,0,0.5010324120521545,0,0.5014635920524597,False,1,1.0,1,"[0.83798, 0.16202]"
minesweeper,client,456,2140,6,M0,H,evaluation,0,0,0.5003424286842346,0,0.5014635920524597,False,2,1.0,1,"[0.754505, 0.245495]"
minesweeper,client,456,2143,6,M0,H,evaluation,1,0,0.5047811269760132,0,0.5112331509590149,False,4,0.0,0,"[0.720594, 0.279406]"
minesweeper,client,456,2144,6,M0,H,evaluation,0,0,0.5003279447555542,0,0.5014635920524597,False,4,0.75,1,"[0.752748, 0.247252]"
minesweeper,client,456,2147,6,M0,H,evaluation,0,0,0.49928057193756104,0,0.5014635920524597,False,4,0.75,1,"[0.62609, 0.37391]"
minesweeper,client,456,2148,6,M0,H,evaluation,0,0,0.5009143948554993,0,0.5014635920524597,False,4,0.75,1,"[0.823703, 0.176297]"
minesweeper,client,456,2149,6,M0,H,evaluation,0,0,0.5019692182540894,1,0.5014635920524597,False,4,0.75,1,"[0.951394, 0.048606]"
minesweeper,client,456,2154,6,M0,H,evaluation,0,0,0.5009674429893494,0,0.5014635920524597,False,1,0.0,1,"[0.830126, 0.169874]"
minesweeper,client,456,2241,6,M0,H,evaluation,0,0,0.5002791881561279,0,0.5014635920524597,False,1,1.0,1,"[0.746851, 0.253149]"
minesweeper,client,456,2344,6,M0,H,evaluation,0,0,0.4998568296432495,0,0.5014635920524597,False,3,1.0,1,"[0.69577, 0.30423]"
minesweeper,client,456,2349,6,M0,H,evaluation,0,0,0.5022187829017639,1,0.5014635920524597,False,4,1.0,1,"[0.981625, 0.018375]"
minesweeper,client,456,2351,6,M0,H,evaluation,0,0,0.5022771954536438,1,0.5014635920524597,False,3,1.0,1,"[0.988697, 0.011303]"
minesweeper,client,456,2544,6,M0,H,evaluation,0,0,0.5006514191627502,0,0.5014635920524597,False,2,1.0,1,"[0.791881, 0.208119]"
minesweeper,client,456,2550,6,M0,H,evaluation,0,0,0.50115966796875,0,0.5014635920524597,False,2,0.5,1,"[0.853382, 0.146618]"
minesweeper,client,456,2846,6,M0,H,evaluation,0,0,0.5005335211753845,0,0.5014635920524597,False,0,,1,"[0.777613, 0.222387]"
minesweeper,client,456,4069,6,M0,H,evaluation,1,0,0.5028525590896606,0,0.5112331509590149,False,3,0.0,0,"[0.764472, 0.235528]"
minesweeper,client,456,4166,6,M0,H,evaluation,0,0,0.5014028549194336,0,0.5014635920524597,False,4,1.0,1,"[0.882821, 0.117179]"
minesweeper,client,456,4365,6,M0,H,evaluation,0,0,0.500622570514679,0,0.5014635920524597,False,4,0.75,1,"[0.788393, 0.211607]"
minesweeper,client,456,4368,6,M0,H,evaluation,0,0,0.5019643306732178,1,0.5014635920524597,False,4,1.0,1,"[0.950804, 0.049196]"
minesweeper,client,456,4371,6,M0,H,evaluation,1,0,0.5003601312637329,0,0.5112331509590149,False,4,0.25,0,"[0.820377, 0.179623]"
minesweeper,client,456,4472,6,M0,H,evaluation,0,0,0.5009737014770508,0,0.5014635920524597,False,4,1.0,1,"[0.830882, 0.169118]"
minesweeper,client,456,4564,6,M0,H,evaluation,1,0,0.5078076720237732,0,0.5112331509590149,False,4,0.0,0,"[0.65039, 0.34961]"
minesweeper,client,456,4568,6,M0,H,evaluation,0,0,0.5010345578193665,0,0.5014635920524597,False,4,1.0,1,"[0.838245, 0.161755]"
minesweeper,client,456,4574,6,M0,H,evaluation,0,0,0.5010694861412048,0,0.5014635920524597,False,4,0.75,1,"[0.84247, 0.15753]"
minesweeper,client,456,4662,6,M0,H,evaluation,0,0,0.5001035332679749,0,0.5014635920524597,False,4,1.0,1,"[0.72561, 0.27439]"
minesweeper,client,456,4668,6,M0,H,evaluation,0,0,0.5004177093505859,0,0.5014635920524597,False,4,0.75,1,"[0.76361, 0.23639]"
minesweeper,client,456,4670,6,M0,H,evaluation,0,0,0.5017853379249573,1,0.5014635920524597,False,4,1.0,1,"[0.929128, 0.070872]"
minesweeper,client,456,4673,6,M0,H,evaluation,0,0,0.5011627078056335,0,0.5014635920524597,False,4,0.75,1,"[0.853758, 0.146242]"
minesweeper,client,456,4675,6,M0,H,evaluation,0,0,0.5001682043075562,0,0.5014635920524597,False,4,1.0,1,"[0.733431, 0.266569]"
minesweeper,client,456,4676,6,M0,H,evaluation,0,0,0.5000505447387695,0,0.5014635920524597,False,2,1.0,1,"[0.719198, 0.280802]"
minesweeper,client,456,4757,6,M0,H,evaluation,0,0,0.5010165572166443,0,0.5014635920524597,False,3,1.0,1,"[0.836067, 0.163933]"
minesweeper,client,456,4759,6,M0,H,evaluation,0,0,0.5012102723121643,0,0.5014635920524597,False,4,1.0,1,"[0.859508, 0.140492]"
minesweeper,client,456,4760,6,M0,H,evaluation,0,0,0.5006870627403259,0,0.5014635920524597,False,4,0.75,1,"[0.796194, 0.203806]"
minesweeper,client,456,4762,6,M0,H,evaluation,0,0,0.5006230473518372,0,0.5014635920524597,False,4,0.5,1,"[0.788447, 0.211553]"
minesweeper,client,456,4766,6,M0,H,evaluation,0,0,0.4994131624698639,0,0.5014635920524597,False,4,0.25,1,"[0.642119, 0.357881]"
minesweeper,client,456,4767,6,M0,H,evaluation,0,0,0.4994703531265259,0,0.5014635920524597,False,4,0.25,1,"[0.649036, 0.350964]"
minesweeper,client,456,4768,6,M0,H,evaluation,1,0,0.502460241317749,0,0.5112331509590149,False,4,0.25,0,"[0.773329, 0.226671]"
minesweeper,client,456,4771,6,M0,H,evaluation,0,0,0.5019239187240601,1,0.5014635920524597,False,4,1.0,1,"[0.945908, 0.054092]"
minesweeper,client,456,4772,6,M0,H,evaluation,0,0,0.501247227191925,0,0.5014635920524597,False,4,1.0,1,"[0.863984, 0.136016]"
minesweeper,client,456,4857,6,M0,H,evaluation,0,0,0.5001999735832214,0,0.5014635920524597,False,3,0.6666666666666666,1,"[0.737271, 0.262729]"
minesweeper,client,456,4870,6,M0,H,evaluation,0,0,0.5018079280853271,1,0.5014635920524597,False,4,1.0,1,"[0.931864, 0.068136]"
minesweeper,client,456,4962,6,M0,H,evaluation,0,0,0.5005609393119812,0,0.5014635920524597,False,4,1.0,1,"[0.780935, 0.219065]"
minesweeper,client,456,4963,6,M0,H,evaluation,0,0,0.500008761882782,0,0.5014635920524597,False,4,1.0,1,"[0.714142, 0.285858]"
minesweeper,client,456,4967,6,M0,H,evaluation,0,0,0.5000230073928833,0,0.5014635920524597,False,4,0.75,1,"[0.715866, 0.284134]"
minesweeper,client,456,4970,6,M0,H,evaluation,0,0,0.5011464953422546,0,0.5014635920524597,False,4,1.0,1,"[0.851793, 0.148207]"
minesweeper,client,456,4975,6,M0,H,evaluation,1,0,0.5094438195228577,0,0.5112331509590149,False,1,0.0,0,"[0.611629, 0.388371]"
minesweeper,client,456,5064,6,M0,H,evaluation,0,0,0.49949052929878235,0,0.5014635920524597,False,4,0.75,1,"[0.651477, 0.348523]"
minesweeper,client,456,5067,6,M0,H,evaluation,1,0,0.5064103603363037,0,0.5112331509590149,False,4,0.25,0,"[0.683025, 0.316975]"
minesweeper,client,456,5158,6,M0,H,evaluation,1,0,0.5034705400466919,0,0.5112331509590149,False,2,0.0,0,"[0.750477, 0.249523]"
minesweeper,client,456,5161,6,M0,H,evaluation,1,0,0.5067719221115112,0,0.5112331509590149,False,4,0.0,0,"[0.674619, 0.325381]"
minesweeper,client,456,5163,6,M0,H,evaluation,1,0,0.5056867599487305,0,0.5112331509590149,False,4,0.5,0,"[0.699772, 0.300228]"
minesweeper,client,456,5164,6,M0,H,evaluation,0,0,0.4997202754020691,0,0.5014635920524597,False,4,0.5,1,"[0.679255, 0.320745]"
minesweeper,client,456,5170,6,M0,H,evaluation,0,0,0.5004611015319824,0,0.5014635920524597,False,4,0.75,1,"[0.76886, 0.23114]"
minesweeper,client,456,5171,6,M0,H,evaluation,0,0,0.5000507831573486,0,0.5014635920524597,False,4,0.75,1,"[0.719228, 0.280772]"
minesweeper,client,456,5172,6,M0,H,evaluation,0,0,0.5000511407852173,0,0.5014635920524597,False,4,0.75,1,"[0.719268, 0.280732]"
minesweeper,client,456,5173,6,M0,H,evaluation,0,0,0.5002760291099548,0,0.5014635920524597,False,4,1.0,1,"[0.746467, 0.253533]"
minesweeper,client,456,5259,6,M0,H,evaluation,0,0,0.4996303617954254,0,0.5014635920524597,False,3,1.0,1,"[0.668381, 0.331619]"
minesweeper,client,456,5260,6,M0,H,evaluation,0,0,0.4998895227909088,0,0.5014635920524597,False,4,0.75,1,"[0.699728, 0.300272]"
minesweeper,client,456,5261,6,M0,H,evaluation,0,0,0.4998165965080261,0,0.5014635920524597,False,4,0.75,1,"[0.690905, 0.309095]"
minesweeper,client,456,5262,6,M0,H,evaluation,0,0,0.49977779388427734,0,0.5014635920524597,False,4,0.5,1,"[0.686211, 0.313789]"
minesweeper,client,456,5274,6,M0,H,evaluation,0,0,0.5003836154937744,0,0.5014635920524597,False,4,0.75,1,"[0.759487, 0.240513]"
minesweeper,client,456,5363,6,M0,H,evaluation,0,0,0.5010091066360474,0,0.5014635920524597,False,3,1.0,1,"[0.835164, 0.164836]"
minesweeper,client,456,5364,6,M0,H,evaluation,0,0,0.5013176798820496,0,0.5014635920524597,False,3,1.0,1,"[0.872514, 0.127486]"
minesweeper,client,456,5372,6,M0,H,evaluation,0,0,0.49870002269744873,0,0.5014635920524597,False,4,0.5,1,"[0.555909, 0.444091]"
minesweeper,client,456,5460,6,M0,H,evaluation,1,0,0.5102872848510742,0,0.5112331509590149,False,1,0.0,0,"[0.591394, 0.408606]"
minesweeper,client,456,5461,6,M0,H,evaluation,0,0,0.5002111196517944,0,0.5014635920524597,False,1,1.0,1,"[0.73862, 0.26138]"
minesweeper,client,456,5465,6,M0,H,evaluation,0,0,0.5017103552818298,1,0.5014635920524597,False,3,0.6666666666666666,1,"[0.920049, 0.079951]"
minesweeper,client,456,5466,6,M0,H,evaluation,0,0,0.5016539096832275,1,0.5014635920524597,False,4,0.75,1,"[0.913218, 0.086781]"
minesweeper,client,456,5469,6,M0,H,evaluation,0,0,0.5000097155570984,0,0.5014635920524597,False,4,0.75,1,"[0.714259, 0.285741]"
minesweeper,client,456,5473,6,M0,H,evaluation,1,0,0.5077652335166931,0,0.5112331509590149,False,4,0.0,0,"[0.651387, 0.348613]"
minesweeper,client,456,5570,6,M0,H,evaluation,0,0,0.5002784729003906,0,0.5014635920524597,False,4,0.75,1,"[0.746764, 0.253236]"
minesweeper,client,456,5572,6,M0,H,evaluation,0,0,0.5006119608879089,0,0.5014635920524597,False,4,0.75,1,"[0.787107, 0.212893]"
minesweeper,client,456,5573,6,M0,H,evaluation,0,0,0.5003744959831238,0,0.5014635920524597,False,4,0.75,1,"[0.758376, 0.241624]"
minesweeper,client,456,5575,6,M0,H,evaluation,0,0,0.49967527389526367,0,0.5014635920524597,False,2,1.0,1,"[0.673813, 0.326187]"
minesweeper,client,456,5770,6,M0,H,evaluation,0,0,0.5013113021850586,0,0.5014635920524597,False,3,0.6666666666666666,1,"[0.871737, 0.128262]"
minesweeper,client,456,5772,6,M0,H,evaluation,0,0,0.5013493895530701,0,0.5014635920524597,False,4,1.0,1,"[0.876353, 0.123647]"
minesweeper,client,456,5774,6,M0,H,evaluation,0,0,0.4996894299983978,0,0.5014635920524597,False,4,0.75,1,"[0.675527, 0.324473]"
minesweeper,client,456,5873,6,M0,H,evaluation,0,0,0.5010375380516052,0,0.5014635920524597,False,4,0.75,1,"[0.838606, 0.161394]"
minesweeper,client,456,5875,6,M0,H,evaluation,0,0,0.5009284615516663,0,0.5014635920524597,False,4,0.5,1,"[0.825408, 0.174592]"
minesweeper,client,456,5971,6,M0,H,evaluation,0,0,0.5009621381759644,0,0.5014635920524597,False,2,1.0,1,"[0.82948, 0.17052]"
minesweeper,client,456,2228,14,M0,H,evaluation,0,0,0.5000880360603333,0,0.5014635920524597,False,4,1.0,1,"[0.723732, 0.276268]"
minesweeper,client,456,2230,14,M0,H,evaluation,0,0,0.49951308965682983,0,0.5014635920524597,False,4,0.75,1,"[0.654202, 0.345798]"
minesweeper,client,456,2235,14,M0,H,evaluation,0,0,0.5015732049942017,1,0.5014635920524597,False,4,0.75,1,"[0.903447, 0.096553]"
minesweeper,client,456,2239,14,M0,H,evaluation,0,0,0.5004160404205322,0,0.5014635920524597,False,4,0.75,1,"[0.763406, 0.236594]"
minesweeper,client,456,2329,14,M0,H,evaluation,0,0,0.4994824230670929,0,0.5014635920524597,False,4,0.75,1,"[0.650495, 0.349506]"
minesweeper,client,456,2332,14,M0,H,evaluation,1,0,0.5052040815353394,0,0.5112331509590149,False,4,0.25,0,"[0.710887, 0.289113]"
minesweeper,client,456,2340,14,M0,H,evaluation,1,0,0.5117968320846558,1,0.5112331509590149,False,4,0.5,0,"[0.55471, 0.44529]"
minesweeper,client,456,2435,14,M0,H,evaluation,0,0,0.4999455213546753,0,0.5014635920524597,False,4,0.5,1,"[0.706491, 0.293509]"
minesweeper,client,456,2439,14,M0,H,evaluation,0,0,0.5007907152175903,0,0.5014635920524597,False,4,0.5,1,"[0.808741, 0.191259]"
minesweeper,client,456,2528,14,M0,H,evaluation,1,0,0.5068395733833313,0,0.5112331509590149,False,4,0.5,0,"[0.673043, 0.326957]"
minesweeper,client,456,2533,14,M0,H,evaluation,0,0,0.49988889694213867,0,0.5014635920524597,False,4,0.5,1,"[0.699651, 0.300349]"
minesweeper,client,456,2538,14,M0,H,evaluation,0,0,0.5017064809799194,1,0.5014635920524597,False,4,1.0,1,"[0.919584, 0.080416]"
minesweeper,client,456,2626,14,M0,H,evaluation,1,0,0.5102168917655945,0,0.5112331509590149,False,2,0.5,0,"[0.59309, 0.40691]"
minesweeper,client,456,2628,14,M0,H,evaluation,0,0,0.49991196393966675,0,0.5014635920524597,False,4,0.75,1,"[0.702436, 0.297564]"
minesweeper,client,456,2630,14,M0,H,evaluation,0,0,0.5010851621627808,0,0.5014635920524597,False,4,1.0,1,"[0.844372, 0.155628]"
minesweeper,client,456,2634,14,M0,H,evaluation,0,0,0.5012925267219543,0,0.5014635920524597,False,4,0.75,1,"[0.869465, 0.130535]"
minesweeper,client,456,2639,14,M0,H,evaluation,0,0,0.5012562274932861,0,0.5014635920524597,False,4,1.0,1,"[0.865076, 0.134924]"
minesweeper,client,456,2640,14,M0,H,evaluation,0,0,0.5013579726219177,0,0.5014635920524597,False,4,1.0,1,"[0.877387, 0.122613]"
minesweeper,client,456,2728,14,M0,H,evaluation,1,0,0.504859209060669,0,0.5112331509590149,False,4,0.25,0,"[0.718804, 0.281196]"
minesweeper,client,456,2730,14,M0,H,evaluation,0,0,0.5008924603462219,0,0.5014635920524597,False,4,1.0,1,"[0.82105, 0.17895]"
minesweeper,client,456,2731,14,M0,H,evaluation,0,0,0.5009116530418396,0,0.5014635920524597,False,4,1.0,1,"[0.823374, 0.176626]"
minesweeper,client,456,2741,14,M0,H,evaluation,0,0,0.5012490749359131,0,0.5014635920524597,False,4,1.0,1,"[0.86421, 0.13579]"
minesweeper,client,456,2832,14,M0,H,evaluation,0,0,0.5015293955802917,1,0.5014635920524597,False,4,1.0,1,"[0.898143, 0.101857]"
minesweeper,client,456,2835,14,M0,H,evaluation,0,0,0.5020294785499573,1,0.5014635920524597,False,4,1.0,1,"[0.958691, 0.041309]"
minesweeper,client,456,2839,14,M0,H,evaluation,1,0,0.5042060017585754,0,0.5112331509590149,False,4,0.0,0,"[0.733743, 0.266257]"
minesweeper,client,456,2842,14,M0,H,evaluation,0,0,0.499798983335495,0,0.5014635920524597,False,4,1.0,1,"[0.688774, 0.311226]"
minesweeper,client,456,2931,14,M0,H,evaluation,0,0,0.5011942982673645,0,0.5014635920524597,False,4,1.0,1,"[0.857579, 0.142421]"
minesweeper,client,456,2939,14,M0,H,evaluation,0,0,0.5007204413414001,0,0.5014635920524597,False,4,0.75,1,"[0.800237, 0.199763]"
minesweeper,client,456,2940,14,M0,H,evaluation,0,0,0.5001599192619324,0,0.5014635920524597,False,4,0.75,1,"[0.732424, 0.267576]"
minesweeper,client,456,2941,14,M0,H,evaluation,0,0,0.49959123134613037,0,0.5014635920524597,False,4,0.75,1,"[0.663647, 0.336353]"
minesweeper,client,456,2942,14,M0,H,evaluation,0,0,0.4988963007926941,0,0.5014635920524597,False,4,0.75,1,"[0.579633, 0.420367]"
minesweeper,client,456,3030,14,M0,H,evaluation,0,0,0.501614511013031,1,0.5014635920524597,False,4,1.0,1,"[0.908445, 0.091555]"
minesweeper,client,456,3031,14,M0,H,evaluation,0,0,0.5012017488479614,0,0.5014635920524597,False,4,1.0,1,"[0.85848, 0.14152]"
minesweeper,client,456,3033,14,M0,H,evaluation,0,0,0.5011311769485474,0,0.5014635920524597,False,4,0.75,1,"[0.84994, 0.15006]"
minesweeper,client,456,3039,14,M0,H,evaluation,0,0,0.5001202821731567,0,0.5014635920524597,False,4,0.5,1,"[0.727636, 0.272364]"
minesweeper,client,456,3045,14,M0,H,evaluation,0,0,0.4990602731704712,0,0.5014635920524597,False,2,1.0,1,"[0.599458, 0.400542]"
minesweeper,client,456,3127,14,M0,H,evaluation,0,0,0.500680685043335,0,0.5014635920524597,False,4,1.0,1,"[0.795424, 0.204576]"
minesweeper,client,456,3136,14,M0,H,evaluation,0,0,0.49932390451431274,0,0.5014635920524597,False,4,0.75,1,"[0.631329, 0.368671]"
minesweeper,client,456,3140,14,M0,H,evaluation,1,0,0.5066971778869629,0,0.5112331509590149,False,4,0.5,0,"[0.67636, 0.32364]"
minesweeper,client,456,3143,14,M0,H,evaluation,1,0,0.5111151337623596,0,0.5112331509590149,False,4,0.5,0,"[0.571354, 0.428646]"
minesweeper,client,456,3145,14,M0,H,evaluation,0,0,0.5000371932983398,0,0.5014635920524597,False,2,0.5,1,"[0.717581, 0.282419]"
minesweeper,client,456,3230,14,M0,H,evaluation,0,0,0.500758707523346,0,0.5014635920524597,False,4,1.0,1,"[0.804865, 0.195135]"
minesweeper,client,456,3233,14,M0,H,evaluation,0,0,0.5011094808578491,0,0.5014635920524597,False,4,1.0,1,"[0.847309, 0.152691]"
minesweeper,client,456,3234,14,M0,H,evaluation,0,0,0.5003803372383118,0,0.5014635920524597,False,4,1.0,1,"[0.759085, 0.240915]"
minesweeper,client,456,3235,14,M0,H,evaluation,0,0,0.49894869327545166,0,0.5014635920524597,False,4,1.0,1,"[0.585971, 0.414029]"
minesweeper,client,456,3239,14,M0,H,evaluation,0,0,0.49991434812545776,0,0.5014635920524597,False,4,0.75,1,"[0.702728, 0.297272]"
minesweeper,client,456,3244,14,M0,H,evaluation,1,0,0.49917787313461304,0,0.5112331509590149,False,4,0.0,0,"[0.84663, 0.15337]"
minesweeper,client,456,3324,14,M0,H,evaluation,0,0,0.4995599687099457,0,0.5014635920524597,False,2,1.0,1,"[0.659877, 0.340123]"
minesweeper,client,456,3327,14,M0,H,evaluation,0,0,0.4992748498916626,0,0.5014635920524597,False,4,0.5,1,"[0.625395, 0.374605]"
minesweeper,client,456,3329,14,M0,H,evaluation,0,0,0.5001952052116394,0,0.5014635920524597,False,4,0.5,1,"[0.736696, 0.263304]"
minesweeper,client,456,3335,14,M0,H,evaluation,0,0,0.4996795654296875,0,0.5014635920524597,False,4,0.75,1,"[0.674336, 0.325664]"
minesweeper,client,456,3341,14,M0,H,evaluation,0,0,0.5004348158836365,0,0.5014635920524597,False,4,0.75,1,"[0.765679, 0.234321]"
minesweeper,client,456,3429,14,M0,H,evaluation,1,0,0.4994908571243286,0,0.5112331509590149,False,4,0.25,0,"[0.839696, 0.160304]"
minesweeper,client,456,3436,14,M0,H,evaluation,1,0,0.508512556552887,0,0.5112331509590149,False,4,0.25,0,"[0.633767, 0.366233]"
minesweeper,client,456,3441,14,M0,H,evaluation,0,0,0.49991700053215027,0,0.5014635920524597,False,4,1.0,1,"[0.703047, 0.296953]"
minesweeper,client,456,3444,14,M0,H,evaluation,0,0,0.5019034147262573,1,0.5014635920524597,False,0,,1,"[0.943428, 0.056572]"
minesweeper,client,456,3526,14,M0,H,evaluation,1,0,0.5038735270500183,0,0.5112331509590149,False,4,0.0,0,"[0.741318, 0.258682]"
minesweeper,client,456,3527,14,M0,H,evaluation,0,0,0.5010351538658142,0,0.5014635920524597,False,4,1.0,1,"[0.838319, 0.161681]"
minesweeper,client,456,3530,14,M0,H,evaluation,0,0,0.5004264712333679,0,0.5014635920524597,False,4,1.0,1,"[0.764669, 0.235331]"
minesweeper,client,456,3531,14,M0,H,evaluation,0,0,0.5002641677856445,0,0.5014635920524597,False,4,0.75,1,"[0.745033, 0.254967]"
minesweeper,client,456,3533,14,M0,H,evaluation,0,0,0.4999215602874756,0,0.5014635920524597,False,4,0.5,1,"[0.703598, 0.296402]"
minesweeper,client,456,3535,14,M0,H,evaluation,1,0,0.5086445808410645,0,0.5112331509590149,False,4,0.0,0,"[0.630641, 0.369359]"
minesweeper,client,456,3537,14,M0,H,evaluation,0,0,0.4991165101528168,0,0.5014635920524597,False,4,0.5,1,"[0.606259, 0.393741]"
minesweeper,client,456,3627,14,M0,H,evaluation,0,0,0.5004748106002808,0,0.5014635920524597,False,3,1.0,1,"[0.770512, 0.229488]"
minesweeper,client,456,3628,14,M0,H,evaluation,0,0,0.5005418658256531,0,0.5014635920524597,False,4,1.0,1,"[0.778626, 0.221374]"
minesweeper,client,456,3629,14,M0,H,evaluation,0,0,0.5003862977027893,0,0.5014635920524597,False,4,1.0,1,"[0.75981, 0.24019]"
minesweeper,client,456,3630,14,M0,H,evaluation,0,0,0.5002579092979431,0,0.5014635920524597,False,4,0.75,1,"[0.744277, 0.255723]"
minesweeper,client,456,3728,14,M0,H,evaluation,0,0,0.5011363625526428,0,0.5014635920524597,False,4,0.75,1,"[0.850566, 0.149434]"
minesweeper,client,456,3731,14,M0,H,evaluation,1,0,0.5033925175666809,0,0.5112331509590149,False,4,0.0,0,"[0.752247, 0.247753]"
minesweeper,client,456,3738,14,M0,H,evaluation,0,0,0.5013406276702881,0,0.5014635920524597,False,4,0.75,1,"[0.875292, 0.124708]"
minesweeper,client,456,3740,14,M0,H,evaluation,0,0,0.5009709596633911,0,0.5014635920524597,False,1,1.0,1,"[0.830545, 0.169455]"
minesweeper,client,456,3829,14,M0,H,evaluation,1,0,0.49382340908050537,0,0.5112331509590149,False,3,0.0,0,"[0.963976, 0.036024]"
minesweeper,client,456,3831,14,M0,H,evaluation,0,0,0.5018916726112366,1,0.5014635920524597,False,4,1.0,1,"[0.942004, 0.057996]"
minesweeper,client,456,3832,14,M0,H,evaluation,0,0,0.5006849765777588,0,0.5014635920524597,False,4,0.75,1,"[0.795939, 0.204061]"
minesweeper,client,456,3834,14,M0,H,evaluation,0,0,0.4989677965641022,0,0.5014635920524597,False,4,0.5,1,"[0.588278, 0.411722]"
minesweeper,client,456,4029,14,M0,H,evaluation,0,0,0.5023409128189087,1,0.5014635920524597,False,1,1.0,1,"[0.996419, 0.003581]"
minesweeper,client,456,4030,14,M0,H,evaluation,0,0,0.5022680163383484,1,0.5014635920524597,False,1,1.0,1,"[0.98759, 0.01241]"
minesweeper,client,456,5659,14,M0,H,evaluation,1,0,0.5068996548652649,0,0.5112331509590149,False,3,0.3333333333333333,0,"[0.671644, 0.328356]"
minesweeper,client,456,5661,14,M0,H,evaluation,0,0,0.5005848407745361,0,0.5014635920524597,False,4,1.0,1,"[0.783829, 0.216171]"
minesweeper,client,456,5662,14,M0,H,evaluation,0,0,0.5004637837409973,0,0.5014635920524597,False,4,1.0,1,"[0.769186, 0.230814]"
minesweeper,client,456,5663,14,M0,H,evaluation,0,0,0.5004948973655701,0,0.5014635920524597,False,4,0.75,1,"[0.772943, 0.227057]"
minesweeper,client,456,5665,14,M0,H,evaluation,0,0,0.5006658434867859,0,0.5014635920524597,False,4,1.0,1,"[0.793625, 0.206375]"
minesweeper,client,456,5765,14,M0,H,evaluation,0,0,0.5011063814163208,0,0.5014635920524597,False,4,0.75,1,"[0.846938, 0.153062]"
minesweeper,client,456,5767,14,M0,H,evaluation,0,0,0.500764787197113,0,0.5014635920524597,False,4,0.75,1,"[0.805599, 0.194401]"
minesweeper,client,456,5769,14,M0,H,evaluation,0,0,0.5002546310424805,0,0.5014635920524597,False,2,1.0,1,"[0.743883, 0.256117]"
minesweeper,client,456,5858,14,M0,H,evaluation,0,0,0.4997009038925171,0,0.5014635920524597,False,3,1.0,1,"[0.676912, 0.323088]"
minesweeper,client,456,5862,14,M0,H,evaluation,1,0,0.5080863833427429,0,0.5112331509590149,False,4,0.25,0,"[0.64383, 0.35617]"
minesweeper,client,456,5961,14,M0,H,evaluation,1,0,0.5093299746513367,0,0.5112331509590149,False,4,0.0,0,"[0.614348, 0.385653]"
minesweeper,client,456,6065,14,M0,H,evaluation,0,0,0.5007389187812805,0,0.5014635920524597,False,4,0.75,1,"[0.80247, 0.19753]"
minesweeper,client,456,6067,14,M0,H,evaluation,0,0,0.5006717443466187,0,0.5014635920524597,False,4,0.75,1,"[0.794345, 0.205655]"
minesweeper,client,456,6168,14,M0,H,evaluation,0,0,0.5007085800170898,0,0.5014635920524597,False,4,1.0,1,"[0.798802, 0.201198]"
minesweeper,client,456,6170,14,M0,H,evaluation,0,0,0.5003933310508728,0,0.5014635920524597,False,4,0.75,1,"[0.760663, 0.239337]"
minesweeper,client,456,6257,14,M0,H,evaluation,0,0,0.4998331665992737,0,0.5014635920524597,False,3,0.6666666666666666,1,"[0.692912, 0.307088]"
minesweeper,client,456,6259,14,M0,H,evaluation,0,0,0.5003700256347656,0,0.5014635920524597,False,4,0.75,1,"[0.757839, 0.242161]"
minesweeper,client,456,6260,14,M0,H,evaluation,1,0,0.5036996603012085,0,0.5112331509590149,False,4,0.0,0,"[0.745272, 0.254728]"
minesweeper,client,456,6261,14,M0,H,evaluation,0,0,0.500062108039856,0,0.5014635920524597,False,4,0.5,1,"[0.720598, 0.279402]"
minesweeper,client,456,6263,14,M0,H,evaluation,0,0,0.4999721050262451,0,0.5014635920524597,False,4,0.75,1,"[0.70971, 0.29029]"
minesweeper,client,456,6265,14,M0,H,evaluation,0,0,0.4996407926082611,0,0.5014635920524597,False,4,1.0,1,"[0.669642, 0.330358]"
minesweeper,client,456,6268,14,M0,H,evaluation,0,0,0.5007188320159912,0,0.5014635920524597,False,4,0.75,1,"[0.800038, 0.199962]"
minesweeper,client,456,6271,14,M0,H,evaluation,1,0,0.5030718445777893,0,0.5112331509590149,False,2,0.5,0,"[0.759513, 0.240487]"
minesweeper,client,456,6358,14,M0,H,evaluation,0,0,0.500312089920044,0,0.5014635920524597,False,4,1.0,1,"[0.750832, 0.249168]"
minesweeper,client,456,6360,14,M0,H,evaluation,0,0,0.5000704526901245,0,0.5014635920524597,False,4,0.75,1,"[0.721605, 0.278395]"
minesweeper,client,456,6363,14,M0,H,evaluation,0,0,0.49925121665000916,0,0.5014635920524597,False,4,0.25,1,"[0.622542, 0.377458]"
minesweeper,client,456,6367,14,M0,H,evaluation,1,0,0.505946934223175,0,0.5112331509590149,False,4,0.0,0,"[0.693761, 0.306239]"
minesweeper,client,456,6369,14,M0,H,evaluation,0,0,0.49995753169059753,0,0.5014635920524597,False,4,0.75,1,"[0.707944, 0.292056]"
minesweeper,client,456,6461,14,M0,H,evaluation,0,0,0.49920225143432617,0,0.5014635920524597,False,4,0.5,1,"[0.616621, 0.383379]"
minesweeper,client,456,6463,14,M0,H,evaluation,1,0,0.5094788074493408,0,0.5112331509590149,False,4,0.5,0,"[0.610794, 0.389206]"
minesweeper,client,456,6468,14,M0,H,evaluation,0,0,0.5001322627067566,0,0.5014635920524597,False,4,0.5,1,"[0.729081, 0.270919]"
minesweeper,client,456,6470,14,M0,H,evaluation,0,0,0.5008747577667236,0,0.5014635920524597,False,4,1.0,1,"[0.818907, 0.181093]"
minesweeper,client,456,6565,14,M0,H,evaluation,0,0,0.4999348819255829,0,0.5014635920524597,False,4,0.75,1,"[0.705211, 0.294789]"
minesweeper,client,456,6568,14,M0,H,evaluation,1,0,0.504957377910614,0,0.5112331509590149,False,4,0.0,0,"[0.716553, 0.283447]"
minesweeper,client,456,6657,14,M0,H,evaluation,0,0,0.5005362629890442,0,0.5014635920524597,False,4,0.25,1,"[0.777947, 0.222053]"
minesweeper,client,456,6658,14,M0,H,evaluation,1,0,0.5032331943511963,0,0.5112331509590149,False,4,0.25,0,"[0.755859, 0.244141]"
minesweeper,client,456,6659,14,M0,H,evaluation,0,0,0.5001491904258728,0,0.5014635920524597,False,4,0.5,1,"[0.731127, 0.268873]"
minesweeper,client,456,6661,14,M0,H,evaluation,0,0,0.5000017285346985,0,0.5014635920524597,False,4,0.5,1,"[0.71329, 0.28671]"
minesweeper,client,456,6755,14,M0,H,evaluation,0,0,0.4991901218891144,0,0.5014635920524597,False,3,0.0,1,"[0.615157, 0.384843]"
minesweeper,client,456,6760,14,M0,H,evaluation,0,0,0.4999885857105255,0,0.5014635920524597,False,4,0.75,1,"[0.711702, 0.288298]"
minesweeper,client,456,6763,14,M0,H,evaluation,0,0,0.49899470806121826,0,0.5014635920524597,False,4,0.75,1,"[0.591528, 0.408472]"
minesweeper,client,456,6766,14,M0,H,evaluation,1,0,0.5062056183815002,0,0.5112331509590149,False,4,0.25,0,"[0.687773, 0.312227]"
minesweeper,client,456,6767,14,M0,H,evaluation,0,0,0.4996219873428345,0,0.5014635920524597,False,4,0.5,1,"[0.66737, 0.332631]"
minesweeper,client,456,6770,14,M0,H,evaluation,0,0,0.5002721548080444,0,0.5014635920524597,False,4,0.75,1,"[0.746001, 0.253999]"
minesweeper,client,456,6773,14,M0,H,evaluation,0,0,0.5017839074134827,1,0.5014635920524597,False,2,0.5,1,"[0.928955, 0.071045]"
minesweeper,client,456,6858,14,M0,H,evaluation,0,0,0.49900567531585693,0,0.5014635920524597,False,4,0.75,1,"[0.592854, 0.407146]"
minesweeper,client,456,6859,14,M0,H,evaluation,0,0,0.4992445111274719,0,0.5014635920524597,False,4,1.0,1,"[0.62173, 0.37827]"
minesweeper,client,456,6864,14,M0,H,evaluation,0,0,0.498523086309433,0,0.5014635920524597,False,4,0.5,1,"[0.534528, 0.465472]"
minesweeper,client,456,6866,14,M0,H,evaluation,0,0,0.49864286184310913,0,0.5014635920524597,False,4,0.25,1,"[0.549004, 0.450996]"
minesweeper,client,456,6955,14,M0,H,evaluation,0,0,0.4994271993637085,0,0.5014635920524597,False,4,0.5,1,"[0.643817, 0.356183]"
minesweeper,client,456,6962,14,M0,H,evaluation,0,0,0.49838849902153015,0,0.5014635920524597,False,4,0.25,1,"[0.51826, 0.48174]"
minesweeper,client,456,6965,14,M0,H,evaluation,1,0,0.5105727314949036,0,0.5112331509590149,False,4,0.25,0,"[0.584507, 0.415493]"
minesweeper,client,456,6966,14,M0,H,evaluation,1,0,0.5083157420158386,0,0.5112331509590149,False,4,0.0,0,"[0.638419, 0.361581]"
minesweeper,client,456,6967,14,M0,H,evaluation,0,0,0.4994729459285736,0,0.5014635920524597,False,4,0.75,1,"[0.649348, 0.350652]"
minesweeper,client,456,7058,14,M0,H,evaluation,0,0,0.5002550482749939,0,0.5014635920524597,False,4,0.75,1,"[0.743935, 0.256065]"
minesweeper,client,456,7059,14,M0,H,evaluation,0,0,0.49988093972206116,0,0.5014635920524597,False,4,0.5,1,"[0.69869, 0.30131]"
minesweeper,client,456,7067,14,M0,H,evaluation,0,0,0.49995654821395874,0,0.5014635920524597,False,4,0.5,1,"[0.707825, 0.292175]"
minesweeper,client,456,7159,14,M0,H,evaluation,0,0,0.500481367111206,0,0.5014635920524597,False,4,1.0,1,"[0.771307, 0.228693]"
minesweeper,client,456,7160,14,M0,H,evaluation,0,0,0.5000038146972656,0,0.5014635920524597,False,4,1.0,1,"[0.713548, 0.286452]"
minesweeper,client,456,7161,14,M0,H,evaluation,0,0,0.4995271861553192,0,0.5014635920524597,False,4,1.0,1,"[0.655909, 0.344091]"
minesweeper,client,456,7165,14,M0,H,evaluation,0,0,0.4999232292175293,0,0.5014635920524597,False,4,0.5,1,"[0.703799, 0.296201]"
minesweeper,client,456,7168,14,M0,H,evaluation,0,0,0.5015549659729004,1,0.5014635920524597,False,4,1.0,1,"[0.901237, 0.098763]"
minesweeper,client,456,7258,14,M0,H,evaluation,0,0,0.5003029108047485,0,0.5014635920524597,False,1,1.0,1,"[0.749722, 0.250278]"
minesweeper,client,456,7260,14,M0,H,evaluation,0,0,0.4999024271965027,0,0.5014635920524597,False,3,1.0,1,"[0.701286, 0.298714]"
minesweeper,client,456,7261,14,M0,H,evaluation,0,0,0.4997466206550598,0,0.5014635920524597,False,4,1.0,1,"[0.682441, 0.317559]"
minesweeper,client,456,7265,14,M0,H,evaluation,0,0,0.5010849237442017,0,0.5014635920524597,False,4,1.0,1,"[0.844342, 0.155658]"
minesweeper,client,456,7268,14,M0,H,evaluation,0,0,0.5018715262413025,1,0.5014635920524597,False,4,1.0,1,"[0.939569, 0.060431]"
minesweeper,client,456,7271,14,M0,H,evaluation,0,0,0.4998037815093994,0,0.5014635920524597,False,4,0.75,1,"[0.689352, 0.310648]"
minesweeper,client,456,7272,14,M0,H,evaluation,0,0,0.49998870491981506,0,0.5014635920524597,False,4,0.75,1,"[0.711715, 0.288285]"
minesweeper,client,456,7273,14,M0,H,evaluation,0,0,0.4999782145023346,0,0.5014635920524597,False,2,1.0,1,"[0.710448, 0.289552]"
minesweeper,client,456,7361,14,M0,H,evaluation,0,0,0.500694990158081,0,0.5014635920524597,False,4,1.0,1,"[0.797153, 0.202847]"
minesweeper,client,456,7367,14,M0,H,evaluation,0,0,0.5011487007141113,0,0.5014635920524597,False,4,0.75,1,"[0.852059, 0.147941]"
minesweeper,client,456,7368,14,M0,H,evaluation,0,0,0.5014587640762329,0,0.5014635920524597,False,4,0.75,1,"[0.889593, 0.110407]"
minesweeper,client,456,7370,14,M0,H,evaluation,0,0,0.50025475025177,0,0.5014635920524597,False,4,0.75,1,"[0.743895, 0.256105]"
minesweeper,client,456,7373,14,M0,H,evaluation,0,0,0.49974414706230164,0,0.5014635920524597,False,1,0.0,1,"[0.682144, 0.317856]"
minesweeper,client,456,7462,14,M0,H,evaluation,0,0,0.4999801814556122,0,0.5014635920524597,False,2,0.5,1,"[0.710684, 0.289316]"
minesweeper,client,456,7464,14,M0,H,evaluation,0,0,0.5007790923118591,0,0.5014635920524597,False,4,0.75,1,"[0.807329, 0.192671]"
minesweeper,client,456,7468,14,M0,H,evaluation,0,0,0.5013210773468018,0,0.5014635920524597,False,4,1.0,1,"[0.872928, 0.127072]"
minesweeper,client,456,7469,14,M0,H,evaluation,0,0,0.5007818341255188,0,0.5014635920524597,False,4,1.0,1,"[0.807667, 0.192333]"
minesweeper,client,456,7470,14,M0,H,evaluation,0,0,0.5002355575561523,0,0.5014635920524597,False,4,1.0,1,"[0.741573, 0.258427]"
minesweeper,client,456,7471,14,M0,H,evaluation,0,0,0.5007889270782471,0,0.5014635920524597,False,4,0.75,1,"[0.808523, 0.191477]"
minesweeper,client,456,7571,14,M0,H,evaluation,0,0,0.5021690130233765,1,0.5014635920524597,False,4,0.75,1,"[0.975592, 0.024408]"
minesweeper,client,456,7665,14,M0,H,evaluation,0,0,0.5010184645652771,0,0.5014635920524597,False,2,0.5,1,"[0.836294, 0.163706]"
minesweeper,client,456,7669,14,M0,H,evaluation,0,0,0.5013296604156494,0,0.5014635920524597,False,3,1.0,1,"[0.873959, 0.126041]"
minesweeper,client,456,7766,14,M0,H,evaluation,0,0,0.5007979869842529,0,0.5014635920524597,False,1,1.0,1,"[0.80962, 0.19038]"
minesweeper,client,456,7769,14,M0,H,evaluation,0,0,0.5005335211753845,0,0.5014635920524597,False,0,,1,"[0.777613, 0.222387]"
minesweeper,client,456,5690,0,MR,attack_member,evaluation,0,1,0.49917009472846985,0,0.5014635920524597,False,4,1.0,1,"[0.612732, 0.387268]"
minesweeper,client,456,5696,0,MR,attack_member,evaluation,0,1,0.5001987814903259,0,0.5014635920524597,False,4,1.0,1,"[0.737128, 0.262871]"
minesweeper,client,456,5781,0,MR,attack_member,evaluation,0,1,0.5001614689826965,0,0.5014635920524597,False,4,1.0,1,"[0.732613, 0.267387]"
minesweeper,client,456,5782,0,MR,attack_member,evaluation,0,1,0.5001013278961182,0,0.5014635920524597,False,4,1.0,1,"[0.725344, 0.274656]"
minesweeper,client,456,5783,0,MR,attack_member,evaluation,0,1,0.4998095631599426,0,0.5014635920524597,False,4,1.0,1,"[0.690058, 0.309942]"
minesweeper,client,456,5787,0,MR,attack_member,evaluation,1,1,0.5082560777664185,0,0.5112331509590149,False,4,0.5,0,"[0.639828, 0.360172]"
minesweeper,client,456,5790,0,MR,attack_member,evaluation,0,1,0.49948012828826904,0,0.5014635920524597,False,4,1.0,1,"[0.650218, 0.349782]"
minesweeper,client,456,5795,0,MR,attack_member,evaluation,0,1,0.5004285573959351,0,0.5014635920524597,False,4,1.0,1,"[0.764918, 0.235082]"
minesweeper,client,456,5883,0,MR,attack_member,evaluation,0,1,0.4999931752681732,0,0.5014635920524597,False,4,1.0,1,"[0.712256, 0.287744]"
minesweeper,client,456,5889,0,MR,attack_member,evaluation,0,1,0.4996090233325958,0,0.5014635920524597,False,4,0.75,1,"[0.665802, 0.334198]"
minesweeper,client,456,5892,0,MR,attack_member,evaluation,1,1,0.506544291973114,0,0.5112331509590149,False,4,0.0,0,"[0.679914, 0.320086]"
minesweeper,client,456,6079,0,MR,attack_member,evaluation,0,1,0.5002286434173584,0,0.5014635920524597,False,4,1.0,1,"[0.740737, 0.259263]"
minesweeper,client,456,6084,0,MR,attack_member,evaluation,0,1,0.5000792741775513,0,0.5014635920524597,False,4,1.0,1,"[0.722671, 0.277329]"
minesweeper,client,456,6087,0,MR,attack_member,evaluation,1,1,0.5131902694702148,1,0.5112331509590149,False,4,0.25,0,"[0.520261, 0.479739]"
minesweeper,client,456,6090,0,MR,attack_member,evaluation,0,1,0.49917080998420715,0,0.5014635920524597,False,4,0.75,1,"[0.612823, 0.387177]"
minesweeper,client,456,6098,0,MR,attack_member,evaluation,0,1,0.5001075863838196,0,0.5014635920524597,False,4,0.75,1,"[0.726094, 0.273906]"
minesweeper,client,456,6175,0,MR,attack_member,evaluation,1,1,0.5052921772003174,0,0.5112331509590149,False,4,0.0,0,"[0.708862, 0.291138]"
minesweeper,client,456,6184,0,MR,attack_member,evaluation,0,1,0.4996415376663208,0,0.5014635920524597,False,4,0.75,1,"[0.669738, 0.330262]"
minesweeper,client,456,6189,0,MR,attack_member,evaluation,0,1,0.49887433648109436,0,0.5014635920524597,False,4,0.75,1,"[0.576987, 0.423013]"
minesweeper,client,456,6190,0,MR,attack_member,evaluation,1,1,0.5090426802635193,0,0.5112331509590149,False,4,0.0,0,"[0.62119, 0.37881]"
minesweeper,client,456,6197,0,MR,attack_member,evaluation,0,1,0.49989089369773865,0,0.5014635920524597,False,4,1.0,1,"[0.699895, 0.300105]"
minesweeper,client,456,6273,0,MR,attack_member,evaluation,0,1,0.5007396340370178,0,0.5014635920524597,False,4,1.0,1,"[0.802561, 0.197439]"
minesweeper,client,456,6274,0,MR,attack_member,evaluation,0,1,0.5001246333122253,0,0.5014635920524597,False,4,1.0,1,"[0.728157, 0.271843]"
minesweeper,client,456,6275,0,MR,attack_member,evaluation,0,1,0.49936920404434204,0,0.5014635920524597,False,4,1.0,1,"[0.636805, 0.363195]"
minesweeper,client,456,6280,0,MR,attack_member,evaluation,0,1,0.5000107288360596,0,0.5014635920524597,False,4,1.0,1,"[0.714378, 0.285622]"
minesweeper,client,456,6373,0,MR,attack_member,evaluation,0,1,0.5006634593009949,0,0.5014635920524597,False,4,0.75,1,"[0.793335, 0.206665]"
minesweeper,client,456,6376,0,MR,attack_member,evaluation,0,1,0.49924227595329285,0,0.5014635920524597,False,4,0.75,1,"[0.621463, 0.378537]"
minesweeper,client,456,6378,0,MR,attack_member,evaluation,1,1,0.5087816119194031,0,0.5112331509590149,False,4,0.25,0,"[0.627393, 0.372607]"
minesweeper,client,456,6385,0,MR,attack_member,evaluation,0,1,0.4994570016860962,0,0.5014635920524597,False,4,0.75,1,"[0.647421, 0.352579]"
minesweeper,client,456,6396,0,MR,attack_member,evaluation,0,1,0.49950307607650757,0,0.5014635920524597,False,4,1.0,1,"[0.652992, 0.347008]"
minesweeper,client,456,6473,0,MR,attack_member,evaluation,0,1,0.5009040832519531,0,0.5014635920524597,False,4,0.5,1,"[0.822456, 0.177544]"
minesweeper,client,456,6482,0,MR,attack_member,evaluation,0,1,0.49904459714889526,0,0.5014635920524597,False,4,0.5,1,"[0.597563, 0.402437]"
minesweeper,client,456,6485,0,MR,attack_member,evaluation,0,1,0.499566912651062,0,0.5014635920524597,False,4,1.0,1,"[0.660715, 0.339285]"
minesweeper,client,456,6486,0,MR,attack_member,evaluation,0,1,0.49878036975860596,0,0.5014635920524597,False,4,1.0,1,"[0.565624, 0.434376]"
minesweeper,client,456,6492,0,MR,attack_member,evaluation,0,1,0.49998387694358826,0,0.5014635920524597,False,4,1.0,1,"[0.711132, 0.288868]"
minesweeper,client,456,6497,0,MR,attack_member,evaluation,0,1,0.49981722235679626,0,0.5014635920524597,False,4,1.0,1,"[0.690977, 0.309024]"
minesweeper,client,456,6584,0,MR,attack_member,evaluation,0,1,0.4999914765357971,0,0.5014635920524597,False,4,1.0,1,"[0.712052, 0.287948]"
minesweeper,client,456,6586,0,MR,attack_member,evaluation,0,1,0.49865347146987915,0,0.5014635920524597,False,4,0.75,1,"[0.550282, 0.449718]"
minesweeper,client,456,6587,0,MR,attack_member,evaluation,0,1,0.4984147548675537,0,0.5014635920524597,False,4,0.5,1,"[0.521434, 0.478566]"
minesweeper,client,456,6691,0,MR,attack_member,evaluation,0,1,0.5000522136688232,0,0.5014635920524597,False,4,1.0,1,"[0.719401, 0.280599]"
minesweeper,client,456,6694,0,MR,attack_member,evaluation,0,1,0.4992416501045227,0,0.5014635920524597,False,4,1.0,1,"[0.621388, 0.378612]"
minesweeper,client,456,6697,0,MR,attack_member,evaluation,0,1,0.5004754662513733,0,0.5014635920524597,False,4,1.0,1,"[0.770593, 0.229407]"
minesweeper,client,456,6778,0,MR,attack_member,evaluation,0,1,0.498314768075943,0,0.5014635920524597,False,4,0.25,1,"[0.509352, 0.490648]"
minesweeper,client,456,6784,0,MR,attack_member,evaluation,0,1,0.4992333948612213,0,0.5014635920524597,False,4,1.0,1,"[0.620389, 0.379611]"
minesweeper,client,456,6785,0,MR,attack_member,evaluation,0,1,0.4986255168914795,0,0.5014635920524597,False,4,1.0,1,"[0.546906, 0.453093]"
minesweeper,client,456,6788,0,MR,attack_member,evaluation,0,1,0.49882203340530396,0,0.5014635920524597,False,4,0.5,1,"[0.570659, 0.429341]"
minesweeper,client,456,6877,0,MR,attack_member,evaluation,1,1,0.508223831653595,0,0.5112331509590149,False,4,0.25,0,"[0.640589, 0.359411]"
minesweeper,client,456,6879,0,MR,attack_member,evaluation,1,1,0.5089357495307922,0,0.5112331509590149,False,4,0.25,0,"[0.623734, 0.376267]"
minesweeper,client,456,6881,0,MR,attack_member,evaluation,0,1,0.4997844696044922,0,0.5014635920524597,False,4,0.75,1,"[0.687017, 0.312983]"
minesweeper,client,456,6885,0,MR,attack_member,evaluation,0,1,0.49871826171875,0,0.5014635920524597,False,4,0.5,1,"[0.558118, 0.441882]"
minesweeper,client,456,6893,0,MR,attack_member,evaluation,1,1,0.5096554756164551,0,0.5112331509590149,False,4,0.5,0,"[0.606569, 0.393431]"
minesweeper,client,456,6978,0,MR,attack_member,evaluation,0,1,0.4995414912700653,0,0.5014635920524597,False,4,0.75,1,"[0.657639, 0.342361]"
minesweeper,client,456,6984,0,MR,attack_member,evaluation,1,1,0.5081861019134521,0,0.5112331509590149,False,4,0.5,0,"[0.64148, 0.35852]"
minesweeper,client,456,6991,0,MR,attack_member,evaluation,0,1,0.49998095631599426,0,0.5014635920524597,False,4,0.75,1,"[0.710778, 0.289222]"
minesweeper,client,456,6994,0,MR,attack_member,evaluation,0,1,0.49965769052505493,0,0.5014635920524597,False,4,1.0,1,"[0.671691, 0.328309]"
minesweeper,client,456,7094,0,MR,attack_member,evaluation,0,1,0.49944007396698,0,0.5014635920524597,False,4,1.0,1,"[0.645371, 0.354629]"
minesweeper,client,456,7095,0,MR,attack_member,evaluation,0,1,0.4995529055595398,0,0.5014635920524597,False,4,1.0,1,"[0.659014, 0.340986]"
minesweeper,client,456,7175,0,MR,attack_member,evaluation,0,1,0.4998701810836792,0,0.5014635920524597,False,4,1.0,1,"[0.697379, 0.302621]"
minesweeper,client,456,7181,0,MR,attack_member,evaluation,0,1,0.500041663646698,0,0.5014635920524597,False,4,1.0,1,"[0.718121, 0.281879]"
minesweeper,client,456,7192,0,MR,attack_member,evaluation,0,1,0.49979114532470703,0,0.5014635920524597,False,4,1.0,1,"[0.687825, 0.312174]"
minesweeper,client,456,7199,0,MR,attack_member,evaluation,0,1,0.4997462332248688,0,0.5014635920524597,False,2,1.0,1,"[0.682394, 0.317606]"
minesweeper,client,456,7274,0,MR,attack_member,evaluation,0,1,0.5004246830940247,0,0.5014635920524597,False,3,1.0,1,"[0.764453, 0.235547]"
minesweeper,client,456,7282,0,MR,attack_member,evaluation,0,1,0.4998919367790222,0,0.5014635920524597,False,4,1.0,1,"[0.700015, 0.299985]"
minesweeper,client,456,7288,0,MR,attack_member,evaluation,0,1,0.498731404542923,0,0.5014635920524597,False,4,0.5,1,"[0.559706, 0.440294]"
minesweeper,client,456,7374,0,MR,attack_member,evaluation,0,1,0.5004364848136902,0,0.5014635920524597,False,4,1.0,1,"[0.765885, 0.234115]"
minesweeper,client,456,7379,0,MR,attack_member,evaluation,0,1,0.49952659010887146,0,0.5014635920524597,False,4,0.5,1,"[0.655833, 0.344167]"
minesweeper,client,456,7382,0,MR,attack_member,evaluation,0,1,0.5000399947166443,0,0.5014635920524597,False,4,1.0,1,"[0.717922, 0.282078]"
minesweeper,client,456,7383,0,MR,attack_member,evaluation,0,1,0.5000423192977905,0,0.5014635920524597,False,4,1.0,1,"[0.718202, 0.281798]"
minesweeper,client,456,7474,0,MR,attack_member,evaluation,0,1,0.4999799132347107,0,0.5014635920524597,False,4,1.0,1,"[0.710654, 0.289346]"
minesweeper,client,456,7478,0,MR,attack_member,evaluation,1,1,0.5048571228981018,0,0.5112331509590149,False,4,0.0,0,"[0.718851, 0.281149]"
minesweeper,client,456,7483,0,MR,attack_member,evaluation,0,1,0.5002279877662659,0,0.5014635920524597,False,4,1.0,1,"[0.740656, 0.259344]"
minesweeper,client,456,7496,0,MR,attack_member,evaluation,0,1,0.4997761845588684,0,0.5014635920524597,False,4,0.75,1,"[0.686017, 0.313983]"
minesweeper,client,456,7574,0,MR,attack_member,evaluation,0,1,0.4993019104003906,0,0.5014635920524597,False,4,0.5,1,"[0.62867, 0.37133]"
minesweeper,client,456,7575,0,MR,attack_member,evaluation,0,1,0.4997519552707672,0,0.5014635920524597,False,4,0.75,1,"[0.683085, 0.316915]"
minesweeper,client,456,7583,0,MR,attack_member,evaluation,0,1,0.5005678534507751,0,0.5014635920524597,False,4,1.0,1,"[0.781775, 0.218225]"
minesweeper,client,456,7584,0,MR,attack_member,evaluation,0,1,0.5005830526351929,0,0.5014635920524597,False,4,1.0,1,"[0.783616, 0.216384]"
minesweeper,client,456,7585,0,MR,attack_member,evaluation,0,1,0.5003674626350403,0,0.5014635920524597,False,4,1.0,1,"[0.757531, 0.242469]"
minesweeper,client,456,7591,0,MR,attack_member,evaluation,0,1,0.49953117966651917,0,0.5014635920524597,False,4,1.0,1,"[0.656388, 0.343612]"
minesweeper,client,456,7675,0,MR,attack_member,evaluation,0,1,0.5000132322311401,0,0.5014635920524597,False,4,1.0,1,"[0.714685, 0.285315]"
minesweeper,client,456,7680,0,MR,attack_member,evaluation,0,1,0.5000669360160828,0,0.5014635920524597,False,4,0.75,1,"[0.721181, 0.278819]"
minesweeper,client,456,7683,0,MR,attack_member,evaluation,0,1,0.5003910660743713,0,0.5014635920524597,False,4,0.75,1,"[0.760385, 0.239615]"
minesweeper,client,456,7694,0,MR,attack_member,evaluation,0,1,0.5000216960906982,0,0.5014635920524597,False,4,1.0,1,"[0.715709, 0.284291]"
minesweeper,client,456,7789,0,MR,attack_member,evaluation,0,1,0.49907737970352173,0,0.5014635920524597,False,4,0.75,1,"[0.601526, 0.398473]"
minesweeper,client,456,7881,0,MR,attack_member,evaluation,0,1,0.49951171875,0,0.5014635920524597,False,2,1.0,1,"[0.654037, 0.345963]"
minesweeper,client,456,7886,0,MR,attack_member,evaluation,0,1,0.4997234642505646,0,0.5014635920524597,False,4,0.75,1,"[0.679638, 0.320362]"
minesweeper,client,456,7895,0,MR,attack_member,evaluation,0,1,0.4988529682159424,0,0.5014635920524597,False,4,1.0,1,"[0.574395, 0.425605]"
minesweeper,client,456,7989,0,MR,attack_member,evaluation,0,1,0.5002281665802002,0,0.5014635920524597,False,4,0.75,1,"[0.740678, 0.259322]"
minesweeper,client,456,7990,0,MR,attack_member,evaluation,0,1,0.4998137950897217,0,0.5014635920524597,False,4,0.75,1,"[0.690565, 0.309435]"
minesweeper,client,456,7992,0,MR,attack_member,evaluation,0,1,0.49868714809417725,0,0.5014635920524597,False,4,0.75,1,"[0.554357, 0.445643]"
minesweeper,client,456,7994,0,MR,attack_member,evaluation,0,1,0.4985642433166504,0,0.5014635920524597,False,4,0.5,1,"[0.539502, 0.460498]"
minesweeper,client,456,7997,0,MR,attack_member,evaluation,0,1,0.4995992183685303,0,0.5014635920524597,False,4,0.5,1,"[0.664621, 0.335379]"
minesweeper,client,456,8085,0,MR,attack_member,evaluation,1,1,0.5107614994049072,0,0.5112331509590149,False,3,0.0,0,"[0.579939, 0.420061]"
minesweeper,client,456,8094,0,MR,attack_member,evaluation,0,1,0.4988410472869873,0,0.5014635920524597,False,4,0.5,1,"[0.572961, 0.427039]"
minesweeper,client,456,8098,0,MR,attack_member,evaluation,0,1,0.5000587105751038,0,0.5014635920524597,False,4,0.75,1,"[0.720185, 0.279815]"
minesweeper,client,456,8188,0,MR,attack_member,evaluation,0,1,0.5001217126846313,0,0.5014635920524597,False,4,0.75,1,"[0.727807, 0.272193]"
minesweeper,client,456,8195,0,MR,attack_member,evaluation,0,1,0.49915942549705505,0,0.5014635920524597,False,4,0.5,1,"[0.611443, 0.388557]"
minesweeper,client,456,8291,0,MR,attack_member,evaluation,0,1,0.5006488561630249,0,0.5014635920524597,False,4,1.0,1,"[0.791571, 0.208429]"
minesweeper,client,456,8296,0,MR,attack_member,evaluation,0,1,0.4996420443058014,0,0.5014635920524597,False,4,1.0,1,"[0.669794, 0.330206]"
minesweeper,client,456,8389,0,MR,attack_member,evaluation,0,1,0.5008553266525269,0,0.5014635920524597,False,2,1.0,1,"[0.816554, 0.183446]"
minesweeper,client,456,8490,0,MR,attack_member,evaluation,0,1,0.5010894536972046,0,0.5014635920524597,False,1,1.0,1,"[0.844886, 0.155114]"
minesweeper,client,456,8595,0,MR,attack_member,evaluation,1,1,0.5068755745887756,0,0.5112331509590149,False,1,0.0,0,"[0.672205, 0.327795]"
minesweeper,client,456,8597,0,MR,attack_member,evaluation,1,1,0.5049083828926086,0,0.5112331509590149,False,3,0.6666666666666666,0,"[0.717677, 0.282323]"
minesweeper,client,456,8699,0,MR,attack_member,evaluation,1,1,0.5045899152755737,0,0.5112331509590149,False,0,,0,"[0.724971, 0.275029]"
minesweeper,client,456,6908,1,MR,attack_member,evaluation,0,1,0.49940094351768494,0,0.5014635920524597,False,4,1.0,1,"[0.640642, 0.359358]"
minesweeper,client,456,7102,1,MR,attack_member,evaluation,0,1,0.4995589852333069,0,0.5014635920524597,False,4,0.75,1,"[0.659749, 0.340251]"
minesweeper,client,456,7104,1,MR,attack_member,evaluation,0,1,0.5000539422035217,0,0.5014635920524597,False,4,0.5,1,"[0.719605, 0.280395]"
minesweeper,client,456,7105,1,MR,attack_member,evaluation,0,1,0.49964842200279236,0,0.5014635920524597,False,4,0.75,1,"[0.670569, 0.329431]"
minesweeper,client,456,7109,1,MR,attack_member,evaluation,0,1,0.49965178966522217,0,0.5014635920524597,False,4,1.0,1,"[0.670973, 0.329027]"
minesweeper,client,456,7205,1,MR,attack_member,evaluation,0,1,0.49924004077911377,0,0.5014635920524597,False,4,1.0,1,"[0.62119, 0.37881]"
minesweeper,client,456,7209,1,MR,attack_member,evaluation,0,1,0.4996623396873474,0,0.5014635920524597,False,4,1.0,1,"[0.672245, 0.327755]"
minesweeper,client,456,7211,1,MR,attack_member,evaluation,1,1,0.5097154378890991,0,0.5112331509590149,False,4,0.0,0,"[0.605133, 0.394867]"
minesweeper,client,456,7304,1,MR,attack_member,evaluation,0,1,0.4992215931415558,0,0.5014635920524597,False,4,1.0,1,"[0.618961, 0.381039]"
minesweeper,client,456,7306,1,MR,attack_member,evaluation,0,1,0.5003048181533813,0,0.5014635920524597,False,4,1.0,1,"[0.749955, 0.250045]"
minesweeper,client,456,7310,1,MR,attack_member,evaluation,0,1,0.5001333951950073,0,0.5014635920524597,False,4,0.75,1,"[0.729212, 0.270788]"
minesweeper,client,456,7500,1,MR,attack_member,evaluation,0,1,0.5001959204673767,0,0.5014635920524597,False,3,1.0,1,"[0.736784, 0.263216]"
minesweeper,client,456,7504,1,MR,attack_member,evaluation,1,1,0.505583643913269,0,0.5112331509590149,False,4,0.25,0,"[0.702151, 0.297849]"
minesweeper,client,456,7508,1,MR,attack_member,evaluation,0,1,0.49993303418159485,0,0.5014635920524597,False,4,1.0,1,"[0.704987, 0.295013]"
minesweeper,client,456,7509,1,MR,attack_member,evaluation,0,1,0.4999435842037201,0,0.5014635920524597,False,4,1.0,1,"[0.706262, 0.293738]"
minesweeper,client,456,7610,1,MR,attack_member,evaluation,0,1,0.49955981969833374,0,0.5014635920524597,False,4,0.75,1,"[0.659857, 0.340143]"
minesweeper,client,456,7614,1,MR,attack_member,evaluation,1,1,0.5083807110786438,0,0.5112331509590149,False,4,0.25,0,"[0.636885, 0.363115]"
minesweeper,client,456,7703,1,MR,attack_member,evaluation,0,1,0.4990862011909485,0,0.5014635920524597,False,4,0.75,1,"[0.602593, 0.397407]"
minesweeper,client,456,7705,1,MR,attack_member,evaluation,0,1,0.49880582094192505,0,0.5014635920524597,False,4,1.0,1,"[0.568696, 0.431304]"
minesweeper,client,456,7713,1,MR,attack_member,evaluation,1,1,0.5070091485977173,0,0.5112331509590149,False,4,0.25,0,"[0.669089, 0.330911]"
minesweeper,client,456,7716,1,MR,attack_member,evaluation,0,1,0.5000367164611816,0,0.5014635920524597,False,4,0.75,1,"[0.717523, 0.282477]"
minesweeper,client,456,7800,1,MR,attack_member,evaluation,0,1,0.49981850385665894,0,0.5014635920524597,False,3,0.6666666666666666,1,"[0.691132, 0.308867]"
minesweeper,client,456,7808,1,MR,attack_member,evaluation,0,1,0.49913012981414795,0,0.5014635920524597,False,4,1.0,1,"[0.607903, 0.392097]"
minesweeper,client,456,7906,1,MR,attack_member,evaluation,1,1,0.5085189342498779,0,0.5112331509590149,False,4,0.25,0,"[0.633616, 0.366384]"
minesweeper,client,456,7910,1,MR,attack_member,evaluation,0,1,0.49933308362960815,0,0.5014635920524597,False,4,0.5,1,"[0.632444, 0.367556]"
minesweeper,client,456,7916,1,MR,attack_member,evaluation,0,1,0.5002385377883911,0,0.5014635920524597,False,4,0.75,1,"[0.741935, 0.258065]"
minesweeper,client,456,7917,1,MR,attack_member,evaluation,0,1,0.5000979900360107,0,0.5014635920524597,False,3,0.6666666666666666,1,"[0.724936, 0.275064]"
minesweeper,client,456,8003,1,MR,attack_member,evaluation,0,1,0.4991341829299927,0,0.5014635920524597,False,4,1.0,1,"[0.608389, 0.391611]"
minesweeper,client,456,8016,1,MR,attack_member,evaluation,0,1,0.500197172164917,0,0.5014635920524597,False,4,0.75,1,"[0.736934, 0.263066]"
minesweeper,client,456,8101,1,MR,attack_member,evaluation,0,1,0.4991443157196045,0,0.5014635920524597,False,4,1.0,1,"[0.609614, 0.390386]"
minesweeper,client,456,8200,1,MR,attack_member,evaluation,0,1,0.498978853225708,0,0.5014635920524597,False,3,0.6666666666666666,1,"[0.589617, 0.410383]"
minesweeper,client,456,8205,1,MR,attack_member,evaluation,0,1,0.4991159439086914,0,0.5014635920524597,False,4,1.0,1,"[0.606188, 0.393812]"
minesweeper,client,456,8208,1,MR,attack_member,evaluation,0,1,0.4985106289386749,0,0.5014635920524597,False,4,0.75,1,"[0.533021, 0.466979]"
minesweeper,client,456,8209,1,MR,attack_member,evaluation,1,1,0.5128021836280823,1,0.5112331509590149,False,4,0.0,0,"[0.529915, 0.470085]"
minesweeper,client,456,8210,1,MR,attack_member,evaluation,0,1,0.4986079931259155,0,0.5014635920524597,False,4,1.0,1,"[0.544784, 0.455216]"
minesweeper,client,456,8215,1,MR,attack_member,evaluation,0,1,0.5000615119934082,0,0.5014635920524597,False,4,0.75,1,"[0.720523, 0.279477]"
minesweeper,client,456,8307,1,MR,attack_member,evaluation,0,1,0.49908432364463806,0,0.5014635920524597,False,4,0.5,1,"[0.602363, 0.397637]"
minesweeper,client,456,8313,1,MR,attack_member,evaluation,0,1,0.49982163310050964,0,0.5014635920524597,False,4,0.75,1,"[0.69151, 0.30849]"
minesweeper,client,456,8315,1,MR,attack_member,evaluation,0,1,0.49998581409454346,0,0.5014635920524597,False,4,0.5,1,"[0.711364, 0.288636]"
minesweeper,client,456,8504,1,MR,attack_member,evaluation,1,1,0.5106586813926697,0,0.5112331509590149,False,4,0.0,0,"[0.582427, 0.417573]"
minesweeper,client,456,8508,1,MR,attack_member,evaluation,1,1,0.5097910761833191,0,0.5112331509590149,False,4,1.0,0,"[0.603321, 0.396679]"
minesweeper,client,456,8514,1,MR,attack_member,evaluation,0,1,0.500403642654419,0,0.5014635920524597,False,4,1.0,1,"[0.761906, 0.238094]"
minesweeper,client,456,8612,1,MR,attack_member,evaluation,0,1,0.500249981880188,0,0.5014635920524597,False,4,0.75,1,"[0.743317, 0.256683]"
minesweeper,client,456,8613,1,MR,attack_member,evaluation,0,1,0.500328540802002,0,0.5014635920524597,False,4,1.0,1,"[0.752817, 0.247183]"
minesweeper,client,456,8704,1,MR,attack_member,evaluation,1,1,0.5078046321868896,0,0.5112331509590149,False,4,0.0,0,"[0.650461, 0.349539]"
minesweeper,client,456,8706,1,MR,attack_member,evaluation,0,1,0.49994802474975586,0,0.5014635920524597,False,4,1.0,1,"[0.706796, 0.293204]"
minesweeper,client,456,8707,1,MR,attack_member,evaluation,0,1,0.49968957901000977,0,0.5014635920524597,False,4,0.75,1,"[0.675543, 0.324457]"
minesweeper,client,456,8913,1,MR,attack_member,evaluation,0,1,0.49970346689224243,0,0.5014635920524597,False,4,0.75,1,"[0.677223, 0.322777]"
minesweeper,client,456,8914,1,MR,attack_member,evaluation,0,1,0.49980366230010986,0,0.5014635920524597,False,4,1.0,1,"[0.689339, 0.310661]"
minesweeper,client,456,9000,1,MR,attack_member,evaluation,1,1,0.5009133219718933,0,0.5112331509590149,False,3,0.0,0,"[0.808039, 0.191961]"
minesweeper,client,456,9015,1,MR,attack_member,evaluation,0,1,0.4987103044986725,0,0.5014635920524597,False,4,0.75,1,"[0.557154, 0.442846]"
minesweeper,client,456,9100,1,MR,attack_member,evaluation,0,1,0.5006842017173767,0,0.5014635920524597,False,3,1.0,1,"[0.795846, 0.204154]"
minesweeper,client,456,9112,1,MR,attack_member,evaluation,1,1,0.5098972916603088,0,0.5112331509590149,False,4,0.5,0,"[0.600773, 0.399227]"
minesweeper,client,456,9116,1,MR,attack_member,evaluation,1,1,0.5123759508132935,1,0.5112331509590149,False,4,0.5,0,"[0.540464, 0.459536]"
minesweeper,client,456,9120,1,MR,attack_member,evaluation,0,1,0.4996912479400635,0,0.5014635920524597,False,2,0.0,1,"[0.675745, 0.324255]"
minesweeper,client,456,9200,1,MR,attack_member,evaluation,0,1,0.5004276633262634,0,0.5014635920524597,False,3,1.0,1,"[0.764813, 0.235187]"
minesweeper,client,456,9211,1,MR,attack_member,evaluation,0,1,0.4991990327835083,0,0.5014635920524597,False,4,0.5,1,"[0.616234, 0.383766]"
minesweeper,client,456,9301,1,MR,attack_member,evaluation,0,1,0.49947530031204224,0,0.5014635920524597,False,4,0.75,1,"[0.649634, 0.350366]"
minesweeper,client,456,9303,1,MR,attack_member,evaluation,0,1,0.49903377890586853,0,0.5014635920524597,False,4,0.75,1,"[0.596254, 0.403746]"
minesweeper,client,456,9306,1,MR,attack_member,evaluation,0,1,0.4985167682170868,0,0.5014635920524597,False,4,0.75,1,"[0.533758, 0.466242]"
minesweeper,client,456,9307,1,MR,attack_member,evaluation,0,1,0.49900904297828674,0,0.5014635920524597,False,4,0.75,1,"[0.593268, 0.406732]"
minesweeper,client,456,9403,1,MR,attack_member,evaluation,0,1,0.4994351267814636,0,0.5014635920524597,False,4,0.5,1,"[0.644778, 0.355222]"
minesweeper,client,456,9406,1,MR,attack_member,evaluation,1,1,0.5107605457305908,0,0.5112331509590149,False,4,0.5,0,"[0.579962, 0.420038]"
minesweeper,client,456,9412,1,MR,attack_member,evaluation,0,1,0.49987170100212097,0,0.5014635920524597,False,4,0.75,1,"[0.697561, 0.302439]"
minesweeper,client,456,9503,1,MR,attack_member,evaluation,0,1,0.4994150996208191,0,0.5014635920524597,False,4,0.75,1,"[0.642359, 0.357641]"
minesweeper,client,456,9600,1,MR,attack_member,evaluation,0,1,0.4992697536945343,0,0.5014635920524597,False,3,0.6666666666666666,1,"[0.624781, 0.375219]"
minesweeper,client,456,9608,1,MR,attack_member,evaluation,0,1,0.49964991211891174,0,0.5014635920524597,False,4,0.75,1,"[0.670748, 0.329252]"
minesweeper,client,456,9619,1,MR,attack_member,evaluation,0,1,0.49993622303009033,0,0.5014635920524597,False,3,0.3333333333333333,1,"[0.705371, 0.294629]"
minesweeper,client,456,9704,1,MR,attack_member,evaluation,0,1,0.49952232837677,0,0.5014635920524597,False,4,0.75,1,"[0.655316, 0.344684]"
minesweeper,client,456,9705,1,MR,attack_member,evaluation,0,1,0.49954867362976074,0,0.5014635920524597,False,4,0.75,1,"[0.658506, 0.341494]"
minesweeper,client,456,9709,1,MR,attack_member,evaluation,1,1,0.5040735602378845,0,0.5112331509590149,False,4,0.0,0,"[0.736761, 0.263239]"
minesweeper,client,456,9715,1,MR,attack_member,evaluation,1,1,0.5055522918701172,0,0.5112331509590149,False,4,0.0,0,"[0.702872, 0.297128]"
minesweeper,client,456,9720,1,MR,attack_member,evaluation,1,1,0.5036517381668091,0,0.5112331509590149,False,2,0.0,0,"[0.746361, 0.253639]"
minesweeper,client,456,9804,1,MR,attack_member,evaluation,0,1,0.500406801700592,0,0.5014635920524597,False,4,0.75,1,"[0.762288, 0.237712]"
minesweeper,client,456,9807,1,MR,attack_member,evaluation,0,1,0.5007947087287903,0,0.5014635920524597,False,4,1.0,1,"[0.809218, 0.190782]"
minesweeper,client,456,9907,1,MR,attack_member,evaluation,0,1,0.5002145171165466,0,0.5014635920524597,False,1,1.0,1,"[0.739027, 0.260973]"
minesweeper,client,456,9911,1,MR,attack_member,evaluation,0,1,0.5007697939872742,0,0.5014635920524597,False,1,1.0,1,"[0.806203, 0.193797]"
minesweeper,client,456,9914,1,MR,attack_member,evaluation,0,1,0.5001950263977051,0,0.5014635920524597,False,1,1.0,1,"[0.736673, 0.263327]"
minesweeper,client,456,9916,1,MR,attack_member,evaluation,0,1,0.5002890825271606,0,0.5014635920524597,False,1,1.0,1,"[0.74805, 0.25195]"
minesweeper,client,456,9918,1,MR,attack_member,evaluation,0,1,0.5005340576171875,0,0.5014635920524597,False,1,1.0,1,"[0.777682, 0.222318]"
minesweeper,client,456,9919,1,MR,attack_member,evaluation,0,1,0.5017963647842407,1,0.5014635920524597,False,1,0.0,1,"[0.930467, 0.069533]"
minesweeper,client,456,1612,2,MR,attack_member,evaluation,0,1,0.5000321865081787,0,0.5014635920524597,False,4,0.75,1,"[0.716975, 0.283025]"
minesweeper,client,456,1713,2,MR,attack_member,evaluation,1,1,0.5065166354179382,0,0.5112331509590149,False,4,0.25,0,"[0.680557, 0.319443]"
minesweeper,client,456,1810,2,MR,attack_member,evaluation,0,1,0.49945271015167236,0,0.5014635920524597,False,4,1.0,1,"[0.646898, 0.353102]"
minesweeper,client,456,1912,2,MR,attack_member,evaluation,1,1,0.5092763304710388,0,0.5112331509590149,False,4,0.0,0,"[0.615627, 0.384373]"
minesweeper,client,456,2004,2,MR,attack_member,evaluation,0,1,0.5006001591682434,0,0.5014635920524597,False,4,1.0,1,"[0.785684, 0.214316]"
minesweeper,client,456,2009,2,MR,attack_member,evaluation,0,1,0.4989441931247711,0,0.5014635920524597,False,4,0.5,1,"[0.585424, 0.414576]"
minesweeper,client,456,2011,2,MR,attack_member,evaluation,0,1,0.49891746044158936,0,0.5014635920524597,False,4,0.75,1,"[0.582199, 0.417801]"
minesweeper,client,456,2301,2,MR,attack_member,evaluation,0,1,0.4984893798828125,0,0.5014635920524597,False,4,0.5,1,"[0.530454, 0.469546]"
minesweeper,client,456,2312,2,MR,attack_member,evaluation,1,1,0.5075773000717163,0,0.5112331509590149,False,4,0.25,0,"[0.655798, 0.344202]"
minesweeper,client,456,2404,2,MR,attack_member,evaluation,1,1,0.5100629925727844,0,0.5112331509590149,False,4,0.25,0,"[0.596793, 0.403207]"
minesweeper,client,456,2414,2,MR,attack_member,evaluation,0,1,0.49939224123954773,0,0.5014635920524597,False,4,0.75,1,"[0.639598, 0.360402]"
minesweeper,client,456,2503,2,MR,attack_member,evaluation,0,1,0.4987271726131439,0,0.5014635920524597,False,4,0.5,1,"[0.559193, 0.440807]"
minesweeper,client,456,2505,2,MR,attack_member,evaluation,0,1,0.49922358989715576,0,0.5014635920524597,False,4,0.75,1,"[0.619202, 0.380798]"
minesweeper,client,456,2507,2,MR,attack_member,evaluation,0,1,0.4996337294578552,0,0.5014635920524597,False,4,1.0,1,"[0.668791, 0.331209]"
minesweeper,client,456,2508,2,MR,attack_member,evaluation,0,1,0.4998224675655365,0,0.5014635920524597,False,4,1.0,1,"[0.691614, 0.308386]"
minesweeper,client,456,2702,2,MR,attack_member,evaluation,0,1,0.49954697489738464,0,0.5014635920524597,False,4,1.0,1,"[0.658299, 0.341701]"
minesweeper,client,456,2708,2,MR,attack_member,evaluation,1,1,0.5109958648681641,0,0.5112331509590149,False,4,0.0,0,"[0.574253, 0.425747]"
minesweeper,client,456,2907,2,MR,attack_member,evaluation,0,1,0.4990578889846802,0,0.5014635920524597,False,4,0.5,1,"[0.59917, 0.40083]"
minesweeper,client,456,2912,2,MR,attack_member,evaluation,1,1,0.5120671987533569,1,0.5112331509590149,False,4,0.25,0,"[0.548072, 0.451928]"
minesweeper,client,456,3002,2,MR,attack_member,evaluation,0,1,0.4996381402015686,0,0.5014635920524597,False,4,0.75,1,"[0.669328, 0.330672]"
minesweeper,client,456,3118,2,MR,attack_member,evaluation,0,1,0.49984249472618103,0,0.5014635920524597,False,4,1.0,1,"[0.694033, 0.305967]"
minesweeper,client,456,3200,2,MR,attack_member,evaluation,0,1,0.49953120946884155,0,0.5014635920524597,False,3,0.6666666666666666,1,"[0.656393, 0.343607]"
minesweeper,client,456,3203,2,MR,attack_member,evaluation,0,1,0.49994349479675293,0,0.5014635920524597,False,4,0.75,1,"[0.706245, 0.293755]"
minesweeper,client,456,3205,2,MR,attack_member,evaluation,0,1,0.49980059266090393,0,0.5014635920524597,False,4,0.5,1,"[0.688969, 0.311031]"
minesweeper,client,456,3210,2,MR,attack_member,evaluation,0,1,0.4992360472679138,0,0.5014635920524597,False,4,0.5,1,"[0.620703, 0.379297]"
minesweeper,client,456,3212,2,MR,attack_member,evaluation,0,1,0.49941977858543396,0,0.5014635920524597,False,4,0.75,1,"[0.642919, 0.357081]"
minesweeper,client,456,3305,2,MR,attack_member,evaluation,0,1,0.5001646876335144,0,0.5014635920524597,False,4,0.75,1,"[0.733005, 0.266995]"
minesweeper,client,456,3306,2,MR,attack_member,evaluation,1,1,0.5040289759635925,0,0.5112331509590149,False,4,0.0,0,"[0.737778, 0.262222]"
minesweeper,client,456,3307,2,MR,attack_member,evaluation,0,1,0.500209391117096,0,0.5014635920524597,False,4,1.0,1,"[0.738414, 0.261586]"
minesweeper,client,456,3317,2,MR,attack_member,evaluation,0,1,0.4996721148490906,0,0.5014635920524597,False,4,1.0,1,"[0.673428, 0.326572]"
minesweeper,client,456,3320,2,MR,attack_member,evaluation,0,1,0.4994475841522217,0,0.5014635920524597,False,4,0.75,1,"[0.646286, 0.353714]"
minesweeper,client,456,3401,2,MR,attack_member,evaluation,0,1,0.5000881552696228,0,0.5014635920524597,False,4,1.0,1,"[0.723748, 0.276252]"
minesweeper,client,456,3402,2,MR,attack_member,evaluation,0,1,0.4997588098049164,0,0.5014635920524597,False,4,1.0,1,"[0.683918, 0.316082]"
minesweeper,client,456,3408,2,MR,attack_member,evaluation,0,1,0.5000177025794983,0,0.5014635920524597,False,4,1.0,1,"[0.71522, 0.28478]"
minesweeper,client,456,3411,2,MR,attack_member,evaluation,1,1,0.5102334022521973,0,0.5112331509590149,False,4,0.5,0,"[0.592693, 0.407307]"
minesweeper,client,456,3501,2,MR,attack_member,evaluation,0,1,0.5000649690628052,0,0.5014635920524597,False,4,1.0,1,"[0.720941, 0.279059]"
minesweeper,client,456,3502,2,MR,attack_member,evaluation,0,1,0.4995880126953125,0,0.5014635920524597,False,4,1.0,1,"[0.663262, 0.336738]"
minesweeper,client,456,3504,2,MR,attack_member,evaluation,0,1,0.4989657998085022,0,0.5014635920524597,False,4,0.75,1,"[0.588034, 0.411966]"
minesweeper,client,456,3506,2,MR,attack_member,evaluation,0,1,0.49973633885383606,0,0.5014635920524597,False,4,0.5,1,"[0.681195, 0.318805]"
minesweeper,client,456,3508,2,MR,attack_member,evaluation,0,1,0.49982938170433044,0,0.5014635920524597,False,4,1.0,1,"[0.692447, 0.307553]"
minesweeper,client,456,3517,2,MR,attack_member,evaluation,0,1,0.49953392148017883,0,0.5014635920524597,False,4,0.75,1,"[0.656723, 0.343277]"
minesweeper,client,456,3523,2,MR,attack_member,evaluation,1,1,0.5045899152755737,0,0.5112331509590149,False,0,,0,"[0.724971, 0.275029]"
minesweeper,client,456,3614,2,MR,attack_member,evaluation,1,1,0.5111395716667175,0,0.5112331509590149,False,4,0.0,0,"[0.570761, 0.429239]"
minesweeper,client,456,3616,2,MR,attack_member,evaluation,0,1,0.49848902225494385,0,0.5014635920524597,False,4,0.75,1,"[0.530413, 0.469587]"
minesweeper,client,456,3618,2,MR,attack_member,evaluation,0,1,0.4999668300151825,0,0.5014635920524597,False,4,1.0,1,"[0.709069, 0.290931]"
minesweeper,client,456,3620,2,MR,attack_member,evaluation,0,1,0.5006468296051025,0,0.5014635920524597,False,2,1.0,1,"[0.791325, 0.208675]"
minesweeper,client,456,3802,2,MR,attack_member,evaluation,0,1,0.49974513053894043,0,0.5014635920524597,False,4,1.0,1,"[0.682265, 0.317735]"
minesweeper,client,456,3807,2,MR,attack_member,evaluation,0,1,0.49885112047195435,0,0.5014635920524597,False,4,0.75,1,"[0.574179, 0.425821]"
minesweeper,client,456,3906,2,MR,attack_member,evaluation,0,1,0.49946075677871704,0,0.5014635920524597,False,4,0.75,1,"[0.647872, 0.352128]"
minesweeper,client,456,3908,2,MR,attack_member,evaluation,0,1,0.4989847242832184,0,0.5014635920524597,False,4,0.5,1,"[0.590319, 0.409681]"
minesweeper,client,456,3909,2,MR,attack_member,evaluation,1,1,0.5118634700775146,1,0.5112331509590149,False,4,0.75,0,"[0.553076, 0.446924]"
minesweeper,client,456,3912,2,MR,attack_member,evaluation,1,1,0.5085484385490417,0,0.5112331509590149,False,4,0.25,0,"[0.632918, 0.367082]"
minesweeper,client,456,4001,2,MR,attack_member,evaluation,0,1,0.49889495968818665,0,0.5014635920524597,False,4,0.5,1,"[0.579475, 0.420525]"
minesweeper,client,456,4004,2,MR,attack_member,evaluation,1,1,0.50806725025177,0,0.5112331509590149,False,4,0.0,0,"[0.644281, 0.355719]"
minesweeper,client,456,4006,2,MR,attack_member,evaluation,0,1,0.5002796649932861,0,0.5014635920524597,False,4,1.0,1,"[0.746909, 0.253091]"
minesweeper,client,456,4009,2,MR,attack_member,evaluation,0,1,0.4992387294769287,0,0.5014635920524597,False,4,0.75,1,"[0.621033, 0.378967]"
minesweeper,client,456,4103,2,MR,attack_member,evaluation,0,1,0.49922463297843933,0,0.5014635920524597,False,4,0.25,1,"[0.61933, 0.38067]"
minesweeper,client,456,4110,2,MR,attack_member,evaluation,0,1,0.49997782707214355,0,0.5014635920524597,False,3,0.6666666666666666,1,"[0.710399, 0.289601]"
minesweeper,client,456,4112,2,MR,attack_member,evaluation,0,1,0.5001333951950073,0,0.5014635920524597,False,4,0.75,1,"[0.729213, 0.270787]"
minesweeper,client,456,4116,2,MR,attack_member,evaluation,0,1,0.5001420378684998,0,0.5014635920524597,False,4,0.5,1,"[0.730258, 0.269742]"
minesweeper,client,456,4211,2,MR,attack_member,evaluation,0,1,0.5006066560745239,0,0.5014635920524597,False,3,1.0,1,"[0.786466, 0.213534]"
minesweeper,client,456,4218,2,MR,attack_member,evaluation,1,1,0.4950315058231354,0,0.5112331509590149,False,2,0.0,0,"[0.937673, 0.062327]"
minesweeper,client,456,4300,2,MR,attack_member,evaluation,0,1,0.5008711814880371,0,0.5014635920524597,False,3,0.6666666666666666,1,"[0.818472, 0.181528]"
minesweeper,client,456,4304,2,MR,attack_member,evaluation,0,1,0.5012699961662292,0,0.5014635920524597,False,1,1.0,1,"[0.866742, 0.133258]"
minesweeper,client,456,4314,2,MR,attack_member,evaluation,1,1,0.5045899152755737,0,0.5112331509590149,False,1,0.0,0,"[0.724971, 0.275029]"
minesweeper,client,456,4401,2,MR,attack_member,evaluation,0,1,0.5000982880592346,0,0.5014635920524597,False,0,,1,"[0.724971, 0.275029]"
minesweeper,client,456,1214,2,MR,attack_member,evaluation,0,1,0.5000594854354858,0,0.5014635920524597,False,4,1.0,1,"[0.720276, 0.279724]"
minesweeper,client,456,1412,2,MR,attack_member,evaluation,0,1,0.5001232624053955,0,0.5014635920524597,False,3,0.6666666666666666,1,"[0.727987, 0.272013]"
minesweeper,client,456,1416,2,MR,attack_member,evaluation,1,1,0.5059664845466614,0,0.5112331509590149,False,4,0.25,0,"[0.693309, 0.306691]"
minesweeper,client,456,1613,2,MR,attack_member,evaluation,0,1,0.4996914863586426,0,0.5014635920524597,False,4,0.75,1,"[0.675774, 0.324226]"
minesweeper,client,456,1815,2,MR,attack_member,evaluation,0,1,0.4995911717414856,0,0.5014635920524597,False,4,1.0,1,"[0.66364, 0.33636]"
minesweeper,client,456,1915,2,MR,attack_member,evaluation,0,1,0.4995541274547577,0,0.5014635920524597,False,4,1.0,1,"[0.659163, 0.340837]"
minesweeper,client,456,1917,2,MR,attack_member,evaluation,0,1,0.4999005198478699,0,0.5014635920524597,False,4,1.0,1,"[0.701052, 0.298948]"
minesweeper,client,456,1918,2,MR,attack_member,evaluation,0,1,0.49956920742988586,0,0.5014635920524597,False,4,0.5,1,"[0.66099, 0.33901]"
minesweeper,client,456,1925,2,MR,attack_member,evaluation,0,1,0.5001736879348755,0,0.5014635920524597,False,2,0.5,1,"[0.73409, 0.26591]"
minesweeper,client,456,2016,2,MR,attack_member,evaluation,0,1,0.4995492100715637,0,0.5014635920524597,False,4,0.5,1,"[0.658569, 0.341431]"
minesweeper,client,456,2017,2,MR,attack_member,evaluation,0,1,0.4993566870689392,0,0.5014635920524597,False,4,0.75,1,"[0.635292, 0.364708]"
minesweeper,client,456,2216,2,MR,attack_member,evaluation,1,1,0.5082041025161743,0,0.5112331509590149,False,4,0.25,0,"[0.641055, 0.358945]"
minesweeper,client,456,2317,2,MR,attack_member,evaluation,0,1,0.4991542100906372,0,0.5014635920524597,False,4,1.0,1,"[0.610818, 0.389182]"
minesweeper,client,456,2325,2,MR,attack_member,evaluation,0,1,0.49924516677856445,0,0.5014635920524597,False,4,0.75,1,"[0.621809, 0.378191]"
minesweeper,client,456,2422,2,MR,attack_member,evaluation,0,1,0.4990254044532776,0,0.5014635920524597,False,4,0.75,1,"[0.595243, 0.404757]"
minesweeper,client,456,2424,2,MR,attack_member,evaluation,1,1,0.5126862525939941,1,0.5112331509590149,False,4,0.25,0,"[0.532791, 0.467209]"
minesweeper,client,456,2522,2,MR,attack_member,evaluation,1,1,0.5101434588432312,0,0.5112331509590149,False,4,0.0,0,"[0.594859, 0.405141]"
minesweeper,client,456,2523,2,MR,attack_member,evaluation,0,1,0.4985775649547577,0,0.5014635920524597,False,4,0.75,1,"[0.54111, 0.45889]"
minesweeper,client,456,2524,2,MR,attack_member,evaluation,0,1,0.4985043704509735,0,0.5014635920524597,False,4,0.5,1,"[0.532267, 0.467733]"
minesweeper,client,456,2617,2,MR,attack_member,evaluation,1,1,0.5125196576118469,1,0.5112331509590149,False,4,0.5,0,"[0.536914, 0.463086]"
minesweeper,client,456,2620,2,MR,attack_member,evaluation,0,1,0.49937164783477783,0,0.5014635920524597,False,4,0.75,1,"[0.637102, 0.362898]"
minesweeper,client,456,2716,2,MR,attack_member,evaluation,1,1,0.5122259259223938,1,0.5112331509590149,False,4,0.0,0,"[0.544164, 0.455836]"
minesweeper,client,456,2717,2,MR,attack_member,evaluation,0,1,0.49874693155288696,0,0.5014635920524597,False,4,0.75,1,"[0.561578, 0.438422]"
minesweeper,client,456,2720,2,MR,attack_member,evaluation,1,1,0.5101492404937744,0,0.5112331509590149,False,4,0.25,0,"[0.59472, 0.40528]"
minesweeper,client,456,2721,2,MR,attack_member,evaluation,0,1,0.4995160400867462,0,0.5014635920524597,False,4,1.0,1,"[0.654561, 0.345439]"
minesweeper,client,456,2723,2,MR,attack_member,evaluation,0,1,0.4993364214897156,0,0.5014635920524597,False,4,0.75,1,"[0.632844, 0.367156]"
minesweeper,client,456,2818,2,MR,attack_member,evaluation,0,1,0.4989488124847412,0,0.5014635920524597,False,4,0.5,1,"[0.58598, 0.41402]"
minesweeper,client,456,2820,2,MR,attack_member,evaluation,0,1,0.49950122833251953,0,0.5014635920524597,False,4,0.75,1,"[0.652772, 0.347228]"
minesweeper,client,456,2824,2,MR,attack_member,evaluation,1,1,0.5095863938331604,0,0.5112331509590149,False,4,0.25,0,"[0.608223, 0.391777]"
minesweeper,client,456,2825,2,MR,attack_member,evaluation,1,1,0.5086178183555603,0,0.5112331509590149,False,4,0.0,0,"[0.631276, 0.368724]"
minesweeper,client,456,2927,2,MR,attack_member,evaluation,1,1,0.5021511316299438,0,0.5112331509590149,False,2,0.0,0,"[0.78029, 0.21971]"
minesweeper,client,456,3023,2,MR,attack_member,evaluation,0,1,0.4984831213951111,0,0.5014635920524597,False,4,0.5,1,"[0.529701, 0.470299]"
minesweeper,client,456,3027,2,MR,attack_member,evaluation,0,1,0.500640332698822,0,0.5014635920524597,False,0,,1,"[0.790539, 0.209461]"
minesweeper,client,456,3125,2,MR,attack_member,evaluation,1,1,0.5045899152755737,0,0.5112331509590149,False,0,,0,"[0.724971, 0.275029]"
minesweeper,client,456,677,3,MR,attack_member,evaluation,0,1,0.5002443790435791,0,0.5014635920524597,False,2,1.0,1,"[0.742638, 0.257361]"
minesweeper,client,456,1078,3,MR,attack_member,evaluation,1,1,0.5096213221549988,0,0.5112331509590149,False,4,0.0,0,"[0.607387, 0.392613]"
minesweeper,client,456,1371,3,MR,attack_member,evaluation,0,1,0.499738872051239,0,0.5014635920524597,False,4,0.75,1,"[0.681503, 0.318497]"
minesweeper,client,456,1376,3,MR,attack_member,evaluation,0,1,0.4992016553878784,0,0.5014635920524597,False,4,0.5,1,"[0.616553, 0.383447]"
minesweeper,client,456,1379,3,MR,attack_member,evaluation,0,1,0.49991780519485474,0,0.5014635920524597,False,4,0.75,1,"[0.703146, 0.296854]"
minesweeper,client,456,1672,3,MR,attack_member,evaluation,0,1,0.49914032220840454,0,0.5014635920524597,False,4,0.5,1,"[0.609132, 0.390868]"
minesweeper,client,456,1678,3,MR,attack_member,evaluation,0,1,0.4997507631778717,0,0.5014635920524597,False,4,0.75,1,"[0.682939, 0.317061]"
minesweeper,client,456,1682,3,MR,attack_member,evaluation,0,1,0.49939054250717163,0,0.5014635920524597,False,4,1.0,1,"[0.63939, 0.36061]"
minesweeper,client,456,1775,3,MR,attack_member,evaluation,0,1,0.4992521405220032,0,0.5014635920524597,False,4,0.75,1,"[0.622649, 0.377351]"
minesweeper,client,456,1876,3,MR,attack_member,evaluation,0,1,0.49883490800857544,0,0.5014635920524597,False,4,0.5,1,"[0.572221, 0.427779]"
minesweeper,client,456,1881,3,MR,attack_member,evaluation,0,1,0.4995826482772827,0,0.5014635920524597,False,4,0.5,1,"[0.662609, 0.337391]"
minesweeper,client,456,1973,3,MR,attack_member,evaluation,1,1,0.508320689201355,0,0.5112331509590149,False,4,0.25,0,"[0.638303, 0.361697]"
minesweeper,client,456,1977,3,MR,attack_member,evaluation,1,1,0.5068011283874512,0,0.5112331509590149,False,4,0.25,0,"[0.673938, 0.326062]"
minesweeper,client,456,2073,3,MR,attack_member,evaluation,0,1,0.4998891055583954,0,0.5014635920524597,False,4,0.5,1,"[0.699679, 0.300322]"
minesweeper,client,456,2074,3,MR,attack_member,evaluation,1,1,0.5039452910423279,0,0.5112331509590149,False,4,0.25,0,"[0.739684, 0.260316]"
minesweeper,client,456,2081,3,MR,attack_member,evaluation,0,1,0.4994586706161499,0,0.5014635920524597,False,4,0.75,1,"[0.647619, 0.352381]"
minesweeper,client,456,2176,3,MR,attack_member,evaluation,0,1,0.49945104122161865,0,0.5014635920524597,False,4,0.75,1,"[0.646697, 0.353303]"
minesweeper,client,456,2179,3,MR,attack_member,evaluation,0,1,0.49964311718940735,0,0.5014635920524597,False,4,0.75,1,"[0.669924, 0.330076]"
minesweeper,client,456,2183,3,MR,attack_member,evaluation,0,1,0.49945738911628723,0,0.5014635920524597,False,4,0.5,1,"[0.647469, 0.352531]"
minesweeper,client,456,2271,3,MR,attack_member,evaluation,0,1,0.49991509318351746,0,0.5014635920524597,False,4,0.5,1,"[0.702813, 0.297187]"
minesweeper,client,456,2273,3,MR,attack_member,evaluation,0,1,0.4996239244937897,0,0.5014635920524597,False,4,1.0,1,"[0.667607, 0.332393]"
minesweeper,client,456,2274,3,MR,attack_member,evaluation,0,1,0.4995831251144409,0,0.5014635920524597,False,4,1.0,1,"[0.662671, 0.337329]"
minesweeper,client,456,2376,3,MR,attack_member,evaluation,0,1,0.49890661239624023,0,0.5014635920524597,False,4,0.25,1,"[0.58088, 0.41912]"
minesweeper,client,456,2471,3,MR,attack_member,evaluation,0,1,0.5004703998565674,0,0.5014635920524597,False,4,1.0,1,"[0.769982, 0.230018]"
minesweeper,client,456,2477,3,MR,attack_member,evaluation,1,1,0.5059037804603577,0,0.5112331509590149,False,4,0.0,0,"[0.694759, 0.305241]"
minesweeper,client,456,2483,3,MR,attack_member,evaluation,0,1,0.4987403154373169,0,0.5014635920524597,False,4,0.5,1,"[0.560782, 0.439218]"
minesweeper,client,456,2573,3,MR,attack_member,evaluation,0,1,0.49949029088020325,0,0.5014635920524597,False,4,1.0,1,"[0.651449, 0.348551]"
minesweeper,client,456,2574,3,MR,attack_member,evaluation,0,1,0.49919959902763367,0,0.5014635920524597,False,4,0.75,1,"[0.616307, 0.383693]"
minesweeper,client,456,2576,3,MR,attack_member,evaluation,0,1,0.49941062927246094,0,0.5014635920524597,False,4,0.5,1,"[0.641816, 0.358184]"
minesweeper,client,456,2580,3,MR,attack_member,evaluation,0,1,0.4987042546272278,0,0.5014635920524597,False,4,0.75,1,"[0.556425, 0.443575]"
minesweeper,client,456,2586,3,MR,attack_member,evaluation,0,1,0.4997369050979614,0,0.5014635920524597,False,4,0.75,1,"[0.681269, 0.318731]"
minesweeper,client,456,2676,3,MR,attack_member,evaluation,1,1,0.5044336318969727,0,0.5112331509590149,False,4,0.0,0,"[0.728544, 0.271456]"
minesweeper,client,456,2774,3,MR,attack_member,evaluation,0,1,0.4995688498020172,0,0.5014635920524597,False,4,1.0,1,"[0.660948, 0.339053]"
minesweeper,client,456,2775,3,MR,attack_member,evaluation,0,1,0.5001420378684998,0,0.5014635920524597,False,4,1.0,1,"[0.730261, 0.269739]"
minesweeper,client,456,2776,3,MR,attack_member,evaluation,0,1,0.500438392162323,0,0.5014635920524597,False,4,1.0,1,"[0.766109, 0.233891]"
minesweeper,client,456,2787,3,MR,attack_member,evaluation,1,1,0.5066875219345093,0,0.5112331509590149,False,3,0.3333333333333333,0,"[0.676583, 0.323417]"
minesweeper,client,456,2873,3,MR,attack_member,evaluation,0,1,0.49947115778923035,0,0.5014635920524597,False,4,0.75,1,"[0.649134, 0.350866]"
minesweeper,client,456,2874,3,MR,attack_member,evaluation,0,1,0.4994227886199951,0,0.5014635920524597,False,4,0.75,1,"[0.643286, 0.356714]"
minesweeper,client,456,2878,3,MR,attack_member,evaluation,0,1,0.49952730536460876,0,0.5014635920524597,False,4,0.5,1,"[0.655923, 0.344077]"
minesweeper,client,456,2973,3,MR,attack_member,evaluation,0,1,0.4995754659175873,0,0.5014635920524597,False,4,0.75,1,"[0.661746, 0.338254]"
minesweeper,client,456,2983,3,MR,attack_member,evaluation,0,1,0.49950775504112244,0,0.5014635920524597,False,4,0.5,1,"[0.653555, 0.346445]"
minesweeper,client,456,3077,3,MR,attack_member,evaluation,0,1,0.49899590015411377,0,0.5014635920524597,False,4,1.0,1,"[0.591672, 0.408328]"
minesweeper,client,456,3175,3,MR,attack_member,evaluation,0,1,0.49922218918800354,0,0.5014635920524597,False,4,0.25,1,"[0.619031, 0.380969]"
minesweeper,client,456,3178,3,MR,attack_member,evaluation,0,1,0.49898582696914673,0,0.5014635920524597,False,4,0.5,1,"[0.590459, 0.409541]"
minesweeper,client,456,3181,3,MR,attack_member,evaluation,0,1,0.49960342049598694,0,0.5014635920524597,False,4,1.0,1,"[0.665126, 0.334873]"
minesweeper,client,456,3182,3,MR,attack_member,evaluation,0,1,0.4995812177658081,0,0.5014635920524597,False,4,1.0,1,"[0.662441, 0.337559]"
minesweeper,client,456,3473,3,MR,attack_member,evaluation,0,1,0.4989989697933197,0,0.5014635920524597,False,4,1.0,1,"[0.592045, 0.407955]"
minesweeper,client,456,3474,3,MR,attack_member,evaluation,0,1,0.49859142303466797,0,0.5014635920524597,False,4,0.75,1,"[0.542791, 0.457209]"
minesweeper,client,456,3477,3,MR,attack_member,evaluation,1,1,0.513481855392456,1,0.5112331509590149,False,4,0.75,0,"[0.512976, 0.487024]"
minesweeper,client,456,3572,3,MR,attack_member,evaluation,0,1,0.49961069226264954,0,0.5014635920524597,False,4,0.75,1,"[0.666006, 0.333994]"
minesweeper,client,456,3573,3,MR,attack_member,evaluation,0,1,0.49941733479499817,0,0.5014635920524597,False,4,0.75,1,"[0.642632, 0.357368]"
minesweeper,client,456,3575,3,MR,attack_member,evaluation,0,1,0.49858179688453674,0,0.5014635920524597,False,4,0.5,1,"[0.541621, 0.458379]"
minesweeper,client,456,3582,3,MR,attack_member,evaluation,1,1,0.5082216858863831,0,0.5112331509590149,False,4,0.25,0,"[0.64064, 0.35936]"
minesweeper,client,456,3775,3,MR,attack_member,evaluation,0,1,0.5001027584075928,0,0.5014635920524597,False,4,0.75,1,"[0.72551, 0.27449]"
minesweeper,client,456,3776,3,MR,attack_member,evaluation,0,1,0.5000991225242615,0,0.5014635920524597,False,4,0.5,1,"[0.725072, 0.274928]"
minesweeper,client,456,5529,3,MR,attack_member,evaluation,0,1,0.49994397163391113,0,0.5014635920524597,False,4,0.75,1,"[0.706306, 0.293694]"
minesweeper,client,456,5530,3,MR,attack_member,evaluation,1,1,0.5050629377365112,0,0.5112331509590149,False,4,0.0,0,"[0.71413, 0.28587]"
minesweeper,client,456,5532,3,MR,attack_member,evaluation,0,1,0.49979788064956665,0,0.5014635920524597,False,3,1.0,1,"[0.688641, 0.311358]"
minesweeper,client,456,5627,3,MR,attack_member,evaluation,0,1,0.4999637007713318,0,0.5014635920524597,False,4,1.0,1,"[0.708693, 0.291307]"
minesweeper,client,456,5628,3,MR,attack_member,evaluation,0,1,0.5000143647193909,0,0.5014635920524597,False,4,1.0,1,"[0.714819, 0.285181]"
minesweeper,client,456,5629,3,MR,attack_member,evaluation,0,1,0.49979859590530396,0,0.5014635920524597,False,4,0.75,1,"[0.68873, 0.31127]"
minesweeper,client,456,5726,3,MR,attack_member,evaluation,0,1,0.5002555847167969,0,0.5014635920524597,False,4,0.75,1,"[0.743997, 0.256003]"
minesweeper,client,456,5730,3,MR,attack_member,evaluation,1,1,0.509363055229187,0,0.5112331509590149,False,4,0.25,0,"[0.613559, 0.386441]"
minesweeper,client,456,5826,3,MR,attack_member,evaluation,0,1,0.49998903274536133,0,0.5014635920524597,False,4,0.5,1,"[0.711753, 0.288247]"
minesweeper,client,456,5827,3,MR,attack_member,evaluation,1,1,0.5057061910629272,0,0.5112331509590149,False,4,0.25,0,"[0.699323, 0.300677]"
minesweeper,client,456,5831,3,MR,attack_member,evaluation,0,1,0.49866044521331787,0,0.5014635920524597,False,4,1.0,1,"[0.551125, 0.448875]"
minesweeper,client,456,5833,3,MR,attack_member,evaluation,0,1,0.49981576204299927,0,0.5014635920524597,False,4,1.0,1,"[0.690804, 0.309196]"
minesweeper,client,456,5923,3,MR,attack_member,evaluation,0,1,0.4986787736415863,0,0.5014635920524597,False,3,0.6666666666666666,1,"[0.553351, 0.446649]"
minesweeper,client,456,6024,3,MR,attack_member,evaluation,0,1,0.49929603934288025,0,0.5014635920524597,False,3,0.6666666666666666,1,"[0.627959, 0.372041]"
minesweeper,client,456,6025,3,MR,attack_member,evaluation,1,1,0.5053970813751221,0,0.5112331509590149,False,4,0.25,0,"[0.706448, 0.293552]"
minesweeper,client,456,6029,3,MR,attack_member,evaluation,0,1,0.5005028247833252,0,0.5014635920524597,False,4,0.75,1,"[0.773905, 0.226095]"
minesweeper,client,456,6032,3,MR,attack_member,evaluation,1,1,0.5107187032699585,0,0.5112331509590149,False,4,0.5,0,"[0.580975, 0.419025]"
minesweeper,client,456,6037,3,MR,attack_member,evaluation,0,1,0.49900582432746887,0,0.5014635920524597,False,4,0.75,1,"[0.592876, 0.407123]"
minesweeper,client,456,6126,3,MR,attack_member,evaluation,1,1,0.5041466355323792,0,0.5112331509590149,False,4,0.0,0,"[0.735096, 0.264904]"
minesweeper,client,456,6128,3,MR,attack_member,evaluation,0,1,0.5003301501274109,0,0.5014635920524597,False,4,1.0,1,"[0.753015, 0.246985]"
minesweeper,client,456,6129,3,MR,attack_member,evaluation,0,1,0.5005080103874207,0,0.5014635920524597,False,4,1.0,1,"[0.774529, 0.225471]"
minesweeper,client,456,6132,3,MR,attack_member,evaluation,1,1,0.5098230242729187,0,0.5112331509590149,False,4,0.25,0,"[0.602555, 0.397445]"
minesweeper,client,456,6227,3,MR,attack_member,evaluation,0,1,0.49975964426994324,0,0.5014635920524597,False,4,0.75,1,"[0.684018, 0.315982]"
minesweeper,client,456,6234,3,MR,attack_member,evaluation,1,1,0.5091660022735596,0,0.5112331509590149,False,4,0.25,0,"[0.618256, 0.381744]"
minesweeper,client,456,6235,3,MR,attack_member,evaluation,1,1,0.511829137802124,1,0.5112331509590149,False,4,0.0,0,"[0.553919, 0.446081]"
minesweeper,client,456,6239,3,MR,attack_member,evaluation,0,1,0.4998682737350464,0,0.5014635920524597,False,3,1.0,1,"[0.697151, 0.302849]"
minesweeper,client,456,6326,3,MR,attack_member,evaluation,0,1,0.5006866455078125,0,0.5014635920524597,False,3,0.3333333333333333,1,"[0.796147, 0.203853]"
minesweeper,client,456,6426,3,MR,attack_member,evaluation,0,1,0.5007762312889099,0,0.5014635920524597,False,1,0.0,1,"[0.806985, 0.193015]"
minesweeper,client,456,6427,3,MR,attack_member,evaluation,1,1,0.5051513910293579,0,0.5112331509590149,False,1,0.0,0,"[0.712098, 0.287902]"
minesweeper,client,456,6429,3,MR,attack_member,evaluation,0,1,0.49937379360198975,0,0.5014635920524597,False,3,1.0,1,"[0.637366, 0.362634]"
minesweeper,client,456,6434,3,MR,attack_member,evaluation,0,1,0.4999891519546509,0,0.5014635920524597,False,4,0.75,1,"[0.711772, 0.288228]"
minesweeper,client,456,6439,3,MR,attack_member,evaluation,0,1,0.4994898736476898,0,0.5014635920524597,False,4,0.75,1,"[0.651399, 0.348601]"
minesweeper,client,456,6630,3,MR,attack_member,evaluation,0,1,0.5005211234092712,0,0.5014635920524597,False,4,1.0,1,"[0.776118, 0.223882]"
minesweeper,client,456,6631,3,MR,attack_member,evaluation,0,1,0.5002414584159851,0,0.5014635920524597,False,4,1.0,1,"[0.742286, 0.257714]"
minesweeper,client,456,6635,3,MR,attack_member,evaluation,0,1,0.4999997317790985,0,0.5014635920524597,False,4,0.75,1,"[0.71305, 0.28695]"
minesweeper,client,456,6639,3,MR,attack_member,evaluation,0,1,0.5010819435119629,0,0.5014635920524597,False,2,1.0,1,"[0.843979, 0.156021]"
minesweeper,client,456,6733,3,MR,attack_member,evaluation,0,1,0.5006319284439087,0,0.5014635920524597,False,4,0.75,1,"[0.789525, 0.210475]"
minesweeper,client,456,6735,3,MR,attack_member,evaluation,0,1,0.500713586807251,0,0.5014635920524597,False,4,1.0,1,"[0.799402, 0.200598]"
minesweeper,client,456,6737,3,MR,attack_member,evaluation,0,1,0.50129234790802,0,0.5014635920524597,False,4,1.0,1,"[0.869442, 0.130558]"
minesweeper,client,456,6833,3,MR,attack_member,evaluation,0,1,0.5014001131057739,0,0.5014635920524597,False,3,0.6666666666666666,1,"[0.882491, 0.117509]"
minesweeper,client,456,6936,3,MR,attack_member,evaluation,0,1,0.5006490349769592,0,0.5014635920524597,False,1,1.0,1,"[0.791595, 0.208405]"
minesweeper,client,456,6937,3,MR,attack_member,evaluation,0,1,0.5014963150024414,1,0.5014635920524597,False,1,1.0,1,"[0.894139, 0.105861]"
minesweeper,client,456,6938,3,MR,attack_member,evaluation,0,1,0.5012510418891907,0,0.5014635920524597,False,0,,1,"[0.864449, 0.135551]"
minesweeper,client,456,4450,5,MR,attack_member,evaluation,0,1,0.4991828501224518,0,0.5014635920524597,False,4,1.0,1,"[0.614277, 0.385723]"
minesweeper,client,456,4451,5,MR,attack_member,evaluation,0,1,0.4989483952522278,0,0.5014635920524597,False,3,0.6666666666666666,1,"[0.58593, 0.41407]"
minesweeper,client,456,4551,5,MR,attack_member,evaluation,0,1,0.4986741244792938,0,0.5014635920524597,False,4,0.75,1,"[0.55278, 0.44722]"
minesweeper,client,456,4553,5,MR,attack_member,evaluation,1,1,0.5091196894645691,0,0.5112331509590149,False,4,0.5,0,"[0.619358, 0.380642]"
minesweeper,client,456,4648,5,MR,attack_member,evaluation,0,1,0.4997711181640625,0,0.5014635920524597,False,4,0.5,1,"[0.685404, 0.314596]"
minesweeper,client,456,4840,5,MR,attack_member,evaluation,1,1,0.5042843222618103,0,0.5112331509590149,False,3,0.0,0,"[0.731955, 0.268045]"
minesweeper,client,456,4847,5,MR,attack_member,evaluation,0,1,0.5000845193862915,0,0.5014635920524597,False,4,0.75,1,"[0.723308, 0.276692]"
minesweeper,client,456,4850,5,MR,attack_member,evaluation,0,1,0.4996316432952881,0,0.5014635920524597,False,4,1.0,1,"[0.668533, 0.331467]"
minesweeper,client,456,4851,5,MR,attack_member,evaluation,0,1,0.4997938871383667,0,0.5014635920524597,False,4,1.0,1,"[0.68816, 0.31184]"
minesweeper,client,456,4856,5,MR,attack_member,evaluation,0,1,0.5003430843353271,0,0.5014635920524597,False,2,1.0,1,"[0.754584, 0.245416]"
minesweeper,client,456,4944,5,MR,attack_member,evaluation,0,1,0.4997518062591553,0,0.5014635920524597,False,4,1.0,1,"[0.683068, 0.316932]"
minesweeper,client,456,4948,5,MR,attack_member,evaluation,1,1,0.5091776847839355,0,0.5112331509590149,False,4,0.25,0,"[0.617977, 0.382023]"
minesweeper,client,456,4954,5,MR,attack_member,evaluation,1,1,0.5053389668464661,0,0.5112331509590149,False,4,0.0,0,"[0.707784, 0.292216]"
minesweeper,client,456,4955,5,MR,attack_member,evaluation,0,1,0.5000931024551392,0,0.5014635920524597,False,4,0.75,1,"[0.724349, 0.275651]"
minesweeper,client,456,5041,5,MR,attack_member,evaluation,0,1,0.4999358654022217,0,0.5014635920524597,False,4,1.0,1,"[0.705332, 0.294668]"
minesweeper,client,456,5043,5,MR,attack_member,evaluation,0,1,0.5001944303512573,0,0.5014635920524597,False,4,1.0,1,"[0.7366, 0.2634]"
minesweeper,client,456,5050,5,MR,attack_member,evaluation,0,1,0.50071781873703,0,0.5014635920524597,False,4,0.75,1,"[0.799917, 0.200083]"
minesweeper,client,456,5150,5,MR,attack_member,evaluation,1,1,0.5012078881263733,0,0.5112331509590149,False,4,0.0,0,"[0.801454, 0.198546]"
minesweeper,client,456,5240,5,MR,attack_member,evaluation,1,1,0.5105767250061035,0,0.5112331509590149,False,4,0.0,0,"[0.58441, 0.41559]"
minesweeper,client,456,5252,5,MR,attack_member,evaluation,0,1,0.5005884766578674,0,0.5014635920524597,False,4,1.0,1,"[0.784269, 0.215731]"
minesweeper,client,456,5336,5,MR,attack_member,evaluation,0,1,0.4998859167098999,0,0.5014635920524597,False,3,1.0,1,"[0.699287, 0.300713]"
minesweeper,client,456,5346,5,MR,attack_member,evaluation,0,1,0.4999707341194153,0,0.5014635920524597,False,4,1.0,1,"[0.70954, 0.29046]"
minesweeper,client,456,5348,5,MR,attack_member,evaluation,0,1,0.5008471012115479,0,0.5014635920524597,False,4,0.75,1,"[0.815556, 0.184444]"
minesweeper,client,456,5437,5,MR,attack_member,evaluation,0,1,0.49991169571876526,0,0.5014635920524597,False,4,1.0,1,"[0.702406, 0.297594]"
minesweeper,client,456,5450,5,MR,attack_member,evaluation,0,1,0.4996606707572937,0,0.5014635920524597,False,4,1.0,1,"[0.672044, 0.327956]"
minesweeper,client,456,5549,5,MR,attack_member,evaluation,0,1,0.49939122796058655,0,0.5014635920524597,False,4,1.0,1,"[0.639471, 0.360529]"
minesweeper,client,456,5555,5,MR,attack_member,evaluation,0,1,0.49921298027038574,0,0.5014635920524597,False,4,0.75,1,"[0.617916, 0.382084]"
minesweeper,client,456,5558,5,MR,attack_member,evaluation,0,1,0.49856388568878174,0,0.5014635920524597,False,2,0.5,1,"[0.539455, 0.460545]"
minesweeper,client,456,5651,5,MR,attack_member,evaluation,0,1,0.4993937015533447,0,0.5014635920524597,False,4,0.75,1,"[0.63977, 0.36023]"
minesweeper,client,456,5658,5,MR,attack_member,evaluation,1,1,0.5124457478523254,1,0.5112331509590149,False,2,0.5,0,"[0.538741, 0.461259]"
minesweeper,client,456,5741,5,MR,attack_member,evaluation,0,1,0.49914485216140747,0,0.5014635920524597,False,4,0.75,1,"[0.609687, 0.390313]"
minesweeper,client,456,5743,5,MR,attack_member,evaluation,0,1,0.49941059947013855,0,0.5014635920524597,False,4,1.0,1,"[0.641814, 0.358186]"
minesweeper,client,456,5753,5,MR,attack_member,evaluation,0,1,0.500173807144165,0,0.5014635920524597,False,4,1.0,1,"[0.734101, 0.265899]"
minesweeper,client,456,5836,5,MR,attack_member,evaluation,0,1,0.49874019622802734,0,0.5014635920524597,False,1,0.0,1,"[0.560763, 0.439237]"
minesweeper,client,456,5841,5,MR,attack_member,evaluation,1,1,0.5076500773429871,0,0.5112331509590149,False,4,0.25,0,"[0.654091, 0.345909]"
minesweeper,client,456,5842,5,MR,attack_member,evaluation,0,1,0.49934595823287964,0,0.5014635920524597,False,4,0.75,1,"[0.633996, 0.366004]"
minesweeper,client,456,5847,5,MR,attack_member,evaluation,0,1,0.49955853819847107,0,0.5014635920524597,False,4,0.75,1,"[0.659696, 0.340304]"
minesweeper,client,456,5954,5,MR,attack_member,evaluation,0,1,0.4994758069515228,0,0.5014635920524597,False,4,0.5,1,"[0.649697, 0.350303]"
minesweeper,client,456,6046,5,MR,attack_member,evaluation,0,1,0.5004171133041382,0,0.5014635920524597,False,4,1.0,1,"[0.763538, 0.236462]"
minesweeper,client,456,6047,5,MR,attack_member,evaluation,0,1,0.49968209862709045,0,0.5014635920524597,False,4,1.0,1,"[0.674642, 0.325358]"
minesweeper,client,456,6145,5,MR,attack_member,evaluation,0,1,0.5007780194282532,0,0.5014635920524597,False,4,1.0,1,"[0.8072, 0.1928]"
minesweeper,client,456,6147,5,MR,attack_member,evaluation,0,1,0.49957650899887085,0,0.5014635920524597,False,4,1.0,1,"[0.661871, 0.338129]"
minesweeper,client,456,6248,5,MR,attack_member,evaluation,0,1,0.4994283616542816,0,0.5014635920524597,False,4,0.75,1,"[0.643957, 0.356043]"
minesweeper,client,456,6251,5,MR,attack_member,evaluation,0,1,0.49966728687286377,0,0.5014635920524597,False,4,0.75,1,"[0.672845, 0.327155]"
minesweeper,client,456,6341,5,MR,attack_member,evaluation,0,1,0.5000036954879761,0,0.5014635920524597,False,3,1.0,1,"[0.71353, 0.28647]"
minesweeper,client,456,6342,5,MR,attack_member,evaluation,0,1,0.5005061626434326,0,0.5014635920524597,False,4,1.0,1,"[0.774308, 0.225692]"
minesweeper,client,456,6345,5,MR,attack_member,evaluation,1,1,0.5042937994003296,0,0.5112331509590149,False,4,0.25,0,"[0.731738, 0.268262]"
minesweeper,client,456,6347,5,MR,attack_member,evaluation,0,1,0.499500036239624,0,0.5014635920524597,False,4,0.5,1,"[0.652626, 0.347374]"
minesweeper,client,456,6351,5,MR,attack_member,evaluation,0,1,0.49974098801612854,0,0.5014635920524597,False,4,0.5,1,"[0.681762, 0.318238]"
minesweeper,client,456,6354,5,MR,attack_member,evaluation,0,1,0.5006744265556335,0,0.5014635920524597,False,4,1.0,1,"[0.794665, 0.205335]"
minesweeper,client,456,6447,5,MR,attack_member,evaluation,0,1,0.49964240193367004,0,0.5014635920524597,False,4,0.5,1,"[0.669841, 0.330159]"
minesweeper,client,456,6450,5,MR,attack_member,evaluation,1,1,0.5083020329475403,0,0.5112331509590149,False,4,0.25,0,"[0.638744, 0.361256]"
minesweeper,client,456,6541,5,MR,attack_member,evaluation,0,1,0.5000041127204895,0,0.5014635920524597,False,4,1.0,1,"[0.713583, 0.286417]"
minesweeper,client,456,6545,5,MR,attack_member,evaluation,0,1,0.4995281994342804,0,0.5014635920524597,False,4,0.75,1,"[0.656032, 0.343968]"
minesweeper,client,456,6547,5,MR,attack_member,evaluation,0,1,0.4993414580821991,0,0.5014635920524597,False,4,0.5,1,"[0.633445, 0.366555]"
minesweeper,client,456,6640,5,MR,attack_member,evaluation,0,1,0.4998147785663605,0,0.5014635920524597,False,3,1.0,1,"[0.690683, 0.309317]"
minesweeper,client,456,6653,5,MR,attack_member,evaluation,1,1,0.5042113661766052,0,0.5112331509590149,False,4,0.0,0,"[0.733619, 0.266381]"
minesweeper,client,456,6654,5,MR,attack_member,evaluation,0,1,0.4999374747276306,0,0.5014635920524597,False,2,1.0,1,"[0.705523, 0.294477]"
minesweeper,client,456,6744,5,MR,attack_member,evaluation,0,1,0.499504417181015,0,0.5014635920524597,False,4,0.75,1,"[0.653152, 0.346848]"
minesweeper,client,456,6746,5,MR,attack_member,evaluation,0,1,0.49937838315963745,0,0.5014635920524597,False,4,1.0,1,"[0.63792, 0.36208]"
minesweeper,client,456,6748,5,MR,attack_member,evaluation,0,1,0.4996955394744873,0,0.5014635920524597,False,4,0.75,1,"[0.676261, 0.323739]"
minesweeper,client,456,6849,5,MR,attack_member,evaluation,0,1,0.4998021423816681,0,0.5014635920524597,False,4,0.75,1,"[0.689152, 0.310848]"
minesweeper,client,456,6852,5,MR,attack_member,evaluation,0,1,0.5018242597579956,1,0.5014635920524597,False,4,1.0,1,"[0.933843, 0.066156]"
minesweeper,client,456,6942,5,MR,attack_member,evaluation,0,1,0.5009392499923706,0,0.5014635920524597,False,4,0.75,1,"[0.826707, 0.173293]"
minesweeper,client,456,6947,5,MR,attack_member,evaluation,0,1,0.5006428360939026,0,0.5014635920524597,False,4,0.75,1,"[0.790844, 0.209156]"
minesweeper,client,456,6948,5,MR,attack_member,evaluation,1,1,0.5025200843811035,0,0.5112331509590149,False,4,0.0,0,"[0.771979, 0.228021]"
minesweeper,client,456,6950,5,MR,attack_member,evaluation,0,1,0.5011246204376221,0,0.5014635920524597,False,4,1.0,1,"[0.849144, 0.150855]"
minesweeper,client,456,7042,5,MR,attack_member,evaluation,1,1,0.5028709769248962,0,0.5112331509590149,False,1,0.0,0,"[0.764056, 0.235944]"
minesweeper,client,456,7049,5,MR,attack_member,evaluation,0,1,0.5005008578300476,0,0.5014635920524597,False,1,1.0,1,"[0.77367, 0.22633]"
minesweeper,client,456,2353,5,MR,attack_member,evaluation,0,1,0.49990183115005493,0,0.5014635920524597,False,4,0.5,1,"[0.701214, 0.298786]"
minesweeper,client,456,2354,5,MR,attack_member,evaluation,0,1,0.4995250999927521,0,0.5014635920524597,False,4,0.5,1,"[0.655652, 0.344348]"
minesweeper,client,456,2358,5,MR,attack_member,evaluation,0,1,0.4999236464500427,0,0.5014635920524597,False,4,1.0,1,"[0.703854, 0.296147]"
minesweeper,client,456,2459,5,MR,attack_member,evaluation,0,1,0.4995216429233551,0,0.5014635920524597,False,4,0.75,1,"[0.655239, 0.344761]"
minesweeper,client,456,2463,5,MR,attack_member,evaluation,0,1,0.49901098012924194,0,0.5014635920524597,False,4,0.75,1,"[0.593499, 0.4065]"
minesweeper,client,456,2552,5,MR,attack_member,evaluation,0,1,0.4993502199649811,0,0.5014635920524597,False,4,1.0,1,"[0.63451, 0.36549]"
minesweeper,client,456,2556,5,MR,attack_member,evaluation,0,1,0.49993252754211426,0,0.5014635920524597,False,4,1.0,1,"[0.704924, 0.295076]"
minesweeper,client,456,2557,5,MR,attack_member,evaluation,0,1,0.4999397099018097,0,0.5014635920524597,False,4,1.0,1,"[0.70579, 0.29421]"
minesweeper,client,456,2658,5,MR,attack_member,evaluation,0,1,0.4997101128101349,0,0.5014635920524597,False,4,0.75,1,"[0.678027, 0.321973]"
minesweeper,client,456,2667,5,MR,attack_member,evaluation,0,1,0.5004792809486389,0,0.5014635920524597,False,4,1.0,1,"[0.771056, 0.228944]"
minesweeper,client,456,2761,5,MR,attack_member,evaluation,1,1,0.5016887187957764,0,0.5112331509590149,False,4,0.0,0,"[0.790679, 0.209321]"
minesweeper,client,456,2767,5,MR,attack_member,evaluation,0,1,0.5007226467132568,0,0.5014635920524597,False,4,1.0,1,"[0.800507, 0.199493]"
minesweeper,client,456,2770,5,MR,attack_member,evaluation,1,1,0.5074658989906311,0,0.5112331509590149,False,2,0.0,0,"[0.65841, 0.34159]"
minesweeper,client,456,2853,5,MR,attack_member,evaluation,0,1,0.49993014335632324,0,0.5014635920524597,False,2,1.0,1,"[0.704637, 0.295363]"
minesweeper,client,456,2855,5,MR,attack_member,evaluation,0,1,0.49975451827049255,0,0.5014635920524597,False,4,1.0,1,"[0.683394, 0.316606]"
minesweeper,client,456,2860,5,MR,attack_member,evaluation,0,1,0.5000605583190918,0,0.5014635920524597,False,4,1.0,1,"[0.720408, 0.279592]"
minesweeper,client,456,2865,5,MR,attack_member,evaluation,0,1,0.5002630352973938,0,0.5014635920524597,False,4,1.0,1,"[0.744899, 0.255101]"
minesweeper,client,456,2870,5,MR,attack_member,evaluation,0,1,0.4994436800479889,0,0.5014635920524597,False,1,1.0,1,"[0.645812, 0.354188]"
minesweeper,client,456,2959,5,MR,attack_member,evaluation,0,1,0.4990890622138977,0,0.5014635920524597,False,4,0.75,1,"[0.602934, 0.397066]"
minesweeper,client,456,2960,5,MR,attack_member,evaluation,0,1,0.49937981367111206,0,0.5014635920524597,False,4,1.0,1,"[0.638093, 0.361907]"
minesweeper,client,456,2961,5,MR,attack_member,evaluation,0,1,0.5000138878822327,0,0.5014635920524597,False,4,0.75,1,"[0.71476, 0.28524]"
minesweeper,client,456,2963,5,MR,attack_member,evaluation,0,1,0.5000079870223999,0,0.5014635920524597,False,4,0.75,1,"[0.71405, 0.28595]"
minesweeper,client,456,3058,5,MR,attack_member,evaluation,1,1,0.5108999013900757,0,0.5112331509590149,False,4,0.25,0,"[0.576582, 0.423418]"
minesweeper,client,456,3062,5,MR,attack_member,evaluation,1,1,0.507535457611084,0,0.5112331509590149,False,4,0.25,0,"[0.656779, 0.343221]"
minesweeper,client,456,3065,5,MR,attack_member,evaluation,0,1,0.4996679425239563,0,0.5014635920524597,False,4,1.0,1,"[0.672924, 0.327076]"
minesweeper,client,456,3159,5,MR,attack_member,evaluation,0,1,0.49901941418647766,0,0.5014635920524597,False,4,0.75,1,"[0.594521, 0.405479]"
minesweeper,client,456,3168,5,MR,attack_member,evaluation,0,1,0.49971428513526917,0,0.5014635920524597,False,3,1.0,1,"[0.678533, 0.321467]"
minesweeper,client,456,3264,5,MR,attack_member,evaluation,0,1,0.4993407428264618,0,0.5014635920524597,False,4,0.5,1,"[0.633359, 0.366641]"
minesweeper,client,456,3363,5,MR,attack_member,evaluation,0,1,0.4991445541381836,0,0.5014635920524597,False,4,0.25,1,"[0.609647, 0.390353]"
minesweeper,client,456,3366,5,MR,attack_member,evaluation,0,1,0.49888134002685547,0,0.5014635920524597,False,4,0.75,1,"[0.577832, 0.422168]"
minesweeper,client,456,3568,5,MR,attack_member,evaluation,0,1,0.49942252039909363,0,0.5014635920524597,False,4,0.5,1,"[0.643255, 0.356745]"
minesweeper,client,456,3662,5,MR,attack_member,evaluation,0,1,0.49926474690437317,0,0.5014635920524597,False,4,1.0,1,"[0.624175, 0.375825]"
minesweeper,client,456,3666,5,MR,attack_member,evaluation,0,1,0.49909502267837524,0,0.5014635920524597,False,4,0.75,1,"[0.603659, 0.396341]"
minesweeper,client,456,3667,5,MR,attack_member,evaluation,1,1,0.508186936378479,0,0.5112331509590149,False,4,0.0,0,"[0.64146, 0.35854]"
minesweeper,client,456,3865,5,MR,attack_member,evaluation,0,1,0.5009086728096008,0,0.5014635920524597,False,4,0.75,1,"[0.823012, 0.176988]"
minesweeper,client,456,21,7,MR,attack_member,evaluation,0,1,0.4997589886188507,0,0.5014635920524597,False,4,1.0,1,"[0.68394, 0.31606]"
minesweeper,client,456,34,7,MR,attack_member,evaluation,0,1,0.49948886036872864,0,0.5014635920524597,False,4,0.5,1,"[0.651272, 0.348728]"
minesweeper,client,456,119,7,MR,attack_member,evaluation,0,1,0.4994724988937378,0,0.5014635920524597,False,4,0.75,1,"[0.649295, 0.350705]"
minesweeper,client,456,122,7,MR,attack_member,evaluation,0,1,0.49929079413414,0,0.5014635920524597,False,4,0.75,1,"[0.627328, 0.372672]"
minesweeper,client,456,123,7,MR,attack_member,evaluation,0,1,0.49936848878860474,0,0.5014635920524597,False,4,0.75,1,"[0.636719, 0.363281]"
minesweeper,client,456,124,7,MR,attack_member,evaluation,0,1,0.49937495589256287,0,0.5014635920524597,False,4,1.0,1,"[0.637502, 0.362498]"
minesweeper,client,456,128,7,MR,attack_member,evaluation,0,1,0.4987329840660095,0,0.5014635920524597,False,4,0.25,1,"[0.559896, 0.440104]"
minesweeper,client,456,139,7,MR,attack_member,evaluation,0,1,0.4989602863788605,0,0.5014635920524597,False,4,0.75,1,"[0.587375, 0.412625]"
minesweeper,client,456,219,7,MR,attack_member,evaluation,0,1,0.5001879930496216,0,0.5014635920524597,False,4,0.75,1,"[0.735823, 0.264177]"
minesweeper,client,456,222,7,MR,attack_member,evaluation,1,1,0.5089414715766907,0,0.5112331509590149,False,4,0.25,0,"[0.623598, 0.376402]"
minesweeper,client,456,235,7,MR,attack_member,evaluation,0,1,0.4994114935398102,0,0.5014635920524597,False,4,0.75,1,"[0.641913, 0.358087]"
minesweeper,client,456,324,7,MR,attack_member,evaluation,0,1,0.4997023642063141,0,0.5014635920524597,False,4,0.75,1,"[0.677089, 0.322911]"
minesweeper,client,456,326,7,MR,attack_member,evaluation,0,1,0.4997173845767975,0,0.5014635920524597,False,4,0.75,1,"[0.678908, 0.321092]"
minesweeper,client,456,327,7,MR,attack_member,evaluation,0,1,0.4998782277107239,0,0.5014635920524597,False,4,1.0,1,"[0.698356, 0.301644]"
minesweeper,client,456,333,7,MR,attack_member,evaluation,1,1,0.511962890625,1,0.5112331509590149,False,4,0.0,0,"[0.550636, 0.449364]"
minesweeper,client,456,341,7,MR,attack_member,evaluation,0,1,0.5001819133758545,0,0.5014635920524597,False,1,0.0,1,"[0.735088, 0.264912]"
minesweeper,client,456,525,7,MR,attack_member,evaluation,0,1,0.49928349256515503,0,0.5014635920524597,False,4,1.0,1,"[0.626444, 0.373556]"
minesweeper,client,456,529,7,MR,attack_member,evaluation,0,1,0.4994801878929138,0,0.5014635920524597,False,4,1.0,1,"[0.650221, 0.349779]"
minesweeper,client,456,724,7,MR,attack_member,evaluation,0,1,0.49883416295051575,0,0.5014635920524597,False,4,0.75,1,"[0.572121, 0.427879]"
minesweeper,client,456,730,7,MR,attack_member,evaluation,0,1,0.500137209892273,0,0.5014635920524597,False,4,1.0,1,"[0.729679, 0.270321]"
minesweeper,client,456,819,7,MR,attack_member,evaluation,0,1,0.4993576407432556,0,0.5014635920524597,False,4,1.0,1,"[0.635408, 0.364592]"
minesweeper,client,456,820,7,MR,attack_member,evaluation,0,1,0.49921920895576477,0,0.5014635920524597,False,4,1.0,1,"[0.618675, 0.381325]"
minesweeper,client,456,825,7,MR,attack_member,evaluation,0,1,0.499373197555542,0,0.5014635920524597,False,4,0.5,1,"[0.637294, 0.362706]"
minesweeper,client,456,829,7,MR,attack_member,evaluation,0,1,0.5002942085266113,0,0.5014635920524597,False,4,1.0,1,"[0.748671, 0.251329]"
minesweeper,client,456,832,7,MR,attack_member,evaluation,0,1,0.5001745820045471,0,0.5014635920524597,False,4,1.0,1,"[0.734197, 0.265803]"
minesweeper,client,456,833,7,MR,attack_member,evaluation,0,1,0.500197172164917,0,0.5014635920524597,False,4,1.0,1,"[0.736932, 0.263068]"
minesweeper,client,456,917,7,MR,attack_member,evaluation,0,1,0.4994381368160248,0,0.5014635920524597,False,4,0.75,1,"[0.645134, 0.354866]"
minesweeper,client,456,923,7,MR,attack_member,evaluation,0,1,0.4999133348464966,0,0.5014635920524597,False,4,0.75,1,"[0.702603, 0.297397]"
minesweeper,client,456,924,7,MR,attack_member,evaluation,0,1,0.4998151361942291,0,0.5014635920524597,False,4,0.75,1,"[0.690726, 0.309274]"
minesweeper,client,456,926,7,MR,attack_member,evaluation,0,1,0.49955251812934875,0,0.5014635920524597,False,4,0.75,1,"[0.65897, 0.34103]"
minesweeper,client,456,928,7,MR,attack_member,evaluation,0,1,0.4997769892215729,0,0.5014635920524597,False,4,1.0,1,"[0.686113, 0.313887]"
minesweeper,client,456,929,7,MR,attack_member,evaluation,0,1,0.5000982880592346,0,0.5014635920524597,False,4,1.0,1,"[0.724976, 0.275024]"
minesweeper,client,456,930,7,MR,attack_member,evaluation,0,1,0.5006042122840881,0,0.5014635920524597,False,4,1.0,1,"[0.786172, 0.213828]"
minesweeper,client,456,1026,7,MR,attack_member,evaluation,0,1,0.49973493814468384,0,0.5014635920524597,False,4,1.0,1,"[0.681027, 0.318973]"
minesweeper,client,456,1029,7,MR,attack_member,evaluation,0,1,0.500403106212616,0,0.5014635920524597,False,4,0.75,1,"[0.761846, 0.238154]"
minesweeper,client,456,1034,7,MR,attack_member,evaluation,0,1,0.5000559091567993,0,0.5014635920524597,False,4,1.0,1,"[0.719845, 0.280155]"
minesweeper,client,456,1116,7,MR,attack_member,evaluation,0,1,0.4996635615825653,0,0.5014635920524597,False,2,1.0,1,"[0.6724, 0.3276]"
minesweeper,client,456,1117,7,MR,attack_member,evaluation,0,1,0.49969151616096497,0,0.5014635920524597,False,3,0.3333333333333333,1,"[0.675777, 0.324223]"
minesweeper,client,456,1120,7,MR,attack_member,evaluation,0,1,0.500103235244751,0,0.5014635920524597,False,4,1.0,1,"[0.725568, 0.274432]"
minesweeper,client,456,1130,7,MR,attack_member,evaluation,1,1,0.5011910796165466,0,0.5112331509590149,False,4,0.0,0,"[0.80183, 0.198171]"
minesweeper,client,456,1134,7,MR,attack_member,evaluation,0,1,0.49949726462364197,0,0.5014635920524597,False,4,1.0,1,"[0.652293, 0.347707]"
minesweeper,client,456,1224,7,MR,attack_member,evaluation,0,1,0.5011404156684875,0,0.5014635920524597,False,4,1.0,1,"[0.851052, 0.148948]"
minesweeper,client,456,1236,7,MR,attack_member,evaluation,1,1,0.5089631080627441,0,0.5112331509590149,False,3,0.0,0,"[0.623082, 0.376918]"
minesweeper,client,456,1319,7,MR,attack_member,evaluation,0,1,0.501098096370697,0,0.5014635920524597,False,3,1.0,1,"[0.845938, 0.154062]"
minesweeper,client,456,1321,7,MR,attack_member,evaluation,0,1,0.5017334818840027,1,0.5014635920524597,False,3,1.0,1,"[0.922855, 0.077145]"
minesweeper,client,456,1324,7,MR,attack_member,evaluation,0,1,0.5016282200813293,1,0.5014635920524597,False,4,1.0,1,"[0.910104, 0.089896]"
minesweeper,client,456,1329,7,MR,attack_member,evaluation,0,1,0.5001253485679626,0,0.5014635920524597,False,4,1.0,1,"[0.728238, 0.271762]"
minesweeper,client,456,1333,7,MR,attack_member,evaluation,0,1,0.5000277757644653,0,0.5014635920524597,False,4,1.0,1,"[0.716439, 0.283561]"
minesweeper,client,456,1334,7,MR,attack_member,evaluation,0,1,0.4994664192199707,0,0.5014635920524597,False,4,1.0,1,"[0.648561, 0.351439]"
minesweeper,client,456,1335,7,MR,attack_member,evaluation,0,1,0.4991547763347626,0,0.5014635920524597,False,4,0.75,1,"[0.61088, 0.38912]"
minesweeper,client,456,1428,7,MR,attack_member,evaluation,0,1,0.499822735786438,0,0.5014635920524597,False,4,0.75,1,"[0.691642, 0.308358]"
minesweeper,client,456,1531,7,MR,attack_member,evaluation,1,1,0.498822420835495,0,0.5112331509590149,False,4,0.0,0,"[0.854493, 0.145507]"
minesweeper,client,456,1535,7,MR,attack_member,evaluation,0,1,0.5003006458282471,0,0.5014635920524597,False,4,0.5,1,"[0.749448, 0.250552]"
minesweeper,client,456,1624,7,MR,attack_member,evaluation,1,1,0.5073830485343933,0,0.5112331509590149,False,2,0.0,0,"[0.66035, 0.33965]"
minesweeper,client,456,1631,7,MR,attack_member,evaluation,0,1,0.5007753372192383,0,0.5014635920524597,False,4,1.0,1,"[0.806879, 0.193121]"
minesweeper,client,456,1632,7,MR,attack_member,evaluation,0,1,0.5000194907188416,0,0.5014635920524597,False,4,1.0,1,"[0.715441, 0.284559]"
minesweeper,client,456,1634,7,MR,attack_member,evaluation,1,1,0.5054810047149658,0,0.5112331509590149,False,4,0.25,0,"[0.704516, 0.295484]"
minesweeper,client,456,1727,7,MR,attack_member,evaluation,0,1,0.49999189376831055,0,0.5014635920524597,False,4,0.75,1,"[0.7121, 0.2879]"
minesweeper,client,456,1831,7,MR,attack_member,evaluation,0,1,0.49935030937194824,0,0.5014635920524597,False,4,0.75,1,"[0.634522, 0.365478]"
minesweeper,client,456,1926,7,MR,attack_member,evaluation,0,1,0.4993331730365753,0,0.5014635920524597,False,3,1.0,1,"[0.632448, 0.367552]"
minesweeper,client,456,1927,7,MR,attack_member,evaluation,0,1,0.499464213848114,0,0.5014635920524597,False,4,0.75,1,"[0.648289, 0.351711]"
minesweeper,client,456,1928,7,MR,attack_member,evaluation,1,1,0.5061677098274231,0,0.5112331509590149,False,4,0.0,0,"[0.688652, 0.311348]"
minesweeper,client,456,2031,7,MR,attack_member,evaluation,0,1,0.500788688659668,0,0.5014635920524597,False,4,0.5,1,"[0.808488, 0.191512]"
minesweeper,client,456,2128,7,MR,attack_member,evaluation,1,1,0.4937596321105957,0,0.5112331509590149,False,2,0.0,0,"[0.965363, 0.034637]"
minesweeper,client,456,2227,7,MR,attack_member,evaluation,0,1,0.5018101930618286,1,0.5014635920524597,False,0,,1,"[0.932137, 0.067863]"
minesweeper,client,456,5511,7,MR,attack_member,evaluation,1,1,0.5050183534622192,0,0.5112331509590149,False,3,0.0,0,"[0.715153, 0.284847]"
minesweeper,client,456,5513,7,MR,attack_member,evaluation,0,1,0.4991072118282318,0,0.5014635920524597,False,4,0.75,1,"[0.605134, 0.394866]"
minesweeper,client,456,5518,7,MR,attack_member,evaluation,0,1,0.4999847114086151,0,0.5014635920524597,False,4,1.0,1,"[0.711236, 0.288764]"
minesweeper,client,456,5614,7,MR,attack_member,evaluation,1,1,0.5067958235740662,0,0.5112331509590149,False,4,0.75,0,"[0.674062, 0.325938]"
minesweeper,client,456,5820,7,MR,attack_member,evaluation,1,1,0.508338212966919,0,0.5112331509590149,False,4,0.25,0,"[0.63789, 0.36211]"
minesweeper,client,456,6016,7,MR,attack_member,evaluation,1,1,0.5069679021835327,0,0.5112331509590149,False,4,0.0,0,"[0.670052, 0.329948]"
minesweeper,client,456,6018,7,MR,attack_member,evaluation,0,1,0.49995744228363037,0,0.5014635920524597,False,4,1.0,1,"[0.707936, 0.292064]"
minesweeper,client,456,6112,7,MR,attack_member,evaluation,0,1,0.5000934600830078,0,0.5014635920524597,False,4,1.0,1,"[0.724388, 0.275612]"
minesweeper,client,456,6115,7,MR,attack_member,evaluation,0,1,0.49933668971061707,0,0.5014635920524597,False,4,0.75,1,"[0.632878, 0.367122]"
minesweeper,client,456,6210,7,MR,attack_member,evaluation,0,1,0.49954330921173096,0,0.5014635920524597,False,4,1.0,1,"[0.657859, 0.34214]"
minesweeper,client,456,6214,7,MR,attack_member,evaluation,0,1,0.49927446246147156,0,0.5014635920524597,False,4,0.5,1,"[0.625352, 0.374648]"
minesweeper,client,456,6215,7,MR,attack_member,evaluation,1,1,0.5085363388061523,0,0.5112331509590149,False,4,0.25,0,"[0.633205, 0.366795]"
minesweeper,client,456,6223,7,MR,attack_member,evaluation,0,1,0.5002244114875793,0,0.5014635920524597,False,3,0.6666666666666666,1,"[0.740224, 0.259776]"
minesweeper,client,456,6311,7,MR,attack_member,evaluation,0,1,0.49978142976760864,0,0.5014635920524597,False,4,1.0,1,"[0.686647, 0.313354]"
minesweeper,client,456,6312,7,MR,attack_member,evaluation,0,1,0.49983683228492737,0,0.5014635920524597,False,4,1.0,1,"[0.693353, 0.306647]"
minesweeper,client,456,6314,7,MR,attack_member,evaluation,0,1,0.499157190322876,0,0.5014635920524597,False,4,0.5,1,"[0.611171, 0.388829]"
minesweeper,client,456,6315,7,MR,attack_member,evaluation,1,1,0.5086984038352966,0,0.5112331509590149,False,4,0.25,0,"[0.629365, 0.370635]"
minesweeper,client,456,6414,7,MR,attack_member,evaluation,0,1,0.49922600388526917,0,0.5014635920524597,False,4,0.5,1,"[0.619495, 0.380505]"
minesweeper,client,456,6424,7,MR,attack_member,evaluation,0,1,0.5001084208488464,0,0.5014635920524597,False,4,1.0,1,"[0.726201, 0.273799]"
minesweeper,client,456,6519,7,MR,attack_member,evaluation,0,1,0.49973443150520325,0,0.5014635920524597,False,4,1.0,1,"[0.680968, 0.319032]"
minesweeper,client,456,6626,7,MR,attack_member,evaluation,1,1,0.5056774020195007,0,0.5112331509590149,False,4,0.0,0,"[0.699987, 0.300013]"
minesweeper,client,456,6710,7,MR,attack_member,evaluation,0,1,0.5003016591072083,0,0.5014635920524597,False,4,0.75,1,"[0.749572, 0.250428]"
minesweeper,client,456,6717,7,MR,attack_member,evaluation,1,1,0.5060806274414062,0,0.5112331509590149,False,4,0.5,0,"[0.690669, 0.309331]"
minesweeper,client,456,6722,7,MR,attack_member,evaluation,0,1,0.49969783425331116,0,0.5014635920524597,False,4,0.75,1,"[0.676543, 0.323457]"
minesweeper,client,456,6809,7,MR,attack_member,evaluation,1,1,0.5043526887893677,0,0.5112331509590149,False,1,0.0,0,"[0.730393, 0.269607]"
minesweeper,client,456,6816,7,MR,attack_member,evaluation,1,1,0.5072813034057617,0,0.5112331509590149,False,4,0.5,0,"[0.66273, 0.33727]"
minesweeper,client,456,6820,7,MR,attack_member,evaluation,0,1,0.4987812042236328,0,0.5014635920524597,False,4,0.5,1,"[0.565722, 0.434278]"
minesweeper,client,456,6825,7,MR,attack_member,evaluation,0,1,0.5008846521377563,0,0.5014635920524597,False,4,1.0,1,"[0.820102, 0.179898]"
minesweeper,client,456,6914,7,MR,attack_member,evaluation,0,1,0.49954190850257874,0,0.5014635920524597,False,4,1.0,1,"[0.657685, 0.342315]"
minesweeper,client,456,6924,7,MR,attack_member,evaluation,0,1,0.5013043284416199,0,0.5014635920524597,False,4,1.0,1,"[0.870899, 0.129101]"
minesweeper,client,456,6925,7,MR,attack_member,evaluation,0,1,0.5012876987457275,0,0.5014635920524597,False,4,0.75,1,"[0.868888, 0.131112]"
minesweeper,client,456,7013,7,MR,attack_member,evaluation,0,1,0.49982213973999023,0,0.5014635920524597,False,3,1.0,1,"[0.691569, 0.308431]"
minesweeper,client,456,7018,7,MR,attack_member,evaluation,0,1,0.4995073080062866,0,0.5014635920524597,False,3,0.6666666666666666,1,"[0.653509, 0.346491]"
minesweeper,client,456,7022,7,MR,attack_member,evaluation,0,1,0.5002145171165466,0,0.5014635920524597,False,1,1.0,1,"[0.739027, 0.260973]"
minesweeper,client,456,7026,7,MR,attack_member,evaluation,1,1,0.5045899152755737,0,0.5112331509590149,False,0,,0,"[0.724971, 0.275029]"
minesweeper,client,456,7113,7,MR,attack_member,evaluation,0,1,0.5000235438346863,0,0.5014635920524597,False,3,0.6666666666666666,1,"[0.715928, 0.284072]"
minesweeper,client,456,7214,7,MR,attack_member,evaluation,0,1,0.5003416538238525,0,0.5014635920524597,False,3,0.6666666666666666,1,"[0.754405, 0.245595]"
minesweeper,client,456,7316,7,MR,attack_member,evaluation,0,1,0.5017439723014832,1,0.5014635920524597,False,2,1.0,1,"[0.924122, 0.075878]"
minesweeper,client,456,7416,7,MR,attack_member,evaluation,0,1,0.5018101930618286,1,0.5014635920524597,False,0,,1,"[0.932137, 0.067863]"
minesweeper,client,456,162,8,MR,attack_member,evaluation,0,1,0.49995553493499756,0,0.5014635920524597,False,4,1.0,1,"[0.707701, 0.292299]"
minesweeper,client,456,164,8,MR,attack_member,evaluation,0,1,0.4995027780532837,0,0.5014635920524597,False,4,0.75,1,"[0.652956, 0.347044]"
minesweeper,client,456,168,8,MR,attack_member,evaluation,0,1,0.4999641478061676,0,0.5014635920524597,False,4,1.0,1,"[0.708749, 0.291251]"
minesweeper,client,456,169,8,MR,attack_member,evaluation,0,1,0.5000382661819458,0,0.5014635920524597,False,4,0.75,1,"[0.71771, 0.28229]"
minesweeper,client,456,259,8,MR,attack_member,evaluation,0,1,0.4999382495880127,0,0.5014635920524597,False,4,1.0,1,"[0.705617, 0.294383]"
minesweeper,client,456,264,8,MR,attack_member,evaluation,0,1,0.4992992877960205,0,0.5014635920524597,False,4,0.75,1,"[0.628357, 0.371643]"
minesweeper,client,456,269,8,MR,attack_member,evaluation,0,1,0.49977609515190125,0,0.5014635920524597,False,4,0.75,1,"[0.686009, 0.313991]"
minesweeper,client,456,274,8,MR,attack_member,evaluation,0,1,0.499864786863327,0,0.5014635920524597,False,4,1.0,1,"[0.696729, 0.303271]"
minesweeper,client,456,365,8,MR,attack_member,evaluation,0,1,0.49937009811401367,0,0.5014635920524597,False,4,0.75,1,"[0.636917, 0.363083]"
minesweeper,client,456,369,8,MR,attack_member,evaluation,0,1,0.4998454451560974,0,0.5014635920524597,False,4,0.75,1,"[0.694388, 0.305612]"
minesweeper,client,456,464,8,MR,attack_member,evaluation,0,1,0.4994678497314453,0,0.5014635920524597,False,4,0.75,1,"[0.648738, 0.351262]"
minesweeper,client,456,560,8,MR,attack_member,evaluation,0,1,0.4994960129261017,0,0.5014635920524597,False,4,0.75,1,"[0.652136, 0.347864]"
minesweeper,client,456,561,8,MR,attack_member,evaluation,1,1,0.5109890699386597,0,0.5112331509590149,False,4,0.5,0,"[0.574418, 0.425582]"
minesweeper,client,456,564,8,MR,attack_member,evaluation,0,1,0.5001251697540283,0,0.5014635920524597,False,4,0.5,1,"[0.728218, 0.271782]"
minesweeper,client,456,568,8,MR,attack_member,evaluation,0,1,0.49940410256385803,0,0.5014635920524597,False,4,1.0,1,"[0.641028, 0.358972]"
minesweeper,client,456,576,8,MR,attack_member,evaluation,1,1,0.49696415662765503,0,0.5112331509590149,False,2,0.0,0,"[0.895409, 0.104591]"
minesweeper,client,456,658,8,MR,attack_member,evaluation,0,1,0.5000270009040833,0,0.5014635920524597,False,4,1.0,1,"[0.716347, 0.283653]"
minesweeper,client,456,669,8,MR,attack_member,evaluation,0,1,0.49999940395355225,0,0.5014635920524597,False,4,0.5,1,"[0.713008, 0.286992]"
minesweeper,client,456,670,8,MR,attack_member,evaluation,1,1,0.5064777135848999,0,0.5112331509590149,False,4,0.0,0,"[0.68146, 0.31854]"
minesweeper,client,456,672,8,MR,attack_member,evaluation,1,1,0.5069851279258728,0,0.5112331509590149,False,4,0.25,0,"[0.66965, 0.33035]"
minesweeper,client,456,761,8,MR,attack_member,evaluation,1,1,0.5051225423812866,0,0.5112331509590149,False,4,0.0,0,"[0.712761, 0.287239]"
minesweeper,client,456,764,8,MR,attack_member,evaluation,0,1,0.49994897842407227,0,0.5014635920524597,False,4,1.0,1,"[0.706908, 0.293092]"
minesweeper,client,456,857,8,MR,attack_member,evaluation,0,1,0.499308705329895,0,0.5014635920524597,False,3,0.6666666666666666,1,"[0.629492, 0.370508]"
minesweeper,client,456,859,8,MR,attack_member,evaluation,0,1,0.49964720010757446,0,0.5014635920524597,False,4,1.0,1,"[0.670423, 0.329577]"
minesweeper,client,456,863,8,MR,attack_member,evaluation,0,1,0.49984171986579895,0,0.5014635920524597,False,4,0.75,1,"[0.693939, 0.306061]"
minesweeper,client,456,864,8,MR,attack_member,evaluation,0,1,0.5000094175338745,0,0.5014635920524597,False,4,0.75,1,"[0.714223, 0.285777]"
minesweeper,client,456,870,8,MR,attack_member,evaluation,0,1,0.500497043132782,0,0.5014635920524597,False,4,1.0,1,"[0.773205, 0.226795]"
minesweeper,client,456,960,8,MR,attack_member,evaluation,0,1,0.49965596199035645,0,0.5014635920524597,False,4,0.75,1,"[0.671478, 0.328522]"
minesweeper,client,456,1057,8,MR,attack_member,evaluation,0,1,0.4985337257385254,0,0.5014635920524597,False,4,0.75,1,"[0.535816, 0.464184]"
minesweeper,client,456,1060,8,MR,attack_member,evaluation,0,1,0.4997010827064514,0,0.5014635920524597,False,4,1.0,1,"[0.676935, 0.323065]"
minesweeper,client,456,1062,8,MR,attack_member,evaluation,0,1,0.4998701810836792,0,0.5014635920524597,False,4,1.0,1,"[0.69738, 0.30262]"
minesweeper,client,456,1071,8,MR,attack_member,evaluation,1,1,0.5042566657066345,0,0.5112331509590149,False,3,0.0,0,"[0.732586, 0.267414]"
minesweeper,client,456,1158,8,MR,attack_member,evaluation,0,1,0.4991779029369354,0,0.5014635920524597,False,4,0.5,1,"[0.613681, 0.386319]"
minesweeper,client,456,1161,8,MR,attack_member,evaluation,0,1,0.499796062707901,0,0.5014635920524597,False,4,0.5,1,"[0.688423, 0.311577]"
minesweeper,client,456,1166,8,MR,attack_member,evaluation,0,1,0.49956488609313965,0,0.5014635920524597,False,4,0.75,1,"[0.660466, 0.339534]"
minesweeper,client,456,1170,8,MR,attack_member,evaluation,0,1,0.5003885626792908,0,0.5014635920524597,False,3,1.0,1,"[0.760085, 0.239915]"
minesweeper,client,456,1171,8,MR,attack_member,evaluation,0,1,0.5005509853363037,0,0.5014635920524597,False,1,1.0,1,"[0.779733, 0.220267]"
minesweeper,client,456,1266,8,MR,attack_member,evaluation,0,1,0.4991755187511444,0,0.5014635920524597,False,4,0.75,1,"[0.613391, 0.386609]"
minesweeper,client,456,1267,8,MR,attack_member,evaluation,0,1,0.499306857585907,0,0.5014635920524597,False,4,1.0,1,"[0.629263, 0.370737]"
minesweeper,client,456,1357,8,MR,attack_member,evaluation,0,1,0.49972522258758545,0,0.5014635920524597,False,4,0.75,1,"[0.67985, 0.32015]"
minesweeper,client,456,1358,8,MR,attack_member,evaluation,0,1,0.49977678060531616,0,0.5014635920524597,False,4,0.75,1,"[0.686085, 0.313915]"
minesweeper,client,456,1459,8,MR,attack_member,evaluation,0,1,0.4994482100009918,0,0.5014635920524597,False,4,0.75,1,"[0.646358, 0.353642]"
minesweeper,client,456,1468,8,MR,attack_member,evaluation,0,1,0.4983796179294586,0,0.5014635920524597,False,3,0.3333333333333333,1,"[0.517185, 0.482815]"
minesweeper,client,456,1469,8,MR,attack_member,evaluation,1,1,0.5127900242805481,1,0.5112331509590149,False,1,0.0,0,"[0.530218, 0.469782]"
minesweeper,client,456,1557,8,MR,attack_member,evaluation,0,1,0.499581515789032,0,0.5014635920524597,False,4,0.75,1,"[0.662476, 0.337524]"
minesweeper,client,456,1560,8,MR,attack_member,evaluation,0,1,0.49968868494033813,0,0.5014635920524597,False,4,1.0,1,"[0.675435, 0.324565]"
minesweeper,client,456,1563,8,MR,attack_member,evaluation,0,1,0.49952688813209534,0,0.5014635920524597,False,4,1.0,1,"[0.65587, 0.344131]"
minesweeper,client,456,1565,8,MR,attack_member,evaluation,0,1,0.4991648197174072,0,0.5014635920524597,False,4,0.5,1,"[0.612097, 0.387904]"
minesweeper,client,456,1659,8,MR,attack_member,evaluation,0,1,0.49957138299942017,0,0.5014635920524597,False,4,0.75,1,"[0.661252, 0.338748]"
minesweeper,client,456,1668,8,MR,attack_member,evaluation,0,1,0.4987563490867615,0,0.5014635920524597,False,2,1.0,1,"[0.562719, 0.437281]"
minesweeper,client,456,1758,8,MR,attack_member,evaluation,0,1,0.4992919862270355,0,0.5014635920524597,False,4,0.75,1,"[0.627472, 0.372528]"
minesweeper,client,456,1765,8,MR,attack_member,evaluation,0,1,0.49891239404678345,0,0.5014635920524597,False,4,0.75,1,"[0.581581, 0.418419]"
minesweeper,client,456,1859,8,MR,attack_member,evaluation,0,1,0.49956366419792175,0,0.5014635920524597,False,4,0.75,1,"[0.66032, 0.33968]"
minesweeper,client,456,1861,8,MR,attack_member,evaluation,0,1,0.5003694295883179,0,0.5014635920524597,False,4,1.0,1,"[0.757767, 0.242233]"
minesweeper,client,456,1863,8,MR,attack_member,evaluation,0,1,0.5004410743713379,0,0.5014635920524597,False,4,1.0,1,"[0.766435, 0.233565]"
minesweeper,client,456,1864,8,MR,attack_member,evaluation,0,1,0.4996568560600281,0,0.5014635920524597,False,4,0.75,1,"[0.671591, 0.328409]"
minesweeper,client,456,1955,8,MR,attack_member,evaluation,0,1,0.5005286335945129,0,0.5014635920524597,False,2,0.5,1,"[0.77703, 0.22297]"
minesweeper,client,456,1969,8,MR,attack_member,evaluation,0,1,0.5001203417778015,0,0.5014635920524597,False,3,0.6666666666666666,1,"[0.727642, 0.272358]"
minesweeper,client,456,2058,8,MR,attack_member,evaluation,0,1,0.49972012639045715,0,0.5014635920524597,False,1,1.0,1,"[0.679241, 0.320759]"
minesweeper,client,456,2167,8,MR,attack_member,evaluation,1,1,0.5053254961967468,0,0.5112331509590149,False,4,0.0,0,"[0.708095, 0.291905]"
minesweeper,client,456,2169,8,MR,attack_member,evaluation,0,1,0.5006304979324341,0,0.5014635920524597,False,3,1.0,1,"[0.78935, 0.21065]"
minesweeper,client,456,2266,8,MR,attack_member,evaluation,0,1,0.5018004775047302,1,0.5014635920524597,False,4,0.5,1,"[0.930966, 0.069034]"
minesweeper,client,456,2269,8,MR,attack_member,evaluation,0,1,0.5006396174430847,0,0.5014635920524597,False,1,1.0,1,"[0.790452, 0.209548]"
minesweeper,client,456,2365,8,MR,attack_member,evaluation,0,1,0.5018101930618286,1,0.5014635920524597,False,1,0.0,1,"[0.932137, 0.067863]"
minesweeper,client,456,3,8,MR,attack_member,evaluation,0,1,0.5008450746536255,0,0.5014635920524597,False,4,0.75,1,"[0.815313, 0.184687]"
minesweeper,client,456,9,8,MR,attack_member,evaluation,0,1,0.500109851360321,0,0.5014635920524597,False,4,0.75,1,"[0.72637, 0.27363]"
minesweeper,client,456,103,8,MR,attack_member,evaluation,0,1,0.4996970593929291,0,0.5014635920524597,False,4,1.0,1,"[0.67645, 0.32355]"
minesweeper,client,456,106,8,MR,attack_member,evaluation,0,1,0.49980688095092773,0,0.5014635920524597,False,4,0.75,1,"[0.689732, 0.310267]"
minesweeper,client,456,208,8,MR,attack_member,evaluation,0,1,0.5000913143157959,0,0.5014635920524597,False,4,1.0,1,"[0.724132, 0.275869]"
minesweeper,client,456,209,8,MR,attack_member,evaluation,0,1,0.5001891851425171,0,0.5014635920524597,False,4,1.0,1,"[0.735967, 0.264033]"
minesweeper,client,456,214,8,MR,attack_member,evaluation,0,1,0.49951571226119995,0,0.5014635920524597,False,4,0.75,1,"[0.654519, 0.345481]"
minesweeper,client,456,311,8,MR,attack_member,evaluation,0,1,0.5002294778823853,0,0.5014635920524597,False,4,0.75,1,"[0.740842, 0.259158]"
minesweeper,client,456,312,8,MR,attack_member,evaluation,0,1,0.5001230239868164,0,0.5014635920524597,False,4,1.0,1,"[0.727963, 0.272037]"
minesweeper,client,456,314,8,MR,attack_member,evaluation,0,1,0.4998750388622284,0,0.5014635920524597,False,4,0.5,1,"[0.697965, 0.302035]"
minesweeper,client,456,315,8,MR,attack_member,evaluation,1,1,0.5059011578559875,0,0.5112331509590149,False,4,0.25,0,"[0.694819, 0.305181]"
minesweeper,client,456,505,8,MR,attack_member,evaluation,0,1,0.5003012418746948,0,0.5014635920524597,False,4,0.75,1,"[0.74952, 0.25048]"
minesweeper,client,456,511,8,MR,attack_member,evaluation,0,1,0.49981918931007385,0,0.5014635920524597,False,4,1.0,1,"[0.691219, 0.308781]"
minesweeper,client,456,702,8,MR,attack_member,evaluation,1,1,0.5043705701828003,0,0.5112331509590149,False,4,0.0,0,"[0.729985, 0.270015]"
minesweeper,client,456,709,8,MR,attack_member,evaluation,1,1,0.5085822939872742,0,0.5112331509590149,False,4,0.25,0,"[0.632117, 0.367883]"
minesweeper,client,456,710,8,MR,attack_member,evaluation,0,1,0.499777227640152,0,0.5014635920524597,False,4,0.5,1,"[0.686144, 0.313856]"
minesweeper,client,456,711,8,MR,attack_member,evaluation,0,1,0.500392496585846,0,0.5014635920524597,False,4,0.5,1,"[0.760556, 0.239444]"
minesweeper,client,456,810,8,MR,attack_member,evaluation,1,1,0.50648432970047,0,0.5112331509590149,False,4,0.25,0,"[0.681308, 0.318692]"
minesweeper,client,456,812,8,MR,attack_member,evaluation,0,1,0.5007011890411377,0,0.5014635920524597,False,4,1.0,1,"[0.797909, 0.202091]"
minesweeper,client,456,905,8,MR,attack_member,evaluation,0,1,0.5000318884849548,0,0.5014635920524597,False,4,0.75,1,"[0.716939, 0.283061]"
minesweeper,client,456,907,8,MR,attack_member,evaluation,0,1,0.4994042217731476,0,0.5014635920524597,False,4,0.75,1,"[0.641043, 0.358957]"
minesweeper,client,456,910,8,MR,attack_member,evaluation,0,1,0.5002496838569641,0,0.5014635920524597,False,4,1.0,1,"[0.743284, 0.256716]"
minesweeper,client,456,1010,8,MR,attack_member,evaluation,0,1,0.500670313835144,0,0.5014635920524597,False,4,0.75,1,"[0.794168, 0.205832]"
minesweeper,client,456,1012,8,MR,attack_member,evaluation,0,1,0.5005729794502258,0,0.5014635920524597,False,4,1.0,1,"[0.782395, 0.217605]"
minesweeper,client,456,1102,8,MR,attack_member,evaluation,0,1,0.4999546408653259,0,0.5014635920524597,False,4,1.0,1,"[0.707593, 0.292407]"
minesweeper,client,456,1107,8,MR,attack_member,evaluation,0,1,0.5009499192237854,0,0.5014635920524597,False,4,0.75,1,"[0.828003, 0.171997]"
minesweeper,client,456,1110,8,MR,attack_member,evaluation,0,1,0.5001445412635803,0,0.5014635920524597,False,4,1.0,1,"[0.730564, 0.269436]"
minesweeper,client,456,1203,8,MR,attack_member,evaluation,0,1,0.49917393922805786,0,0.5014635920524597,False,4,1.0,1,"[0.613196, 0.386804]"
minesweeper,client,456,1303,8,MR,attack_member,evaluation,0,1,0.4993465840816498,0,0.5014635920524597,False,4,1.0,1,"[0.634073, 0.365927]"
minesweeper,client,456,1305,8,MR,attack_member,evaluation,0,1,0.5006407499313354,0,0.5014635920524597,False,4,1.0,1,"[0.790588, 0.209412]"
minesweeper,client,456,1309,8,MR,attack_member,evaluation,0,1,0.49928364157676697,0,0.5014635920524597,False,4,0.5,1,"[0.626464, 0.373536]"
minesweeper,client,456,1506,8,MR,attack_member,evaluation,1,1,0.5055186152458191,0,0.5112331509590149,False,4,0.0,0,"[0.703648, 0.296352]"
minesweeper,client,456,1702,8,MR,attack_member,evaluation,0,1,0.5002393126487732,0,0.5014635920524597,False,4,1.0,1,"[0.742028, 0.257972]"
minesweeper,client,456,1800,8,MR,attack_member,evaluation,0,1,0.4999117851257324,0,0.5014635920524597,False,1,1.0,1,"[0.702414, 0.297586]"
minesweeper,client,456,1807,8,MR,attack_member,evaluation,1,1,0.5045449733734131,0,0.5112331509590149,False,1,0.0,0,"[0.725999, 0.274001]"
minesweeper,client,456,8549,9,MR,attack_member,evaluation,0,1,0.49980857968330383,0,0.5014635920524597,False,4,0.75,1,"[0.689935, 0.310065]"
minesweeper,client,456,8559,9,MR,attack_member,evaluation,1,1,0.5080316066741943,0,0.5112331509590149,False,4,0.5,0,"[0.645121, 0.354879]"
minesweeper,client,456,8648,9,MR,attack_member,evaluation,1,1,0.5063835382461548,0,0.5112331509590149,False,4,0.25,0,"[0.683647, 0.316353]"
minesweeper,client,456,8657,9,MR,attack_member,evaluation,0,1,0.4989755153656006,0,0.5014635920524597,False,4,1.0,1,"[0.589214, 0.410786]"
minesweeper,client,456,8751,9,MR,attack_member,evaluation,0,1,0.49961671233177185,0,0.5014635920524597,False,4,1.0,1,"[0.666731, 0.333269]"
minesweeper,client,456,8758,9,MR,attack_member,evaluation,0,1,0.4999633729457855,0,0.5014635920524597,False,4,1.0,1,"[0.708651, 0.291349]"
minesweeper,client,456,8841,9,MR,attack_member,evaluation,0,1,0.498707115650177,0,0.5014635920524597,False,3,0.3333333333333333,1,"[0.556774, 0.443226]"
minesweeper,client,456,8860,9,MR,attack_member,evaluation,0,1,0.5004756450653076,0,0.5014635920524597,False,3,1.0,1,"[0.770617, 0.229383]"
minesweeper,client,456,8945,9,MR,attack_member,evaluation,0,1,0.500532865524292,0,0.5014635920524597,False,4,1.0,1,"[0.777538, 0.222462]"
minesweeper,client,456,8949,9,MR,attack_member,evaluation,0,1,0.5002756118774414,0,0.5014635920524597,False,4,0.75,1,"[0.746417, 0.253583]"
minesweeper,client,456,8952,9,MR,attack_member,evaluation,0,1,0.49913638830184937,0,0.5014635920524597,False,4,0.5,1,"[0.60866, 0.39134]"
minesweeper,client,456,8958,9,MR,attack_member,evaluation,0,1,0.49977654218673706,0,0.5014635920524597,False,4,1.0,1,"[0.686058, 0.313943]"
minesweeper,client,456,9049,9,MR,attack_member,evaluation,0,1,0.49915841221809387,0,0.5014635920524597,False,4,1.0,1,"[0.611324, 0.388676]"
minesweeper,client,456,9053,9,MR,attack_member,evaluation,1,1,0.5104150176048279,0,0.5112331509590149,False,4,0.25,0,"[0.588314, 0.411686]"
minesweeper,client,456,9059,9,MR,attack_member,evaluation,0,1,0.49974343180656433,0,0.5014635920524597,False,4,0.75,1,"[0.682057, 0.317943]"
minesweeper,client,456,9139,9,MR,attack_member,evaluation,0,1,0.49972566962242126,0,0.5014635920524597,False,4,1.0,1,"[0.679906, 0.320094]"
minesweeper,client,456,9144,9,MR,attack_member,evaluation,0,1,0.5005897879600525,0,0.5014635920524597,False,4,0.75,1,"[0.784426, 0.215574]"
minesweeper,client,456,9147,9,MR,attack_member,evaluation,0,1,0.4988725781440735,0,0.5014635920524597,False,4,0.5,1,"[0.576766, 0.423234]"
minesweeper,client,456,9150,9,MR,attack_member,evaluation,0,1,0.4986746907234192,0,0.5014635920524597,False,4,0.25,1,"[0.55285, 0.44715]"
minesweeper,client,456,9155,9,MR,attack_member,evaluation,0,1,0.499161034822464,0,0.5014635920524597,False,4,1.0,1,"[0.611636, 0.388364]"
minesweeper,client,456,9160,9,MR,attack_member,evaluation,0,1,0.49908024072647095,0,0.5014635920524597,False,3,0.3333333333333333,1,"[0.601871, 0.398129]"
minesweeper,client,456,9245,9,MR,attack_member,evaluation,1,1,0.5033496618270874,0,0.5112331509590149,False,4,0.0,0,"[0.753219, 0.246781]"
minesweeper,client,456,9254,9,MR,attack_member,evaluation,0,1,0.4996994435787201,0,0.5014635920524597,False,4,1.0,1,"[0.676734, 0.323266]"
minesweeper,client,456,9257,9,MR,attack_member,evaluation,1,1,0.5117261409759521,1,0.5112331509590149,False,4,0.5,0,"[0.556443, 0.443557]"
minesweeper,client,456,9259,9,MR,attack_member,evaluation,1,1,0.5106906294822693,0,0.5112331509590149,False,4,0.0,0,"[0.581655, 0.418345]"
minesweeper,client,456,9260,9,MR,attack_member,evaluation,0,1,0.49908944964408875,0,0.5014635920524597,False,4,0.75,1,"[0.602987, 0.397013]"
minesweeper,client,456,9261,9,MR,attack_member,evaluation,1,1,0.506628692150116,0,0.5112331509590149,False,4,0.0,0,"[0.677953, 0.322047]"
minesweeper,client,456,9352,9,MR,attack_member,evaluation,0,1,0.49964234232902527,0,0.5014635920524597,False,4,1.0,1,"[0.669833, 0.330167]"
minesweeper,client,456,9359,9,MR,attack_member,evaluation,0,1,0.499825119972229,0,0.5014635920524597,False,4,0.75,1,"[0.691934, 0.308066]"
minesweeper,client,456,9361,9,MR,attack_member,evaluation,0,1,0.5003730058670044,0,0.5014635920524597,False,4,0.75,1,"[0.758198, 0.241802]"
minesweeper,client,456,9363,9,MR,attack_member,evaluation,0,1,0.4999561011791229,0,0.5014635920524597,False,2,1.0,1,"[0.707776, 0.292224]"
minesweeper,client,456,9446,9,MR,attack_member,evaluation,0,1,0.4993172883987427,0,0.5014635920524597,False,4,0.5,1,"[0.630525, 0.369475]"
minesweeper,client,456,9447,9,MR,attack_member,evaluation,0,1,0.4995914697647095,0,0.5014635920524597,False,4,0.75,1,"[0.663675, 0.336325]"
minesweeper,client,456,9458,9,MR,attack_member,evaluation,0,1,0.4999929964542389,0,0.5014635920524597,False,4,0.75,1,"[0.712235, 0.287765]"
minesweeper,client,456,9462,9,MR,attack_member,evaluation,0,1,0.49975448846817017,0,0.5014635920524597,False,4,0.75,1,"[0.683388, 0.316612]"
minesweeper,client,456,9537,9,MR,attack_member,evaluation,0,1,0.5000298023223877,0,0.5014635920524597,False,4,1.0,1,"[0.71669, 0.28331]"
minesweeper,client,456,9548,9,MR,attack_member,evaluation,0,1,0.49975571036338806,0,0.5014635920524597,False,4,0.5,1,"[0.683542, 0.316458]"
minesweeper,client,456,9561,9,MR,attack_member,evaluation,0,1,0.4995591938495636,0,0.5014635920524597,False,4,1.0,1,"[0.659772, 0.340228]"
minesweeper,client,456,9563,9,MR,attack_member,evaluation,1,1,0.5067688226699829,0,0.5112331509590149,False,4,0.0,0,"[0.674691, 0.325309]"
minesweeper,client,456,9653,9,MR,attack_member,evaluation,0,1,0.49934151768684387,0,0.5014635920524597,False,4,1.0,1,"[0.633457, 0.366543]"
minesweeper,client,456,9736,9,MR,attack_member,evaluation,0,1,0.5000239610671997,0,0.5014635920524597,False,4,1.0,1,"[0.715984, 0.284016]"
minesweeper,client,456,9745,9,MR,attack_member,evaluation,1,1,0.5038803219795227,0,0.5112331509590149,False,4,0.25,0,"[0.741163, 0.258837]"
minesweeper,client,456,9750,9,MR,attack_member,evaluation,0,1,0.5005055069923401,0,0.5014635920524597,False,4,0.75,1,"[0.774228, 0.225772]"
minesweeper,client,456,9753,9,MR,attack_member,evaluation,0,1,0.4999088943004608,0,0.5014635920524597,False,4,0.75,1,"[0.702064, 0.297936]"
minesweeper,client,456,9758,9,MR,attack_member,evaluation,1,1,0.5079609155654907,0,0.5112331509590149,False,4,0.25,0,"[0.646785, 0.353215]"
minesweeper,client,456,9759,9,MR,attack_member,evaluation,0,1,0.49985215067863464,0,0.5014635920524597,False,4,0.75,1,"[0.695201, 0.304799]"
minesweeper,client,456,9764,9,MR,attack_member,evaluation,0,1,0.49967849254608154,0,0.5014635920524597,False,2,0.5,1,"[0.674202, 0.325798]"
minesweeper,client,456,9835,9,MR,attack_member,evaluation,0,1,0.5005480051040649,0,0.5014635920524597,False,4,1.0,1,"[0.779372, 0.220628]"
minesweeper,client,456,9836,9,MR,attack_member,evaluation,0,1,0.5012243986129761,0,0.5014635920524597,False,4,0.75,1,"[0.861222, 0.138778]"
minesweeper,client,456,9837,9,MR,attack_member,evaluation,0,1,0.501822829246521,1,0.5014635920524597,False,4,0.5,1,"[0.933672, 0.066328]"
minesweeper,client,456,9838,9,MR,attack_member,evaluation,0,1,0.5018519163131714,1,0.5014635920524597,False,4,0.5,1,"[0.937189, 0.062811]"
minesweeper,client,456,9847,9,MR,attack_member,evaluation,0,1,0.5004934668540955,0,0.5014635920524597,False,4,0.75,1,"[0.77277, 0.22723]"
minesweeper,client,456,9863,9,MR,attack_member,evaluation,0,1,0.5009902715682983,0,0.5014635920524597,False,4,0.75,1,"[0.832884, 0.167116]"
minesweeper,client,456,9942,9,MR,attack_member,evaluation,0,1,0.5000982880592346,0,0.5014635920524597,False,1,1.0,1,"[0.724971, 0.275029]"
minesweeper,client,456,9951,9,MR,attack_member,evaluation,0,1,0.500299870967865,0,0.5014635920524597,False,1,0.0,1,"[0.74935, 0.25065]"
minesweeper,client,456,9952,9,MR,attack_member,evaluation,1,1,0.5039741396903992,0,0.5112331509590149,False,1,0.0,0,"[0.739027, 0.260973]"
minesweeper,client,456,9954,9,MR,attack_member,evaluation,0,1,0.5000982880592346,0,0.5014635920524597,False,1,1.0,1,"[0.724971, 0.275029]"
minesweeper,client,456,9964,9,MR,attack_member,evaluation,0,1,0.5000982880592346,0,0.5014635920524597,False,0,,1,"[0.724971, 0.275029]"
minesweeper,client,456,84,9,MR,attack_member,evaluation,0,1,0.4991079866886139,0,0.5014635920524597,False,4,0.75,1,"[0.605225, 0.394775]"
minesweeper,client,456,86,9,MR,attack_member,evaluation,1,1,0.507842481136322,0,0.5112331509590149,False,4,0.0,0,"[0.649571, 0.350429]"
minesweeper,client,456,90,9,MR,attack_member,evaluation,0,1,0.49960625171661377,0,0.5014635920524597,False,4,0.5,1,"[0.665468, 0.334532]"
minesweeper,client,456,191,9,MR,attack_member,evaluation,0,1,0.49954965710639954,0,0.5014635920524597,False,4,1.0,1,"[0.658625, 0.341375]"
minesweeper,client,456,278,9,MR,attack_member,evaluation,0,1,0.49889254570007324,0,0.5014635920524597,False,3,1.0,1,"[0.57918, 0.42082]"
minesweeper,client,456,290,9,MR,attack_member,evaluation,0,1,0.5001828670501709,0,0.5014635920524597,False,4,1.0,1,"[0.735199, 0.264801]"
minesweeper,client,456,297,9,MR,attack_member,evaluation,0,1,0.5001041889190674,0,0.5014635920524597,False,4,0.25,1,"[0.725687, 0.274313]"
minesweeper,client,456,378,9,MR,attack_member,evaluation,0,1,0.4991888403892517,0,0.5014635920524597,False,3,1.0,1,"[0.615, 0.385]"
minesweeper,client,456,379,9,MR,attack_member,evaluation,0,1,0.4991356432437897,0,0.5014635920524597,False,4,0.75,1,"[0.608568, 0.391432]"
minesweeper,client,456,381,9,MR,attack_member,evaluation,0,1,0.49944454431533813,0,0.5014635920524597,False,4,1.0,1,"[0.645914, 0.354086]"
minesweeper,client,456,382,9,MR,attack_member,evaluation,0,1,0.4994482100009918,0,0.5014635920524597,False,4,1.0,1,"[0.646358, 0.353642]"
minesweeper,client,456,383,9,MR,attack_member,evaluation,0,1,0.49992164969444275,0,0.5014635920524597,False,4,0.75,1,"[0.70361, 0.29639]"
minesweeper,client,456,385,9,MR,attack_member,evaluation,0,1,0.49963000416755676,0,0.5014635920524597,False,4,0.5,1,"[0.668336, 0.331664]"
minesweeper,client,456,387,9,MR,attack_member,evaluation,0,1,0.4992154836654663,0,0.5014635920524597,False,4,1.0,1,"[0.618216, 0.381784]"
minesweeper,client,456,390,9,MR,attack_member,evaluation,0,1,0.500083327293396,0,0.5014635920524597,False,4,0.75,1,"[0.723164, 0.276836]"
minesweeper,client,456,395,9,MR,attack_member,evaluation,1,1,0.507746160030365,0,0.5112331509590149,False,4,0.5,0,"[0.651835, 0.348165]"
minesweeper,client,456,478,9,MR,attack_member,evaluation,0,1,0.4992973804473877,0,0.5014635920524597,False,3,0.6666666666666666,1,"[0.62812, 0.371881]"
minesweeper,client,456,479,9,MR,attack_member,evaluation,0,1,0.4993867576122284,0,0.5014635920524597,False,4,0.75,1,"[0.638922, 0.361078]"
minesweeper,client,456,487,9,MR,attack_member,evaluation,0,1,0.4994105100631714,0,0.5014635920524597,False,4,0.75,1,"[0.6418, 0.3582]"
minesweeper,client,456,496,9,MR,attack_member,evaluation,0,1,0.4984647035598755,0,0.5014635920524597,False,4,0.25,1,"[0.527467, 0.472533]"
minesweeper,client,456,580,9,MR,attack_member,evaluation,0,1,0.49937310814857483,0,0.5014635920524597,False,4,0.75,1,"[0.63728, 0.36272]"
minesweeper,client,456,583,9,MR,attack_member,evaluation,0,1,0.49971896409988403,0,0.5014635920524597,False,4,1.0,1,"[0.679098, 0.320902]"
minesweeper,client,456,592,9,MR,attack_member,evaluation,0,1,0.49886563420295715,0,0.5014635920524597,False,4,1.0,1,"[0.575928, 0.424072]"
minesweeper,client,456,598,9,MR,attack_member,evaluation,0,1,0.4996286928653717,0,0.5014635920524597,False,4,1.0,1,"[0.668174, 0.331826]"
minesweeper,client,456,688,9,MR,attack_member,evaluation,0,1,0.5003440380096436,0,0.5014635920524597,False,4,0.75,1,"[0.754699, 0.245301]"
minesweeper,client,456,785,9,MR,attack_member,evaluation,1,1,0.5064723491668701,0,0.5112331509590149,False,4,0.0,0,"[0.681586, 0.318414]"
minesweeper,client,456,786,9,MR,attack_member,evaluation,0,1,0.49979332089424133,0,0.5014635920524597,False,4,1.0,1,"[0.688092, 0.311908]"
minesweeper,client,456,787,9,MR,attack_member,evaluation,0,1,0.4996505677700043,0,0.5014635920524597,False,4,0.75,1,"[0.670825, 0.329175]"
minesweeper,client,456,791,9,MR,attack_member,evaluation,1,1,0.5118919014930725,1,0.5112331509590149,False,4,0.0,0,"[0.552378, 0.447622]"
minesweeper,client,456,792,9,MR,attack_member,evaluation,0,1,0.49842894077301025,0,0.5014635920524597,False,4,0.75,1,"[0.523145, 0.476855]"
minesweeper,client,456,796,9,MR,attack_member,evaluation,0,1,0.49867138266563416,0,0.5014635920524597,False,4,0.5,1,"[0.552452, 0.447548]"
minesweeper,client,456,884,9,MR,attack_member,evaluation,0,1,0.49944454431533813,0,0.5014635920524597,False,4,1.0,1,"[0.645914, 0.354086]"
minesweeper,client,456,885,9,MR,attack_member,evaluation,0,1,0.4994882047176361,0,0.5014635920524597,False,4,1.0,1,"[0.651196, 0.348804]"
minesweeper,client,456,888,9,MR,attack_member,evaluation,1,1,0.5067734122276306,0,0.5112331509590149,False,4,0.25,0,"[0.674584, 0.325416]"
minesweeper,client,456,896,9,MR,attack_member,evaluation,0,1,0.49866291880607605,0,0.5014635920524597,False,4,0.75,1,"[0.55143, 0.44857]"
minesweeper,client,456,990,9,MR,attack_member,evaluation,0,1,0.49891215562820435,0,0.5014635920524597,False,4,0.5,1,"[0.581551, 0.418449]"
minesweeper,client,456,1086,9,MR,attack_member,evaluation,1,1,0.5101075768470764,0,0.5112331509590149,False,4,0.25,0,"[0.595722, 0.404278]"
minesweeper,client,456,1182,9,MR,attack_member,evaluation,1,1,0.5102008581161499,0,0.5112331509590149,False,3,0.3333333333333333,0,"[0.593477, 0.406523]"
minesweeper,client,456,1197,9,MR,attack_member,evaluation,0,1,0.49952271580696106,0,0.5014635920524597,False,4,0.75,1,"[0.655365, 0.344635]"
minesweeper,client,456,1284,9,MR,attack_member,evaluation,0,1,0.5018235445022583,1,0.5014635920524597,False,4,0.75,1,"[0.933757, 0.066243]"
minesweeper,client,456,1297,9,MR,attack_member,evaluation,0,1,0.49915748834609985,0,0.5014635920524597,False,4,1.0,1,"[0.611209, 0.388791]"
minesweeper,client,456,1386,9,MR,attack_member,evaluation,0,1,0.5004906058311462,0,0.5014635920524597,False,3,1.0,1,"[0.772427, 0.227573]"
minesweeper,client,456,1396,9,MR,attack_member,evaluation,0,1,0.49944910407066345,0,0.5014635920524597,False,4,0.75,1,"[0.646464, 0.353536]"
minesweeper,client,456,1498,9,MR,attack_member,evaluation,1,1,0.5021479725837708,0,0.5112331509590149,False,4,0.0,0,"[0.780362, 0.219638]"
minesweeper,client,456,7880,10,MR,attack_member,evaluation,0,1,0.50059974193573,0,0.5014635920524597,False,3,0.6666666666666666,1,"[0.78563, 0.214369]"
minesweeper,client,456,7980,10,MR,attack_member,evaluation,0,1,0.5000735521316528,0,0.5014635920524597,False,4,0.75,1,"[0.721976, 0.278024]"
minesweeper,client,456,8178,10,MR,attack_member,evaluation,0,1,0.4982534646987915,0,0.5014635920524597,False,4,0.25,1,"[0.501942, 0.498058]"
minesweeper,client,456,8279,10,MR,attack_member,evaluation,1,1,0.5076220631599426,0,0.5112331509590149,False,4,0.25,0,"[0.654749, 0.345251]"
minesweeper,client,456,8284,10,MR,attack_member,evaluation,0,1,0.49969005584716797,0,0.5014635920524597,False,3,1.0,1,"[0.675604, 0.324396]"
minesweeper,client,456,8378,10,MR,attack_member,evaluation,0,1,0.4995679557323456,0,0.5014635920524597,False,4,1.0,1,"[0.660839, 0.339161]"
minesweeper,client,456,8477,10,MR,attack_member,evaluation,0,1,0.4997614324092865,0,0.5014635920524597,False,4,1.0,1,"[0.684232, 0.315768]"
minesweeper,client,456,8478,10,MR,attack_member,evaluation,0,1,0.49997127056121826,0,0.5014635920524597,False,4,1.0,1,"[0.709608, 0.290392]"
minesweeper,client,456,8578,10,MR,attack_member,evaluation,0,1,0.49983540177345276,0,0.5014635920524597,False,4,0.5,1,"[0.693177, 0.306823]"
minesweeper,client,456,8580,10,MR,attack_member,evaluation,0,1,0.4996812045574188,0,0.5014635920524597,False,4,0.75,1,"[0.674538, 0.325463]"
minesweeper,client,456,8582,10,MR,attack_member,evaluation,0,1,0.4994274973869324,0,0.5014635920524597,False,4,0.25,1,"[0.643853, 0.356147]"
minesweeper,client,456,8590,10,MR,attack_member,evaluation,0,1,0.5007150173187256,0,0.5014635920524597,False,4,1.0,1,"[0.799577, 0.200423]"
minesweeper,client,456,8592,10,MR,attack_member,evaluation,0,1,0.500717043876648,0,0.5014635920524597,False,3,1.0,1,"[0.799826, 0.200174]"
minesweeper,client,456,8677,10,MR,attack_member,evaluation,1,1,0.5106795430183411,0,0.5112331509590149,False,4,0.25,0,"[0.581922, 0.418078]"
minesweeper,client,456,8680,10,MR,attack_member,evaluation,0,1,0.4986453652381897,0,0.5014635920524597,False,4,0.75,1,"[0.549308, 0.450692]"
minesweeper,client,456,8692,10,MR,attack_member,evaluation,0,1,0.5002866387367249,0,0.5014635920524597,False,4,1.0,1,"[0.74775, 0.25225]"
minesweeper,client,456,8778,10,MR,attack_member,evaluation,0,1,0.49860626459121704,0,0.5014635920524597,False,4,0.75,1,"[0.544576, 0.455424]"
minesweeper,client,456,8794,10,MR,attack_member,evaluation,0,1,0.49913260340690613,0,0.5014635920524597,False,4,0.75,1,"[0.608204, 0.391796]"
minesweeper,client,456,8887,10,MR,attack_member,evaluation,1,1,0.5096310377120972,0,0.5112331509590149,False,4,0.25,0,"[0.607155, 0.392845]"
minesweeper,client,456,8977,10,MR,attack_member,evaluation,1,1,0.5104174613952637,0,0.5112331509590149,False,4,0.25,0,"[0.588256, 0.411744]"
minesweeper,client,456,8990,10,MR,attack_member,evaluation,1,1,0.5075588226318359,0,0.5112331509590149,False,4,0.25,0,"[0.656232, 0.343768]"
minesweeper,client,456,8997,10,MR,attack_member,evaluation,0,1,0.4988667070865631,0,0.5014635920524597,False,4,0.5,1,"[0.576062, 0.423938]"
minesweeper,client,456,9078,10,MR,attack_member,evaluation,0,1,0.4997749924659729,0,0.5014635920524597,False,4,1.0,1,"[0.68587, 0.31413]"
minesweeper,client,456,9079,10,MR,attack_member,evaluation,0,1,0.49994102120399475,0,0.5014635920524597,False,4,1.0,1,"[0.705951, 0.294049]"
minesweeper,client,456,9087,10,MR,attack_member,evaluation,0,1,0.49966225028038025,0,0.5014635920524597,False,4,0.5,1,"[0.672241, 0.327759]"
minesweeper,client,456,9090,10,MR,attack_member,evaluation,0,1,0.4990822970867157,0,0.5014635920524597,False,4,1.0,1,"[0.602119, 0.397881]"
minesweeper,client,456,9091,10,MR,attack_member,evaluation,0,1,0.49908745288848877,0,0.5014635920524597,False,4,0.75,1,"[0.602748, 0.397252]"
minesweeper,client,456,9092,10,MR,attack_member,evaluation,0,1,0.4988638460636139,0,0.5014635920524597,False,4,0.75,1,"[0.575713, 0.424287]"
minesweeper,client,456,9095,10,MR,attack_member,evaluation,0,1,0.4987139105796814,0,0.5014635920524597,False,4,0.75,1,"[0.557594, 0.442406]"
minesweeper,client,456,9177,10,MR,attack_member,evaluation,0,1,0.4995371103286743,0,0.5014635920524597,False,4,0.75,1,"[0.657111, 0.342889]"
minesweeper,client,456,9187,10,MR,attack_member,evaluation,1,1,0.511630654335022,1,0.5112331509590149,False,4,0.5,0,"[0.55878, 0.44122]"
minesweeper,client,456,9188,10,MR,attack_member,evaluation,1,1,0.5121750831604004,1,0.5112331509590149,False,4,0.25,0,"[0.545417, 0.454583]"
minesweeper,client,456,9189,10,MR,attack_member,evaluation,0,1,0.49894198775291443,0,0.5014635920524597,False,4,0.75,1,"[0.585161, 0.414839]"
minesweeper,client,456,9194,10,MR,attack_member,evaluation,0,1,0.5003929734230042,0,0.5014635920524597,False,4,0.75,1,"[0.760616, 0.239384]"
minesweeper,client,456,9196,10,MR,attack_member,evaluation,0,1,0.4996139407157898,0,0.5014635920524597,False,4,0.75,1,"[0.666401, 0.333599]"
minesweeper,client,456,9289,10,MR,attack_member,evaluation,0,1,0.49910712242126465,0,0.5014635920524597,False,4,0.75,1,"[0.605121, 0.394879]"
minesweeper,client,456,9293,10,MR,attack_member,evaluation,1,1,0.501685619354248,0,0.5112331509590149,False,4,0.0,0,"[0.79075, 0.20925]"
minesweeper,client,456,9294,10,MR,attack_member,evaluation,0,1,0.5004645586013794,0,0.5014635920524597,False,4,1.0,1,"[0.769279, 0.230721]"
minesweeper,client,456,9380,10,MR,attack_member,evaluation,0,1,0.49983441829681396,0,0.5014635920524597,False,4,0.75,1,"[0.693063, 0.306937]"
minesweeper,client,456,9386,10,MR,attack_member,evaluation,0,1,0.4992782771587372,0,0.5014635920524597,False,4,1.0,1,"[0.625819, 0.374181]"
minesweeper,client,456,9390,10,MR,attack_member,evaluation,0,1,0.5002655982971191,0,0.5014635920524597,False,4,1.0,1,"[0.745207, 0.254793]"
minesweeper,client,456,9396,10,MR,attack_member,evaluation,1,1,0.5044201612472534,0,0.5112331509590149,False,4,0.0,0,"[0.728853, 0.271147]"
minesweeper,client,456,9482,10,MR,attack_member,evaluation,0,1,0.4988114833831787,0,0.5014635920524597,False,4,0.5,1,"[0.569384, 0.430616]"
minesweeper,client,456,9486,10,MR,attack_member,evaluation,0,1,0.49943000078201294,0,0.5014635920524597,False,4,0.75,1,"[0.64416, 0.35584]"
minesweeper,client,456,9493,10,MR,attack_member,evaluation,0,1,0.5007354617118835,0,0.5014635920524597,False,4,0.75,1,"[0.802049, 0.197951]"
minesweeper,client,456,9498,10,MR,attack_member,evaluation,0,1,0.5000683665275574,0,0.5014635920524597,False,4,0.75,1,"[0.721354, 0.278646]"
minesweeper,client,456,9579,10,MR,attack_member,evaluation,0,1,0.5000542402267456,0,0.5014635920524597,False,4,1.0,1,"[0.719647, 0.280353]"
minesweeper,client,456,9588,10,MR,attack_member,evaluation,0,1,0.5005123615264893,0,0.5014635920524597,False,4,1.0,1,"[0.775058, 0.224942]"
minesweeper,client,456,9589,10,MR,attack_member,evaluation,0,1,0.5000669360160828,0,0.5014635920524597,False,4,1.0,1,"[0.721182, 0.278818]"
minesweeper,client,456,9679,10,MR,attack_member,evaluation,0,1,0.5000104308128357,0,0.5014635920524597,False,4,1.0,1,"[0.714344, 0.285656]"
minesweeper,client,456,9681,10,MR,attack_member,evaluation,0,1,0.5000056624412537,0,0.5014635920524597,False,4,1.0,1,"[0.713766, 0.286234]"
minesweeper,client,456,9687,10,MR,attack_member,evaluation,0,1,0.49992454051971436,0,0.5014635920524597,False,4,1.0,1,"[0.703961, 0.296038]"
minesweeper,client,456,9692,10,MR,attack_member,evaluation,0,1,0.5002755522727966,0,0.5014635920524597,False,4,1.0,1,"[0.746411, 0.253589]"
minesweeper,client,456,9693,10,MR,attack_member,evaluation,0,1,0.5005587339401245,0,0.5014635920524597,False,4,1.0,1,"[0.780672, 0.219328]"
minesweeper,client,456,9697,10,MR,attack_member,evaluation,1,1,0.5081582069396973,0,0.5112331509590149,False,4,0.0,0,"[0.642137, 0.357863]"
minesweeper,client,456,9792,10,MR,attack_member,evaluation,0,1,0.5004854202270508,0,0.5014635920524597,False,4,0.75,1,"[0.771799, 0.228201]"
minesweeper,client,456,9797,10,MR,attack_member,evaluation,0,1,0.4997393786907196,0,0.5014635920524597,False,4,0.5,1,"[0.681567, 0.318433]"
minesweeper,client,456,9881,10,MR,attack_member,evaluation,0,1,0.5006418824195862,0,0.5014635920524597,False,4,0.5,1,"[0.790731, 0.209269]"
minesweeper,client,456,9887,10,MR,attack_member,evaluation,0,1,0.5007485151290894,0,0.5014635920524597,False,4,1.0,1,"[0.803632, 0.196368]"
minesweeper,client,456,9893,10,MR,attack_member,evaluation,0,1,0.5009369850158691,0,0.5014635920524597,False,4,1.0,1,"[0.826439, 0.17356]"
minesweeper,client,456,7868,10,MR,attack_member,evaluation,1,1,0.5095463991165161,0,0.5112331509590149,False,4,0.25,0,"[0.609178, 0.390822]"
minesweeper,client,456,7871,10,MR,attack_member,evaluation,0,1,0.4992283880710602,0,0.5014635920524597,False,4,0.25,1,"[0.619784, 0.380217]"
minesweeper,client,456,7974,10,MR,attack_member,evaluation,0,1,0.4999193847179413,0,0.5014635920524597,False,4,0.75,1,"[0.703332, 0.296668]"
minesweeper,client,456,8068,10,MR,attack_member,evaluation,0,1,0.4996931552886963,0,0.5014635920524597,False,4,0.75,1,"[0.67598, 0.32402]"
minesweeper,client,456,8168,10,MR,attack_member,evaluation,0,1,0.49956175684928894,0,0.5014635920524597,False,4,0.75,1,"[0.660089, 0.339911]"
minesweeper,client,456,8171,10,MR,attack_member,evaluation,0,1,0.4990377128124237,0,0.5014635920524597,False,4,0.75,1,"[0.596732, 0.403268]"
minesweeper,client,456,8174,10,MR,attack_member,evaluation,0,1,0.49980366230010986,0,0.5014635920524597,False,4,1.0,1,"[0.689339, 0.310661]"
minesweeper,client,456,8264,10,MR,attack_member,evaluation,0,1,0.4992232322692871,0,0.5014635920524597,False,4,0.75,1,"[0.619159, 0.380841]"
minesweeper,client,456,8374,10,MR,attack_member,evaluation,0,1,0.5000613331794739,0,0.5014635920524597,False,4,1.0,1,"[0.720501, 0.279499]"
minesweeper,client,456,8465,10,MR,attack_member,evaluation,0,1,0.49987462162971497,0,0.5014635920524597,False,4,1.0,1,"[0.697919, 0.302081]"
minesweeper,client,456,8469,10,MR,attack_member,evaluation,0,1,0.49949541687965393,0,0.5014635920524597,False,4,1.0,1,"[0.652061, 0.347939]"
minesweeper,client,456,8473,10,MR,attack_member,evaluation,0,1,0.5005723237991333,0,0.5014635920524597,False,4,1.0,1,"[0.782311, 0.217689]"
minesweeper,client,456,8569,10,MR,attack_member,evaluation,0,1,0.49964869022369385,0,0.5014635920524597,False,4,1.0,1,"[0.6706, 0.3294]"
minesweeper,client,456,8574,10,MR,attack_member,evaluation,0,1,0.5000286102294922,0,0.5014635920524597,False,4,1.0,1,"[0.716542, 0.283458]"
minesweeper,client,456,8668,10,MR,attack_member,evaluation,0,1,0.4992612302303314,0,0.5014635920524597,False,4,0.75,1,"[0.623754, 0.376246]"
minesweeper,client,456,8670,10,MR,attack_member,evaluation,0,1,0.5002578496932983,0,0.5014635920524597,False,4,1.0,1,"[0.744269, 0.255731]"
minesweeper,client,456,8771,10,MR,attack_member,evaluation,0,1,0.5007391571998596,0,0.5014635920524597,False,4,1.0,1,"[0.802504, 0.197496]"
minesweeper,client,456,8868,10,MR,attack_member,evaluation,0,1,0.4994138777256012,0,0.5014635920524597,False,4,0.75,1,"[0.642202, 0.357798]"
minesweeper,client,456,8964,10,MR,attack_member,evaluation,0,1,0.4994160234928131,0,0.5014635920524597,False,4,0.75,1,"[0.64247, 0.35753]"
minesweeper,client,456,8970,10,MR,attack_member,evaluation,0,1,0.5002325773239136,0,0.5014635920524597,False,4,1.0,1,"[0.741216, 0.258784]"
minesweeper,client,456,9062,10,MR,attack_member,evaluation,0,1,0.5009777545928955,0,0.5014635920524597,False,4,1.0,1,"[0.83137, 0.16863]"
minesweeper,client,456,9162,10,MR,attack_member,evaluation,0,1,0.5005553364753723,0,0.5014635920524597,False,2,1.0,1,"[0.780257, 0.219743]"
minesweeper,client,456,9163,10,MR,attack_member,evaluation,0,1,0.5002257823944092,0,0.5014635920524597,False,3,1.0,1,"[0.740391, 0.259609]"
minesweeper,client,456,9170,10,MR,attack_member,evaluation,1,1,0.5059472918510437,0,0.5112331509590149,False,4,0.0,0,"[0.693753, 0.306247]"
minesweeper,client,456,9171,10,MR,attack_member,evaluation,0,1,0.49988695979118347,0,0.5014635920524597,False,4,1.0,1,"[0.699415, 0.300585]"
minesweeper,client,456,9266,10,MR,attack_member,evaluation,0,1,0.4999295771121979,0,0.5014635920524597,False,4,1.0,1,"[0.70457, 0.29543]"
minesweeper,client,456,9272,10,MR,attack_member,evaluation,0,1,0.4997768998146057,0,0.5014635920524597,False,4,1.0,1,"[0.686104, 0.313896]"
minesweeper,client,456,9274,10,MR,attack_member,evaluation,0,1,0.499074786901474,0,0.5014635920524597,False,4,0.75,1,"[0.601215, 0.398785]"
minesweeper,client,456,9374,10,MR,attack_member,evaluation,0,1,0.49872538447380066,0,0.5014635920524597,False,4,1.0,1,"[0.558978, 0.441022]"
minesweeper,client,456,9377,10,MR,attack_member,evaluation,0,1,0.49935173988342285,0,0.5014635920524597,False,4,0.75,1,"[0.634694, 0.365306]"
minesweeper,client,456,9469,10,MR,attack_member,evaluation,1,1,0.5043162107467651,0,0.5112331509590149,False,4,0.25,0,"[0.731227, 0.268773]"
minesweeper,client,456,9472,10,MR,attack_member,evaluation,0,1,0.499226838350296,0,0.5014635920524597,False,4,0.5,1,"[0.619596, 0.380404]"
minesweeper,client,456,9478,10,MR,attack_member,evaluation,0,1,0.49952906370162964,0,0.5014635920524597,False,4,1.0,1,"[0.656135, 0.343865]"
minesweeper,client,456,9565,10,MR,attack_member,evaluation,0,1,0.4995325803756714,0,0.5014635920524597,False,3,1.0,1,"[0.656562, 0.343438]"
minesweeper,client,456,9566,10,MR,attack_member,evaluation,0,1,0.49933889508247375,0,0.5014635920524597,False,4,1.0,1,"[0.633144, 0.366856]"
minesweeper,client,456,9667,10,MR,attack_member,evaluation,0,1,0.4995977580547333,0,0.5014635920524597,False,4,0.5,1,"[0.664447, 0.335553]"
minesweeper,client,456,9671,10,MR,attack_member,evaluation,0,1,0.49928727746009827,0,0.5014635920524597,False,4,1.0,1,"[0.626902, 0.373098]"
minesweeper,client,456,9765,10,MR,attack_member,evaluation,0,1,0.500544548034668,0,0.5014635920524597,False,3,1.0,1,"[0.778952, 0.221048]"
minesweeper,client,456,9872,10,MR,attack_member,evaluation,0,1,0.5012086033821106,0,0.5014635920524597,False,4,0.75,1,"[0.85931, 0.14069]"
minesweeper,client,456,9875,10,MR,attack_member,evaluation,0,1,0.5009181499481201,0,0.5014635920524597,False,4,1.0,1,"[0.824156, 0.175844]"
minesweeper,client,456,9876,10,MR,attack_member,evaluation,0,1,0.500866711139679,0,0.5014635920524597,False,4,0.75,1,"[0.817934, 0.182066]"
minesweeper,client,456,9877,10,MR,attack_member,evaluation,1,1,0.5011293292045593,0,0.5112331509590149,False,4,0.0,0,"[0.803211, 0.196789]"
minesweeper,client,456,9976,10,MR,attack_member,evaluation,0,1,0.5002890825271606,0,0.5014635920524597,False,1,1.0,1,"[0.74805, 0.25195]"
minesweeper,client,456,7144,11,MR,attack_member,evaluation,0,1,0.4992622137069702,0,0.5014635920524597,False,4,0.75,1,"[0.623874, 0.376126]"
minesweeper,client,456,7254,11,MR,attack_member,evaluation,0,1,0.4986931085586548,0,0.5014635920524597,False,3,0.6666666666666666,1,"[0.555077, 0.444923]"
minesweeper,client,456,7349,11,MR,attack_member,evaluation,0,1,0.499432235956192,0,0.5014635920524597,False,4,0.75,1,"[0.644425, 0.355575]"
minesweeper,client,456,7443,11,MR,attack_member,evaluation,0,1,0.4997347295284271,0,0.5014635920524597,False,4,1.0,1,"[0.681005, 0.318995]"
minesweeper,client,456,7453,11,MR,attack_member,evaluation,0,1,0.49904751777648926,0,0.5014635920524597,False,4,0.75,1,"[0.597921, 0.402079]"
minesweeper,client,456,7544,11,MR,attack_member,evaluation,0,1,0.4997093975543976,0,0.5014635920524597,False,4,1.0,1,"[0.677938, 0.322062]"
minesweeper,client,456,7547,11,MR,attack_member,evaluation,0,1,0.5001927614212036,0,0.5014635920524597,False,4,0.5,1,"[0.736395, 0.263605]"
minesweeper,client,456,7548,11,MR,attack_member,evaluation,1,1,0.506531834602356,0,0.5112331509590149,False,4,0.25,0,"[0.680204, 0.319796]"
minesweeper,client,456,7550,11,MR,attack_member,evaluation,0,1,0.4994798004627228,0,0.5014635920524597,False,4,0.5,1,"[0.650176, 0.349824]"
minesweeper,client,456,7554,11,MR,attack_member,evaluation,1,1,0.5121518969535828,1,0.5112331509590149,False,4,0.5,0,"[0.545987, 0.454013]"
minesweeper,client,456,7556,11,MR,attack_member,evaluation,0,1,0.49860647320747375,0,0.5014635920524597,False,4,0.5,1,"[0.544608, 0.455392]"
minesweeper,client,456,7560,11,MR,attack_member,evaluation,0,1,0.4995594918727875,0,0.5014635920524597,False,4,0.75,1,"[0.659807, 0.340193]"
minesweeper,client,456,7561,11,MR,attack_member,evaluation,0,1,0.49927011132240295,0,0.5014635920524597,False,4,0.25,1,"[0.624822, 0.375178]"
minesweeper,client,456,7642,11,MR,attack_member,evaluation,0,1,0.49990424513816833,0,0.5014635920524597,False,4,1.0,1,"[0.701504, 0.298496]"
minesweeper,client,456,7652,11,MR,attack_member,evaluation,0,1,0.499236136674881,0,0.5014635920524597,False,4,0.5,1,"[0.620716, 0.379284]"
minesweeper,client,456,7653,11,MR,attack_member,evaluation,1,1,0.5087461471557617,0,0.5112331509590149,False,4,0.0,0,"[0.628235, 0.371765]"
minesweeper,client,456,7655,11,MR,attack_member,evaluation,1,1,0.5119791030883789,1,0.5112331509590149,False,4,0.25,0,"[0.550237, 0.449763]"
minesweeper,client,456,7739,11,MR,attack_member,evaluation,0,1,0.5003683567047119,0,0.5014635920524597,False,3,1.0,1,"[0.757633, 0.242367]"
minesweeper,client,456,7741,11,MR,attack_member,evaluation,0,1,0.5000050067901611,0,0.5014635920524597,False,4,1.0,1,"[0.713686, 0.286314]"
minesweeper,client,456,7754,11,MR,attack_member,evaluation,0,1,0.49906936287879944,0,0.5014635920524597,False,4,0.75,1,"[0.600556, 0.399444]"
minesweeper,client,456,7756,11,MR,attack_member,evaluation,0,1,0.4989146888256073,0,0.5014635920524597,False,4,0.5,1,"[0.581864, 0.418136]"
minesweeper,client,456,7757,11,MR,attack_member,evaluation,0,1,0.49947261810302734,0,0.5014635920524597,False,4,0.5,1,"[0.64931, 0.35069]"
minesweeper,client,456,7761,11,MR,attack_member,evaluation,0,1,0.4992772340774536,0,0.5014635920524597,False,4,0.75,1,"[0.625683, 0.374317]"
minesweeper,client,456,7763,11,MR,attack_member,evaluation,0,1,0.499409556388855,0,0.5014635920524597,False,4,0.75,1,"[0.641686, 0.358314]"
minesweeper,client,456,7765,11,MR,attack_member,evaluation,0,1,0.49985235929489136,0,0.5014635920524597,False,2,0.5,1,"[0.695229, 0.304771]"
minesweeper,client,456,7840,11,MR,attack_member,evaluation,0,1,0.5000080466270447,0,0.5014635920524597,False,4,1.0,1,"[0.714055, 0.285945]"
minesweeper,client,456,7848,11,MR,attack_member,evaluation,1,1,0.50665283203125,0,0.5112331509590149,False,4,0.25,0,"[0.677391, 0.322609]"
minesweeper,client,456,7851,11,MR,attack_member,evaluation,0,1,0.49902957677841187,0,0.5014635920524597,False,4,0.5,1,"[0.595744, 0.404256]"
minesweeper,client,456,7857,11,MR,attack_member,evaluation,1,1,0.508414089679718,0,0.5112331509590149,False,4,0.5,0,"[0.636096, 0.363904]"
minesweeper,client,456,7860,11,MR,attack_member,evaluation,0,1,0.4990510940551758,0,0.5014635920524597,False,4,0.5,1,"[0.598349, 0.401651]"
minesweeper,client,456,7862,11,MR,attack_member,evaluation,0,1,0.4989147186279297,0,0.5014635920524597,False,4,0.5,1,"[0.581863, 0.418137]"
minesweeper,client,456,7948,11,MR,attack_member,evaluation,0,1,0.5003746747970581,0,0.5014635920524597,False,4,0.75,1,"[0.758399, 0.241601]"
minesweeper,client,456,7957,11,MR,attack_member,evaluation,0,1,0.499470978975296,0,0.5014635920524597,False,4,0.5,1,"[0.649114, 0.350886]"
minesweeper,client,456,7965,11,MR,attack_member,evaluation,0,1,0.500093936920166,0,0.5014635920524597,False,1,0.0,1,"[0.724445, 0.275555]"
minesweeper,client,456,8046,11,MR,attack_member,evaluation,0,1,0.5003786683082581,0,0.5014635920524597,False,4,0.75,1,"[0.758882, 0.241118]"
minesweeper,client,456,8056,11,MR,attack_member,evaluation,1,1,0.5054605603218079,0,0.5112331509590149,False,4,0.0,0,"[0.704987, 0.295013]"
minesweeper,client,456,8137,11,MR,attack_member,evaluation,0,1,0.4996771812438965,0,0.5014635920524597,False,3,1.0,1,"[0.674049, 0.325951]"
minesweeper,client,456,8149,11,MR,attack_member,evaluation,0,1,0.5007302761077881,0,0.5014635920524597,False,4,1.0,1,"[0.801423, 0.198577]"
minesweeper,client,456,8157,11,MR,attack_member,evaluation,0,1,0.4995766282081604,0,0.5014635920524597,False,4,1.0,1,"[0.661885, 0.338115]"
minesweeper,client,456,8158,11,MR,attack_member,evaluation,0,1,0.4991734027862549,0,0.5014635920524597,False,4,1.0,1,"[0.613136, 0.386864]"
minesweeper,client,456,8159,11,MR,attack_member,evaluation,0,1,0.4988444447517395,0,0.5014635920524597,False,4,1.0,1,"[0.573369, 0.426631]"
minesweeper,client,456,8163,11,MR,attack_member,evaluation,0,1,0.4995935559272766,0,0.5014635920524597,False,1,1.0,1,"[0.663928, 0.336072]"
minesweeper,client,456,8245,11,MR,attack_member,evaluation,0,1,0.5002871155738831,0,0.5014635920524597,False,4,1.0,1,"[0.747811, 0.252189]"
minesweeper,client,456,8247,11,MR,attack_member,evaluation,0,1,0.5007386803627014,0,0.5014635920524597,False,4,1.0,1,"[0.802441, 0.197559]"
minesweeper,client,456,8252,11,MR,attack_member,evaluation,1,1,0.5089511275291443,0,0.5112331509590149,False,4,0.5,0,"[0.623367, 0.376633]"
minesweeper,client,456,8260,11,MR,attack_member,evaluation,0,1,0.4989303648471832,0,0.5014635920524597,False,4,0.5,1,"[0.583755, 0.416245]"
minesweeper,client,456,8262,11,MR,attack_member,evaluation,0,1,0.4993251860141754,0,0.5014635920524597,False,1,0.0,1,"[0.631483, 0.368517]"
minesweeper,client,456,8342,11,MR,attack_member,evaluation,1,1,0.5113874673843384,1,0.5112331509590149,False,4,0.5,0,"[0.564721, 0.435279]"
minesweeper,client,456,8346,11,MR,attack_member,evaluation,0,1,0.5004400610923767,0,0.5014635920524597,False,4,1.0,1,"[0.766313, 0.233687]"
minesweeper,client,456,8358,11,MR,attack_member,evaluation,0,1,0.4988475739955902,0,0.5014635920524597,False,3,0.6666666666666666,1,"[0.573752, 0.426248]"
minesweeper,client,456,8444,11,MR,attack_member,evaluation,0,1,0.4996987283229828,0,0.5014635920524597,False,4,1.0,1,"[0.676652, 0.323348]"
minesweeper,client,456,8449,11,MR,attack_member,evaluation,0,1,0.5018101930618286,1,0.5014635920524597,False,0,,1,"[0.932137, 0.067863]"
minesweeper,client,456,8639,11,MR,attack_member,evaluation,0,1,0.5003134608268738,0,0.5014635920524597,False,4,0.75,1,"[0.751001, 0.248999]"
minesweeper,client,456,8738,11,MR,attack_member,evaluation,1,1,0.5040774345397949,0,0.5112331509590149,False,1,0.0,0,"[0.736673, 0.263327]"
minesweeper,client,456,1393,11,MR,attack_member,evaluation,0,1,0.49971815943717957,0,0.5014635920524597,False,3,0.6666666666666666,1,"[0.679002, 0.320998]"
minesweeper,client,456,1687,11,MR,attack_member,evaluation,0,1,0.49828702211380005,0,0.5014635920524597,False,4,0.75,1,"[0.505998, 0.494002]"
minesweeper,client,456,1696,11,MR,attack_member,evaluation,0,1,0.5000628232955933,0,0.5014635920524597,False,4,0.75,1,"[0.720685, 0.279315]"
minesweeper,client,456,1891,11,MR,attack_member,evaluation,0,1,0.4989871084690094,0,0.5014635920524597,False,4,0.75,1,"[0.59061, 0.40939]"
minesweeper,client,456,1896,11,MR,attack_member,evaluation,0,1,0.49872517585754395,0,0.5014635920524597,False,4,0.5,1,"[0.558957, 0.441043]"
minesweeper,client,456,1999,11,MR,attack_member,evaluation,0,1,0.49943071603775024,0,0.5014635920524597,False,2,0.5,1,"[0.644243, 0.355757]"
minesweeper,client,456,2089,11,MR,attack_member,evaluation,1,1,0.5082595944404602,0,0.5112331509590149,False,4,0.0,0,"[0.639745, 0.360255]"
minesweeper,client,456,2091,11,MR,attack_member,evaluation,1,1,0.5100585222244263,0,0.5112331509590149,False,4,0.0,0,"[0.596901, 0.403099]"
minesweeper,client,456,2093,11,MR,attack_member,evaluation,1,1,0.5126262307167053,1,0.5112331509590149,False,4,0.25,0,"[0.534278, 0.465722]"
minesweeper,client,456,2098,11,MR,attack_member,evaluation,0,1,0.49991121888160706,0,0.5014635920524597,False,4,0.75,1,"[0.702348, 0.297652]"
minesweeper,client,456,2099,11,MR,attack_member,evaluation,1,1,0.5062536597251892,0,0.5112331509590149,False,2,0.0,0,"[0.68666, 0.31334]"
minesweeper,client,456,2188,11,MR,attack_member,evaluation,0,1,0.499397337436676,0,0.5014635920524597,False,4,1.0,1,"[0.640208, 0.359792]"
minesweeper,client,456,2194,11,MR,attack_member,evaluation,0,1,0.49859681725502014,0,0.5014635920524597,False,4,1.0,1,"[0.543441, 0.456559]"
minesweeper,client,456,2195,11,MR,attack_member,evaluation,0,1,0.49845147132873535,0,0.5014635920524597,False,4,0.75,1,"[0.525876, 0.474124]"
minesweeper,client,456,2289,11,MR,attack_member,evaluation,0,1,0.4996691942214966,0,0.5014635920524597,False,4,0.5,1,"[0.673079, 0.326921]"
minesweeper,client,456,2299,11,MR,attack_member,evaluation,0,1,0.5002164840698242,0,0.5014635920524597,False,2,1.0,1,"[0.739266, 0.260734]"
minesweeper,client,456,2392,11,MR,attack_member,evaluation,0,1,0.4995791018009186,0,0.5014635920524597,False,4,1.0,1,"[0.662184, 0.337816]"
minesweeper,client,456,2489,11,MR,attack_member,evaluation,0,1,0.5000979900360107,0,0.5014635920524597,False,4,0.75,1,"[0.724933, 0.275067]"
minesweeper,client,456,2495,11,MR,attack_member,evaluation,0,1,0.49976134300231934,0,0.5014635920524597,False,4,0.75,1,"[0.684222, 0.315778]"
minesweeper,client,456,2497,11,MR,attack_member,evaluation,0,1,0.49909350275993347,0,0.5014635920524597,False,4,0.75,1,"[0.60347, 0.39653]"
minesweeper,client,456,2593,11,MR,attack_member,evaluation,0,1,0.4996413290500641,0,0.5014635920524597,False,4,0.5,1,"[0.669711, 0.330289]"
minesweeper,client,456,2599,11,MR,attack_member,evaluation,0,1,0.49944549798965454,0,0.5014635920524597,False,2,0.0,1,"[0.646034, 0.353966]"
minesweeper,client,456,2796,11,MR,attack_member,evaluation,1,1,0.5071732997894287,0,0.5112331509590149,False,4,0.5,0,"[0.665256, 0.334744]"
minesweeper,client,456,2888,11,MR,attack_member,evaluation,1,1,0.5059924721717834,0,0.5112331509590149,False,4,0.0,0,"[0.692708, 0.307292]"
minesweeper,client,456,2896,11,MR,attack_member,evaluation,0,1,0.4997522830963135,0,0.5014635920524597,False,4,0.75,1,"[0.683123, 0.316877]"
minesweeper,client,456,2897,11,MR,attack_member,evaluation,1,1,0.5042705535888672,0,0.5112331509590149,False,4,0.0,0,"[0.732269, 0.267731]"
minesweeper,client,456,2991,11,MR,attack_member,evaluation,1,1,0.5132037401199341,1,0.5112331509590149,False,4,0.25,0,"[0.519925, 0.480075]"
minesweeper,client,456,2998,11,MR,attack_member,evaluation,0,1,0.5007351636886597,0,0.5014635920524597,False,4,0.75,1,"[0.802013, 0.197987]"
minesweeper,client,456,3090,11,MR,attack_member,evaluation,0,1,0.4989338517189026,0,0.5014635920524597,False,4,0.75,1,"[0.584175, 0.415825]"
minesweeper,client,456,3091,11,MR,attack_member,evaluation,0,1,0.49893659353256226,0,0.5014635920524597,False,4,0.25,1,"[0.584502, 0.415498]"
minesweeper,client,456,3097,11,MR,attack_member,evaluation,0,1,0.499401330947876,0,0.5014635920524597,False,4,1.0,1,"[0.64069, 0.35931]"
minesweeper,client,456,3191,11,MR,attack_member,evaluation,0,1,0.49932336807250977,0,0.5014635920524597,False,4,0.75,1,"[0.631268, 0.368732]"
minesweeper,client,456,3292,11,MR,attack_member,evaluation,0,1,0.49917110800743103,0,0.5014635920524597,False,4,1.0,1,"[0.612859, 0.387141]"
minesweeper,client,456,3297,11,MR,attack_member,evaluation,0,1,0.49864763021469116,0,0.5014635920524597,False,4,0.75,1,"[0.549584, 0.450416]"
minesweeper,client,456,3387,11,MR,attack_member,evaluation,0,1,0.4994165301322937,0,0.5014635920524597,False,4,1.0,1,"[0.642529, 0.357471]"
minesweeper,client,456,3392,11,MR,attack_member,evaluation,0,1,0.49941548705101013,0,0.5014635920524597,False,4,0.75,1,"[0.642403, 0.357597]"
minesweeper,client,456,3399,11,MR,attack_member,evaluation,0,1,0.4983498156070709,0,0.5014635920524597,False,2,0.5,1,"[0.513587, 0.486413]"
minesweeper,client,456,3487,11,MR,attack_member,evaluation,0,1,0.5002477765083313,0,0.5014635920524597,False,4,0.75,1,"[0.743053, 0.256947]"
minesweeper,client,456,3588,11,MR,attack_member,evaluation,0,1,0.49907004833221436,0,0.5014635920524597,False,3,0.3333333333333333,1,"[0.60064, 0.39936]"
minesweeper,client,456,3597,11,MR,attack_member,evaluation,0,1,0.4993453621864319,0,0.5014635920524597,False,4,0.5,1,"[0.633923, 0.366077]"
minesweeper,client,456,3693,11,MR,attack_member,evaluation,1,1,0.5040040612220764,0,0.5112331509590149,False,4,0.0,0,"[0.738346, 0.261654]"
minesweeper,client,456,3696,11,MR,attack_member,evaluation,0,1,0.4999863803386688,0,0.5014635920524597,False,4,1.0,1,"[0.711438, 0.288562]"
minesweeper,client,456,3698,11,MR,attack_member,evaluation,1,1,0.5053491592407227,0,0.5112331509590149,False,4,0.25,0,"[0.707551, 0.292449]"
minesweeper,client,456,3798,11,MR,attack_member,evaluation,1,1,0.5032821297645569,0,0.5112331509590149,False,4,0.0,0,"[0.754749, 0.245251]"
minesweeper,client,456,3997,11,MR,attack_member,evaluation,0,1,0.5001013278961182,0,0.5014635920524597,False,1,1.0,1,"[0.725341, 0.274659]"
minesweeper,client,456,4404,12,MR,attack_member,evaluation,0,1,0.4996790289878845,0,0.5014635920524597,False,4,0.75,1,"[0.674272, 0.325728]"
minesweeper,client,456,4410,12,MR,attack_member,evaluation,0,1,0.4990220069885254,0,0.5014635920524597,False,4,0.75,1,"[0.594832, 0.405168]"
minesweeper,client,456,4413,12,MR,attack_member,evaluation,0,1,0.4990847110748291,0,0.5014635920524597,False,4,1.0,1,"[0.602409, 0.397591]"
minesweeper,client,456,4508,12,MR,attack_member,evaluation,1,1,0.5092995166778564,0,0.5112331509590149,False,4,0.25,0,"[0.615074, 0.384926]"
minesweeper,client,456,4509,12,MR,attack_member,evaluation,1,1,0.5065268874168396,0,0.5112331509590149,False,4,0.0,0,"[0.680319, 0.319681]"
minesweeper,client,456,4511,12,MR,attack_member,evaluation,0,1,0.5000003576278687,0,0.5014635920524597,False,4,1.0,1,"[0.713125, 0.286875]"
minesweeper,client,456,4618,12,MR,attack_member,evaluation,0,1,0.49840548634529114,0,0.5014635920524597,False,3,0.3333333333333333,1,"[0.520312, 0.479688]"
minesweeper,client,456,4619,12,MR,attack_member,evaluation,1,1,0.5131300091743469,1,0.5112331509590149,False,1,1.0,0,"[0.521763, 0.478237]"
minesweeper,client,456,4708,12,MR,attack_member,evaluation,0,1,0.49968162178993225,0,0.5014635920524597,False,4,0.75,1,"[0.674584, 0.325416]"
minesweeper,client,456,4715,12,MR,attack_member,evaluation,0,1,0.4997554421424866,0,0.5014635920524597,False,4,0.75,1,"[0.683504, 0.316496]"
minesweeper,client,456,4806,12,MR,attack_member,evaluation,1,1,0.5054448246955872,0,0.5112331509590149,False,4,0.0,0,"[0.705349, 0.294651]"
minesweeper,client,456,4808,12,MR,attack_member,evaluation,0,1,0.499728262424469,0,0.5014635920524597,False,4,0.75,1,"[0.680221, 0.319779]"
minesweeper,client,456,4900,12,MR,attack_member,evaluation,0,1,0.5000086426734924,0,0.5014635920524597,False,3,0.3333333333333333,1,"[0.714128, 0.285872]"
minesweeper,client,456,4908,12,MR,attack_member,evaluation,0,1,0.5001510381698608,0,0.5014635920524597,False,4,0.75,1,"[0.731353, 0.268647]"
minesweeper,client,456,4911,12,MR,attack_member,evaluation,0,1,0.4996213912963867,0,0.5014635920524597,False,4,1.0,1,"[0.667298, 0.332702]"
minesweeper,client,456,4913,12,MR,attack_member,evaluation,0,1,0.4989340007305145,0,0.5014635920524597,False,4,0.75,1,"[0.584193, 0.415807]"
minesweeper,client,456,4914,12,MR,attack_member,evaluation,1,1,0.5060670971870422,0,0.5112331509590149,False,4,0.0,0,"[0.690982, 0.309018]"
minesweeper,client,456,5009,12,MR,attack_member,evaluation,0,1,0.4999827742576599,0,0.5014635920524597,False,4,1.0,1,"[0.711, 0.289]"
minesweeper,client,456,5016,12,MR,attack_member,evaluation,0,1,0.500842273235321,0,0.5014635920524597,False,1,1.0,1,"[0.814974, 0.185026]"
minesweeper,client,456,5101,12,MR,attack_member,evaluation,1,1,0.5065063834190369,0,0.5112331509590149,False,4,0.5,0,"[0.680795, 0.319205]"
minesweeper,client,456,5106,12,MR,attack_member,evaluation,0,1,0.5000576972961426,0,0.5014635920524597,False,4,0.75,1,"[0.720059, 0.279942]"
minesweeper,client,456,5107,12,MR,attack_member,evaluation,0,1,0.5000591278076172,0,0.5014635920524597,False,4,0.5,1,"[0.720233, 0.279767]"
minesweeper,client,456,5111,12,MR,attack_member,evaluation,1,1,0.5101601481437683,0,0.5112331509590149,False,4,0.5,0,"[0.594457, 0.405543]"
minesweeper,client,456,5202,12,MR,attack_member,evaluation,0,1,0.4996609389781952,0,0.5014635920524597,False,4,1.0,1,"[0.672081, 0.327919]"
minesweeper,client,456,5204,12,MR,attack_member,evaluation,0,1,0.49958890676498413,0,0.5014635920524597,False,4,1.0,1,"[0.663368, 0.336632]"
minesweeper,client,456,5304,12,MR,attack_member,evaluation,0,1,0.49921950697898865,0,0.5014635920524597,False,4,0.5,1,"[0.618713, 0.381287]"
minesweeper,client,456,5305,12,MR,attack_member,evaluation,0,1,0.499272882938385,0,0.5014635920524597,False,4,0.75,1,"[0.625161, 0.374839]"
minesweeper,client,456,5405,12,MR,attack_member,evaluation,0,1,0.4999887943267822,0,0.5014635920524597,False,4,0.75,1,"[0.711725, 0.288275]"
minesweeper,client,456,5408,12,MR,attack_member,evaluation,0,1,0.498860239982605,0,0.5014635920524597,False,4,0.5,1,"[0.575279, 0.424721]"
minesweeper,client,456,5410,12,MR,attack_member,evaluation,0,1,0.49828219413757324,0,0.5014635920524597,False,3,0.3333333333333333,1,"[0.50541, 0.49459]"
minesweeper,client,456,5412,12,MR,attack_member,evaluation,0,1,0.5000982880592346,0,0.5014635920524597,False,0,,1,"[0.724971, 0.275029]"
minesweeper,client,456,5700,12,MR,attack_member,evaluation,0,1,0.4995540380477905,0,0.5014635920524597,False,3,1.0,1,"[0.659151, 0.340849]"
minesweeper,client,456,5801,12,MR,attack_member,evaluation,0,1,0.49932458996772766,0,0.5014635920524597,False,4,0.75,1,"[0.63141, 0.36859]"
minesweeper,client,456,5902,12,MR,attack_member,evaluation,0,1,0.4995308518409729,0,0.5014635920524597,False,4,0.75,1,"[0.656355, 0.343645]"
minesweeper,client,456,6002,12,MR,attack_member,evaluation,0,1,0.4993307292461395,0,0.5014635920524597,False,4,0.75,1,"[0.632156, 0.367844]"
minesweeper,client,456,6103,12,MR,attack_member,evaluation,0,1,0.4988936185836792,0,0.5014635920524597,False,4,0.75,1,"[0.579313, 0.420687]"
minesweeper,client,456,6104,12,MR,attack_member,evaluation,0,1,0.4989483058452606,0,0.5014635920524597,False,4,0.75,1,"[0.585924, 0.414076]"
minesweeper,client,456,6105,12,MR,attack_member,evaluation,0,1,0.4996151328086853,0,0.5014635920524597,False,4,1.0,1,"[0.666544, 0.333456]"
minesweeper,client,456,6106,12,MR,attack_member,evaluation,0,1,0.5006424784660339,0,0.5014635920524597,False,4,1.0,1,"[0.7908, 0.2092]"
minesweeper,client,456,6107,12,MR,attack_member,evaluation,0,1,0.5014141798019409,0,0.5014635920524597,False,4,1.0,1,"[0.884191, 0.115809]"
minesweeper,client,456,6108,12,MR,attack_member,evaluation,0,1,0.5012484788894653,0,0.5014635920524597,False,2,1.0,1,"[0.864135, 0.135865]"
minesweeper,client,456,6301,12,MR,attack_member,evaluation,0,1,0.499957799911499,0,0.5014635920524597,False,4,0.5,1,"[0.707978, 0.292022]"
minesweeper,client,456,6307,12,MR,attack_member,evaluation,0,1,0.49942511320114136,0,0.5014635920524597,False,4,0.75,1,"[0.643564, 0.356436]"
minesweeper,client,456,6501,12,MR,attack_member,evaluation,0,1,0.500059962272644,0,0.5014635920524597,False,4,0.75,1,"[0.720333, 0.279667]"
minesweeper,client,456,6507,12,MR,attack_member,evaluation,1,1,0.5061114430427551,0,0.5112331509590149,False,4,0.0,0,"[0.689955, 0.310045]"
minesweeper,client,456,6601,12,MR,attack_member,evaluation,0,1,0.4998563230037689,0,0.5014635920524597,False,4,1.0,1,"[0.695709, 0.304291]"
minesweeper,client,456,6700,12,MR,attack_member,evaluation,0,1,0.4990677237510681,0,0.5014635920524597,False,3,0.6666666666666666,1,"[0.600357, 0.399643]"
minesweeper,client,456,6703,12,MR,attack_member,evaluation,0,1,0.5002243518829346,0,0.5014635920524597,False,4,1.0,1,"[0.740218, 0.259782]"
minesweeper,client,456,6803,12,MR,attack_member,evaluation,0,1,0.5003184676170349,0,0.5014635920524597,False,4,0.75,1,"[0.751602, 0.248398]"
minesweeper,client,456,6806,12,MR,attack_member,evaluation,0,1,0.5004836916923523,0,0.5014635920524597,False,4,0.75,1,"[0.771588, 0.228412]"
minesweeper,client,456,6900,12,MR,attack_member,evaluation,0,1,0.4989459216594696,0,0.5014635920524597,False,3,0.6666666666666666,1,"[0.585637, 0.414363]"
minesweeper,client,456,6901,12,MR,attack_member,evaluation,0,1,0.49971112608909607,0,0.5014635920524597,False,4,0.25,1,"[0.67815, 0.32185]"
minesweeper,client,456,7002,12,MR,attack_member,evaluation,1,1,0.5016950368881226,0,0.5112331509590149,False,0,,0,"[0.790539, 0.209461]"
minesweeper,client,456,7926,12,MR,attack_member,evaluation,0,1,0.499423086643219,0,0.5014635920524597,False,4,0.5,1,"[0.643322, 0.356678]"
minesweeper,client,456,8219,12,MR,attack_member,evaluation,0,1,0.49903857707977295,0,0.5014635920524597,False,4,1.0,1,"[0.596836, 0.403164]"
minesweeper,client,456,8220,12,MR,attack_member,evaluation,0,1,0.4991413652896881,0,0.5014635920524597,False,4,0.75,1,"[0.609259, 0.390741]"
minesweeper,client,456,8232,12,MR,attack_member,evaluation,0,1,0.49894675612449646,0,0.5014635920524597,False,4,0.75,1,"[0.585735, 0.414265]"
minesweeper,client,456,8235,12,MR,attack_member,evaluation,0,1,0.4995415210723877,0,0.5014635920524597,False,4,1.0,1,"[0.657637, 0.342363]"
minesweeper,client,456,8320,12,MR,attack_member,evaluation,0,1,0.4990846514701843,0,0.5014635920524597,False,4,0.5,1,"[0.602401, 0.397599]"
minesweeper,client,456,8321,12,MR,attack_member,evaluation,1,1,0.5108895897865295,0,0.5112331509590149,False,4,0.25,0,"[0.576833, 0.423167]"
minesweeper,client,456,8425,12,MR,attack_member,evaluation,0,1,0.4991031587123871,0,0.5014635920524597,False,4,0.75,1,"[0.604644, 0.395356]"
minesweeper,client,456,8436,12,MR,attack_member,evaluation,0,1,0.4992491602897644,0,0.5014635920524597,False,4,0.75,1,"[0.622293, 0.377707]"
minesweeper,client,456,8520,12,MR,attack_member,evaluation,0,1,0.499296098947525,0,0.5014635920524597,False,4,1.0,1,"[0.627961, 0.372039]"
minesweeper,client,456,8524,12,MR,attack_member,evaluation,1,1,0.5126035213470459,1,0.5112331509590149,False,4,0.5,0,"[0.534839, 0.465161]"
minesweeper,client,456,8525,12,MR,attack_member,evaluation,0,1,0.49902692437171936,0,0.5014635920524597,False,4,0.75,1,"[0.595426, 0.404574]"
minesweeper,client,456,8617,12,MR,attack_member,evaluation,0,1,0.4996930658817291,0,0.5014635920524597,False,4,0.75,1,"[0.675965, 0.324035]"
minesweeper,client,456,8620,12,MR,attack_member,evaluation,0,1,0.499414324760437,0,0.5014635920524597,False,4,0.5,1,"[0.642266, 0.357734]"
minesweeper,client,456,8627,12,MR,attack_member,evaluation,0,1,0.5003385543823242,0,0.5014635920524597,False,4,0.75,1,"[0.754033, 0.245967]"
minesweeper,client,456,8721,12,MR,attack_member,evaluation,1,1,0.5090451240539551,0,0.5112331509590149,False,4,0.25,0,"[0.621132, 0.378868]"
minesweeper,client,456,8724,12,MR,attack_member,evaluation,0,1,0.4989947974681854,0,0.5014635920524597,False,4,0.75,1,"[0.591542, 0.408458]"
minesweeper,client,456,8736,12,MR,attack_member,evaluation,1,1,0.5102251768112183,0,0.5112331509590149,False,4,0.25,0,"[0.592892, 0.407108]"
minesweeper,client,456,8824,12,MR,attack_member,evaluation,0,1,0.49898314476013184,0,0.5014635920524597,False,4,0.75,1,"[0.590133, 0.409867]"
minesweeper,client,456,8827,12,MR,attack_member,evaluation,0,1,0.499746173620224,0,0.5014635920524597,False,4,0.5,1,"[0.682387, 0.317613]"
minesweeper,client,456,8830,12,MR,attack_member,evaluation,0,1,0.4992614984512329,0,0.5014635920524597,False,4,0.5,1,"[0.623784, 0.376216]"
minesweeper,client,456,8832,12,MR,attack_member,evaluation,0,1,0.49959662556648254,0,0.5014635920524597,False,4,1.0,1,"[0.664309, 0.335691]"
minesweeper,client,456,8922,12,MR,attack_member,evaluation,0,1,0.49933359026908875,0,0.5014635920524597,False,4,0.5,1,"[0.632503, 0.367497]"
minesweeper,client,456,8930,12,MR,attack_member,evaluation,1,1,0.5112999081611633,1,0.5112331509590149,False,4,0.0,0,"[0.566857, 0.433143]"
minesweeper,client,456,9022,12,MR,attack_member,evaluation,1,1,0.5045443773269653,0,0.5112331509590149,False,4,0.25,0,"[0.726014, 0.273986]"
minesweeper,client,456,9023,12,MR,attack_member,evaluation,0,1,0.5001145005226135,0,0.5014635920524597,False,4,1.0,1,"[0.726937, 0.273063]"
minesweeper,client,456,9026,12,MR,attack_member,evaluation,1,1,0.5129387974739075,1,0.5112331509590149,False,4,0.25,0,"[0.526522, 0.473478]"
minesweeper,client,456,9030,12,MR,attack_member,evaluation,0,1,0.4989234507083893,0,0.5014635920524597,False,4,0.5,1,"[0.58292, 0.41708]"
minesweeper,client,456,9037,12,MR,attack_member,evaluation,0,1,0.4989580512046814,0,0.5014635920524597,False,2,0.5,1,"[0.587104, 0.412896]"
minesweeper,client,456,9133,12,MR,attack_member,evaluation,0,1,0.499642938375473,0,0.5014635920524597,False,4,0.75,1,"[0.669902, 0.330098]"
minesweeper,client,456,9231,12,MR,attack_member,evaluation,1,1,0.5065661668777466,0,0.5112331509590149,False,4,0.0,0,"[0.679406, 0.320594]"
minesweeper,client,456,9322,12,MR,attack_member,evaluation,0,1,0.5001370310783386,0,0.5014635920524597,False,4,0.75,1,"[0.729655, 0.270345]"
minesweeper,client,456,9323,12,MR,attack_member,evaluation,0,1,0.49974244832992554,0,0.5014635920524597,False,4,0.75,1,"[0.681941, 0.318059]"
minesweeper,client,456,9334,12,MR,attack_member,evaluation,0,1,0.5006303191184998,0,0.5014635920524597,False,4,0.75,1,"[0.789332, 0.210668]"
minesweeper,client,456,9434,12,MR,attack_member,evaluation,0,1,0.5003771781921387,0,0.5014635920524597,False,2,1.0,1,"[0.758707, 0.241293]"
minesweeper,client,456,9520,12,MR,attack_member,evaluation,0,1,0.4998868703842163,0,0.5014635920524597,False,3,1.0,1,"[0.699405, 0.300595]"
minesweeper,client,456,9525,12,MR,attack_member,evaluation,0,1,0.49935755133628845,0,0.5014635920524597,False,4,0.75,1,"[0.635396, 0.364604]"
minesweeper,client,456,9526,12,MR,attack_member,evaluation,0,1,0.4989602863788605,0,0.5014635920524597,False,4,0.75,1,"[0.58737, 0.41263]"
minesweeper,client,456,9621,12,MR,attack_member,evaluation,0,1,0.49844059348106384,0,0.5014635920524597,False,3,0.6666666666666666,1,"[0.524558, 0.475442]"
minesweeper,client,456,9627,12,MR,attack_member,evaluation,0,1,0.4993664622306824,0,0.5014635920524597,False,4,1.0,1,"[0.63648, 0.363521]"
minesweeper,client,456,9631,12,MR,attack_member,evaluation,0,1,0.4996105432510376,0,0.5014635920524597,False,4,0.75,1,"[0.665982, 0.334018]"
minesweeper,client,456,9730,12,MR,attack_member,evaluation,1,1,0.5077168345451355,0,0.5112331509590149,False,4,0.25,0,"[0.652525, 0.347475]"
minesweeper,client,456,9825,12,MR,attack_member,evaluation,0,1,0.5008887648582458,0,0.5014635920524597,False,4,1.0,1,"[0.820607, 0.179393]"
minesweeper,client,456,9826,12,MR,attack_member,evaluation,0,1,0.5007985234260559,0,0.5014635920524597,False,4,0.75,1,"[0.80968, 0.19032]"
minesweeper,client,456,9827,12,MR,attack_member,evaluation,1,1,0.5022451281547546,0,0.5112331509590149,False,4,0.25,0,"[0.778175, 0.221825]"
minesweeper,client,456,9828,12,MR,attack_member,evaluation,0,1,0.5005711317062378,0,0.5014635920524597,False,4,0.75,1,"[0.782168, 0.217832]"
minesweeper,client,456,9833,12,MR,attack_member,evaluation,0,1,0.5009568333625793,0,0.5014635920524597,False,2,1.0,1,"[0.828839, 0.171161]"
minesweeper,client,456,9929,12,MR,attack_member,evaluation,0,1,0.5000982880592346,0,0.5014635920524597,False,1,1.0,1,"[0.724971, 0.275029]"
minesweeper,client,456,3722,13,MR,attack_member,evaluation,0,1,0.49943387508392334,0,0.5014635920524597,False,4,0.75,1,"[0.644622, 0.355378]"
minesweeper,client,456,3723,13,MR,attack_member,evaluation,0,1,0.49949318170547485,0,0.5014635920524597,False,4,0.75,1,"[0.651795, 0.348205]"
minesweeper,client,456,3820,13,MR,attack_member,evaluation,0,1,0.4997294843196869,0,0.5014635920524597,False,3,1.0,1,"[0.680372, 0.319628]"
minesweeper,client,456,3823,13,MR,attack_member,evaluation,1,1,0.5086193680763245,0,0.5112331509590149,False,4,0.25,0,"[0.631238, 0.368762]"
minesweeper,client,456,3921,13,MR,attack_member,evaluation,0,1,0.49976128339767456,0,0.5014635920524597,False,4,1.0,1,"[0.684215, 0.315785]"
minesweeper,client,456,3923,13,MR,attack_member,evaluation,1,1,0.5063880085945129,0,0.5112331509590149,False,4,0.0,0,"[0.683543, 0.316457]"
minesweeper,client,456,3926,13,MR,attack_member,evaluation,1,1,0.5059397220611572,0,0.5112331509590149,False,4,0.0,0,"[0.693928, 0.306072]"
minesweeper,client,456,4025,13,MR,attack_member,evaluation,0,1,0.5000892877578735,0,0.5014635920524597,False,4,1.0,1,"[0.723883, 0.276117]"
minesweeper,client,456,4028,13,MR,attack_member,evaluation,0,1,0.5003433227539062,0,0.5014635920524597,False,3,1.0,1,"[0.754609, 0.245391]"
minesweeper,client,456,4121,13,MR,attack_member,evaluation,1,1,0.5052627325057983,0,0.5112331509590149,False,4,0.0,0,"[0.709539, 0.290461]"
minesweeper,client,456,4124,13,MR,attack_member,evaluation,0,1,0.4995461702346802,0,0.5014635920524597,False,4,0.5,1,"[0.658203, 0.341797]"
minesweeper,client,456,4221,13,MR,attack_member,evaluation,0,1,0.49906864762306213,0,0.5014635920524597,False,4,1.0,1,"[0.600473, 0.399527]"
minesweeper,client,456,4227,13,MR,attack_member,evaluation,1,1,0.509279191493988,0,0.5112331509590149,False,4,0.25,0,"[0.615558, 0.384442]"
minesweeper,client,456,4235,13,MR,attack_member,evaluation,0,1,0.5002080798149109,0,0.5014635920524597,False,4,0.75,1,"[0.738255, 0.261745]"
minesweeper,client,456,4236,13,MR,attack_member,evaluation,0,1,0.49939674139022827,0,0.5014635920524597,False,4,0.25,1,"[0.640136, 0.359864]"
minesweeper,client,456,4321,13,MR,attack_member,evaluation,0,1,0.49888721108436584,0,0.5014635920524597,False,4,0.5,1,"[0.578541, 0.421459]"
minesweeper,client,456,4330,13,MR,attack_member,evaluation,0,1,0.5002598166465759,0,0.5014635920524597,False,4,1.0,1,"[0.744512, 0.255488]"
minesweeper,client,456,4334,13,MR,attack_member,evaluation,0,1,0.5004147291183472,0,0.5014635920524597,False,4,1.0,1,"[0.763249, 0.236751]"
minesweeper,client,456,4434,13,MR,attack_member,evaluation,0,1,0.49981385469436646,0,0.5014635920524597,False,4,0.75,1,"[0.690575, 0.309425]"
minesweeper,client,456,4519,13,MR,attack_member,evaluation,0,1,0.49852174520492554,0,0.5014635920524597,False,2,0.5,1,"[0.534365, 0.465635]"
minesweeper,client,456,4527,13,MR,attack_member,evaluation,0,1,0.49999532103538513,0,0.5014635920524597,False,4,1.0,1,"[0.712519, 0.287481]"
minesweeper,client,456,4532,13,MR,attack_member,evaluation,0,1,0.4994392395019531,0,0.5014635920524597,False,4,0.75,1,"[0.645274, 0.354726]"
minesweeper,client,456,4629,13,MR,attack_member,evaluation,0,1,0.4996863007545471,0,0.5014635920524597,False,4,1.0,1,"[0.675147, 0.324853]"
minesweeper,client,456,4635,13,MR,attack_member,evaluation,0,1,0.49892890453338623,0,0.5014635920524597,False,4,1.0,1,"[0.58358, 0.41642]"
minesweeper,client,456,4719,13,MR,attack_member,evaluation,0,1,0.4989347755908966,0,0.5014635920524597,False,4,0.5,1,"[0.584288, 0.415712]"
minesweeper,client,456,4724,13,MR,attack_member,evaluation,0,1,0.5005152821540833,0,0.5014635920524597,False,4,1.0,1,"[0.775415, 0.224585]"
minesweeper,client,456,4738,13,MR,attack_member,evaluation,1,1,0.5044165253639221,0,0.5112331509590149,False,4,0.0,0,"[0.728935, 0.271065]"
minesweeper,client,456,4835,13,MR,attack_member,evaluation,1,1,0.5088507533073425,0,0.5112331509590149,False,4,0.5,0,"[0.625751, 0.374249]"
minesweeper,client,456,4925,13,MR,attack_member,evaluation,0,1,0.5004769563674927,0,0.5014635920524597,False,4,1.0,1,"[0.770776, 0.229224]"
minesweeper,client,456,4927,13,MR,attack_member,evaluation,0,1,0.5008054375648499,0,0.5014635920524597,False,4,0.75,1,"[0.810519, 0.189481]"
minesweeper,client,456,4930,13,MR,attack_member,evaluation,0,1,0.5004128217697144,0,0.5014635920524597,False,4,1.0,1,"[0.763018, 0.236982]"
minesweeper,client,456,4931,13,MR,attack_member,evaluation,0,1,0.5002334713935852,0,0.5014635920524597,False,4,1.0,1,"[0.741322, 0.258678]"
minesweeper,client,456,4932,13,MR,attack_member,evaluation,0,1,0.500004768371582,0,0.5014635920524597,False,4,1.0,1,"[0.713659, 0.286341]"
minesweeper,client,456,5117,13,MR,attack_member,evaluation,0,1,0.4996344745159149,0,0.5014635920524597,False,4,1.0,1,"[0.668886, 0.331114]"
minesweeper,client,456,5121,13,MR,attack_member,evaluation,0,1,0.5000446438789368,0,0.5014635920524597,False,4,1.0,1,"[0.718481, 0.281519]"
minesweeper,client,456,5127,13,MR,attack_member,evaluation,0,1,0.4998883008956909,0,0.5014635920524597,False,4,1.0,1,"[0.699576, 0.300424]"
minesweeper,client,456,5133,13,MR,attack_member,evaluation,0,1,0.4999498128890991,0,0.5014635920524597,False,4,1.0,1,"[0.707014, 0.292986]"
minesweeper,client,456,5136,13,MR,attack_member,evaluation,0,1,0.5009491443634033,0,0.5014635920524597,False,4,1.0,1,"[0.827907, 0.172093]"
minesweeper,client,456,5137,13,MR,attack_member,evaluation,0,1,0.5011902451515198,0,0.5014635920524597,False,4,1.0,1,"[0.857091, 0.142909]"
minesweeper,client,456,5220,13,MR,attack_member,evaluation,0,1,0.4999066889286041,0,0.5014635920524597,False,4,0.75,1,"[0.701796, 0.298204]"
minesweeper,client,456,5223,13,MR,attack_member,evaluation,1,1,0.5060917735099792,0,0.5112331509590149,False,4,0.0,0,"[0.690411, 0.309589]"
minesweeper,client,456,5233,13,MR,attack_member,evaluation,0,1,0.5001299381256104,0,0.5014635920524597,False,4,0.75,1,"[0.728796, 0.271204]"
minesweeper,client,456,5235,13,MR,attack_member,evaluation,0,1,0.5002975463867188,0,0.5014635920524597,False,3,1.0,1,"[0.74907, 0.25093]"
minesweeper,client,456,5335,13,MR,attack_member,evaluation,0,1,0.5013467073440552,0,0.5014635920524597,False,2,0.5,1,"[0.876021, 0.123979]"
minesweeper,client,456,5431,13,MR,attack_member,evaluation,0,1,0.500126838684082,0,0.5014635920524597,False,1,1.0,1,"[0.728419, 0.271581]"
minesweeper,client,456,5523,13,MR,attack_member,evaluation,0,1,0.5008496046066284,0,0.5014635920524597,False,4,1.0,1,"[0.815866, 0.184134]"
minesweeper,client,456,5535,13,MR,attack_member,evaluation,0,1,0.5018101930618286,1,0.5014635920524597,False,0,,1,"[0.932137, 0.067863]"
minesweeper,client,456,5621,13,MR,attack_member,evaluation,1,1,0.5046149492263794,0,0.5112331509590149,False,2,0.0,0,"[0.724398, 0.275602]"
minesweeper,client,456,5624,13,MR,attack_member,evaluation,0,1,0.5017963647842407,1,0.5014635920524597,False,1,0.0,1,"[0.930467, 0.069533]"
minesweeper,client,456,5723,13,MR,attack_member,evaluation,1,1,0.495285302400589,0,0.5112331509590149,False,0,,0,"[0.932137, 0.067863]"
minesweeper,client,456,2848,13,MR,attack_member,evaluation,0,1,0.5001014471054077,0,0.5014635920524597,False,4,1.0,1,"[0.725352, 0.274648]"
minesweeper,client,456,2849,13,MR,attack_member,evaluation,0,1,0.499833881855011,0,0.5014635920524597,False,4,0.75,1,"[0.692994, 0.307006]"
minesweeper,client,456,3047,13,MR,attack_member,evaluation,0,1,0.499967098236084,0,0.5014635920524597,False,4,1.0,1,"[0.709104, 0.290896]"
minesweeper,client,456,3149,13,MR,attack_member,evaluation,0,1,0.5003087520599365,0,0.5014635920524597,False,4,0.75,1,"[0.750425, 0.249575]"
minesweeper,client,456,3156,13,MR,attack_member,evaluation,0,1,0.499611496925354,0,0.5014635920524597,False,2,1.0,1,"[0.666101, 0.333899]"
minesweeper,client,456,3247,13,MR,attack_member,evaluation,0,1,0.49925661087036133,0,0.5014635920524597,False,4,0.75,1,"[0.62319, 0.37681]"
minesweeper,client,456,3248,13,MR,attack_member,evaluation,0,1,0.499435693025589,0,0.5014635920524597,False,4,0.75,1,"[0.644847, 0.355153]"
minesweeper,client,456,3251,13,MR,attack_member,evaluation,0,1,0.499899685382843,0,0.5014635920524597,False,4,1.0,1,"[0.700951, 0.299049]"
minesweeper,client,456,3252,13,MR,attack_member,evaluation,0,1,0.5005521178245544,0,0.5014635920524597,False,4,1.0,1,"[0.779868, 0.220132]"
minesweeper,client,456,3256,13,MR,attack_member,evaluation,0,1,0.4999580383300781,0,0.5014635920524597,False,3,1.0,1,"[0.708008, 0.291993]"
minesweeper,client,456,3351,13,MR,attack_member,evaluation,0,1,0.4998645782470703,0,0.5014635920524597,False,4,0.75,1,"[0.696705, 0.303295]"
minesweeper,client,456,3352,13,MR,attack_member,evaluation,0,1,0.49990949034690857,0,0.5014635920524597,False,4,1.0,1,"[0.702136, 0.297864]"
minesweeper,client,456,3355,13,MR,attack_member,evaluation,0,1,0.5000821352005005,0,0.5014635920524597,False,4,0.75,1,"[0.723021, 0.276979]"
minesweeper,client,456,3357,13,MR,attack_member,evaluation,0,1,0.5001314878463745,0,0.5014635920524597,False,2,1.0,1,"[0.728985, 0.271015]"
minesweeper,client,456,3546,13,MR,attack_member,evaluation,1,1,0.5069082379341125,0,0.5112331509590149,False,4,0.25,0,"[0.671443, 0.328557]"
minesweeper,client,456,3547,13,MR,attack_member,evaluation,1,1,0.5078994035720825,0,0.5112331509590149,False,4,0.25,0,"[0.648232, 0.351768]"
minesweeper,client,456,3557,13,MR,attack_member,evaluation,0,1,0.4987071454524994,0,0.5014635920524597,False,4,1.0,1,"[0.556776, 0.443224]"
minesweeper,client,456,3651,13,MR,attack_member,evaluation,0,1,0.49922388792037964,0,0.5014635920524597,False,4,1.0,1,"[0.619239, 0.380761]"
minesweeper,client,456,3652,13,MR,attack_member,evaluation,0,1,0.4996130168437958,0,0.5014635920524597,False,4,1.0,1,"[0.666283, 0.333717]"
minesweeper,client,456,3748,13,MR,attack_member,evaluation,0,1,0.49876371026039124,0,0.5014635920524597,False,4,0.25,1,"[0.56361, 0.43639]"
minesweeper,client,456,3749,13,MR,attack_member,evaluation,0,1,0.4987298846244812,0,0.5014635920524597,False,4,0.25,1,"[0.559522, 0.440478]"
minesweeper,client,456,3852,13,MR,attack_member,evaluation,0,1,0.49943047761917114,0,0.5014635920524597,False,4,0.75,1,"[0.644213, 0.355787]"
minesweeper,client,456,3853,13,MR,attack_member,evaluation,1,1,0.5071437358856201,0,0.5112331509590149,False,4,0.25,0,"[0.665947, 0.334053]"
minesweeper,client,456,3855,13,MR,attack_member,evaluation,0,1,0.4992137551307678,0,0.5014635920524597,False,4,0.25,1,"[0.618013, 0.381987]"
minesweeper,client,456,3939,13,MR,attack_member,evaluation,1,1,0.5102298855781555,0,0.5112331509590149,False,4,0.5,0,"[0.592778, 0.407222]"
minesweeper,client,456,3943,13,MR,attack_member,evaluation,1,1,0.5128610730171204,1,0.5112331509590149,False,4,0.25,0,"[0.528454, 0.471546]"
minesweeper,client,456,4044,13,MR,attack_member,evaluation,0,1,0.4988815188407898,0,0.5014635920524597,False,4,1.0,1,"[0.577855, 0.422145]"
minesweeper,client,456,4048,13,MR,attack_member,evaluation,0,1,0.49892178177833557,0,0.5014635920524597,False,4,0.75,1,"[0.582719, 0.417281]"
minesweeper,client,456,4051,13,MR,attack_member,evaluation,1,1,0.5101785659790039,0,0.5112331509590149,False,4,0.75,0,"[0.594014, 0.405986]"
minesweeper,client,456,4058,13,MR,attack_member,evaluation,1,1,0.5118229389190674,1,0.5112331509590149,False,4,0.25,0,"[0.554071, 0.445929]"
minesweeper,client,456,4142,13,MR,attack_member,evaluation,0,1,0.49951452016830444,0,0.5014635920524597,False,4,1.0,1,"[0.654377, 0.345623]"
minesweeper,client,456,4147,13,MR,attack_member,evaluation,0,1,0.49957627058029175,0,0.5014635920524597,False,4,1.0,1,"[0.661842, 0.338158]"
minesweeper,client,456,4149,13,MR,attack_member,evaluation,1,1,0.5087472796440125,0,0.5112331509590149,False,4,0.25,0,"[0.628206, 0.371794]"
minesweeper,client,456,4150,13,MR,attack_member,evaluation,1,1,0.508919358253479,0,0.5112331509590149,False,4,0.25,0,"[0.624123, 0.375877]"
minesweeper,client,456,4241,13,MR,attack_member,evaluation,0,1,0.499196320772171,0,0.5014635920524597,False,4,1.0,1,"[0.615908, 0.384092]"
minesweeper,client,456,4338,13,MR,attack_member,evaluation,0,1,0.49935540556907654,0,0.5014635920524597,False,4,0.75,1,"[0.635141, 0.364859]"
minesweeper,client,456,4340,13,MR,attack_member,evaluation,0,1,0.49901238083839417,0,0.5014635920524597,False,4,0.75,1,"[0.593671, 0.406329]"
minesweeper,client,456,4341,13,MR,attack_member,evaluation,0,1,0.4996119439601898,0,0.5014635920524597,False,4,0.75,1,"[0.666153, 0.333847]"
minesweeper,client,456,4342,13,MR,attack_member,evaluation,0,1,0.5003588199615479,0,0.5014635920524597,False,4,1.0,1,"[0.756483, 0.243517]"
minesweeper,client,456,4346,13,MR,attack_member,evaluation,1,1,0.5081005096435547,0,0.5112331509590149,False,4,0.0,0,"[0.643498, 0.356502]"
minesweeper,client,456,4347,13,MR,attack_member,evaluation,0,1,0.4994211494922638,0,0.5014635920524597,False,4,1.0,1,"[0.643085, 0.356915]"
minesweeper,client,456,4348,13,MR,attack_member,evaluation,0,1,0.49999144673347473,0,0.5014635920524597,False,4,0.75,1,"[0.71205, 0.28795]"
minesweeper,client,456,4351,13,MR,attack_member,evaluation,1,1,0.50765460729599,0,0.5112331509590149,False,2,0.0,0,"[0.653985, 0.346015]"
minesweeper,client,456,4353,13,MR,attack_member,evaluation,0,1,0.4994557201862335,0,0.5014635920524597,False,4,1.0,1,"[0.647268, 0.352732]"
minesweeper,client,456,4457,13,MR,attack_member,evaluation,0,1,0.5005173087120056,0,0.5014635920524597,False,4,0.75,1,"[0.77566, 0.22434]"
minesweeper,client,456,4461,13,MR,attack_member,evaluation,0,1,0.5006132125854492,0,0.5014635920524597,False,2,0.5,1,"[0.787255, 0.212745]"
minesweeper,client,456,4639,13,MR,attack_member,evaluation,0,1,0.500010073184967,0,0.5014635920524597,False,4,0.75,1,"[0.714303, 0.285697]"
minesweeper,client,456,4647,13,MR,attack_member,evaluation,0,1,0.500060498714447,0,0.5014635920524597,False,1,1.0,1,"[0.720403, 0.279597]"
minesweeper,client,456,4657,13,MR,attack_member,evaluation,1,1,0.49677878618240356,0,0.5112331509590149,False,1,0.0,0,"[0.899475, 0.100525]"
minesweeper,client,456,5595,0,MR,attack_nonmember,evaluation,0,0,0.5001984238624573,0,0.5014635920524597,False,4,1.0,1,"[0.737083, 0.262917]"
minesweeper,client,456,5596,0,MR,attack_nonmember,evaluation,0,0,0.4999535083770752,0,0.5014635920524597,False,4,0.75,1,"[0.707456, 0.292544]"
minesweeper,client,456,5699,0,MR,attack_nonmember,evaluation,0,0,0.5001277923583984,0,0.5014635920524597,False,2,1.0,1,"[0.728535, 0.271464]"
minesweeper,client,456,5880,0,MR,attack_nonmember,evaluation,0,0,0.5000367164611816,0,0.5014635920524597,False,4,1.0,1,"[0.71752, 0.28248]"
minesweeper,client,456,5887,0,MR,attack_nonmember,evaluation,0,0,0.499482661485672,0,0.5014635920524597,False,4,0.5,1,"[0.650526, 0.349474]"
minesweeper,client,456,5890,0,MR,attack_nonmember,evaluation,0,0,0.4993358254432678,0,0.5014635920524597,False,4,0.75,1,"[0.632769, 0.367231]"
minesweeper,client,456,5988,0,MR,attack_nonmember,evaluation,0,0,0.49890679121017456,0,0.5014635920524597,False,4,0.5,1,"[0.580901, 0.419099]"
minesweeper,client,456,5997,0,MR,attack_nonmember,evaluation,0,0,0.5003777742385864,0,0.5014635920524597,False,4,0.75,1,"[0.758773, 0.241227]"
minesweeper,client,456,6086,0,MR,attack_nonmember,evaluation,0,0,0.4986390471458435,0,0.5014635920524597,False,4,0.75,1,"[0.548545, 0.451455]"
minesweeper,client,456,6178,0,MR,attack_nonmember,evaluation,0,0,0.4995515048503876,0,0.5014635920524597,False,4,0.75,1,"[0.658849, 0.341151]"
minesweeper,client,456,6181,0,MR,attack_nonmember,evaluation,0,0,0.499891072511673,0,0.5014635920524597,False,4,1.0,1,"[0.699917, 0.300083]"
minesweeper,client,456,6186,0,MR,attack_nonmember,evaluation,0,0,0.49857935309410095,0,0.5014635920524597,False,4,0.75,1,"[0.541322, 0.458678]"
minesweeper,client,456,6187,0,MR,attack_nonmember,evaluation,0,0,0.49847912788391113,0,0.5014635920524597,False,4,0.5,1,"[0.529215, 0.470785]"
minesweeper,client,456,6283,0,MR,attack_nonmember,evaluation,0,0,0.4990774393081665,0,0.5014635920524597,False,4,0.75,1,"[0.60153, 0.39847]"
minesweeper,client,456,6384,0,MR,attack_nonmember,evaluation,0,0,0.49955177307128906,0,0.5014635920524597,False,4,0.5,1,"[0.658882, 0.341119]"
minesweeper,client,456,6389,0,MR,attack_nonmember,evaluation,0,0,0.49968573451042175,0,0.5014635920524597,False,4,0.75,1,"[0.675075, 0.324925]"
minesweeper,client,456,6395,0,MR,attack_nonmember,evaluation,1,0,0.5104131698608398,0,0.5112331509590149,False,4,0.0,0,"[0.58836, 0.41164]"
minesweeper,client,456,6397,0,MR,attack_nonmember,evaluation,0,0,0.5000584721565247,0,0.5014635920524597,False,4,1.0,1,"[0.720158, 0.279842]"
minesweeper,client,456,6488,0,MR,attack_nonmember,evaluation,1,0,0.5108705759048462,0,0.5112331509590149,False,4,0.25,0,"[0.577295, 0.422705]"
minesweeper,client,456,6490,0,MR,attack_nonmember,evaluation,0,0,0.4999445974826813,0,0.5014635920524597,False,4,1.0,1,"[0.706383, 0.293617]"
minesweeper,client,456,6592,0,MR,attack_nonmember,evaluation,0,0,0.5002219676971436,0,0.5014635920524597,False,4,1.0,1,"[0.73993, 0.26007]"
minesweeper,client,456,6675,0,MR,attack_nonmember,evaluation,0,0,0.49952852725982666,0,0.5014635920524597,False,4,0.75,1,"[0.656073, 0.343927]"
minesweeper,client,456,6775,0,MR,attack_nonmember,evaluation,0,0,0.49999338388442993,0,0.5014635920524597,False,4,0.75,1,"[0.712284, 0.287716]"
minesweeper,client,456,6782,0,MR,attack_nonmember,evaluation,0,0,0.49958536028862,0,0.5014635920524597,False,4,1.0,1,"[0.662943, 0.337057]"
minesweeper,client,456,6799,0,MR,attack_nonmember,evaluation,1,0,0.498923659324646,0,0.5112331509590149,False,2,0.0,0,"[0.852256, 0.147744]"
minesweeper,client,456,6895,0,MR,attack_nonmember,evaluation,1,0,0.5099160671234131,0,0.5112331509590149,False,4,0.5,0,"[0.600323, 0.399677]"
minesweeper,client,456,6979,0,MR,attack_nonmember,evaluation,0,0,0.4997786283493042,0,0.5014635920524597,False,4,0.75,1,"[0.686309, 0.313691]"
minesweeper,client,456,6989,0,MR,attack_nonmember,evaluation,0,0,0.49982282519340515,0,0.5014635920524597,False,4,1.0,1,"[0.691654, 0.308346]"
minesweeper,client,456,7074,0,MR,attack_nonmember,evaluation,0,0,0.4995812177658081,0,0.5014635920524597,False,3,0.6666666666666666,1,"[0.662444, 0.337556]"
minesweeper,client,456,7077,0,MR,attack_nonmember,evaluation,0,0,0.49959635734558105,0,0.5014635920524597,False,4,0.75,1,"[0.664275, 0.335725]"
minesweeper,client,456,7097,0,MR,attack_nonmember,evaluation,0,0,0.5004224181175232,0,0.5014635920524597,False,4,1.0,1,"[0.764178, 0.235822]"
minesweeper,client,456,7176,0,MR,attack_nonmember,evaluation,0,0,0.4998836815357208,0,0.5014635920524597,False,4,0.75,1,"[0.699022, 0.300978]"
minesweeper,client,456,7375,0,MR,attack_nonmember,evaluation,0,0,0.50005042552948,0,0.5014635920524597,False,4,0.75,1,"[0.719185, 0.280815]"
minesweeper,client,456,7377,0,MR,attack_nonmember,evaluation,0,0,0.4993842840194702,0,0.5014635920524597,False,4,0.5,1,"[0.638631, 0.361369]"
minesweeper,client,456,7378,0,MR,attack_nonmember,evaluation,0,0,0.4993842840194702,0,0.5014635920524597,False,4,0.5,1,"[0.638631, 0.361369]"
minesweeper,client,456,7486,0,MR,attack_nonmember,evaluation,0,0,0.5000571608543396,0,0.5014635920524597,False,4,1.0,1,"[0.719996, 0.280004]"
minesweeper,client,456,7490,0,MR,attack_nonmember,evaluation,0,0,0.4999001622200012,0,0.5014635920524597,False,4,1.0,1,"[0.701009, 0.298991]"
minesweeper,client,456,7492,0,MR,attack_nonmember,evaluation,0,0,0.4997568130493164,0,0.5014635920524597,False,4,0.75,1,"[0.683677, 0.316323]"
minesweeper,client,456,7579,0,MR,attack_nonmember,evaluation,0,0,0.49980628490448,0,0.5014635920524597,False,4,1.0,1,"[0.689661, 0.310339]"
minesweeper,client,456,7596,0,MR,attack_nonmember,evaluation,0,0,0.5000272393226624,0,0.5014635920524597,False,4,0.75,1,"[0.716379, 0.283622]"
minesweeper,client,456,7697,0,MR,attack_nonmember,evaluation,0,0,0.4996919631958008,0,0.5014635920524597,False,4,1.0,1,"[0.675836, 0.324164]"
minesweeper,client,456,7780,0,MR,attack_nonmember,evaluation,0,0,0.49962905049324036,0,0.5014635920524597,False,2,1.0,1,"[0.668222, 0.331778]"
minesweeper,client,456,7986,0,MR,attack_nonmember,evaluation,0,0,0.49906840920448303,0,0.5014635920524597,False,4,0.5,1,"[0.600442, 0.399558]"
minesweeper,client,456,7991,0,MR,attack_nonmember,evaluation,0,0,0.4991401433944702,0,0.5014635920524597,False,4,0.75,1,"[0.609113, 0.390887]"
minesweeper,client,456,7995,0,MR,attack_nonmember,evaluation,0,0,0.4989926218986511,0,0.5014635920524597,False,4,0.5,1,"[0.59128, 0.40872]"
minesweeper,client,456,8083,0,MR,attack_nonmember,evaluation,1,0,0.513272762298584,1,0.5112331509590149,False,1,0.0,0,"[0.518202, 0.481798]"
minesweeper,client,456,8088,0,MR,attack_nonmember,evaluation,0,0,0.5003352165222168,0,0.5014635920524597,False,4,1.0,1,"[0.753626, 0.246374]"
minesweeper,client,456,8190,0,MR,attack_nonmember,evaluation,0,0,0.4998772144317627,0,0.5014635920524597,False,4,0.5,1,"[0.698234, 0.301766]"
minesweeper,client,456,8198,0,MR,attack_nonmember,evaluation,0,0,0.4998131990432739,0,0.5014635920524597,False,4,0.75,1,"[0.690496, 0.309504]"
minesweeper,client,456,8492,0,MR,attack_nonmember,evaluation,0,0,0.5011017918586731,0,0.5014635920524597,False,2,1.0,1,"[0.846383, 0.153617]"
minesweeper,client,456,8493,0,MR,attack_nonmember,evaluation,0,0,0.5014865398406982,1,0.5014635920524597,False,3,1.0,1,"[0.89295, 0.10705]"
minesweeper,client,456,8593,0,MR,attack_nonmember,evaluation,0,0,0.5011610984802246,0,0.5014635920524597,False,1,1.0,1,"[0.853562, 0.146438]"
minesweeper,client,456,7112,1,MR,attack_nonmember,evaluation,0,0,0.49879491329193115,0,0.5014635920524597,False,2,0.5,1,"[0.56738, 0.432619]"
minesweeper,client,456,7212,1,MR,attack_nonmember,evaluation,0,0,0.4992733895778656,0,0.5014635920524597,False,3,1.0,1,"[0.625221, 0.374778]"
minesweeper,client,456,7307,1,MR,attack_nonmember,evaluation,0,0,0.5008402466773987,0,0.5014635920524597,False,4,1.0,1,"[0.814728, 0.185272]"
minesweeper,client,456,7403,1,MR,attack_nonmember,evaluation,0,0,0.49972280859947205,0,0.5014635920524597,False,4,0.75,1,"[0.679559, 0.320441]"
minesweeper,client,456,7511,1,MR,attack_nonmember,evaluation,0,0,0.4998163878917694,0,0.5014635920524597,False,4,1.0,1,"[0.69088, 0.30912]"
minesweeper,client,456,7515,1,MR,attack_nonmember,evaluation,0,0,0.4993430972099304,0,0.5014635920524597,False,4,0.5,1,"[0.633651, 0.366349]"
minesweeper,client,456,7704,1,MR,attack_nonmember,evaluation,0,0,0.49888983368873596,0,0.5014635920524597,False,4,0.75,1,"[0.578856, 0.421144]"
minesweeper,client,456,7707,1,MR,attack_nonmember,evaluation,0,0,0.49948814511299133,0,0.5014635920524597,False,4,0.75,1,"[0.651185, 0.348815]"
minesweeper,client,456,7806,1,MR,attack_nonmember,evaluation,0,0,0.4994231164455414,0,0.5014635920524597,False,4,0.75,1,"[0.643323, 0.356677]"
minesweeper,client,456,7809,1,MR,attack_nonmember,evaluation,0,0,0.49875569343566895,0,0.5014635920524597,False,4,1.0,1,"[0.56264, 0.43736]"
minesweeper,client,456,7818,1,MR,attack_nonmember,evaluation,0,0,0.500058650970459,0,0.5014635920524597,False,1,1.0,1,"[0.720178, 0.279822]"
minesweeper,client,456,8004,1,MR,attack_nonmember,evaluation,0,0,0.4994738698005676,0,0.5014635920524597,False,4,0.75,1,"[0.649464, 0.350536]"
minesweeper,client,456,8118,1,MR,attack_nonmember,evaluation,1,0,0.4958341121673584,0,0.5112331509590149,False,3,0.0,0,"[0.920153, 0.079846]"
minesweeper,client,456,8206,1,MR,attack_nonmember,evaluation,0,0,0.4988194704055786,0,0.5014635920524597,False,4,1.0,1,"[0.57035, 0.42965]"
minesweeper,client,456,8207,1,MR,attack_nonmember,evaluation,0,0,0.49866628646850586,0,0.5014635920524597,False,4,1.0,1,"[0.551835, 0.448165]"
minesweeper,client,456,8212,1,MR,attack_nonmember,evaluation,1,0,0.5098347067832947,0,0.5112331509590149,False,4,0.0,0,"[0.602275, 0.397725]"
minesweeper,client,456,8303,1,MR,attack_nonmember,evaluation,0,0,0.49995869398117065,0,0.5014635920524597,False,4,1.0,1,"[0.708084, 0.291916]"
minesweeper,client,456,8310,1,MR,attack_nonmember,evaluation,0,0,0.4990008473396301,0,0.5014635920524597,False,4,0.75,1,"[0.592275, 0.407725]"
minesweeper,client,456,8402,1,MR,attack_nonmember,evaluation,0,0,0.5000072121620178,0,0.5014635920524597,False,4,1.0,1,"[0.713957, 0.286043]"
minesweeper,client,456,8606,1,MR,attack_nonmember,evaluation,0,0,0.49949386715888977,0,0.5014635920524597,False,4,0.75,1,"[0.651876, 0.348124]"
minesweeper,client,456,8802,1,MR,attack_nonmember,evaluation,1,0,0.508711576461792,0,0.5112331509590149,False,4,0.25,0,"[0.629053, 0.370947]"
minesweeper,client,456,8908,1,MR,attack_nonmember,evaluation,0,0,0.4999041259288788,0,0.5014635920524597,False,4,0.75,1,"[0.70149, 0.29851]"
minesweeper,client,456,8912,1,MR,attack_nonmember,evaluation,0,0,0.4993596374988556,0,0.5014635920524597,False,4,0.75,1,"[0.635651, 0.364349]"
minesweeper,client,456,8916,1,MR,attack_nonmember,evaluation,0,0,0.49859392642974854,0,0.5014635920524597,False,4,0.75,1,"[0.543089, 0.456911]"
minesweeper,client,456,9101,1,MR,attack_nonmember,evaluation,0,0,0.500400185585022,0,0.5014635920524597,False,4,1.0,1,"[0.761488, 0.238512]"
minesweeper,client,456,9215,1,MR,attack_nonmember,evaluation,0,0,0.4984232783317566,0,0.5014635920524597,False,4,0.75,1,"[0.522469, 0.477531]"
minesweeper,client,456,9305,1,MR,attack_nonmember,evaluation,0,0,0.4983710050582886,0,0.5014635920524597,False,4,0.5,1,"[0.516144, 0.483856]"
minesweeper,client,456,9314,1,MR,attack_nonmember,evaluation,0,0,0.49892327189445496,0,0.5014635920524597,False,4,0.5,1,"[0.582899, 0.417101]"
minesweeper,client,456,9317,1,MR,attack_nonmember,evaluation,0,0,0.4993972182273865,0,0.5014635920524597,False,4,0.75,1,"[0.640193, 0.359807]"
minesweeper,client,456,9400,1,MR,attack_nonmember,evaluation,0,0,0.4991520047187805,0,0.5014635920524597,False,3,0.6666666666666666,1,"[0.610547, 0.389453]"
minesweeper,client,456,9410,1,MR,attack_nonmember,evaluation,0,0,0.4994063079357147,0,0.5014635920524597,False,4,1.0,1,"[0.641293, 0.358707]"
minesweeper,client,456,9611,1,MR,attack_nonmember,evaluation,0,0,0.4997307360172272,0,0.5014635920524597,False,4,0.75,1,"[0.680522, 0.319478]"
minesweeper,client,456,9711,1,MR,attack_nonmember,evaluation,1,0,0.5018215179443359,0,0.5112331509590149,False,4,0.0,0,"[0.7877, 0.2123]"
minesweeper,client,456,9718,1,MR,attack_nonmember,evaluation,1,0,0.5047159194946289,0,0.5112331509590149,False,4,0.25,0,"[0.722087, 0.277913]"
minesweeper,client,456,9809,1,MR,attack_nonmember,evaluation,0,0,0.5010073781013489,0,0.5014635920524597,False,4,1.0,1,"[0.834957, 0.165043]"
minesweeper,client,456,9814,1,MR,attack_nonmember,evaluation,0,0,0.5006334185600281,0,0.5014635920524597,False,4,1.0,1,"[0.789711, 0.210289]"
minesweeper,client,456,9901,1,MR,attack_nonmember,evaluation,0,0,0.5000982880592346,0,0.5014635920524597,False,1,0.0,1,"[0.724971, 0.275029]"
minesweeper,client,456,9905,1,MR,attack_nonmember,evaluation,1,0,0.5035774111747742,0,0.5112331509590149,False,1,0.0,0,"[0.74805, 0.25195]"
minesweeper,client,456,9908,1,MR,attack_nonmember,evaluation,0,0,0.5003268122673035,0,0.5014635920524597,False,1,1.0,1,"[0.752609, 0.247391]"
minesweeper,client,456,9910,1,MR,attack_nonmember,evaluation,0,0,0.5007854104042053,0,0.5014635920524597,False,1,1.0,1,"[0.808097, 0.191903]"
minesweeper,client,456,9920,1,MR,attack_nonmember,evaluation,1,0,0.495285302400589,0,0.5112331509590149,False,0,,0,"[0.932137, 0.067863]"
minesweeper,client,456,1908,2,MR,attack_nonmember,evaluation,0,0,0.49916157126426697,0,0.5014635920524597,False,4,0.5,1,"[0.611702, 0.388298]"
minesweeper,client,456,2101,2,MR,attack_nonmember,evaluation,0,0,0.4995758533477783,0,0.5014635920524597,False,4,0.75,1,"[0.661788, 0.338212]"
minesweeper,client,456,2102,2,MR,attack_nonmember,evaluation,0,0,0.49952977895736694,0,0.5014635920524597,False,4,0.75,1,"[0.656225, 0.343775]"
minesweeper,client,456,2114,2,MR,attack_nonmember,evaluation,1,0,0.5094215869903564,0,0.5112331509590149,False,4,0.25,0,"[0.61216, 0.38784]"
minesweeper,client,456,2203,2,MR,attack_nonmember,evaluation,0,0,0.4991903305053711,0,0.5014635920524597,False,4,1.0,1,"[0.615185, 0.384815]"
minesweeper,client,456,2303,2,MR,attack_nonmember,evaluation,0,0,0.49889370799064636,0,0.5014635920524597,False,4,0.5,1,"[0.579325, 0.420675]"
minesweeper,client,456,2406,2,MR,attack_nonmember,evaluation,0,0,0.4993099570274353,0,0.5014635920524597,False,4,1.0,1,"[0.629644, 0.370356]"
minesweeper,client,456,2504,2,MR,attack_nonmember,evaluation,0,0,0.49898967146873474,0,0.5014635920524597,False,4,0.75,1,"[0.590921, 0.409079]"
minesweeper,client,456,2509,2,MR,attack_nonmember,evaluation,0,0,0.49983295798301697,0,0.5014635920524597,False,4,0.75,1,"[0.69288, 0.30712]"
minesweeper,client,456,2510,2,MR,attack_nonmember,evaluation,1,0,0.5075595378875732,0,0.5112331509590149,False,4,0.0,0,"[0.656215, 0.343785]"
minesweeper,client,456,2612,2,MR,attack_nonmember,evaluation,1,0,0.5138603448867798,1,0.5112331509590149,False,4,0.25,0,"[0.503477, 0.496523]"
minesweeper,client,456,2814,2,MR,attack_nonmember,evaluation,0,0,0.49842527508735657,0,0.5014635920524597,False,4,1.0,1,"[0.522709, 0.477291]"
minesweeper,client,456,2910,2,MR,attack_nonmember,evaluation,0,0,0.4981573224067688,0,0.5014635920524597,False,4,0.75,0,"[0.490319, 0.509681]"
minesweeper,client,456,2913,2,MR,attack_nonmember,evaluation,0,0,0.49886196851730347,0,0.5014635920524597,False,4,0.5,1,"[0.575489, 0.424511]"
minesweeper,client,456,3022,2,MR,attack_nonmember,evaluation,0,0,0.4990740716457367,0,0.5014635920524597,False,4,0.75,1,"[0.601128, 0.398872]"
minesweeper,client,456,3114,2,MR,attack_nonmember,evaluation,0,0,0.4996132254600525,0,0.5014635920524597,False,4,1.0,1,"[0.666311, 0.333689]"
minesweeper,client,456,3301,2,MR,attack_nonmember,evaluation,0,0,0.5000177621841431,0,0.5014635920524597,False,4,1.0,1,"[0.715228, 0.284772]"
minesweeper,client,456,3309,2,MR,attack_nonmember,evaluation,1,0,0.5052125453948975,0,0.5112331509590149,False,4,0.0,0,"[0.710692, 0.289308]"
minesweeper,client,456,3413,2,MR,attack_nonmember,evaluation,0,0,0.4987048804759979,0,0.5014635920524597,False,4,0.5,1,"[0.556503, 0.443497]"
minesweeper,client,456,3417,2,MR,attack_nonmember,evaluation,0,0,0.4996268153190613,0,0.5014635920524597,False,4,0.75,1,"[0.667952, 0.332049]"
minesweeper,client,456,3419,2,MR,attack_nonmember,evaluation,0,0,0.5000351071357727,0,0.5014635920524597,False,4,0.5,1,"[0.717326, 0.282674]"
minesweeper,client,456,3422,2,MR,attack_nonmember,evaluation,0,0,0.5000349879264832,0,0.5014635920524597,False,4,0.5,1,"[0.717317, 0.282683]"
minesweeper,client,456,3512,2,MR,attack_nonmember,evaluation,1,0,0.5109732747077942,0,0.5112331509590149,False,4,0.25,0,"[0.574802, 0.425198]"
minesweeper,client,456,3615,2,MR,attack_nonmember,evaluation,0,0,0.49833956360816956,0,0.5014635920524597,False,4,0.75,1,"[0.51235, 0.48765]"
minesweeper,client,456,3704,2,MR,attack_nonmember,evaluation,1,0,0.5128403902053833,1,0.5112331509590149,False,4,0.5,0,"[0.528967, 0.471033]"
minesweeper,client,456,3801,2,MR,attack_nonmember,evaluation,0,0,0.500103771686554,0,0.5014635920524597,False,4,1.0,1,"[0.725638, 0.274362]"
minesweeper,client,456,3810,2,MR,attack_nonmember,evaluation,0,0,0.4981321394443512,0,0.5014635920524597,False,4,0.5,0,"[0.48728, 0.51272]"
minesweeper,client,456,3901,2,MR,attack_nonmember,evaluation,0,0,0.4995127320289612,0,0.5014635920524597,False,4,0.75,1,"[0.654161, 0.345839]"
minesweeper,client,456,4000,2,MR,attack_nonmember,evaluation,1,0,0.5123927593231201,1,0.5112331509590149,False,3,0.6666666666666666,0,"[0.54005, 0.45995]"
minesweeper,client,456,4100,2,MR,attack_nonmember,evaluation,1,0,0.5139529705047607,1,0.5112331509590149,False,3,0.6666666666666666,0,"[0.501146, 0.498854]"
minesweeper,client,456,4107,2,MR,attack_nonmember,evaluation,0,0,0.4997330904006958,0,0.5014635920524597,False,2,1.0,1,"[0.680806, 0.319194]"
minesweeper,client,456,4109,2,MR,attack_nonmember,evaluation,0,0,0.4997846782207489,0,0.5014635920524597,False,2,0.5,1,"[0.68704, 0.31296]"
minesweeper,client,456,4115,2,MR,attack_nonmember,evaluation,0,0,0.5000507831573486,0,0.5014635920524597,False,4,0.25,1,"[0.719226, 0.280774]"
minesweeper,client,456,1315,2,MR,attack_nonmember,evaluation,0,0,0.4996735155582428,0,0.5014635920524597,False,4,0.75,1,"[0.673595, 0.326405]"
minesweeper,client,456,1417,2,MR,attack_nonmember,evaluation,1,0,0.5057538151741028,0,0.5112331509590149,False,4,0.0,0,"[0.698224, 0.301776]"
minesweeper,client,456,1418,2,MR,attack_nonmember,evaluation,0,0,0.49961909651756287,0,0.5014635920524597,False,3,0.6666666666666666,1,"[0.667018, 0.332981]"
minesweeper,client,456,1516,2,MR,attack_nonmember,evaluation,0,0,0.50019371509552,0,0.5014635920524597,False,4,1.0,1,"[0.736512, 0.263488]"
minesweeper,client,456,1523,2,MR,attack_nonmember,evaluation,0,0,0.4993385970592499,0,0.5014635920524597,False,2,1.0,1,"[0.633108, 0.366892]"
minesweeper,client,456,1720,2,MR,attack_nonmember,evaluation,0,0,0.4990568161010742,0,0.5014635920524597,False,4,0.75,1,"[0.59904, 0.40096]"
minesweeper,client,456,1722,2,MR,attack_nonmember,evaluation,0,0,0.4984239637851715,0,0.5014635920524597,False,4,0.75,1,"[0.522545, 0.477455]"
minesweeper,client,456,1816,2,MR,attack_nonmember,evaluation,0,0,0.49967390298843384,0,0.5014635920524597,False,4,0.75,1,"[0.673648, 0.326352]"
minesweeper,client,456,1820,2,MR,attack_nonmember,evaluation,0,0,0.49879878759384155,0,0.5014635920524597,False,4,0.5,1,"[0.567849, 0.432151]"
minesweeper,client,456,2025,2,MR,attack_nonmember,evaluation,1,0,0.509070098400116,0,0.5112331509590149,False,2,0.5,0,"[0.620538, 0.379461]"
minesweeper,client,456,2116,2,MR,attack_nonmember,evaluation,0,0,0.4990897476673126,0,0.5014635920524597,False,4,0.5,1,"[0.603019, 0.396981]"
minesweeper,client,456,2316,2,MR,attack_nonmember,evaluation,1,0,0.5102736353874207,0,0.5112331509590149,False,4,0.0,0,"[0.591724, 0.408276]"
minesweeper,client,456,2319,2,MR,attack_nonmember,evaluation,0,0,0.4994790256023407,0,0.5014635920524597,False,4,1.0,1,"[0.650082, 0.349918]"
minesweeper,client,456,2320,2,MR,attack_nonmember,evaluation,0,0,0.4994042217731476,0,0.5014635920524597,False,4,0.75,1,"[0.641043, 0.358957]"
minesweeper,client,456,2425,2,MR,attack_nonmember,evaluation,0,0,0.49866873025894165,0,0.5014635920524597,False,3,0.6666666666666666,1,"[0.552134, 0.447866]"
minesweeper,client,456,2521,2,MR,attack_nonmember,evaluation,0,0,0.499397873878479,0,0.5014635920524597,False,4,0.75,1,"[0.640274, 0.359726]"
minesweeper,client,456,2922,2,MR,attack_nonmember,evaluation,0,0,0.4993237257003784,0,0.5014635920524597,False,4,1.0,1,"[0.631311, 0.368689]"
minesweeper,client,456,1180,3,MR,attack_nonmember,evaluation,1,0,0.5033846497535706,0,0.5112331509590149,False,3,0.0,0,"[0.752425, 0.247575]"
minesweeper,client,456,1274,3,MR,attack_nonmember,evaluation,0,0,0.49960100650787354,0,0.5014635920524597,False,4,1.0,1,"[0.664837, 0.335163]"
minesweeper,client,456,1482,3,MR,attack_nonmember,evaluation,0,0,0.5000334978103638,0,0.5014635920524597,False,4,1.0,1,"[0.717135, 0.282865]"
minesweeper,client,456,1573,3,MR,attack_nonmember,evaluation,0,0,0.49879977107048035,0,0.5014635920524597,False,4,0.75,1,"[0.567971, 0.432029]"
minesweeper,client,456,1578,3,MR,attack_nonmember,evaluation,0,0,0.4992201030254364,0,0.5014635920524597,False,4,0.75,1,"[0.618782, 0.381218]"
minesweeper,client,456,1581,3,MR,attack_nonmember,evaluation,0,0,0.5000154972076416,0,0.5014635920524597,False,4,0.75,1,"[0.714956, 0.285044]"
minesweeper,client,456,1683,3,MR,attack_nonmember,evaluation,0,0,0.50002121925354,0,0.5014635920524597,False,4,1.0,1,"[0.715647, 0.284353]"
minesweeper,client,456,1870,3,MR,attack_nonmember,evaluation,0,0,0.5005185008049011,0,0.5014635920524597,False,3,1.0,1,"[0.775802, 0.224198]"
minesweeper,client,456,1879,3,MR,attack_nonmember,evaluation,0,0,0.4995609521865845,0,0.5014635920524597,False,4,1.0,1,"[0.65999, 0.34001]"
minesweeper,client,456,1974,3,MR,attack_nonmember,evaluation,0,0,0.4991685152053833,0,0.5014635920524597,False,4,0.75,1,"[0.612544, 0.387456]"
minesweeper,client,456,1982,3,MR,attack_nonmember,evaluation,1,0,0.5080671310424805,0,0.5112331509590149,False,4,0.0,0,"[0.644284, 0.355716]"
minesweeper,client,456,2270,3,MR,attack_nonmember,evaluation,0,0,0.5005530118942261,0,0.5014635920524597,False,4,0.75,1,"[0.779976, 0.220023]"
minesweeper,client,456,2369,3,MR,attack_nonmember,evaluation,0,0,0.5013032555580139,0,0.5014635920524597,False,3,0.6666666666666666,1,"[0.870768, 0.129232]"
minesweeper,client,456,2377,3,MR,attack_nonmember,evaluation,1,0,0.5078100562095642,0,0.5112331509590149,False,4,0.25,0,"[0.650334, 0.349666]"
minesweeper,client,456,2474,3,MR,attack_nonmember,evaluation,1,0,0.5106332898139954,0,0.5112331509590149,False,4,0.25,0,"[0.583041, 0.416959]"
minesweeper,client,456,2476,3,MR,attack_nonmember,evaluation,0,0,0.4993770718574524,0,0.5014635920524597,False,4,0.75,1,"[0.637758, 0.362242]"
minesweeper,client,456,2570,3,MR,attack_nonmember,evaluation,0,0,0.5001934766769409,0,0.5014635920524597,False,2,1.0,1,"[0.736482, 0.263518]"
minesweeper,client,456,2581,3,MR,attack_nonmember,evaluation,0,0,0.4989795982837677,0,0.5014635920524597,False,4,0.75,1,"[0.589707, 0.410293]"
minesweeper,client,456,2674,3,MR,attack_nonmember,evaluation,0,0,0.4995250403881073,0,0.5014635920524597,False,4,0.75,1,"[0.655645, 0.344355]"
minesweeper,client,456,2678,3,MR,attack_nonmember,evaluation,0,0,0.49953970313072205,0,0.5014635920524597,False,4,0.75,1,"[0.657422, 0.342578]"
minesweeper,client,456,2680,3,MR,attack_nonmember,evaluation,0,0,0.49896371364593506,0,0.5014635920524597,False,4,0.75,1,"[0.587789, 0.412211]"
minesweeper,client,456,2681,3,MR,attack_nonmember,evaluation,0,0,0.49868884682655334,0,0.5014635920524597,False,4,0.5,1,"[0.554559, 0.445441]"
minesweeper,client,456,2886,3,MR,attack_nonmember,evaluation,1,0,0.5090107321739197,0,0.5112331509590149,False,3,0.0,0,"[0.621951, 0.378049]"
minesweeper,client,456,3074,3,MR,attack_nonmember,evaluation,0,0,0.498962938785553,0,0.5014635920524597,False,4,0.75,1,"[0.587689, 0.412311]"
minesweeper,client,456,3076,3,MR,attack_nonmember,evaluation,0,0,0.49897459149360657,0,0.5014635920524597,False,4,1.0,1,"[0.5891, 0.4109]"
minesweeper,client,456,3171,3,MR,attack_nonmember,evaluation,0,0,0.4996029734611511,0,0.5014635920524597,False,4,1.0,1,"[0.66507, 0.33493]"
minesweeper,client,456,3279,3,MR,attack_nonmember,evaluation,0,0,0.49917852878570557,0,0.5014635920524597,False,4,1.0,1,"[0.61375, 0.38625]"
minesweeper,client,456,3375,3,MR,attack_nonmember,evaluation,0,0,0.49900639057159424,0,0.5014635920524597,False,4,0.5,1,"[0.592943, 0.407057]"
minesweeper,client,456,3380,3,MR,attack_nonmember,evaluation,0,0,0.4985337257385254,0,0.5014635920524597,False,4,0.75,1,"[0.535818, 0.464182]"
minesweeper,client,456,3383,3,MR,attack_nonmember,evaluation,0,0,0.4992194175720215,0,0.5014635920524597,False,4,1.0,1,"[0.618698, 0.381302]"
minesweeper,client,456,3571,3,MR,attack_nonmember,evaluation,0,0,0.499832421541214,0,0.5014635920524597,False,4,1.0,1,"[0.69282, 0.30718]"
minesweeper,client,456,3676,3,MR,attack_nonmember,evaluation,1,0,0.5101435780525208,0,0.5112331509590149,False,4,0.0,0,"[0.594856, 0.405144]"
minesweeper,client,456,3681,3,MR,attack_nonmember,evaluation,1,0,0.5079597234725952,0,0.5112331509590149,False,1,0.0,0,"[0.646813, 0.353187]"
minesweeper,client,456,3682,3,MR,attack_nonmember,evaluation,0,0,0.4990929067134857,0,0.5014635920524597,False,1,1.0,1,"[0.603397, 0.396603]"
minesweeper,client,456,3779,3,MR,attack_nonmember,evaluation,1,0,0.501822292804718,0,0.5112331509590149,False,1,0.0,0,"[0.787681, 0.212319]"
minesweeper,client,456,4071,3,MR,attack_nonmember,evaluation,0,0,0.501736044883728,1,0.5014635920524597,False,3,1.0,1,"[0.923158, 0.076842]"
minesweeper,client,456,4072,3,MR,attack_nonmember,evaluation,0,0,0.5020502805709839,1,0.5014635920524597,False,4,1.0,1,"[0.961219, 0.038781]"
minesweeper,client,456,4073,3,MR,attack_nonmember,evaluation,0,0,0.5019707083702087,1,0.5014635920524597,False,3,1.0,1,"[0.951578, 0.048422]"
minesweeper,client,456,5632,3,MR,attack_nonmember,evaluation,0,0,0.5001060366630554,0,0.5014635920524597,False,4,1.0,1,"[0.72591, 0.27409]"
minesweeper,client,456,5732,3,MR,attack_nonmember,evaluation,0,0,0.4997994601726532,0,0.5014635920524597,False,4,1.0,1,"[0.688831, 0.311169]"
minesweeper,client,456,5929,3,MR,attack_nonmember,evaluation,0,0,0.4997548758983612,0,0.5014635920524597,False,4,0.75,1,"[0.683438, 0.316562]"
minesweeper,client,456,6225,3,MR,attack_nonmember,evaluation,0,0,0.4997274577617645,0,0.5014635920524597,False,3,1.0,1,"[0.680129, 0.319871]"
minesweeper,client,456,6226,3,MR,attack_nonmember,evaluation,0,0,0.4998859167098999,0,0.5014635920524597,False,4,0.75,1,"[0.69929, 0.30071]"
minesweeper,client,456,6338,3,MR,attack_nonmember,evaluation,0,0,0.49927473068237305,0,0.5014635920524597,False,4,1.0,1,"[0.625383, 0.374616]"
minesweeper,client,456,6340,3,MR,attack_nonmember,evaluation,0,0,0.4993757903575897,0,0.5014635920524597,False,2,1.0,1,"[0.6376, 0.3624]"
minesweeper,client,456,6428,3,MR,attack_nonmember,evaluation,0,0,0.499174565076828,0,0.5014635920524597,False,2,1.0,1,"[0.613273, 0.386727]"
minesweeper,client,456,6440,3,MR,attack_nonmember,evaluation,0,0,0.4993780255317688,0,0.5014635920524597,False,2,1.0,1,"[0.637877, 0.362123]"
minesweeper,client,456,6637,3,MR,attack_nonmember,evaluation,0,0,0.5006608366966248,0,0.5014635920524597,False,4,0.75,1,"[0.793017, 0.206983]"
minesweeper,client,456,6836,3,MR,attack_nonmember,evaluation,0,0,0.501254677772522,0,0.5014635920524597,False,4,1.0,1,"[0.864888, 0.135112]"
minesweeper,client,456,4741,5,MR,attack_nonmember,evaluation,0,0,0.500400960445404,0,0.5014635920524597,False,4,0.75,1,"[0.761584, 0.238416]"
minesweeper,client,456,4843,5,MR,attack_nonmember,evaluation,0,0,0.49948370456695557,0,0.5014635920524597,False,4,0.75,1,"[0.650654, 0.349346]"
minesweeper,client,456,4853,5,MR,attack_nonmember,evaluation,0,0,0.49943971633911133,0,0.5014635920524597,False,4,0.75,1,"[0.645331, 0.354669]"
minesweeper,client,456,4945,5,MR,attack_nonmember,evaluation,0,0,0.5000059008598328,0,0.5014635920524597,False,4,1.0,1,"[0.713793, 0.286207]"
minesweeper,client,456,5143,5,MR,attack_nonmember,evaluation,0,0,0.500247597694397,0,0.5014635920524597,False,4,1.0,1,"[0.743028, 0.256972]"
minesweeper,client,456,5247,5,MR,attack_nonmember,evaluation,0,0,0.499478816986084,0,0.5014635920524597,False,4,0.75,1,"[0.650058, 0.349942]"
minesweeper,client,456,5258,5,MR,attack_nonmember,evaluation,0,0,0.49867236614227295,0,0.5014635920524597,False,2,0.0,1,"[0.55257, 0.44743]"
minesweeper,client,456,5337,5,MR,attack_nonmember,evaluation,0,0,0.4998764991760254,0,0.5014635920524597,False,4,1.0,1,"[0.698144, 0.301856]"
minesweeper,client,456,5349,5,MR,attack_nonmember,evaluation,0,0,0.5006513595581055,0,0.5014635920524597,False,4,0.75,1,"[0.791879, 0.208121]"
minesweeper,client,456,5358,5,MR,attack_nonmember,evaluation,1,0,0.5122809410095215,1,0.5112331509590149,False,2,0.5,0,"[0.542808, 0.457192]"
minesweeper,client,456,5457,5,MR,attack_nonmember,evaluation,0,0,0.49878907203674316,0,0.5014635920524597,False,4,0.75,1,"[0.566671, 0.433329]"
minesweeper,client,456,5542,5,MR,attack_nonmember,evaluation,0,0,0.49887314438819885,0,0.5014635920524597,False,4,0.75,1,"[0.576833, 0.423167]"
minesweeper,client,456,5547,5,MR,attack_nonmember,evaluation,0,0,0.4997800886631012,0,0.5014635920524597,False,4,1.0,1,"[0.686486, 0.313514]"
minesweeper,client,456,5644,5,MR,attack_nonmember,evaluation,0,0,0.49989691376686096,0,0.5014635920524597,False,4,0.75,1,"[0.700613, 0.299387]"
minesweeper,client,456,5648,5,MR,attack_nonmember,evaluation,0,0,0.49964678287506104,0,0.5014635920524597,False,4,0.75,1,"[0.670373, 0.329627]"
minesweeper,client,456,5649,5,MR,attack_nonmember,evaluation,0,0,0.4991920590400696,0,0.5014635920524597,False,4,0.75,1,"[0.615385, 0.384615]"
minesweeper,client,456,5656,5,MR,attack_nonmember,evaluation,1,0,0.5111403465270996,0,0.5112331509590149,False,4,0.0,0,"[0.570742, 0.429258]"
minesweeper,client,456,5739,5,MR,attack_nonmember,evaluation,1,0,0.5118231773376465,1,0.5112331509590149,False,4,0.25,0,"[0.554064, 0.445936]"
minesweeper,client,456,5747,5,MR,attack_nonmember,evaluation,0,0,0.499994158744812,0,0.5014635920524597,False,4,0.75,1,"[0.712377, 0.287623]"
minesweeper,client,456,5755,5,MR,attack_nonmember,evaluation,0,0,0.4995291829109192,0,0.5014635920524597,False,4,0.75,1,"[0.656154, 0.343847]"
minesweeper,client,456,6042,5,MR,attack_nonmember,evaluation,1,0,0.5107361674308777,0,0.5112331509590149,False,4,0.75,0,"[0.580552, 0.419448]"
minesweeper,client,456,6151,5,MR,attack_nonmember,evaluation,0,0,0.49974071979522705,0,0.5014635920524597,False,4,1.0,1,"[0.681731, 0.318269]"
minesweeper,client,456,6256,5,MR,attack_nonmember,evaluation,0,0,0.5000305771827698,0,0.5014635920524597,False,2,1.0,1,"[0.716778, 0.283222]"
minesweeper,client,456,6349,5,MR,attack_nonmember,evaluation,1,0,0.5041794180870056,0,0.5112331509590149,False,4,0.5,0,"[0.734349, 0.265651]"
minesweeper,client,456,6652,5,MR,attack_nonmember,evaluation,0,0,0.5001780390739441,0,0.5014635920524597,False,4,0.75,1,"[0.734614, 0.265386]"
minesweeper,client,456,6747,5,MR,attack_nonmember,evaluation,0,0,0.4994206428527832,0,0.5014635920524597,False,4,0.75,1,"[0.643026, 0.356974]"
minesweeper,client,456,6749,5,MR,attack_nonmember,evaluation,0,0,0.49997514486312866,0,0.5014635920524597,False,4,0.75,1,"[0.710078, 0.289922]"
minesweeper,client,456,6840,5,MR,attack_nonmember,evaluation,0,0,0.5007922649383545,0,0.5014635920524597,False,4,0.75,1,"[0.808926, 0.191074]"
minesweeper,client,456,6952,5,MR,attack_nonmember,evaluation,0,0,0.5018107295036316,1,0.5014635920524597,False,2,1.0,1,"[0.932199, 0.067801]"
minesweeper,client,456,2253,5,MR,attack_nonmember,evaluation,0,0,0.4997536540031433,0,0.5014635920524597,False,3,1.0,1,"[0.683292, 0.316708]"
minesweeper,client,456,2256,5,MR,attack_nonmember,evaluation,0,0,0.4995797276496887,0,0.5014635920524597,False,4,1.0,1,"[0.662264, 0.337736]"
minesweeper,client,456,2257,5,MR,attack_nonmember,evaluation,0,0,0.4997844696044922,0,0.5014635920524597,False,4,1.0,1,"[0.687018, 0.312982]"
minesweeper,client,456,2462,5,MR,attack_nonmember,evaluation,0,0,0.4988889992237091,0,0.5014635920524597,False,4,0.5,1,"[0.578752, 0.421248]"
minesweeper,client,456,2465,5,MR,attack_nonmember,evaluation,0,0,0.4995649456977844,0,0.5014635920524597,False,4,1.0,1,"[0.660472, 0.339528]"
minesweeper,client,456,2555,5,MR,attack_nonmember,evaluation,1,0,0.5066123008728027,0,0.5112331509590149,False,4,0.0,0,"[0.678334, 0.321666]"
minesweeper,client,456,2559,5,MR,attack_nonmember,evaluation,1,0,0.5087228417396545,0,0.5112331509590149,False,4,0.25,0,"[0.628786, 0.371214]"
minesweeper,client,456,2656,5,MR,attack_nonmember,evaluation,0,0,0.500665545463562,0,0.5014635920524597,False,4,1.0,1,"[0.793594, 0.206406]"
minesweeper,client,456,2669,5,MR,attack_nonmember,evaluation,0,0,0.5007099509239197,0,0.5014635920524597,False,4,0.75,1,"[0.798968, 0.201032]"
minesweeper,client,456,2758,5,MR,attack_nonmember,evaluation,0,0,0.49978068470954895,0,0.5014635920524597,False,4,0.75,1,"[0.686553, 0.313447]"
minesweeper,client,456,2764,5,MR,attack_nonmember,evaluation,1,0,0.50333571434021,0,0.5112331509590149,False,4,0.0,0,"[0.753535, 0.246465]"
minesweeper,client,456,2956,5,MR,attack_nonmember,evaluation,0,0,0.49904540181159973,0,0.5014635920524597,False,3,0.6666666666666666,1,"[0.597656, 0.402344]"
minesweeper,client,456,3057,5,MR,attack_nonmember,evaluation,1,0,0.5115593075752258,1,0.5112331509590149,False,3,0.6666666666666666,0,"[0.560525, 0.439475]"
minesweeper,client,456,3068,5,MR,attack_nonmember,evaluation,1,0,0.5071931481361389,0,0.5112331509590149,False,2,0.0,0,"[0.664793, 0.335207]"
minesweeper,client,456,3158,5,MR,attack_nonmember,evaluation,1,0,0.5090538859367371,0,0.5112331509590149,False,4,0.25,0,"[0.620925, 0.379075]"
minesweeper,client,456,3161,5,MR,attack_nonmember,evaluation,1,0,0.5092231035232544,0,0.5112331509590149,False,4,0.25,0,"[0.616896, 0.383104]"
minesweeper,client,456,3269,5,MR,attack_nonmember,evaluation,0,0,0.49967920780181885,0,0.5014635920524597,False,3,0.6666666666666666,1,"[0.67429, 0.32571]"
minesweeper,client,456,3362,5,MR,attack_nonmember,evaluation,0,0,0.4992712736129761,0,0.5014635920524597,False,4,0.75,1,"[0.624966, 0.375034]"
minesweeper,client,456,3467,5,MR,attack_nonmember,evaluation,0,0,0.49993452429771423,0,0.5014635920524597,False,4,0.75,1,"[0.705167, 0.294833]"
minesweeper,client,456,3567,5,MR,attack_nonmember,evaluation,1,0,0.5085957646369934,0,0.5112331509590149,False,4,0.25,0,"[0.631797, 0.368203]"
minesweeper,client,456,3570,5,MR,attack_nonmember,evaluation,0,0,0.49944669008255005,0,0.5014635920524597,False,1,0.0,1,"[0.646175, 0.353825]"
minesweeper,client,456,3668,5,MR,attack_nonmember,evaluation,0,0,0.500053346157074,0,0.5014635920524597,False,4,0.75,1,"[0.719534, 0.280466]"
minesweeper,client,456,3864,5,MR,attack_nonmember,evaluation,0,0,0.4999019503593445,0,0.5014635920524597,False,4,1.0,1,"[0.701225, 0.298775]"
minesweeper,client,456,18,7,MR,attack_nonmember,evaluation,0,0,0.4994400143623352,0,0.5014635920524597,False,4,1.0,1,"[0.645368, 0.354632]"
minesweeper,client,456,38,7,MR,attack_nonmember,evaluation,1,0,0.508533239364624,0,0.5112331509590149,False,4,0.0,0,"[0.633278, 0.366722]"
minesweeper,client,456,129,7,MR,attack_nonmember,evaluation,0,0,0.4988255202770233,0,0.5014635920524597,False,4,0.25,1,"[0.571083, 0.428917]"
minesweeper,client,456,138,7,MR,attack_nonmember,evaluation,0,0,0.4987553656101227,0,0.5014635920524597,False,4,0.75,1,"[0.562599, 0.437401]"
minesweeper,client,456,141,7,MR,attack_nonmember,evaluation,1,0,0.5052807331085205,0,0.5112331509590149,False,4,0.0,0,"[0.709125, 0.290875]"
minesweeper,client,456,233,7,MR,attack_nonmember,evaluation,0,0,0.4990616738796234,0,0.5014635920524597,False,4,0.75,1,"[0.599633, 0.400367]"
minesweeper,client,456,237,7,MR,attack_nonmember,evaluation,0,0,0.4986616373062134,0,0.5014635920524597,False,4,0.75,1,"[0.551277, 0.448723]"
minesweeper,client,456,238,7,MR,attack_nonmember,evaluation,1,0,0.5125261545181274,1,0.5112331509590149,False,4,0.25,0,"[0.536754, 0.463246]"
minesweeper,client,456,527,7,MR,attack_nonmember,evaluation,0,0,0.49856266379356384,0,0.5014635920524597,False,4,1.0,1,"[0.539311, 0.460689]"
minesweeper,client,456,537,7,MR,attack_nonmember,evaluation,0,0,0.501206636428833,0,0.5014635920524597,False,4,0.75,1,"[0.859071, 0.140929]"
minesweeper,client,456,629,7,MR,attack_nonmember,evaluation,0,0,0.4997866451740265,0,0.5014635920524597,False,4,0.75,1,"[0.68728, 0.31272]"
minesweeper,client,456,637,7,MR,attack_nonmember,evaluation,0,0,0.5017836093902588,1,0.5014635920524597,False,4,1.0,1,"[0.928918, 0.071082]"
minesweeper,client,456,718,7,MR,attack_nonmember,evaluation,0,0,0.49956604838371277,0,0.5014635920524597,False,4,0.75,1,"[0.660604, 0.339396]"
minesweeper,client,456,732,7,MR,attack_nonmember,evaluation,1,0,0.5014684200286865,0,0.5112331509590149,False,4,0.0,0,"[0.795621, 0.204379]"
minesweeper,client,456,736,7,MR,attack_nonmember,evaluation,0,0,0.5007376670837402,0,0.5014635920524597,False,3,1.0,1,"[0.80232, 0.19768]"
minesweeper,client,456,821,7,MR,attack_nonmember,evaluation,0,0,0.49921920895576477,0,0.5014635920524597,False,4,1.0,1,"[0.618675, 0.381325]"
minesweeper,client,456,933,7,MR,attack_nonmember,evaluation,0,0,0.5004482865333557,0,0.5014635920524597,False,4,1.0,1,"[0.767306, 0.232694]"
minesweeper,client,456,1017,7,MR,attack_nonmember,evaluation,1,0,0.507662296295166,0,0.5112331509590149,False,4,0.25,0,"[0.653804, 0.346196]"
minesweeper,client,456,1028,7,MR,attack_nonmember,evaluation,0,0,0.4999617338180542,0,0.5014635920524597,False,4,1.0,1,"[0.708455, 0.291545]"
minesweeper,client,456,1032,7,MR,attack_nonmember,evaluation,0,0,0.5008746385574341,0,0.5014635920524597,False,4,1.0,1,"[0.818891, 0.181109]"
minesweeper,client,456,1123,7,MR,attack_nonmember,evaluation,0,0,0.5001633763313293,0,0.5014635920524597,False,4,1.0,1,"[0.732845, 0.267155]"
minesweeper,client,456,1124,7,MR,attack_nonmember,evaluation,0,0,0.4999646842479706,0,0.5014635920524597,False,4,1.0,1,"[0.708811, 0.291189]"
minesweeper,client,456,1218,7,MR,attack_nonmember,evaluation,1,0,0.5045052170753479,0,0.5112331509590149,False,3,0.0,0,"[0.726908, 0.273092]"
minesweeper,client,456,1226,7,MR,attack_nonmember,evaluation,1,0,0.5020474791526794,0,0.5112331509590149,False,4,0.25,0,"[0.782621, 0.217379]"
minesweeper,client,456,1227,7,MR,attack_nonmember,evaluation,1,0,0.5040637254714966,0,0.5112331509590149,False,4,0.0,0,"[0.736986, 0.263014]"
minesweeper,client,456,1325,7,MR,attack_nonmember,evaluation,0,0,0.500961184501648,0,0.5014635920524597,False,4,1.0,1,"[0.829364, 0.170636]"
minesweeper,client,456,1331,7,MR,attack_nonmember,evaluation,0,0,0.5001145005226135,0,0.5014635920524597,False,4,1.0,1,"[0.726935, 0.273065]"
minesweeper,client,456,1628,7,MR,attack_nonmember,evaluation,0,0,0.49976256489753723,0,0.5014635920524597,False,4,0.75,1,"[0.684369, 0.315631]"
minesweeper,client,456,1828,7,MR,attack_nonmember,evaluation,0,0,0.4998304843902588,0,0.5014635920524597,False,4,0.75,1,"[0.692584, 0.307416]"
minesweeper,client,456,1832,7,MR,attack_nonmember,evaluation,1,0,0.5082933902740479,0,0.5112331509590149,False,4,0.0,0,"[0.638948, 0.361052]"
minesweeper,client,456,1833,7,MR,attack_nonmember,evaluation,0,0,0.4995371699333191,0,0.5014635920524597,False,4,1.0,1,"[0.657116, 0.342884]"
minesweeper,client,456,1933,7,MR,attack_nonmember,evaluation,0,0,0.5002109408378601,0,0.5014635920524597,False,4,0.75,1,"[0.738599, 0.261401]"
minesweeper,client,456,2028,7,MR,attack_nonmember,evaluation,0,0,0.5014051198959351,0,0.5014635920524597,False,4,0.75,1,"[0.883097, 0.116903]"
minesweeper,client,456,5215,7,MR,attack_nonmember,evaluation,0,0,0.4999960958957672,0,0.5014635920524597,False,3,1.0,1,"[0.71261, 0.28739]"
minesweeper,client,456,5315,7,MR,attack_nonmember,evaluation,0,0,0.49946993589401245,0,0.5014635920524597,False,4,1.0,1,"[0.648986, 0.351014]"
minesweeper,client,456,6013,7,MR,attack_nonmember,evaluation,0,0,0.50013267993927,0,0.5014635920524597,False,4,1.0,1,"[0.729125, 0.270875]"
minesweeper,client,456,6118,7,MR,attack_nonmember,evaluation,0,0,0.5005648136138916,0,0.5014635920524597,False,4,1.0,1,"[0.781405, 0.218595]"
minesweeper,client,456,6310,7,MR,attack_nonmember,evaluation,0,0,0.4994111955165863,0,0.5014635920524597,False,4,1.0,1,"[0.641877, 0.358123]"
minesweeper,client,456,6317,7,MR,attack_nonmember,evaluation,0,0,0.4997393786907196,0,0.5014635920524597,False,4,1.0,1,"[0.681566, 0.318433]"
minesweeper,client,456,6320,7,MR,attack_nonmember,evaluation,0,0,0.5000333786010742,0,0.5014635920524597,False,4,1.0,1,"[0.71712, 0.28288]"
minesweeper,client,456,6413,7,MR,attack_nonmember,evaluation,0,0,0.499403715133667,0,0.5014635920524597,False,4,0.75,1,"[0.640979, 0.359021]"
minesweeper,client,456,6521,7,MR,attack_nonmember,evaluation,0,0,0.5002232789993286,0,0.5014635920524597,False,4,1.0,1,"[0.740091, 0.259909]"
minesweeper,client,456,6526,7,MR,attack_nonmember,evaluation,0,0,0.49903181195259094,0,0.5014635920524597,False,4,0.75,1,"[0.59602, 0.40398]"
minesweeper,client,456,6619,7,MR,attack_nonmember,evaluation,0,0,0.4996449947357178,0,0.5014635920524597,False,4,1.0,1,"[0.670152, 0.329848]"
minesweeper,client,456,6922,7,MR,attack_nonmember,evaluation,1,0,0.5038226246833801,0,0.5112331509590149,False,4,0.25,0,"[0.742477, 0.257523]"
minesweeper,client,456,6923,7,MR,attack_nonmember,evaluation,0,0,0.5012771487236023,0,0.5014635920524597,False,4,1.0,1,"[0.867604, 0.132396]"
minesweeper,client,456,6926,7,MR,attack_nonmember,evaluation,0,0,0.5010377764701843,0,0.5014635920524597,False,3,0.6666666666666666,1,"[0.838633, 0.161367]"
minesweeper,client,456,7024,7,MR,attack_nonmember,evaluation,0,0,0.5007331371307373,0,0.5014635920524597,False,1,1.0,1,"[0.801769, 0.198231]"
minesweeper,client,456,7116,7,MR,attack_nonmember,evaluation,0,0,0.49976956844329834,0,0.5014635920524597,False,4,0.25,1,"[0.685216, 0.314784]"
minesweeper,client,456,7215,7,MR,attack_nonmember,evaluation,1,0,0.5028830766677856,0,0.5112331509590149,False,4,0.0,0,"[0.763782, 0.236218]"
minesweeper,client,456,7217,7,MR,attack_nonmember,evaluation,1,0,0.5061038732528687,0,0.5112331509590149,False,1,0.0,0,"[0.690131, 0.309869]"
minesweeper,client,456,7314,7,MR,attack_nonmember,evaluation,0,0,0.5006141662597656,0,0.5014635920524597,False,2,1.0,1,"[0.787377, 0.212623]"
minesweeper,client,456,61,8,MR,attack_nonmember,evaluation,0,0,0.5005531907081604,0,0.5014635920524597,False,4,1.0,1,"[0.779998, 0.220002]"
minesweeper,client,456,73,8,MR,attack_nonmember,evaluation,0,0,0.49988123774528503,0,0.5014635920524597,False,4,1.0,1,"[0.698722, 0.301278]"
minesweeper,client,456,161,8,MR,attack_nonmember,evaluation,0,0,0.5001882910728455,0,0.5014635920524597,False,4,1.0,1,"[0.735854, 0.264146]"
minesweeper,client,456,170,8,MR,attack_nonmember,evaluation,0,0,0.499746173620224,0,0.5014635920524597,False,4,0.75,1,"[0.682389, 0.317611]"
minesweeper,client,456,461,8,MR,attack_nonmember,evaluation,0,0,0.4989485740661621,0,0.5014635920524597,False,4,0.5,1,"[0.585952, 0.414048]"
minesweeper,client,456,469,8,MR,attack_nonmember,evaluation,0,0,0.4995523691177368,0,0.5014635920524597,False,4,0.75,1,"[0.658953, 0.341047]"
minesweeper,client,456,472,8,MR,attack_nonmember,evaluation,1,0,0.5061759352684021,0,0.5112331509590149,False,4,0.0,0,"[0.688461, 0.311539]"
minesweeper,client,456,557,8,MR,attack_nonmember,evaluation,0,0,0.4999169111251831,0,0.5014635920524597,False,3,1.0,1,"[0.703038, 0.296962]"
minesweeper,client,456,565,8,MR,attack_nonmember,evaluation,1,0,0.5027811527252197,0,0.5112331509590149,False,4,0.0,0,"[0.766086, 0.233914]"
minesweeper,client,456,671,8,MR,attack_nonmember,evaluation,0,0,0.4994606077671051,0,0.5014635920524597,False,4,0.75,1,"[0.647855, 0.352145]"
minesweeper,client,456,774,8,MR,attack_nonmember,evaluation,0,0,0.5001431107521057,0,0.5014635920524597,False,1,1.0,1,"[0.730393, 0.269607]"
minesweeper,client,456,860,8,MR,attack_nonmember,evaluation,0,0,0.4997169077396393,0,0.5014635920524597,False,4,1.0,1,"[0.678846, 0.321154]"
minesweeper,client,456,871,8,MR,attack_nonmember,evaluation,0,0,0.5004616379737854,0,0.5014635920524597,False,4,1.0,1,"[0.768925, 0.231075]"
minesweeper,client,456,957,8,MR,attack_nonmember,evaluation,0,0,0.4990781247615814,0,0.5014635920524597,False,3,1.0,1,"[0.601621, 0.398379]"
minesweeper,client,456,959,8,MR,attack_nonmember,evaluation,0,0,0.499261736869812,0,0.5014635920524597,False,4,0.75,1,"[0.623814, 0.376186]"
minesweeper,client,456,1164,8,MR,attack_nonmember,evaluation,0,0,0.49922195076942444,0,0.5014635920524597,False,4,1.0,1,"[0.619002, 0.380998]"
minesweeper,client,456,1256,8,MR,attack_nonmember,evaluation,0,0,0.49956655502319336,0,0.5014635920524597,False,4,1.0,1,"[0.660668, 0.339332]"
minesweeper,client,456,1269,8,MR,attack_nonmember,evaluation,0,0,0.499940425157547,0,0.5014635920524597,False,3,1.0,1,"[0.70588, 0.29412]"
minesweeper,client,456,1362,8,MR,attack_nonmember,evaluation,0,0,0.5002291202545166,0,0.5014635920524597,False,4,0.5,1,"[0.740794, 0.259206]"
minesweeper,client,456,1363,8,MR,attack_nonmember,evaluation,1,0,0.5069195628166199,0,0.5112331509590149,False,4,0.25,0,"[0.67118, 0.32882]"
minesweeper,client,456,1365,8,MR,attack_nonmember,evaluation,1,0,0.5108155608177185,0,0.5112331509590149,False,4,0.0,0,"[0.578629, 0.421371]"
minesweeper,client,456,1461,8,MR,attack_nonmember,evaluation,0,0,0.5003637075424194,0,0.5014635920524597,False,4,0.75,1,"[0.757074, 0.242925]"
minesweeper,client,456,1463,8,MR,attack_nonmember,evaluation,0,0,0.49941471219062805,0,0.5014635920524597,False,4,1.0,1,"[0.642313, 0.357687]"
minesweeper,client,456,1555,8,MR,attack_nonmember,evaluation,0,0,0.5000072717666626,0,0.5014635920524597,False,3,0.6666666666666666,1,"[0.713963, 0.286037]"
minesweeper,client,456,1559,8,MR,attack_nonmember,evaluation,1,0,0.5074326992034912,0,0.5112331509590149,False,4,0.25,0,"[0.659187, 0.340813]"
minesweeper,client,456,1568,8,MR,attack_nonmember,evaluation,0,0,0.4984561502933502,0,0.5014635920524597,False,2,1.0,1,"[0.526439, 0.473561]"
minesweeper,client,456,1862,8,MR,attack_nonmember,evaluation,0,0,0.5007811784744263,0,0.5014635920524597,False,4,1.0,1,"[0.807584, 0.192416]"
minesweeper,client,456,1866,8,MR,attack_nonmember,evaluation,0,0,0.4991610646247864,0,0.5014635920524597,False,4,0.25,1,"[0.611643, 0.388357]"
minesweeper,client,456,1956,8,MR,attack_nonmember,evaluation,0,0,0.5009166598320007,0,0.5014635920524597,False,3,0.3333333333333333,1,"[0.823976, 0.176024]"
minesweeper,client,456,1957,8,MR,attack_nonmember,evaluation,1,0,0.5011005401611328,0,0.5112331509590149,False,4,0.25,0,"[0.803856, 0.196144]"
minesweeper,client,456,1959,8,MR,attack_nonmember,evaluation,1,0,0.504688024520874,0,0.5112331509590149,False,4,0.0,0,"[0.722727, 0.277273]"
minesweeper,client,456,2062,8,MR,attack_nonmember,evaluation,1,0,0.5059996247291565,0,0.5112331509590149,False,4,0.25,0,"[0.692543, 0.307457]"
minesweeper,client,456,2367,8,MR,attack_nonmember,evaluation,1,0,0.5028709769248962,0,0.5112331509590149,False,1,0.0,0,"[0.764056, 0.235944]"
minesweeper,client,456,8,8,MR,attack_nonmember,evaluation,0,0,0.5000327825546265,0,0.5014635920524597,False,4,0.75,1,"[0.717047, 0.282953]"
minesweeper,client,456,108,8,MR,attack_nonmember,evaluation,1,0,0.503678023815155,0,0.5112331509590149,False,4,0.0,0,"[0.745765, 0.254235]"
minesweeper,client,456,309,8,MR,attack_nonmember,evaluation,0,0,0.4998736083507538,0,0.5014635920524597,False,4,0.75,1,"[0.697793, 0.302207]"
minesweeper,client,456,310,8,MR,attack_nonmember,evaluation,0,0,0.5000882744789124,0,0.5014635920524597,False,4,0.75,1,"[0.723759, 0.276241]"
minesweeper,client,456,415,8,MR,attack_nonmember,evaluation,1,0,0.5079725980758667,0,0.5112331509590149,False,4,0.25,0,"[0.64651, 0.35349]"
minesweeper,client,456,506,8,MR,attack_nonmember,evaluation,1,0,0.5045009255409241,0,0.5112331509590149,False,4,0.0,0,"[0.727007, 0.272993]"
minesweeper,client,456,510,8,MR,attack_nonmember,evaluation,0,0,0.499778687953949,0,0.5014635920524597,False,4,1.0,1,"[0.686315, 0.313685]"
minesweeper,client,456,514,8,MR,attack_nonmember,evaluation,0,0,0.4989798367023468,0,0.5014635920524597,False,4,0.5,1,"[0.589732, 0.410268]"
minesweeper,client,456,912,8,MR,attack_nonmember,evaluation,0,0,0.5008101463317871,0,0.5014635920524597,False,4,1.0,1,"[0.811091, 0.188909]"
minesweeper,client,456,1001,8,MR,attack_nonmember,evaluation,0,0,0.500139594078064,0,0.5014635920524597,False,4,1.0,1,"[0.729963, 0.270037]"
minesweeper,client,456,1005,8,MR,attack_nonmember,evaluation,0,0,0.4998335838317871,0,0.5014635920524597,False,4,1.0,1,"[0.692959, 0.307041]"
minesweeper,client,456,1113,8,MR,attack_nonmember,evaluation,0,0,0.5009710788726807,0,0.5014635920524597,False,2,1.0,1,"[0.830562, 0.169438]"
minesweeper,client,456,1200,8,MR,attack_nonmember,evaluation,0,0,0.49948614835739136,0,0.5014635920524597,False,3,1.0,1,"[0.650945, 0.349055]"
minesweeper,client,456,1202,8,MR,attack_nonmember,evaluation,0,0,0.4992351531982422,0,0.5014635920524597,False,4,1.0,1,"[0.620599, 0.379401]"
minesweeper,client,456,1300,8,MR,attack_nonmember,evaluation,0,0,0.4991534352302551,0,0.5014635920524597,False,3,1.0,1,"[0.610717, 0.389283]"
minesweeper,client,456,1304,8,MR,attack_nonmember,evaluation,0,0,0.49962565302848816,0,0.5014635920524597,False,4,1.0,1,"[0.667816, 0.332184]"
minesweeper,client,456,1308,8,MR,attack_nonmember,evaluation,0,0,0.500122606754303,0,0.5014635920524597,False,4,0.75,1,"[0.727909, 0.272091]"
minesweeper,client,456,8461,9,MR,attack_nonmember,evaluation,1,0,0.5071161985397339,0,0.5112331509590149,False,3,0.0,0,"[0.66659, 0.33341]"
minesweeper,client,456,8551,9,MR,attack_nonmember,evaluation,1,0,0.5081507563591003,0,0.5112331509590149,False,4,0.25,0,"[0.642313, 0.357687]"
minesweeper,client,456,8561,9,MR,attack_nonmember,evaluation,0,0,0.5001440644264221,0,0.5014635920524597,False,4,0.75,1,"[0.730509, 0.269491]"
minesweeper,client,456,8658,9,MR,attack_nonmember,evaluation,0,0,0.49925440549850464,0,0.5014635920524597,False,4,0.75,1,"[0.622928, 0.377072]"
minesweeper,client,456,8756,9,MR,attack_nonmember,evaluation,0,0,0.4992101192474365,0,0.5014635920524597,False,4,0.75,1,"[0.617579, 0.382422]"
minesweeper,client,456,8838,9,MR,attack_nonmember,evaluation,0,0,0.4986726939678192,0,0.5014635920524597,False,3,0.6666666666666666,1,"[0.552611, 0.447389]"
minesweeper,client,456,8852,9,MR,attack_nonmember,evaluation,0,0,0.4995802044868469,0,0.5014635920524597,False,4,1.0,1,"[0.662318, 0.337682]"
minesweeper,client,456,8948,9,MR,attack_nonmember,evaluation,0,0,0.5001453161239624,0,0.5014635920524597,False,4,0.75,1,"[0.730658, 0.269342]"
minesweeper,client,456,8951,9,MR,attack_nonmember,evaluation,0,0,0.49931976199150085,0,0.5014635920524597,False,4,0.75,1,"[0.630828, 0.369172]"
minesweeper,client,456,9041,9,MR,attack_nonmember,evaluation,0,0,0.49880582094192505,0,0.5014635920524597,False,4,0.5,1,"[0.568697, 0.431303]"
minesweeper,client,456,9055,9,MR,attack_nonmember,evaluation,0,0,0.4992632269859314,0,0.5014635920524597,False,4,0.75,1,"[0.623998, 0.376002]"
minesweeper,client,456,9138,9,MR,attack_nonmember,evaluation,0,0,0.5000882744789124,0,0.5014635920524597,False,3,1.0,1,"[0.72376, 0.27624]"
minesweeper,client,456,9140,9,MR,attack_nonmember,evaluation,0,0,0.4989927113056183,0,0.5014635920524597,False,4,0.75,1,"[0.591292, 0.408707]"
minesweeper,client,456,9256,9,MR,attack_nonmember,evaluation,0,0,0.49886465072631836,0,0.5014635920524597,False,4,0.5,1,"[0.575811, 0.424189]"
minesweeper,client,456,9342,9,MR,attack_nonmember,evaluation,0,0,0.49974769353866577,0,0.5014635920524597,False,4,0.75,1,"[0.682571, 0.317429]"
minesweeper,client,456,9344,9,MR,attack_nonmember,evaluation,0,0,0.4999820291996002,0,0.5014635920524597,False,4,1.0,1,"[0.710912, 0.289088]"
minesweeper,client,456,9347,9,MR,attack_nonmember,evaluation,0,0,0.4992847144603729,0,0.5014635920524597,False,4,0.75,1,"[0.626593, 0.373407]"
minesweeper,client,456,9438,9,MR,attack_nonmember,evaluation,0,0,0.49962595105171204,0,0.5014635920524597,False,4,1.0,1,"[0.667851, 0.332149]"
minesweeper,client,456,9455,9,MR,attack_nonmember,evaluation,0,0,0.5005382299423218,0,0.5014635920524597,False,4,0.75,1,"[0.778187, 0.221813]"
minesweeper,client,456,9534,9,MR,attack_nonmember,evaluation,0,0,0.4996111989021301,0,0.5014635920524597,False,3,0.6666666666666666,1,"[0.666061, 0.333939]"
minesweeper,client,456,9538,9,MR,attack_nonmember,evaluation,0,0,0.5000314116477966,0,0.5014635920524597,False,4,1.0,1,"[0.716882, 0.283118]"
minesweeper,client,456,9547,9,MR,attack_nonmember,evaluation,0,0,0.4994436502456665,0,0.5014635920524597,False,4,0.5,1,"[0.645807, 0.354193]"
minesweeper,client,456,9641,9,MR,attack_nonmember,evaluation,1,0,0.5082938075065613,0,0.5112331509590149,False,4,0.0,0,"[0.638937, 0.361063]"
minesweeper,client,456,9650,9,MR,attack_nonmember,evaluation,0,0,0.5001747012138367,0,0.5014635920524597,False,4,1.0,1,"[0.734211, 0.265789]"
minesweeper,client,456,9652,9,MR,attack_nonmember,evaluation,0,0,0.4996931552886963,0,0.5014635920524597,False,4,1.0,1,"[0.67598, 0.32402]"
minesweeper,client,456,9740,9,MR,attack_nonmember,evaluation,0,0,0.500363826751709,0,0.5014635920524597,False,4,1.0,1,"[0.757095, 0.242905]"
minesweeper,client,456,9741,9,MR,attack_nonmember,evaluation,0,0,0.500224769115448,0,0.5014635920524597,False,4,0.75,1,"[0.740265, 0.259735]"
minesweeper,client,456,9842,9,MR,attack_nonmember,evaluation,1,0,0.5006137490272522,0,0.5112331509590149,False,4,0.25,0,"[0.814727, 0.185273]"
minesweeper,client,456,9850,9,MR,attack_nonmember,evaluation,1,0,0.499513179063797,0,0.5112331509590149,False,4,0.25,0,"[0.8392, 0.1608]"
minesweeper,client,456,9862,9,MR,attack_nonmember,evaluation,0,0,0.5010097026824951,0,0.5014635920524597,False,4,0.75,1,"[0.835237, 0.164763]"
minesweeper,client,456,9953,9,MR,attack_nonmember,evaluation,0,0,0.5000982880592346,0,0.5014635920524597,False,1,1.0,1,"[0.724971, 0.275029]"
minesweeper,client,456,9960,9,MR,attack_nonmember,evaluation,0,0,0.5005375742912292,0,0.5014635920524597,False,1,0.0,1,"[0.778107, 0.221893]"
minesweeper,client,456,79,9,MR,attack_nonmember,evaluation,0,0,0.4992343783378601,0,0.5014635920524597,False,4,0.25,1,"[0.620503, 0.379497]"
minesweeper,client,456,82,9,MR,attack_nonmember,evaluation,1,0,0.5094830393791199,0,0.5112331509590149,False,4,0.0,0,"[0.610693, 0.389308]"
minesweeper,client,456,96,9,MR,attack_nonmember,evaluation,0,0,0.49949565529823303,0,0.5014635920524597,False,4,0.75,1,"[0.652089, 0.347911]"
minesweeper,client,456,182,9,MR,attack_nonmember,evaluation,0,0,0.49917417764663696,0,0.5014635920524597,False,4,1.0,1,"[0.613228, 0.386772]"
minesweeper,client,456,189,9,MR,attack_nonmember,evaluation,0,0,0.5001548528671265,0,0.5014635920524597,False,4,0.5,1,"[0.731812, 0.268188]"
minesweeper,client,456,190,9,MR,attack_nonmember,evaluation,1,0,0.5050408840179443,0,0.5112331509590149,False,4,0.0,0,"[0.714637, 0.285363]"
minesweeper,client,456,198,9,MR,attack_nonmember,evaluation,0,0,0.4998062551021576,0,0.5014635920524597,False,4,1.0,1,"[0.689651, 0.310349]"
minesweeper,client,456,199,9,MR,attack_nonmember,evaluation,0,0,0.49943646788597107,0,0.5014635920524597,False,2,1.0,1,"[0.644941, 0.355059]"
minesweeper,client,456,293,9,MR,attack_nonmember,evaluation,0,0,0.49855101108551025,0,0.5014635920524597,False,4,0.25,1,"[0.537902, 0.462098]"
minesweeper,client,456,399,9,MR,attack_nonmember,evaluation,0,0,0.49958088994026184,0,0.5014635920524597,False,2,0.5,1,"[0.662403, 0.337597]"
minesweeper,client,456,794,9,MR,attack_nonmember,evaluation,1,0,0.5125542879104614,1,0.5112331509590149,False,4,0.25,0,"[0.536057, 0.463943]"
minesweeper,client,456,883,9,MR,attack_nonmember,evaluation,0,0,0.49932578206062317,0,0.5014635920524597,False,4,1.0,1,"[0.631555, 0.368445]"
minesweeper,client,456,993,9,MR,attack_nonmember,evaluation,0,0,0.49917474389076233,0,0.5014635920524597,False,4,0.25,1,"[0.613298, 0.386702]"
minesweeper,client,456,1085,9,MR,attack_nonmember,evaluation,0,0,0.4985414445400238,0,0.5014635920524597,False,4,0.5,1,"[0.536749, 0.463251]"
minesweeper,client,456,1098,9,MR,attack_nonmember,evaluation,0,0,0.5001602172851562,0,0.5014635920524597,False,4,1.0,1,"[0.732458, 0.267542]"
minesweeper,client,456,1193,9,MR,attack_nonmember,evaluation,1,0,0.5091803073883057,0,0.5112331509590149,False,4,0.25,0,"[0.617914, 0.382086]"
minesweeper,client,456,1199,9,MR,attack_nonmember,evaluation,0,0,0.4997113049030304,0,0.5014635920524597,False,2,0.5,1,"[0.678172, 0.321828]"
minesweeper,client,456,1289,9,MR,attack_nonmember,evaluation,0,0,0.5006991028785706,0,0.5014635920524597,False,4,0.75,1,"[0.797653, 0.202347]"
minesweeper,client,456,1389,9,MR,attack_nonmember,evaluation,0,0,0.5007415413856506,0,0.5014635920524597,False,4,1.0,1,"[0.802789, 0.197211]"
minesweeper,client,456,7978,10,MR,attack_nonmember,evaluation,0,0,0.4993155300617218,0,0.5014635920524597,False,4,0.5,1,"[0.630316, 0.369684]"
minesweeper,client,456,8080,10,MR,attack_nonmember,evaluation,0,0,0.49895864725112915,0,0.5014635920524597,False,4,0.75,1,"[0.587173, 0.412827]"
minesweeper,client,456,8181,10,MR,attack_nonmember,evaluation,0,0,0.4995671212673187,0,0.5014635920524597,False,4,0.5,1,"[0.660735, 0.339265]"
minesweeper,client,456,8376,10,MR,attack_nonmember,evaluation,1,0,0.5084472298622131,0,0.5112331509590149,False,4,0.25,0,"[0.635313, 0.364687]"
minesweeper,client,456,8383,10,MR,attack_nonmember,evaluation,0,0,0.5001949667930603,0,0.5014635920524597,False,4,1.0,1,"[0.736667, 0.263333]"
minesweeper,client,456,8487,10,MR,attack_nonmember,evaluation,1,0,0.5067406892776489,0,0.5112331509590149,False,4,0.0,0,"[0.675346, 0.324654]"
minesweeper,client,456,8682,10,MR,attack_nonmember,evaluation,1,0,0.5074273347854614,0,0.5112331509590149,False,4,0.0,0,"[0.659314, 0.340686]"
minesweeper,client,456,8696,10,MR,attack_nonmember,evaluation,0,0,0.49949735403060913,0,0.5014635920524597,False,3,1.0,1,"[0.652304, 0.347696]"
minesweeper,client,456,8789,10,MR,attack_nonmember,evaluation,0,0,0.5003870129585266,0,0.5014635920524597,False,4,1.0,1,"[0.759897, 0.240103]"
minesweeper,client,456,8880,10,MR,attack_nonmember,evaluation,1,0,0.5091475248336792,0,0.5112331509590149,False,4,0.0,0,"[0.618696, 0.381304]"
minesweeper,client,456,9080,10,MR,attack_nonmember,evaluation,0,0,0.49924641847610474,0,0.5014635920524597,False,4,0.75,1,"[0.621957, 0.378043]"
minesweeper,client,456,9096,10,MR,attack_nonmember,evaluation,1,0,0.5124596357345581,1,0.5112331509590149,False,4,0.0,0,"[0.538397, 0.461603]"
minesweeper,client,456,9198,10,MR,attack_nonmember,evaluation,1,0,0.5075499415397644,0,0.5112331509590149,False,4,0.25,0,"[0.656441, 0.343559]"
minesweeper,client,456,9287,10,MR,attack_nonmember,evaluation,0,0,0.4988623559474945,0,0.5014635920524597,False,4,0.5,1,"[0.575532, 0.424468]"
minesweeper,client,456,9394,10,MR,attack_nonmember,evaluation,0,0,0.5003507137298584,0,0.5014635920524597,False,4,1.0,1,"[0.755501, 0.244499]"
minesweeper,client,456,9395,10,MR,attack_nonmember,evaluation,0,0,0.5004804730415344,0,0.5014635920524597,False,4,0.75,1,"[0.771202, 0.228798]"
minesweeper,client,456,9398,10,MR,attack_nonmember,evaluation,0,0,0.4995395541191101,0,0.5014635920524597,False,4,0.75,1,"[0.657398, 0.342602]"
minesweeper,client,456,9479,10,MR,attack_nonmember,evaluation,0,0,0.4999266564846039,0,0.5014635920524597,False,4,1.0,1,"[0.704212, 0.295788]"
minesweeper,client,456,9480,10,MR,attack_nonmember,evaluation,0,0,0.4998127222061157,0,0.5014635920524597,False,4,0.5,1,"[0.690438, 0.309562]"
minesweeper,client,456,9483,10,MR,attack_nonmember,evaluation,1,0,0.510879397392273,0,0.5112331509590149,False,4,0.0,0,"[0.57708, 0.42292]"
minesweeper,client,456,9495,10,MR,attack_nonmember,evaluation,0,0,0.5009638071060181,0,0.5014635920524597,False,4,0.75,1,"[0.82968, 0.17032]"
minesweeper,client,456,9596,10,MR,attack_nonmember,evaluation,0,0,0.4998171329498291,0,0.5014635920524597,False,4,0.75,1,"[0.690963, 0.309037]"
minesweeper,client,456,9686,10,MR,attack_nonmember,evaluation,0,0,0.4996582269668579,0,0.5014635920524597,False,4,1.0,1,"[0.671753, 0.328247]"
minesweeper,client,456,9790,10,MR,attack_nonmember,evaluation,1,0,0.5055626034736633,0,0.5112331509590149,False,4,0.25,0,"[0.702635, 0.297365]"
minesweeper,client,456,9889,10,MR,attack_nonmember,evaluation,0,0,0.5007827281951904,0,0.5014635920524597,False,4,0.75,1,"[0.807769, 0.192232]"
minesweeper,client,456,9895,10,MR,attack_nonmember,evaluation,0,0,0.5008723735809326,0,0.5014635920524597,False,4,1.0,1,"[0.818617, 0.181383]"
minesweeper,client,456,9984,10,MR,attack_nonmember,evaluation,0,0,0.5002890825271606,0,0.5014635920524597,False,1,1.0,1,"[0.74805, 0.25195]"
minesweeper,client,456,9995,10,MR,attack_nonmember,evaluation,0,0,0.5005375742912292,0,0.5014635920524597,False,1,1.0,1,"[0.778107, 0.221893]"
minesweeper,client,456,8169,10,MR,attack_nonmember,evaluation,1,0,0.5088163018226624,0,0.5112331509590149,False,4,0.0,0,"[0.626569, 0.373431]"
minesweeper,client,456,8364,10,MR,attack_nonmember,evaluation,0,0,0.4994083642959595,0,0.5014635920524597,False,4,0.5,1,"[0.641541, 0.358459]"
minesweeper,client,456,8367,10,MR,attack_nonmember,evaluation,0,0,0.5003421306610107,0,0.5014635920524597,False,4,1.0,1,"[0.754469, 0.245531]"
minesweeper,client,456,8474,10,MR,attack_nonmember,evaluation,0,0,0.5002684593200684,0,0.5014635920524597,False,4,1.0,1,"[0.745556, 0.254444]"
minesweeper,client,456,8476,10,MR,attack_nonmember,evaluation,0,0,0.499651700258255,0,0.5014635920524597,False,4,1.0,1,"[0.670964, 0.329036]"
minesweeper,client,456,8566,10,MR,attack_nonmember,evaluation,0,0,0.49938100576400757,0,0.5014635920524597,False,4,0.75,1,"[0.638233, 0.361767]"
minesweeper,client,456,8664,10,MR,attack_nonmember,evaluation,0,0,0.4992923438549042,0,0.5014635920524597,False,4,0.5,1,"[0.627512, 0.372488]"
minesweeper,client,456,8762,10,MR,attack_nonmember,evaluation,0,0,0.4996996819972992,0,0.5014635920524597,False,3,1.0,1,"[0.676764, 0.323236]"
minesweeper,client,456,8768,10,MR,attack_nonmember,evaluation,0,0,0.4990675747394562,0,0.5014635920524597,False,4,0.75,1,"[0.600342, 0.399658]"
minesweeper,client,456,8769,10,MR,attack_nonmember,evaluation,0,0,0.49983251094818115,0,0.5014635920524597,False,4,0.75,1,"[0.692829, 0.307171]"
minesweeper,client,456,8770,10,MR,attack_nonmember,evaluation,0,0,0.5006155371665955,0,0.5014635920524597,False,4,0.75,1,"[0.78754, 0.21246]"
minesweeper,client,456,8773,10,MR,attack_nonmember,evaluation,0,0,0.49967068433761597,0,0.5014635920524597,False,4,1.0,1,"[0.673255, 0.326745]"
minesweeper,client,456,8871,10,MR,attack_nonmember,evaluation,0,0,0.5004491209983826,0,0.5014635920524597,False,4,1.0,1,"[0.767405, 0.232595]"
minesweeper,client,456,8972,10,MR,attack_nonmember,evaluation,0,0,0.4996793866157532,0,0.5014635920524597,False,4,0.75,1,"[0.674311, 0.325689]"
minesweeper,client,456,9071,10,MR,attack_nonmember,evaluation,0,0,0.49985092878341675,0,0.5014635920524597,False,4,0.75,1,"[0.695055, 0.304945]"
minesweeper,client,456,9268,10,MR,attack_nonmember,evaluation,0,0,0.49934783577919006,0,0.5014635920524597,False,4,1.0,1,"[0.634221, 0.365779]"
minesweeper,client,456,9470,10,MR,attack_nonmember,evaluation,0,0,0.5004752278327942,0,0.5014635920524597,False,4,1.0,1,"[0.770562, 0.229438]"
minesweeper,client,456,9474,10,MR,attack_nonmember,evaluation,0,0,0.49878954887390137,0,0.5014635920524597,False,4,0.5,1,"[0.566729, 0.433271]"
minesweeper,client,456,9575,10,MR,attack_nonmember,evaluation,1,0,0.5124596357345581,1,0.5112331509590149,False,4,0.25,0,"[0.538397, 0.461603]"
minesweeper,client,456,9674,10,MR,attack_nonmember,evaluation,1,0,0.5109917521476746,0,0.5112331509590149,False,4,0.25,0,"[0.574353, 0.425647]"
minesweeper,client,456,9766,10,MR,attack_nonmember,evaluation,0,0,0.5003562569618225,0,0.5014635920524597,False,4,1.0,1,"[0.756174, 0.243826]"
minesweeper,client,456,9866,10,MR,attack_nonmember,evaluation,0,0,0.5008851289749146,0,0.5014635920524597,False,4,1.0,1,"[0.820162, 0.179838]"
minesweeper,client,456,9970,10,MR,attack_nonmember,evaluation,0,0,0.5001950263977051,0,0.5014635920524597,False,1,0.0,1,"[0.736673, 0.263327]"
minesweeper,client,456,9974,10,MR,attack_nonmember,evaluation,0,0,0.5003268122673035,0,0.5014635920524597,False,1,1.0,1,"[0.752609, 0.247391]"
minesweeper,client,456,7044,11,MR,attack_nonmember,evaluation,1,0,0.506671667098999,0,0.5112331509590149,False,4,0.0,0,"[0.676953, 0.323047]"
minesweeper,client,456,7249,11,MR,attack_nonmember,evaluation,0,0,0.5001144409179688,0,0.5014635920524597,False,4,1.0,1,"[0.726924, 0.273076]"
minesweeper,client,456,7446,11,MR,attack_nonmember,evaluation,1,0,0.5074501633644104,0,0.5112331509590149,False,4,0.0,0,"[0.658778, 0.341222]"
minesweeper,client,456,7543,11,MR,attack_nonmember,evaluation,0,0,0.49983885884284973,0,0.5014635920524597,False,4,1.0,1,"[0.693597, 0.306403]"
minesweeper,client,456,7546,11,MR,attack_nonmember,evaluation,0,0,0.5001276135444641,0,0.5014635920524597,False,4,0.75,1,"[0.728515, 0.271485]"
minesweeper,client,456,7558,11,MR,attack_nonmember,evaluation,0,0,0.49927347898483276,0,0.5014635920524597,False,4,1.0,1,"[0.625234, 0.374766]"
minesweeper,client,456,7559,11,MR,attack_nonmember,evaluation,0,0,0.4996393918991089,0,0.5014635920524597,False,4,0.75,1,"[0.669478, 0.330522]"
minesweeper,client,456,7645,11,MR,attack_nonmember,evaluation,0,0,0.4998604357242584,0,0.5014635920524597,False,4,0.75,1,"[0.696208, 0.303792]"
minesweeper,client,456,7740,11,MR,attack_nonmember,evaluation,0,0,0.5003921985626221,0,0.5014635920524597,False,4,1.0,1,"[0.76052, 0.23948]"
minesweeper,client,456,7749,11,MR,attack_nonmember,evaluation,0,0,0.4995482563972473,0,0.5014635920524597,False,4,0.5,1,"[0.658451, 0.341549]"
minesweeper,client,456,7764,11,MR,attack_nonmember,evaluation,0,0,0.5000221729278564,0,0.5014635920524597,False,4,0.75,1,"[0.715763, 0.284237]"
minesweeper,client,456,7845,11,MR,attack_nonmember,evaluation,0,0,0.49967747926712036,0,0.5014635920524597,False,4,0.75,1,"[0.674085, 0.325915]"
minesweeper,client,456,7847,11,MR,attack_nonmember,evaluation,0,0,0.4995903968811035,0,0.5014635920524597,False,4,0.75,1,"[0.663548, 0.336453]"
minesweeper,client,456,7858,11,MR,attack_nonmember,evaluation,0,0,0.4993090033531189,0,0.5014635920524597,False,4,0.75,1,"[0.629527, 0.370473]"
minesweeper,client,456,8040,11,MR,attack_nonmember,evaluation,0,0,0.4995518624782562,0,0.5014635920524597,False,4,1.0,1,"[0.658889, 0.341111]"
minesweeper,client,456,8042,11,MR,attack_nonmember,evaluation,0,0,0.4989807605743408,0,0.5014635920524597,False,4,0.75,1,"[0.589846, 0.410154]"
minesweeper,client,456,8154,11,MR,attack_nonmember,evaluation,0,0,0.5000486969947815,0,0.5014635920524597,False,4,1.0,1,"[0.718972, 0.281028]"
minesweeper,client,456,8155,11,MR,attack_nonmember,evaluation,0,0,0.5001375675201416,0,0.5014635920524597,False,4,1.0,1,"[0.72972, 0.27028]"
minesweeper,client,456,8156,11,MR,attack_nonmember,evaluation,0,0,0.49976471066474915,0,0.5014635920524597,False,4,1.0,1,"[0.68463, 0.31537]"
minesweeper,client,456,8246,11,MR,attack_nonmember,evaluation,0,0,0.5005394816398621,0,0.5014635920524597,False,4,1.0,1,"[0.778339, 0.221661]"
minesweeper,client,456,8340,11,MR,attack_nonmember,evaluation,1,0,0.5101104974746704,0,0.5112331509590149,False,4,0.5,0,"[0.595651, 0.404349]"
minesweeper,client,456,8344,11,MR,attack_nonmember,evaluation,0,0,0.49957332015037537,0,0.5014635920524597,False,4,1.0,1,"[0.661483, 0.338517]"
minesweeper,client,456,8445,11,MR,attack_nonmember,evaluation,0,0,0.4998956322669983,0,0.5014635920524597,False,4,1.0,1,"[0.70046, 0.29954]"
minesweeper,client,456,8455,11,MR,attack_nonmember,evaluation,0,0,0.5004570484161377,0,0.5014635920524597,False,2,1.0,1,"[0.768365, 0.231635]"
minesweeper,client,456,8640,11,MR,attack_nonmember,evaluation,0,0,0.499386727809906,0,0.5014635920524597,False,4,0.75,1,"[0.638924, 0.361076]"
minesweeper,client,456,1589,11,MR,attack_nonmember,evaluation,0,0,0.4990307688713074,0,0.5014635920524597,False,4,0.5,1,"[0.595895, 0.404105]"
minesweeper,client,456,1686,11,MR,attack_nonmember,evaluation,1,0,0.5132921934127808,1,0.5112331509590149,False,3,0.0,0,"[0.517718, 0.482282]"
minesweeper,client,456,1688,11,MR,attack_nonmember,evaluation,0,0,0.4983718693256378,0,0.5014635920524597,False,4,0.5,1,"[0.516254, 0.483746]"
minesweeper,client,456,1691,11,MR,attack_nonmember,evaluation,0,0,0.4994591176509857,0,0.5014635920524597,False,4,0.75,1,"[0.647675, 0.352325]"
minesweeper,client,456,1794,11,MR,attack_nonmember,evaluation,0,0,0.49967387318611145,0,0.5014635920524597,False,4,1.0,1,"[0.673638, 0.326362]"
minesweeper,client,456,1796,11,MR,attack_nonmember,evaluation,0,0,0.4994977116584778,0,0.5014635920524597,False,4,0.75,1,"[0.652347, 0.347653]"
minesweeper,client,456,1994,11,MR,attack_nonmember,evaluation,0,0,0.4984871745109558,0,0.5014635920524597,False,4,0.25,1,"[0.530182, 0.469818]"
minesweeper,client,456,2187,11,MR,attack_nonmember,evaluation,1,0,0.5092403888702393,0,0.5112331509590149,False,3,0.0,0,"[0.616484, 0.383516]"
minesweeper,client,456,2287,11,MR,attack_nonmember,evaluation,0,0,0.4993324279785156,0,0.5014635920524597,False,3,0.6666666666666666,1,"[0.632361, 0.367639]"
minesweeper,client,456,2296,11,MR,attack_nonmember,evaluation,1,0,0.5094116926193237,0,0.5112331509590149,False,4,0.25,0,"[0.612396, 0.387604]"
minesweeper,client,456,2298,11,MR,attack_nonmember,evaluation,0,0,0.5001944899559021,0,0.5014635920524597,False,4,1.0,1,"[0.736609, 0.263391]"
minesweeper,client,456,2387,11,MR,attack_nonmember,evaluation,1,0,0.5073789358139038,0,0.5112331509590149,False,3,0.0,0,"[0.660446, 0.339554]"
minesweeper,client,456,2494,11,MR,attack_nonmember,evaluation,0,0,0.4995276927947998,0,0.5014635920524597,False,4,0.75,1,"[0.655973, 0.344027]"
minesweeper,client,456,2596,11,MR,attack_nonmember,evaluation,0,0,0.498913437128067,0,0.5014635920524597,False,4,0.75,1,"[0.581706, 0.418294]"
minesweeper,client,456,2798,11,MR,attack_nonmember,evaluation,0,0,0.500053346157074,0,0.5014635920524597,False,4,0.75,1,"[0.719534, 0.280466]"
minesweeper,client,456,2899,11,MR,attack_nonmember,evaluation,0,0,0.5008144974708557,0,0.5014635920524597,False,2,1.0,1,"[0.811614, 0.188386]"
minesweeper,client,456,2994,11,MR,attack_nonmember,evaluation,0,0,0.49929434061050415,0,0.5014635920524597,False,4,1.0,1,"[0.627752, 0.372248]"
minesweeper,client,456,2999,11,MR,attack_nonmember,evaluation,0,0,0.5003281235694885,0,0.5014635920524597,False,2,0.5,1,"[0.752767, 0.247233]"
minesweeper,client,456,3096,11,MR,attack_nonmember,evaluation,1,0,0.5087697505950928,0,0.5112331509590149,False,4,0.25,0,"[0.627674, 0.372326]"
minesweeper,client,456,3195,11,MR,attack_nonmember,evaluation,1,0,0.5139310956001282,1,0.5112331509590149,False,4,0.5,0,"[0.501697, 0.498302]"
minesweeper,client,456,3199,11,MR,attack_nonmember,evaluation,0,0,0.49986281991004944,0,0.5014635920524597,False,2,0.5,1,"[0.696492, 0.303508]"
minesweeper,client,456,3394,11,MR,attack_nonmember,evaluation,1,0,0.5107772946357727,0,0.5112331509590149,False,4,0.25,0,"[0.579556, 0.420445]"
minesweeper,client,456,3489,11,MR,attack_nonmember,evaluation,1,0,0.505786120891571,0,0.5112331509590149,False,4,0.75,0,"[0.697478, 0.302522]"
minesweeper,client,456,3490,11,MR,attack_nonmember,evaluation,1,0,0.5045425295829773,0,0.5112331509590149,False,4,0.5,0,"[0.726054, 0.273945]"
minesweeper,client,456,3586,11,MR,attack_nonmember,evaluation,1,0,0.5043690204620361,0,0.5112331509590149,False,1,0.0,0,"[0.730021, 0.269979]"
minesweeper,client,456,4510,12,MR,attack_nonmember,evaluation,0,0,0.500051736831665,0,0.5014635920524597,False,4,1.0,1,"[0.719341, 0.280659]"
minesweeper,client,456,4518,12,MR,attack_nonmember,evaluation,0,0,0.4983948767185211,0,0.5014635920524597,False,3,0.6666666666666666,1,"[0.519032, 0.480968]"
minesweeper,client,456,4610,12,MR,attack_nonmember,evaluation,0,0,0.5003190636634827,0,0.5014635920524597,False,4,1.0,1,"[0.751679, 0.248321]"
minesweeper,client,456,4611,12,MR,attack_nonmember,evaluation,0,0,0.5000268816947937,0,0.5014635920524597,False,4,0.75,1,"[0.716337, 0.283663]"
minesweeper,client,456,4712,12,MR,attack_nonmember,evaluation,1,0,0.5096410512924194,0,0.5112331509590149,False,4,0.25,0,"[0.606914, 0.393086]"
minesweeper,client,456,4713,12,MR,attack_nonmember,evaluation,1,0,0.5109749436378479,0,0.5112331509590149,False,4,0.25,0,"[0.574762, 0.425238]"
minesweeper,client,456,4801,12,MR,attack_nonmember,evaluation,0,0,0.49993497133255005,0,0.5014635920524597,False,4,0.75,1,"[0.705224, 0.294776]"
minesweeper,client,456,4909,12,MR,attack_nonmember,evaluation,0,0,0.5002815127372742,0,0.5014635920524597,False,4,0.75,1,"[0.74713, 0.25287]"
minesweeper,client,456,5109,12,MR,attack_nonmember,evaluation,0,0,0.49961793422698975,0,0.5014635920524597,False,4,0.5,1,"[0.666884, 0.333116]"
minesweeper,client,456,5205,12,MR,attack_nonmember,evaluation,0,0,0.4994051158428192,0,0.5014635920524597,False,4,1.0,1,"[0.641146, 0.358854]"
minesweeper,client,456,5209,12,MR,attack_nonmember,evaluation,0,0,0.4996040463447571,0,0.5014635920524597,False,4,0.75,1,"[0.665201, 0.334799]"
minesweeper,client,456,5306,12,MR,attack_nonmember,evaluation,0,0,0.49979305267333984,0,0.5014635920524597,False,4,1.0,1,"[0.688056, 0.311944]"
minesweeper,client,456,5404,12,MR,attack_nonmember,evaluation,1,0,0.5077559947967529,0,0.5112331509590149,False,4,0.25,0,"[0.651605, 0.348395]"
minesweeper,client,456,5505,12,MR,attack_nonmember,evaluation,1,0,0.5079465508460999,0,0.5112331509590149,False,4,0.25,0,"[0.647124, 0.352876]"
minesweeper,client,456,5701,12,MR,attack_nonmember,evaluation,0,0,0.49957892298698425,0,0.5014635920524597,False,4,0.75,1,"[0.662165, 0.337835]"
minesweeper,client,456,5705,12,MR,attack_nonmember,evaluation,0,0,0.5000821948051453,0,0.5014635920524597,False,4,1.0,1,"[0.723024, 0.276976]"
minesweeper,client,456,5803,12,MR,attack_nonmember,evaluation,0,0,0.49959227442741394,0,0.5014635920524597,False,4,0.75,1,"[0.663771, 0.336229]"
minesweeper,client,456,5904,12,MR,attack_nonmember,evaluation,1,0,0.5020754933357239,0,0.5112331509590149,False,4,0.0,0,"[0.781991, 0.218009]"
minesweeper,client,456,6202,12,MR,attack_nonmember,evaluation,0,0,0.49945956468582153,0,0.5014635920524597,False,4,0.5,1,"[0.64773, 0.35227]"
minesweeper,client,456,6603,12,MR,attack_nonmember,evaluation,0,0,0.4998004734516144,0,0.5014635920524597,False,4,0.75,1,"[0.688956, 0.311044]"
minesweeper,client,456,6707,12,MR,attack_nonmember,evaluation,0,0,0.5003309845924377,0,0.5014635920524597,False,4,0.75,1,"[0.753114, 0.246886]"
minesweeper,client,456,6805,12,MR,attack_nonmember,evaluation,0,0,0.4997014105319977,0,0.5014635920524597,False,4,1.0,1,"[0.676975, 0.323025]"
minesweeper,client,456,6906,12,MR,attack_nonmember,evaluation,0,0,0.5018178224563599,1,0.5014635920524597,False,3,0.6666666666666666,1,"[0.933066, 0.066934]"
minesweeper,client,456,8120,12,MR,attack_nonmember,evaluation,0,0,0.49916431307792664,0,0.5014635920524597,False,3,1.0,1,"[0.612038, 0.387961]"
minesweeper,client,456,8228,12,MR,attack_nonmember,evaluation,0,0,0.4998552203178406,0,0.5014635920524597,False,4,1.0,1,"[0.69557, 0.30443]"
minesweeper,client,456,8322,12,MR,attack_nonmember,evaluation,0,0,0.49912625551223755,0,0.5014635920524597,False,4,0.75,1,"[0.607435, 0.392565]"
minesweeper,client,456,8325,12,MR,attack_nonmember,evaluation,1,0,0.5087839365005493,0,0.5112331509590149,False,4,0.0,0,"[0.627337, 0.372663]"
minesweeper,client,456,8335,12,MR,attack_nonmember,evaluation,0,0,0.49926990270614624,0,0.5014635920524597,False,4,0.75,1,"[0.624799, 0.375201]"
minesweeper,client,456,8421,12,MR,attack_nonmember,evaluation,0,0,0.4990452229976654,0,0.5014635920524597,False,4,0.75,1,"[0.597634, 0.402366]"
minesweeper,client,456,8437,12,MR,attack_nonmember,evaluation,0,0,0.4990464448928833,0,0.5014635920524597,False,3,0.6666666666666666,1,"[0.597787, 0.402213]"
minesweeper,client,456,8534,12,MR,attack_nonmember,evaluation,1,0,0.5107977390289307,0,0.5112331509590149,False,4,0.25,0,"[0.579059, 0.420941]"
minesweeper,client,456,8621,12,MR,attack_nonmember,evaluation,0,0,0.4991393983364105,0,0.5014635920524597,False,4,0.5,1,"[0.609026, 0.390974]"
minesweeper,client,456,8625,12,MR,attack_nonmember,evaluation,1,0,0.5118473172187805,1,0.5112331509590149,False,4,0.0,0,"[0.553472, 0.446528]"
minesweeper,client,456,8633,12,MR,attack_nonmember,evaluation,0,0,0.4993016719818115,0,0.5014635920524597,False,4,0.75,1,"[0.628644, 0.371356]"
minesweeper,client,456,8723,12,MR,attack_nonmember,evaluation,0,0,0.49906548857688904,0,0.5014635920524597,False,4,0.75,1,"[0.600091, 0.399909]"
minesweeper,client,456,8826,12,MR,attack_nonmember,evaluation,0,0,0.49942004680633545,0,0.5014635920524597,False,4,0.5,1,"[0.642958, 0.357042]"
minesweeper,client,456,8831,12,MR,attack_nonmember,evaluation,1,0,0.5088505744934082,0,0.5112331509590149,False,4,0.25,0,"[0.625756, 0.374244]"
minesweeper,client,456,8837,12,MR,attack_nonmember,evaluation,1,0,0.5072218775749207,0,0.5112331509590149,False,2,0.0,0,"[0.66412, 0.33588]"
minesweeper,client,456,8923,12,MR,attack_nonmember,evaluation,0,0,0.49964773654937744,0,0.5014635920524597,False,4,0.75,1,"[0.670484, 0.329516]"
minesweeper,client,456,8925,12,MR,attack_nonmember,evaluation,1,0,0.508783757686615,0,0.5112331509590149,False,4,0.5,0,"[0.627341, 0.372659]"
minesweeper,client,456,9021,12,MR,attack_nonmember,evaluation,1,0,0.5077232122421265,0,0.5112331509590149,False,3,0.6666666666666666,0,"[0.652373, 0.347627]"
minesweeper,client,456,9227,12,MR,attack_nonmember,evaluation,0,0,0.4990536868572235,0,0.5014635920524597,False,4,0.75,1,"[0.598661, 0.401339]"
minesweeper,client,456,9237,12,MR,attack_nonmember,evaluation,0,0,0.5007347464561462,0,0.5014635920524597,False,2,1.0,1,"[0.801964, 0.198036]"
minesweeper,client,456,9332,12,MR,attack_nonmember,evaluation,0,0,0.5001619458198547,0,0.5014635920524597,False,4,1.0,1,"[0.732673, 0.267327]"
minesweeper,client,456,9420,12,MR,attack_nonmember,evaluation,0,0,0.5005042552947998,0,0.5014635920524597,False,3,1.0,1,"[0.774072, 0.225928]"
minesweeper,client,456,9427,12,MR,attack_nonmember,evaluation,1,0,0.5111908912658691,0,0.5112331509590149,False,4,0.25,0,"[0.569512, 0.430488]"
minesweeper,client,456,9722,12,MR,attack_nonmember,evaluation,0,0,0.49924030900001526,0,0.5014635920524597,False,4,0.5,1,"[0.621225, 0.378775]"
minesweeper,client,456,9728,12,MR,attack_nonmember,evaluation,0,0,0.4990374743938446,0,0.5014635920524597,False,4,0.5,1,"[0.5967, 0.4033]"
minesweeper,client,456,9821,12,MR,attack_nonmember,evaluation,1,0,0.5037384629249573,0,0.5112331509590149,False,3,0.0,0,"[0.74439, 0.25561]"
minesweeper,client,456,9926,12,MR,attack_nonmember,evaluation,0,0,0.5001698136329651,0,0.5014635920524597,False,1,1.0,1,"[0.733623, 0.266377]"
minesweeper,client,456,3720,13,MR,attack_nonmember,evaluation,1,0,0.504625678062439,0,0.5112331509590149,False,3,0.0,0,"[0.724152, 0.275848]"
minesweeper,client,456,3825,13,MR,attack_nonmember,evaluation,0,0,0.49927932024002075,0,0.5014635920524597,False,4,0.5,1,"[0.625943, 0.374057]"
minesweeper,client,456,4021,13,MR,attack_nonmember,evaluation,0,0,0.49994391202926636,0,0.5014635920524597,False,4,0.75,1,"[0.7063, 0.2937]"
minesweeper,client,456,4125,13,MR,attack_nonmember,evaluation,0,0,0.4995706379413605,0,0.5014635920524597,False,4,0.75,1,"[0.661161, 0.338839]"
minesweeper,client,456,4226,13,MR,attack_nonmember,evaluation,0,0,0.49872887134552,0,0.5014635920524597,False,4,0.5,1,"[0.559398, 0.440602]"
minesweeper,client,456,4234,13,MR,attack_nonmember,evaluation,0,0,0.5003877282142639,0,0.5014635920524597,False,4,1.0,1,"[0.759981, 0.240019]"
minesweeper,client,456,4325,13,MR,attack_nonmember,evaluation,0,0,0.49866151809692383,0,0.5014635920524597,False,4,0.25,1,"[0.551261, 0.448739]"
minesweeper,client,456,4326,13,MR,attack_nonmember,evaluation,1,0,0.510888934135437,0,0.5112331509590149,False,4,0.25,0,"[0.576849, 0.423151]"
minesweeper,client,456,4423,13,MR,attack_nonmember,evaluation,0,0,0.49871698021888733,0,0.5014635920524597,False,4,0.5,1,"[0.557963, 0.442037]"
minesweeper,client,456,4436,13,MR,attack_nonmember,evaluation,0,0,0.4996909499168396,0,0.5014635920524597,False,4,1.0,1,"[0.67571, 0.32429]"
minesweeper,client,456,4530,13,MR,attack_nonmember,evaluation,0,0,0.5006001591682434,0,0.5014635920524597,False,4,0.75,1,"[0.785682, 0.214318]"
minesweeper,client,456,4531,13,MR,attack_nonmember,evaluation,0,0,0.5000699162483215,0,0.5014635920524597,False,4,0.75,1,"[0.721538, 0.278462]"
minesweeper,client,456,4638,13,MR,attack_nonmember,evaluation,0,0,0.4996595084667206,0,0.5014635920524597,False,4,0.75,1,"[0.671905, 0.328094]"
minesweeper,client,456,4731,13,MR,attack_nonmember,evaluation,0,0,0.4991246163845062,0,0.5014635920524597,False,4,0.5,1,"[0.607235, 0.392765]"
minesweeper,client,456,4820,13,MR,attack_nonmember,evaluation,0,0,0.49955371022224426,0,0.5014635920524597,False,4,1.0,1,"[0.659114, 0.340886]"
minesweeper,client,456,4821,13,MR,attack_nonmember,evaluation,0,0,0.4999506175518036,0,0.5014635920524597,False,4,1.0,1,"[0.707108, 0.292892]"
minesweeper,client,456,4827,13,MR,attack_nonmember,evaluation,0,0,0.5003292560577393,0,0.5014635920524597,False,4,1.0,1,"[0.752909, 0.247091]"
minesweeper,client,456,4924,13,MR,attack_nonmember,evaluation,0,0,0.4998355209827423,0,0.5014635920524597,False,4,1.0,1,"[0.693192, 0.306808]"
minesweeper,client,456,4929,13,MR,attack_nonmember,evaluation,0,0,0.5003438591957092,0,0.5014635920524597,False,4,0.75,1,"[0.754676, 0.245324]"
minesweeper,client,456,4933,13,MR,attack_nonmember,evaluation,0,0,0.49980729818344116,0,0.5014635920524597,False,4,1.0,1,"[0.689782, 0.310218]"
minesweeper,client,456,5029,13,MR,attack_nonmember,evaluation,0,0,0.5004374384880066,0,0.5014635920524597,False,4,1.0,1,"[0.765996, 0.234005]"
minesweeper,client,456,5319,13,MR,attack_nonmember,evaluation,1,0,0.5050932765007019,0,0.5112331509590149,False,3,0.0,0,"[0.713434, 0.286566]"
minesweeper,client,456,5320,13,MR,attack_nonmember,evaluation,0,0,0.4997323751449585,0,0.5014635920524597,False,4,1.0,1,"[0.680724, 0.319276]"
minesweeper,client,456,5324,13,MR,attack_nonmember,evaluation,0,0,0.5007789134979248,0,0.5014635920524597,False,4,1.0,1,"[0.807313, 0.192687]"
minesweeper,client,456,5422,13,MR,attack_nonmember,evaluation,1,0,0.5069115161895752,0,0.5112331509590149,False,4,0.25,0,"[0.671366, 0.328634]"
minesweeper,client,456,2750,13,MR,attack_nonmember,evaluation,0,0,0.4999067783355713,0,0.5014635920524597,False,4,1.0,1,"[0.701813, 0.298187]"
minesweeper,client,456,2951,13,MR,attack_nonmember,evaluation,0,0,0.49991264939308167,0,0.5014635920524597,False,4,1.0,1,"[0.702518, 0.297482]"
minesweeper,client,456,3151,13,MR,attack_nonmember,evaluation,0,0,0.4997793138027191,0,0.5014635920524597,False,4,0.75,1,"[0.686397, 0.313603]"
minesweeper,client,456,3448,13,MR,attack_nonmember,evaluation,0,0,0.4996061623096466,0,0.5014635920524597,False,4,0.75,1,"[0.665455, 0.334545]"
minesweeper,client,456,3453,13,MR,attack_nonmember,evaluation,0,0,0.49973514676094055,0,0.5014635920524597,False,4,0.75,1,"[0.681055, 0.318945]"
minesweeper,client,456,3553,13,MR,attack_nonmember,evaluation,0,0,0.5002449750900269,0,0.5014635920524597,False,4,1.0,1,"[0.742716, 0.257284]"
minesweeper,client,456,3555,13,MR,attack_nonmember,evaluation,1,0,0.5020797848701477,0,0.5112331509590149,False,4,0.0,0,"[0.781896, 0.218105]"
minesweeper,client,456,3642,13,MR,attack_nonmember,evaluation,0,0,0.5000530481338501,0,0.5014635920524597,False,4,1.0,1,"[0.719501, 0.280499]"
minesweeper,client,456,3650,13,MR,attack_nonmember,evaluation,1,0,0.509614109992981,0,0.5112331509590149,False,4,0.0,0,"[0.607559, 0.392441]"
minesweeper,client,456,3747,13,MR,attack_nonmember,evaluation,0,0,0.49845483899116516,0,0.5014635920524597,False,4,0.5,1,"[0.52628, 0.47372]"
minesweeper,client,456,3753,13,MR,attack_nonmember,evaluation,0,0,0.4993302524089813,0,0.5014635920524597,False,4,0.75,1,"[0.632098, 0.367902]"
minesweeper,client,456,3844,13,MR,attack_nonmember,evaluation,0,0,0.49846991896629333,0,0.5014635920524597,False,4,0.5,1,"[0.528103, 0.471897]"
minesweeper,client,456,3856,13,MR,attack_nonmember,evaluation,1,0,0.5078814029693604,0,0.5112331509590149,False,4,0.5,0,"[0.648657, 0.351343]"
minesweeper,client,456,3944,13,MR,attack_nonmember,evaluation,0,0,0.4985123574733734,0,0.5014635920524597,False,4,0.5,1,"[0.533233, 0.466767]"
minesweeper,client,456,3952,13,MR,attack_nonmember,evaluation,0,0,0.49940866231918335,0,0.5014635920524597,False,4,0.75,1,"[0.641573, 0.358427]"
minesweeper,client,456,4040,13,MR,attack_nonmember,evaluation,1,0,0.5110509395599365,0,0.5112331509590149,False,4,0.0,0,"[0.572915, 0.427085]"
minesweeper,client,456,4146,13,MR,attack_nonmember,evaluation,1,0,0.5082916021347046,0,0.5112331509590149,False,4,0.25,0,"[0.63899, 0.36101]"
minesweeper,client,456,4156,13,MR,attack_nonmember,evaluation,0,0,0.4988638460636139,0,0.5014635920524597,False,4,0.75,1,"[0.575713, 0.424287]"
minesweeper,client,456,4239,13,MR,attack_nonmember,evaluation,0,0,0.4987814128398895,0,0.5014635920524597,False,4,0.5,1,"[0.565749, 0.434251]"
minesweeper,client,456,4254,13,MR,attack_nonmember,evaluation,0,0,0.4996497631072998,0,0.5014635920524597,False,4,0.75,1,"[0.670728, 0.329272]"
minesweeper,client,456,4344,13,MR,attack_nonmember,evaluation,0,0,0.5002056956291199,0,0.5014635920524597,False,4,0.75,1,"[0.737965, 0.262035]"
minesweeper,client,456,4349,13,MR,attack_nonmember,evaluation,0,0,0.5006060600280762,0,0.5014635920524597,False,3,0.6666666666666666,1,"[0.786399, 0.213601]"
minesweeper,client,456,4361,13,MR,attack_nonmember,evaluation,0,0,0.5000988841056824,0,0.5014635920524597,False,2,1.0,1,"[0.725046, 0.274954]"
minesweeper,client,456,4443,13,MR,attack_nonmember,evaluation,0,0,0.5004385113716125,0,0.5014635920524597,False,4,0.75,1,"[0.766127, 0.233873]"
minesweeper,client,456,4642,13,MR,attack_nonmember,evaluation,0,0,0.4995705485343933,0,0.5014635920524597,False,1,1.0,1,"[0.661155, 0.338845]"
minesweeper,client,456,3685,4,MR,F,evaluation,1,0,0.5065033435821533,0,0.5112331509590149,False,4,0.25,0,"[0.680865, 0.319135]"
minesweeper,client,456,3781,4,MR,F,evaluation,0,0,0.49893733859062195,0,0.5014635920524597,False,4,0.75,1,"[0.584598, 0.415402]"
minesweeper,client,456,3782,4,MR,F,evaluation,0,0,0.49888864159584045,0,0.5014635920524597,False,4,0.75,1,"[0.578712, 0.421288]"
minesweeper,client,456,3783,4,MR,F,evaluation,0,0,0.4990655183792114,0,0.5014635920524597,False,4,0.75,1,"[0.600097, 0.399903]"
minesweeper,client,456,3786,4,MR,F,evaluation,0,0,0.5002611875534058,0,0.5014635920524597,False,4,1.0,1,"[0.744675, 0.255325]"
minesweeper,client,456,3788,4,MR,F,evaluation,0,0,0.49880707263946533,0,0.5014635920524597,False,4,0.75,1,"[0.568848, 0.431152]"
minesweeper,client,456,3789,4,MR,F,evaluation,0,0,0.4991897940635681,0,0.5014635920524597,False,4,0.75,1,"[0.615119, 0.384881]"
minesweeper,client,456,3791,4,MR,F,evaluation,0,0,0.49988383054733276,0,0.5014635920524597,False,2,1.0,1,"[0.699038, 0.300962]"
minesweeper,client,456,3881,4,MR,F,evaluation,1,0,0.5130224227905273,1,0.5112331509590149,False,4,0.25,0,"[0.524442, 0.475558]"
minesweeper,client,456,3883,4,MR,F,evaluation,0,0,0.4993740916252136,0,0.5014635920524597,False,4,0.75,1,"[0.637397, 0.362603]"
minesweeper,client,456,3884,4,MR,F,evaluation,0,0,0.49998268485069275,0,0.5014635920524597,False,4,0.5,1,"[0.71099, 0.28901]"
minesweeper,client,456,3885,4,MR,F,evaluation,0,0,0.5001181960105896,0,0.5014635920524597,False,4,0.5,1,"[0.727379, 0.272621]"
minesweeper,client,456,3890,4,MR,F,evaluation,0,0,0.4997710883617401,0,0.5014635920524597,False,4,0.75,1,"[0.685403, 0.314597]"
minesweeper,client,456,3891,4,MR,F,evaluation,0,0,0.49951624870300293,0,0.5014635920524597,False,3,0.6666666666666666,1,"[0.654585, 0.345415]"
minesweeper,client,456,3981,4,MR,F,evaluation,1,0,0.5098627805709839,0,0.5112331509590149,False,4,0.25,0,"[0.601601, 0.398399]"
minesweeper,client,456,3982,4,MR,F,evaluation,0,0,0.49909505248069763,0,0.5014635920524597,False,4,0.75,1,"[0.603664, 0.396336]"
minesweeper,client,456,3983,4,MR,F,evaluation,0,0,0.49960625171661377,0,0.5014635920524597,False,4,0.5,1,"[0.665468, 0.334532]"
minesweeper,client,456,3985,4,MR,F,evaluation,1,0,0.5072458386421204,0,0.5112331509590149,False,4,0.0,0,"[0.663561, 0.336439]"
minesweeper,client,456,3988,4,MR,F,evaluation,0,0,0.49979686737060547,0,0.5014635920524597,False,4,0.5,1,"[0.688523, 0.311477]"
minesweeper,client,456,3992,4,MR,F,evaluation,0,0,0.49951088428497314,0,0.5014635920524597,False,4,0.75,1,"[0.653936, 0.346064]"
minesweeper,client,456,3993,4,MR,F,evaluation,0,0,0.49934205412864685,0,0.5014635920524597,False,4,0.75,1,"[0.633521, 0.366479]"
minesweeper,client,456,3995,4,MR,F,evaluation,1,0,0.5116865634918213,1,0.5112331509590149,False,4,0.25,0,"[0.557411, 0.442589]"
minesweeper,client,456,3996,4,MR,F,evaluation,0,0,0.4984979033470154,0,0.5014635920524597,False,3,0.3333333333333333,1,"[0.531487, 0.468513]"
minesweeper,client,456,4075,4,MR,F,evaluation,0,0,0.4997212886810303,0,0.5014635920524597,False,4,1.0,1,"[0.679374, 0.320626]"
minesweeper,client,456,4078,4,MR,F,evaluation,1,0,0.509685218334198,0,0.5112331509590149,False,4,0.5,0,"[0.605857, 0.394143]"
minesweeper,client,456,4081,4,MR,F,evaluation,0,0,0.49943211674690247,0,0.5014635920524597,False,4,0.5,1,"[0.644413, 0.355587]"
minesweeper,client,456,4083,4,MR,F,evaluation,0,0,0.4995068907737732,0,0.5014635920524597,False,4,1.0,1,"[0.653457, 0.346543]"
minesweeper,client,456,4088,4,MR,F,evaluation,1,0,0.5066211223602295,0,0.5112331509590149,False,4,0.0,0,"[0.678128, 0.321872]"
minesweeper,client,456,4089,4,MR,F,evaluation,0,0,0.4995805621147156,0,0.5014635920524597,False,4,1.0,1,"[0.662366, 0.337634]"
minesweeper,client,456,4090,4,MR,F,evaluation,0,0,0.499472439289093,0,0.5014635920524597,False,4,1.0,1,"[0.649292, 0.350708]"
minesweeper,client,456,4091,4,MR,F,evaluation,0,0,0.49941688776016235,0,0.5014635920524597,False,4,0.75,1,"[0.642573, 0.357427]"
minesweeper,client,456,4092,4,MR,F,evaluation,1,0,0.5071648955345154,0,0.5112331509590149,False,4,0.0,0,"[0.665452, 0.334548]"
minesweeper,client,456,4093,4,MR,F,evaluation,0,0,0.4995902180671692,0,0.5014635920524597,False,4,0.75,1,"[0.66353, 0.33647]"
minesweeper,client,456,4094,4,MR,F,evaluation,0,0,0.4992814064025879,0,0.5014635920524597,False,4,0.75,1,"[0.626192, 0.373808]"
minesweeper,client,456,4098,4,MR,F,evaluation,0,0,0.49977919459342957,0,0.5014635920524597,False,4,0.75,1,"[0.68638, 0.31362]"
minesweeper,client,456,4099,4,MR,F,evaluation,0,0,0.49949660897254944,0,0.5014635920524597,False,2,1.0,1,"[0.652212, 0.347788]"
minesweeper,client,456,4174,4,MR,F,evaluation,0,0,0.4998394548892975,0,0.5014635920524597,False,3,1.0,1,"[0.693665, 0.306335]"
minesweeper,client,456,4176,4,MR,F,evaluation,0,0,0.4997282326221466,0,0.5014635920524597,False,4,1.0,1,"[0.680219, 0.319781]"
minesweeper,client,456,4177,4,MR,F,evaluation,0,0,0.499440461397171,0,0.5014635920524597,False,4,0.5,1,"[0.645427, 0.354573]"
minesweeper,client,456,4178,4,MR,F,evaluation,1,0,0.5097996592521667,0,0.5112331509590149,False,4,0.75,0,"[0.603115, 0.396885]"
minesweeper,client,456,4179,4,MR,F,evaluation,1,0,0.5089750289916992,0,0.5112331509590149,False,4,0.5,0,"[0.6228, 0.3772]"
minesweeper,client,456,4180,4,MR,F,evaluation,0,0,0.499528706073761,0,0.5014635920524597,False,4,0.5,1,"[0.656095, 0.343905]"
minesweeper,client,456,4188,4,MR,F,evaluation,0,0,0.49982941150665283,0,0.5014635920524597,False,4,0.75,1,"[0.692457, 0.307543]"
minesweeper,client,456,4189,4,MR,F,evaluation,0,0,0.49950262904167175,0,0.5014635920524597,False,4,0.75,1,"[0.652936, 0.347063]"
minesweeper,client,456,4194,4,MR,F,evaluation,1,0,0.5088266134262085,0,0.5112331509590149,False,4,0.5,0,"[0.626325, 0.373675]"
minesweeper,client,456,4196,4,MR,F,evaluation,0,0,0.49907487630844116,0,0.5014635920524597,False,4,0.5,1,"[0.601222, 0.398778]"
minesweeper,client,456,4197,4,MR,F,evaluation,1,0,0.5101186633110046,0,0.5112331509590149,False,4,0.5,0,"[0.595454, 0.404546]"
minesweeper,client,456,4199,4,MR,F,evaluation,0,0,0.4987488090991974,0,0.5014635920524597,False,2,0.0,1,"[0.561816, 0.438184]"
minesweeper,client,456,4275,4,MR,F,evaluation,0,0,0.49976563453674316,0,0.5014635920524597,False,3,1.0,1,"[0.684739, 0.315261]"
minesweeper,client,456,4280,4,MR,F,evaluation,0,0,0.5000772476196289,0,0.5014635920524597,False,4,1.0,1,"[0.722427, 0.277573]"
minesweeper,client,456,4281,4,MR,F,evaluation,0,0,0.5001083016395569,0,0.5014635920524597,False,4,1.0,1,"[0.726185, 0.273815]"
minesweeper,client,456,4282,4,MR,F,evaluation,0,0,0.5001606941223145,0,0.5014635920524597,False,4,0.75,1,"[0.732516, 0.267484]"
minesweeper,client,456,4283,4,MR,F,evaluation,0,0,0.5003398656845093,0,0.5014635920524597,False,4,0.75,1,"[0.754193, 0.245807]"
minesweeper,client,456,4284,4,MR,F,evaluation,0,0,0.5005108714103699,0,0.5014635920524597,False,4,0.5,1,"[0.774877, 0.225123]"
minesweeper,client,456,4287,4,MR,F,evaluation,0,0,0.5002933144569397,0,0.5014635920524597,False,4,0.75,1,"[0.748562, 0.251438]"
minesweeper,client,456,4289,4,MR,F,evaluation,0,0,0.500213086605072,0,0.5014635920524597,False,4,0.75,1,"[0.738855, 0.261145]"
minesweeper,client,456,4291,4,MR,F,evaluation,0,0,0.4994833469390869,0,0.5014635920524597,False,4,0.5,1,"[0.650612, 0.349389]"
minesweeper,client,456,4292,4,MR,F,evaluation,1,0,0.5066189169883728,0,0.5112331509590149,False,4,0.5,0,"[0.67818, 0.32182]"
minesweeper,client,456,4295,4,MR,F,evaluation,0,0,0.49865540862083435,0,0.5014635920524597,False,4,1.0,1,"[0.550518, 0.449482]"
minesweeper,client,456,4297,4,MR,F,evaluation,1,0,0.5119901299476624,1,0.5112331509590149,False,4,0.75,0,"[0.549967, 0.450033]"
minesweeper,client,456,4298,4,MR,F,evaluation,1,0,0.5135679244995117,1,0.5112331509590149,False,4,0.75,0,"[0.51082, 0.48918]"
minesweeper,client,456,4299,4,MR,F,evaluation,1,0,0.513314425945282,1,0.5112331509590149,False,2,0.5,0,"[0.517163, 0.482837]"
minesweeper,client,456,4376,4,MR,F,evaluation,0,0,0.49994176626205444,0,0.5014635920524597,False,4,0.75,1,"[0.706039, 0.293961]"
minesweeper,client,456,4377,4,MR,F,evaluation,1,0,0.5073422193527222,0,0.5112331509590149,False,4,0.5,0,"[0.661307, 0.338694]"
minesweeper,client,456,4379,4,MR,F,evaluation,0,0,0.4996154010295868,0,0.5014635920524597,False,4,0.75,1,"[0.666576, 0.333424]"
minesweeper,client,456,4382,4,MR,F,evaluation,0,0,0.5007210969924927,0,0.5014635920524597,False,4,0.75,1,"[0.800315, 0.199685]"
minesweeper,client,456,4383,4,MR,F,evaluation,1,0,0.5021112561225891,0,0.5112331509590149,False,4,0.0,0,"[0.781187, 0.218813]"
minesweeper,client,456,4385,4,MR,F,evaluation,0,0,0.4999578893184662,0,0.5014635920524597,False,4,1.0,1,"[0.707989, 0.292011]"
minesweeper,client,456,4387,4,MR,F,evaluation,0,0,0.5000119805335999,0,0.5014635920524597,False,4,1.0,1,"[0.714532, 0.285468]"
minesweeper,client,456,4388,4,MR,F,evaluation,0,0,0.500320553779602,0,0.5014635920524597,False,4,0.75,1,"[0.751858, 0.248142]"
minesweeper,client,456,4389,4,MR,F,evaluation,1,0,0.5031024813652039,0,0.5112331509590149,False,4,0.0,0,"[0.75882, 0.24118]"
minesweeper,client,456,4390,4,MR,F,evaluation,0,0,0.4998356103897095,0,0.5014635920524597,False,4,1.0,1,"[0.693203, 0.306797]"
minesweeper,client,456,4392,4,MR,F,evaluation,1,0,0.5055966377258301,0,0.5112331509590149,False,4,0.0,0,"[0.70185, 0.29815]"
minesweeper,client,456,4396,4,MR,F,evaluation,0,0,0.498795747756958,0,0.5014635920524597,False,4,0.5,1,"[0.567478, 0.432521]"
minesweeper,client,456,4397,4,MR,F,evaluation,1,0,0.5099257230758667,0,0.5112331509590149,False,4,0.25,0,"[0.60009, 0.39991]"
minesweeper,client,456,4475,4,MR,F,evaluation,0,0,0.49985674023628235,0,0.5014635920524597,False,2,1.0,1,"[0.69576, 0.30424]"
minesweeper,client,456,4476,4,MR,F,evaluation,0,0,0.4998602271080017,0,0.5014635920524597,False,3,1.0,1,"[0.696177, 0.303823]"
minesweeper,client,456,4477,4,MR,F,evaluation,0,0,0.4997568428516388,0,0.5014635920524597,False,4,0.5,1,"[0.683676, 0.316324]"
minesweeper,client,456,4478,4,MR,F,evaluation,1,0,0.5080638527870178,0,0.5112331509590149,False,4,0.5,0,"[0.644361, 0.355639]"
minesweeper,client,456,4479,4,MR,F,evaluation,0,0,0.4993644654750824,0,0.5014635920524597,False,4,0.5,1,"[0.636231, 0.363769]"
minesweeper,client,456,4480,4,MR,F,evaluation,0,0,0.4999622702598572,0,0.5014635920524597,False,4,0.75,1,"[0.70852, 0.29148]"
minesweeper,client,456,4482,4,MR,F,evaluation,0,0,0.5005114674568176,0,0.5014635920524597,False,4,1.0,1,"[0.774948, 0.225052]"
minesweeper,client,456,4483,4,MR,F,evaluation,0,0,0.5000191926956177,0,0.5014635920524597,False,4,1.0,1,"[0.715406, 0.284594]"
minesweeper,client,456,4484,4,MR,F,evaluation,0,0,0.4993976354598999,0,0.5014635920524597,False,4,1.0,1,"[0.640245, 0.359755]"
minesweeper,client,456,4485,4,MR,F,evaluation,0,0,0.49946528673171997,0,0.5014635920524597,False,4,1.0,1,"[0.648419, 0.351581]"
minesweeper,client,456,4486,4,MR,F,evaluation,0,0,0.4996323585510254,0,0.5014635920524597,False,4,1.0,1,"[0.668623, 0.331377]"
minesweeper,client,456,4490,4,MR,F,evaluation,0,0,0.49977827072143555,0,0.5014635920524597,False,4,1.0,1,"[0.686266, 0.313734]"
minesweeper,client,456,4492,4,MR,F,evaluation,0,0,0.4997878670692444,0,0.5014635920524597,False,4,1.0,1,"[0.687425, 0.312575]"
minesweeper,client,456,4494,4,MR,F,evaluation,0,0,0.49876919388771057,0,0.5014635920524597,False,4,0.5,1,"[0.564271, 0.435729]"
minesweeper,client,456,4497,4,MR,F,evaluation,0,0,0.5000776052474976,0,0.5014635920524597,False,4,1.0,1,"[0.722471, 0.277529]"
minesweeper,client,456,4498,4,MR,F,evaluation,0,0,0.5005778670310974,0,0.5014635920524597,False,4,1.0,1,"[0.782984, 0.217016]"
minesweeper,client,456,4499,4,MR,F,evaluation,0,0,0.5005226731300354,0,0.5014635920524597,False,2,1.0,1,"[0.77631, 0.22369]"
minesweeper,client,456,4576,4,MR,F,evaluation,0,0,0.49936583638191223,0,0.5014635920524597,False,2,1.0,1,"[0.636401, 0.363599]"
minesweeper,client,456,4577,4,MR,F,evaluation,0,0,0.49915602803230286,0,0.5014635920524597,False,3,0.6666666666666666,1,"[0.611035, 0.388965]"
minesweeper,client,456,4578,4,MR,F,evaluation,1,0,0.5084753632545471,0,0.5112331509590149,False,4,0.25,0,"[0.634647, 0.365353]"
minesweeper,client,456,4579,4,MR,F,evaluation,1,0,0.5073236227035522,0,0.5112331509590149,False,4,0.0,0,"[0.661741, 0.338259]"
minesweeper,client,456,4580,4,MR,F,evaluation,0,0,0.49979186058044434,0,0.5014635920524597,False,4,1.0,1,"[0.687913, 0.312087]"
minesweeper,client,456,4587,4,MR,F,evaluation,0,0,0.49996912479400635,0,0.5014635920524597,False,4,0.75,1,"[0.709348, 0.290652]"
minesweeper,client,456,4588,4,MR,F,evaluation,0,0,0.49970799684524536,0,0.5014635920524597,False,4,1.0,1,"[0.677769, 0.322231]"
minesweeper,client,456,4590,4,MR,F,evaluation,0,0,0.4989638328552246,0,0.5014635920524597,False,4,0.75,1,"[0.587803, 0.412197]"
minesweeper,client,456,4591,4,MR,F,evaluation,0,0,0.4992333650588989,0,0.5014635920524597,False,4,0.75,1,"[0.62038, 0.37962]"
minesweeper,client,456,4599,4,MR,F,evaluation,0,0,0.5004372596740723,0,0.5014635920524597,False,2,1.0,1,"[0.765973, 0.234027]"
minesweeper,client,456,4677,4,MR,F,evaluation,0,0,0.49873003363609314,0,0.5014635920524597,False,3,1.0,1,"[0.559538, 0.440462]"
minesweeper,client,456,4683,4,MR,F,evaluation,0,0,0.49888715147972107,0,0.5014635920524597,False,4,0.75,1,"[0.578537, 0.421463]"
minesweeper,client,456,4685,4,MR,F,evaluation,1,0,0.5088285207748413,0,0.5112331509590149,False,4,0.25,0,"[0.62628, 0.37372]"
minesweeper,client,456,4689,4,MR,F,evaluation,0,0,0.49909868836402893,0,0.5014635920524597,False,4,0.5,1,"[0.604104, 0.395896]"
minesweeper,client,456,4694,4,MR,F,evaluation,1,0,0.5113763809204102,1,0.5112331509590149,False,4,0.25,0,"[0.564992, 0.435008]"
minesweeper,client,456,4695,4,MR,F,evaluation,1,0,0.5060991048812866,0,0.5112331509590149,False,4,0.0,0,"[0.690241, 0.309759]"
minesweeper,client,456,4699,4,MR,F,evaluation,0,0,0.5005911588668823,0,0.5014635920524597,False,2,1.0,1,"[0.784587, 0.215413]"
minesweeper,client,456,4778,4,MR,F,evaluation,0,0,0.4996497333049774,0,0.5014635920524597,False,4,0.25,1,"[0.670722, 0.329278]"
minesweeper,client,456,4780,4,MR,F,evaluation,0,0,0.49938374757766724,0,0.5014635920524597,False,4,0.5,1,"[0.638565, 0.361435]"
minesweeper,client,456,4781,4,MR,F,evaluation,0,0,0.49903056025505066,0,0.5014635920524597,False,4,0.25,1,"[0.595869, 0.404131]"
minesweeper,client,456,4784,4,MR,F,evaluation,0,0,0.49839484691619873,0,0.5014635920524597,False,4,0.75,1,"[0.519033, 0.480967]"
minesweeper,client,456,4787,4,MR,F,evaluation,0,0,0.4995732009410858,0,0.5014635920524597,False,4,0.75,1,"[0.661473, 0.338527]"
minesweeper,client,456,4793,4,MR,F,evaluation,0,0,0.49899861216545105,0,0.5014635920524597,False,4,0.5,1,"[0.592002, 0.407998]"
minesweeper,client,456,4794,4,MR,F,evaluation,0,0,0.49920618534088135,0,0.5014635920524597,False,4,0.75,1,"[0.617097, 0.382903]"
minesweeper,client,456,4795,4,MR,F,evaluation,0,0,0.5000635385513306,0,0.5014635920524597,False,4,0.75,1,"[0.720766, 0.279234]"
minesweeper,client,456,4796,4,MR,F,evaluation,0,0,0.500220000743866,0,0.5014635920524597,False,4,1.0,1,"[0.739691, 0.260309]"
minesweeper,client,456,4798,4,MR,F,evaluation,0,0,0.5003728270530701,0,0.5014635920524597,False,4,0.75,1,"[0.758178, 0.241822]"
minesweeper,client,456,4799,4,MR,F,evaluation,0,0,0.5001541376113892,0,0.5014635920524597,False,2,0.5,1,"[0.731726, 0.268274]"
minesweeper,client,456,4878,4,MR,F,evaluation,1,0,0.5066943168640137,0,0.5112331509590149,False,4,0.25,0,"[0.676426, 0.323574]"
minesweeper,client,456,4880,4,MR,F,evaluation,0,0,0.4995712637901306,0,0.5014635920524597,False,4,0.75,1,"[0.661242, 0.338758]"
minesweeper,client,456,4881,4,MR,F,evaluation,1,0,0.5085970163345337,0,0.5112331509590149,False,4,0.25,0,"[0.631768, 0.368232]"
minesweeper,client,456,4883,4,MR,F,evaluation,0,0,0.4989919662475586,0,0.5014635920524597,False,4,0.5,1,"[0.591197, 0.408803]"
minesweeper,client,456,4888,4,MR,F,evaluation,0,0,0.4994930624961853,0,0.5014635920524597,False,4,0.75,1,"[0.651776, 0.348224]"
minesweeper,client,456,4891,4,MR,F,evaluation,0,0,0.49950721859931946,0,0.5014635920524597,False,4,0.75,1,"[0.653496, 0.346504]"
minesweeper,client,456,4892,4,MR,F,evaluation,1,0,0.5085821747779846,0,0.5112331509590149,False,4,0.0,0,"[0.632119, 0.367881]"
minesweeper,client,456,4894,4,MR,F,evaluation,1,0,0.5076645016670227,0,0.5112331509590149,False,4,0.0,0,"[0.653752, 0.346248]"
minesweeper,client,456,4895,4,MR,F,evaluation,0,0,0.500068724155426,0,0.5014635920524597,False,4,1.0,1,"[0.721399, 0.278601]"
minesweeper,client,456,4897,4,MR,F,evaluation,0,0,0.5000107288360596,0,0.5014635920524597,False,4,1.0,1,"[0.714382, 0.285618]"
minesweeper,client,456,4899,4,MR,F,evaluation,1,0,0.5068590044975281,0,0.5112331509590149,False,2,0.5,0,"[0.672591, 0.327409]"
minesweeper,client,456,4976,4,MR,F,evaluation,0,0,0.4992835819721222,0,0.5014635920524597,False,4,0.5,1,"[0.626457, 0.373543]"
minesweeper,client,456,4977,4,MR,F,evaluation,0,0,0.499409943819046,0,0.5014635920524597,False,4,0.5,1,"[0.64173, 0.35827]"
minesweeper,client,456,4978,4,MR,F,evaluation,0,0,0.4992578327655792,0,0.5014635920524597,False,4,0.5,1,"[0.623347, 0.376653]"
minesweeper,client,456,4981,4,MR,F,evaluation,0,0,0.49965977668762207,0,0.5014635920524597,False,4,0.5,1,"[0.671941, 0.328059]"
minesweeper,client,456,4984,4,MR,F,evaluation,1,0,0.5085400342941284,0,0.5112331509590149,False,4,0.25,0,"[0.633116, 0.366884]"
minesweeper,client,456,4988,4,MR,F,evaluation,0,0,0.49935823678970337,0,0.5014635920524597,False,4,1.0,1,"[0.63548, 0.36452]"
minesweeper,client,456,4989,4,MR,F,evaluation,0,0,0.49929434061050415,0,0.5014635920524597,False,4,1.0,1,"[0.627755, 0.372245]"
minesweeper,client,456,4991,4,MR,F,evaluation,0,0,0.49918892979621887,0,0.5014635920524597,False,4,0.75,1,"[0.615013, 0.384987]"
minesweeper,client,456,4992,4,MR,F,evaluation,0,0,0.4992713928222656,0,0.5014635920524597,False,4,0.75,1,"[0.624976, 0.375024]"
minesweeper,client,456,4994,4,MR,F,evaluation,0,0,0.499752938747406,0,0.5014635920524597,False,4,1.0,1,"[0.683202, 0.316798]"
minesweeper,client,456,4995,4,MR,F,evaluation,0,0,0.4998467266559601,0,0.5014635920524597,False,4,1.0,1,"[0.694549, 0.305451]"
minesweeper,client,456,4999,4,MR,F,evaluation,1,0,0.5066949129104614,0,0.5112331509590149,False,2,0.0,0,"[0.676412, 0.323588]"
minesweeper,client,456,5076,4,MR,F,evaluation,1,0,0.5088400840759277,0,0.5112331509590149,False,4,0.25,0,"[0.626006, 0.373994]"
minesweeper,client,456,5079,4,MR,F,evaluation,1,0,0.5093197226524353,0,0.5112331509590149,False,4,0.5,0,"[0.614592, 0.385408]"
minesweeper,client,456,5081,4,MR,F,evaluation,0,0,0.4997423589229584,0,0.5014635920524597,False,4,0.25,1,"[0.681928, 0.318072]"
minesweeper,client,456,5085,4,MR,F,evaluation,0,0,0.498737633228302,0,0.5014635920524597,False,4,0.75,1,"[0.560457, 0.439543]"
minesweeper,client,456,5086,4,MR,F,evaluation,0,0,0.4989391267299652,0,0.5014635920524597,False,4,1.0,1,"[0.584816, 0.415184]"
minesweeper,client,456,5089,4,MR,F,evaluation,0,0,0.49877244234085083,0,0.5014635920524597,False,4,0.75,1,"[0.564666, 0.435334]"
minesweeper,client,456,5091,4,MR,F,evaluation,0,0,0.4990716576576233,0,0.5014635920524597,False,4,0.25,1,"[0.600834, 0.399166]"
minesweeper,client,456,5092,4,MR,F,evaluation,1,0,0.5079702734947205,0,0.5112331509590149,False,4,0.5,0,"[0.646565, 0.353435]"
minesweeper,client,456,5093,4,MR,F,evaluation,0,0,0.49955636262893677,0,0.5014635920524597,False,4,0.75,1,"[0.659431, 0.340569]"
minesweeper,client,456,5096,4,MR,F,evaluation,0,0,0.4995391070842743,0,0.5014635920524597,False,4,0.75,1,"[0.657349, 0.342651]"
minesweeper,client,456,5097,4,MR,F,evaluation,0,0,0.4999401569366455,0,0.5014635920524597,False,4,1.0,1,"[0.705845, 0.294155]"
minesweeper,client,456,5098,4,MR,F,evaluation,0,0,0.5000287890434265,0,0.5014635920524597,False,4,1.0,1,"[0.716564, 0.283436]"
minesweeper,client,456,5175,4,MR,F,evaluation,0,0,0.4990536570549011,0,0.5014635920524597,False,2,0.5,1,"[0.598659, 0.401341]"
minesweeper,client,456,5176,4,MR,F,evaluation,1,0,0.5094659924507141,0,0.5112331509590149,False,3,0.0,0,"[0.611101, 0.388899]"
minesweeper,client,456,5177,4,MR,F,evaluation,0,0,0.4994752109050751,0,0.5014635920524597,False,4,1.0,1,"[0.649621, 0.350379]"
minesweeper,client,456,5178,4,MR,F,evaluation,0,0,0.49991574883461,0,0.5014635920524597,False,4,1.0,1,"[0.702892, 0.297108]"
minesweeper,client,456,5179,4,MR,F,evaluation,0,0,0.49996712803840637,0,0.5014635920524597,False,4,0.75,1,"[0.709106, 0.290894]"
minesweeper,client,456,5185,4,MR,F,evaluation,0,0,0.49913620948791504,0,0.5014635920524597,False,4,0.75,1,"[0.608639, 0.391361]"
minesweeper,client,456,5186,4,MR,F,evaluation,0,0,0.49877026677131653,0,0.5014635920524597,False,4,0.5,1,"[0.564395, 0.435604]"
minesweeper,client,456,5187,4,MR,F,evaluation,0,0,0.4984799325466156,0,0.5014635920524597,False,4,0.75,1,"[0.529312, 0.470688]"
minesweeper,client,456,5188,4,MR,F,evaluation,0,0,0.4986978769302368,0,0.5014635920524597,False,4,0.5,1,"[0.555653, 0.444347]"
minesweeper,client,456,5189,4,MR,F,evaluation,1,0,0.5091713070869446,0,0.5112331509590149,False,4,0.0,0,"[0.618129, 0.381871]"
minesweeper,client,456,5190,4,MR,F,evaluation,0,0,0.49934789538383484,0,0.5014635920524597,False,4,0.75,1,"[0.634228, 0.365772]"
minesweeper,client,456,5191,4,MR,F,evaluation,1,0,0.5106306076049805,0,0.5112331509590149,False,4,0.25,0,"[0.583107, 0.416893]"
minesweeper,client,456,5192,4,MR,F,evaluation,1,0,0.5108779072761536,0,0.5112331509590149,False,4,0.0,0,"[0.577117, 0.422883]"
minesweeper,client,456,5195,4,MR,F,evaluation,1,0,0.5103830099105835,0,0.5112331509590149,False,4,0.5,0,"[0.589087, 0.410913]"
minesweeper,client,456,5196,4,MR,F,evaluation,0,0,0.4995160698890686,0,0.5014635920524597,False,4,0.5,1,"[0.654562, 0.345438]"
minesweeper,client,456,5197,4,MR,F,evaluation,0,0,0.5000323057174683,0,0.5014635920524597,False,4,0.75,1,"[0.716988, 0.283012]"
minesweeper,client,456,5198,4,MR,F,evaluation,0,0,0.5005618929862976,0,0.5014635920524597,False,4,1.0,1,"[0.781047, 0.218953]"
minesweeper,client,456,5278,4,MR,F,evaluation,0,0,0.5007701516151428,0,0.5014635920524597,False,4,1.0,1,"[0.806246, 0.193754]"
minesweeper,client,456,5280,4,MR,F,evaluation,0,0,0.49967169761657715,0,0.5014635920524597,False,4,0.75,1,"[0.67338, 0.32662]"
minesweeper,client,456,5282,4,MR,F,evaluation,1,0,0.507997453212738,0,0.5112331509590149,False,4,0.0,0,"[0.645926, 0.354074]"
minesweeper,client,456,5283,4,MR,F,evaluation,0,0,0.4998875558376312,0,0.5014635920524597,False,4,1.0,1,"[0.699486, 0.300514]"
minesweeper,client,456,5285,4,MR,F,evaluation,1,0,0.5099091529846191,0,0.5112331509590149,False,4,0.25,0,"[0.600489, 0.399511]"
minesweeper,client,456,5286,4,MR,F,evaluation,0,0,0.49886876344680786,0,0.5014635920524597,False,4,0.25,1,"[0.576303, 0.423697]"
minesweeper,client,456,5287,4,MR,F,evaluation,1,0,0.5086135268211365,0,0.5112331509590149,False,4,0.5,0,"[0.631376, 0.368624]"
minesweeper,client,456,5293,4,MR,F,evaluation,0,0,0.49901220202445984,0,0.5014635920524597,False,4,0.75,1,"[0.59365, 0.40635]"
minesweeper,client,456,5294,4,MR,F,evaluation,0,0,0.499076783657074,0,0.5014635920524597,False,4,0.5,1,"[0.601451, 0.398549]"
minesweeper,client,456,5295,4,MR,F,evaluation,1,0,0.5077347755432129,0,0.5112331509590149,False,4,0.25,0,"[0.652103, 0.347897]"
minesweeper,client,456,5296,4,MR,F,evaluation,1,0,0.506528913974762,0,0.5112331509590149,False,4,0.0,0,"[0.680271, 0.319729]"
minesweeper,client,456,5297,4,MR,F,evaluation,0,0,0.5002474188804626,0,0.5014635920524597,False,4,1.0,1,"[0.743006, 0.256994]"
minesweeper,client,456,5377,4,MR,F,evaluation,0,0,0.5011152029037476,0,0.5014635920524597,False,4,1.0,1,"[0.848002, 0.151998]"
minesweeper,client,456,5378,4,MR,F,evaluation,0,0,0.5007964968681335,0,0.5014635920524597,False,4,1.0,1,"[0.809439, 0.190561]"
minesweeper,client,456,5380,4,MR,F,evaluation,0,0,0.49974608421325684,0,0.5014635920524597,False,4,1.0,1,"[0.682381, 0.317619]"
minesweeper,client,456,5382,4,MR,F,evaluation,0,0,0.49998024106025696,0,0.5014635920524597,False,4,0.75,1,"[0.710692, 0.289308]"
minesweeper,client,456,5383,4,MR,F,evaluation,0,0,0.5000025033950806,0,0.5014635920524597,False,4,0.75,1,"[0.713382, 0.286618]"
minesweeper,client,456,5384,4,MR,F,evaluation,0,0,0.4996364712715149,0,0.5014635920524597,False,4,1.0,1,"[0.669123, 0.330877]"
minesweeper,client,456,5385,4,MR,F,evaluation,0,0,0.4994138777256012,0,0.5014635920524597,False,4,0.75,1,"[0.642202, 0.357798]"
minesweeper,client,456,5386,4,MR,F,evaluation,1,0,0.5063425302505493,0,0.5112331509590149,False,4,0.25,0,"[0.684599, 0.315401]"
minesweeper,client,456,5387,4,MR,F,evaluation,1,0,0.5062530040740967,0,0.5112331509590149,False,4,0.0,0,"[0.686676, 0.313324]"
minesweeper,client,456,5390,4,MR,F,evaluation,0,0,0.5002192854881287,0,0.5014635920524597,False,4,1.0,1,"[0.739601, 0.260399]"
minesweeper,client,456,5392,4,MR,F,evaluation,0,0,0.5003713965415955,0,0.5014635920524597,False,4,0.75,1,"[0.758004, 0.241996]"
minesweeper,client,456,5394,4,MR,F,evaluation,0,0,0.5003139972686768,0,0.5014635920524597,False,4,1.0,1,"[0.751064, 0.248936]"
minesweeper,client,456,5395,4,MR,F,evaluation,0,0,0.500722348690033,0,0.5014635920524597,False,4,0.75,1,"[0.800464, 0.199536]"
minesweeper,client,456,5399,4,MR,F,evaluation,0,0,0.5006908178329468,0,0.5014635920524597,False,2,1.0,1,"[0.79665, 0.20335]"
minesweeper,client,456,5476,4,MR,F,evaluation,0,0,0.5008495450019836,0,0.5014635920524597,False,3,1.0,1,"[0.815856, 0.184144]"
minesweeper,client,456,5479,4,MR,F,evaluation,0,0,0.5001307725906372,0,0.5014635920524597,False,4,1.0,1,"[0.7289, 0.2711]"
minesweeper,client,456,5480,4,MR,F,evaluation,0,0,0.5000804662704468,0,0.5014635920524597,False,4,1.0,1,"[0.722813, 0.277187]"
minesweeper,client,456,5481,4,MR,F,evaluation,0,0,0.500155508518219,0,0.5014635920524597,False,4,0.75,1,"[0.731888, 0.268112]"
minesweeper,client,456,5485,4,MR,F,evaluation,0,0,0.5006639361381531,0,0.5014635920524597,False,4,1.0,1,"[0.793394, 0.206606]"
minesweeper,client,456,5488,4,MR,F,evaluation,0,0,0.5004924535751343,0,0.5014635920524597,False,4,1.0,1,"[0.772653, 0.227347]"
minesweeper,client,456,5489,4,MR,F,evaluation,0,0,0.5004981160163879,0,0.5014635920524597,False,3,1.0,1,"[0.773334, 0.226666]"
minesweeper,client,456,5495,4,MR,F,evaluation,0,0,0.5007762312889099,0,0.5014635920524597,False,1,0.0,1,"[0.806985, 0.193015]"
minesweeper,client,456,5497,4,MR,F,evaluation,0,0,0.5003421902656555,0,0.5014635920524597,False,2,1.0,1,"[0.75447, 0.24553]"
minesweeper,client,456,5579,4,MR,F,evaluation,0,0,0.49956798553466797,0,0.5014635920524597,False,4,0.75,1,"[0.660844, 0.339156]"
minesweeper,client,456,5580,4,MR,F,evaluation,0,0,0.49997320771217346,0,0.5014635920524597,False,4,1.0,1,"[0.709841, 0.290159]"
minesweeper,client,456,5582,4,MR,F,evaluation,0,0,0.5009264945983887,0,0.5014635920524597,False,4,0.75,1,"[0.825167, 0.174833]"
minesweeper,client,456,5584,4,MR,F,evaluation,0,0,0.5013253092765808,0,0.5014635920524597,False,4,0.75,1,"[0.873438, 0.126562]"
minesweeper,client,456,5585,4,MR,F,evaluation,0,0,0.5012314319610596,0,0.5014635920524597,False,4,0.75,1,"[0.862071, 0.137929]"
minesweeper,client,456,5586,4,MR,F,evaluation,0,0,0.5008873343467712,0,0.5014635920524597,False,4,1.0,1,"[0.820431, 0.179569]"
minesweeper,client,456,5587,4,MR,F,evaluation,0,0,0.5015722513198853,1,0.5014635920524597,False,4,0.75,1,"[0.903327, 0.096672]"
minesweeper,client,456,5589,4,MR,F,evaluation,0,0,0.5018468499183655,1,0.5014635920524597,False,1,0.0,1,"[0.936579, 0.063421]"
minesweeper,client,456,5598,4,MR,F,evaluation,0,0,0.500421404838562,0,0.5014635920524597,False,1,1.0,1,"[0.764056, 0.235944]"
minesweeper,client,456,5599,4,MR,F,evaluation,0,0,0.5000982880592346,0,0.5014635920524597,False,0,,1,"[0.724971, 0.275029]"
minesweeper,client,456,5676,4,MR,F,evaluation,0,0,0.4990465044975281,0,0.5014635920524597,False,3,0.3333333333333333,1,"[0.597797, 0.402203]"
minesweeper,client,456,5678,4,MR,F,evaluation,1,0,0.5049570798873901,0,0.5112331509590149,False,4,0.25,0,"[0.716559, 0.283441]"
minesweeper,client,456,5680,4,MR,F,evaluation,0,0,0.5004545450210571,0,0.5014635920524597,False,3,1.0,1,"[0.768064, 0.231936]"
minesweeper,client,456,5681,4,MR,F,evaluation,0,0,0.5006853342056274,0,0.5014635920524597,False,2,0.5,1,"[0.795986, 0.204014]"
minesweeper,client,456,5682,4,MR,F,evaluation,1,0,0.5033765435218811,0,0.5112331509590149,False,1,0.0,0,"[0.752609, 0.247391]"
minesweeper,client,456,5683,4,MR,F,evaluation,0,0,0.5006526708602905,0,0.5014635920524597,False,1,0.0,1,"[0.792037, 0.207963]"
minesweeper,client,456,5684,4,MR,F,evaluation,1,0,0.5013954639434814,0,0.5112331509590149,False,1,0.0,0,"[0.797254, 0.202746]"
minesweeper,client,456,5686,4,MR,F,evaluation,0,0,0.5006493330001831,0,0.5014635920524597,False,2,1.0,1,"[0.791632, 0.208367]"
minesweeper,client,456,5688,4,MR,F,evaluation,1,0,0.495285302400589,0,0.5112331509590149,False,0,,0,"[0.932137, 0.067863]"
minesweeper,client,456,5776,4,MR,F,evaluation,1,0,0.5064499378204346,0,0.5112331509590149,False,2,0.5,0,"[0.682106, 0.317894]"
minesweeper,client,456,5778,4,MR,F,evaluation,0,0,0.5009840726852417,0,0.5014635920524597,False,4,0.75,1,"[0.832139, 0.167861]"
minesweeper,client,456,5780,4,MR,F,evaluation,0,0,0.5006396174430847,0,0.5014635920524597,False,1,1.0,1,"[0.790452, 0.209548]"
minesweeper,client,456,5878,4,MR,F,evaluation,1,0,0.501698911190033,0,0.5112331509590149,False,1,0.0,0,"[0.790452, 0.209548]"
minesweeper,client,456,6831,4,MR,F,evaluation,0,0,0.49967873096466064,0,0.5014635920524597,False,3,1.0,1,"[0.674232, 0.325769]"
minesweeper,client,456,6929,4,MR,F,evaluation,1,0,0.5076713562011719,0,0.5112331509590149,False,4,0.0,0,"[0.653591, 0.346409]"
minesweeper,client,456,6930,4,MR,F,evaluation,0,0,0.49983641505241394,0,0.5014635920524597,False,4,1.0,1,"[0.693302, 0.306698]"
minesweeper,client,456,7027,4,MR,F,evaluation,0,0,0.5007143020629883,0,0.5014635920524597,False,4,1.0,1,"[0.799494, 0.200506]"
minesweeper,client,456,7030,4,MR,F,evaluation,0,0,0.49989864230155945,0,0.5014635920524597,False,4,0.75,1,"[0.700823, 0.299177]"
minesweeper,client,456,7036,4,MR,F,evaluation,0,0,0.5003167390823364,0,0.5014635920524597,False,4,1.0,1,"[0.751398, 0.248602]"
minesweeper,client,456,7037,4,MR,F,evaluation,0,0,0.5002341866493225,0,0.5014635920524597,False,4,1.0,1,"[0.741405, 0.258594]"
minesweeper,client,456,7119,4,MR,F,evaluation,0,0,0.49942338466644287,0,0.5014635920524597,False,4,0.75,1,"[0.643361, 0.356639]"
minesweeper,client,456,7120,4,MR,F,evaluation,0,0,0.4993605315685272,0,0.5014635920524597,False,4,0.25,1,"[0.635759, 0.364241]"
minesweeper,client,456,7121,4,MR,F,evaluation,1,0,0.5082240104675293,0,0.5112331509590149,False,4,0.25,0,"[0.640586, 0.359414]"
minesweeper,client,456,7124,4,MR,F,evaluation,0,0,0.49983450770378113,0,0.5014635920524597,False,4,1.0,1,"[0.693071, 0.306929]"
minesweeper,client,456,7126,4,MR,F,evaluation,0,0,0.5000792145729065,0,0.5014635920524597,False,4,1.0,1,"[0.722666, 0.277334]"
minesweeper,client,456,7127,4,MR,F,evaluation,0,0,0.49967584013938904,0,0.5014635920524597,False,4,1.0,1,"[0.673876, 0.326124]"
minesweeper,client,456,7130,4,MR,F,evaluation,1,0,0.5057093501091003,0,0.5112331509590149,False,4,0.25,0,"[0.699249, 0.300751]"
minesweeper,client,456,7132,4,MR,F,evaluation,0,0,0.499848335981369,0,0.5014635920524597,False,4,1.0,1,"[0.694739, 0.305261]"
minesweeper,client,456,7134,4,MR,F,evaluation,0,0,0.5003243088722229,0,0.5014635920524597,False,4,1.0,1,"[0.752309, 0.247691]"
minesweeper,client,456,7135,4,MR,F,evaluation,0,0,0.5004404187202454,0,0.5014635920524597,False,4,1.0,1,"[0.76635, 0.23365]"
minesweeper,client,456,7137,4,MR,F,evaluation,0,0,0.5000280141830444,0,0.5014635920524597,False,4,1.0,1,"[0.716469, 0.283531]"
minesweeper,client,456,7138,4,MR,F,evaluation,0,0,0.5000314712524414,0,0.5014635920524597,False,4,0.75,1,"[0.716887, 0.283113]"
minesweeper,client,456,7140,4,MR,F,evaluation,0,0,0.500182569026947,0,0.5014635920524597,False,2,1.0,1,"[0.735164, 0.264836]"
minesweeper,client,456,7218,4,MR,F,evaluation,0,0,0.4991561770439148,0,0.5014635920524597,False,4,0.25,1,"[0.611052, 0.388948]"
minesweeper,client,456,7219,4,MR,F,evaluation,1,0,0.5082383155822754,0,0.5112331509590149,False,4,0.5,0,"[0.640247, 0.359753]"
minesweeper,client,456,7222,4,MR,F,evaluation,0,0,0.49996253848075867,0,0.5014635920524597,False,4,1.0,1,"[0.708554, 0.291446]"
minesweeper,client,456,7224,4,MR,F,evaluation,0,0,0.49978166818618774,0,0.5014635920524597,False,4,1.0,1,"[0.686679, 0.313321]"
minesweeper,client,456,7225,4,MR,F,evaluation,0,0,0.4993996024131775,0,0.5014635920524597,False,4,1.0,1,"[0.640477, 0.359523]"
minesweeper,client,456,7227,4,MR,F,evaluation,0,0,0.49910303950309753,0,0.5014635920524597,False,4,0.5,1,"[0.604627, 0.395373]"
minesweeper,client,456,7228,4,MR,F,evaluation,0,0,0.4994429647922516,0,0.5014635920524597,False,4,0.25,1,"[0.645731, 0.354269]"
minesweeper,client,456,7229,4,MR,F,evaluation,1,0,0.5067156553268433,0,0.5112331509590149,False,4,0.25,0,"[0.675929, 0.324071]"
minesweeper,client,456,7232,4,MR,F,evaluation,0,0,0.5002042055130005,0,0.5014635920524597,False,4,0.75,1,"[0.737782, 0.262218]"
minesweeper,client,456,7233,4,MR,F,evaluation,0,0,0.5003964304924011,0,0.5014635920524597,False,4,0.5,1,"[0.761034, 0.238966]"
minesweeper,client,456,7234,4,MR,F,evaluation,0,0,0.5003662109375,0,0.5014635920524597,False,4,0.75,1,"[0.757382, 0.242618]"
minesweeper,client,456,7237,4,MR,F,evaluation,0,0,0.5002481341362,0,0.5014635920524597,False,4,1.0,1,"[0.743096, 0.256904]"
minesweeper,client,456,7238,4,MR,F,evaluation,0,0,0.5001373291015625,0,0.5014635920524597,False,4,1.0,1,"[0.729694, 0.270306]"
minesweeper,client,456,7318,4,MR,F,evaluation,1,0,0.5108075737953186,0,0.5112331509590149,False,4,0.25,0,"[0.578822, 0.421178]"
minesweeper,client,456,7320,4,MR,F,evaluation,0,0,0.49941912293434143,0,0.5014635920524597,False,4,0.5,1,"[0.642842, 0.357158]"
minesweeper,client,456,7321,4,MR,F,evaluation,0,0,0.5000373125076294,0,0.5014635920524597,False,4,0.5,1,"[0.717597, 0.282403]"
minesweeper,client,456,7323,4,MR,F,evaluation,0,0,0.49986720085144043,0,0.5014635920524597,False,4,1.0,1,"[0.69702, 0.30298]"
minesweeper,client,456,7325,4,MR,F,evaluation,0,0,0.49906104803085327,0,0.5014635920524597,False,4,0.75,1,"[0.599549, 0.400451]"
minesweeper,client,456,7329,4,MR,F,evaluation,0,0,0.49985790252685547,0,0.5014635920524597,False,4,1.0,1,"[0.695899, 0.304101]"
minesweeper,client,456,7330,4,MR,F,evaluation,0,0,0.49977388978004456,0,0.5014635920524597,False,4,1.0,1,"[0.685741, 0.314258]"
minesweeper,client,456,7331,4,MR,F,evaluation,0,0,0.49996766448020935,0,0.5014635920524597,False,4,0.5,1,"[0.709174, 0.290826]"
minesweeper,client,456,7336,4,MR,F,evaluation,0,0,0.5002429485321045,0,0.5014635920524597,False,4,0.75,1,"[0.742467, 0.257533]"
minesweeper,client,456,7337,4,MR,F,evaluation,0,0,0.5000483989715576,0,0.5014635920524597,False,4,0.75,1,"[0.718938, 0.281062]"
minesweeper,client,456,7417,4,MR,F,evaluation,0,0,0.4986031651496887,0,0.5014635920524597,False,3,0.6666666666666666,1,"[0.544205, 0.455795]"
minesweeper,client,456,7419,4,MR,F,evaluation,0,0,0.49853619933128357,0,0.5014635920524597,False,4,0.5,1,"[0.53611, 0.46389]"
minesweeper,client,456,7424,4,MR,F,evaluation,0,0,0.4992663264274597,0,0.5014635920524597,False,4,0.75,1,"[0.624368, 0.375632]"
minesweeper,client,456,7427,4,MR,F,evaluation,0,0,0.5005972981452942,0,0.5014635920524597,False,4,1.0,1,"[0.785334, 0.214666]"
minesweeper,client,456,7428,4,MR,F,evaluation,0,0,0.500859260559082,0,0.5014635920524597,False,4,1.0,1,"[0.817029, 0.182971]"
minesweeper,client,456,7430,4,MR,F,evaluation,0,0,0.49966728687286377,0,0.5014635920524597,False,4,0.75,1,"[0.672848, 0.327152]"
minesweeper,client,456,7431,4,MR,F,evaluation,0,0,0.49918073415756226,0,0.5014635920524597,False,4,0.5,1,"[0.614021, 0.385979]"
minesweeper,client,456,7432,4,MR,F,evaluation,1,0,0.5109286308288574,0,0.5112331509590149,False,4,0.0,0,"[0.575886, 0.424114]"
minesweeper,client,456,7435,4,MR,F,evaluation,1,0,0.5059734582901001,0,0.5112331509590149,False,4,0.0,0,"[0.693148, 0.306852]"
minesweeper,client,456,7440,4,MR,F,evaluation,0,0,0.5009878873825073,0,0.5014635920524597,False,2,1.0,1,"[0.832596, 0.167404]"
minesweeper,client,456,7517,4,MR,F,evaluation,0,0,0.4986209273338318,0,0.5014635920524597,False,2,0.0,1,"[0.54635, 0.45365]"
minesweeper,client,456,7519,4,MR,F,evaluation,0,0,0.49916619062423706,0,0.5014635920524597,False,4,0.75,1,"[0.612266, 0.387734]"
minesweeper,client,456,7520,4,MR,F,evaluation,0,0,0.4996565878391266,0,0.5014635920524597,False,4,1.0,1,"[0.671556, 0.328444]"
minesweeper,client,456,7521,4,MR,F,evaluation,0,0,0.5001364350318909,0,0.5014635920524597,False,4,1.0,1,"[0.729586, 0.270414]"
minesweeper,client,456,7522,4,MR,F,evaluation,0,0,0.5001460909843445,0,0.5014635920524597,False,4,0.75,1,"[0.730749, 0.269251]"
minesweeper,client,456,7523,4,MR,F,evaluation,0,0,0.4996180832386017,0,0.5014635920524597,False,4,0.75,1,"[0.666898, 0.333102]"
minesweeper,client,456,7524,4,MR,F,evaluation,0,0,0.4991782605648041,0,0.5014635920524597,False,4,0.5,1,"[0.613716, 0.386284]"
minesweeper,client,456,7525,4,MR,F,evaluation,0,0,0.4987713694572449,0,0.5014635920524597,False,4,0.75,1,"[0.564535, 0.435465]"
minesweeper,client,456,7526,4,MR,F,evaluation,0,0,0.4991413950920105,0,0.5014635920524597,False,4,0.5,1,"[0.609265, 0.390735]"
minesweeper,client,456,7528,4,MR,F,evaluation,0,0,0.5003581047058105,0,0.5014635920524597,False,4,0.75,1,"[0.756398, 0.243602]"
minesweeper,client,456,7532,4,MR,F,evaluation,0,0,0.4992164075374603,0,0.5014635920524597,False,4,0.75,1,"[0.61833, 0.38167]"
minesweeper,client,456,7534,4,MR,F,evaluation,0,0,0.49978938698768616,0,0.5014635920524597,False,4,0.75,1,"[0.687615, 0.312385]"
minesweeper,client,456,7535,4,MR,F,evaluation,0,0,0.49978938698768616,0,0.5014635920524597,False,4,0.75,1,"[0.687615, 0.312385]"
minesweeper,client,456,7538,4,MR,F,evaluation,0,0,0.5003562569618225,0,0.5014635920524597,False,4,1.0,1,"[0.756172, 0.243828]"
minesweeper,client,456,7539,4,MR,F,evaluation,0,0,0.5010895729064941,0,0.5014635920524597,False,4,1.0,1,"[0.844901, 0.155099]"
minesweeper,client,456,7540,4,MR,F,evaluation,0,0,0.5008231401443481,0,0.5014635920524597,False,2,1.0,1,"[0.81266, 0.18734]"
minesweeper,client,456,7619,4,MR,F,evaluation,0,0,0.49952518939971924,0,0.5014635920524597,False,3,1.0,1,"[0.655665, 0.344335]"
minesweeper,client,456,7623,4,MR,F,evaluation,1,0,0.5095096826553345,0,0.5112331509590149,False,4,0.0,0,"[0.610057, 0.389943]"
minesweeper,client,456,7624,4,MR,F,evaluation,0,0,0.4986356794834137,0,0.5014635920524597,False,4,0.75,1,"[0.548134, 0.451866]"
minesweeper,client,456,7626,4,MR,F,evaluation,0,0,0.4992768466472626,0,0.5014635920524597,False,4,0.75,1,"[0.625639, 0.374361]"
minesweeper,client,456,7630,4,MR,F,evaluation,0,0,0.4995228946208954,0,0.5014635920524597,False,4,0.75,1,"[0.655388, 0.344612]"
minesweeper,client,456,7631,4,MR,F,evaluation,0,0,0.4992614984512329,0,0.5014635920524597,False,4,0.5,1,"[0.623784, 0.376216]"
minesweeper,client,456,7632,4,MR,F,evaluation,1,0,0.5088602900505066,0,0.5112331509590149,False,4,0.25,0,"[0.625525, 0.374475]"
minesweeper,client,456,7635,4,MR,F,evaluation,1,0,0.5058889389038086,0,0.5112331509590149,False,4,0.0,0,"[0.695102, 0.304898]"
minesweeper,client,456,7636,4,MR,F,evaluation,0,0,0.49966132640838623,0,0.5014635920524597,False,4,1.0,1,"[0.672124, 0.327876]"
minesweeper,client,456,7639,4,MR,F,evaluation,0,0,0.500527024269104,0,0.5014635920524597,False,2,1.0,1,"[0.776831, 0.223169]"
minesweeper,client,456,7719,4,MR,F,evaluation,0,0,0.4992188811302185,0,0.5014635920524597,False,3,1.0,1,"[0.618633, 0.381367]"
minesweeper,client,456,7721,4,MR,F,evaluation,0,0,0.49938759207725525,0,0.5014635920524597,False,4,0.75,1,"[0.639027, 0.360973]"
minesweeper,client,456,7722,4,MR,F,evaluation,0,0,0.4993363618850708,0,0.5014635920524597,False,4,0.75,1,"[0.632831, 0.367169]"
minesweeper,client,456,7723,4,MR,F,evaluation,0,0,0.4993734061717987,0,0.5014635920524597,False,4,0.75,1,"[0.637316, 0.362684]"
minesweeper,client,456,7725,4,MR,F,evaluation,0,0,0.5004222989082336,0,0.5014635920524597,False,4,0.75,1,"[0.764168, 0.235832]"
minesweeper,client,456,7726,4,MR,F,evaluation,0,0,0.5006304383277893,0,0.5014635920524597,False,4,0.75,1,"[0.789342, 0.210658]"
minesweeper,client,456,7730,4,MR,F,evaluation,0,0,0.49950581789016724,0,0.5014635920524597,False,4,0.75,1,"[0.653328, 0.346672]"
minesweeper,client,456,7732,4,MR,F,evaluation,0,0,0.4997166693210602,0,0.5014635920524597,False,4,1.0,1,"[0.678821, 0.321179]"
minesweeper,client,456,7734,4,MR,F,evaluation,0,0,0.5002468824386597,0,0.5014635920524597,False,4,0.75,1,"[0.742943, 0.257057]"
minesweeper,client,456,7819,4,MR,F,evaluation,0,0,0.49951815605163574,0,0.5014635920524597,False,4,0.75,1,"[0.654811, 0.345189]"
minesweeper,client,456,7821,4,MR,F,evaluation,0,0,0.4993095099925995,0,0.5014635920524597,False,4,0.5,1,"[0.629592, 0.370408]"
minesweeper,client,456,7822,4,MR,F,evaluation,1,0,0.5089271664619446,0,0.5112331509590149,False,4,0.0,0,"[0.623937, 0.376063]"
minesweeper,client,456,7823,4,MR,F,evaluation,0,0,0.4997848868370056,0,0.5014635920524597,False,4,0.75,1,"[0.687065, 0.312935]"
minesweeper,client,456,7824,4,MR,F,evaluation,0,0,0.5005806088447571,0,0.5014635920524597,False,4,0.25,1,"[0.78332, 0.21668]"
minesweeper,client,456,7825,4,MR,F,evaluation,1,0,0.5018906593322754,0,0.5112331509590149,False,3,0.6666666666666666,0,"[0.786145, 0.213855]"
minesweeper,client,456,7827,4,MR,F,evaluation,0,0,0.5004097819328308,0,0.5014635920524597,False,2,0.5,1,"[0.762644, 0.237356]"
minesweeper,client,456,7829,4,MR,F,evaluation,0,0,0.500121533870697,0,0.5014635920524597,False,4,0.75,1,"[0.727784, 0.272216]"
minesweeper,client,456,7831,4,MR,F,evaluation,0,0,0.49990493059158325,0,0.5014635920524597,False,4,1.0,1,"[0.701586, 0.298414]"
minesweeper,client,456,7833,4,MR,F,evaluation,0,0,0.5000568628311157,0,0.5014635920524597,False,4,0.75,1,"[0.719959, 0.280041]"
minesweeper,client,456,7835,4,MR,F,evaluation,0,0,0.5002172589302063,0,0.5014635920524597,False,4,0.75,1,"[0.739358, 0.260642]"
minesweeper,client,456,7836,4,MR,F,evaluation,0,0,0.49970948696136475,0,0.5014635920524597,False,4,0.25,1,"[0.677947, 0.322053]"
minesweeper,client,456,7837,4,MR,F,evaluation,1,0,0.5086236596107483,0,0.5112331509590149,False,3,0.6666666666666666,0,"[0.631137, 0.368863]"
minesweeper,client,456,7918,4,MR,F,evaluation,0,0,0.49981096386909485,0,0.5014635920524597,False,2,0.5,1,"[0.690225, 0.309775]"
minesweeper,client,456,7922,4,MR,F,evaluation,0,0,0.4990428388118744,0,0.5014635920524597,False,4,0.75,1,"[0.597354, 0.402646]"
minesweeper,client,456,7924,4,MR,F,evaluation,1,0,0.5067840218544006,0,0.5112331509590149,False,2,1.0,0,"[0.674338, 0.325662]"
minesweeper,client,456,7925,4,MR,F,evaluation,1,0,0.5045899152755737,0,0.5112331509590149,False,0,,0,"[0.724971, 0.275029]"
minesweeper,client,456,7930,4,MR,F,evaluation,0,0,0.5007525086402893,0,0.5014635920524597,False,4,1.0,1,"[0.804116, 0.195884]"
minesweeper,client,456,7931,4,MR,F,evaluation,0,0,0.5004664063453674,0,0.5014635920524597,False,4,0.75,1,"[0.7695, 0.2305]"
minesweeper,client,456,7932,4,MR,F,evaluation,0,0,0.5002266764640808,0,0.5014635920524597,False,4,0.75,1,"[0.740502, 0.259498]"
minesweeper,client,456,7935,4,MR,F,evaluation,0,0,0.5011376142501831,0,0.5014635920524597,False,4,0.75,1,"[0.85072, 0.14928]"
minesweeper,client,456,7936,4,MR,F,evaluation,1,0,0.5006880164146423,0,0.5112331509590149,False,3,0.3333333333333333,0,"[0.813069, 0.186931]"
minesweeper,client,456,8019,4,MR,F,evaluation,1,0,0.5082866549491882,0,0.5112331509590149,False,1,1.0,0,"[0.639108, 0.360892]"
minesweeper,client,456,8022,4,MR,F,evaluation,0,0,0.49927717447280884,0,0.5014635920524597,False,4,0.75,1,"[0.62568, 0.374321]"
minesweeper,client,456,8028,4,MR,F,evaluation,0,0,0.5001950263977051,0,0.5014635920524597,False,1,1.0,1,"[0.736673, 0.263327]"
minesweeper,client,456,8031,4,MR,F,evaluation,0,0,0.5000224709510803,0,0.5014635920524597,False,1,0.0,1,"[0.715803, 0.284197]"
minesweeper,client,456,8033,4,MR,F,evaluation,0,0,0.5008364915847778,0,0.5014635920524597,False,3,0.6666666666666666,1,"[0.81428, 0.18572]"
minesweeper,client,456,8035,4,MR,F,evaluation,0,0,0.5018526315689087,1,0.5014635920524597,False,4,1.0,1,"[0.937277, 0.062723]"
minesweeper,client,456,8122,4,MR,F,evaluation,0,0,0.49880751967430115,0,0.5014635920524597,False,1,1.0,1,"[0.568902, 0.431098]"
minesweeper,client,456,44,6,MR,F,evaluation,0,0,0.5005546808242798,0,0.5014635920524597,False,4,0.75,1,"[0.780183, 0.219817]"
minesweeper,client,456,45,6,MR,F,evaluation,0,0,0.5001130700111389,0,0.5014635920524597,False,4,1.0,1,"[0.72676, 0.27324]"
minesweeper,client,456,47,6,MR,F,evaluation,1,0,0.508677065372467,0,0.5112331509590149,False,4,0.25,0,"[0.629872, 0.370128]"
minesweeper,client,456,51,6,MR,F,evaluation,0,0,0.4998761713504791,0,0.5014635920524597,False,4,1.0,1,"[0.698107, 0.301893]"
minesweeper,client,456,54,6,MR,F,evaluation,0,0,0.5000805258750916,0,0.5014635920524597,False,4,1.0,1,"[0.722825, 0.277175]"
minesweeper,client,456,56,6,MR,F,evaluation,0,0,0.49944570660591125,0,0.5014635920524597,False,4,1.0,1,"[0.646053, 0.353947]"
minesweeper,client,456,144,6,MR,F,evaluation,0,0,0.5000157356262207,0,0.5014635920524597,False,4,1.0,1,"[0.714984, 0.285016]"
minesweeper,client,456,145,6,MR,F,evaluation,0,0,0.49988922476768494,0,0.5014635920524597,False,4,1.0,1,"[0.699692, 0.300308]"
minesweeper,client,456,148,6,MR,F,evaluation,0,0,0.49985629320144653,0,0.5014635920524597,False,4,1.0,1,"[0.6957, 0.3043]"
minesweeper,client,456,149,6,MR,F,evaluation,0,0,0.500180721282959,0,0.5014635920524597,False,4,1.0,1,"[0.734939, 0.265061]"
minesweeper,client,456,151,6,MR,F,evaluation,0,0,0.5002092123031616,0,0.5014635920524597,False,4,1.0,1,"[0.738392, 0.261608]"
minesweeper,client,456,154,6,MR,F,evaluation,0,0,0.5004433989524841,0,0.5014635920524597,False,4,1.0,1,"[0.766712, 0.233288]"
minesweeper,client,456,155,6,MR,F,evaluation,0,0,0.5003020167350769,0,0.5014635920524597,False,4,1.0,1,"[0.749612, 0.250388]"
minesweeper,client,456,156,6,MR,F,evaluation,0,0,0.500313401222229,0,0.5014635920524597,False,4,1.0,1,"[0.750989, 0.249011]"
minesweeper,client,456,247,6,MR,F,evaluation,0,0,0.49965211749076843,0,0.5014635920524597,False,4,0.75,1,"[0.671012, 0.328988]"
minesweeper,client,456,249,6,MR,F,evaluation,0,0,0.5006440877914429,0,0.5014635920524597,False,4,1.0,1,"[0.791, 0.209]"
minesweeper,client,456,250,6,MR,F,evaluation,0,0,0.5008774995803833,0,0.5014635920524597,False,4,1.0,1,"[0.819236, 0.180764]"
minesweeper,client,456,251,6,MR,F,evaluation,0,0,0.5007084608078003,0,0.5014635920524597,False,4,1.0,1,"[0.798786, 0.201214]"
minesweeper,client,456,252,6,MR,F,evaluation,0,0,0.5007189512252808,0,0.5014635920524597,False,4,1.0,1,"[0.800052, 0.199948]"
minesweeper,client,456,255,6,MR,F,evaluation,0,0,0.5005754232406616,0,0.5014635920524597,False,4,0.75,1,"[0.782692, 0.217308]"
minesweeper,client,456,257,6,MR,F,evaluation,0,0,0.49987444281578064,0,0.5014635920524597,False,1,0.0,1,"[0.697896, 0.302104]"
minesweeper,client,456,343,6,MR,F,evaluation,1,0,0.5089104175567627,0,0.5112331509590149,False,4,0.0,0,"[0.624334, 0.375665]"
minesweeper,client,456,344,6,MR,F,evaluation,0,0,0.49931973218917847,0,0.5014635920524597,False,4,1.0,1,"[0.630822, 0.369178]"
minesweeper,client,456,345,6,MR,F,evaluation,0,0,0.4991159737110138,0,0.5014635920524597,False,4,0.75,1,"[0.606194, 0.393806]"
minesweeper,client,456,347,6,MR,F,evaluation,1,0,0.5071327090263367,0,0.5112331509590149,False,4,0.25,0,"[0.666205, 0.333795]"
minesweeper,client,456,349,6,MR,F,evaluation,0,0,0.5004753470420837,0,0.5014635920524597,False,4,1.0,1,"[0.770578, 0.229422]"
minesweeper,client,456,350,6,MR,F,evaluation,0,0,0.5004850625991821,0,0.5014635920524597,False,4,1.0,1,"[0.77176, 0.22824]"
minesweeper,client,456,352,6,MR,F,evaluation,0,0,0.5001190304756165,0,0.5014635920524597,False,4,0.75,1,"[0.727483, 0.272517]"
minesweeper,client,456,354,6,MR,F,evaluation,0,0,0.5001015663146973,0,0.5014635920524597,False,4,1.0,1,"[0.725367, 0.274633]"
minesweeper,client,456,445,6,MR,F,evaluation,0,0,0.49948039650917053,0,0.5014635920524597,False,4,0.75,1,"[0.650249, 0.349751]"
minesweeper,client,456,447,6,MR,F,evaluation,0,0,0.49974220991134644,0,0.5014635920524597,False,4,1.0,1,"[0.681907, 0.318093]"
minesweeper,client,456,448,6,MR,F,evaluation,0,0,0.49984291195869446,0,0.5014635920524597,False,4,1.0,1,"[0.694083, 0.305917]"
minesweeper,client,456,451,6,MR,F,evaluation,0,0,0.4994691014289856,0,0.5014635920524597,False,4,0.5,1,"[0.648888, 0.351112]"
minesweeper,client,456,452,6,MR,F,evaluation,1,0,0.5072454214096069,0,0.5112331509590149,False,4,0.25,0,"[0.66357, 0.33643]"
minesweeper,client,456,453,6,MR,F,evaluation,0,0,0.49974778294563293,0,0.5014635920524597,False,4,1.0,1,"[0.682582, 0.317418]"
minesweeper,client,456,454,6,MR,F,evaluation,0,0,0.5003538727760315,0,0.5014635920524597,False,4,1.0,1,"[0.755888, 0.244113]"
minesweeper,client,456,455,6,MR,F,evaluation,0,0,0.5003944039344788,0,0.5014635920524597,False,3,1.0,1,"[0.760793, 0.239207]"
minesweeper,client,456,456,6,MR,F,evaluation,0,0,0.5002621412277222,0,0.5014635920524597,False,1,1.0,1,"[0.744789, 0.255211]"
minesweeper,client,456,543,6,MR,F,evaluation,1,0,0.5081757307052612,0,0.5112331509590149,False,4,0.0,0,"[0.641724, 0.358276]"
minesweeper,client,456,547,6,MR,F,evaluation,0,0,0.4992902874946594,0,0.5014635920524597,False,4,0.75,1,"[0.627267, 0.372733]"
minesweeper,client,456,548,6,MR,F,evaluation,0,0,0.4990507662296295,0,0.5014635920524597,False,4,0.5,1,"[0.598308, 0.401692]"
minesweeper,client,456,550,6,MR,F,evaluation,0,0,0.4992257058620453,0,0.5014635920524597,False,4,0.5,1,"[0.619456, 0.380544]"
minesweeper,client,456,552,6,MR,F,evaluation,0,0,0.4996313452720642,0,0.5014635920524597,False,4,0.5,1,"[0.668499, 0.331501]"
minesweeper,client,456,555,6,MR,F,evaluation,0,0,0.5008819103240967,0,0.5014635920524597,False,3,1.0,1,"[0.819772, 0.180228]"
minesweeper,client,456,639,6,MR,F,evaluation,0,0,0.4999302327632904,0,0.5014635920524597,False,3,1.0,1,"[0.704648, 0.295352]"
minesweeper,client,456,640,6,MR,F,evaluation,0,0,0.5000694394111633,0,0.5014635920524597,False,4,1.0,1,"[0.721482, 0.278518]"
minesweeper,client,456,641,6,MR,F,evaluation,0,0,0.5000351667404175,0,0.5014635920524597,False,4,1.0,1,"[0.717336, 0.282664]"
minesweeper,client,456,642,6,MR,F,evaluation,0,0,0.49989718198776245,0,0.5014635920524597,False,4,1.0,1,"[0.700651, 0.299349]"
minesweeper,client,456,644,6,MR,F,evaluation,0,0,0.4996837079524994,0,0.5014635920524597,False,4,0.5,1,"[0.674832, 0.325168]"
minesweeper,client,456,648,6,MR,F,evaluation,0,0,0.49945929646492004,0,0.5014635920524597,False,4,0.75,1,"[0.647697, 0.352303]"
minesweeper,client,456,649,6,MR,F,evaluation,1,0,0.5074242353439331,0,0.5112331509590149,False,4,0.0,0,"[0.659385, 0.340615]"
minesweeper,client,456,654,6,MR,F,evaluation,0,0,0.5004562139511108,0,0.5014635920524597,False,4,1.0,1,"[0.76827, 0.23173]"
minesweeper,client,456,655,6,MR,F,evaluation,0,0,0.5007432103157043,0,0.5014635920524597,False,4,1.0,1,"[0.802989, 0.197011]"
minesweeper,client,456,656,6,MR,F,evaluation,0,0,0.5003777146339417,0,0.5014635920524597,False,2,1.0,1,"[0.758772, 0.241228]"
minesweeper,client,456,739,6,MR,F,evaluation,0,0,0.49994874000549316,0,0.5014635920524597,False,4,1.0,1,"[0.706884, 0.293116]"
minesweeper,client,456,740,6,MR,F,evaluation,0,0,0.49952587485313416,0,0.5014635920524597,False,4,1.0,1,"[0.655747, 0.344253]"
minesweeper,client,456,743,6,MR,F,evaluation,0,0,0.49977609515190125,0,0.5014635920524597,False,4,1.0,1,"[0.686007, 0.313993]"
minesweeper,client,456,744,6,MR,F,evaluation,0,0,0.4996563196182251,0,0.5014635920524597,False,4,0.75,1,"[0.671525, 0.328475]"
minesweeper,client,456,749,6,MR,F,evaluation,0,0,0.4997484087944031,0,0.5014635920524597,False,4,1.0,1,"[0.682654, 0.317346]"
minesweeper,client,456,750,6,MR,F,evaluation,0,0,0.499289333820343,0,0.5014635920524597,False,4,0.75,1,"[0.627155, 0.372845]"
minesweeper,client,456,751,6,MR,F,evaluation,0,0,0.4992750287055969,0,0.5014635920524597,False,4,0.75,1,"[0.62542, 0.37458]"
minesweeper,client,456,754,6,MR,F,evaluation,0,0,0.5001173615455627,0,0.5014635920524597,False,4,1.0,1,"[0.727284, 0.272716]"
minesweeper,client,456,755,6,MR,F,evaluation,0,0,0.5001440048217773,0,0.5014635920524597,False,4,1.0,1,"[0.7305, 0.2695]"
minesweeper,client,456,839,6,MR,F,evaluation,0,0,0.49942687153816223,0,0.5014635920524597,False,4,1.0,1,"[0.643781, 0.356219]"
minesweeper,client,456,841,6,MR,F,evaluation,0,0,0.49949148297309875,0,0.5014635920524597,False,4,1.0,1,"[0.651592, 0.348408]"
minesweeper,client,456,842,6,MR,F,evaluation,0,0,0.4998379647731781,0,0.5014635920524597,False,4,1.0,1,"[0.693489, 0.306511]"
minesweeper,client,456,844,6,MR,F,evaluation,0,0,0.4998190402984619,0,0.5014635920524597,False,4,0.75,1,"[0.691194, 0.308806]"
minesweeper,client,456,848,6,MR,F,evaluation,0,0,0.4995822310447693,0,0.5014635920524597,False,4,0.75,1,"[0.662559, 0.337441]"
minesweeper,client,456,849,6,MR,F,evaluation,0,0,0.49934062361717224,0,0.5014635920524597,False,4,0.5,1,"[0.633348, 0.366652]"
minesweeper,client,456,853,6,MR,F,evaluation,0,0,0.4996940493583679,0,0.5014635920524597,False,4,0.75,1,"[0.676084, 0.323916]"
minesweeper,client,456,854,6,MR,F,evaluation,0,0,0.4997255206108093,0,0.5014635920524597,False,4,0.75,1,"[0.679885, 0.320115]"
minesweeper,client,456,855,6,MR,F,evaluation,0,0,0.49992281198501587,0,0.5014635920524597,False,4,1.0,1,"[0.703749, 0.296251]"
minesweeper,client,456,937,6,MR,F,evaluation,0,0,0.4995916187763214,0,0.5014635920524597,False,4,1.0,1,"[0.663696, 0.336304]"
minesweeper,client,456,939,6,MR,F,evaluation,0,0,0.49921801686286926,0,0.5014635920524597,False,4,0.75,1,"[0.61853, 0.38147]"
minesweeper,client,456,943,6,MR,F,evaluation,0,0,0.5000483989715576,0,0.5014635920524597,False,4,1.0,1,"[0.718938, 0.281062]"
minesweeper,client,456,944,6,MR,F,evaluation,0,0,0.4998524487018585,0,0.5014635920524597,False,4,0.75,1,"[0.695241, 0.304759]"
minesweeper,client,456,946,6,MR,F,evaluation,0,0,0.4989739954471588,0,0.5014635920524597,False,4,0.75,1,"[0.589027, 0.410973]"
minesweeper,client,456,948,6,MR,F,evaluation,1,0,0.5086588859558105,0,0.5112331509590149,False,4,0.25,0,"[0.630302, 0.369698]"
minesweeper,client,456,953,6,MR,F,evaluation,1,0,0.510699450969696,0,0.5112331509590149,False,4,0.25,0,"[0.581441, 0.418559]"
minesweeper,client,456,954,6,MR,F,evaluation,0,0,0.498932421207428,0,0.5014635920524597,False,4,0.75,1,"[0.584004, 0.415996]"
minesweeper,client,456,955,6,MR,F,evaluation,0,0,0.4992128312587738,0,0.5014635920524597,False,4,0.5,1,"[0.617903, 0.382097]"
minesweeper,client,456,956,6,MR,F,evaluation,0,0,0.4991331994533539,0,0.5014635920524597,False,2,0.0,1,"[0.608273, 0.391727]"
minesweeper,client,456,1038,6,MR,F,evaluation,0,0,0.4993230104446411,0,0.5014635920524597,False,4,0.75,1,"[0.631221, 0.368779]"
minesweeper,client,456,1039,6,MR,F,evaluation,1,0,0.5076135993003845,0,0.5112331509590149,False,4,0.0,0,"[0.654947, 0.345053]"
minesweeper,client,456,1040,6,MR,F,evaluation,0,0,0.5000177025794983,0,0.5014635920524597,False,4,0.75,1,"[0.715221, 0.284779]"
minesweeper,client,456,1042,6,MR,F,evaluation,0,0,0.5002270936965942,0,0.5014635920524597,False,4,1.0,1,"[0.740548, 0.259452]"
minesweeper,client,456,1043,6,MR,F,evaluation,0,0,0.500047504901886,0,0.5014635920524597,False,4,1.0,1,"[0.718826, 0.281174]"
minesweeper,client,456,1044,6,MR,F,evaluation,0,0,0.4998532235622406,0,0.5014635920524597,False,4,1.0,1,"[0.695335, 0.304665]"
minesweeper,client,456,1047,6,MR,F,evaluation,1,0,0.5088857412338257,0,0.5112331509590149,False,4,0.25,0,"[0.624921, 0.375079]"
minesweeper,client,456,1048,6,MR,F,evaluation,0,0,0.49945685267448425,0,0.5014635920524597,False,4,1.0,1,"[0.647403, 0.352597]"
minesweeper,client,456,1050,6,MR,F,evaluation,0,0,0.49968215823173523,0,0.5014635920524597,False,4,1.0,1,"[0.674653, 0.325347]"
minesweeper,client,456,1051,6,MR,F,evaluation,0,0,0.499336838722229,0,0.5014635920524597,False,4,0.5,1,"[0.63289, 0.36711]"
minesweeper,client,456,1056,6,MR,F,evaluation,1,0,0.5113522410392761,1,0.5112331509590149,False,0,,0,"[0.565581, 0.434419]"
minesweeper,client,456,1137,6,MR,F,evaluation,0,0,0.4994345009326935,0,0.5014635920524597,False,3,1.0,1,"[0.644703, 0.355297]"
minesweeper,client,456,1138,6,MR,F,evaluation,0,0,0.4997692406177521,0,0.5014635920524597,False,4,0.75,1,"[0.685179, 0.314821]"
minesweeper,client,456,1139,6,MR,F,evaluation,0,0,0.49985194206237793,0,0.5014635920524597,False,4,0.75,1,"[0.695175, 0.304826]"
minesweeper,client,456,1140,6,MR,F,evaluation,0,0,0.5002021193504333,0,0.5014635920524597,False,4,0.75,1,"[0.737532, 0.262468]"
minesweeper,client,456,1141,6,MR,F,evaluation,0,0,0.5004585981369019,0,0.5014635920524597,False,4,1.0,1,"[0.768553, 0.231447]"
minesweeper,client,456,1144,6,MR,F,evaluation,0,0,0.4998532235622406,0,0.5014635920524597,False,4,1.0,1,"[0.695335, 0.304665]"
minesweeper,client,456,1145,6,MR,F,evaluation,0,0,0.49993792176246643,0,0.5014635920524597,False,4,0.75,1,"[0.705579, 0.294421]"
minesweeper,client,456,1151,6,MR,F,evaluation,0,0,0.49962714314460754,0,0.5014635920524597,False,4,0.75,1,"[0.667992, 0.332008]"
minesweeper,client,456,1152,6,MR,F,evaluation,1,0,0.5050289034843445,0,0.5112331509590149,False,4,0.25,0,"[0.714911, 0.285089]"
minesweeper,client,456,1237,6,MR,F,evaluation,0,0,0.4995049238204956,0,0.5014635920524597,False,2,1.0,1,"[0.653217, 0.346783]"
minesweeper,client,456,1240,6,MR,F,evaluation,0,0,0.5001457333564758,0,0.5014635920524597,False,4,1.0,1,"[0.730708, 0.269292]"
minesweeper,client,456,1242,6,MR,F,evaluation,0,0,0.5002952814102173,0,0.5014635920524597,False,4,1.0,1,"[0.748799, 0.251201]"
minesweeper,client,456,1244,6,MR,F,evaluation,0,0,0.500654935836792,0,0.5014635920524597,False,4,0.75,1,"[0.79231, 0.20769]"
minesweeper,client,456,1246,6,MR,F,evaluation,0,0,0.5007221102714539,0,0.5014635920524597,False,4,1.0,1,"[0.800436, 0.199564]"
minesweeper,client,456,1247,6,MR,F,evaluation,0,0,0.500368595123291,0,0.5014635920524597,False,4,1.0,1,"[0.757662, 0.242338]"
minesweeper,client,456,1250,6,MR,F,evaluation,0,0,0.4999265670776367,0,0.5014635920524597,False,4,1.0,1,"[0.704203, 0.295797]"
minesweeper,client,456,1253,6,MR,F,evaluation,1,0,0.5080405473709106,0,0.5112331509590149,False,3,0.0,0,"[0.644911, 0.355089]"
minesweeper,client,456,1339,6,MR,F,evaluation,0,0,0.49992039799690247,0,0.5014635920524597,False,4,1.0,1,"[0.703454, 0.296546]"
minesweeper,client,456,1341,6,MR,F,evaluation,0,0,0.5005707144737244,0,0.5014635920524597,False,4,1.0,1,"[0.782122, 0.217878]"
minesweeper,client,456,1342,6,MR,F,evaluation,0,0,0.5009433031082153,0,0.5014635920524597,False,4,1.0,1,"[0.827202, 0.172798]"
minesweeper,client,456,1343,6,MR,F,evaluation,0,0,0.5012971758842468,0,0.5014635920524597,False,4,0.75,1,"[0.870034, 0.129966]"
minesweeper,client,456,1344,6,MR,F,evaluation,1,0,0.4976804256439209,0,0.5112331509590149,False,4,0.0,0,"[0.879675, 0.120325]"
minesweeper,client,456,1345,6,MR,F,evaluation,0,0,0.5009164810180664,0,0.5014635920524597,False,4,1.0,1,"[0.823952, 0.176048]"
minesweeper,client,456,1347,6,MR,F,evaluation,0,0,0.5001004338264465,0,0.5014635920524597,False,4,1.0,1,"[0.725233, 0.274767]"
minesweeper,client,456,1349,6,MR,F,evaluation,0,0,0.4999624788761139,0,0.5014635920524597,False,4,1.0,1,"[0.708546, 0.291454]"
minesweeper,client,456,1350,6,MR,F,evaluation,0,0,0.499618262052536,0,0.5014635920524597,False,4,1.0,1,"[0.666919, 0.333081]"
minesweeper,client,456,1351,6,MR,F,evaluation,0,0,0.49948281049728394,0,0.5014635920524597,False,4,0.75,1,"[0.650545, 0.349455]"
minesweeper,client,456,1353,6,MR,F,evaluation,0,0,0.4994577467441559,0,0.5014635920524597,False,4,0.5,1,"[0.647508, 0.352492]"
minesweeper,client,456,1354,6,MR,F,evaluation,0,0,0.49938181042671204,0,0.5014635920524597,False,2,0.5,1,"[0.638328, 0.361672]"
minesweeper,client,456,1438,6,MR,F,evaluation,0,0,0.4998764395713806,0,0.5014635920524597,False,3,1.0,1,"[0.698136, 0.301864]"
minesweeper,client,456,1440,6,MR,F,evaluation,0,0,0.5004944205284119,0,0.5014635920524597,False,4,1.0,1,"[0.772888, 0.227112]"
minesweeper,client,456,1441,6,MR,F,evaluation,0,0,0.5007117390632629,0,0.5014635920524597,False,4,1.0,1,"[0.799183, 0.200817]"
minesweeper,client,456,1442,6,MR,F,evaluation,0,0,0.5010572075843811,0,0.5014635920524597,False,4,1.0,1,"[0.840989, 0.159011]"
minesweeper,client,456,1444,6,MR,F,evaluation,0,0,0.5005607008934021,0,0.5014635920524597,False,4,1.0,1,"[0.780906, 0.219094]"
minesweeper,client,456,1447,6,MR,F,evaluation,0,0,0.49927279353141785,0,0.5014635920524597,False,4,0.75,1,"[0.625153, 0.374847]"
minesweeper,client,456,1448,6,MR,F,evaluation,0,0,0.49952536821365356,0,0.5014635920524597,False,4,0.75,1,"[0.655683, 0.344317]"
minesweeper,client,456,1449,6,MR,F,evaluation,0,0,0.4996965825557709,0,0.5014635920524597,False,4,0.75,1,"[0.676392, 0.323608]"
minesweeper,client,456,1454,6,MR,F,evaluation,0,0,0.4993506371974945,0,0.5014635920524597,False,2,0.5,1,"[0.634564, 0.365436]"
minesweeper,client,456,1541,6,MR,F,evaluation,0,0,0.5001351237297058,0,0.5014635920524597,False,4,1.0,1,"[0.729425, 0.270575]"
minesweeper,client,456,1543,6,MR,F,evaluation,0,0,0.49998700618743896,0,0.5014635920524597,False,4,0.75,1,"[0.711513, 0.288487]"
minesweeper,client,456,1547,6,MR,F,evaluation,1,0,0.509870707988739,0,0.5112331509590149,False,4,0.25,0,"[0.601412, 0.398588]"
minesweeper,client,456,1548,6,MR,F,evaluation,0,0,0.49909406900405884,0,0.5014635920524597,False,4,0.5,1,"[0.603547, 0.396453]"
minesweeper,client,456,1552,6,MR,F,evaluation,0,0,0.4994717836380005,0,0.5014635920524597,False,4,0.5,1,"[0.649208, 0.350792]"
minesweeper,client,456,1553,6,MR,F,evaluation,1,0,0.508173406124115,0,0.5112331509590149,False,4,0.25,0,"[0.64178, 0.35822]"
minesweeper,client,456,1554,6,MR,F,evaluation,0,0,0.49914634227752686,0,0.5014635920524597,False,2,0.5,1,"[0.609864, 0.390136]"
minesweeper,client,456,1638,6,MR,F,evaluation,1,0,0.5038519501686096,0,0.5112331509590149,False,4,0.0,0,"[0.741809, 0.258191]"
minesweeper,client,456,1639,6,MR,F,evaluation,0,0,0.5001835823059082,0,0.5014635920524597,False,4,1.0,1,"[0.735289, 0.264711]"
minesweeper,client,456,1640,6,MR,F,evaluation,0,0,0.49990707635879517,0,0.5014635920524597,False,4,1.0,1,"[0.701845, 0.298155]"
minesweeper,client,456,1645,6,MR,F,evaluation,0,0,0.49972763657569885,0,0.5014635920524597,False,4,1.0,1,"[0.680148, 0.319852]"
minesweeper,client,456,1646,6,MR,F,evaluation,0,0,0.49944809079170227,0,0.5014635920524597,False,4,0.75,1,"[0.646342, 0.353658]"
minesweeper,client,456,1647,6,MR,F,evaluation,0,0,0.4993140399456024,0,0.5014635920524597,False,4,0.25,1,"[0.630135, 0.369865]"
minesweeper,client,456,1648,6,MR,F,evaluation,1,0,0.509619951248169,0,0.5112331509590149,False,4,0.75,0,"[0.60742, 0.39258]"
minesweeper,client,456,1649,6,MR,F,evaluation,1,0,0.5106916427612305,0,0.5112331509590149,False,4,0.5,0,"[0.581629, 0.418371]"
minesweeper,client,456,1651,6,MR,F,evaluation,0,0,0.49944645166397095,0,0.5014635920524597,False,4,0.5,1,"[0.646146, 0.353854]"
minesweeper,client,456,1653,6,MR,F,evaluation,1,0,0.5065389275550842,0,0.5112331509590149,False,4,0.0,0,"[0.68004, 0.31996]"
minesweeper,client,456,1654,6,MR,F,evaluation,0,0,0.4996231198310852,0,0.5014635920524597,False,2,1.0,1,"[0.667504, 0.332496]"
minesweeper,client,456,1738,6,MR,F,evaluation,0,0,0.49990299344062805,0,0.5014635920524597,False,4,1.0,1,"[0.701349, 0.298651]"
minesweeper,client,456,1739,6,MR,F,evaluation,0,0,0.4994756281375885,0,0.5014635920524597,False,4,1.0,1,"[0.649676, 0.350324]"
minesweeper,client,456,1745,6,MR,F,evaluation,0,0,0.4995651841163635,0,0.5014635920524597,False,4,0.75,1,"[0.660502, 0.339498]"
minesweeper,client,456,1748,6,MR,F,evaluation,1,0,0.5086984038352966,0,0.5112331509590149,False,4,0.0,0,"[0.629365, 0.370635]"
minesweeper,client,456,1750,6,MR,F,evaluation,1,0,0.5077992081642151,0,0.5112331509590149,False,4,0.25,0,"[0.650589, 0.349411]"
minesweeper,client,456,1753,6,MR,F,evaluation,0,0,0.500450849533081,0,0.5014635920524597,False,4,1.0,1,"[0.767614, 0.232386]"
minesweeper,client,456,1836,6,MR,F,evaluation,0,0,0.4999145567417145,0,0.5014635920524597,False,3,1.0,1,"[0.702748, 0.297252]"
minesweeper,client,456,1837,6,MR,F,evaluation,0,0,0.500027596950531,0,0.5014635920524597,False,4,1.0,1,"[0.716422, 0.283578]"
minesweeper,client,456,1838,6,MR,F,evaluation,0,0,0.4995705485343933,0,0.5014635920524597,False,4,1.0,1,"[0.661151, 0.338849]"
minesweeper,client,456,1839,6,MR,F,evaluation,0,0,0.49925950169563293,0,0.5014635920524597,False,4,1.0,1,"[0.623541, 0.376459]"
minesweeper,client,456,1841,6,MR,F,evaluation,0,0,0.498552531003952,0,0.5014635920524597,False,4,0.75,1,"[0.538084, 0.461916]"
minesweeper,client,456,1842,6,MR,F,evaluation,0,0,0.49854665994644165,0,0.5014635920524597,False,4,0.25,1,"[0.537373, 0.462627]"
minesweeper,client,456,1843,6,MR,F,evaluation,1,0,0.5098204612731934,0,0.5112331509590149,False,4,0.5,0,"[0.602617, 0.397383]"
minesweeper,client,456,1845,6,MR,F,evaluation,1,0,0.5086100101470947,0,0.5112331509590149,False,4,0.0,0,"[0.631461, 0.368539]"
minesweeper,client,456,1847,6,MR,F,evaluation,0,0,0.4999074637889862,0,0.5014635920524597,False,4,1.0,1,"[0.701891, 0.298109]"
minesweeper,client,456,1849,6,MR,F,evaluation,0,0,0.4999711215496063,0,0.5014635920524597,False,4,1.0,1,"[0.70959, 0.29041]"
minesweeper,client,456,1851,6,MR,F,evaluation,0,0,0.5003131628036499,0,0.5014635920524597,False,4,1.0,1,"[0.750963, 0.249037]"
minesweeper,client,456,1852,6,MR,F,evaluation,0,0,0.5003507137298584,0,0.5014635920524597,False,4,1.0,1,"[0.755503, 0.244497]"
minesweeper,client,456,1853,6,MR,F,evaluation,0,0,0.500404417514801,0,0.5014635920524597,False,4,1.0,1,"[0.762003, 0.237997]"
minesweeper,client,456,1854,6,MR,F,evaluation,0,0,0.5000786185264587,0,0.5014635920524597,False,2,1.0,1,"[0.722592, 0.277408]"
minesweeper,client,456,1938,6,MR,F,evaluation,0,0,0.5001169443130493,0,0.5014635920524597,False,4,0.75,1,"[0.727232, 0.272768]"
minesweeper,client,456,1939,6,MR,F,evaluation,0,0,0.49973759055137634,0,0.5014635920524597,False,4,0.75,1,"[0.681347, 0.318653]"
minesweeper,client,456,1942,6,MR,F,evaluation,1,0,0.5108450651168823,0,0.5112331509590149,False,4,0.75,0,"[0.577912, 0.422088]"
minesweeper,client,456,1945,6,MR,F,evaluation,0,0,0.49945804476737976,0,0.5014635920524597,False,4,0.75,1,"[0.647545, 0.352455]"
minesweeper,client,456,1948,6,MR,F,evaluation,0,0,0.5000657439231873,0,0.5014635920524597,False,4,0.75,1,"[0.721033, 0.278967]"
minesweeper,client,456,1951,6,MR,F,evaluation,0,0,0.5005099773406982,0,0.5014635920524597,False,4,1.0,1,"[0.774772, 0.225228]"
minesweeper,client,456,2036,6,MR,F,evaluation,1,0,0.5017102360725403,0,0.5112331509590149,False,3,0.0,0,"[0.790197, 0.209803]"
minesweeper,client,456,2037,6,MR,F,evaluation,0,0,0.5008225440979004,0,0.5014635920524597,False,4,1.0,1,"[0.812586, 0.187414]"
minesweeper,client,456,2040,6,MR,F,evaluation,0,0,0.499532014131546,0,0.5014635920524597,False,4,0.75,1,"[0.656492, 0.343508]"
minesweeper,client,456,2044,6,MR,F,evaluation,1,0,0.5080562233924866,0,0.5112331509590149,False,4,0.25,0,"[0.644542, 0.355458]"
minesweeper,client,456,2046,6,MR,F,evaluation,0,0,0.4995189607143402,0,0.5014635920524597,False,4,0.75,1,"[0.65491, 0.34509]"
minesweeper,client,456,2047,6,MR,F,evaluation,1,0,0.5087551474571228,0,0.5112331509590149,False,4,0.0,0,"[0.628021, 0.371979]"
minesweeper,client,456,2048,6,MR,F,evaluation,0,0,0.4996778070926666,0,0.5014635920524597,False,4,1.0,1,"[0.674126, 0.325874]"
minesweeper,client,456,2050,6,MR,F,evaluation,0,0,0.500758171081543,0,0.5014635920524597,False,4,1.0,1,"[0.804804, 0.195196]"
minesweeper,client,456,2051,6,MR,F,evaluation,0,0,0.5008455514907837,0,0.5014635920524597,False,4,1.0,1,"[0.815372, 0.184628]"
minesweeper,client,456,2052,6,MR,F,evaluation,0,0,0.5008484125137329,0,0.5014635920524597,False,4,1.0,1,"[0.815718, 0.184282]"
minesweeper,client,456,2054,6,MR,F,evaluation,0,0,0.5010432600975037,0,0.5014635920524597,False,4,0.75,1,"[0.839301, 0.160699]"
minesweeper,client,456,2136,6,MR,F,evaluation,0,0,0.5001950263977051,0,0.5014635920524597,False,1,1.0,1,"[0.736673, 0.263327]"
minesweeper,client,456,2138,6,MR,F,evaluation,0,0,0.4998133182525635,0,0.5014635920524597,False,1,1.0,1,"[0.690511, 0.309489]"
minesweeper,client,456,2139,6,MR,F,evaluation,0,0,0.49913063645362854,0,0.5014635920524597,False,1,1.0,1,"[0.607965, 0.392035]"
minesweeper,client,456,2146,6,MR,F,evaluation,0,0,0.49899378418922424,0,0.5014635920524597,False,4,0.75,1,"[0.591424, 0.408576]"
minesweeper,client,456,2150,6,MR,F,evaluation,0,0,0.5009704828262329,0,0.5014635920524597,False,4,1.0,1,"[0.830488, 0.169512]"
minesweeper,client,456,2151,6,MR,F,evaluation,0,0,0.5011616945266724,0,0.5014635920524597,False,4,1.0,1,"[0.853633, 0.146367]"
minesweeper,client,456,2152,6,MR,F,evaluation,0,0,0.5009680390357971,0,0.5014635920524597,False,3,1.0,1,"[0.830196, 0.169804]"
minesweeper,client,456,2153,6,MR,F,evaluation,0,0,0.50059574842453,0,0.5014635920524597,False,2,1.0,1,"[0.785151, 0.214849]"
minesweeper,client,456,2155,6,MR,F,evaluation,1,0,0.5045899152755737,0,0.5112331509590149,False,0,,0,"[0.724971, 0.275029]"
minesweeper,client,456,2242,6,MR,F,evaluation,0,0,0.4994303286075592,0,0.5014635920524597,False,2,1.0,1,"[0.6442, 0.3558]"
minesweeper,client,456,2245,6,MR,F,evaluation,1,0,0.5082569122314453,0,0.5112331509590149,False,4,0.25,0,"[0.639808, 0.360192]"
minesweeper,client,456,2247,6,MR,F,evaluation,0,0,0.4992666244506836,0,0.5014635920524597,False,4,0.25,1,"[0.624401, 0.375599]"
minesweeper,client,456,2248,6,MR,F,evaluation,1,0,0.505889356136322,0,0.5112331509590149,False,4,0.25,0,"[0.695093, 0.304907]"
minesweeper,client,456,2249,6,MR,F,evaluation,0,0,0.5007621645927429,0,0.5014635920524597,False,4,1.0,1,"[0.805287, 0.194713]"
minesweeper,client,456,2250,6,MR,F,evaluation,0,0,0.5012937784194946,0,0.5014635920524597,False,4,1.0,1,"[0.869619, 0.130381]"
minesweeper,client,456,2251,6,MR,F,evaluation,0,0,0.5013421177864075,0,0.5014635920524597,False,4,1.0,1,"[0.875468, 0.124532]"
minesweeper,client,456,2252,6,MR,F,evaluation,0,0,0.5008078217506409,0,0.5014635920524597,False,2,1.0,1,"[0.81081, 0.18919]"
minesweeper,client,456,2343,6,MR,F,evaluation,0,0,0.49923408031463623,0,0.5014635920524597,False,2,1.0,1,"[0.62047, 0.37953]"
minesweeper,client,456,2345,6,MR,F,evaluation,0,0,0.4992614984512329,0,0.5014635920524597,False,4,0.75,1,"[0.623784, 0.376216]"
minesweeper,client,456,2346,6,MR,F,evaluation,1,0,0.507287859916687,0,0.5112331509590149,False,4,0.25,0,"[0.662578, 0.337422]"
minesweeper,client,456,2347,6,MR,F,evaluation,1,0,0.5064651966094971,0,0.5112331509590149,False,4,0.0,0,"[0.681752, 0.318248]"
minesweeper,client,456,2350,6,MR,F,evaluation,0,0,0.5013813376426697,0,0.5014635920524597,False,4,1.0,1,"[0.880215, 0.119785]"
minesweeper,client,456,2352,6,MR,F,evaluation,0,0,0.5006526708602905,0,0.5014635920524597,False,1,1.0,1,"[0.792037, 0.207963]"
minesweeper,client,456,2444,6,MR,F,evaluation,0,0,0.4995308518409729,0,0.5014635920524597,False,3,1.0,1,"[0.656355, 0.343645]"
minesweeper,client,456,2445,6,MR,F,evaluation,0,0,0.499982625246048,0,0.5014635920524597,False,4,1.0,1,"[0.71098, 0.28902]"
minesweeper,client,456,2447,6,MR,F,evaluation,0,0,0.5002809762954712,0,0.5014635920524597,False,4,1.0,1,"[0.74707, 0.25293]"
minesweeper,client,456,2448,6,MR,F,evaluation,0,0,0.5001885890960693,0,0.5014635920524597,False,4,1.0,1,"[0.735893, 0.264107]"
minesweeper,client,456,2450,6,MR,F,evaluation,0,0,0.5009575486183167,0,0.5014635920524597,False,3,1.0,1,"[0.828922, 0.171078]"
minesweeper,client,456,2451,6,MR,F,evaluation,0,0,0.500698447227478,0,0.5014635920524597,False,1,1.0,1,"[0.797573, 0.202427]"
minesweeper,client,456,2545,6,MR,F,evaluation,0,0,0.5004510879516602,0,0.5014635920524597,False,3,1.0,1,"[0.767644, 0.232356]"
minesweeper,client,456,2546,6,MR,F,evaluation,0,0,0.5006434917449951,0,0.5014635920524597,False,4,1.0,1,"[0.790927, 0.209073]"
minesweeper,client,456,2549,6,MR,F,evaluation,0,0,0.5009636878967285,0,0.5014635920524597,False,4,0.5,1,"[0.829669, 0.170331]"
minesweeper,client,456,2645,6,MR,F,evaluation,0,0,0.5005672574043274,0,0.5014635920524597,False,3,0.6666666666666666,1,"[0.781698, 0.218302]"
minesweeper,client,456,2646,6,MR,F,evaluation,0,0,0.5008609294891357,0,0.5014635920524597,False,4,0.75,1,"[0.817236, 0.182764]"
minesweeper,client,456,2647,6,MR,F,evaluation,0,0,0.5009177923202515,0,0.5014635920524597,False,4,0.75,1,"[0.824113, 0.175887]"
minesweeper,client,456,2648,6,MR,F,evaluation,1,0,0.4989539086818695,0,0.5112331509590149,False,4,0.25,0,"[0.851586, 0.148414]"
minesweeper,client,456,2650,6,MR,F,evaluation,0,0,0.5006396174430847,0,0.5014635920524597,False,1,1.0,1,"[0.790452, 0.209548]"
minesweeper,client,456,2745,6,MR,F,evaluation,1,0,0.5000693798065186,0,0.5112331509590149,False,3,0.0,0,"[0.826848, 0.173152]"
minesweeper,client,456,2746,6,MR,F,evaluation,0,0,0.5009480118751526,0,0.5014635920524597,False,3,1.0,1,"[0.827772, 0.172228]"
minesweeper,client,456,2748,6,MR,F,evaluation,0,0,0.5006396174430847,0,0.5014635920524597,False,1,1.0,1,"[0.790452, 0.209548]"
minesweeper,client,456,3967,6,MR,F,evaluation,1,0,0.5086612701416016,0,0.5112331509590149,False,4,0.25,0,"[0.630246, 0.369754]"
minesweeper,client,456,4066,6,MR,F,evaluation,0,0,0.4992504119873047,0,0.5014635920524597,False,4,0.75,1,"[0.622445, 0.377555]"
minesweeper,client,456,4067,6,MR,F,evaluation,1,0,0.507743239402771,0,0.5112331509590149,False,4,0.0,0,"[0.651903, 0.348097]"
minesweeper,client,456,4164,6,MR,F,evaluation,0,0,0.49944573640823364,0,0.5014635920524597,False,4,0.75,1,"[0.646058, 0.353942]"
minesweeper,client,456,4167,6,MR,F,evaluation,0,0,0.5001625418663025,0,0.5014635920524597,False,4,1.0,1,"[0.732741, 0.267259]"
minesweeper,client,456,4168,6,MR,F,evaluation,0,0,0.5004112124443054,0,0.5014635920524597,False,4,1.0,1,"[0.762818, 0.237182]"
minesweeper,client,456,4169,6,MR,F,evaluation,0,0,0.5005161762237549,0,0.5014635920524597,False,4,0.75,1,"[0.775519, 0.224481]"
minesweeper,client,456,4170,6,MR,F,evaluation,0,0,0.5002050995826721,0,0.5014635920524597,False,3,0.6666666666666666,1,"[0.737893, 0.262107]"
minesweeper,client,456,4264,6,MR,F,evaluation,1,0,0.5094614624977112,0,0.5112331509590149,False,4,0.0,0,"[0.611208, 0.388792]"
minesweeper,client,456,4265,6,MR,F,evaluation,0,0,0.4996166527271271,0,0.5014635920524597,False,4,1.0,1,"[0.666728, 0.333272]"
minesweeper,client,456,4267,6,MR,F,evaluation,0,0,0.5007667541503906,0,0.5014635920524597,False,4,1.0,1,"[0.805837, 0.194163]"
minesweeper,client,456,4268,6,MR,F,evaluation,0,0,0.5007980465888977,0,0.5014635920524597,False,4,1.0,1,"[0.809628, 0.190372]"
minesweeper,client,456,4269,6,MR,F,evaluation,0,0,0.500426173210144,0,0.5014635920524597,False,4,0.75,1,"[0.764634, 0.235366]"
minesweeper,client,456,4270,6,MR,F,evaluation,1,0,0.5071926712989807,0,0.5112331509590149,False,4,0.25,0,"[0.664803, 0.335197]"
minesweeper,client,456,4271,6,MR,F,evaluation,0,0,0.4992084503173828,0,0.5014635920524597,False,4,0.5,1,"[0.617374, 0.382626]"
minesweeper,client,456,4272,6,MR,F,evaluation,0,0,0.4992288053035736,0,0.5014635920524597,False,4,0.25,1,"[0.619834, 0.380166]"
minesweeper,client,456,4273,6,MR,F,evaluation,0,0,0.49937355518341064,0,0.5014635920524597,False,3,0.3333333333333333,1,"[0.637333, 0.362667]"
minesweeper,client,456,4363,6,MR,F,evaluation,0,0,0.49895715713500977,0,0.5014635920524597,False,4,1.0,1,"[0.586994, 0.413006]"
minesweeper,client,456,4366,6,MR,F,evaluation,0,0,0.500093400478363,0,0.5014635920524597,False,4,0.75,1,"[0.72438, 0.27562]"
minesweeper,client,456,4367,6,MR,F,evaluation,0,0,0.5004819631576538,0,0.5014635920524597,False,4,1.0,1,"[0.771381, 0.228619]"
minesweeper,client,456,4369,6,MR,F,evaluation,0,0,0.49984386563301086,0,0.5014635920524597,False,4,1.0,1,"[0.694203, 0.305797]"
minesweeper,client,456,4370,6,MR,F,evaluation,0,0,0.4996020495891571,0,0.5014635920524597,False,4,0.75,1,"[0.664958, 0.335042]"
minesweeper,client,456,4372,6,MR,F,evaluation,1,0,0.5078191757202148,0,0.5112331509590149,False,4,0.25,0,"[0.65012, 0.34988]"
minesweeper,client,456,4464,6,MR,F,evaluation,0,0,0.4993041157722473,0,0.5014635920524597,False,4,0.25,1,"[0.628938, 0.371062]"
minesweeper,client,456,4465,6,MR,F,evaluation,1,0,0.5073263645172119,0,0.5112331509590149,False,4,0.25,0,"[0.661677, 0.338323]"
minesweeper,client,456,4466,6,MR,F,evaluation,0,0,0.4999410808086395,0,0.5014635920524597,False,4,1.0,1,"[0.705956, 0.294044]"
minesweeper,client,456,4468,6,MR,F,evaluation,0,0,0.5000121593475342,0,0.5014635920524597,False,4,1.0,1,"[0.714553, 0.285447]"
minesweeper,client,456,4471,6,MR,F,evaluation,0,0,0.499926894903183,0,0.5014635920524597,False,4,1.0,1,"[0.704245, 0.295755]"
minesweeper,client,456,4473,6,MR,F,evaluation,0,0,0.5003054738044739,0,0.5014635920524597,False,4,1.0,1,"[0.750029, 0.249971]"
minesweeper,client,456,4474,6,MR,F,evaluation,0,0,0.500463604927063,0,0.5014635920524597,False,3,1.0,1,"[0.769161, 0.230839]"
minesweeper,client,456,4565,6,MR,F,evaluation,0,0,0.4993937909603119,0,0.5014635920524597,False,4,1.0,1,"[0.63978, 0.36022]"
minesweeper,client,456,4566,6,MR,F,evaluation,0,0,0.4996086359024048,0,0.5014635920524597,False,4,1.0,1,"[0.665756, 0.334244]"
minesweeper,client,456,4567,6,MR,F,evaluation,0,0,0.49980592727661133,0,0.5014635920524597,False,4,1.0,1,"[0.689613, 0.310387]"
minesweeper,client,456,4569,6,MR,F,evaluation,0,0,0.49999791383743286,0,0.5014635920524597,False,4,1.0,1,"[0.712832, 0.287168]"
minesweeper,client,456,4572,6,MR,F,evaluation,0,0,0.49981385469436646,0,0.5014635920524597,False,4,1.0,1,"[0.690575, 0.309425]"
minesweeper,client,456,4573,6,MR,F,evaluation,0,0,0.4999288320541382,0,0.5014635920524597,False,4,0.75,1,"[0.704476, 0.295524]"
minesweeper,client,456,4661,6,MR,F,evaluation,0,0,0.4994199573993683,0,0.5014635920524597,False,4,1.0,1,"[0.642944, 0.357056]"
minesweeper,client,456,4664,6,MR,F,evaluation,0,0,0.4987587034702301,0,0.5014635920524597,False,4,1.0,1,"[0.562999, 0.437001]"
minesweeper,client,456,4665,6,MR,F,evaluation,0,0,0.4986759424209595,0,0.5014635920524597,False,4,1.0,1,"[0.553002, 0.446998]"
minesweeper,client,456,4666,6,MR,F,evaluation,0,0,0.4993054270744324,0,0.5014635920524597,False,4,1.0,1,"[0.629099, 0.370901]"
minesweeper,client,456,4667,6,MR,F,evaluation,0,0,0.49961623549461365,0,0.5014635920524597,False,4,0.75,1,"[0.666676, 0.333324]"
minesweeper,client,456,4669,6,MR,F,evaluation,0,0,0.5000687837600708,0,0.5014635920524597,False,4,0.75,1,"[0.721403, 0.278597]"
minesweeper,client,456,4674,6,MR,F,evaluation,1,0,0.5080223679542542,0,0.5112331509590149,False,4,0.0,0,"[0.645338, 0.354662]"
minesweeper,client,456,4758,6,MR,F,evaluation,0,0,0.5006288886070251,0,0.5014635920524597,False,4,1.0,1,"[0.789156, 0.210844]"
minesweeper,client,456,4764,6,MR,F,evaluation,0,0,0.499446839094162,0,0.5014635920524597,False,4,0.5,1,"[0.64619, 0.35381]"
minesweeper,client,456,4769,6,MR,F,evaluation,0,0,0.5000814199447632,0,0.5014635920524597,False,4,1.0,1,"[0.72293, 0.27707]"
minesweeper,client,456,4770,6,MR,F,evaluation,0,0,0.5004874467849731,0,0.5014635920524597,False,4,1.0,1,"[0.772043, 0.227957]"
minesweeper,client,456,4774,6,MR,F,evaluation,0,0,0.4988192021846771,0,0.5014635920524597,False,4,1.0,1,"[0.570317, 0.429683]"
minesweeper,client,456,4775,6,MR,F,evaluation,0,0,0.49893617630004883,0,0.5014635920524597,False,4,0.75,1,"[0.584458, 0.415542]"
minesweeper,client,456,4776,6,MR,F,evaluation,0,0,0.4988812208175659,0,0.5014635920524597,False,2,0.5,1,"[0.577815, 0.422185]"
minesweeper,client,456,4858,6,MR,F,evaluation,0,0,0.5001013278961182,0,0.5014635920524597,False,4,0.75,1,"[0.725337, 0.274663]"
minesweeper,client,456,4859,6,MR,F,evaluation,0,0,0.5005874633789062,0,0.5014635920524597,False,4,0.75,1,"[0.78414, 0.21586]"
minesweeper,client,456,4860,6,MR,F,evaluation,0,0,0.500690758228302,0,0.5014635920524597,False,4,0.75,1,"[0.796647, 0.203353]"
minesweeper,client,456,4861,6,MR,F,evaluation,1,0,0.5019086599349976,0,0.5112331509590149,False,4,0.0,0,"[0.785742, 0.214258]"
minesweeper,client,456,4863,6,MR,F,evaluation,1,0,0.5055119395256042,0,0.5112331509590149,False,4,0.0,0,"[0.703803, 0.296197]"
minesweeper,client,456,4865,6,MR,F,evaluation,1,0,0.5106437802314758,0,0.5112331509590149,False,4,0.5,0,"[0.582788, 0.417212]"
minesweeper,client,456,4866,6,MR,F,evaluation,1,0,0.5118032693862915,1,0.5112331509590149,False,4,0.5,0,"[0.554553, 0.445447]"
minesweeper,client,456,4867,6,MR,F,evaluation,1,0,0.5090790390968323,0,0.5112331509590149,False,4,0.0,0,"[0.620326, 0.379674]"
minesweeper,client,456,4872,6,MR,F,evaluation,0,0,0.49939998984336853,0,0.5014635920524597,False,4,1.0,1,"[0.640527, 0.359473]"
minesweeper,client,456,4874,6,MR,F,evaluation,0,0,0.49860113859176636,0,0.5014635920524597,False,4,0.75,1,"[0.543961, 0.456039]"
minesweeper,client,456,4875,6,MR,F,evaluation,0,0,0.49860674142837524,0,0.5014635920524597,False,3,0.3333333333333333,1,"[0.544639, 0.455361]"
minesweeper,client,456,4876,6,MR,F,evaluation,1,0,0.5118527412414551,1,0.5112331509590149,False,1,1.0,0,"[0.55334, 0.44666]"
minesweeper,client,456,4957,6,MR,F,evaluation,0,0,0.4991312325000763,0,0.5014635920524597,False,3,0.6666666666666666,1,"[0.608037, 0.391963]"
minesweeper,client,456,4959,6,MR,F,evaluation,0,0,0.5006337761878967,0,0.5014635920524597,False,4,1.0,1,"[0.789749, 0.210251]"
minesweeper,client,456,4960,6,MR,F,evaluation,0,0,0.5008388161659241,0,0.5014635920524597,False,4,1.0,1,"[0.814552, 0.185448]"
minesweeper,client,456,4964,6,MR,F,evaluation,0,0,0.4989570379257202,0,0.5014635920524597,False,4,0.75,1,"[0.586983, 0.413017]"
minesweeper,client,456,4965,6,MR,F,evaluation,1,0,0.5114750862121582,1,0.5112331509590149,False,4,0.0,0,"[0.562583, 0.437417]"
minesweeper,client,456,4966,6,MR,F,evaluation,0,0,0.4991316497325897,0,0.5014635920524597,False,4,0.75,1,"[0.608084, 0.391915]"
minesweeper,client,456,4972,6,MR,F,evaluation,0,0,0.49896931648254395,0,0.5014635920524597,False,4,0.75,1,"[0.588462, 0.411538]"
minesweeper,client,456,5057,6,MR,F,evaluation,0,0,0.49922674894332886,0,0.5014635920524597,False,2,0.5,1,"[0.619579, 0.380421]"
minesweeper,client,456,5058,6,MR,F,evaluation,0,0,0.49969157576560974,0,0.5014635920524597,False,3,0.6666666666666666,1,"[0.675787, 0.324213]"
minesweeper,client,456,5060,6,MR,F,evaluation,0,0,0.5000278353691101,0,0.5014635920524597,False,4,0.75,1,"[0.716448, 0.283552]"
minesweeper,client,456,5063,6,MR,F,evaluation,0,0,0.49923840165138245,0,0.5014635920524597,False,4,0.75,1,"[0.620994, 0.379006]"
minesweeper,client,456,5065,6,MR,F,evaluation,0,0,0.4989403784275055,0,0.5014635920524597,False,4,0.75,1,"[0.584962, 0.415038]"
minesweeper,client,456,5066,6,MR,F,evaluation,0,0,0.4992086589336395,0,0.5014635920524597,False,4,0.5,1,"[0.617398, 0.382602]"
minesweeper,client,456,5069,6,MR,F,evaluation,0,0,0.4998217821121216,0,0.5014635920524597,False,4,0.75,1,"[0.69153, 0.30847]"
minesweeper,client,456,5071,6,MR,F,evaluation,0,0,0.49934858083724976,0,0.5014635920524597,False,4,1.0,1,"[0.634314, 0.365686]"
minesweeper,client,456,5072,6,MR,F,evaluation,0,0,0.49910086393356323,0,0.5014635920524597,False,4,0.75,1,"[0.604361, 0.395639]"
minesweeper,client,456,5073,6,MR,F,evaluation,1,0,0.5098859667778015,0,0.5112331509590149,False,4,0.0,0,"[0.601045, 0.398955]"
minesweeper,client,456,5159,6,MR,F,evaluation,0,0,0.49946823716163635,0,0.5014635920524597,False,3,1.0,1,"[0.648786, 0.351214]"
minesweeper,client,456,5162,6,MR,F,evaluation,0,0,0.49938446283340454,0,0.5014635920524597,False,4,0.5,1,"[0.638647, 0.361353]"
minesweeper,client,456,5165,6,MR,F,evaluation,0,0,0.4993128180503845,0,0.5014635920524597,False,4,0.5,1,"[0.629984, 0.370016]"
minesweeper,client,456,5169,6,MR,F,evaluation,1,0,0.505419135093689,0,0.5112331509590149,False,4,0.0,0,"[0.70594, 0.29406]"
minesweeper,client,456,5174,6,MR,F,evaluation,0,0,0.49973800778388977,0,0.5014635920524597,False,3,1.0,1,"[0.681401, 0.318599]"
minesweeper,client,456,5263,6,MR,F,evaluation,1,0,0.506354570388794,0,0.5112331509590149,False,4,0.25,0,"[0.68432, 0.31568]"
minesweeper,client,456,5264,6,MR,F,evaluation,1,0,0.505532443523407,0,0.5112331509590149,False,4,0.0,0,"[0.70333, 0.29667]"
minesweeper,client,456,5265,6,MR,F,evaluation,0,0,0.5001763701438904,0,0.5014635920524597,False,4,1.0,1,"[0.734412, 0.265588]"
minesweeper,client,456,5266,6,MR,F,evaluation,0,0,0.5003591179847717,0,0.5014635920524597,False,4,1.0,1,"[0.75652, 0.24348]"
minesweeper,client,456,5267,6,MR,F,evaluation,0,0,0.5001381635665894,0,0.5014635920524597,False,4,1.0,1,"[0.729795, 0.270205]"
minesweeper,client,456,5269,6,MR,F,evaluation,0,0,0.49994319677352905,0,0.5014635920524597,False,4,1.0,1,"[0.706214, 0.293786]"
minesweeper,client,456,5272,6,MR,F,evaluation,0,0,0.499135285615921,0,0.5014635920524597,False,4,0.75,1,"[0.608527, 0.391473]"
minesweeper,client,456,5273,6,MR,F,evaluation,0,0,0.4996050000190735,0,0.5014635920524597,False,4,0.75,1,"[0.665316, 0.334684]"
minesweeper,client,456,5275,6,MR,F,evaluation,0,0,0.4997486472129822,0,0.5014635920524597,False,2,0.5,1,"[0.682682, 0.317318]"
minesweeper,client,456,5359,6,MR,F,evaluation,0,0,0.49956440925598145,0,0.5014635920524597,False,3,0.6666666666666666,1,"[0.660408, 0.339592]"
minesweeper,client,456,5360,6,MR,F,evaluation,0,0,0.49964094161987305,0,0.5014635920524597,False,4,0.5,1,"[0.669661, 0.330339]"
minesweeper,client,456,5361,6,MR,F,evaluation,1,0,0.505953848361969,0,0.5112331509590149,False,4,0.25,0,"[0.693601, 0.306399]"
minesweeper,client,456,5366,6,MR,F,evaluation,0,0,0.5009902119636536,0,0.5014635920524597,False,4,1.0,1,"[0.832878, 0.167122]"
minesweeper,client,456,5367,6,MR,F,evaluation,0,0,0.5005071759223938,0,0.5014635920524597,False,4,1.0,1,"[0.77443, 0.22557]"
minesweeper,client,456,5370,6,MR,F,evaluation,0,0,0.499142050743103,0,0.5014635920524597,False,4,0.75,1,"[0.609345, 0.390655]"
minesweeper,client,456,5373,6,MR,F,evaluation,0,0,0.4989548921585083,0,0.5014635920524597,False,4,0.25,1,"[0.586718, 0.413282]"
minesweeper,client,456,5375,6,MR,F,evaluation,0,0,0.49908706545829773,0,0.5014635920524597,False,2,1.0,1,"[0.602695, 0.397305]"
minesweeper,client,456,5462,6,MR,F,evaluation,0,0,0.5000982880592346,0,0.5014635920524597,False,0,,1,"[0.724971, 0.275029]"
minesweeper,client,456,5464,6,MR,F,evaluation,0,0,0.5015374422073364,1,0.5014635920524597,False,2,0.5,1,"[0.899114, 0.100886]"
minesweeper,client,456,5467,6,MR,F,evaluation,0,0,0.5000414848327637,0,0.5014635920524597,False,4,1.0,1,"[0.718097, 0.281903]"
minesweeper,client,456,5468,6,MR,F,evaluation,0,0,0.4998607933521271,0,0.5014635920524597,False,4,0.75,1,"[0.696251, 0.303749]"
minesweeper,client,456,5471,6,MR,F,evaluation,0,0,0.49905088543891907,0,0.5014635920524597,False,4,0.5,1,"[0.598325, 0.401675]"
minesweeper,client,456,5474,6,MR,F,evaluation,0,0,0.49886009097099304,0,0.5014635920524597,False,4,1.0,1,"[0.575266, 0.424734]"
minesweeper,client,456,5475,6,MR,F,evaluation,0,0,0.49907806515693665,0,0.5014635920524597,False,2,1.0,1,"[0.601614, 0.398386]"
minesweeper,client,456,5565,6,MR,F,evaluation,1,0,0.500247061252594,0,0.5112331509590149,False,1,0.0,0,"[0.822896, 0.177104]"
minesweeper,client,456,5567,6,MR,F,evaluation,0,0,0.500523030757904,0,0.5014635920524597,False,3,0.6666666666666666,1,"[0.776351, 0.223649]"
minesweeper,client,456,5568,6,MR,F,evaluation,0,0,0.5006167888641357,0,0.5014635920524597,False,4,0.5,1,"[0.787692, 0.212308]"
minesweeper,client,456,5569,6,MR,F,evaluation,1,0,0.5029883980751038,0,0.5112331509590149,False,4,0.25,0,"[0.7614, 0.2386]"
minesweeper,client,456,5571,6,MR,F,evaluation,1,0,0.5078790187835693,0,0.5112331509590149,False,4,0.0,0,"[0.648713, 0.351287]"
minesweeper,client,456,5667,6,MR,F,evaluation,0,0,0.5005509853363037,0,0.5014635920524597,False,1,0.0,1,"[0.779733, 0.220267]"
minesweeper,client,456,5669,6,MR,F,evaluation,0,0,0.49944376945495605,0,0.5014635920524597,False,2,1.0,1,"[0.645821, 0.354179]"
minesweeper,client,456,5671,6,MR,F,evaluation,0,0,0.5001006722450256,0,0.5014635920524597,False,4,1.0,1,"[0.725259, 0.274741]"
minesweeper,client,456,5672,6,MR,F,evaluation,0,0,0.5001340508460999,0,0.5014635920524597,False,4,0.75,1,"[0.729294, 0.270706]"
minesweeper,client,456,5674,6,MR,F,evaluation,0,0,0.49907293915748596,0,0.5014635920524597,False,4,0.75,1,"[0.600991, 0.399009]"
minesweeper,client,456,5773,6,MR,F,evaluation,0,0,0.5000653862953186,0,0.5014635920524597,False,4,1.0,1,"[0.720989, 0.279011]"
minesweeper,client,456,5870,6,MR,F,evaluation,1,0,0.4990520477294922,0,0.5112331509590149,False,2,0.0,0,"[0.849415, 0.150585]"
minesweeper,client,456,5871,6,MR,F,evaluation,0,0,0.5010969638824463,0,0.5014635920524597,False,3,1.0,1,"[0.8458, 0.1542]"
minesweeper,client,456,5872,6,MR,F,evaluation,0,0,0.5007120370864868,0,0.5014635920524597,False,4,0.75,1,"[0.799218, 0.200782]"
minesweeper,client,456,5972,6,MR,F,evaluation,0,0,0.5007367730140686,0,0.5014635920524597,False,3,0.6666666666666666,1,"[0.802212, 0.197788]"
minesweeper,client,456,5974,6,MR,F,evaluation,0,0,0.5008999705314636,0,0.5014635920524597,False,2,1.0,1,"[0.82196, 0.17804]"
minesweeper,client,456,5976,6,MR,F,evaluation,1,0,0.5045899152755737,0,0.5112331509590149,False,0,,0,"[0.724971, 0.275029]"
minesweeper,client,456,6073,6,MR,F,evaluation,0,0,0.500640332698822,0,0.5014635920524597,False,0,,1,"[0.790539, 0.209461]"
minesweeper,client,456,2134,14,MR,F,evaluation,0,0,0.49984022974967957,0,0.5014635920524597,False,4,1.0,1,"[0.693759, 0.306241]"
minesweeper,client,456,2135,14,MR,F,evaluation,0,0,0.5000715255737305,0,0.5014635920524597,False,3,1.0,1,"[0.721736, 0.278264]"
minesweeper,client,456,2229,14,MR,F,evaluation,0,0,0.4986913502216339,0,0.5014635920524597,False,4,0.75,1,"[0.554865, 0.445135]"
minesweeper,client,456,2231,14,MR,F,evaluation,0,0,0.4987216293811798,0,0.5014635920524597,False,4,0.5,1,"[0.558526, 0.441474]"
minesweeper,client,456,2234,14,MR,F,evaluation,0,0,0.4999050199985504,0,0.5014635920524597,False,4,0.75,1,"[0.701598, 0.298402]"
minesweeper,client,456,2236,14,MR,F,evaluation,0,0,0.5001506209373474,0,0.5014635920524597,False,4,1.0,1,"[0.731302, 0.268698]"
minesweeper,client,456,2237,14,MR,F,evaluation,0,0,0.5000933408737183,0,0.5014635920524597,False,4,1.0,1,"[0.724374, 0.275626]"
minesweeper,client,456,2238,14,MR,F,evaluation,0,0,0.49969083070755005,0,0.5014635920524597,False,4,1.0,1,"[0.675695, 0.324305]"
minesweeper,client,456,2240,14,MR,F,evaluation,0,0,0.4986136555671692,0,0.5014635920524597,False,3,0.3333333333333333,1,"[0.545476, 0.454524]"
minesweeper,client,456,2327,14,MR,F,evaluation,0,0,0.49867522716522217,0,0.5014635920524597,False,3,1.0,1,"[0.552912, 0.447088]"
minesweeper,client,456,2328,14,MR,F,evaluation,0,0,0.49914348125457764,0,0.5014635920524597,False,4,1.0,1,"[0.609512, 0.390488]"
minesweeper,client,456,2331,14,MR,F,evaluation,0,0,0.4989895522594452,0,0.5014635920524597,False,4,0.5,1,"[0.590912, 0.409088]"
minesweeper,client,456,2333,14,MR,F,evaluation,0,0,0.49942365288734436,0,0.5014635920524597,False,4,0.5,1,"[0.643389, 0.356611]"
minesweeper,client,456,2334,14,MR,F,evaluation,1,0,0.5089251399040222,0,0.5112331509590149,False,4,0.0,0,"[0.623985, 0.376015]"
minesweeper,client,456,2335,14,MR,F,evaluation,0,0,0.4991629421710968,0,0.5014635920524597,False,4,1.0,1,"[0.611871, 0.388129]"
minesweeper,client,456,2337,14,MR,F,evaluation,0,0,0.4999602735042572,0,0.5014635920524597,False,4,1.0,1,"[0.708279, 0.29172]"
minesweeper,client,456,2339,14,MR,F,evaluation,0,0,0.49883076548576355,0,0.5014635920524597,False,4,0.5,1,"[0.571713, 0.428287]"
minesweeper,client,456,2429,14,MR,F,evaluation,0,0,0.49970775842666626,0,0.5014635920524597,False,4,0.5,1,"[0.677737, 0.322263]"
minesweeper,client,456,2431,14,MR,F,evaluation,0,0,0.49924996495246887,0,0.5014635920524597,False,4,0.5,1,"[0.622391, 0.377609]"
minesweeper,client,456,2433,14,MR,F,evaluation,0,0,0.4991576373577118,0,0.5014635920524597,False,4,0.5,1,"[0.611226, 0.388774]"
minesweeper,client,456,2434,14,MR,F,evaluation,0,0,0.4990934729576111,0,0.5014635920524597,False,4,0.75,1,"[0.603467, 0.396533]"
minesweeper,client,456,2441,14,MR,F,evaluation,0,0,0.5001896023750305,0,0.5014635920524597,False,4,0.75,1,"[0.736012, 0.263987]"
minesweeper,client,456,2442,14,MR,F,evaluation,0,0,0.5006352663040161,0,0.5014635920524597,False,4,0.5,1,"[0.789923, 0.210077]"
minesweeper,client,456,2526,14,MR,F,evaluation,1,0,0.5129009485244751,1,0.5112331509590149,False,3,0.6666666666666666,0,"[0.527462, 0.472538]"
minesweeper,client,456,2527,14,MR,F,evaluation,0,0,0.49862319231033325,0,0.5014635920524597,False,4,0.25,1,"[0.546631, 0.453369]"
minesweeper,client,456,2531,14,MR,F,evaluation,0,0,0.49933603405952454,0,0.5014635920524597,False,4,0.5,1,"[0.632794, 0.367206]"
minesweeper,client,456,2534,14,MR,F,evaluation,1,0,0.5085293650627136,0,0.5112331509590149,False,4,0.0,0,"[0.633369, 0.366631]"
minesweeper,client,456,2535,14,MR,F,evaluation,0,0,0.4995918571949005,0,0.5014635920524597,False,4,0.75,1,"[0.663726, 0.336274]"
minesweeper,client,456,2540,14,MR,F,evaluation,1,0,0.5006559491157532,0,0.5112331509590149,False,4,0.0,0,"[0.813784, 0.186216]"
minesweeper,client,456,2541,14,MR,F,evaluation,0,0,0.5008471012115479,0,0.5014635920524597,False,4,1.0,1,"[0.815557, 0.184443]"
minesweeper,client,456,2542,14,MR,F,evaluation,0,0,0.5008896589279175,0,0.5014635920524597,False,4,0.75,1,"[0.820708, 0.179292]"
minesweeper,client,456,2543,14,MR,F,evaluation,1,0,0.5014357566833496,0,0.5112331509590149,False,3,0.0,0,"[0.796351, 0.203649]"
minesweeper,client,456,2627,14,MR,F,evaluation,1,0,0.5126932263374329,1,0.5112331509590149,False,3,0.3333333333333333,0,"[0.532618, 0.467382]"
minesweeper,client,456,2629,14,MR,F,evaluation,0,0,0.4997958540916443,0,0.5014635920524597,False,4,0.75,1,"[0.688396, 0.311604]"
minesweeper,client,456,2631,14,MR,F,evaluation,0,0,0.5001018047332764,0,0.5014635920524597,False,4,0.75,1,"[0.725398, 0.274602]"
minesweeper,client,456,2632,14,MR,F,evaluation,1,0,0.5029124021530151,0,0.5112331509590149,False,4,0.25,0,"[0.76312, 0.23688]"
minesweeper,client,456,2633,14,MR,F,evaluation,0,0,0.5003617405891418,0,0.5014635920524597,False,4,0.75,1,"[0.756839, 0.243161]"
minesweeper,client,456,2635,14,MR,F,evaluation,0,0,0.5001857876777649,0,0.5014635920524597,False,4,1.0,1,"[0.735555, 0.264445]"
minesweeper,client,456,2636,14,MR,F,evaluation,0,0,0.5001975893974304,0,0.5014635920524597,False,4,1.0,1,"[0.736986, 0.263014]"
minesweeper,client,456,2638,14,MR,F,evaluation,0,0,0.5006859302520752,0,0.5014635920524597,False,4,1.0,1,"[0.796055, 0.203945]"
minesweeper,client,456,2641,14,MR,F,evaluation,0,0,0.5002213716506958,0,0.5014635920524597,False,4,1.0,1,"[0.739855, 0.260145]"
minesweeper,client,456,2642,14,MR,F,evaluation,0,0,0.5002835988998413,0,0.5014635920524597,False,4,1.0,1,"[0.747384, 0.252616]"
minesweeper,client,456,2643,14,MR,F,evaluation,0,0,0.5003398060798645,0,0.5014635920524597,False,4,1.0,1,"[0.754183, 0.245817]"
minesweeper,client,456,2644,14,MR,F,evaluation,0,0,0.5000506043434143,0,0.5014635920524597,False,2,1.0,1,"[0.719202, 0.280798]"
minesweeper,client,456,2729,14,MR,F,evaluation,0,0,0.49989697337150574,0,0.5014635920524597,False,4,1.0,1,"[0.700621, 0.299379]"
minesweeper,client,456,2732,14,MR,F,evaluation,0,0,0.5006455183029175,0,0.5014635920524597,False,4,0.75,1,"[0.79117, 0.20883]"
minesweeper,client,456,2733,14,MR,F,evaluation,1,0,0.5012279152870178,0,0.5112331509590149,False,4,0.0,0,"[0.801005, 0.198995]"
minesweeper,client,456,2734,14,MR,F,evaluation,0,0,0.5005506277084351,0,0.5014635920524597,False,4,1.0,1,"[0.779688, 0.220312]"
minesweeper,client,456,2735,14,MR,F,evaluation,0,0,0.5004063248634338,0,0.5014635920524597,False,4,1.0,1,"[0.762231, 0.237769]"
minesweeper,client,456,2736,14,MR,F,evaluation,0,0,0.5004555583000183,0,0.5014635920524597,False,4,1.0,1,"[0.76819, 0.23181]"
minesweeper,client,456,2737,14,MR,F,evaluation,0,0,0.5004979372024536,0,0.5014635920524597,False,4,1.0,1,"[0.773313, 0.226687]"
minesweeper,client,456,2740,14,MR,F,evaluation,0,0,0.499645471572876,0,0.5014635920524597,False,4,0.75,1,"[0.670214, 0.329786]"
minesweeper,client,456,2742,14,MR,F,evaluation,0,0,0.499724417924881,0,0.5014635920524597,False,4,1.0,1,"[0.67975, 0.32025]"
minesweeper,client,456,2743,14,MR,F,evaluation,0,0,0.4997149705886841,0,0.5014635920524597,False,4,1.0,1,"[0.678614, 0.321386]"
minesweeper,client,456,2744,14,MR,F,evaluation,0,0,0.4993068277835846,0,0.5014635920524597,False,2,1.0,1,"[0.629265, 0.370735]"
minesweeper,client,456,2827,14,MR,F,evaluation,1,0,0.5095471143722534,0,0.5112331509590149,False,2,0.0,0,"[0.609161, 0.390839]"
minesweeper,client,456,2828,14,MR,F,evaluation,0,0,0.49984365701675415,0,0.5014635920524597,False,3,1.0,1,"[0.694172, 0.305828]"
minesweeper,client,456,2830,14,MR,F,evaluation,0,0,0.5000429153442383,0,0.5014635920524597,False,4,0.75,1,"[0.718273, 0.281727]"
minesweeper,client,456,2831,14,MR,F,evaluation,0,0,0.4999386966228485,0,0.5014635920524597,False,4,0.75,1,"[0.705671, 0.294329]"
minesweeper,client,456,2834,14,MR,F,evaluation,0,0,0.5002666711807251,0,0.5014635920524597,False,4,1.0,1,"[0.745338, 0.254662]"
minesweeper,client,456,2837,14,MR,F,evaluation,0,0,0.5003562569618225,0,0.5014635920524597,False,4,1.0,1,"[0.756174, 0.243826]"
minesweeper,client,456,2838,14,MR,F,evaluation,0,0,0.4999701976776123,0,0.5014635920524597,False,4,0.75,1,"[0.709478, 0.290522]"
minesweeper,client,456,2840,14,MR,F,evaluation,0,0,0.499604731798172,0,0.5014635920524597,False,4,1.0,1,"[0.665286, 0.334714]"
minesweeper,client,456,2841,14,MR,F,evaluation,0,0,0.4995318055152893,0,0.5014635920524597,False,4,1.0,1,"[0.656465, 0.343535]"
minesweeper,client,456,2843,14,MR,F,evaluation,0,0,0.4989871680736542,0,0.5014635920524597,False,4,1.0,1,"[0.590622, 0.409378]"
minesweeper,client,456,2930,14,MR,F,evaluation,1,0,0.5038530826568604,0,0.5112331509590149,False,4,0.0,0,"[0.741782, 0.258218]"
minesweeper,client,456,2932,14,MR,F,evaluation,0,0,0.49994972348213196,0,0.5014635920524597,False,4,1.0,1,"[0.707, 0.293]"
minesweeper,client,456,2933,14,MR,F,evaluation,0,0,0.49995681643486023,0,0.5014635920524597,False,4,1.0,1,"[0.707863, 0.292137]"
minesweeper,client,456,2935,14,MR,F,evaluation,0,0,0.5000522136688232,0,0.5014635920524597,False,4,1.0,1,"[0.719401, 0.280599]"
minesweeper,client,456,2937,14,MR,F,evaluation,0,0,0.5001305341720581,0,0.5014635920524597,False,4,1.0,1,"[0.728866, 0.271134]"
minesweeper,client,456,2943,14,MR,F,evaluation,0,0,0.49865326285362244,0,0.5014635920524597,False,4,0.75,1,"[0.550262, 0.449738]"
minesweeper,client,456,2944,14,MR,F,evaluation,0,0,0.4995754659175873,0,0.5014635920524597,False,4,0.5,1,"[0.661743, 0.338257]"
minesweeper,client,456,2945,14,MR,F,evaluation,1,0,0.5067349076271057,0,0.5112331509590149,False,2,0.0,0,"[0.675482, 0.324518]"
minesweeper,client,456,3029,14,MR,F,evaluation,0,0,0.5004165172576904,0,0.5014635920524597,False,4,1.0,1,"[0.76346, 0.23654]"
minesweeper,client,456,3034,14,MR,F,evaluation,0,0,0.5001800060272217,0,0.5014635920524597,False,4,0.75,1,"[0.734856, 0.265144]"
minesweeper,client,456,3035,14,MR,F,evaluation,0,0,0.4999064803123474,0,0.5014635920524597,False,4,1.0,1,"[0.701772, 0.298228]"
minesweeper,client,456,3036,14,MR,F,evaluation,0,0,0.4998008906841278,0,0.5014635920524597,False,4,1.0,1,"[0.689004, 0.310996]"
minesweeper,client,456,3037,14,MR,F,evaluation,0,0,0.4998151361942291,0,0.5014635920524597,False,4,1.0,1,"[0.690726, 0.309274]"
minesweeper,client,456,3041,14,MR,F,evaluation,0,0,0.49884048104286194,0,0.5014635920524597,False,4,0.75,1,"[0.572888, 0.427112]"
minesweeper,client,456,3042,14,MR,F,evaluation,0,0,0.4984835684299469,0,0.5014635920524597,False,4,0.5,1,"[0.529749, 0.470251]"
minesweeper,client,456,3126,14,MR,F,evaluation,1,0,0.5034815669059753,0,0.5112331509590149,False,4,0.0,0,"[0.750227, 0.249773]"
minesweeper,client,456,3129,14,MR,F,evaluation,0,0,0.4998963177204132,0,0.5014635920524597,False,4,1.0,1,"[0.700541, 0.299459]"
minesweeper,client,456,3130,14,MR,F,evaluation,0,0,0.4999426007270813,0,0.5014635920524597,False,4,1.0,1,"[0.70614, 0.29386]"
minesweeper,client,456,3131,14,MR,F,evaluation,0,0,0.4999217391014099,0,0.5014635920524597,False,4,1.0,1,"[0.703619, 0.296381]"
minesweeper,client,456,3132,14,MR,F,evaluation,0,0,0.5002003312110901,0,0.5014635920524597,False,4,0.75,1,"[0.737313, 0.262687]"
minesweeper,client,456,3133,14,MR,F,evaluation,1,0,0.5023345947265625,0,0.5112331509590149,False,4,0.0,0,"[0.776159, 0.223841]"
minesweeper,client,456,3138,14,MR,F,evaluation,0,0,0.498930960893631,0,0.5014635920524597,False,4,0.75,1,"[0.583827, 0.416173]"
minesweeper,client,456,3139,14,MR,F,evaluation,0,0,0.4991958439350128,0,0.5014635920524597,False,4,0.5,1,"[0.615846, 0.384154]"
minesweeper,client,456,3141,14,MR,F,evaluation,0,0,0.4990578889846802,0,0.5014635920524597,False,4,0.5,1,"[0.59917, 0.40083]"
minesweeper,client,456,3142,14,MR,F,evaluation,0,0,0.49861598014831543,0,0.5014635920524597,False,4,0.25,1,"[0.54575, 0.45425]"
minesweeper,client,456,3144,14,MR,F,evaluation,0,0,0.4994722008705139,0,0.5014635920524597,False,4,0.5,1,"[0.649258, 0.350742]"
minesweeper,client,456,3227,14,MR,F,evaluation,0,0,0.4990066885948181,0,0.5014635920524597,False,4,0.75,1,"[0.592977, 0.407023]"
minesweeper,client,456,3228,14,MR,F,evaluation,0,0,0.49901828169822693,0,0.5014635920524597,False,4,0.75,1,"[0.59438, 0.40562]"
minesweeper,client,456,3229,14,MR,F,evaluation,0,0,0.49943670630455017,0,0.5014635920524597,False,4,0.75,1,"[0.64497, 0.35503]"
minesweeper,client,456,3232,14,MR,F,evaluation,0,0,0.5000021457672119,0,0.5014635920524597,False,4,1.0,1,"[0.713339, 0.286661]"
minesweeper,client,456,3236,14,MR,F,evaluation,0,0,0.49837055802345276,0,0.5014635920524597,False,4,0.5,1,"[0.516091, 0.483909]"
minesweeper,client,456,3237,14,MR,F,evaluation,1,0,0.5124861598014832,1,0.5112331509590149,False,4,0.25,0,"[0.537742, 0.462258]"
minesweeper,client,456,3240,14,MR,F,evaluation,1,0,0.5083059668540955,0,0.5112331509590149,False,4,0.25,0,"[0.638651, 0.361349]"
minesweeper,client,456,3241,14,MR,F,evaluation,1,0,0.507569432258606,0,0.5112331509590149,False,4,0.25,0,"[0.655984, 0.344016]"
minesweeper,client,456,3242,14,MR,F,evaluation,0,0,0.49957510828971863,0,0.5014635920524597,False,4,0.5,1,"[0.6617, 0.3383]"
minesweeper,client,456,3326,14,MR,F,evaluation,0,0,0.4990299642086029,0,0.5014635920524597,False,4,0.75,1,"[0.595789, 0.404211]"
minesweeper,client,456,3331,14,MR,F,evaluation,0,0,0.49998801946640015,0,0.5014635920524597,False,4,0.75,1,"[0.711634, 0.288366]"
minesweeper,client,456,3333,14,MR,F,evaluation,0,0,0.4995986521244049,0,0.5014635920524597,False,4,1.0,1,"[0.664555, 0.335445]"
minesweeper,client,456,3336,14,MR,F,evaluation,0,0,0.49926474690437317,0,0.5014635920524597,False,4,0.5,1,"[0.624178, 0.375822]"
minesweeper,client,456,3337,14,MR,F,evaluation,1,0,0.5118985772132874,1,0.5112331509590149,False,4,0.25,0,"[0.552214, 0.447786]"
minesweeper,client,456,3338,14,MR,F,evaluation,0,0,0.4985116124153137,0,0.5014635920524597,False,4,1.0,1,"[0.533141, 0.466859]"
minesweeper,client,456,3339,14,MR,F,evaluation,0,0,0.4990958571434021,0,0.5014635920524597,False,4,1.0,1,"[0.603765, 0.396235]"
minesweeper,client,456,3340,14,MR,F,evaluation,0,0,0.4994566738605499,0,0.5014635920524597,False,4,1.0,1,"[0.647385, 0.352615]"
minesweeper,client,456,3342,14,MR,F,evaluation,1,0,0.5046810507774353,0,0.5112331509590149,False,4,0.25,0,"[0.722885, 0.277115]"
minesweeper,client,456,3343,14,MR,F,evaluation,0,0,0.5014384388923645,0,0.5014635920524597,False,4,0.75,1,"[0.887129, 0.112871]"
minesweeper,client,456,3344,14,MR,F,evaluation,0,0,0.5017141103744507,1,0.5014635920524597,False,3,0.6666666666666666,1,"[0.920507, 0.079493]"
minesweeper,client,456,3425,14,MR,F,evaluation,0,0,0.4986174702644348,0,0.5014635920524597,False,4,0.25,1,"[0.54594, 0.45406]"
minesweeper,client,456,3427,14,MR,F,evaluation,0,0,0.49944794178009033,0,0.5014635920524597,False,4,0.75,1,"[0.646331, 0.353669]"
minesweeper,client,456,3428,14,MR,F,evaluation,0,0,0.4997221529483795,0,0.5014635920524597,False,4,0.75,1,"[0.679477, 0.320523]"
minesweeper,client,456,3432,14,MR,F,evaluation,0,0,0.49982747435569763,0,0.5014635920524597,False,4,1.0,1,"[0.692218, 0.307782]"
minesweeper,client,456,3433,14,MR,F,evaluation,0,0,0.49947118759155273,0,0.5014635920524597,False,4,0.75,1,"[0.649139, 0.350861]"
minesweeper,client,456,3434,14,MR,F,evaluation,0,0,0.4993191361427307,0,0.5014635920524597,False,4,0.5,1,"[0.630753, 0.369247]"
minesweeper,client,456,3437,14,MR,F,evaluation,0,0,0.49848946928977966,0,0.5014635920524597,False,4,0.75,1,"[0.530466, 0.469534]"
minesweeper,client,456,3438,14,MR,F,evaluation,0,0,0.49843645095825195,0,0.5014635920524597,False,4,0.75,1,"[0.524052, 0.475948]"
minesweeper,client,456,3439,14,MR,F,evaluation,0,0,0.4987979829311371,0,0.5014635920524597,False,4,0.75,1,"[0.567753, 0.432247]"
minesweeper,client,456,3440,14,MR,F,evaluation,0,0,0.4992627203464508,0,0.5014635920524597,False,4,1.0,1,"[0.623934, 0.376066]"
minesweeper,client,456,3442,14,MR,F,evaluation,0,0,0.5001028776168823,0,0.5014635920524597,False,3,0.6666666666666666,1,"[0.725525, 0.274475]"
minesweeper,client,456,3443,14,MR,F,evaluation,1,0,0.49646955728530884,0,0.5112331509590149,False,2,0.0,0,"[0.906251, 0.093749]"
minesweeper,client,456,3524,14,MR,F,evaluation,0,0,0.4985824525356293,0,0.5014635920524597,False,3,0.3333333333333333,1,"[0.541701, 0.458299]"
minesweeper,client,456,3528,14,MR,F,evaluation,0,0,0.4997451901435852,0,0.5014635920524597,False,4,1.0,1,"[0.682268, 0.317732]"
minesweeper,client,456,3529,14,MR,F,evaluation,0,0,0.4997217357158661,0,0.5014635920524597,False,4,1.0,1,"[0.679429, 0.320571]"
minesweeper,client,456,3534,14,MR,F,evaluation,1,0,0.5102207064628601,0,0.5112331509590149,False,4,0.25,0,"[0.593, 0.407]"
minesweeper,client,456,3536,14,MR,F,evaluation,0,0,0.4986686110496521,0,0.5014635920524597,False,4,1.0,1,"[0.552115, 0.447885]"
minesweeper,client,456,3538,14,MR,F,evaluation,1,0,0.5116409659385681,1,0.5112331509590149,False,4,0.25,0,"[0.558528, 0.441472]"
minesweeper,client,456,3539,14,MR,F,evaluation,0,0,0.4993841052055359,0,0.5014635920524597,False,4,0.5,1,"[0.638604, 0.361396]"
minesweeper,client,456,3540,14,MR,F,evaluation,0,0,0.5000027418136597,0,0.5014635920524597,False,4,0.5,1,"[0.713411, 0.286589]"
minesweeper,client,456,3542,14,MR,F,evaluation,0,0,0.5000982880592346,0,0.5014635920524597,False,1,0.0,1,"[0.724971, 0.275029]"
minesweeper,client,456,3624,14,MR,F,evaluation,1,0,0.5098598599433899,0,0.5112331509590149,False,1,0.0,0,"[0.601671, 0.398329]"
minesweeper,client,456,3631,14,MR,F,evaluation,0,0,0.49943652749061584,0,0.5014635920524597,False,4,0.5,1,"[0.644946, 0.355054]"
minesweeper,client,456,3633,14,MR,F,evaluation,0,0,0.49891769886016846,0,0.5014635920524597,False,4,0.75,1,"[0.582223, 0.417777]"
minesweeper,client,456,3634,14,MR,F,evaluation,0,0,0.4987678527832031,0,0.5014635920524597,False,4,0.75,1,"[0.564111, 0.435889]"
minesweeper,client,456,3635,14,MR,F,evaluation,0,0,0.498883455991745,0,0.5014635920524597,False,4,0.75,1,"[0.578087, 0.421913]"
minesweeper,client,456,3639,14,MR,F,evaluation,0,0,0.5009053945541382,0,0.5014635920524597,False,4,0.75,1,"[0.822615, 0.177385]"
minesweeper,client,456,3640,14,MR,F,evaluation,1,0,0.5002163052558899,0,0.5112331509590149,False,3,0.3333333333333333,0,"[0.823581, 0.176419]"
minesweeper,client,456,3641,14,MR,F,evaluation,1,0,0.5030460357666016,0,0.5112331509590149,False,1,0.0,0,"[0.760097, 0.239903]"
minesweeper,client,456,3730,14,MR,F,evaluation,0,0,0.4998149275779724,0,0.5014635920524597,False,4,0.5,1,"[0.690701, 0.309299]"
minesweeper,client,456,3734,14,MR,F,evaluation,1,0,0.5118986368179321,1,0.5112331509590149,False,4,0.25,0,"[0.552214, 0.447786]"
minesweeper,client,456,3735,14,MR,F,evaluation,0,0,0.49892693758010864,0,0.5014635920524597,False,4,1.0,1,"[0.58334, 0.41666]"
minesweeper,client,456,3736,14,MR,F,evaluation,0,0,0.499727338552475,0,0.5014635920524597,False,4,0.5,1,"[0.680111, 0.319889]"
minesweeper,client,456,3737,14,MR,F,evaluation,1,0,0.5020545721054077,0,0.5112331509590149,False,4,0.25,0,"[0.782462, 0.217538]"
minesweeper,client,456,3739,14,MR,F,evaluation,0,0,0.5011672377586365,0,0.5014635920524597,False,3,1.0,1,"[0.854298, 0.145702]"
minesweeper,client,456,3827,14,MR,F,evaluation,0,0,0.4994761049747467,0,0.5014635920524597,False,1,1.0,1,"[0.649729, 0.350271]"
minesweeper,client,456,3828,14,MR,F,evaluation,0,0,0.5002073645591736,0,0.5014635920524597,False,2,0.5,1,"[0.738164, 0.261836]"
minesweeper,client,456,3830,14,MR,F,evaluation,0,0,0.5009717345237732,0,0.5014635920524597,False,4,1.0,1,"[0.830642, 0.169358]"
minesweeper,client,456,3833,14,MR,F,evaluation,1,0,0.5121654868125916,1,0.5112331509590149,False,4,0.25,0,"[0.545654, 0.454346]"
minesweeper,client,456,3835,14,MR,F,evaluation,0,0,0.4991362690925598,0,0.5014635920524597,False,4,0.5,1,"[0.608646, 0.391354]"
minesweeper,client,456,3836,14,MR,F,evaluation,0,0,0.49978548288345337,0,0.5014635920524597,False,4,0.5,1,"[0.687138, 0.312862]"
minesweeper,client,456,3839,14,MR,F,evaluation,0,0,0.5000982880592346,0,0.5014635920524597,False,0,,1,"[0.724971, 0.275029]"
minesweeper,client,456,3929,14,MR,F,evaluation,0,0,0.5016008019447327,1,0.5014635920524597,False,3,1.0,1,"[0.906784, 0.093216]"
minesweeper,client,456,3932,14,MR,F,evaluation,0,0,0.4993544816970825,0,0.5014635920524597,False,4,1.0,1,"[0.635031, 0.364969]"
minesweeper,client,456,3933,14,MR,F,evaluation,0,0,0.4985658824443817,0,0.5014635920524597,False,4,0.75,1,"[0.539697, 0.460303]"
minesweeper,client,456,3934,14,MR,F,evaluation,1,0,0.5103898048400879,0,0.5112331509590149,False,4,0.5,0,"[0.588922, 0.411077]"
minesweeper,client,456,3935,14,MR,F,evaluation,1,0,0.5063055753707886,0,0.5112331509590149,False,4,0.5,0,"[0.685457, 0.314543]"
minesweeper,client,456,3937,14,MR,F,evaluation,0,0,0.5002147555351257,0,0.5014635920524597,False,1,0.0,1,"[0.739057, 0.260943]"
minesweeper,client,456,4032,14,MR,F,evaluation,0,0,0.4992683529853821,0,0.5014635920524597,False,2,0.5,1,"[0.624613, 0.375387]"
minesweeper,client,456,4034,14,MR,F,evaluation,0,0,0.4999060332775116,0,0.5014635920524597,False,4,0.25,1,"[0.701718, 0.298282]"
minesweeper,client,456,4134,14,MR,F,evaluation,1,0,0.5067389011383057,0,0.5112331509590149,False,1,0.0,0,"[0.675388, 0.324612]"
minesweeper,client,456,4135,14,MR,F,evaluation,0,0,0.5006396174430847,0,0.5014635920524597,False,1,1.0,1,"[0.790452, 0.209548]"
minesweeper,client,456,5463,14,MR,F,evaluation,0,0,0.49919775128364563,0,0.5014635920524597,False,3,0.6666666666666666,1,"[0.616076, 0.383924]"
minesweeper,client,456,5560,14,MR,F,evaluation,0,0,0.49993589520454407,0,0.5014635920524597,False,4,0.75,1,"[0.705329, 0.294671]"
minesweeper,client,456,5561,14,MR,F,evaluation,0,0,0.4999922215938568,0,0.5014635920524597,False,4,0.75,1,"[0.712141, 0.287859]"
minesweeper,client,456,5563,14,MR,F,evaluation,0,0,0.49938008189201355,0,0.5014635920524597,False,4,0.75,1,"[0.638123, 0.361877]"
minesweeper,client,456,5564,14,MR,F,evaluation,0,0,0.49935218691825867,0,0.5014635920524597,False,3,0.6666666666666666,1,"[0.634747, 0.365253]"
minesweeper,client,456,5660,14,MR,F,evaluation,0,0,0.49978673458099365,0,0.5014635920524597,False,4,0.75,1,"[0.687292, 0.312708]"
minesweeper,client,456,5664,14,MR,F,evaluation,1,0,0.5059009194374084,0,0.5112331509590149,False,4,0.0,0,"[0.694825, 0.305175]"
minesweeper,client,456,5666,14,MR,F,evaluation,0,0,0.4995362162590027,0,0.5014635920524597,False,3,1.0,1,"[0.657003, 0.342997]"
minesweeper,client,456,5759,14,MR,F,evaluation,1,0,0.5119295716285706,1,0.5112331509590149,False,4,0.0,0,"[0.551454, 0.448546]"
minesweeper,client,456,5760,14,MR,F,evaluation,0,0,0.4991961717605591,0,0.5014635920524597,False,4,1.0,1,"[0.615888, 0.384112]"
minesweeper,client,456,5762,14,MR,F,evaluation,0,0,0.4995518624782562,0,0.5014635920524597,False,4,0.75,1,"[0.65889, 0.34111]"
minesweeper,client,456,5763,14,MR,F,evaluation,0,0,0.49965590238571167,0,0.5014635920524597,False,4,0.75,1,"[0.671474, 0.328526]"
minesweeper,client,456,5764,14,MR,F,evaluation,0,0,0.5000744462013245,0,0.5014635920524597,False,4,1.0,1,"[0.722086, 0.277914]"
minesweeper,client,456,5859,14,MR,F,evaluation,0,0,0.4990862011909485,0,0.5014635920524597,False,4,0.75,1,"[0.602596, 0.397404]"
minesweeper,client,456,5860,14,MR,F,evaluation,0,0,0.49921873211860657,0,0.5014635920524597,False,4,0.5,1,"[0.618617, 0.381383]"
minesweeper,client,456,5861,14,MR,F,evaluation,0,0,0.4992038309574127,0,0.5014635920524597,False,4,0.25,1,"[0.616815, 0.383185]"
minesweeper,client,456,5863,14,MR,F,evaluation,0,0,0.49932074546813965,0,0.5014635920524597,False,4,1.0,1,"[0.630951, 0.369049]"
minesweeper,client,456,5868,14,MR,F,evaluation,0,0,0.4995710551738739,0,0.5014635920524597,False,4,1.0,1,"[0.66121, 0.33879]"
minesweeper,client,456,5869,14,MR,F,evaluation,0,0,0.4995306730270386,0,0.5014635920524597,False,3,1.0,1,"[0.656334, 0.343666]"
minesweeper,client,456,5959,14,MR,F,evaluation,0,0,0.4993003010749817,0,0.5014635920524597,False,4,0.5,1,"[0.628476, 0.371524]"
minesweeper,client,456,5962,14,MR,F,evaluation,0,0,0.49910590052604675,0,0.5014635920524597,False,4,0.75,1,"[0.604972, 0.395028]"
minesweeper,client,456,5963,14,MR,F,evaluation,0,0,0.499449759721756,0,0.5014635920524597,False,4,0.75,1,"[0.646549, 0.353451]"
minesweeper,client,456,5966,14,MR,F,evaluation,0,0,0.49959951639175415,0,0.5014635920524597,False,4,1.0,1,"[0.664658, 0.335342]"
minesweeper,client,456,5968,14,MR,F,evaluation,0,0,0.49987661838531494,0,0.5014635920524597,False,4,0.75,1,"[0.698161, 0.301839]"
minesweeper,client,456,6058,14,MR,F,evaluation,0,0,0.49972864985466003,0,0.5014635920524597,False,3,0.6666666666666666,1,"[0.680274, 0.319726]"
minesweeper,client,456,6059,14,MR,F,evaluation,1,0,0.507882297039032,0,0.5112331509590149,False,4,0.0,0,"[0.648635, 0.351365]"
minesweeper,client,456,6060,14,MR,F,evaluation,0,0,0.4990963935852051,0,0.5014635920524597,False,4,1.0,1,"[0.603823, 0.396177]"
minesweeper,client,456,6061,14,MR,F,evaluation,0,0,0.4990517795085907,0,0.5014635920524597,False,4,0.75,1,"[0.598433, 0.401567]"
minesweeper,client,456,6063,14,MR,F,evaluation,1,0,0.5095493197441101,0,0.5112331509590149,False,4,0.25,0,"[0.609109, 0.390891]"
minesweeper,client,456,6064,14,MR,F,evaluation,0,0,0.49941518902778625,0,0.5014635920524597,False,4,0.75,1,"[0.642372, 0.357628]"
minesweeper,client,456,6068,14,MR,F,evaluation,0,0,0.5000237226486206,0,0.5014635920524597,False,4,0.5,1,"[0.71595, 0.28405]"
minesweeper,client,456,6069,14,MR,F,evaluation,1,0,0.5055972337722778,0,0.5112331509590149,False,4,0.0,0,"[0.701837, 0.298163]"
minesweeper,client,456,6071,14,MR,F,evaluation,0,0,0.49926769733428955,0,0.5014635920524597,False,2,1.0,1,"[0.624537, 0.375463]"
minesweeper,client,456,6159,14,MR,F,evaluation,0,0,0.4995918571949005,0,0.5014635920524597,False,4,0.75,1,"[0.663722, 0.336278]"
minesweeper,client,456,6162,14,MR,F,evaluation,1,0,0.5103129148483276,0,0.5112331509590149,False,4,0.25,0,"[0.590778, 0.409222]"
minesweeper,client,456,6163,14,MR,F,evaluation,0,0,0.4992973804473877,0,0.5014635920524597,False,4,0.75,1,"[0.628122, 0.371878]"
minesweeper,client,456,6164,14,MR,F,evaluation,0,0,0.4994092881679535,0,0.5014635920524597,False,4,0.75,1,"[0.641655, 0.358345]"
minesweeper,client,456,6165,14,MR,F,evaluation,1,0,0.5088273286819458,0,0.5112331509590149,False,4,0.0,0,"[0.626308, 0.373692]"
minesweeper,client,456,6166,14,MR,F,evaluation,0,0,0.49909114837646484,0,0.5014635920524597,False,4,0.75,1,"[0.603187, 0.396813]"
minesweeper,client,456,6262,14,MR,F,evaluation,1,0,0.5096803903579712,0,0.5112331509590149,False,4,0.25,0,"[0.605973, 0.394027]"
minesweeper,client,456,6264,14,MR,F,evaluation,0,0,0.49923640489578247,0,0.5014635920524597,False,4,1.0,1,"[0.620746, 0.379254]"
minesweeper,client,456,6266,14,MR,F,evaluation,0,0,0.49894556403160095,0,0.5014635920524597,False,4,0.75,1,"[0.58559, 0.41441]"
minesweeper,client,456,6269,14,MR,F,evaluation,0,0,0.5000980496406555,0,0.5014635920524597,False,4,0.75,1,"[0.724946, 0.275054]"
minesweeper,client,456,6270,14,MR,F,evaluation,0,0,0.49974244832992554,0,0.5014635920524597,False,4,0.5,1,"[0.681941, 0.318059]"
minesweeper,client,456,6357,14,MR,F,evaluation,1,0,0.5063385963439941,0,0.5112331509590149,False,4,0.25,0,"[0.68469, 0.31531]"
minesweeper,client,456,6359,14,MR,F,evaluation,0,0,0.49951040744781494,0,0.5014635920524597,False,4,0.75,1,"[0.653878, 0.346122]"
minesweeper,client,456,6362,14,MR,F,evaluation,1,0,0.5114971399307251,1,0.5112331509590149,False,4,0.5,0,"[0.562043, 0.437956]"
minesweeper,client,456,6364,14,MR,F,evaluation,0,0,0.498511403799057,0,0.5014635920524597,False,4,0.25,1,"[0.533114, 0.466886]"
minesweeper,client,456,6368,14,MR,F,evaluation,0,0,0.4994265139102936,0,0.5014635920524597,False,4,1.0,1,"[0.643734, 0.356266]"
minesweeper,client,456,6370,14,MR,F,evaluation,1,0,0.5044984221458435,0,0.5112331509590149,False,4,0.0,0,"[0.727064, 0.272936]"
minesweeper,client,456,6371,14,MR,F,evaluation,0,0,0.5000417828559875,0,0.5014635920524597,False,2,1.0,1,"[0.718134, 0.281866]"
minesweeper,client,456,6456,14,MR,F,evaluation,1,0,0.5072034597396851,0,0.5112331509590149,False,4,0.0,0,"[0.664551, 0.335449]"
minesweeper,client,456,6457,14,MR,F,evaluation,0,0,0.4995362460613251,0,0.5014635920524597,False,4,1.0,1,"[0.657006, 0.342994]"
minesweeper,client,456,6458,14,MR,F,evaluation,0,0,0.4993433356285095,0,0.5014635920524597,False,4,1.0,1,"[0.633683, 0.366317]"
minesweeper,client,456,6459,14,MR,F,evaluation,0,0,0.49913501739501953,0,0.5014635920524597,False,4,0.75,1,"[0.608494, 0.391506]"
minesweeper,client,456,6460,14,MR,F,evaluation,1,0,0.5107417702674866,0,0.5112331509590149,False,4,0.0,0,"[0.580416, 0.419584]"
minesweeper,client,456,6462,14,MR,F,evaluation,1,0,0.5105001926422119,0,0.5112331509590149,False,4,0.5,0,"[0.586258, 0.413742]"
minesweeper,client,456,6464,14,MR,F,evaluation,1,0,0.5109958648681641,0,0.5112331509590149,False,4,0.25,0,"[0.574254, 0.425746]"
minesweeper,client,456,6465,14,MR,F,evaluation,1,0,0.5107846856117249,0,0.5112331509590149,False,4,0.0,0,"[0.579376, 0.420624]"
minesweeper,client,456,6467,14,MR,F,evaluation,0,0,0.49927374720573425,0,0.5014635920524597,False,4,0.5,1,"[0.625265, 0.374735]"
minesweeper,client,456,6469,14,MR,F,evaluation,0,0,0.4995550215244293,0,0.5014635920524597,False,4,0.75,1,"[0.659277, 0.340723]"
minesweeper,client,456,6471,14,MR,F,evaluation,0,0,0.499911904335022,0,0.5014635920524597,False,2,1.0,1,"[0.702429, 0.297571]"
minesweeper,client,456,6555,14,MR,F,evaluation,0,0,0.4990774691104889,0,0.5014635920524597,False,3,1.0,1,"[0.601535, 0.398465]"
minesweeper,client,456,6556,14,MR,F,evaluation,0,0,0.499250590801239,0,0.5014635920524597,False,4,1.0,1,"[0.622461, 0.377539]"
minesweeper,client,456,6557,14,MR,F,evaluation,0,0,0.49945175647735596,0,0.5014635920524597,False,4,0.75,1,"[0.646787, 0.353213]"
minesweeper,client,456,6558,14,MR,F,evaluation,0,0,0.4994419515132904,0,0.5014635920524597,False,4,0.75,1,"[0.645603, 0.354397]"
minesweeper,client,456,6560,14,MR,F,evaluation,0,0,0.49925681948661804,0,0.5014635920524597,False,4,0.75,1,"[0.623217, 0.376783]"
minesweeper,client,456,6562,14,MR,F,evaluation,1,0,0.5075668692588806,0,0.5112331509590149,False,4,0.0,0,"[0.656043, 0.343957]"
minesweeper,client,456,6566,14,MR,F,evaluation,0,0,0.49920395016670227,0,0.5014635920524597,False,4,0.5,1,"[0.616829, 0.383171]"
minesweeper,client,456,6570,14,MR,F,evaluation,0,0,0.49957311153411865,0,0.5014635920524597,False,4,0.75,1,"[0.661456, 0.338544]"
minesweeper,client,456,6655,14,MR,F,evaluation,0,0,0.49871906638145447,0,0.5014635920524597,False,3,0.6666666666666666,1,"[0.558216, 0.441784]"
minesweeper,client,456,6656,14,MR,F,evaluation,0,0,0.4992624521255493,0,0.5014635920524597,False,4,0.75,1,"[0.6239, 0.3761]"
minesweeper,client,456,6663,14,MR,F,evaluation,0,0,0.4993278682231903,0,0.5014635920524597,False,4,0.5,1,"[0.631811, 0.368189]"
minesweeper,client,456,6664,14,MR,F,evaluation,0,0,0.4988757073879242,0,0.5014635920524597,False,4,0.75,1,"[0.577149, 0.422851]"
minesweeper,client,456,6665,14,MR,F,evaluation,0,0,0.49905452132225037,0,0.5014635920524597,False,4,0.25,1,"[0.598762, 0.401238]"
minesweeper,client,456,6666,14,MR,F,evaluation,1,0,0.5080631375312805,0,0.5112331509590149,False,4,0.25,0,"[0.644378, 0.355622]"
minesweeper,client,456,6667,14,MR,F,evaluation,0,0,0.49952343106269836,0,0.5014635920524597,False,4,0.5,1,"[0.655451, 0.344549]"
minesweeper,client,456,6668,14,MR,F,evaluation,0,0,0.4992014765739441,0,0.5014635920524597,False,4,0.75,1,"[0.61653, 0.38347]"
minesweeper,client,456,6669,14,MR,F,evaluation,0,0,0.4993343651294708,0,0.5014635920524597,False,4,0.5,1,"[0.632591, 0.367409]"
minesweeper,client,456,6670,14,MR,F,evaluation,1,0,0.5050398111343384,0,0.5112331509590149,False,4,0.0,0,"[0.714661, 0.285339]"
minesweeper,client,456,6672,14,MR,F,evaluation,0,0,0.5012685060501099,0,0.5014635920524597,False,3,1.0,1,"[0.866563, 0.133437]"
minesweeper,client,456,6756,14,MR,F,evaluation,1,0,0.5094483494758606,0,0.5112331509590149,False,4,0.5,0,"[0.611522, 0.388478]"
minesweeper,client,456,6757,14,MR,F,evaluation,0,0,0.4992634356021881,0,0.5014635920524597,False,4,0.5,1,"[0.624022, 0.375978]"
minesweeper,client,456,6758,14,MR,F,evaluation,1,0,0.5089011192321777,0,0.5112331509590149,False,4,0.0,0,"[0.624556, 0.375444]"
minesweeper,client,456,6761,14,MR,F,evaluation,1,0,0.5090981125831604,0,0.5112331509590149,False,4,0.25,0,"[0.619872, 0.380128]"
minesweeper,client,456,6764,14,MR,F,evaluation,1,0,0.5123277306556702,1,0.5112331509590149,False,4,0.0,0,"[0.541655, 0.458345]"
minesweeper,client,456,6765,14,MR,F,evaluation,0,0,0.4988468587398529,0,0.5014635920524597,False,4,0.75,1,"[0.573655, 0.426345]"
minesweeper,client,456,6768,14,MR,F,evaluation,1,0,0.5104126334190369,0,0.5112331509590149,False,4,0.5,0,"[0.588373, 0.411627]"
minesweeper,client,456,6769,14,MR,F,evaluation,0,0,0.4990563988685608,0,0.5014635920524597,False,4,0.75,1,"[0.598989, 0.401011]"
minesweeper,client,456,6772,14,MR,F,evaluation,0,0,0.5009133219718933,0,0.5014635920524597,False,4,0.75,1,"[0.823571, 0.176429]"
minesweeper,client,456,6855,14,MR,F,evaluation,1,0,0.5120897889137268,1,0.5112331509590149,False,4,0.5,0,"[0.547516, 0.452484]"
minesweeper,client,456,6856,14,MR,F,evaluation,1,0,0.5122097134590149,1,0.5112331509590149,False,4,0.5,0,"[0.544565, 0.455435]"
minesweeper,client,456,6860,14,MR,F,evaluation,0,0,0.4994005560874939,0,0.5014635920524597,False,4,0.75,1,"[0.640597, 0.359403]"
minesweeper,client,456,6861,14,MR,F,evaluation,0,0,0.49904993176460266,0,0.5014635920524597,False,4,0.75,1,"[0.59821, 0.40179]"
minesweeper,client,456,6862,14,MR,F,evaluation,0,0,0.49850568175315857,0,0.5014635920524597,False,4,0.5,1,"[0.532426, 0.467574]"
minesweeper,client,456,6865,14,MR,F,evaluation,0,0,0.49826741218566895,0,0.5014635920524597,False,4,0.5,1,"[0.50363, 0.49637]"
minesweeper,client,456,6867,14,MR,F,evaluation,1,0,0.512256920337677,1,0.5112331509590149,False,4,0.5,0,"[0.5434, 0.4566]"
minesweeper,client,456,6868,14,MR,F,evaluation,0,0,0.49835407733917236,0,0.5014635920524597,False,4,0.25,1,"[0.5141, 0.4859]"
minesweeper,client,456,6869,14,MR,F,evaluation,1,0,0.5125344395637512,1,0.5112331509590149,False,4,0.5,0,"[0.536548, 0.463452]"
minesweeper,client,456,6870,14,MR,F,evaluation,0,0,0.4990786015987396,0,0.5014635920524597,False,4,0.75,1,"[0.601677, 0.398323]"
minesweeper,client,456,6871,14,MR,F,evaluation,0,0,0.49968037009239197,0,0.5014635920524597,False,4,1.0,1,"[0.674432, 0.325568]"
minesweeper,client,456,6873,14,MR,F,evaluation,1,0,0.5063075423240662,0,0.5112331509590149,False,1,0.0,0,"[0.68541, 0.31459]"
minesweeper,client,456,6956,14,MR,F,evaluation,1,0,0.5108761787414551,0,0.5112331509590149,False,4,0.25,0,"[0.577159, 0.422841]"
minesweeper,client,456,6957,14,MR,F,evaluation,1,0,0.5110582113265991,0,0.5112331509590149,False,4,0.0,0,"[0.572739, 0.427261]"
minesweeper,client,456,6958,14,MR,F,evaluation,0,0,0.49904099106788635,0,0.5014635920524597,False,4,1.0,1,"[0.597129, 0.402871]"
minesweeper,client,456,6959,14,MR,F,evaluation,0,0,0.4992438554763794,0,0.5014635920524597,False,4,0.75,1,"[0.621655, 0.378345]"
minesweeper,client,456,6961,14,MR,F,evaluation,1,0,0.5111510753631592,0,0.5112331509590149,False,4,0.5,0,"[0.57048, 0.42952]"
minesweeper,client,456,6963,14,MR,F,evaluation,1,0,0.513889491558075,1,0.5112331509590149,False,4,0.5,0,"[0.502744, 0.497256]"
minesweeper,client,456,6964,14,MR,F,evaluation,0,0,0.49824538826942444,0,0.5014635920524597,False,4,0.5,1,"[0.500968, 0.499032]"
minesweeper,client,456,6969,14,MR,F,evaluation,1,0,0.5101192593574524,0,0.5112331509590149,False,4,0.0,0,"[0.595441, 0.404559]"
minesweeper,client,456,6971,14,MR,F,evaluation,0,0,0.4996100068092346,0,0.5014635920524597,False,4,0.75,1,"[0.665917, 0.334083]"
minesweeper,client,456,7055,14,MR,F,evaluation,0,0,0.5000390410423279,0,0.5014635920524597,False,4,1.0,1,"[0.717804, 0.282196]"
minesweeper,client,456,7056,14,MR,F,evaluation,0,0,0.5001656413078308,0,0.5014635920524597,False,4,1.0,1,"[0.733119, 0.266881]"
minesweeper,client,456,7057,14,MR,F,evaluation,0,0,0.5000872015953064,0,0.5014635920524597,False,4,0.75,1,"[0.723632, 0.276368]"
minesweeper,client,456,7062,14,MR,F,evaluation,1,0,0.5132783055305481,1,0.5112331509590149,False,4,0.5,0,"[0.518064, 0.481936]"
minesweeper,client,456,7065,14,MR,F,evaluation,0,0,0.499067097902298,0,0.5014635920524597,False,4,0.75,1,"[0.600285, 0.399715]"
minesweeper,client,456,7070,14,MR,F,evaluation,0,0,0.49962368607521057,0,0.5014635920524597,False,4,0.75,1,"[0.667578, 0.332422]"
minesweeper,client,456,7071,14,MR,F,evaluation,1,0,0.5087353587150574,0,0.5112331509590149,False,4,0.25,0,"[0.628489, 0.37151]"
minesweeper,client,456,7072,14,MR,F,evaluation,0,0,0.49911633133888245,0,0.5014635920524597,False,3,0.6666666666666666,1,"[0.606234, 0.393766]"
minesweeper,client,456,7156,14,MR,F,evaluation,0,0,0.5012887120246887,0,0.5014635920524597,False,4,1.0,1,"[0.869003, 0.130997]"
minesweeper,client,456,7157,14,MR,F,evaluation,0,0,0.5009521842002869,0,0.5014635920524597,False,4,0.75,1,"[0.828276, 0.171724]"
minesweeper,client,456,7158,14,MR,F,evaluation,1,0,0.5036194324493408,0,0.5112331509590149,False,4,0.0,0,"[0.747096, 0.252904]"
minesweeper,client,456,7162,14,MR,F,evaluation,0,0,0.49893057346343994,0,0.5014635920524597,False,4,0.5,1,"[0.583779, 0.416221]"
minesweeper,client,456,7163,14,MR,F,evaluation,1,0,0.5105909109115601,0,0.5112331509590149,False,4,0.5,0,"[0.584067, 0.415933]"
minesweeper,client,456,7164,14,MR,F,evaluation,0,0,0.4992171823978424,0,0.5014635920524597,False,4,0.5,1,"[0.618424, 0.381576]"
minesweeper,client,456,7166,14,MR,F,evaluation,1,0,0.503546416759491,0,0.5112331509590149,False,4,0.25,0,"[0.748754, 0.251246]"
minesweeper,client,456,7167,14,MR,F,evaluation,1,0,0.5018625259399414,0,0.5112331509590149,False,4,0.0,0,"[0.786778, 0.213222]"
minesweeper,client,456,7169,14,MR,F,evaluation,0,0,0.5002012848854065,0,0.5014635920524597,False,4,1.0,1,"[0.737427, 0.262573]"
minesweeper,client,456,7170,14,MR,F,evaluation,0,0,0.49940502643585205,0,0.5014635920524597,False,4,1.0,1,"[0.641136, 0.358864]"
minesweeper,client,456,7172,14,MR,F,evaluation,1,0,0.5092543363571167,0,0.5112331509590149,False,4,0.0,0,"[0.61615, 0.38385]"
minesweeper,client,456,7173,14,MR,F,evaluation,0,0,0.4990450441837311,0,0.5014635920524597,False,2,1.0,1,"[0.597611, 0.402389]"
minesweeper,client,456,7255,14,MR,F,evaluation,0,0,0.5007854104042053,0,0.5014635920524597,False,1,1.0,1,"[0.808097, 0.191903]"
minesweeper,client,456,7256,14,MR,F,evaluation,0,0,0.5009738206863403,0,0.5014635920524597,False,1,1.0,1,"[0.830891, 0.169109]"
minesweeper,client,456,7259,14,MR,F,evaluation,0,0,0.49949169158935547,0,0.5014635920524597,False,2,1.0,1,"[0.651617, 0.348383]"
minesweeper,client,456,7262,14,MR,F,evaluation,0,0,0.4995395839214325,0,0.5014635920524597,False,4,0.75,1,"[0.657408, 0.342592]"
minesweeper,client,456,7263,14,MR,F,evaluation,1,0,0.5072157382965088,0,0.5112331509590149,False,4,0.25,0,"[0.664264, 0.335736]"
minesweeper,client,456,7264,14,MR,F,evaluation,1,0,0.5050309896469116,0,0.5112331509590149,False,4,0.0,0,"[0.714863, 0.285137]"
minesweeper,client,456,7266,14,MR,F,evaluation,0,0,0.5012273192405701,0,0.5014635920524597,False,4,1.0,1,"[0.861576, 0.138424]"
minesweeper,client,456,7269,14,MR,F,evaluation,0,0,0.5003055930137634,0,0.5014635920524597,False,4,1.0,1,"[0.750046, 0.249954]"
minesweeper,client,456,7364,14,MR,F,evaluation,0,0,0.5003689527511597,0,0.5014635920524597,False,4,1.0,1,"[0.757709, 0.242291]"
minesweeper,client,456,7365,14,MR,F,evaluation,0,0,0.5006038546562195,0,0.5014635920524597,False,4,1.0,1,"[0.786132, 0.213868]"
minesweeper,client,456,7366,14,MR,F,evaluation,0,0,0.5004419088363647,0,0.5014635920524597,False,4,0.75,1,"[0.76653, 0.23347]"
minesweeper,client,456,7369,14,MR,F,evaluation,0,0,0.500205934047699,0,0.5014635920524597,False,4,1.0,1,"[0.737994, 0.262006]"
minesweeper,client,456,7371,14,MR,F,evaluation,1,0,0.5097258687019348,0,0.5112331509590149,False,4,0.25,0,"[0.604884, 0.395116]"
minesweeper,client,456,7372,14,MR,F,evaluation,0,0,0.4992166757583618,0,0.5014635920524597,False,3,0.6666666666666666,1,"[0.618366, 0.381634]"
minesweeper,client,456,7460,14,MR,F,evaluation,0,0,0.5005707144737244,0,0.5014635920524597,False,1,1.0,1,"[0.782118, 0.217882]"
minesweeper,client,456,7463,14,MR,F,evaluation,0,0,0.4999527633190155,0,0.5014635920524597,False,3,0.6666666666666666,1,"[0.707369, 0.292631]"
minesweeper,client,456,7466,14,MR,F,evaluation,0,0,0.49959784746170044,0,0.5014635920524597,False,4,0.75,1,"[0.664455, 0.335545]"
minesweeper,client,456,7467,14,MR,F,evaluation,1,0,0.5055308938026428,0,0.5112331509590149,False,4,0.0,0,"[0.703365, 0.296635]"
minesweeper,client,456,7563,14,MR,F,evaluation,1,0,0.5047340393066406,0,0.5112331509590149,False,2,0.0,0,"[0.721672, 0.278328]"
minesweeper,client,456,7564,14,MR,F,evaluation,0,0,0.49995535612106323,0,0.5014635920524597,False,3,1.0,1,"[0.707683, 0.292317]"
minesweeper,client,456,7565,14,MR,F,evaluation,0,0,0.4999813437461853,0,0.5014635920524597,False,4,0.75,1,"[0.710823, 0.289177]"
minesweeper,client,456,7566,14,MR,F,evaluation,0,0,0.500224232673645,0,0.5014635920524597,False,4,0.75,1,"[0.7402, 0.2598]"
minesweeper,client,456,7567,14,MR,F,evaluation,0,0,0.5006241202354431,0,0.5014635920524597,False,4,0.75,1,"[0.788581, 0.211419]"
minesweeper,client,456,7568,14,MR,F,evaluation,0,0,0.5007240772247314,0,0.5014635920524597,False,4,1.0,1,"[0.80067, 0.19933]"
minesweeper,client,456,7664,14,MR,F,evaluation,0,0,0.49973416328430176,0,0.5014635920524597,False,1,1.0,1,"[0.680934, 0.319066]"
minesweeper,client,456,7666,14,MR,F,evaluation,1,0,0.5017575621604919,0,0.5112331509590149,False,3,0.0,0,"[0.789135, 0.210865]"
minesweeper,client,456,7670,14,MR,F,evaluation,0,0,0.5015240907669067,1,0.5014635920524597,False,2,1.0,1,"[0.897495, 0.102505]"
minesweeper,client,456,7671,14,MR,F,evaluation,0,0,0.5020973682403564,1,0.5014635920524597,False,1,0.0,1,"[0.966918, 0.033082]"
minesweeper,client,456,7672,14,MR,F,evaluation,1,0,0.495285302400589,0,0.5112331509590149,False,0,,0,"[0.932137, 0.067863]"
minesweeper,client,456,7767,14,MR,F,evaluation,0,0,0.5003886818885803,0,0.5014635920524597,False,1,1.0,1,"[0.760097, 0.239903]"
minesweeper,client,456,7768,14,MR,F,evaluation,0,0,0.5006396174430847,0,0.5014635920524597,False,1,1.0,1,"[0.790452, 0.209548]"
minesweeper,client,456,3686,4,MR,H,evaluation,0,0,0.5001819729804993,0,0.5014635920524597,False,4,1.0,1,"[0.735092, 0.264908]"
minesweeper,client,456,3784,4,MR,H,evaluation,1,0,0.5063992142677307,0,0.5112331509590149,False,4,0.0,0,"[0.683284, 0.316716]"
minesweeper,client,456,3787,4,MR,H,evaluation,0,0,0.4994090497493744,0,0.5014635920524597,False,4,1.0,1,"[0.641622, 0.358378]"
minesweeper,client,456,3879,4,MR,H,evaluation,0,0,0.498913437128067,0,0.5014635920524597,False,4,1.0,1,"[0.581707, 0.418293]"
minesweeper,client,456,3882,4,MR,H,evaluation,0,0,0.4987061321735382,0,0.5014635920524597,False,4,0.75,1,"[0.556652, 0.443348]"
minesweeper,client,456,3889,4,MR,H,evaluation,1,0,0.5079232454299927,0,0.5112331509590149,False,4,0.25,0,"[0.647673, 0.352327]"
minesweeper,client,456,3978,4,MR,H,evaluation,0,0,0.49893519282341003,0,0.5014635920524597,False,4,0.75,1,"[0.584341, 0.415659]"
minesweeper,client,456,3979,4,MR,H,evaluation,0,0,0.49888649582862854,0,0.5014635920524597,False,4,0.75,1,"[0.578449, 0.421551]"
minesweeper,client,456,3984,4,MR,H,evaluation,1,0,0.5063170194625854,0,0.5112331509590149,False,4,0.25,0,"[0.68519, 0.31481]"
minesweeper,client,456,3987,4,MR,H,evaluation,0,0,0.49938908219337463,0,0.5014635920524597,False,4,0.5,1,"[0.639203, 0.360797]"
minesweeper,client,456,3989,4,MR,H,evaluation,0,0,0.4999094307422638,0,0.5014635920524597,False,4,0.5,1,"[0.702128, 0.297872]"
minesweeper,client,456,3990,4,MR,H,evaluation,1,0,0.506003737449646,0,0.5112331509590149,False,4,0.0,0,"[0.692447, 0.307553]"
minesweeper,client,456,3991,4,MR,H,evaluation,0,0,0.4996221363544464,0,0.5014635920524597,False,4,0.75,1,"[0.667389, 0.332611]"
minesweeper,client,456,4079,4,MR,H,evaluation,0,0,0.4992610514163971,0,0.5014635920524597,False,4,0.5,1,"[0.623732, 0.376268]"
minesweeper,client,456,4084,4,MR,H,evaluation,0,0,0.49964842200279236,0,0.5014635920524597,False,4,1.0,1,"[0.67057, 0.32943]"
minesweeper,client,456,4085,4,MR,H,evaluation,0,0,0.4995878338813782,0,0.5014635920524597,False,4,1.0,1,"[0.663242, 0.336758]"
minesweeper,client,456,4087,4,MR,H,evaluation,1,0,0.5061281323432922,0,0.5112331509590149,False,4,0.25,0,"[0.689568, 0.310432]"
minesweeper,client,456,4175,4,MR,H,evaluation,0,0,0.4998742938041687,0,0.5014635920524597,False,4,1.0,1,"[0.69788, 0.30212]"
minesweeper,client,456,4181,4,MR,H,evaluation,1,0,0.5073837041854858,0,0.5112331509590149,False,4,0.0,0,"[0.660335, 0.339665]"
minesweeper,client,456,4183,4,MR,H,evaluation,0,0,0.499594122171402,0,0.5014635920524597,False,4,1.0,1,"[0.663998, 0.336002]"
minesweeper,client,456,4185,4,MR,H,evaluation,0,0,0.5001158118247986,0,0.5014635920524597,False,4,0.75,1,"[0.727095, 0.272905]"
minesweeper,client,456,4187,4,MR,H,evaluation,0,0,0.500147819519043,0,0.5014635920524597,False,4,0.75,1,"[0.730962, 0.269038]"
minesweeper,client,456,4190,4,MR,H,evaluation,0,0,0.49942371249198914,0,0.5014635920524597,False,4,1.0,1,"[0.643396, 0.356604]"
minesweeper,client,456,4192,4,MR,H,evaluation,0,0,0.4996516704559326,0,0.5014635920524597,False,4,0.5,1,"[0.67096, 0.32904]"
minesweeper,client,456,4195,4,MR,H,evaluation,0,0,0.4990096688270569,0,0.5014635920524597,False,4,0.75,1,"[0.59334, 0.40666]"
minesweeper,client,456,4274,4,MR,H,evaluation,0,0,0.4997774362564087,0,0.5014635920524597,False,2,1.0,1,"[0.686169, 0.313831]"
minesweeper,client,456,4276,4,MR,H,evaluation,0,0,0.4998317062854767,0,0.5014635920524597,False,4,0.75,1,"[0.692733, 0.307267]"
minesweeper,client,456,4293,4,MR,H,evaluation,1,0,0.506700873374939,0,0.5112331509590149,False,4,0.5,0,"[0.676274, 0.323726]"
minesweeper,client,456,4380,4,MR,H,evaluation,0,0,0.500108003616333,0,0.5014635920524597,False,4,1.0,1,"[0.72615, 0.27385]"
minesweeper,client,456,4386,4,MR,H,evaluation,0,0,0.49991312623023987,0,0.5014635920524597,False,4,1.0,1,"[0.702575, 0.297425]"
minesweeper,client,456,4391,4,MR,H,evaluation,0,0,0.49992501735687256,0,0.5014635920524597,False,4,0.75,1,"[0.70402, 0.29598]"
minesweeper,client,456,4398,4,MR,H,evaluation,1,0,0.5070176720619202,0,0.5112331509590149,False,4,0.0,0,"[0.66889, 0.33111]"
minesweeper,client,456,4481,4,MR,H,evaluation,0,0,0.5004450678825378,0,0.5014635920524597,False,4,1.0,1,"[0.76692, 0.23308]"
minesweeper,client,456,4489,4,MR,H,evaluation,0,0,0.499849408864975,0,0.5014635920524597,False,4,1.0,1,"[0.694869, 0.305131]"
minesweeper,client,456,4491,4,MR,H,evaluation,0,0,0.4996793866157532,0,0.5014635920524597,False,4,1.0,1,"[0.674311, 0.325689]"
minesweeper,client,456,4493,4,MR,H,evaluation,0,0,0.4992741346359253,0,0.5014635920524597,False,4,0.75,1,"[0.625312, 0.374688]"
minesweeper,client,456,4495,4,MR,H,evaluation,1,0,0.5124250054359436,1,0.5112331509590149,False,4,0.25,0,"[0.539253, 0.460747]"
minesweeper,client,456,4496,4,MR,H,evaluation,0,0,0.4993150234222412,0,0.5014635920524597,False,4,1.0,1,"[0.630252, 0.369748]"
minesweeper,client,456,4583,4,MR,H,evaluation,0,0,0.4996112287044525,0,0.5014635920524597,False,4,1.0,1,"[0.66607, 0.33393]"
minesweeper,client,456,4585,4,MR,H,evaluation,0,0,0.4995451271533966,0,0.5014635920524597,False,4,0.5,1,"[0.658076, 0.341924]"
minesweeper,client,456,4594,4,MR,H,evaluation,1,0,0.5118221044540405,1,0.5112331509590149,False,4,0.75,0,"[0.55409, 0.44591]"
minesweeper,client,456,4595,4,MR,H,evaluation,0,0,0.499224454164505,0,0.5014635920524597,False,4,0.5,1,"[0.619309, 0.380691]"
minesweeper,client,456,4596,4,MR,H,evaluation,0,0,0.49977266788482666,0,0.5014635920524597,False,4,0.75,1,"[0.685592, 0.314408]"
minesweeper,client,456,4598,4,MR,H,evaluation,0,0,0.50071120262146,0,0.5014635920524597,False,4,1.0,1,"[0.79912, 0.20088]"
minesweeper,client,456,4678,4,MR,H,evaluation,0,0,0.4993552267551422,0,0.5014635920524597,False,4,1.0,1,"[0.635118, 0.364882]"
minesweeper,client,456,4681,4,MR,H,evaluation,0,0,0.4991160035133362,0,0.5014635920524597,False,4,0.75,1,"[0.606196, 0.393804]"
minesweeper,client,456,4684,4,MR,H,evaluation,0,0,0.4988921582698822,0,0.5014635920524597,False,4,0.75,1,"[0.579138, 0.420862]"
minesweeper,client,456,4686,4,MR,H,evaluation,1,0,0.506089448928833,0,0.5112331509590149,False,4,0.0,0,"[0.690465, 0.309535]"
minesweeper,client,456,4688,4,MR,H,evaluation,0,0,0.4995453357696533,0,0.5014635920524597,False,4,1.0,1,"[0.658103, 0.341897]"
minesweeper,client,456,4696,4,MR,H,evaluation,0,0,0.5001979470252991,0,0.5014635920524597,False,4,1.0,1,"[0.737028, 0.262972]"
minesweeper,client,456,4777,4,MR,H,evaluation,0,0,0.49939894676208496,0,0.5014635920524597,False,3,0.3333333333333333,1,"[0.640398, 0.359602]"
minesweeper,client,456,4779,4,MR,H,evaluation,0,0,0.4995599389076233,0,0.5014635920524597,False,4,0.5,1,"[0.659871, 0.340129]"
minesweeper,client,456,4782,4,MR,H,evaluation,1,0,0.512324869632721,1,0.5112331509590149,False,4,0.5,0,"[0.541725, 0.458275]"
minesweeper,client,456,4783,4,MR,H,evaluation,0,0,0.49829602241516113,0,0.5014635920524597,False,4,0.5,1,"[0.507084, 0.492916]"
minesweeper,client,456,4788,4,MR,H,evaluation,0,0,0.49946892261505127,0,0.5014635920524597,False,4,0.5,1,"[0.648866, 0.351134]"
minesweeper,client,456,4789,4,MR,H,evaluation,0,0,0.49938687682151794,0,0.5014635920524597,False,4,0.5,1,"[0.638942, 0.361059]"
minesweeper,client,456,4790,4,MR,H,evaluation,1,0,0.5084986090660095,0,0.5112331509590149,False,4,0.5,0,"[0.634097, 0.365903]"
minesweeper,client,456,4791,4,MR,H,evaluation,1,0,0.5084747672080994,0,0.5112331509590149,False,4,0.25,0,"[0.634661, 0.365339]"
minesweeper,client,456,4884,4,MR,H,evaluation,1,0,0.5092760920524597,0,0.5112331509590149,False,4,0.25,0,"[0.615632, 0.384368]"
minesweeper,client,456,4885,4,MR,H,evaluation,0,0,0.4993893504142761,0,0.5014635920524597,False,4,0.5,1,"[0.639247, 0.360753]"
minesweeper,client,456,4886,4,MR,H,evaluation,0,0,0.4993656873703003,0,0.5014635920524597,False,4,0.5,1,"[0.636381, 0.363619]"
minesweeper,client,456,4887,4,MR,H,evaluation,1,0,0.5084994435310364,0,0.5112331509590149,False,4,0.25,0,"[0.634078, 0.365922]"
minesweeper,client,456,4889,4,MR,H,evaluation,1,0,0.5084079504013062,0,0.5112331509590149,False,4,0.0,0,"[0.636242, 0.363758]"
minesweeper,client,456,4890,4,MR,H,evaluation,0,0,0.49922990798950195,0,0.5014635920524597,False,4,1.0,1,"[0.619965, 0.380035]"
minesweeper,client,456,4893,4,MR,H,evaluation,0,0,0.49905693531036377,0,0.5014635920524597,False,4,0.75,1,"[0.599051, 0.400949]"
minesweeper,client,456,4898,4,MR,H,evaluation,0,0,0.4999642074108124,0,0.5014635920524597,False,4,0.5,1,"[0.708753, 0.291247]"
minesweeper,client,456,4979,4,MR,H,evaluation,0,0,0.4992044270038605,0,0.5014635920524597,False,4,0.25,1,"[0.616888, 0.383112]"
minesweeper,client,456,4980,4,MR,H,evaluation,0,0,0.49929696321487427,0,0.5014635920524597,False,4,0.5,1,"[0.628069, 0.371931]"
minesweeper,client,456,4983,4,MR,H,evaluation,0,0,0.49970752000808716,0,0.5014635920524597,False,4,0.25,1,"[0.677711, 0.322289]"
minesweeper,client,456,4985,4,MR,H,evaluation,0,0,0.499125599861145,0,0.5014635920524597,False,4,0.5,1,"[0.60735, 0.39265]"
minesweeper,client,456,4987,4,MR,H,evaluation,0,0,0.49936988949775696,0,0.5014635920524597,False,4,1.0,1,"[0.636887, 0.363113]"
minesweeper,client,456,4990,4,MR,H,evaluation,0,0,0.4992908835411072,0,0.5014635920524597,False,4,1.0,1,"[0.627337, 0.372663]"
minesweeper,client,456,4996,4,MR,H,evaluation,0,0,0.49998873472213745,0,0.5014635920524597,False,4,1.0,1,"[0.711717, 0.288283]"
minesweeper,client,456,4997,4,MR,H,evaluation,0,0,0.5001077651977539,0,0.5014635920524597,False,4,1.0,1,"[0.726116, 0.273884]"
minesweeper,client,456,4998,4,MR,H,evaluation,0,0,0.5000749230384827,0,0.5014635920524597,False,4,0.75,1,"[0.722145, 0.277855]"
minesweeper,client,456,5075,4,MR,H,evaluation,1,0,0.5104187726974487,0,0.5112331509590149,False,3,0.6666666666666666,0,"[0.588224, 0.411776]"
minesweeper,client,456,5083,4,MR,H,evaluation,0,0,0.4989490509033203,0,0.5014635920524597,False,4,0.25,1,"[0.586017, 0.413983]"
minesweeper,client,456,5084,4,MR,H,evaluation,1,0,0.5125545859336853,1,0.5112331509590149,False,4,0.5,0,"[0.536049, 0.463951]"
minesweeper,client,456,5090,4,MR,H,evaluation,0,0,0.4989561140537262,0,0.5014635920524597,False,4,0.5,1,"[0.58687, 0.41313]"
minesweeper,client,456,5094,4,MR,H,evaluation,0,0,0.49919483065605164,0,0.5014635920524597,False,4,0.75,1,"[0.615727, 0.384273]"
minesweeper,client,456,5095,4,MR,H,evaluation,0,0,0.4990638196468353,0,0.5014635920524597,False,4,0.75,1,"[0.599885, 0.400115]"
minesweeper,client,456,5099,4,MR,H,evaluation,0,0,0.4998350143432617,0,0.5014635920524597,False,2,1.0,1,"[0.693135, 0.306865]"
minesweeper,client,456,5180,4,MR,H,evaluation,1,0,0.5060679316520691,0,0.5112331509590149,False,4,0.5,0,"[0.690963, 0.309037]"
minesweeper,client,456,5181,4,MR,H,evaluation,1,0,0.5087670087814331,0,0.5112331509590149,False,4,0.5,0,"[0.62774, 0.37226]"
minesweeper,client,456,5182,4,MR,H,evaluation,0,0,0.4989294409751892,0,0.5014635920524597,False,4,0.25,1,"[0.583642, 0.416358]"
minesweeper,client,456,5183,4,MR,H,evaluation,1,0,0.5107357501983643,0,0.5112331509590149,False,4,0.5,0,"[0.580563, 0.419437]"
minesweeper,client,456,5194,4,MR,H,evaluation,0,0,0.4985838830471039,0,0.5014635920524597,False,4,0.5,1,"[0.541877, 0.458123]"
minesweeper,client,456,5199,4,MR,H,evaluation,0,0,0.5005318522453308,0,0.5014635920524597,False,2,1.0,1,"[0.777422, 0.222578]"
minesweeper,client,456,5276,4,MR,H,evaluation,0,0,0.4997800588607788,0,0.5014635920524597,False,3,0.6666666666666666,1,"[0.68648, 0.31352]"
minesweeper,client,456,5281,4,MR,H,evaluation,1,0,0.5088476538658142,0,0.5112331509590149,False,4,0.25,0,"[0.625825, 0.374175]"
minesweeper,client,456,5289,4,MR,H,evaluation,0,0,0.49980440735816956,0,0.5014635920524597,False,4,1.0,1,"[0.689427, 0.310573]"
minesweeper,client,456,5291,4,MR,H,evaluation,0,0,0.4991925060749054,0,0.5014635920524597,False,4,1.0,1,"[0.615445, 0.384555]"
minesweeper,client,456,5292,4,MR,H,evaluation,0,0,0.4991508722305298,0,0.5014635920524597,False,4,0.75,1,"[0.610416, 0.389584]"
minesweeper,client,456,5298,4,MR,H,evaluation,0,0,0.5008538961410522,0,0.5014635920524597,False,4,1.0,1,"[0.816386, 0.183614]"
minesweeper,client,456,5379,4,MR,H,evaluation,0,0,0.5002200603485107,0,0.5014635920524597,False,4,1.0,1,"[0.739701, 0.260299]"
minesweeper,client,456,5381,4,MR,H,evaluation,0,0,0.49981045722961426,0,0.5014635920524597,False,4,0.75,1,"[0.690165, 0.309835]"
minesweeper,client,456,5397,4,MR,H,evaluation,0,0,0.5007253289222717,0,0.5014635920524597,False,4,0.75,1,"[0.800824, 0.199176]"
minesweeper,client,456,5477,4,MR,H,evaluation,0,0,0.5007848143577576,0,0.5014635920524597,False,4,1.0,1,"[0.808021, 0.191979]"
minesweeper,client,456,5482,4,MR,H,evaluation,1,0,0.5032346844673157,0,0.5112331509590149,False,4,0.0,0,"[0.755826, 0.244174]"
minesweeper,client,456,5483,4,MR,H,evaluation,0,0,0.5004884004592896,0,0.5014635920524597,False,4,1.0,1,"[0.772158, 0.227842]"
minesweeper,client,456,5486,4,MR,H,evaluation,0,0,0.5006532669067383,0,0.5014635920524597,False,4,1.0,1,"[0.792108, 0.207892]"
minesweeper,client,456,5492,4,MR,H,evaluation,0,0,0.4997861683368683,0,0.5014635920524597,False,1,1.0,1,"[0.687221, 0.312779]"
minesweeper,client,456,5493,4,MR,H,evaluation,0,0,0.4997861683368683,0,0.5014635920524597,False,1,1.0,1,"[0.687221, 0.312779]"
minesweeper,client,456,5494,4,MR,H,evaluation,0,0,0.5001698136329651,0,0.5014635920524597,False,1,1.0,1,"[0.733623, 0.266377]"
minesweeper,client,456,5496,4,MR,H,evaluation,1,0,0.5035763382911682,0,0.5112331509590149,False,1,0.0,0,"[0.748074, 0.251925]"
minesweeper,client,456,5499,4,MR,H,evaluation,0,0,0.5007979273796082,0,0.5014635920524597,False,2,1.0,1,"[0.809613, 0.190387]"
minesweeper,client,456,5576,4,MR,H,evaluation,0,0,0.4995530843734741,0,0.5014635920524597,False,3,1.0,1,"[0.659035, 0.340965]"
minesweeper,client,456,5577,4,MR,H,evaluation,0,0,0.49979525804519653,0,0.5014635920524597,False,4,0.75,1,"[0.688323, 0.311677]"
minesweeper,client,456,5578,4,MR,H,evaluation,0,0,0.4996660053730011,0,0.5014635920524597,False,4,0.75,1,"[0.672695, 0.327305]"
minesweeper,client,456,5679,4,MR,H,evaluation,0,0,0.5003230571746826,0,0.5014635920524597,False,4,1.0,1,"[0.752159, 0.247841]"
minesweeper,client,456,5777,4,MR,H,evaluation,1,0,0.5015742182731628,0,0.5112331509590149,False,3,0.3333333333333333,0,"[0.793249, 0.206751]"
minesweeper,client,456,5779,4,MR,H,evaluation,0,0,0.5010397434234619,0,0.5014635920524597,False,3,0.6666666666666666,1,"[0.838874, 0.161126]"
minesweeper,client,456,5786,4,MR,H,evaluation,0,0,0.5000982880592346,0,0.5014635920524597,False,0,,1,"[0.724971, 0.275029]"
minesweeper,client,456,5879,4,MR,H,evaluation,0,0,0.5000982880592346,0,0.5014635920524597,False,0,,1,"[0.724971, 0.275029]"
minesweeper,client,456,6830,4,MR,H,evaluation,0,0,0.4997975826263428,0,0.5014635920524597,False,4,0.75,1,"[0.688602, 0.311398]"
minesweeper,client,456,6932,4,MR,H,evaluation,0,0,0.5001465678215027,0,0.5014635920524597,False,3,1.0,1,"[0.730811, 0.269189]"
minesweeper,client,456,7029,4,MR,H,evaluation,0,0,0.49986356496810913,0,0.5014635920524597,False,4,0.75,1,"[0.696579, 0.303421]"
minesweeper,client,456,7031,4,MR,H,evaluation,0,0,0.5000641345977783,0,0.5014635920524597,False,4,0.75,1,"[0.720837, 0.279163]"
minesweeper,client,456,7032,4,MR,H,evaluation,0,0,0.5001296401023865,0,0.5014635920524597,False,4,1.0,1,"[0.728764, 0.271236]"
minesweeper,client,456,7034,4,MR,H,evaluation,0,0,0.5002157688140869,0,0.5014635920524597,False,4,1.0,1,"[0.739182, 0.260818]"
minesweeper,client,456,7035,4,MR,H,evaluation,0,0,0.5003552436828613,0,0.5014635920524597,False,4,1.0,1,"[0.756051, 0.243949]"
minesweeper,client,456,7122,4,MR,H,evaluation,0,0,0.4994419515132904,0,0.5014635920524597,False,4,0.75,1,"[0.645603, 0.354397]"
minesweeper,client,456,7128,4,MR,H,evaluation,0,0,0.49946942925453186,0,0.5014635920524597,False,4,0.75,1,"[0.648926, 0.351074]"
minesweeper,client,456,7129,4,MR,H,evaluation,0,0,0.49980831146240234,0,0.5014635920524597,False,4,0.5,1,"[0.689901, 0.310099]"
minesweeper,client,456,7133,4,MR,H,evaluation,0,0,0.499897837638855,0,0.5014635920524597,False,4,1.0,1,"[0.700728, 0.299272]"
minesweeper,client,456,7139,4,MR,H,evaluation,1,0,0.5030523538589478,0,0.5112331509590149,False,4,0.0,0,"[0.759954, 0.240046]"
minesweeper,client,456,7221,4,MR,H,evaluation,1,0,0.5054284334182739,0,0.5112331509590149,False,4,0.0,0,"[0.705726, 0.294274]"
minesweeper,client,456,7223,4,MR,H,evaluation,0,0,0.5000722408294678,0,0.5014635920524597,False,4,1.0,1,"[0.721818, 0.278182]"
minesweeper,client,456,7226,4,MR,H,evaluation,0,0,0.4991566240787506,0,0.5014635920524597,False,4,0.75,1,"[0.611105, 0.388895]"
minesweeper,client,456,7317,4,MR,H,evaluation,0,0,0.4988976716995239,0,0.5014635920524597,False,3,0.6666666666666666,1,"[0.579804, 0.420196]"
minesweeper,client,456,7324,4,MR,H,evaluation,0,0,0.4991821348667145,0,0.5014635920524597,False,4,0.75,1,"[0.614192, 0.385807]"
minesweeper,client,456,7326,4,MR,H,evaluation,0,0,0.49946528673171997,0,0.5014635920524597,False,4,0.5,1,"[0.648422, 0.351577]"
minesweeper,client,456,7327,4,MR,H,evaluation,1,0,0.5048345923423767,0,0.5112331509590149,False,4,0.25,0,"[0.719369, 0.280631]"
minesweeper,client,456,7328,4,MR,H,evaluation,1,0,0.5041728615760803,0,0.5112331509590149,False,4,0.0,0,"[0.734498, 0.265502]"
minesweeper,client,456,7332,4,MR,H,evaluation,1,0,0.5056406855583191,0,0.5112331509590149,False,4,0.25,0,"[0.700835, 0.299165]"
minesweeper,client,456,7333,4,MR,H,evaluation,0,0,0.49979168176651,0,0.5014635920524597,False,4,0.5,1,"[0.687895, 0.312105]"
minesweeper,client,456,7418,4,MR,H,evaluation,0,0,0.4983706772327423,0,0.5014635920524597,False,4,0.75,1,"[0.516106, 0.483894]"
minesweeper,client,456,7420,4,MR,H,evaluation,1,0,0.5090183019638062,0,0.5112331509590149,False,4,0.25,0,"[0.621771, 0.378229]"
minesweeper,client,456,7422,4,MR,H,evaluation,0,0,0.5001895427703857,0,0.5014635920524597,False,4,1.0,1,"[0.73601, 0.26399]"
minesweeper,client,456,7438,4,MR,H,evaluation,1,0,0.5016195774078369,0,0.5112331509590149,False,4,0.0,0,"[0.792232, 0.207768]"
minesweeper,client,456,7439,4,MR,H,evaluation,0,0,0.5011579394340515,0,0.5014635920524597,False,4,1.0,1,"[0.853179, 0.146821]"
minesweeper,client,456,7530,4,MR,H,evaluation,1,0,0.5090331435203552,0,0.5112331509590149,False,4,0.0,0,"[0.621417, 0.378583]"
minesweeper,client,456,7536,4,MR,H,evaluation,0,0,0.4996316730976105,0,0.5014635920524597,False,4,0.75,1,"[0.668535, 0.331465]"
minesweeper,client,456,7537,4,MR,H,evaluation,0,0,0.49978262186050415,0,0.5014635920524597,False,4,1.0,1,"[0.686791, 0.313209]"
minesweeper,client,456,7621,4,MR,H,evaluation,0,0,0.49977365136146545,0,0.5014635920524597,False,4,1.0,1,"[0.685712, 0.314288]"
minesweeper,client,456,7625,4,MR,H,evaluation,1,0,0.5118927955627441,1,0.5112331509590149,False,4,0.0,0,"[0.552357, 0.447643]"
minesweeper,client,456,7627,4,MR,H,evaluation,1,0,0.5064801573753357,0,0.5112331509590149,False,4,0.0,0,"[0.681404, 0.318596]"
minesweeper,client,456,7628,4,MR,H,evaluation,0,0,0.49996283650398254,0,0.5014635920524597,False,4,1.0,1,"[0.708587, 0.291413]"
minesweeper,client,456,7633,4,MR,H,evaluation,0,0,0.4997560381889343,0,0.5014635920524597,False,4,1.0,1,"[0.683583, 0.316417]"
minesweeper,client,456,7634,4,MR,H,evaluation,0,0,0.5000296831130981,0,0.5014635920524597,False,4,0.75,1,"[0.716669, 0.283331]"
minesweeper,client,456,7637,4,MR,H,evaluation,0,0,0.4999943673610687,0,0.5014635920524597,False,4,1.0,1,"[0.7124, 0.2876]"
minesweeper,client,456,7640,4,MR,H,evaluation,0,0,0.5000982880592346,0,0.5014635920524597,False,0,,1,"[0.724971, 0.275029]"
minesweeper,client,456,7720,4,MR,H,evaluation,0,0,0.4991705119609833,0,0.5014635920524597,False,4,1.0,1,"[0.612786, 0.387214]"
minesweeper,client,456,7727,4,MR,H,evaluation,0,0,0.5005621314048767,0,0.5014635920524597,False,4,0.75,1,"[0.781081, 0.218919]"
minesweeper,client,456,7728,4,MR,H,evaluation,0,0,0.5003290176391602,0,0.5014635920524597,False,4,0.75,1,"[0.752875, 0.247125]"
minesweeper,client,456,7731,4,MR,H,evaluation,1,0,0.5079790949821472,0,0.5112331509590149,False,4,0.0,0,"[0.646358, 0.353642]"
minesweeper,client,456,7736,4,MR,H,evaluation,0,0,0.4993465542793274,0,0.5014635920524597,False,4,0.75,1,"[0.634067, 0.365933]"
minesweeper,client,456,7820,4,MR,H,evaluation,0,0,0.4994916021823883,0,0.5014635920524597,False,4,0.75,1,"[0.651607, 0.348393]"
minesweeper,client,456,7826,4,MR,H,evaluation,0,0,0.5007335543632507,0,0.5014635920524597,False,2,0.5,1,"[0.801821, 0.198179]"
minesweeper,client,456,7832,4,MR,H,evaluation,0,0,0.49979910254478455,0,0.5014635920524597,False,4,1.0,1,"[0.688785, 0.311215]"
minesweeper,client,456,7834,4,MR,H,evaluation,1,0,0.5034048557281494,0,0.5112331509590149,False,4,0.0,0,"[0.751967, 0.248033]"
minesweeper,client,456,7838,4,MR,H,evaluation,0,0,0.49909257888793945,0,0.5014635920524597,False,1,0.0,1,"[0.603362, 0.396638]"
minesweeper,client,456,7920,4,MR,H,evaluation,1,0,0.5076658129692078,0,0.5112331509590149,False,4,0.5,0,"[0.653721, 0.346279]"
minesweeper,client,456,7921,4,MR,H,evaluation,0,0,0.499149888753891,0,0.5014635920524597,False,4,0.75,1,"[0.610291, 0.389709]"
minesweeper,client,456,7923,4,MR,H,evaluation,0,0,0.4989413022994995,0,0.5014635920524597,False,3,0.3333333333333333,1,"[0.585073, 0.414927]"
minesweeper,client,456,7933,4,MR,H,evaluation,0,0,0.5005303621292114,0,0.5014635920524597,False,4,0.75,1,"[0.777238, 0.222762]"
minesweeper,client,456,7937,4,MR,H,evaluation,1,0,0.5034367442131042,0,0.5112331509590149,False,1,0.0,0,"[0.751244, 0.248756]"
minesweeper,client,456,8020,4,MR,H,evaluation,1,0,0.5075995922088623,0,0.5112331509590149,False,2,0.0,0,"[0.655276, 0.344724]"
minesweeper,client,456,8021,4,MR,H,evaluation,0,0,0.49939870834350586,0,0.5014635920524597,False,3,1.0,1,"[0.640373, 0.359627]"
minesweeper,client,456,8023,4,MR,H,evaluation,1,0,0.5116406679153442,1,0.5112331509590149,False,2,0.0,0,"[0.558534, 0.441466]"
minesweeper,client,456,8029,4,MR,H,evaluation,0,0,0.5001950263977051,0,0.5014635920524597,False,1,1.0,1,"[0.736673, 0.263327]"
minesweeper,client,456,8121,4,MR,H,evaluation,0,0,0.49944570660591125,0,0.5014635920524597,False,1,1.0,1,"[0.646053, 0.353946]"
minesweeper,client,456,8133,4,MR,H,evaluation,1,0,0.5034767389297485,0,0.5112331509590149,False,1,0.0,0,"[0.750336, 0.249664]"
minesweeper,client,456,8136,4,MR,H,evaluation,0,0,0.5012510418891907,0,0.5014635920524597,False,0,,1,"[0.864449, 0.135551]"
minesweeper,client,456,43,6,MR,H,evaluation,0,0,0.500702440738678,0,0.5014635920524597,False,3,0.6666666666666666,1,"[0.798056, 0.201944]"
minesweeper,client,456,48,6,MR,H,evaluation,0,0,0.49951231479644775,0,0.5014635920524597,False,4,0.5,1,"[0.654109, 0.345891]"
minesweeper,client,456,49,6,MR,H,evaluation,1,0,0.5063657164573669,0,0.5112331509590149,False,4,0.25,0,"[0.684062, 0.315939]"
minesweeper,client,456,50,6,MR,H,evaluation,1,0,0.5058050751686096,0,0.5112331509590149,False,4,0.0,0,"[0.69704, 0.30296]"
minesweeper,client,456,52,6,MR,H,evaluation,0,0,0.500033974647522,0,0.5014635920524597,False,4,0.75,1,"[0.717192, 0.282808]"
minesweeper,client,456,53,6,MR,H,evaluation,1,0,0.5045675039291382,0,0.5112331509590149,False,4,0.0,0,"[0.725485, 0.274515]"
minesweeper,client,456,57,6,MR,H,evaluation,0,0,0.49917131662368774,0,0.5014635920524597,False,2,1.0,1,"[0.612878, 0.387122]"
minesweeper,client,456,146,6,MR,H,evaluation,0,0,0.49969327449798584,0,0.5014635920524597,False,4,0.75,1,"[0.675992, 0.324008]"
minesweeper,client,456,150,6,MR,H,evaluation,0,0,0.5002635717391968,0,0.5014635920524597,False,4,1.0,1,"[0.744967, 0.255033]"
minesweeper,client,456,152,6,MR,H,evaluation,0,0,0.5003200769424438,0,0.5014635920524597,False,4,1.0,1,"[0.751797, 0.248203]"
minesweeper,client,456,157,6,MR,H,evaluation,0,0,0.5000604391098022,0,0.5014635920524597,False,2,1.0,1,"[0.720396, 0.279604]"
minesweeper,client,456,243,6,MR,H,evaluation,0,0,0.4996098577976227,0,0.5014635920524597,False,4,0.75,1,"[0.665902, 0.334099]"
minesweeper,client,456,244,6,MR,H,evaluation,0,0,0.4996296763420105,0,0.5014635920524597,False,4,0.75,1,"[0.668296, 0.331704]"
minesweeper,client,456,245,6,MR,H,evaluation,0,0,0.49944818019866943,0,0.5014635920524597,False,4,1.0,1,"[0.646358, 0.353642]"
minesweeper,client,456,248,6,MR,H,evaluation,0,0,0.5002700686454773,0,0.5014635920524597,False,4,0.75,1,"[0.745752, 0.254248]"
minesweeper,client,456,253,6,MR,H,evaluation,0,0,0.5004870295524597,0,0.5014635920524597,False,4,1.0,1,"[0.771993, 0.228007]"
minesweeper,client,456,254,6,MR,H,evaluation,0,0,0.5004370808601379,0,0.5014635920524597,False,4,1.0,1,"[0.765952, 0.234048]"
minesweeper,client,456,342,6,MR,H,evaluation,0,0,0.4991017282009125,0,0.5014635920524597,False,4,0.75,1,"[0.604468, 0.395532]"
minesweeper,client,456,346,6,MR,H,evaluation,0,0,0.49915820360183716,0,0.5014635920524597,False,4,0.5,1,"[0.611296, 0.388704]"
minesweeper,client,456,348,6,MR,H,evaluation,0,0,0.5001693367958069,0,0.5014635920524597,False,4,1.0,1,"[0.733564, 0.266436]"
minesweeper,client,456,353,6,MR,H,evaluation,0,0,0.5000431537628174,0,0.5014635920524597,False,4,0.75,1,"[0.718305, 0.281695]"
minesweeper,client,456,355,6,MR,H,evaluation,0,0,0.5002466440200806,0,0.5014635920524597,False,4,0.75,1,"[0.742913, 0.257087]"
minesweeper,client,456,449,6,MR,H,evaluation,0,0,0.4996453821659088,0,0.5014635920524597,False,4,1.0,1,"[0.670198, 0.329802]"
minesweeper,client,456,541,6,MR,H,evaluation,1,0,0.5078518986701965,0,0.5112331509590149,False,4,0.0,0,"[0.649351, 0.350649]"
minesweeper,client,456,542,6,MR,H,evaluation,0,0,0.4994943141937256,0,0.5014635920524597,False,4,0.75,1,"[0.651932, 0.348068]"
minesweeper,client,456,545,6,MR,H,evaluation,0,0,0.4995153248310089,0,0.5014635920524597,False,4,0.75,1,"[0.654472, 0.345528]"
minesweeper,client,456,546,6,MR,H,evaluation,0,0,0.49925264716148376,0,0.5014635920524597,False,4,0.5,1,"[0.622717, 0.377283]"
minesweeper,client,456,553,6,MR,H,evaluation,0,0,0.5000061988830566,0,0.5014635920524597,False,4,0.5,1,"[0.713831, 0.286169]"
minesweeper,client,456,554,6,MR,H,evaluation,0,0,0.5005992650985718,0,0.5014635920524597,False,4,0.75,1,"[0.785572, 0.214428]"
minesweeper,client,456,643,6,MR,H,evaluation,0,0,0.49997982382774353,0,0.5014635920524597,False,4,1.0,1,"[0.710645, 0.289355]"
minesweeper,client,456,650,6,MR,H,evaluation,0,0,0.4994331896305084,0,0.5014635920524597,False,4,1.0,1,"[0.64454, 0.35546]"
minesweeper,client,456,651,6,MR,H,evaluation,0,0,0.49956214427948,0,0.5014635920524597,False,4,0.75,1,"[0.660136, 0.339864]"
minesweeper,client,456,742,6,MR,H,evaluation,0,0,0.4997445344924927,0,0.5014635920524597,False,4,1.0,1,"[0.682189, 0.317811]"
minesweeper,client,456,747,6,MR,H,evaluation,0,0,0.49936437606811523,0,0.5014635920524597,False,4,0.75,1,"[0.636223, 0.363777]"
minesweeper,client,456,752,6,MR,H,evaluation,0,0,0.4996042847633362,0,0.5014635920524597,False,4,0.75,1,"[0.665231, 0.334769]"
minesweeper,client,456,838,6,MR,H,evaluation,0,0,0.49980542063713074,0,0.5014635920524597,False,4,1.0,1,"[0.689554, 0.310446]"
minesweeper,client,456,840,6,MR,H,evaluation,0,0,0.4992786645889282,0,0.5014635920524597,False,4,1.0,1,"[0.625864, 0.374136]"
minesweeper,client,456,845,6,MR,H,evaluation,0,0,0.499125599861145,0,0.5014635920524597,False,4,0.75,1,"[0.607352, 0.392648]"
minesweeper,client,456,850,6,MR,H,evaluation,0,0,0.4990388751029968,0,0.5014635920524597,False,4,0.5,1,"[0.596873, 0.403127]"
minesweeper,client,456,851,6,MR,H,evaluation,1,0,0.5085873603820801,0,0.5112331509590149,False,4,0.25,0,"[0.631997, 0.368003]"
minesweeper,client,456,856,6,MR,H,evaluation,0,0,0.49973103404045105,0,0.5014635920524597,False,2,1.0,1,"[0.680558, 0.319442]"
minesweeper,client,456,942,6,MR,H,evaluation,0,0,0.5001252293586731,0,0.5014635920524597,False,4,0.75,1,"[0.728223, 0.271777]"
minesweeper,client,456,947,6,MR,H,evaluation,0,0,0.49912625551223755,0,0.5014635920524597,False,4,0.5,1,"[0.607435, 0.392565]"
minesweeper,client,456,949,6,MR,H,evaluation,0,0,0.49936768412590027,0,0.5014635920524597,False,4,0.75,1,"[0.636624, 0.363376]"
minesweeper,client,456,950,6,MR,H,evaluation,1,0,0.5083163976669312,0,0.5112331509590149,False,4,0.0,0,"[0.638404, 0.361596]"
minesweeper,client,456,952,6,MR,H,evaluation,0,0,0.4990876317024231,0,0.5014635920524597,False,4,0.5,1,"[0.60277, 0.39723]"
minesweeper,client,456,1036,6,MR,H,evaluation,0,0,0.4992569088935852,0,0.5014635920524597,False,2,1.0,1,"[0.623233, 0.376767]"
minesweeper,client,456,1037,6,MR,H,evaluation,0,0,0.4990527629852295,0,0.5014635920524597,False,3,1.0,1,"[0.59855, 0.40145]"
minesweeper,client,456,1052,6,MR,H,evaluation,1,0,0.5088081955909729,0,0.5112331509590149,False,4,0.25,0,"[0.626761, 0.373239]"
minesweeper,client,456,1053,6,MR,H,evaluation,0,0,0.4993548095226288,0,0.5014635920524597,False,4,0.75,1,"[0.635068, 0.364932]"
minesweeper,client,456,1143,6,MR,H,evaluation,0,0,0.4999576210975647,0,0.5014635920524597,False,4,1.0,1,"[0.707955, 0.292045]"
minesweeper,client,456,1146,6,MR,H,evaluation,1,0,0.5063930749893188,0,0.5112331509590149,False,4,0.0,0,"[0.683426, 0.316574]"
minesweeper,client,456,1148,6,MR,H,evaluation,0,0,0.49995094537734985,0,0.5014635920524597,False,4,0.75,1,"[0.70715, 0.292849]"
minesweeper,client,456,1149,6,MR,H,evaluation,0,0,0.5001649856567383,0,0.5014635920524597,False,4,0.75,1,"[0.733037, 0.266963]"
minesweeper,client,456,1241,6,MR,H,evaluation,0,0,0.5003482103347778,0,0.5014635920524597,False,4,1.0,1,"[0.755199, 0.244801]"
minesweeper,client,456,1245,6,MR,H,evaluation,0,0,0.5008448362350464,0,0.5014635920524597,False,4,0.75,1,"[0.815288, 0.184712]"
minesweeper,client,456,1251,6,MR,H,evaluation,0,0,0.4997504651546478,0,0.5014635920524597,False,4,1.0,1,"[0.682908, 0.317092]"
minesweeper,client,456,1252,6,MR,H,evaluation,0,0,0.49974164366722107,0,0.5014635920524597,False,4,0.75,1,"[0.681838, 0.318162]"
minesweeper,client,456,1340,6,MR,H,evaluation,0,0,0.5001465082168579,0,0.5014635920524597,False,4,1.0,1,"[0.730802, 0.269198]"
minesweeper,client,456,1346,6,MR,H,evaluation,0,0,0.5004938244819641,0,0.5014635920524597,False,4,1.0,1,"[0.772817, 0.227183]"
minesweeper,client,456,1439,6,MR,H,evaluation,0,0,0.5002091526985168,0,0.5014635920524597,False,4,1.0,1,"[0.738382, 0.261618]"
minesweeper,client,456,1445,6,MR,H,evaluation,0,0,0.49975425004959106,0,0.5014635920524597,False,4,1.0,1,"[0.68336, 0.31664]"
minesweeper,client,456,1450,6,MR,H,evaluation,0,0,0.49961498379707336,0,0.5014635920524597,False,4,0.75,1,"[0.666525, 0.333475]"
minesweeper,client,456,1453,6,MR,H,evaluation,1,0,0.5068041086196899,0,0.5112331509590149,False,4,0.25,0,"[0.673871, 0.326129]"
minesweeper,client,456,1538,6,MR,H,evaluation,0,0,0.500149667263031,0,0.5014635920524597,False,4,0.75,1,"[0.731182, 0.268818]"
minesweeper,client,456,1539,6,MR,H,evaluation,0,0,0.5004572868347168,0,0.5014635920524597,False,4,0.75,1,"[0.768395, 0.231605]"
minesweeper,client,456,1540,6,MR,H,evaluation,0,0,0.5004310607910156,0,0.5014635920524597,False,4,1.0,1,"[0.765226, 0.234774]"
minesweeper,client,456,1544,6,MR,H,evaluation,0,0,0.499901682138443,0,0.5014635920524597,False,4,0.75,1,"[0.701195, 0.298805]"
minesweeper,client,456,1545,6,MR,H,evaluation,0,0,0.4996046721935272,0,0.5014635920524597,False,4,1.0,1,"[0.665279, 0.334721]"
minesweeper,client,456,1546,6,MR,H,evaluation,0,0,0.49900925159454346,0,0.5014635920524597,False,4,0.75,1,"[0.593287, 0.406713]"
minesweeper,client,456,1550,6,MR,H,evaluation,1,0,0.5097213387489319,0,0.5112331509590149,False,4,0.25,0,"[0.604993, 0.395007]"
minesweeper,client,456,1551,6,MR,H,evaluation,0,0,0.4994894564151764,0,0.5014635920524597,False,4,1.0,1,"[0.651348, 0.348652]"
minesweeper,client,456,1642,6,MR,H,evaluation,0,0,0.49911564588546753,0,0.5014635920524597,False,4,0.75,1,"[0.606152, 0.393848]"
minesweeper,client,456,1644,6,MR,H,evaluation,0,0,0.4996352791786194,0,0.5014635920524597,False,4,1.0,1,"[0.668981, 0.331019]"
minesweeper,client,456,1650,6,MR,H,evaluation,0,0,0.49904659390449524,0,0.5014635920524597,False,4,0.5,1,"[0.59781, 0.40219]"
minesweeper,client,456,1652,6,MR,H,evaluation,0,0,0.4995855987071991,0,0.5014635920524597,False,4,0.5,1,"[0.662968, 0.337032]"
minesweeper,client,456,1737,6,MR,H,evaluation,0,0,0.5001853108406067,0,0.5014635920524597,False,4,1.0,1,"[0.735497, 0.264503]"
minesweeper,client,456,1741,6,MR,H,evaluation,0,0,0.4989430904388428,0,0.5014635920524597,False,4,1.0,1,"[0.585297, 0.414703]"
minesweeper,client,456,1743,6,MR,H,evaluation,0,0,0.499099999666214,0,0.5014635920524597,False,4,0.75,1,"[0.60426, 0.39574]"
minesweeper,client,456,1746,6,MR,H,evaluation,0,0,0.49946966767311096,0,0.5014635920524597,False,4,0.5,1,"[0.648956, 0.351044]"
minesweeper,client,456,1747,6,MR,H,evaluation,1,0,0.5082717537879944,0,0.5112331509590149,False,4,0.25,0,"[0.639458, 0.360542]"
minesweeper,client,456,1749,6,MR,H,evaluation,0,0,0.49942710995674133,0,0.5014635920524597,False,4,0.75,1,"[0.64381, 0.35619]"
minesweeper,client,456,1752,6,MR,H,evaluation,0,0,0.5001366138458252,0,0.5014635920524597,False,4,1.0,1,"[0.729603, 0.270397]"
minesweeper,client,456,1754,6,MR,H,evaluation,0,0,0.500266432762146,0,0.5014635920524597,False,2,1.0,1,"[0.745308, 0.254692]"
minesweeper,client,456,1840,6,MR,H,evaluation,0,0,0.4987986385822296,0,0.5014635920524597,False,4,1.0,1,"[0.567833, 0.432167]"
minesweeper,client,456,1844,6,MR,H,evaluation,0,0,0.4991838037967682,0,0.5014635920524597,False,4,0.5,1,"[0.614389, 0.385611]"
minesweeper,client,456,1848,6,MR,H,evaluation,0,0,0.5000290274620056,0,0.5014635920524597,False,4,1.0,1,"[0.716595, 0.283405]"
minesweeper,client,456,1850,6,MR,H,evaluation,0,0,0.5002787709236145,0,0.5014635920524597,False,4,1.0,1,"[0.746797, 0.253203]"
minesweeper,client,456,1943,6,MR,H,evaluation,1,0,0.5096348524093628,0,0.5112331509590149,False,4,0.5,0,"[0.607062, 0.392938]"
minesweeper,client,456,1947,6,MR,H,evaluation,0,0,0.500029981136322,0,0.5014635920524597,False,4,0.75,1,"[0.716711, 0.283289]"
minesweeper,client,456,1952,6,MR,H,evaluation,0,0,0.5002870559692383,0,0.5014635920524597,False,4,1.0,1,"[0.747805, 0.252195]"
minesweeper,client,456,1953,6,MR,H,evaluation,0,0,0.5003148317337036,0,0.5014635920524597,False,4,1.0,1,"[0.751165, 0.248835]"
minesweeper,client,456,2042,6,MR,H,evaluation,1,0,0.5065094828605652,0,0.5112331509590149,False,4,0.25,0,"[0.680724, 0.319276]"
minesweeper,client,456,2043,6,MR,H,evaluation,0,0,0.4994012117385864,0,0.5014635920524597,False,4,0.5,1,"[0.640676, 0.359324]"
minesweeper,client,456,2045,6,MR,H,evaluation,0,0,0.499814510345459,0,0.5014635920524597,False,4,1.0,1,"[0.690652, 0.309348]"
minesweeper,client,456,2049,6,MR,H,evaluation,0,0,0.5003237128257751,0,0.5014635920524597,False,4,1.0,1,"[0.752234, 0.247766]"
minesweeper,client,456,2053,6,MR,H,evaluation,0,0,0.5009022355079651,0,0.5014635920524597,False,4,1.0,1,"[0.822229, 0.177771]"
minesweeper,client,456,2137,6,MR,H,evaluation,0,0,0.5002890825271606,0,0.5014635920524597,False,1,1.0,1,"[0.74805, 0.25195]"
minesweeper,client,456,2140,6,MR,H,evaluation,0,0,0.49981096386909485,0,0.5014635920524597,False,2,1.0,1,"[0.690225, 0.309775]"
minesweeper,client,456,2143,6,MR,H,evaluation,1,0,0.5070745348930359,0,0.5112331509590149,False,4,0.0,0,"[0.667563, 0.332437]"
minesweeper,client,456,2144,6,MR,H,evaluation,0,0,0.4999402165412903,0,0.5014635920524597,False,4,0.75,1,"[0.705848, 0.294152]"
minesweeper,client,456,2147,6,MR,H,evaluation,0,0,0.49891531467437744,0,0.5014635920524597,False,4,0.75,1,"[0.581936, 0.418064]"
minesweeper,client,456,2148,6,MR,H,evaluation,0,0,0.4998149871826172,0,0.5014635920524597,False,4,0.75,1,"[0.690713, 0.309287]"
minesweeper,client,456,2149,6,MR,H,evaluation,0,0,0.5004338622093201,0,0.5014635920524597,False,4,0.75,1,"[0.765564, 0.234436]"
minesweeper,client,456,2154,6,MR,H,evaluation,0,0,0.500421404838562,0,0.5014635920524597,False,1,0.0,1,"[0.764056, 0.235944]"
minesweeper,client,456,2241,6,MR,H,evaluation,0,0,0.49976813793182373,0,0.5014635920524597,False,1,1.0,1,"[0.685044, 0.314956]"
minesweeper,client,456,2344,6,MR,H,evaluation,0,0,0.4992865324020386,0,0.5014635920524597,False,3,1.0,1,"[0.626807, 0.373193]"
minesweeper,client,456,2349,6,MR,H,evaluation,0,0,0.5009828209877014,0,0.5014635920524597,False,4,1.0,1,"[0.831983, 0.168017]"
minesweeper,client,456,2351,6,MR,H,evaluation,0,0,0.5012092590332031,0,0.5014635920524597,False,3,1.0,1,"[0.85939, 0.140609]"
minesweeper,client,456,2544,6,MR,H,evaluation,0,0,0.49981096386909485,0,0.5014635920524597,False,2,1.0,1,"[0.690221, 0.309779]"
minesweeper,client,456,2550,6,MR,H,evaluation,0,0,0.5008357167243958,0,0.5014635920524597,False,2,0.5,1,"[0.814186, 0.185814]"
minesweeper,client,456,2846,6,MR,H,evaluation,0,0,0.5000982880592346,0,0.5014635920524597,False,0,,1,"[0.724971, 0.275029]"
minesweeper,client,456,4069,6,MR,H,evaluation,1,0,0.5060775279998779,0,0.5112331509590149,False,3,0.0,0,"[0.69074, 0.30926]"
minesweeper,client,456,4166,6,MR,H,evaluation,0,0,0.4998341500759125,0,0.5014635920524597,False,4,1.0,1,"[0.693028, 0.306972]"
minesweeper,client,456,4365,6,MR,H,evaluation,0,0,0.49950239062309265,0,0.5014635920524597,False,4,0.75,1,"[0.652907, 0.347093]"
minesweeper,client,456,4368,6,MR,H,evaluation,0,0,0.5003344416618347,0,0.5014635920524597,False,4,1.0,1,"[0.753538, 0.246462]"
minesweeper,client,456,4371,6,MR,H,evaluation,1,0,0.5077018141746521,0,0.5112331509590149,False,4,0.25,0,"[0.652877, 0.347123]"
minesweeper,client,456,4472,6,MR,H,evaluation,0,0,0.4997852146625519,0,0.5014635920524597,False,4,1.0,1,"[0.687106, 0.312894]"
minesweeper,client,456,4564,6,MR,H,evaluation,1,0,0.5094959735870361,0,0.5112331509590149,False,4,0.0,0,"[0.610384, 0.389616]"
minesweeper,client,456,4568,6,MR,H,evaluation,0,0,0.49990543723106384,0,0.5014635920524597,False,4,1.0,1,"[0.701645, 0.298355]"
minesweeper,client,456,4574,6,MR,H,evaluation,0,0,0.49998489022254944,0,0.5014635920524597,False,4,0.75,1,"[0.711257, 0.288743]"
minesweeper,client,456,4662,6,MR,H,evaluation,0,0,0.4992193877696991,0,0.5014635920524597,False,4,1.0,1,"[0.618696, 0.381304]"
minesweeper,client,456,4668,6,MR,H,evaluation,0,0,0.4996829032897949,0,0.5014635920524597,False,4,0.75,1,"[0.674739, 0.325261]"
minesweeper,client,456,4670,6,MR,H,evaluation,0,0,0.5001565217971802,0,0.5014635920524597,False,4,1.0,1,"[0.732017, 0.267983]"
minesweeper,client,456,4673,6,MR,H,evaluation,0,0,0.49975642561912537,0,0.5014635920524597,False,4,0.75,1,"[0.683628, 0.316372]"
minesweeper,client,456,4675,6,MR,H,evaluation,0,0,0.4993545711040497,0,0.5014635920524597,False,4,1.0,1,"[0.635036, 0.364965]"
minesweeper,client,456,4676,6,MR,H,evaluation,0,0,0.4993085265159607,0,0.5014635920524597,False,2,1.0,1,"[0.629467, 0.370533]"
minesweeper,client,456,4757,6,MR,H,evaluation,0,0,0.5002738833427429,0,0.5014635920524597,False,3,1.0,1,"[0.746208, 0.253792]"
minesweeper,client,456,4759,6,MR,H,evaluation,0,0,0.5005944967269897,0,0.5014635920524597,False,4,1.0,1,"[0.784997, 0.215003]"
minesweeper,client,456,4760,6,MR,H,evaluation,0,0,0.500074565410614,0,0.5014635920524597,False,4,0.75,1,"[0.722103, 0.277897]"
minesweeper,client,456,4762,6,MR,H,evaluation,0,0,0.49964985251426697,0,0.5014635920524597,False,4,0.5,1,"[0.670736, 0.329264]"
minesweeper,client,456,4766,6,MR,H,evaluation,0,0,0.49903836846351624,0,0.5014635920524597,False,4,0.25,1,"[0.596813, 0.403187]"
minesweeper,client,456,4767,6,MR,H,evaluation,0,0,0.49919840693473816,0,0.5014635920524597,False,4,0.25,1,"[0.616155, 0.383845]"
minesweeper,client,456,4768,6,MR,H,evaluation,1,0,0.5074089169502258,0,0.5112331509590149,False,4,0.25,0,"[0.659744, 0.340256]"
minesweeper,client,456,4771,6,MR,H,evaluation,0,0,0.5002481937408447,0,0.5014635920524597,False,4,1.0,1,"[0.743106, 0.256894]"
minesweeper,client,456,4772,6,MR,H,evaluation,0,0,0.49974504113197327,0,0.5014635920524597,False,4,1.0,1,"[0.682249, 0.317751]"
minesweeper,client,456,4857,6,MR,H,evaluation,0,0,0.4995579123497009,0,0.5014635920524597,False,3,0.6666666666666666,1,"[0.659622, 0.340378]"
minesweeper,client,456,4870,6,MR,H,evaluation,0,0,0.5003182888031006,0,0.5014635920524597,False,4,1.0,1,"[0.751583, 0.248417]"
minesweeper,client,456,4962,6,MR,H,evaluation,0,0,0.5003969073295593,0,0.5014635920524597,False,4,1.0,1,"[0.761095, 0.238905]"
minesweeper,client,456,4963,6,MR,H,evaluation,0,0,0.49968454241752625,0,0.5014635920524597,False,4,1.0,1,"[0.674932, 0.325068]"
minesweeper,client,456,4967,6,MR,H,evaluation,0,0,0.499422162771225,0,0.5014635920524597,False,4,0.75,1,"[0.643207, 0.356793]"
minesweeper,client,456,4970,6,MR,H,evaluation,0,0,0.49999579787254333,0,0.5014635920524597,False,4,1.0,1,"[0.712574, 0.287426]"
minesweeper,client,456,4975,6,MR,H,evaluation,1,0,0.5119098424911499,1,0.5112331509590149,False,1,0.0,0,"[0.551938, 0.448062]"
minesweeper,client,456,5064,6,MR,H,evaluation,0,0,0.4989784061908722,0,0.5014635920524597,False,4,0.75,1,"[0.58956, 0.41044]"
minesweeper,client,456,5067,6,MR,H,evaluation,1,0,0.508799135684967,0,0.5112331509590149,False,4,0.25,0,"[0.626976, 0.373024]"
minesweeper,client,456,5158,6,MR,H,evaluation,1,0,0.5084578394889832,0,0.5112331509590149,False,2,0.0,0,"[0.635062, 0.364938]"
minesweeper,client,456,5161,6,MR,H,evaluation,1,0,0.5102546215057373,0,0.5112331509590149,False,4,0.0,0,"[0.592183, 0.407817]"
minesweeper,client,456,5163,6,MR,H,evaluation,1,0,0.5087860822677612,0,0.5112331509590149,False,4,0.5,0,"[0.627286, 0.372714]"
minesweeper,client,456,5164,6,MR,H,evaluation,0,0,0.49918684363365173,0,0.5014635920524597,False,4,0.5,1,"[0.614757, 0.385243]"
minesweeper,client,456,5170,6,MR,H,evaluation,0,0,0.4998115003108978,0,0.5014635920524597,False,4,0.75,1,"[0.690286, 0.309714]"
minesweeper,client,456,5171,6,MR,H,evaluation,0,0,0.4994274377822876,0,0.5014635920524597,False,4,0.75,1,"[0.643851, 0.356149]"
minesweeper,client,456,5172,6,MR,H,evaluation,0,0,0.4994593858718872,0,0.5014635920524597,False,4,0.75,1,"[0.64771, 0.35229]"
minesweeper,client,456,5173,6,MR,H,evaluation,0,0,0.49976304173469543,0,0.5014635920524597,False,4,1.0,1,"[0.684426, 0.315574]"
minesweeper,client,456,5259,6,MR,H,evaluation,0,0,0.49928921461105347,0,0.5014635920524597,False,3,1.0,1,"[0.62714, 0.37286]"
minesweeper,client,456,5260,6,MR,H,evaluation,0,0,0.49960950016975403,0,0.5014635920524597,False,4,0.75,1,"[0.665858, 0.334142]"
minesweeper,client,456,5261,6,MR,H,evaluation,0,0,0.49959301948547363,0,0.5014635920524597,False,4,0.75,1,"[0.663864, 0.336136]"
minesweeper,client,456,5262,6,MR,H,evaluation,0,0,0.499517560005188,0,0.5014635920524597,False,4,0.5,1,"[0.654739, 0.345261]"
minesweeper,client,456,5274,6,MR,H,evaluation,0,0,0.49999377131462097,0,0.5014635920524597,False,4,0.75,1,"[0.712332, 0.287668]"
minesweeper,client,456,5363,6,MR,H,evaluation,0,0,0.5007205605506897,0,0.5014635920524597,False,3,1.0,1,"[0.800251, 0.199749]"
minesweeper,client,456,5364,6,MR,H,evaluation,0,0,0.5010521411895752,0,0.5014635920524597,False,3,1.0,1,"[0.840371, 0.159629]"
minesweeper,client,456,5372,6,MR,H,evaluation,0,0,0.49843937158584595,0,0.5014635920524597,False,4,0.5,1,"[0.52441, 0.47559]"
minesweeper,client,456,5460,6,MR,H,evaluation,1,0,0.5118181109428406,1,0.5112331509590149,False,1,0.0,0,"[0.554188, 0.445812]"
minesweeper,client,456,5461,6,MR,H,evaluation,0,0,0.4998311400413513,0,0.5014635920524597,False,1,1.0,1,"[0.692663, 0.307337]"
minesweeper,client,456,5465,6,MR,H,evaluation,0,0,0.5014054179191589,0,0.5014635920524597,False,3,0.6666666666666666,1,"[0.88313, 0.11687]"
minesweeper,client,456,5466,6,MR,H,evaluation,0,0,0.5011749863624573,0,0.5014635920524597,False,4,0.75,1,"[0.85524, 0.14476]"
minesweeper,client,456,5469,6,MR,H,evaluation,0,0,0.499719500541687,0,0.5014635920524597,False,4,0.75,1,"[0.679159, 0.320841]"
minesweeper,client,456,5473,6,MR,H,evaluation,1,0,0.5116616487503052,1,0.5112331509590149,False,4,0.0,0,"[0.558021, 0.441979]"
minesweeper,client,456,5570,6,MR,H,evaluation,0,0,0.4996669888496399,0,0.5014635920524597,False,4,0.75,1,"[0.672808, 0.327192]"
minesweeper,client,456,5572,6,MR,H,evaluation,0,0,0.4995150864124298,0,0.5014635920524597,False,4,0.75,1,"[0.654444, 0.345556]"
minesweeper,client,456,5573,6,MR,H,evaluation,0,0,0.4993712902069092,0,0.5014635920524597,False,4,0.75,1,"[0.637062, 0.362938]"
minesweeper,client,456,5575,6,MR,H,evaluation,0,0,0.49901992082595825,0,0.5014635920524597,False,2,1.0,1,"[0.59458, 0.40542]"
minesweeper,client,456,5770,6,MR,H,evaluation,0,0,0.5008372664451599,0,0.5014635920524597,False,3,0.6666666666666666,1,"[0.814375, 0.185625]"
minesweeper,client,456,5772,6,MR,H,evaluation,0,0,0.5010428428649902,0,0.5014635920524597,False,4,1.0,1,"[0.839251, 0.160749]"
minesweeper,client,456,5774,6,MR,H,evaluation,0,0,0.49931323528289795,0,0.5014635920524597,False,4,0.75,1,"[0.630036, 0.369964]"
minesweeper,client,456,5873,6,MR,H,evaluation,0,0,0.5005432963371277,0,0.5014635920524597,False,4,0.75,1,"[0.778804, 0.221196]"
minesweeper,client,456,5875,6,MR,H,evaluation,0,0,0.5005484819412231,0,0.5014635920524597,False,4,0.5,1,"[0.779431, 0.220569]"
minesweeper,client,456,5971,6,MR,H,evaluation,0,0,0.5002666115760803,0,0.5014635920524597,False,2,1.0,1,"[0.745331, 0.254669]"
minesweeper,client,456,2228,14,MR,H,evaluation,0,0,0.4989480674266815,0,0.5014635920524597,False,4,1.0,1,"[0.585897, 0.414103]"
minesweeper,client,456,2230,14,MR,H,evaluation,0,0,0.49867314100265503,0,0.5014635920524597,False,4,0.75,1,"[0.552663, 0.447337]"
minesweeper,client,456,2235,14,MR,H,evaluation,0,0,0.49997127056121826,0,0.5014635920524597,False,4,0.75,1,"[0.709605, 0.290395]"
minesweeper,client,456,2239,14,MR,H,evaluation,0,0,0.4991734027862549,0,0.5014635920524597,False,4,0.75,1,"[0.613136, 0.386864]"
minesweeper,client,456,2329,14,MR,H,evaluation,0,0,0.4993526041507721,0,0.5014635920524597,False,4,0.75,1,"[0.634796, 0.365204]"
minesweeper,client,456,2332,14,MR,H,evaluation,1,0,0.5086326599121094,0,0.5112331509590149,False,4,0.25,0,"[0.630924, 0.369077]"
minesweeper,client,456,2340,14,MR,H,evaluation,1,0,0.5139511227607727,1,0.5112331509590149,False,4,0.5,0,"[0.501194, 0.498806]"
minesweeper,client,456,2435,14,MR,H,evaluation,0,0,0.4993208944797516,0,0.5014635920524597,False,4,0.5,1,"[0.630971, 0.369029]"
minesweeper,client,456,2439,14,MR,H,evaluation,0,0,0.4997509717941284,0,0.5014635920524597,False,4,0.5,1,"[0.682966, 0.317034]"
minesweeper,client,456,2528,14,MR,H,evaluation,1,0,0.5103426575660706,0,0.5112331509590149,False,4,0.5,0,"[0.59006, 0.409939]"
minesweeper,client,456,2533,14,MR,H,evaluation,0,0,0.499213844537735,0,0.5014635920524597,False,4,0.5,1,"[0.618022, 0.381978]"
minesweeper,client,456,2538,14,MR,H,evaluation,0,0,0.5007104277610779,0,0.5014635920524597,False,4,1.0,1,"[0.799025, 0.200975]"
minesweeper,client,456,2626,14,MR,H,evaluation,1,0,0.5126786231994629,1,0.5112331509590149,False,2,0.5,0,"[0.532979, 0.467021]"
minesweeper,client,456,2628,14,MR,H,evaluation,0,0,0.4991787374019623,0,0.5014635920524597,False,4,0.75,1,"[0.613777, 0.386223]"
minesweeper,client,456,2630,14,MR,H,evaluation,0,0,0.5001469254493713,0,0.5014635920524597,False,4,1.0,1,"[0.730853, 0.269147]"
minesweeper,client,456,2634,14,MR,H,evaluation,0,0,0.5003535151481628,0,0.5014635920524597,False,4,0.75,1,"[0.755843, 0.244157]"
minesweeper,client,456,2639,14,MR,H,evaluation,0,0,0.500608503818512,0,0.5014635920524597,False,4,1.0,1,"[0.786691, 0.213309]"
minesweeper,client,456,2640,14,MR,H,evaluation,0,0,0.5002235770225525,0,0.5014635920524597,False,4,1.0,1,"[0.740127, 0.259873]"
minesweeper,client,456,2728,14,MR,H,evaluation,1,0,0.5082139372825623,0,0.5112331509590149,False,4,0.25,0,"[0.640822, 0.359178]"
minesweeper,client,456,2730,14,MR,H,evaluation,0,0,0.5001417398452759,0,0.5014635920524597,False,4,1.0,1,"[0.730222, 0.269778]"
minesweeper,client,456,2731,14,MR,H,evaluation,0,0,0.5003095865249634,0,0.5014635920524597,False,4,1.0,1,"[0.75053, 0.24947]"
minesweeper,client,456,2741,14,MR,H,evaluation,0,0,0.49979016184806824,0,0.5014635920524597,False,4,1.0,1,"[0.687712, 0.312288]"
minesweeper,client,456,2832,14,MR,H,evaluation,0,0,0.5002254247665405,0,0.5014635920524597,False,4,1.0,1,"[0.740345, 0.259655]"
minesweeper,client,456,2835,14,MR,H,evaluation,0,0,0.5003443360328674,0,0.5014635920524597,False,4,1.0,1,"[0.754736, 0.245264]"
minesweeper,client,456,2839,14,MR,H,evaluation,1,0,0.5073720812797546,0,0.5112331509590149,False,4,0.0,0,"[0.660607, 0.339393]"
minesweeper,client,456,2842,14,MR,H,evaluation,0,0,0.49918854236602783,0,0.5014635920524597,False,4,1.0,1,"[0.614965, 0.385035]"
minesweeper,client,456,2931,14,MR,H,evaluation,0,0,0.4999440908432007,0,0.5014635920524597,False,4,1.0,1,"[0.706318, 0.293682]"
minesweeper,client,456,2939,14,MR,H,evaluation,0,0,0.49990972876548767,0,0.5014635920524597,False,4,0.75,1,"[0.702168, 0.297832]"
minesweeper,client,456,2940,14,MR,H,evaluation,0,0,0.49963483214378357,0,0.5014635920524597,False,4,0.75,1,"[0.668929, 0.331071]"
minesweeper,client,456,2941,14,MR,H,evaluation,0,0,0.4991946816444397,0,0.5014635920524597,False,4,0.75,1,"[0.615707, 0.384293]"
minesweeper,client,456,2942,14,MR,H,evaluation,0,0,0.4986044764518738,0,0.5014635920524597,False,4,0.75,1,"[0.544365, 0.455635]"
minesweeper,client,456,3030,14,MR,H,evaluation,0,0,0.5001055002212524,0,0.5014635920524597,False,4,1.0,1,"[0.725843, 0.274157]"
minesweeper,client,456,3031,14,MR,H,evaluation,0,0,0.49988123774528503,0,0.5014635920524597,False,4,1.0,1,"[0.698722, 0.301278]"
minesweeper,client,456,3033,14,MR,H,evaluation,0,0,0.50026935338974,0,0.5014635920524597,False,4,0.75,1,"[0.745662, 0.254338]"
minesweeper,client,456,3039,14,MR,H,evaluation,0,0,0.4994087815284729,0,0.5014635920524597,False,4,0.5,1,"[0.641587, 0.358413]"
minesweeper,client,456,3045,14,MR,H,evaluation,0,0,0.4992123246192932,0,0.5014635920524597,False,2,1.0,1,"[0.61784, 0.38216]"
minesweeper,client,456,3127,14,MR,H,evaluation,0,0,0.5001203417778015,0,0.5014635920524597,False,4,1.0,1,"[0.727643, 0.272357]"
minesweeper,client,456,3136,14,MR,H,evaluation,0,0,0.49883130192756653,0,0.5014635920524597,False,4,0.75,1,"[0.571778, 0.428222]"
minesweeper,client,456,3140,14,MR,H,evaluation,1,0,0.5093536972999573,0,0.5112331509590149,False,4,0.5,0,"[0.613781, 0.386219]"
minesweeper,client,456,3143,14,MR,H,evaluation,1,0,0.5114585161209106,1,0.5112331509590149,False,4,0.5,0,"[0.562987, 0.437013]"
minesweeper,client,456,3145,14,MR,H,evaluation,0,0,0.4997812509536743,0,0.5014635920524597,False,2,0.5,1,"[0.686628, 0.313372]"
minesweeper,client,456,3230,14,MR,H,evaluation,0,0,0.49970510601997375,0,0.5014635920524597,False,4,1.0,1,"[0.677419, 0.322581]"
minesweeper,client,456,3233,14,MR,H,evaluation,0,0,0.4998961389064789,0,0.5014635920524597,False,4,1.0,1,"[0.700523, 0.299477]"
minesweeper,client,456,3234,14,MR,H,evaluation,0,0,0.49922168254852295,0,0.5014635920524597,False,4,1.0,1,"[0.61897, 0.38103]"
minesweeper,client,456,3235,14,MR,H,evaluation,0,0,0.4984976351261139,0,0.5014635920524597,False,4,1.0,1,"[0.531449, 0.468551]"
minesweeper,client,456,3239,14,MR,H,evaluation,0,0,0.49904999136924744,0,0.5014635920524597,False,4,0.75,1,"[0.598213, 0.401787]"
minesweeper,client,456,3244,14,MR,H,evaluation,1,0,0.5012912750244141,0,0.5112331509590149,False,4,0.0,0,"[0.799587, 0.200413]"
minesweeper,client,456,3324,14,MR,H,evaluation,0,0,0.4989752173423767,0,0.5014635920524597,False,2,1.0,1,"[0.589177, 0.410823]"
minesweeper,client,456,3327,14,MR,H,evaluation,0,0,0.4987817108631134,0,0.5014635920524597,False,4,0.5,1,"[0.565784, 0.434216]"
minesweeper,client,456,3329,14,MR,H,evaluation,0,0,0.4995826482772827,0,0.5014635920524597,False,4,0.5,1,"[0.662609, 0.337391]"
minesweeper,client,456,3335,14,MR,H,evaluation,0,0,0.49924930930137634,0,0.5014635920524597,False,4,0.75,1,"[0.622314, 0.377686]"
minesweeper,client,456,3341,14,MR,H,evaluation,0,0,0.49980804324150085,0,0.5014635920524597,False,4,0.75,1,"[0.689868, 0.310132]"
minesweeper,client,456,3429,14,MR,H,evaluation,1,0,0.5056388974189758,0,0.5112331509590149,False,4,0.25,0,"[0.700876, 0.299124]"
minesweeper,client,456,3436,14,MR,H,evaluation,1,0,0.5108948349952698,0,0.5112331509590149,False,4,0.25,0,"[0.576705, 0.423295]"
minesweeper,client,456,3441,14,MR,H,evaluation,0,0,0.4996376633644104,0,0.5014635920524597,False,4,1.0,1,"[0.66927, 0.33073]"
minesweeper,client,456,3444,14,MR,H,evaluation,0,0,0.5018101930618286,1,0.5014635920524597,False,0,,1,"[0.932137, 0.067863]"
minesweeper,client,456,3526,14,MR,H,evaluation,1,0,0.5079571008682251,0,0.5112331509590149,False,4,0.0,0,"[0.646875, 0.353125]"
minesweeper,client,456,3527,14,MR,H,evaluation,0,0,0.4998928904533386,0,0.5014635920524597,False,4,1.0,1,"[0.700134, 0.299866]"
minesweeper,client,456,3530,14,MR,H,evaluation,0,0,0.49952682852745056,0,0.5014635920524597,False,4,1.0,1,"[0.655862, 0.344138]"
minesweeper,client,456,3531,14,MR,H,evaluation,0,0,0.4996802806854248,0,0.5014635920524597,False,4,0.75,1,"[0.674423, 0.325577]"
minesweeper,client,456,3533,14,MR,H,evaluation,0,0,0.49929842352867126,0,0.5014635920524597,False,4,0.5,1,"[0.628251, 0.371749]"
minesweeper,client,456,3535,14,MR,H,evaluation,1,0,0.5112223029136658,0,0.5112331509590149,False,4,0.0,0,"[0.568747, 0.431253]"
minesweeper,client,456,3537,14,MR,H,evaluation,0,0,0.4987785220146179,0,0.5014635920524597,False,4,0.5,1,"[0.565404, 0.434596]"
minesweeper,client,456,3627,14,MR,H,evaluation,0,0,0.4994693100452423,0,0.5014635920524597,False,3,1.0,1,"[0.648916, 0.351084]"
minesweeper,client,456,3628,14,MR,H,evaluation,0,0,0.49944934248924255,0,0.5014635920524597,False,4,1.0,1,"[0.646498, 0.353502]"
minesweeper,client,456,3629,14,MR,H,evaluation,0,0,0.49939560890197754,0,0.5014635920524597,False,4,1.0,1,"[0.640002, 0.359998]"
minesweeper,client,456,3630,14,MR,H,evaluation,0,0,0.49943211674690247,0,0.5014635920524597,False,4,0.75,1,"[0.644414, 0.355586]"
minesweeper,client,456,3728,14,MR,H,evaluation,0,0,0.49972978234291077,0,0.5014635920524597,False,4,0.75,1,"[0.680406, 0.319594]"
minesweeper,client,456,3731,14,MR,H,evaluation,1,0,0.5069441199302673,0,0.5112331509590149,False,4,0.0,0,"[0.670607, 0.329393]"
minesweeper,client,456,3738,14,MR,H,evaluation,0,0,0.5010972023010254,0,0.5014635920524597,False,4,0.75,1,"[0.845827, 0.154173]"
minesweeper,client,456,3740,14,MR,H,evaluation,0,0,0.5006396174430847,0,0.5014635920524597,False,1,1.0,1,"[0.790452, 0.209548]"
minesweeper,client,456,3829,14,MR,H,evaluation,1,0,0.5011854767799377,0,0.5112331509590149,False,3,0.0,0,"[0.801955, 0.198045]"
minesweeper,client,456,3831,14,MR,H,evaluation,0,0,0.500536322593689,0,0.5014635920524597,False,4,1.0,1,"[0.777959, 0.222041]"
minesweeper,client,456,3832,14,MR,H,evaluation,0,0,0.4995560050010681,0,0.5014635920524597,False,4,0.75,1,"[0.659391, 0.340609]"
minesweeper,client,456,3834,14,MR,H,evaluation,0,0,0.49857065081596375,0,0.5014635920524597,False,4,0.5,1,"[0.540273, 0.459727]"
minesweeper,client,456,4029,14,MR,H,evaluation,0,0,0.5012510418891907,0,0.5014635920524597,False,1,1.0,1,"[0.864449, 0.135551]"
minesweeper,client,456,4030,14,MR,H,evaluation,0,0,0.5007799863815308,0,0.5014635920524597,False,1,1.0,1,"[0.807443, 0.192557]"
minesweeper,client,456,5659,14,MR,H,evaluation,1,0,0.5097283720970154,0,0.5112331509590149,False,3,0.3333333333333333,0,"[0.604824, 0.395176]"
minesweeper,client,456,5661,14,MR,H,evaluation,0,0,0.49995580315589905,0,0.5014635920524597,False,4,1.0,1,"[0.707737, 0.292263]"
minesweeper,client,456,5662,14,MR,H,evaluation,0,0,0.4998479187488556,0,0.5014635920524597,False,4,1.0,1,"[0.694692, 0.305308]"
minesweeper,client,456,5663,14,MR,H,evaluation,0,0,0.4998356103897095,0,0.5014635920524597,False,4,0.75,1,"[0.693203, 0.306797]"
minesweeper,client,456,5665,14,MR,H,evaluation,0,0,0.49995923042297363,0,0.5014635920524597,False,4,1.0,1,"[0.708149, 0.291851]"
minesweeper,client,456,5765,14,MR,H,evaluation,0,0,0.5003535151481628,0,0.5014635920524597,False,4,0.75,1,"[0.755845, 0.244155]"
minesweeper,client,456,5767,14,MR,H,evaluation,0,0,0.5000455975532532,0,0.5014635920524597,False,4,0.75,1,"[0.718594, 0.281406]"
minesweeper,client,456,5769,14,MR,H,evaluation,0,0,0.49942371249198914,0,0.5014635920524597,False,2,1.0,1,"[0.643399, 0.356601]"
minesweeper,client,456,5858,14,MR,H,evaluation,0,0,0.4992990791797638,0,0.5014635920524597,False,3,1.0,1,"[0.62833, 0.37167]"
minesweeper,client,456,5862,14,MR,H,evaluation,1,0,0.5106649994850159,0,0.5112331509590149,False,4,0.25,0,"[0.582274, 0.417726]"
minesweeper,client,456,5961,14,MR,H,evaluation,1,0,0.5113430023193359,1,0.5112331509590149,False,4,0.0,0,"[0.565805, 0.434195]"
minesweeper,client,456,6065,14,MR,H,evaluation,0,0,0.4996899664402008,0,0.5014635920524597,False,4,0.75,1,"[0.675589, 0.324411]"
minesweeper,client,456,6067,14,MR,H,evaluation,0,0,0.4998628497123718,0,0.5014635920524597,False,4,0.75,1,"[0.696497, 0.303503]"
minesweeper,client,456,6168,14,MR,H,evaluation,0,0,0.5005194544792175,0,0.5014635920524597,False,4,1.0,1,"[0.775919, 0.224081]"
minesweeper,client,456,6170,14,MR,H,evaluation,0,0,0.4999086558818817,0,0.5014635920524597,False,4,0.75,1,"[0.702035, 0.297965]"
minesweeper,client,456,6257,14,MR,H,evaluation,0,0,0.49935558438301086,0,0.5014635920524597,False,3,0.6666666666666666,1,"[0.635158, 0.364842]"
minesweeper,client,456,6259,14,MR,H,evaluation,0,0,0.49934136867523193,0,0.5014635920524597,False,4,0.75,1,"[0.63344, 0.36656]"
minesweeper,client,456,6260,14,MR,H,evaluation,1,0,0.5090552568435669,0,0.5112331509590149,False,4,0.0,0,"[0.620891, 0.379109]"
minesweeper,client,456,6261,14,MR,H,evaluation,0,0,0.4992337226867676,0,0.5014635920524597,False,4,0.5,1,"[0.620428, 0.379572]"
minesweeper,client,456,6263,14,MR,H,evaluation,0,0,0.49927693605422974,0,0.5014635920524597,False,4,0.75,1,"[0.62565, 0.37435]"
minesweeper,client,456,6265,14,MR,H,evaluation,0,0,0.4988290071487427,0,0.5014635920524597,False,4,1.0,1,"[0.571506, 0.428494]"
minesweeper,client,456,6268,14,MR,H,evaluation,0,0,0.5003845691680908,0,0.5014635920524597,False,4,0.75,1,"[0.759601, 0.240399]"
minesweeper,client,456,6271,14,MR,H,evaluation,1,0,0.5072839260101318,0,0.5112331509590149,False,2,0.5,0,"[0.66267, 0.33733]"
minesweeper,client,456,6358,14,MR,H,evaluation,0,0,0.499508261680603,0,0.5014635920524597,False,4,1.0,1,"[0.653614, 0.346386]"
minesweeper,client,456,6360,14,MR,H,evaluation,0,0,0.4990375339984894,0,0.5014635920524597,False,4,0.75,1,"[0.59671, 0.40329]"
minesweeper,client,456,6363,14,MR,H,evaluation,0,0,0.498800128698349,0,0.5014635920524597,False,4,0.25,1,"[0.568014, 0.431986]"
minesweeper,client,456,6367,14,MR,H,evaluation,1,0,0.5090631246566772,0,0.5112331509590149,False,4,0.0,0,"[0.620705, 0.379295]"
minesweeper,client,456,6369,14,MR,H,evaluation,0,0,0.49959301948547363,0,0.5014635920524597,False,4,0.75,1,"[0.663867, 0.336133]"
minesweeper,client,456,6461,14,MR,H,evaluation,0,0,0.4989309310913086,0,0.5014635920524597,False,4,0.5,1,"[0.583823, 0.416177]"
minesweeper,client,456,6463,14,MR,H,evaluation,1,0,0.5113826990127563,1,0.5112331509590149,False,4,0.5,0,"[0.564838, 0.435162]"
minesweeper,client,456,6468,14,MR,H,evaluation,0,0,0.49946799874305725,0,0.5014635920524597,False,4,0.5,1,"[0.648756, 0.351244]"
minesweeper,client,456,6470,14,MR,H,evaluation,0,0,0.5000536441802979,0,0.5014635920524597,False,4,1.0,1,"[0.719573, 0.280427]"
minesweeper,client,456,6565,14,MR,H,evaluation,0,0,0.4990939497947693,0,0.5014635920524597,False,4,0.75,1,"[0.603528, 0.396472]"
minesweeper,client,456,6568,14,MR,H,evaluation,1,0,0.5086168646812439,0,0.5112331509590149,False,4,0.0,0,"[0.631298, 0.368702]"
minesweeper,client,456,6657,14,MR,H,evaluation,0,0,0.4997866451740265,0,0.5014635920524597,False,4,0.25,1,"[0.687276, 0.312724]"
minesweeper,client,456,6658,14,MR,H,evaluation,1,0,0.5072094202041626,0,0.5112331509590149,False,4,0.25,0,"[0.664413, 0.335587]"
minesweeper,client,456,6659,14,MR,H,evaluation,0,0,0.49953457713127136,0,0.5014635920524597,False,4,0.5,1,"[0.656798, 0.343201]"
minesweeper,client,456,6661,14,MR,H,evaluation,0,0,0.4995540678501129,0,0.5014635920524597,False,4,0.5,1,"[0.659156, 0.340844]"
minesweeper,client,456,6755,14,MR,H,evaluation,0,0,0.49875393509864807,0,0.5014635920524597,False,3,0.0,1,"[0.562431, 0.437569]"
minesweeper,client,456,6760,14,MR,H,evaluation,0,0,0.4995695948600769,0,0.5014635920524597,False,4,0.75,1,"[0.661039, 0.338961]"
minesweeper,client,456,6763,14,MR,H,evaluation,0,0,0.49838581681251526,0,0.5014635920524597,False,4,0.75,1,"[0.517941, 0.482059]"
minesweeper,client,456,6766,14,MR,H,evaluation,1,0,0.5087107419967651,0,0.5112331509590149,False,4,0.25,0,"[0.629073, 0.370927]"
minesweeper,client,456,6767,14,MR,H,evaluation,0,0,0.49903008341789246,0,0.5014635920524597,False,4,0.5,1,"[0.595807, 0.404193]"
minesweeper,client,456,6770,14,MR,H,evaluation,0,0,0.49959447979927063,0,0.5014635920524597,False,4,0.75,1,"[0.664043, 0.335957]"
minesweeper,client,456,6773,14,MR,H,evaluation,0,0,0.5005844831466675,0,0.5014635920524597,False,2,0.5,1,"[0.783788, 0.216212]"
minesweeper,client,456,6858,14,MR,H,evaluation,0,0,0.498594731092453,0,0.5014635920524597,False,4,0.75,1,"[0.543183, 0.456817]"
minesweeper,client,456,6859,14,MR,H,evaluation,0,0,0.4988020956516266,0,0.5014635920524597,False,4,1.0,1,"[0.568251, 0.431749]"
minesweeper,client,456,6864,14,MR,H,evaluation,0,0,0.49828818440437317,0,0.5014635920524597,False,4,0.5,1,"[0.506136, 0.493864]"
minesweeper,client,456,6866,14,MR,H,evaluation,0,0,0.4983176290988922,0,0.5014635920524597,False,4,0.25,1,"[0.509696, 0.490304]"
minesweeper,client,456,6955,14,MR,H,evaluation,0,0,0.49895179271698,0,0.5014635920524597,False,4,0.5,1,"[0.58634, 0.41366]"
minesweeper,client,456,6962,14,MR,H,evaluation,0,0,0.49815186858177185,0,0.5014635920524597,False,4,0.25,0,"[0.489663, 0.510337]"
minesweeper,client,456,6965,14,MR,H,evaluation,1,0,0.5127516984939575,1,0.5112331509590149,False,4,0.25,0,"[0.531167, 0.468833]"
minesweeper,client,456,6966,14,MR,H,evaluation,1,0,0.5112463235855103,1,0.5112331509590149,False,4,0.0,0,"[0.568162, 0.431838]"
minesweeper,client,456,6967,14,MR,H,evaluation,0,0,0.49890491366386414,0,0.5014635920524597,False,4,0.75,1,"[0.580676, 0.419324]"
minesweeper,client,456,7058,14,MR,H,evaluation,0,0,0.49982258677482605,0,0.5014635920524597,False,4,0.75,1,"[0.691628, 0.308372]"
minesweeper,client,456,7059,14,MR,H,evaluation,0,0,0.49949413537979126,0,0.5014635920524597,False,4,0.5,1,"[0.651911, 0.348089]"
minesweeper,client,456,7067,14,MR,H,evaluation,0,0,0.499350368976593,0,0.5014635920524597,False,4,0.5,1,"[0.634533, 0.365467]"
minesweeper,client,456,7159,14,MR,H,evaluation,0,0,0.4996451735496521,0,0.5014635920524597,False,4,1.0,1,"[0.670175, 0.329825]"
minesweeper,client,456,7160,14,MR,H,evaluation,0,0,0.49930092692375183,0,0.5014635920524597,False,4,1.0,1,"[0.628552, 0.371448]"
minesweeper,client,456,7161,14,MR,H,evaluation,0,0,0.49899929761886597,0,0.5014635920524597,False,4,1.0,1,"[0.592087, 0.407913]"
minesweeper,client,456,7165,14,MR,H,evaluation,0,0,0.4996211528778076,0,0.5014635920524597,False,4,0.5,1,"[0.667266, 0.332734]"
minesweeper,client,456,7168,14,MR,H,evaluation,0,0,0.5006446838378906,0,0.5014635920524597,False,4,1.0,1,"[0.79107, 0.20893]"
minesweeper,client,456,7258,14,MR,H,evaluation,0,0,0.49941205978393555,0,0.5014635920524597,False,1,1.0,1,"[0.641983, 0.358017]"
minesweeper,client,456,7260,14,MR,H,evaluation,0,0,0.4994645118713379,0,0.5014635920524597,False,3,1.0,1,"[0.648325, 0.351675]"
minesweeper,client,456,7261,14,MR,H,evaluation,0,0,0.4994984567165375,0,0.5014635920524597,False,4,1.0,1,"[0.652437, 0.347563]"
minesweeper,client,456,7265,14,MR,H,evaluation,0,0,0.5006957054138184,0,0.5014635920524597,False,4,1.0,1,"[0.797239, 0.202761]"
minesweeper,client,456,7268,14,MR,H,evaluation,0,0,0.5009207129478455,0,0.5014635920524597,False,4,1.0,1,"[0.82447, 0.17553]"
minesweeper,client,456,7271,14,MR,H,evaluation,0,0,0.4994480013847351,0,0.5014635920524597,False,4,0.75,1,"[0.646337, 0.353663]"
minesweeper,client,456,7272,14,MR,H,evaluation,0,0,0.49957409501075745,0,0.5014635920524597,False,4,0.75,1,"[0.661581, 0.338419]"
minesweeper,client,456,7273,14,MR,H,evaluation,0,0,0.4994906783103943,0,0.5014635920524597,False,2,1.0,1,"[0.651493, 0.348507]"
minesweeper,client,456,7361,14,MR,H,evaluation,0,0,0.5004908442497253,0,0.5014635920524597,False,4,1.0,1,"[0.772457, 0.227543]"
minesweeper,client,456,7367,14,MR,H,evaluation,0,0,0.5004198551177979,0,0.5014635920524597,False,4,0.75,1,"[0.763865, 0.236135]"
minesweeper,client,456,7368,14,MR,H,evaluation,0,0,0.5003480315208435,0,0.5014635920524597,False,4,0.75,1,"[0.755177, 0.244823]"
minesweeper,client,456,7370,14,MR,H,evaluation,0,0,0.49960920214653015,0,0.5014635920524597,False,4,0.75,1,"[0.665825, 0.334175]"
minesweeper,client,456,7373,14,MR,H,evaluation,0,0,0.4992120563983917,0,0.5014635920524597,False,1,0.0,1,"[0.617804, 0.382196]"
minesweeper,client,456,7462,14,MR,H,evaluation,0,0,0.4994174540042877,0,0.5014635920524597,False,2,0.5,1,"[0.642637, 0.357363]"
minesweeper,client,456,7464,14,MR,H,evaluation,0,0,0.5001469254493713,0,0.5014635920524597,False,4,0.75,1,"[0.730851, 0.269149]"
minesweeper,client,456,7468,14,MR,H,evaluation,0,0,0.5002301931381226,0,0.5014635920524597,False,4,1.0,1,"[0.740926, 0.259074]"
minesweeper,client,456,7469,14,MR,H,evaluation,0,0,0.4998844563961029,0,0.5014635920524597,False,4,1.0,1,"[0.699112, 0.300888]"
minesweeper,client,456,7470,14,MR,H,evaluation,0,0,0.49981755018234253,0,0.5014635920524597,False,4,1.0,1,"[0.691018, 0.308982]"
minesweeper,client,456,7471,14,MR,H,evaluation,0,0,0.5005658864974976,0,0.5014635920524597,False,4,0.75,1,"[0.781532, 0.218468]"
minesweeper,client,456,7571,14,MR,H,evaluation,0,0,0.5021314024925232,1,0.5014635920524597,False,4,0.75,1,"[0.971035, 0.028965]"
minesweeper,client,456,7665,14,MR,H,evaluation,0,0,0.5002618432044983,0,0.5014635920524597,False,2,0.5,1,"[0.744756, 0.255244]"
minesweeper,client,456,7669,14,MR,H,evaluation,0,0,0.5010501742362976,0,0.5014635920524597,False,3,1.0,1,"[0.840132, 0.159868]"
minesweeper,client,456,7766,14,MR,H,evaluation,0,0,0.5001950263977051,0,0.5014635920524597,False,1,1.0,1,"[0.736673, 0.263327]"
minesweeper,client,456,7769,14,MR,H,evaluation,0,0,0.5000982880592346,0,0.5014635920524597,False,0,,1,"[0.724971, 0.275029]"
