dataset,scenario,seed,global_node_id,client_id,stage,subset,pool_role,true_class,membership_label,mia_score,decision,threshold,fallback_status,local_degree,local_label_agreement,correct_prediction,prob_vector
Actor,client,7,3292,0,M0,attack_member,evaluation,0,1,0.4476219117641449,0,0.5450589656829834,False,1,0.0,0,"[0.188789, 0.206092, 0.237189, 0.188156, 0.179774]"
Actor,client,7,3301,0,M0,attack_member,evaluation,4,1,0.6787294745445251,0,0.7520955204963684,False,1,1.0,1,"[0.087759, 0.106178, 0.17166, 0.232368, 0.402035]"
Actor,client,7,3314,0,M0,attack_member,evaluation,3,1,0.3580658435821533,0,0.8173993229866028,False,11,0.2727272727272727,0,"[0.107922, 0.192647, 0.172131, 0.221742, 0.305558]"
Actor,client,7,3322,0,M0,attack_member,evaluation,2,1,0.4223262667655945,0,0.7345184683799744,False,0,,0,"[0.034402, 0.15455, 0.244396, 0.171754, 0.394898]"
Actor,client,7,3350,0,M0,attack_member,evaluation,1,1,0.2942751348018646,0,0.6836628317832947,False,10,0.2,0,"[0.073587, 0.148546, 0.289299, 0.260327, 0.228241]"
Actor,client,7,3359,0,M0,attack_member,evaluation,3,1,0.38664281368255615,0,0.8173993229866028,False,1,0.0,1,"[0.175993, 0.214985, 0.191382, 0.219814, 0.197825]"
Actor,client,7,3392,0,M0,attack_member,evaluation,1,1,0.4270522892475128,0,0.6836628317832947,False,1,0.0,0,"[0.193837, 0.228498, 0.134121, 0.235856, 0.207688]"
Actor,client,7,3396,0,M0,attack_member,evaluation,2,1,0.5727165341377258,0,0.7345184683799744,False,0,,1,"[0.193125, 0.179484, 0.29821, 0.175579, 0.153601]"
Actor,client,7,3400,0,M0,attack_member,evaluation,3,1,0.48405975103378296,0,0.8173993229866028,False,4,0.5,0,"[0.105125, 0.152195, 0.198609, 0.262466, 0.281606]"
Actor,client,7,3461,0,M0,attack_member,evaluation,2,1,0.3567768931388855,0,0.7345184683799744,False,1,0.0,0,"[0.172632, 0.201454, 0.207379, 0.243508, 0.175027]"
Actor,client,7,3490,0,M0,attack_member,evaluation,3,1,0.4029073417186737,0,0.8173993229866028,False,0,,0,"[0.094822, 0.148759, 0.452233, 0.202053, 0.102134]"
Actor,client,7,3495,0,M0,attack_member,evaluation,2,1,0.3812585175037384,0,0.7345184683799744,False,1,1.0,0,"[0.151641, 0.152961, 0.216184, 0.280234, 0.19898]"
Actor,client,7,3510,0,M0,attack_member,evaluation,4,1,0.18563444912433624,0,0.7520955204963684,False,0,,0,"[0.186533, 0.266272, 0.137621, 0.24157, 0.168003]"
Actor,client,7,3580,0,M0,attack_member,evaluation,3,1,0.42884135246276855,0,0.8173993229866028,False,1,0.0,0,"[0.152622, 0.148323, 0.179075, 0.236059, 0.283921]"
Actor,client,7,3662,0,M0,attack_member,evaluation,3,1,0.7704203724861145,0,0.8173993229866028,False,0,,1,"[0.005239, 0.007066, 0.034514, 0.48362, 0.469561]"
Actor,client,7,3669,0,M0,attack_member,evaluation,4,1,0.5927390456199646,0,0.7520955204963684,False,2,0.5,1,"[0.085734, 0.17321, 0.143736, 0.232758, 0.364563]"
Actor,client,7,3754,0,M0,attack_member,evaluation,3,1,0.5790204405784607,0,0.8173993229866028,False,1,0.0,0,"[0.092681, 0.107113, 0.118357, 0.312086, 0.369764]"
Actor,client,7,3764,0,M0,attack_member,evaluation,1,1,0.24802277982234955,0,0.6836628317832947,False,1,0.0,0,"[0.132118, 0.140713, 0.254223, 0.240983, 0.231963]"
Actor,client,7,3778,0,M0,attack_member,evaluation,4,1,0.38526806235313416,0,0.7520955204963684,False,4,0.25,0,"[0.169315, 0.231401, 0.188351, 0.186332, 0.224601]"
Actor,client,7,3801,0,M0,attack_member,evaluation,1,1,0.5894195437431335,0,0.6836628317832947,False,2,0.0,1,"[0.074199, 0.28642, 0.223564, 0.155567, 0.260249]"
Actor,client,7,3826,0,M0,attack_member,evaluation,1,1,0.5608376264572144,0,0.6836628317832947,False,2,0.0,1,"[0.138377, 0.266728, 0.168605, 0.234447, 0.191844]"
Actor,client,7,3835,0,M0,attack_member,evaluation,2,1,0.3573051393032074,0,0.7345184683799744,False,1,1.0,0,"[0.147942, 0.162352, 0.206712, 0.284463, 0.198531]"
Actor,client,7,3861,0,M0,attack_member,evaluation,3,1,0.5493972897529602,0,0.8173993229866028,False,1,0.0,1,"[0.080961, 0.237731, 0.15862, 0.30474, 0.217947]"
Actor,client,7,3897,0,M0,attack_member,evaluation,3,1,0.5616288781166077,0,0.8173993229866028,False,1,0.0,0,"[0.118081, 0.089841, 0.210784, 0.286978, 0.294316]"
Actor,client,7,3915,0,M0,attack_member,evaluation,3,1,0.6405988335609436,0,0.8173993229866028,False,3,0.3333333333333333,1,"[0.076857, 0.15704, 0.194254, 0.342714, 0.229135]"
Actor,client,7,3922,0,M0,attack_member,evaluation,4,1,0.537947952747345,0,0.7520955204963684,False,6,0.3333333333333333,1,"[0.028217, 0.120326, 0.12278, 0.3432, 0.385477]"
Actor,client,7,3986,0,M0,attack_member,evaluation,3,1,0.5096467137336731,0,0.8173993229866028,False,1,0.0,1,"[0.153387, 0.204241, 0.230536, 0.264061, 0.147775]"
Actor,client,7,4056,0,M0,attack_member,evaluation,2,1,0.4914633631706238,0,0.7345184683799744,False,2,0.0,0,"[0.088551, 0.078808, 0.261714, 0.127607, 0.44332]"
Actor,client,7,4059,0,M0,attack_member,evaluation,3,1,0.5170828700065613,0,0.8173993229866028,False,3,0.3333333333333333,0,"[0.065902, 0.224295, 0.097151, 0.299879, 0.312773]"
Actor,client,7,4082,0,M0,attack_member,evaluation,2,1,0.22561177611351013,0,0.7345184683799744,False,0,,0,"[0.143879, 0.310214, 0.153306, 0.253881, 0.138719]"
Actor,client,7,4111,0,M0,attack_member,evaluation,3,1,0.8086404800415039,0,0.8173993229866028,False,0,,1,"[0.117271, 0.061161, 0.184764, 0.519205, 0.117598]"
Actor,client,7,4137,0,M0,attack_member,evaluation,1,1,0.3966731131076813,0,0.6836628317832947,False,4,0.0,0,"[0.146574, 0.211002, 0.195392, 0.222776, 0.224256]"
Actor,client,7,4152,0,M0,attack_member,evaluation,3,1,0.2914915382862091,0,0.8173993229866028,False,0,,0,"[0.118356, 0.264979, 0.227417, 0.19351, 0.195737]"
Actor,client,7,4173,0,M0,attack_member,evaluation,2,1,0.5905173420906067,0,0.7345184683799744,False,2,0.0,1,"[0.095026, 0.159471, 0.313902, 0.222747, 0.208854]"
Actor,client,7,4188,0,M0,attack_member,evaluation,1,1,0.5232964158058167,0,0.6836628317832947,False,0,,1,"[0.202474, 0.257829, 0.242352, 0.181321, 0.116023]"
Actor,client,7,4200,0,M0,attack_member,evaluation,3,1,0.41834181547164917,0,0.8173993229866028,False,3,0.6666666666666666,0,"[0.140214, 0.191569, 0.273156, 0.22533, 0.169731]"
Actor,client,7,4221,0,M0,attack_member,evaluation,3,1,0.43648722767829895,0,0.8173993229866028,False,5,0.0,0,"[0.138235, 0.245865, 0.22621, 0.24166, 0.148031]"
Actor,client,7,4259,0,M0,attack_member,evaluation,4,1,0.3236932158470154,0,0.7520955204963684,False,5,0.0,0,"[0.097178, 0.114571, 0.233751, 0.342873, 0.211627]"
Actor,client,7,4274,0,M0,attack_member,evaluation,4,1,0.7482005953788757,0,0.7520955204963684,False,0,,1,"[0.006254, 0.032228, 0.032637, 0.152071, 0.77681]"
Actor,client,7,4349,0,M0,attack_member,evaluation,1,1,0.33362460136413574,0,0.6836628317832947,False,1,1.0,0,"[0.133468, 0.190452, 0.229851, 0.19325, 0.252978]"
Actor,client,7,4376,0,M0,attack_member,evaluation,0,1,0.2837288975715637,0,0.5450589656829834,False,4,0.0,0,"[0.051371, 0.06555, 0.236646, 0.352425, 0.294008]"
Actor,client,7,4387,0,M0,attack_member,evaluation,3,1,0.4854978621006012,0,0.8173993229866028,False,4,0.25,1,"[0.129439, 0.208504, 0.143469, 0.269541, 0.249046]"
Actor,client,7,4403,0,M0,attack_member,evaluation,3,1,0.5578814744949341,0,0.8173993229866028,False,3,0.3333333333333333,1,"[0.083932, 0.146405, 0.195889, 0.297007, 0.276766]"
Actor,client,7,4451,0,M0,attack_member,evaluation,3,1,0.8332682251930237,1,0.8173993229866028,False,0,,1,"[0.046526, 0.051381, 0.092806, 0.621453, 0.187834]"
Actor,client,7,4529,0,M0,attack_member,evaluation,3,1,0.408340185880661,0,0.8173993229866028,False,2,0.0,1,"[0.07544, 0.241634, 0.202052, 0.244453, 0.236421]"
Actor,client,7,4554,0,M0,attack_member,evaluation,4,1,0.14275449514389038,0,0.7520955204963684,False,0,,0,"[0.174103, 0.188882, 0.161654, 0.327338, 0.148022]"
Actor,client,7,4585,0,M0,attack_member,evaluation,1,1,0.24044330418109894,0,0.6836628317832947,False,4,0.0,0,"[0.151833, 0.156775, 0.187616, 0.205013, 0.298763]"
Actor,client,7,4615,0,M0,attack_member,evaluation,1,1,0.6878230571746826,1,0.6836628317832947,False,1,0.0,1,"[0.112387, 0.321777, 0.111771, 0.229685, 0.224379]"
Actor,client,7,4662,0,M0,attack_member,evaluation,3,1,0.6931902170181274,0,0.8173993229866028,False,0,,1,"[0.112564, 0.16953, 0.097511, 0.385324, 0.235071]"
Actor,client,7,4676,0,M0,attack_member,evaluation,2,1,0.41460880637168884,0,0.7345184683799744,False,0,,0,"[0.119967, 0.08876, 0.228705, 0.395051, 0.167517]"
Actor,client,7,4702,0,M0,attack_member,evaluation,1,1,0.3207642734050751,0,0.6836628317832947,False,3,0.0,0,"[0.181319, 0.178539, 0.196923, 0.246286, 0.196934]"
Actor,client,7,4715,0,M0,attack_member,evaluation,1,1,0.2576873302459717,0,0.6836628317832947,False,3,0.0,0,"[0.109016, 0.155388, 0.206297, 0.22632, 0.302979]"
Actor,client,7,4874,0,M0,attack_member,evaluation,0,1,0.548328697681427,1,0.5450589656829834,False,0,,0,"[0.225498, 0.141891, 0.240065, 0.194464, 0.198081]"
Actor,client,7,4897,0,M0,attack_member,evaluation,1,1,0.31555888056755066,0,0.6836628317832947,False,1,1.0,0,"[0.174476, 0.183073, 0.203851, 0.215251, 0.223349]"
Actor,client,7,4901,0,M0,attack_member,evaluation,2,1,0.6012671589851379,0,0.7345184683799744,False,0,,1,"[0.023868, 0.127605, 0.32285, 0.294069, 0.231608]"
Actor,client,7,4914,0,M0,attack_member,evaluation,4,1,0.779748260974884,1,0.7520955204963684,False,0,,1,"[0.058821, 0.090866, 0.21174, 0.154163, 0.484409]"
Actor,client,7,4933,0,M0,attack_member,evaluation,3,1,0.43272513151168823,0,0.8173993229866028,False,2,0.5,1,"[0.161825, 0.175285, 0.197179, 0.235428, 0.230282]"
Actor,client,7,4986,0,M0,attack_member,evaluation,2,1,0.4699658751487732,0,0.7345184683799744,False,1,0.0,1,"[0.129188, 0.220899, 0.26285, 0.211601, 0.175462]"
Actor,client,7,4998,0,M0,attack_member,evaluation,3,1,0.5026776194572449,0,0.8173993229866028,False,2,0.0,1,"[0.158474, 0.195758, 0.159582, 0.268596, 0.217591]"
Actor,client,7,5009,0,M0,attack_member,evaluation,1,1,0.2529653310775757,0,0.6836628317832947,False,3,0.0,0,"[0.197313, 0.16472, 0.162886, 0.214168, 0.260913]"
Actor,client,7,5054,0,M0,attack_member,evaluation,4,1,0.43509218096733093,0,0.7520955204963684,False,1,0.0,0,"[0.126085, 0.169664, 0.193584, 0.256936, 0.253731]"
Actor,client,7,5123,0,M0,attack_member,evaluation,3,1,0.5113426446914673,0,0.8173993229866028,False,0,,1,"[0.080375, 0.229253, 0.167032, 0.286746, 0.236593]"
Actor,client,7,5126,0,M0,attack_member,evaluation,3,1,0.6419116258621216,0,0.8173993229866028,False,0,,0,"[0.075785, 0.042506, 0.084082, 0.348146, 0.449481]"
Actor,client,7,5192,0,M0,attack_member,evaluation,3,1,0.6034454703330994,0,0.8173993229866028,False,2,0.5,1,"[0.120376, 0.172189, 0.121404, 0.323829, 0.262202]"
Actor,client,7,5249,0,M0,attack_member,evaluation,1,1,0.5379358530044556,0,0.6836628317832947,False,0,,1,"[0.11737, 0.254994, 0.218693, 0.217966, 0.190976]"
Actor,client,7,5251,0,M0,attack_member,evaluation,3,1,0.71901935338974,0,0.8173993229866028,False,0,,1,"[0.117744, 0.191981, 0.139027, 0.40394, 0.147308]"
Actor,client,7,5259,0,M0,attack_member,evaluation,2,1,0.6026337742805481,0,0.7345184683799744,False,4,0.0,1,"[0.065161, 0.18489, 0.32518, 0.236653, 0.188116]"
Actor,client,7,5294,0,M0,attack_member,evaluation,2,1,0.5655068159103394,0,0.7345184683799744,False,9,0.1111111111111111,1,"[0.100003, 0.234546, 0.309256, 0.171715, 0.18448]"
Actor,client,7,5342,0,M0,attack_member,evaluation,2,1,0.4130471646785736,0,0.7345184683799744,False,2,0.0,0,"[0.124101, 0.116201, 0.229346, 0.287762, 0.24259]"
Actor,client,7,5382,0,M0,attack_member,evaluation,2,1,0.4168679118156433,0,0.7345184683799744,False,1,0.0,0,"[0.037188, 0.143403, 0.24202, 0.337937, 0.239452]"
Actor,client,7,5384,0,M0,attack_member,evaluation,4,1,0.43801960349082947,0,0.7520955204963684,False,2,0.5,0,"[0.136105, 0.154375, 0.179294, 0.270415, 0.259811]"
Actor,client,7,5389,0,M0,attack_member,evaluation,0,1,0.44715002179145813,0,0.5450589656829834,False,0,,0,"[0.186533, 0.266272, 0.137621, 0.24157, 0.168003]"
Actor,client,7,5408,0,M0,attack_member,evaluation,0,1,0.3611036539077759,0,0.5450589656829834,False,1,0.0,0,"[0.151586, 0.238201, 0.222289, 0.228363, 0.159562]"
Actor,client,7,5449,0,M0,attack_member,evaluation,3,1,0.4026307761669159,0,0.8173993229866028,False,0,,0,"[0.240815, 0.193441, 0.146371, 0.219165, 0.200208]"
Actor,client,7,5450,0,M0,attack_member,evaluation,4,1,0.5918791890144348,0,0.7520955204963684,False,0,,1,"[0.175129, 0.207, 0.185257, 0.134006, 0.298607]"
Actor,client,7,5493,0,M0,attack_member,evaluation,0,1,0.32174742221832275,0,0.5450589656829834,False,1,0.0,0,"[0.129188, 0.220899, 0.26285, 0.211601, 0.175462]"
Actor,client,7,5557,0,M0,attack_member,evaluation,3,1,0.6755802035331726,0,0.8173993229866028,False,1,0.0,1,"[0.128048, 0.127432, 0.212811, 0.351773, 0.179936]"
Actor,client,7,5571,0,M0,attack_member,evaluation,4,1,0.43749967217445374,0,0.7520955204963684,False,4,0.0,1,"[0.105851, 0.22088, 0.177977, 0.231818, 0.263473]"
Actor,client,7,5584,0,M0,attack_member,evaluation,1,1,0.7256290316581726,1,0.6836628317832947,False,0,,0,"[0.091618, 0.298472, 0.153714, 0.353086, 0.103109]"
Actor,client,7,5667,0,M0,attack_member,evaluation,2,1,0.4426702857017517,0,0.7345184683799744,False,1,0.0,1,"[0.14352, 0.178528, 0.245582, 0.209137, 0.223232]"
Actor,client,7,5685,0,M0,attack_member,evaluation,3,1,0.6217827796936035,0,0.8173993229866028,False,1,0.0,1,"[0.109889, 0.091907, 0.216822, 0.317996, 0.263386]"
Actor,client,7,5712,0,M0,attack_member,evaluation,1,1,0.5301942825317383,0,0.6836628317832947,False,1,0.0,1,"[0.181814, 0.261845, 0.155625, 0.225353, 0.175363]"
Actor,client,7,5729,0,M0,attack_member,evaluation,0,1,0.7683137059211731,1,0.5450589656829834,False,1,0.0,0,"[0.333015, 0.062371, 0.100798, 0.359808, 0.144008]"
Actor,client,7,5762,0,M0,attack_member,evaluation,0,1,0.32766610383987427,0,0.5450589656829834,False,1,0.0,0,"[0.066548, 0.06893, 0.201734, 0.344097, 0.318691]"
Actor,client,7,5882,0,M0,attack_member,evaluation,4,1,0.2581384479999542,0,0.7520955204963684,False,5,0.4,0,"[0.165299, 0.225112, 0.176906, 0.243995, 0.188688]"
Actor,client,7,5929,0,M0,attack_member,evaluation,4,1,0.5705931186676025,0,0.7520955204963684,False,4,0.0,1,"[0.1412, 0.168548, 0.17999, 0.203407, 0.306856]"
Actor,client,7,5934,0,M0,attack_member,evaluation,3,1,0.48993533849716187,0,0.8173993229866028,False,3,0.3333333333333333,1,"[0.133728, 0.193929, 0.243781, 0.257146, 0.171416]"
Actor,client,7,5965,0,M0,attack_member,evaluation,4,1,0.42985162138938904,0,0.7520955204963684,False,6,0.16666666666666666,0,"[0.106548, 0.152249, 0.203071, 0.283954, 0.254178]"
Actor,client,7,5974,0,M0,attack_member,evaluation,3,1,0.2528980076313019,0,0.8173993229866028,False,0,,0,"[0.127144, 0.285877, 0.15828, 0.187379, 0.241319]"
Actor,client,7,5993,0,M0,attack_member,evaluation,2,1,0.2415343075990677,0,0.7345184683799744,False,1,0.0,0,"[0.084827, 0.108891, 0.152113, 0.412889, 0.24128]"
Actor,client,7,6013,0,M0,attack_member,evaluation,4,1,0.5855084657669067,0,0.7520955204963684,False,1,0.0,1,"[0.074403, 0.169382, 0.108559, 0.251379, 0.396278]"
Actor,client,7,6044,0,M0,attack_member,evaluation,4,1,0.5669416189193726,0,0.7520955204963684,False,2,0.5,1,"[0.076333, 0.080951, 0.126139, 0.338359, 0.378219]"
Actor,client,7,6079,0,M0,attack_member,evaluation,0,1,0.474918931722641,0,0.5450589656829834,False,1,0.0,0,"[0.200136, 0.200324, 0.220823, 0.203016, 0.175701]"
Actor,client,7,6095,0,M0,attack_member,evaluation,3,1,0.5276421904563904,0,0.8173993229866028,False,2,0.5,1,"[0.129943, 0.213173, 0.131884, 0.288342, 0.236658]"
Actor,client,7,6096,0,M0,attack_member,evaluation,3,1,0.6052649617195129,0,0.8173993229866028,False,3,0.3333333333333333,1,"[0.055, 0.117154, 0.239389, 0.317971, 0.270486]"
Actor,client,7,6112,0,M0,attack_member,evaluation,2,1,0.29552194476127625,0,0.7345184683799744,False,2,0.0,0,"[0.084667, 0.20175, 0.186563, 0.227455, 0.299565]"
Actor,client,7,6114,0,M0,attack_member,evaluation,3,1,0.5245504975318909,0,0.8173993229866028,False,2,0.0,1,"[0.138967, 0.190241, 0.222502, 0.272721, 0.175569]"
Actor,client,7,6160,0,M0,attack_member,evaluation,4,1,0.3359155058860779,0,0.7520955204963684,False,1,0.0,0,"[0.153596, 0.174862, 0.221083, 0.24626, 0.2042]"
Actor,client,7,6169,0,M0,attack_member,evaluation,0,1,0.4212419390678406,0,0.5450589656829834,False,1,0.0,0,"[0.179525, 0.185326, 0.263422, 0.208482, 0.163245]"
Actor,client,7,6194,0,M0,attack_member,evaluation,3,1,0.5953798294067383,0,0.8173993229866028,False,1,0.0,1,"[0.075283, 0.240359, 0.126546, 0.33211, 0.225702]"
Actor,client,7,6217,0,M0,attack_member,evaluation,4,1,0.44923222064971924,0,0.7520955204963684,False,2,0.0,0,"[0.099698, 0.141948, 0.251538, 0.264403, 0.242413]"
Actor,client,7,6230,0,M0,attack_member,evaluation,1,1,0.30146265029907227,0,0.6836628317832947,False,11,0.2727272727272727,0,"[0.11888, 0.163714, 0.185289, 0.278382, 0.253735]"
Actor,client,7,6254,0,M0,attack_member,evaluation,4,1,0.46347281336784363,0,0.7520955204963684,False,2,0.5,1,"[0.200035, 0.173734, 0.188428, 0.191465, 0.246339]"
Actor,client,7,6259,0,M0,attack_member,evaluation,1,1,0.32339510321617126,0,0.6836628317832947,False,2,0.0,0,"[0.113409, 0.175227, 0.208439, 0.250834, 0.252091]"
Actor,client,7,6262,0,M0,attack_member,evaluation,2,1,0.4018333852291107,0,0.7345184683799744,False,4,0.25,0,"[0.108511, 0.170174, 0.23004, 0.176677, 0.314599]"
Actor,client,7,6280,0,M0,attack_member,evaluation,1,1,0.28543660044670105,0,0.6836628317832947,False,0,,0,"[0.166621, 0.164529, 0.149651, 0.275444, 0.243755]"
Actor,client,7,6353,0,M0,attack_member,evaluation,3,1,0.393976628780365,0,0.8173993229866028,False,0,,0,"[0.21295, 0.229487, 0.211348, 0.214798, 0.131417]"
Actor,client,7,6422,0,M0,attack_member,evaluation,1,1,0.42731061577796936,0,0.6836628317832947,False,6,0.16666666666666666,0,"[0.111164, 0.221674, 0.176262, 0.230183, 0.260716]"
Actor,client,7,6434,0,M0,attack_member,evaluation,0,1,0.48394274711608887,0,0.5450589656829834,False,5,0.0,0,"[0.130998, 0.164722, 0.104047, 0.207259, 0.392975]"
Actor,client,7,6445,0,M0,attack_member,evaluation,3,1,0.39119815826416016,0,0.8173993229866028,False,1,0.0,0,"[0.194381, 0.234036, 0.178731, 0.221212, 0.171641]"
Actor,client,7,6486,0,M0,attack_member,evaluation,2,1,0.7073807716369629,0,0.7345184683799744,False,0,,1,"[0.052082, 0.064055, 0.368753, 0.332331, 0.18278]"
Actor,client,7,6495,0,M0,attack_member,evaluation,0,1,0.5639240145683289,1,0.5450589656829834,False,0,,1,"[0.250754, 0.209636, 0.194914, 0.199589, 0.145107]"
Actor,client,7,6573,0,M0,attack_member,evaluation,1,1,0.2678054869174957,0,0.6836628317832947,False,0,,0,"[0.096651, 0.143411, 0.289562, 0.239536, 0.230841]"
Actor,client,7,6614,0,M0,attack_member,evaluation,4,1,0.30379340052604675,0,0.7520955204963684,False,0,,0,"[0.129245, 0.283792, 0.134591, 0.227684, 0.224688]"
Actor,client,7,6832,0,M0,attack_member,evaluation,3,1,0.6243842244148254,0,0.8173993229866028,False,0,,1,"[0.186917, 0.099308, 0.238409, 0.30353, 0.171837]"
Actor,client,7,6850,0,M0,attack_member,evaluation,1,1,0.6636741757392883,0,0.6836628317832947,False,0,,1,"[0.154825, 0.324131, 0.220635, 0.123135, 0.177275]"
Actor,client,7,6851,0,M0,attack_member,evaluation,3,1,0.45699650049209595,0,0.8173993229866028,False,2,0.0,0,"[0.128996, 0.147552, 0.211246, 0.246271, 0.265935]"
Actor,client,7,6896,0,M0,attack_member,evaluation,1,1,0.2759442627429962,0,0.6836628317832947,False,2,0.0,0,"[0.053593, 0.207981, 0.038071, 0.142489, 0.557866]"
Actor,client,7,6917,0,M0,attack_member,evaluation,4,1,0.7630466818809509,1,0.7520955204963684,False,1,1.0,1,"[0.067819, 0.030724, 0.104743, 0.195155, 0.60156]"
Actor,client,7,6952,0,M0,attack_member,evaluation,3,1,0.5821856260299683,0,0.8173993229866028,False,0,,0,"[0.132799, 0.033708, 0.119996, 0.30117, 0.412327]"
Actor,client,7,7083,0,M0,attack_member,evaluation,4,1,0.6600088477134705,0,0.7520955204963684,False,0,,1,"[0.023977, 0.114877, 0.015104, 0.217539, 0.628504]"
Actor,client,7,7144,0,M0,attack_member,evaluation,3,1,0.47710010409355164,0,0.8173993229866028,False,0,,0,"[0.034686, 0.232177, 0.360762, 0.256815, 0.11556]"
Actor,client,7,7186,0,M0,attack_member,evaluation,3,1,0.32827743887901306,0,0.8173993229866028,False,1,0.0,0,"[0.153278, 0.182643, 0.189047, 0.201073, 0.273958]"
Actor,client,7,7199,0,M0,attack_member,evaluation,4,1,0.7026526927947998,0,0.7520955204963684,False,1,1.0,1,"[0.124895, 0.136246, 0.132367, 0.173699, 0.432793]"
Actor,client,7,7327,0,M0,attack_member,evaluation,2,1,0.5472977757453918,0,0.7345184683799744,False,1,0.0,1,"[0.150551, 0.239042, 0.296827, 0.199594, 0.113985]"
Actor,client,7,7345,0,M0,attack_member,evaluation,4,1,0.7790668606758118,1,0.7520955204963684,False,0,,1,"[0.106816, 0.049787, 0.061449, 0.123193, 0.658755]"
Actor,client,7,7365,0,M0,attack_member,evaluation,4,1,0.686387836933136,0,0.7520955204963684,False,1,1.0,1,"[0.087749, 0.155549, 0.158066, 0.182787, 0.415849]"
Actor,client,7,7381,0,M0,attack_member,evaluation,3,1,0.3212132155895233,0,0.8173993229866028,False,1,0.0,0,"[0.070183, 0.255829, 0.141331, 0.222382, 0.310275]"
Actor,client,7,7416,0,M0,attack_member,evaluation,4,1,0.8037205934524536,1,0.7520955204963684,False,0,,1,"[0.023084, 0.12251, 0.172736, 0.061848, 0.619821]"
Actor,client,7,7447,0,M0,attack_member,evaluation,0,1,0.3542458415031433,0,0.5450589656829834,False,3,0.0,0,"[0.111308, 0.207273, 0.154764, 0.271697, 0.254958]"
Actor,client,7,7454,0,M0,attack_member,evaluation,0,1,0.7779799103736877,1,0.5450589656829834,False,0,,1,"[0.389273, 0.143168, 0.204541, 0.167502, 0.095515]"
Actor,client,7,7477,0,M0,attack_member,evaluation,1,1,0.26835766434669495,0,0.6836628317832947,False,14,0.07142857142857142,0,"[0.062792, 0.148613, 0.150001, 0.302954, 0.33564]"
Actor,client,7,7495,0,M0,attack_member,evaluation,1,1,0.373788982629776,0,0.6836628317832947,False,3,0.3333333333333333,0,"[0.153777, 0.194783, 0.173336, 0.270239, 0.207866]"
Actor,client,7,7552,0,M0,attack_member,evaluation,1,1,0.41992709040641785,0,0.6836628317832947,False,2,0.0,1,"[0.180168, 0.231814, 0.181561, 0.182774, 0.223683]"
Actor,client,7,7566,0,M0,attack_member,evaluation,4,1,0.7727651000022888,1,0.7520955204963684,False,0,,1,"[0.080676, 0.035509, 0.122379, 0.18452, 0.576916]"
Actor,client,7,7584,0,M0,attack_member,evaluation,4,1,0.4052619934082031,0,0.7520955204963684,False,1,1.0,0,"[0.084602, 0.085477, 0.164476, 0.389368, 0.276077]"
Actor,client,7,12,1,M0,attack_member,evaluation,0,1,0.37690553069114685,0,0.5450589656829834,False,0,,0,"[0.152339, 0.185607, 0.204987, 0.312493, 0.144573]"
Actor,client,7,13,1,M0,attack_member,evaluation,0,1,0.39258766174316406,0,0.5450589656829834,False,1,0.0,0,"[0.14582, 0.176559, 0.145322, 0.367285, 0.165015]"
Actor,client,7,26,1,M0,attack_member,evaluation,3,1,0.5718289017677307,0,0.8173993229866028,False,3,0.6666666666666666,1,"[0.084078, 0.20353, 0.189248, 0.308424, 0.21472]"
Actor,client,7,29,1,M0,attack_member,evaluation,4,1,0.6622161865234375,0,0.7520955204963684,False,1,0.0,1,"[0.091481, 0.141037, 0.192261, 0.206283, 0.368937]"
Actor,client,7,134,1,M0,attack_member,evaluation,4,1,0.7870081663131714,1,0.7520955204963684,False,0,,1,"[0.001547, 0.017218, 0.005558, 0.021851, 0.953826]"
Actor,client,7,152,1,M0,attack_member,evaluation,1,1,0.6385826468467712,0,0.6836628317832947,False,0,,1,"[0.076575, 0.279769, 0.226789, 0.247974, 0.168893]"
Actor,client,7,170,1,M0,attack_member,evaluation,1,1,0.8553822636604309,1,0.6836628317832947,False,0,,1,"[0.023433, 0.366876, 0.126303, 0.365483, 0.117905]"
Actor,client,7,178,1,M0,attack_member,evaluation,0,1,0.49871009588241577,0,0.5450589656829834,False,2,0.0,0,"[0.138349, 0.092981, 0.087335, 0.350765, 0.33057]"
Actor,client,7,204,1,M0,attack_member,evaluation,4,1,0.7082698345184326,0,0.7520955204963684,False,1,1.0,1,"[0.142871, 0.124879, 0.182582, 0.166641, 0.383027]"
Actor,client,7,211,1,M0,attack_member,evaluation,4,1,0.49817514419555664,0,0.7520955204963684,False,0,,1,"[0.078238, 0.245671, 0.217333, 0.185775, 0.272983]"
Actor,client,7,215,1,M0,attack_member,evaluation,4,1,0.7335379719734192,0,0.7520955204963684,False,0,,1,"[0.003671, 0.050082, 0.013225, 0.14772, 0.785301]"
Actor,client,7,270,1,M0,attack_member,evaluation,0,1,0.3884635269641876,0,0.5450589656829834,False,4,0.0,0,"[0.141466, 0.160507, 0.208253, 0.287937, 0.201837]"
Actor,client,7,298,1,M0,attack_member,evaluation,4,1,0.27887022495269775,0,0.7520955204963684,False,4,0.0,0,"[0.128663, 0.179343, 0.245314, 0.26447, 0.182209]"
Actor,client,7,317,1,M0,attack_member,evaluation,3,1,0.5905386209487915,0,0.8173993229866028,False,2,0.0,1,"[0.126821, 0.118971, 0.246725, 0.296878, 0.210606]"
Actor,client,7,425,1,M0,attack_member,evaluation,0,1,0.5468636155128479,1,0.5450589656829834,False,1,0.0,0,"[0.109679, 0.056801, 0.120619, 0.156813, 0.556087]"
Actor,client,7,478,1,M0,attack_member,evaluation,1,1,0.5358741879463196,0,0.6836628317832947,False,2,0.0,0,"[0.112959, 0.24628, 0.181075, 0.272321, 0.187365]"
Actor,client,7,541,1,M0,attack_member,evaluation,4,1,0.5071859955787659,0,0.7520955204963684,False,0,,0,"[0.032661, 0.052031, 0.078958, 0.423178, 0.413173]"
Actor,client,7,566,1,M0,attack_member,evaluation,4,1,0.4112684428691864,0,0.7520955204963684,False,2,0.5,0,"[0.128232, 0.147666, 0.117689, 0.321728, 0.284685]"
Actor,client,7,572,1,M0,attack_member,evaluation,4,1,0.45700863003730774,0,0.7520955204963684,False,0,,0,"[0.043312, 0.125553, 0.295382, 0.293154, 0.242598]"
Actor,client,7,600,1,M0,attack_member,evaluation,3,1,0.5784196257591248,0,0.8173993229866028,False,2,0.0,1,"[0.098318, 0.130691, 0.218081, 0.3003, 0.25261]"
Actor,client,7,633,1,M0,attack_member,evaluation,0,1,0.3695036768913269,0,0.5450589656829834,False,4,0.0,0,"[0.138921, 0.231268, 0.184504, 0.239887, 0.205421]"
Actor,client,7,694,1,M0,attack_member,evaluation,2,1,0.3501604497432709,0,0.7345184683799744,False,2,0.0,0,"[0.105009, 0.136951, 0.205231, 0.287621, 0.265187]"
Actor,client,7,705,1,M0,attack_member,evaluation,1,1,0.549649715423584,0,0.6836628317832947,False,1,0.0,1,"[0.152342, 0.262095, 0.183165, 0.230378, 0.172019]"
Actor,client,7,719,1,M0,attack_member,evaluation,4,1,0.38434740900993347,0,0.7520955204963684,False,1,0.0,0,"[0.190318, 0.139571, 0.241707, 0.221734, 0.206669]"
Actor,client,7,725,1,M0,attack_member,evaluation,2,1,0.354902446269989,0,0.7345184683799744,False,1,0.0,0,"[0.070383, 0.138528, 0.210683, 0.279567, 0.300839]"
Actor,client,7,726,1,M0,attack_member,evaluation,3,1,0.17423684895038605,0,0.8173993229866028,False,0,,0,"[0.058559, 0.384805, 0.280509, 0.154579, 0.121548]"
Actor,client,7,833,1,M0,attack_member,evaluation,3,1,0.6483131647109985,0,0.8173993229866028,False,1,1.0,1,"[0.093757, 0.155003, 0.131699, 0.3518, 0.267741]"
Actor,client,7,841,1,M0,attack_member,evaluation,4,1,0.5688484311103821,0,0.7520955204963684,False,2,0.0,1,"[0.062024, 0.137942, 0.210058, 0.269955, 0.320021]"
Actor,client,7,843,1,M0,attack_member,evaluation,2,1,0.3908267021179199,0,0.7345184683799744,False,1,0.0,0,"[0.080653, 0.117558, 0.223984, 0.30295, 0.274856]"
Actor,client,7,913,1,M0,attack_member,evaluation,2,1,0.3255404829978943,0,0.7345184683799744,False,2,0.5,0,"[0.160104, 0.134886, 0.188157, 0.23818, 0.278673]"
Actor,client,7,918,1,M0,attack_member,evaluation,3,1,0.42248740792274475,0,0.8173993229866028,False,3,0.0,1,"[0.197578, 0.181225, 0.173763, 0.229136, 0.218298]"
Actor,client,7,931,1,M0,attack_member,evaluation,0,1,0.2878739833831787,0,0.5450589656829834,False,1,0.0,0,"[0.076577, 0.173974, 0.294633, 0.150223, 0.304593]"
Actor,client,7,952,1,M0,attack_member,evaluation,4,1,0.7939879298210144,1,0.7520955204963684,False,0,,1,"[0.000327, 0.000358, 0.001018, 0.006359, 0.991938]"
Actor,client,7,962,1,M0,attack_member,evaluation,4,1,0.41305598616600037,0,0.7520955204963684,False,2,0.0,1,"[0.19353, 0.196668, 0.204719, 0.181068, 0.224016]"
Actor,client,7,1020,1,M0,attack_member,evaluation,1,1,0.3498842418193817,0,0.6836628317832947,False,1,0.0,0,"[0.130393, 0.174344, 0.2526, 0.267586, 0.175077]"
Actor,client,7,1101,1,M0,attack_member,evaluation,1,1,0.08870695531368256,0,0.6836628317832947,False,3,0.0,0,"[0.035221, 0.065847, 0.097218, 0.222554, 0.57916]"
Actor,client,7,1131,1,M0,attack_member,evaluation,4,1,0.4781208634376526,0,0.7520955204963684,False,1,0.0,1,"[0.184379, 0.187614, 0.164235, 0.198813, 0.264959]"
Actor,client,7,1141,1,M0,attack_member,evaluation,3,1,0.7610750198364258,0,0.8173993229866028,False,0,,1,"[0.033713, 0.13616, 0.255168, 0.451759, 0.1232]"
Actor,client,7,1143,1,M0,attack_member,evaluation,0,1,0.580223798751831,1,0.5450589656829834,False,0,,0,"[0.16278, 0.104324, 0.095052, 0.222993, 0.414851]"
Actor,client,7,1149,1,M0,attack_member,evaluation,2,1,0.42931416630744934,0,0.7345184683799744,False,3,0.0,0,"[0.115551, 0.185407, 0.24372, 0.300611, 0.154711]"
Actor,client,7,1158,1,M0,attack_member,evaluation,3,1,0.6825627684593201,0,0.8173993229866028,False,1,0.0,1,"[0.071423, 0.217514, 0.109614, 0.387549, 0.213901]"
Actor,client,7,1159,1,M0,attack_member,evaluation,4,1,0.7062904834747314,0,0.7520955204963684,False,1,0.0,1,"[0.062368, 0.085378, 0.189844, 0.237656, 0.424754]"
Actor,client,7,1170,1,M0,attack_member,evaluation,3,1,0.551925778388977,0,0.8173993229866028,False,3,0.0,1,"[0.129986, 0.160486, 0.173874, 0.290046, 0.245608]"
Actor,client,7,1244,1,M0,attack_member,evaluation,1,1,0.527316153049469,0,0.6836628317832947,False,0,,1,"[0.213468, 0.261155, 0.226967, 0.183961, 0.114451]"
Actor,client,7,1276,1,M0,attack_member,evaluation,3,1,0.18341247737407684,0,0.8173993229866028,False,1,0.0,0,"[0.08201, 0.435854, 0.22085, 0.165817, 0.09547]"
Actor,client,7,1289,1,M0,attack_member,evaluation,1,1,0.10177572816610336,0,0.6836628317832947,False,2,0.0,0,"[0.080148, 0.064086, 0.172843, 0.239495, 0.443428]"
Actor,client,7,1307,1,M0,attack_member,evaluation,1,1,0.5625492334365845,0,0.6836628317832947,False,0,,1,"[0.20696, 0.280807, 0.2403, 0.144677, 0.127256]"
Actor,client,7,1358,1,M0,attack_member,evaluation,3,1,0.7690786123275757,0,0.8173993229866028,False,0,,1,"[0.049336, 0.077799, 0.155079, 0.465399, 0.252388]"
Actor,client,7,1373,1,M0,attack_member,evaluation,3,1,0.5843204259872437,0,0.8173993229866028,False,1,1.0,1,"[0.114933, 0.15836, 0.178262, 0.307137, 0.241309]"
Actor,client,7,1387,1,M0,attack_member,evaluation,1,1,0.46442681550979614,0,0.6836628317832947,False,2,0.0,1,"[0.150034, 0.233292, 0.220424, 0.2096, 0.18665]"
Actor,client,7,1446,1,M0,attack_member,evaluation,4,1,0.7803138494491577,1,0.7520955204963684,False,0,,1,"[0.018439, 0.046825, 0.002914, 0.022947, 0.908875]"
Actor,client,7,1463,1,M0,attack_member,evaluation,3,1,0.28221434354782104,0,0.8173993229866028,False,2,0.0,0,"[0.153191, 0.274187, 0.206171, 0.187705, 0.178747]"
Actor,client,7,1522,1,M0,attack_member,evaluation,0,1,0.4267129600048065,0,0.5450589656829834,False,0,,0,"[0.202474, 0.257829, 0.242352, 0.181321, 0.116023]"
Actor,client,7,1566,1,M0,attack_member,evaluation,3,1,0.4981063902378082,0,0.8173993229866028,False,1,0.0,1,"[0.167302, 0.246264, 0.14873, 0.270035, 0.167669]"
Actor,client,7,1651,1,M0,attack_member,evaluation,4,1,0.7158979177474976,0,0.7520955204963684,False,2,1.0,1,"[0.048728, 0.096424, 0.205635, 0.223028, 0.426186]"
Actor,client,7,1736,1,M0,attack_member,evaluation,0,1,0.3110674023628235,0,0.5450589656829834,False,1,0.0,0,"[0.067747, 0.143395, 0.190652, 0.279921, 0.318284]"
Actor,client,7,1786,1,M0,attack_member,evaluation,2,1,0.3338371515274048,0,0.7345184683799744,False,1,0.0,0,"[0.216196, 0.18499, 0.191086, 0.218365, 0.189363]"
Actor,client,7,1820,1,M0,attack_member,evaluation,3,1,0.41312041878700256,0,0.8173993229866028,False,2,0.0,0,"[0.077176, 0.128408, 0.218694, 0.236566, 0.339156]"
Actor,client,7,1822,1,M0,attack_member,evaluation,2,1,0.43172430992126465,0,0.7345184683799744,False,3,0.3333333333333333,0,"[0.037458, 0.134415, 0.246838, 0.240399, 0.340891]"
Actor,client,7,1856,1,M0,attack_member,evaluation,3,1,0.7422069907188416,0,0.8173993229866028,False,2,0.0,1,"[0.125312, 0.09407, 0.218839, 0.408253, 0.153525]"
Actor,client,7,1868,1,M0,attack_member,evaluation,3,1,0.7230770587921143,0,0.8173993229866028,False,2,0.5,1,"[0.03714, 0.145218, 0.090776, 0.425619, 0.301246]"
Actor,client,7,1873,1,M0,attack_member,evaluation,2,1,0.7217767238616943,0,0.7345184683799744,False,0,,1,"[0.101197, 0.266476, 0.39491, 0.18355, 0.053868]"
Actor,client,7,1882,1,M0,attack_member,evaluation,4,1,0.4081583321094513,0,0.7520955204963684,False,1,1.0,0,"[0.122257, 0.138628, 0.2552, 0.260812, 0.223102]"
Actor,client,7,1892,1,M0,attack_member,evaluation,1,1,0.5470755696296692,0,0.6836628317832947,False,0,,1,"[0.186533, 0.266272, 0.137621, 0.24157, 0.168003]"
Actor,client,7,1932,1,M0,attack_member,evaluation,3,1,0.6107168197631836,0,0.8173993229866028,False,7,0.2857142857142857,1,"[0.097875, 0.170929, 0.200509, 0.321987, 0.2087]"
Actor,client,7,2079,1,M0,attack_member,evaluation,3,1,0.5705648064613342,0,0.8173993229866028,False,1,0.0,0,"[0.083271, 0.092051, 0.316743, 0.284296, 0.223639]"
Actor,client,7,2082,1,M0,attack_member,evaluation,1,1,0.6549142599105835,0,0.6836628317832947,False,0,,1,"[0.124319, 0.32952, 0.111793, 0.151906, 0.282462]"
Actor,client,7,2114,1,M0,attack_member,evaluation,2,1,0.4521065652370453,0,0.7345184683799744,False,1,1.0,0,"[0.12299, 0.122284, 0.24673, 0.273991, 0.234005]"
Actor,client,7,2129,1,M0,attack_member,evaluation,1,1,0.6149443984031677,0,0.6836628317832947,False,3,0.3333333333333333,1,"[0.133477, 0.285386, 0.200152, 0.214641, 0.166343]"
Actor,client,7,2175,1,M0,attack_member,evaluation,2,1,0.3495861887931824,0,0.7345184683799744,False,1,1.0,0,"[0.202377, 0.17561, 0.19902, 0.247035, 0.175958]"
Actor,client,7,2196,1,M0,attack_member,evaluation,3,1,0.351132333278656,0,0.8173993229866028,False,2,0.5,0,"[0.088673, 0.140648, 0.314335, 0.201352, 0.254993]"
Actor,client,7,2241,1,M0,attack_member,evaluation,1,1,0.7205802202224731,1,0.6836628317832947,False,4,0.0,1,"[0.077504, 0.318056, 0.186026, 0.247305, 0.171108]"
Actor,client,7,2270,1,M0,attack_member,evaluation,1,1,0.7140529155731201,1,0.6836628317832947,False,1,0.0,0,"[0.076642, 0.291956, 0.151528, 0.359558, 0.120316]"
Actor,client,7,2280,1,M0,attack_member,evaluation,2,1,0.4179398715496063,0,0.7345184683799744,False,5,0.0,0,"[0.124596, 0.19213, 0.238193, 0.251043, 0.194038]"
Actor,client,7,2364,1,M0,attack_member,evaluation,1,1,0.7990589737892151,1,0.6836628317832947,False,0,,1,"[0.119278, 0.384768, 0.1557, 0.157344, 0.182909]"
Actor,client,7,2367,1,M0,attack_member,evaluation,1,1,0.39493608474731445,0,0.6836628317832947,False,2,0.0,0,"[0.151702, 0.215942, 0.183361, 0.208449, 0.240546]"
Actor,client,7,2536,1,M0,attack_member,evaluation,3,1,0.35225433111190796,0,0.8173993229866028,False,1,0.0,0,"[0.128593, 0.190051, 0.245716, 0.206951, 0.228689]"
Actor,client,7,2552,1,M0,attack_member,evaluation,2,1,0.24433381855487823,0,0.7345184683799744,False,8,0.25,0,"[0.056914, 0.257104, 0.167408, 0.24441, 0.274163]"
Actor,client,7,2554,1,M0,attack_member,evaluation,1,1,0.2754187285900116,0,0.6836628317832947,False,1,0.0,0,"[0.111473, 0.143791, 0.275654, 0.260535, 0.208547]"
Actor,client,7,2567,1,M0,attack_member,evaluation,2,1,0.41893279552459717,0,0.7345184683799744,False,1,1.0,1,"[0.169704, 0.180965, 0.233154, 0.221593, 0.194584]"
Actor,client,7,2614,1,M0,attack_member,evaluation,4,1,0.6168376207351685,0,0.7520955204963684,False,2,0.0,1,"[0.041205, 0.149938, 0.101704, 0.258678, 0.448475]"
Actor,client,7,2664,1,M0,attack_member,evaluation,2,1,0.44841066002845764,0,0.7345184683799744,False,2,0.5,1,"[0.184366, 0.214458, 0.247656, 0.204289, 0.149231]"
Actor,client,7,2666,1,M0,attack_member,evaluation,3,1,0.38027721643447876,0,0.8173993229866028,False,1,1.0,0,"[0.144188, 0.231651, 0.171844, 0.226229, 0.226088]"
Actor,client,7,2687,1,M0,attack_member,evaluation,2,1,0.40339595079421997,0,0.7345184683799744,False,1,0.0,0,"[0.049445, 0.176454, 0.237188, 0.226095, 0.310818]"
Actor,client,7,2755,1,M0,attack_member,evaluation,3,1,0.4785522222518921,0,0.8173993229866028,False,0,,0,"[0.04133, 0.16733, 0.377098, 0.249875, 0.164367]"
Actor,client,7,2841,1,M0,attack_member,evaluation,3,1,0.33156323432922363,0,0.8173993229866028,False,0,,0,"[0.051893, 0.034928, 0.057571, 0.225924, 0.629684]"
Actor,client,7,2866,1,M0,attack_member,evaluation,3,1,0.496797114610672,0,0.8173993229866028,False,1,1.0,1,"[0.160147, 0.205244, 0.19258, 0.262519, 0.17951]"
Actor,client,7,2886,1,M0,attack_member,evaluation,3,1,0.5931516289710999,0,0.8173993229866028,False,0,,1,"[0.092394, 0.243346, 0.172921, 0.322476, 0.168864]"
Actor,client,7,2934,1,M0,attack_member,evaluation,0,1,0.427430123090744,0,0.5450589656829834,False,1,0.0,0,"[0.158155, 0.153212, 0.214806, 0.259118, 0.21471]"
Actor,client,7,2960,1,M0,attack_member,evaluation,4,1,0.4496653079986572,0,0.7520955204963684,False,4,0.25,1,"[0.066997, 0.211557, 0.217585, 0.242974, 0.260886]"
Actor,client,7,2968,1,M0,attack_member,evaluation,4,1,0.33675792813301086,0,0.7520955204963684,False,3,0.3333333333333333,0,"[0.147757, 0.206465, 0.241919, 0.207627, 0.196233]"
Actor,client,7,2975,1,M0,attack_member,evaluation,3,1,0.3295232057571411,0,0.8173993229866028,False,1,0.0,0,"[0.119336, 0.088315, 0.234233, 0.19555, 0.362567]"
Actor,client,7,3014,1,M0,attack_member,evaluation,0,1,0.4012259542942047,0,0.5450589656829834,False,1,1.0,0,"[0.160681, 0.162529, 0.258678, 0.237749, 0.180364]"
Actor,client,7,3042,1,M0,attack_member,evaluation,1,1,0.23795363306999207,0,0.6836628317832947,False,1,0.0,0,"[0.129258, 0.149771, 0.161161, 0.243421, 0.316388]"
Actor,client,7,3064,1,M0,attack_member,evaluation,3,1,0.42815303802490234,0,0.8173993229866028,False,1,0.0,1,"[0.121636, 0.191931, 0.221321, 0.238458, 0.226654]"
Actor,client,7,3082,1,M0,attack_member,evaluation,2,1,0.5070748329162598,0,0.7345184683799744,False,1,0.0,1,"[0.114628, 0.224826, 0.281215, 0.267437, 0.111895]"
Actor,client,7,3086,1,M0,attack_member,evaluation,4,1,0.4175969362258911,0,0.7520955204963684,False,4,0.25,1,"[0.135932, 0.185107, 0.204341, 0.235012, 0.239608]"
Actor,client,7,3089,1,M0,attack_member,evaluation,2,1,0.47839367389678955,0,0.7345184683799744,False,4,0.25,1,"[0.131036, 0.196742, 0.264147, 0.232573, 0.175501]"
Actor,client,7,3099,1,M0,attack_member,evaluation,4,1,0.551819920539856,0,0.7520955204963684,False,2,0.5,1,"[0.08985, 0.123991, 0.205707, 0.274586, 0.305865]"
Actor,client,7,3100,1,M0,attack_member,evaluation,2,1,0.6803366541862488,0,0.7345184683799744,False,0,,1,"[0.080247, 0.144396, 0.359425, 0.305499, 0.110433]"
Actor,client,7,3158,1,M0,attack_member,evaluation,3,1,0.6069357991218567,0,0.8173993229866028,False,2,0.0,1,"[0.099771, 0.139728, 0.18056, 0.319719, 0.260222]"
Actor,client,7,3163,1,M0,attack_member,evaluation,3,1,0.8365517258644104,1,0.8173993229866028,False,0,,1,"[0.00359, 0.018969, 0.023764, 0.649763, 0.303915]"
Actor,client,7,3166,1,M0,attack_member,evaluation,0,1,0.45595264434814453,0,0.5450589656829834,False,1,0.0,0,"[0.18239, 0.184494, 0.21167, 0.22844, 0.193006]"
Actor,client,7,3181,1,M0,attack_member,evaluation,1,1,0.36793485283851624,0,0.6836628317832947,False,2,0.0,0,"[0.197966, 0.19575, 0.208695, 0.240187, 0.157401]"
Actor,client,7,3194,1,M0,attack_member,evaluation,2,1,0.45035311579704285,0,0.7345184683799744,False,2,0.0,0,"[0.094731, 0.270902, 0.262515, 0.237601, 0.134251]"
Actor,client,7,3224,1,M0,attack_member,evaluation,3,1,0.5702356100082397,0,0.8173993229866028,False,3,0.3333333333333333,1,"[0.125024, 0.155119, 0.227832, 0.292283, 0.199742]"
Actor,client,7,3231,1,M0,attack_member,evaluation,4,1,0.3663509488105774,0,0.7520955204963684,False,1,0.0,0,"[0.170243, 0.196395, 0.171447, 0.234202, 0.227713]"
Actor,client,7,3241,1,M0,attack_member,evaluation,1,1,0.37793245911598206,0,0.6836628317832947,False,6,0.16666666666666666,0,"[0.127617, 0.186475, 0.203621, 0.288535, 0.193752]"
Actor,client,7,3267,1,M0,attack_member,evaluation,2,1,0.6246537566184998,0,0.7345184683799744,False,1,1.0,1,"[0.157421, 0.137579, 0.322066, 0.214353, 0.168581]"
Actor,client,7,3269,1,M0,attack_member,evaluation,3,1,0.5747223496437073,0,0.8173993229866028,False,0,,1,"[0.14237, 0.167787, 0.178102, 0.29839, 0.213351]"
Actor,client,7,3272,1,M0,attack_member,evaluation,2,1,0.38455459475517273,0,0.7345184683799744,False,0,,0,"[0.137599, 0.121948, 0.216137, 0.281353, 0.242964]"
Actor,client,7,139,2,M0,attack_member,evaluation,2,1,0.7790688276290894,1,0.7345184683799744,False,1,0.0,1,"[0.11117, 0.196815, 0.42478, 0.14707, 0.120165]"
Actor,client,7,299,2,M0,attack_member,evaluation,4,1,0.43354856967926025,0,0.7520955204963684,False,1,0.0,0,"[0.097519, 0.236464, 0.288451, 0.159232, 0.218334]"
Actor,client,7,303,2,M0,attack_member,evaluation,3,1,0.308187335729599,0,0.8173993229866028,False,1,1.0,0,"[0.152491, 0.152737, 0.372994, 0.169036, 0.152741]"
Actor,client,7,350,2,M0,attack_member,evaluation,4,1,0.5182516574859619,0,0.7520955204963684,False,1,0.0,0,"[0.1041, 0.19357, 0.29259, 0.165056, 0.244685]"
Actor,client,7,365,2,M0,attack_member,evaluation,4,1,0.6675973534584045,0,0.7520955204963684,False,5,0.0,1,"[0.074684, 0.136023, 0.210179, 0.211407, 0.367707]"
Actor,client,7,397,2,M0,attack_member,evaluation,3,1,0.2961159646511078,0,0.8173993229866028,False,1,1.0,0,"[0.110913, 0.166925, 0.409634, 0.167534, 0.144993]"
Actor,client,7,461,2,M0,attack_member,evaluation,0,1,0.44717127084732056,0,0.5450589656829834,False,1,0.0,0,"[0.177539, 0.155943, 0.24572, 0.22469, 0.196108]"
Actor,client,7,468,2,M0,attack_member,evaluation,2,1,0.661081850528717,0,0.7345184683799744,False,1,0.0,1,"[0.081345, 0.157665, 0.349886, 0.208879, 0.202224]"
Actor,client,7,774,2,M0,attack_member,evaluation,3,1,0.4324161112308502,0,0.8173993229866028,False,2,0.5,0,"[0.055623, 0.133082, 0.366188, 0.229056, 0.216052]"
Actor,client,7,800,2,M0,attack_member,evaluation,4,1,0.5974565744400024,0,0.7520955204963684,False,1,0.0,1,"[0.089065, 0.202232, 0.272427, 0.150835, 0.285442]"
Actor,client,7,813,2,M0,attack_member,evaluation,1,1,0.464767724275589,0,0.6836628317832947,False,2,0.5,1,"[0.138804, 0.244324, 0.200611, 0.177273, 0.238988]"
Actor,client,7,877,2,M0,attack_member,evaluation,4,1,0.67502361536026,0,0.7520955204963684,False,1,0.0,1,"[0.137004, 0.17022, 0.221278, 0.137, 0.334498]"
Actor,client,7,940,2,M0,attack_member,evaluation,2,1,0.7772051095962524,1,0.7345184683799744,False,1,0.0,1,"[0.081445, 0.155425, 0.421409, 0.198954, 0.142766]"
Actor,client,7,965,2,M0,attack_member,evaluation,2,1,0.6626670360565186,0,0.7345184683799744,False,1,0.0,1,"[0.117161, 0.181881, 0.349795, 0.172654, 0.17851]"
Actor,client,7,989,2,M0,attack_member,evaluation,1,1,0.5978821516036987,0,0.6836628317832947,False,3,0.0,0,"[0.098037, 0.278406, 0.296224, 0.156751, 0.170582]"
Actor,client,7,1119,2,M0,attack_member,evaluation,4,1,0.2526141405105591,0,0.7520955204963684,False,1,0.0,0,"[0.126292, 0.1897, 0.381708, 0.16787, 0.134431]"
Actor,client,7,1137,2,M0,attack_member,evaluation,1,1,0.4220113456249237,0,0.6836628317832947,False,1,0.0,0,"[0.103817, 0.206057, 0.363579, 0.169758, 0.156788]"
Actor,client,7,1190,2,M0,attack_member,evaluation,0,1,0.28650379180908203,0,0.5450589656829834,False,1,0.0,0,"[0.129774, 0.188825, 0.376411, 0.175014, 0.129976]"
Actor,client,7,1254,2,M0,attack_member,evaluation,4,1,0.49014997482299805,0,0.7520955204963684,False,1,0.0,0,"[0.120098, 0.154951, 0.285637, 0.202549, 0.236765]"
Actor,client,7,1367,2,M0,attack_member,evaluation,3,1,0.2630866765975952,0,0.8173993229866028,False,1,1.0,0,"[0.109947, 0.216542, 0.353427, 0.165352, 0.154733]"
Actor,client,7,1400,2,M0,attack_member,evaluation,1,1,0.35237982869148254,0,0.6836628317832947,False,1,0.0,0,"[0.084905, 0.168434, 0.484957, 0.147158, 0.114545]"
Actor,client,7,1562,2,M0,attack_member,evaluation,2,1,0.7083415389060974,0,0.7345184683799744,False,1,0.0,1,"[0.104248, 0.179246, 0.37639, 0.19247, 0.147646]"
Actor,client,7,1575,2,M0,attack_member,evaluation,1,1,0.32996463775634766,0,0.6836628317832947,False,1,0.0,0,"[0.118692, 0.169209, 0.39045, 0.172667, 0.148982]"
Actor,client,7,1608,2,M0,attack_member,evaluation,3,1,0.2553301751613617,0,0.8173993229866028,False,1,1.0,0,"[0.107617, 0.211741, 0.267373, 0.173285, 0.239986]"
Actor,client,7,1652,2,M0,attack_member,evaluation,1,1,0.35703936219215393,0,0.6836628317832947,False,2,0.0,0,"[0.136531, 0.198748, 0.139969, 0.249559, 0.275192]"
Actor,client,7,1859,2,M0,attack_member,evaluation,4,1,0.34983396530151367,0,0.7520955204963684,False,3,0.0,0,"[0.079898, 0.155677, 0.393637, 0.199975, 0.170812]"
Actor,client,7,1919,2,M0,attack_member,evaluation,0,1,0.2771109342575073,0,0.5450589656829834,False,1,0.0,0,"[0.12229, 0.192809, 0.380199, 0.162273, 0.142429]"
Actor,client,7,1957,2,M0,attack_member,evaluation,3,1,0.3705141246318817,0,0.8173993229866028,False,1,1.0,0,"[0.109519, 0.188982, 0.365821, 0.201419, 0.134259]"
Actor,client,7,2158,2,M0,attack_member,evaluation,1,1,0.3840673267841339,0,0.6836628317832947,False,1,0.0,0,"[0.12229, 0.192809, 0.380199, 0.162273, 0.142429]"
Actor,client,7,2205,2,M0,attack_member,evaluation,1,1,0.577328085899353,0,0.6836628317832947,False,4,0.5,0,"[0.140086, 0.276861, 0.315299, 0.12762, 0.140134]"
Actor,client,7,2289,2,M0,attack_member,evaluation,2,1,0.7911628484725952,1,0.7345184683799744,False,1,0.0,1,"[0.117314, 0.181825, 0.431757, 0.144742, 0.124362]"
Actor,client,7,2348,2,M0,attack_member,evaluation,4,1,0.43727096915245056,0,0.7520955204963684,False,1,1.0,1,"[0.190231, 0.140882, 0.186887, 0.238596, 0.243404]"
Actor,client,7,2470,2,M0,attack_member,evaluation,4,1,0.7377400398254395,0,0.7520955204963684,False,1,0.0,1,"[0.139106, 0.114288, 0.211844, 0.149362, 0.3854]"
Actor,client,7,2526,2,M0,attack_member,evaluation,3,1,0.46948960423469543,0,0.8173993229866028,False,1,1.0,0,"[0.080626, 0.143474, 0.313644, 0.246067, 0.216189]"
Actor,client,7,2606,2,M0,attack_member,evaluation,1,1,0.38990330696105957,0,0.6836628317832947,False,1,0.0,0,"[0.1221, 0.193787, 0.363757, 0.176596, 0.143761]"
Actor,client,7,2621,2,M0,attack_member,evaluation,4,1,0.37445443868637085,0,0.7520955204963684,False,1,0.0,0,"[0.09456, 0.183727, 0.302649, 0.219488, 0.199576]"
Actor,client,7,2729,2,M0,attack_member,evaluation,2,1,0.6958327293395996,0,0.7345184683799744,False,2,0.0,1,"[0.085085, 0.141832, 0.367006, 0.245634, 0.160443]"
Actor,client,7,2794,2,M0,attack_member,evaluation,1,1,0.398519903421402,0,0.6836628317832947,False,1,0.0,0,"[0.101963, 0.19351, 0.423068, 0.151186, 0.130273]"
Actor,client,7,2809,2,M0,attack_member,evaluation,2,1,0.2950369417667389,0,0.7345184683799744,False,1,0.0,0,"[0.185321, 0.208364, 0.178061, 0.290068, 0.138185]"
Actor,client,7,2870,2,M0,attack_member,evaluation,0,1,0.26999399065971375,0,0.5450589656829834,False,1,0.0,0,"[0.118408, 0.192545, 0.386789, 0.158573, 0.143685]"
Actor,client,7,2873,2,M0,attack_member,evaluation,3,1,0.4215516448020935,0,0.8173993229866028,False,0,,0,"[0.108014, 0.206436, 0.269662, 0.233198, 0.182689]"
Actor,client,7,3206,2,M0,attack_member,evaluation,4,1,0.43488726019859314,0,0.7520955204963684,False,2,0.0,0,"[0.081291, 0.173404, 0.197313, 0.284, 0.263992]"
Actor,client,7,3360,2,M0,attack_member,evaluation,4,1,0.5090758800506592,0,0.7520955204963684,False,2,0.0,0,"[0.125063, 0.168602, 0.318004, 0.158703, 0.229627]"
Actor,client,7,3365,2,M0,attack_member,evaluation,1,1,0.36341679096221924,0,0.6836628317832947,False,1,0.0,0,"[0.1474, 0.18187, 0.355896, 0.194299, 0.120536]"
Actor,client,7,3405,2,M0,attack_member,evaluation,2,1,0.431893914937973,0,0.7345184683799744,False,1,0.0,0,"[0.071398, 0.138524, 0.244411, 0.278266, 0.267401]"
Actor,client,7,3474,2,M0,attack_member,evaluation,1,1,0.44079259037971497,0,0.6836628317832947,False,0,,0,"[0.105658, 0.193595, 0.259179, 0.309135, 0.132433]"
Actor,client,7,3493,2,M0,attack_member,evaluation,3,1,0.2904348075389862,0,0.8173993229866028,False,1,1.0,0,"[0.126292, 0.1897, 0.381708, 0.16787, 0.134431]"
Actor,client,7,3610,2,M0,attack_member,evaluation,2,1,0.8074779510498047,1,0.7345184683799744,False,1,0.0,1,"[0.08633, 0.189752, 0.449361, 0.156009, 0.118548]"
Actor,client,7,3667,2,M0,attack_member,evaluation,3,1,0.44755902886390686,0,0.8173993229866028,False,1,0.0,0,"[0.124967, 0.184496, 0.253656, 0.24055, 0.196331]"
Actor,client,7,3779,2,M0,attack_member,evaluation,3,1,0.34923723340034485,0,0.8173993229866028,False,1,1.0,0,"[0.08032, 0.257637, 0.30268, 0.210753, 0.14861]"
Actor,client,7,3848,2,M0,attack_member,evaluation,4,1,0.5625510811805725,0,0.7520955204963684,False,1,0.0,0,"[0.088637, 0.187112, 0.279592, 0.174959, 0.269699]"
Actor,client,7,3852,2,M0,attack_member,evaluation,0,1,0.28003036975860596,0,0.5450589656829834,False,1,0.0,0,"[0.12069, 0.173084, 0.382716, 0.178547, 0.144963]"
Actor,client,7,4052,2,M0,attack_member,evaluation,3,1,0.2688792645931244,0,0.8173993229866028,False,2,0.0,0,"[0.044303, 0.160408, 0.159465, 0.199062, 0.436762]"
Actor,client,7,4213,2,M0,attack_member,evaluation,3,1,0.4546409249305725,0,0.8173993229866028,False,3,0.3333333333333333,1,"[0.133013, 0.184889, 0.189004, 0.24993, 0.243165]"
Actor,client,7,4234,2,M0,attack_member,evaluation,0,1,0.2417445033788681,0,0.5450589656829834,False,1,0.0,0,"[0.11117, 0.196815, 0.42478, 0.14707, 0.120165]"
Actor,client,7,4250,2,M0,attack_member,evaluation,4,1,0.38305753469467163,0,0.7520955204963684,False,1,0.0,0,"[0.090182, 0.161448, 0.321514, 0.228437, 0.19842]"
Actor,client,7,4286,2,M0,attack_member,evaluation,3,1,0.2967061698436737,0,0.8173993229866028,False,2,0.5,0,"[0.11241, 0.185196, 0.325554, 0.179213, 0.197627]"
Actor,client,7,4342,2,M0,attack_member,evaluation,4,1,0.30364295840263367,0,0.7520955204963684,False,1,0.0,0,"[0.066414, 0.138912, 0.470958, 0.181682, 0.142035]"
Actor,client,7,4476,2,M0,attack_member,evaluation,0,1,0.28403958678245544,0,0.5450589656829834,False,1,0.0,0,"[0.128507, 0.176828, 0.399537, 0.160448, 0.134679]"
Actor,client,7,4537,2,M0,attack_member,evaluation,4,1,0.7911203503608704,1,0.7520955204963684,False,2,0.5,1,"[0.009915, 0.064617, 0.084428, 0.06599, 0.775051]"
Actor,client,7,4617,2,M0,attack_member,evaluation,2,1,0.7156713604927063,0,0.7345184683799744,False,1,0.0,1,"[0.105012, 0.186162, 0.381414, 0.17233, 0.155083]"
Actor,client,7,4719,2,M0,attack_member,evaluation,1,1,0.5028205513954163,0,0.6836628317832947,False,1,0.0,0,"[0.096383, 0.229427, 0.36321, 0.183012, 0.127967]"
Actor,client,7,4771,2,M0,attack_member,evaluation,1,1,0.2548070549964905,0,0.6836628317832947,False,2,0.0,0,"[0.109657, 0.125489, 0.447277, 0.192294, 0.125283]"
Actor,client,7,4805,2,M0,attack_member,evaluation,2,1,0.7156888246536255,0,0.7345184683799744,False,2,0.0,1,"[0.100338, 0.214455, 0.385115, 0.170224, 0.129869]"
Actor,client,7,4810,2,M0,attack_member,evaluation,3,1,0.2892638146877289,0,0.8173993229866028,False,1,1.0,0,"[0.103421, 0.195908, 0.388227, 0.17065, 0.141793]"
Actor,client,7,4825,2,M0,attack_member,evaluation,1,1,0.3241618275642395,0,0.6836628317832947,False,2,0.0,0,"[0.083375, 0.181296, 0.217989, 0.219095, 0.298246]"
Actor,client,7,4910,2,M0,attack_member,evaluation,1,1,0.3354342579841614,0,0.6836628317832947,False,4,0.0,0,"[0.080116, 0.170805, 0.325486, 0.211483, 0.21211]"
Actor,client,7,4995,2,M0,attack_member,evaluation,1,1,0.32384583353996277,0,0.6836628317832947,False,1,0.0,0,"[0.113366, 0.167736, 0.344074, 0.197799, 0.177024]"
Actor,client,7,5161,2,M0,attack_member,evaluation,3,1,0.21381233632564545,0,0.8173993229866028,False,1,1.0,0,"[0.098203, 0.175469, 0.351285, 0.145182, 0.229862]"
Actor,client,7,5173,2,M0,attack_member,evaluation,0,1,0.2994910776615143,0,0.5450589656829834,False,1,0.0,0,"[0.118218, 0.148057, 0.385992, 0.156272, 0.19146]"
Actor,client,7,5210,2,M0,attack_member,evaluation,3,1,0.39782240986824036,0,0.8173993229866028,False,1,1.0,0,"[0.130154, 0.143543, 0.357283, 0.206019, 0.163002]"
Actor,client,7,5418,2,M0,attack_member,evaluation,1,1,0.3915487825870514,0,0.6836628317832947,False,1,0.0,0,"[0.116475, 0.212263, 0.264207, 0.165723, 0.241332]"
Actor,client,7,5488,2,M0,attack_member,evaluation,2,1,0.8001887202262878,1,0.7345184683799744,False,1,0.0,1,"[0.091511, 0.158429, 0.438846, 0.18281, 0.128403]"
Actor,client,7,5503,2,M0,attack_member,evaluation,3,1,0.3693021237850189,0,0.8173993229866028,False,1,1.0,0,"[0.093552, 0.152649, 0.318588, 0.207244, 0.227968]"
Actor,client,7,5538,2,M0,attack_member,evaluation,1,1,0.38283830881118774,0,0.6836628317832947,False,1,0.0,0,"[0.111993, 0.184096, 0.385741, 0.19122, 0.12695]"
Actor,client,7,5687,2,M0,attack_member,evaluation,3,1,0.5582832098007202,0,0.8173993229866028,False,0,,0,"[0.070438, 0.096955, 0.12348, 0.304912, 0.404216]"
Actor,client,7,5698,2,M0,attack_member,evaluation,4,1,0.5508949756622314,0,0.7520955204963684,False,0,,1,"[0.151633, 0.216791, 0.124409, 0.183084, 0.324083]"
Actor,client,7,5706,2,M0,attack_member,evaluation,4,1,0.1929721087217331,0,0.7520955204963684,False,2,0.0,0,"[0.06359, 0.162832, 0.253696, 0.358637, 0.161246]"
Actor,client,7,5806,2,M0,attack_member,evaluation,1,1,0.3795624077320099,0,0.6836628317832947,False,1,0.0,0,"[0.126292, 0.1897, 0.381708, 0.16787, 0.134431]"
Actor,client,7,5848,2,M0,attack_member,evaluation,4,1,0.28492873907089233,0,0.7520955204963684,False,1,0.0,0,"[0.150271, 0.17976, 0.359677, 0.163119, 0.147174]"
Actor,client,7,5908,2,M0,attack_member,evaluation,3,1,0.4022238254547119,0,0.8173993229866028,False,2,0.5,0,"[0.063874, 0.200985, 0.291338, 0.230377, 0.213427]"
Actor,client,7,6000,2,M0,attack_member,evaluation,2,1,0.7593681216239929,1,0.7345184683799744,False,1,0.0,1,"[0.079831, 0.169158, 0.410161, 0.154669, 0.186181]"
Actor,client,7,6080,2,M0,attack_member,evaluation,3,1,0.34081918001174927,0,0.8173993229866028,False,2,1.0,0,"[0.088952, 0.194147, 0.309543, 0.201529, 0.205829]"
Actor,client,7,6109,2,M0,attack_member,evaluation,4,1,0.3813652992248535,0,0.7520955204963684,False,1,0.0,0,"[0.103134, 0.18942, 0.365593, 0.160374, 0.18148]"
Actor,client,7,6191,2,M0,attack_member,evaluation,0,1,0.47227320075035095,0,0.5450589656829834,False,0,,0,"[0.205507, 0.180157, 0.260428, 0.195535, 0.158373]"
Actor,client,7,6207,2,M0,attack_member,evaluation,3,1,0.4431918263435364,0,0.8173993229866028,False,1,1.0,0,"[0.107014, 0.163041, 0.365646, 0.226535, 0.137764]"
Actor,client,7,6252,2,M0,attack_member,evaluation,2,1,0.748528242111206,1,0.7345184683799744,False,1,0.0,1,"[0.122374, 0.186422, 0.400726, 0.169077, 0.121401]"
Actor,client,7,6351,2,M0,attack_member,evaluation,4,1,0.6982121467590332,0,0.7520955204963684,False,1,0.0,1,"[0.0327, 0.097217, 0.31109, 0.216851, 0.342141]"
Actor,client,7,6366,2,M0,attack_member,evaluation,2,1,0.6426750421524048,0,0.7345184683799744,False,2,0.5,1,"[0.113678, 0.207148, 0.342695, 0.220776, 0.115703]"
Actor,client,7,6368,2,M0,attack_member,evaluation,2,1,0.7611938118934631,1,0.7345184683799744,False,1,0.0,1,"[0.087701, 0.171936, 0.411117, 0.186046, 0.1432]"
Actor,client,7,6439,2,M0,attack_member,evaluation,2,1,0.49563300609588623,0,0.7345184683799744,False,1,0.0,0,"[0.126685, 0.166291, 0.269473, 0.288531, 0.14902]"
Actor,client,7,6461,2,M0,attack_member,evaluation,4,1,0.537045419216156,0,0.7520955204963684,False,2,0.5,1,"[0.065969, 0.157853, 0.248497, 0.244879, 0.282802]"
Actor,client,7,6517,2,M0,attack_member,evaluation,2,1,0.8178972601890564,1,0.7345184683799744,False,1,0.0,1,"[0.074874, 0.143704, 0.454018, 0.176207, 0.151196]"
Actor,client,7,6581,2,M0,attack_member,evaluation,1,1,0.4076303243637085,0,0.6836628317832947,False,1,0.0,0,"[0.112187, 0.201946, 0.366483, 0.165683, 0.153702]"
Actor,client,7,6631,2,M0,attack_member,evaluation,1,1,0.6413995623588562,0,0.6836628317832947,False,0,,0,"[0.093474, 0.272742, 0.19524, 0.300472, 0.138072]"
Actor,client,7,6699,2,M0,attack_member,evaluation,4,1,0.22915764153003693,0,0.7520955204963684,False,1,0.0,0,"[0.109283, 0.190988, 0.356732, 0.207676, 0.135321]"
Actor,client,7,6725,2,M0,attack_member,evaluation,2,1,0.7247345447540283,0,0.7345184683799744,False,1,0.0,1,"[0.114312, 0.197387, 0.387366, 0.165911, 0.135025]"
Actor,client,7,6767,2,M0,attack_member,evaluation,3,1,0.3455584943294525,0,0.8173993229866028,False,1,1.0,0,"[0.083341, 0.136365, 0.470064, 0.180377, 0.129853]"
Actor,client,7,6792,2,M0,attack_member,evaluation,0,1,0.3081372380256653,0,0.5450589656829834,False,2,0.0,0,"[0.13787, 0.225379, 0.304972, 0.198933, 0.132846]"
Actor,client,7,6843,2,M0,attack_member,evaluation,2,1,0.8360737562179565,1,0.7345184683799744,False,2,0.0,1,"[0.093328, 0.102062, 0.464368, 0.191441, 0.1488]"
Actor,client,7,7037,2,M0,attack_member,evaluation,0,1,0.2641129791736603,0,0.5450589656829834,False,1,0.0,0,"[0.105856, 0.224033, 0.325981, 0.176707, 0.167423]"
Actor,client,7,7046,2,M0,attack_member,evaluation,1,1,0.3911268413066864,0,0.6836628317832947,False,1,0.0,0,"[0.094423, 0.199031, 0.370978, 0.150407, 0.185161]"
Actor,client,7,7050,2,M0,attack_member,evaluation,2,1,0.7427551746368408,1,0.7345184683799744,False,1,0.0,1,"[0.069717, 0.203503, 0.403925, 0.164709, 0.158146]"
Actor,client,7,7158,2,M0,attack_member,evaluation,1,1,0.44270867109298706,0,0.6836628317832947,False,1,0.0,0,"[0.09801, 0.209549, 0.400378, 0.160335, 0.131729]"
Actor,client,7,7198,2,M0,attack_member,evaluation,4,1,0.45725536346435547,0,0.7520955204963684,False,1,0.0,0,"[0.102964, 0.140559, 0.334253, 0.207227, 0.214996]"
Actor,client,7,7213,2,M0,attack_member,evaluation,0,1,0.2771109640598297,0,0.5450589656829834,False,1,0.0,0,"[0.12229, 0.192809, 0.380199, 0.162273, 0.142429]"
Actor,client,7,7246,2,M0,attack_member,evaluation,1,1,0.40326905250549316,0,0.6836628317832947,False,1,0.0,0,"[0.084376, 0.189976, 0.415766, 0.174872, 0.13501]"
Actor,client,7,7253,2,M0,attack_member,evaluation,4,1,0.500410258769989,0,0.7520955204963684,False,1,0.0,0,"[0.088637, 0.20617, 0.317734, 0.154559, 0.232901]"
Actor,client,7,7267,2,M0,attack_member,evaluation,1,1,0.4039391279220581,0,0.6836628317832947,False,1,0.0,0,"[0.103421, 0.195908, 0.388227, 0.17065, 0.141793]"
Actor,client,7,7294,2,M0,attack_member,evaluation,3,1,0.3386070132255554,0,0.8173993229866028,False,1,1.0,0,"[0.085661, 0.17825, 0.310339, 0.200187, 0.225564]"
Actor,client,7,7380,2,M0,attack_member,evaluation,2,1,0.8166876435279846,1,0.7345184683799744,False,2,0.0,1,"[0.109657, 0.125489, 0.447277, 0.192294, 0.125283]"
Actor,client,7,45,3,M0,attack_member,evaluation,1,1,0.3412249684333801,0,0.6836628317832947,False,0,,0,"[0.217145, 0.201642, 0.17002, 0.203486, 0.207707]"
Actor,client,7,50,3,M0,attack_member,evaluation,4,1,0.6821014881134033,0,0.7520955204963684,False,0,,1,"[0.032513, 0.031011, 0.044795, 0.279624, 0.612058]"
Actor,client,7,79,3,M0,attack_member,evaluation,0,1,0.49547576904296875,0,0.5450589656829834,False,2,0.0,0,"[0.199954, 0.190824, 0.116466, 0.34681, 0.145947]"
Actor,client,7,87,3,M0,attack_member,evaluation,0,1,0.36434996128082275,0,0.5450589656829834,False,14,0.14285714285714285,0,"[0.075296, 0.107434, 0.130242, 0.337183, 0.349846]"
Actor,client,7,89,3,M0,attack_member,evaluation,4,1,0.7279117107391357,0,0.7520955204963684,False,0,,0,"[0.157897, 0.088857, 0.347507, 0.107591, 0.298148]"
Actor,client,7,165,3,M0,attack_member,evaluation,2,1,0.25243479013442993,0,0.7345184683799744,False,1,0.0,0,"[0.102984, 0.197492, 0.163716, 0.389685, 0.146123]"
Actor,client,7,177,3,M0,attack_member,evaluation,0,1,0.47911620140075684,0,0.5450589656829834,False,1,0.0,0,"[0.189111, 0.200523, 0.178727, 0.22696, 0.20468]"
Actor,client,7,197,3,M0,attack_member,evaluation,3,1,0.5715963244438171,0,0.8173993229866028,False,2,0.5,1,"[0.22787, 0.145735, 0.225595, 0.274626, 0.126175]"
Actor,client,7,229,3,M0,attack_member,evaluation,4,1,0.17815817892551422,0,0.7520955204963684,False,0,,0,"[0.20696, 0.280807, 0.2403, 0.144677, 0.127256]"
Actor,client,7,235,3,M0,attack_member,evaluation,2,1,0.35767197608947754,0,0.7345184683799744,False,2,0.0,0,"[0.121334, 0.195798, 0.212237, 0.266219, 0.204413]"
Actor,client,7,237,3,M0,attack_member,evaluation,4,1,0.3486895263195038,0,0.7520955204963684,False,2,0.0,0,"[0.137765, 0.225334, 0.216805, 0.210568, 0.209527]"
Actor,client,7,261,3,M0,attack_member,evaluation,1,1,0.6361715793609619,0,0.6836628317832947,False,0,,0,"[0.127139, 0.279062, 0.146865, 0.30091, 0.146023]"
Actor,client,7,275,3,M0,attack_member,evaluation,3,1,0.2880631387233734,0,0.8173993229866028,False,1,0.0,0,"[0.1383, 0.154928, 0.215133, 0.183949, 0.30769]"
Actor,client,7,277,3,M0,attack_member,evaluation,0,1,0.5137767195701599,0,0.5450589656829834,False,1,0.0,0,"[0.203575, 0.152184, 0.224868, 0.206429, 0.212944]"
Actor,client,7,311,3,M0,attack_member,evaluation,1,1,0.10756010562181473,0,0.6836628317832947,False,4,0.25,0,"[0.014617, 0.054356, 0.238812, 0.25434, 0.437875]"
Actor,client,7,347,3,M0,attack_member,evaluation,0,1,0.46173039078712463,0,0.5450589656829834,False,1,0.0,0,"[0.191957, 0.213156, 0.197789, 0.220763, 0.176336]"
Actor,client,7,387,3,M0,attack_member,evaluation,3,1,0.5838315486907959,0,0.8173993229866028,False,0,,1,"[0.212551, 0.192168, 0.146221, 0.29614, 0.152919]"
Actor,client,7,493,3,M0,attack_member,evaluation,3,1,0.7292010188102722,0,0.8173993229866028,False,3,0.6666666666666666,1,"[0.060804, 0.158165, 0.098124, 0.427393, 0.255514]"
Actor,client,7,513,3,M0,attack_member,evaluation,3,1,0.3254168629646301,0,0.8173993229866028,False,0,,0,"[0.14253, 0.195337, 0.060862, 0.218603, 0.382668]"
Actor,client,7,712,3,M0,attack_member,evaluation,2,1,0.3257792890071869,0,0.7345184683799744,False,0,,0,"[0.09072, 0.127403, 0.195063, 0.356949, 0.229865]"
Actor,client,7,767,3,M0,attack_member,evaluation,2,1,0.27810344099998474,0,0.7345184683799744,False,0,,0,"[0.273419, 0.174002, 0.157874, 0.23639, 0.158315]"
Actor,client,7,864,3,M0,attack_member,evaluation,2,1,0.1952107697725296,0,0.7345184683799744,False,4,0.0,0,"[0.076814, 0.039887, 0.118901, 0.328964, 0.435434]"
Actor,client,7,876,3,M0,attack_member,evaluation,4,1,0.37207385897636414,0,0.7520955204963684,False,1,0.0,0,"[0.125221, 0.164706, 0.258375, 0.243089, 0.208609]"
Actor,client,7,901,3,M0,attack_member,evaluation,3,1,0.4232260584831238,0,0.8173993229866028,False,2,1.0,1,"[0.164514, 0.184919, 0.220317, 0.22927, 0.200981]"
Actor,client,7,916,3,M0,attack_member,evaluation,1,1,0.4753877520561218,0,0.6836628317832947,False,2,0.5,0,"[0.064055, 0.19627, 0.232747, 0.35661, 0.150318]"
Actor,client,7,943,3,M0,attack_member,evaluation,4,1,0.44461119174957275,0,0.7520955204963684,False,1,0.0,0,"[0.098026, 0.174693, 0.200811, 0.265531, 0.260939]"
Actor,client,7,976,3,M0,attack_member,evaluation,1,1,0.556344747543335,0,0.6836628317832947,False,3,0.3333333333333333,0,"[0.038694, 0.218503, 0.237139, 0.368874, 0.136789]"
Actor,client,7,1016,3,M0,attack_member,evaluation,2,1,0.2894565761089325,0,0.7345184683799744,False,3,0.0,0,"[0.073613, 0.1511, 0.180058, 0.21577, 0.379459]"
Actor,client,7,1080,3,M0,attack_member,evaluation,3,1,0.32709717750549316,0,0.8173993229866028,False,2,0.0,0,"[0.210986, 0.21268, 0.182392, 0.194033, 0.199909]"
Actor,client,7,1188,3,M0,attack_member,evaluation,3,1,0.49120473861694336,0,0.8173993229866028,False,1,0.0,0,"[0.097097, 0.152052, 0.323359, 0.251131, 0.176361]"
Actor,client,7,1313,3,M0,attack_member,evaluation,3,1,0.6278885006904602,0,0.8173993229866028,False,4,0.0,1,"[0.083881, 0.212173, 0.219139, 0.335076, 0.149731]"
Actor,client,7,1321,3,M0,attack_member,evaluation,1,1,0.5151848793029785,0,0.6836628317832947,False,2,0.0,1,"[0.18529, 0.256717, 0.187076, 0.207062, 0.163855]"
Actor,client,7,1474,3,M0,attack_member,evaluation,4,1,0.31440165638923645,0,0.7520955204963684,False,1,0.0,0,"[0.166324, 0.192413, 0.184072, 0.250077, 0.207115]"
Actor,client,7,1518,3,M0,attack_member,evaluation,3,1,0.38866302371025085,0,0.8173993229866028,False,1,0.0,1,"[0.180043, 0.21288, 0.211472, 0.217226, 0.17838]"
Actor,client,7,1548,3,M0,attack_member,evaluation,3,1,0.5337764620780945,0,0.8173993229866028,False,7,0.14285714285714285,1,"[0.14903, 0.196508, 0.192894, 0.279005, 0.182562]"
Actor,client,7,1557,3,M0,attack_member,evaluation,2,1,0.446065217256546,0,0.7345184683799744,False,1,0.0,0,"[0.141771, 0.178392, 0.247482, 0.247996, 0.184358]"
Actor,client,7,1626,3,M0,attack_member,evaluation,2,1,0.23342160880565643,0,0.7345184683799744,False,2,0.0,0,"[0.193464, 0.200527, 0.144152, 0.287212, 0.174646]"
Actor,client,7,1628,3,M0,attack_member,evaluation,4,1,0.5854669809341431,0,0.7520955204963684,False,3,0.0,1,"[0.148732, 0.127862, 0.197576, 0.221841, 0.303989]"
Actor,client,7,1687,3,M0,attack_member,evaluation,2,1,0.39097267389297485,0,0.7345184683799744,False,2,0.0,0,"[0.102391, 0.21136, 0.230122, 0.240007, 0.21612]"
Actor,client,7,1704,3,M0,attack_member,evaluation,2,1,0.6937559843063354,0,0.7345184683799744,False,1,0.0,1,"[0.094279, 0.149722, 0.365496, 0.177055, 0.213448]"
Actor,client,7,1739,3,M0,attack_member,evaluation,2,1,0.2734889090061188,0,0.7345184683799744,False,1,0.0,0,"[0.15764, 0.218153, 0.17028, 0.247076, 0.206851]"
Actor,client,7,1745,3,M0,attack_member,evaluation,0,1,0.43310561776161194,0,0.5450589656829834,False,5,0.4,0,"[0.166735, 0.194807, 0.178655, 0.262761, 0.197042]"
Actor,client,7,1825,3,M0,attack_member,evaluation,4,1,0.42955633997917175,0,0.7520955204963684,False,1,0.0,0,"[0.18082, 0.145646, 0.1365, 0.271121, 0.265912]"
Actor,client,7,1834,3,M0,attack_member,evaluation,0,1,0.36478808522224426,0,0.5450589656829834,False,1,0.0,0,"[0.110995, 0.119412, 0.224308, 0.284096, 0.261188]"
Actor,client,7,1855,3,M0,attack_member,evaluation,1,1,0.41498687863349915,0,0.6836628317832947,False,1,1.0,0,"[0.183323, 0.215626, 0.253964, 0.196546, 0.15054]"
Actor,client,7,1917,3,M0,attack_member,evaluation,2,1,0.26400357484817505,0,0.7345184683799744,False,1,0.0,0,"[0.222766, 0.181661, 0.155915, 0.225685, 0.213973]"
Actor,client,7,1941,3,M0,attack_member,evaluation,3,1,0.7394745945930481,0,0.8173993229866028,False,0,,1,"[0.130517, 0.077574, 0.160382, 0.409408, 0.222119]"
Actor,client,7,1988,3,M0,attack_member,evaluation,3,1,0.3949865698814392,0,0.8173993229866028,False,1,0.0,1,"[0.138335, 0.201042, 0.221567, 0.224287, 0.214769]"
Actor,client,7,2007,3,M0,attack_member,evaluation,3,1,0.4716722369194031,0,0.8173993229866028,False,2,0.0,0,"[0.036453, 0.156574, 0.127228, 0.278299, 0.401446]"
Actor,client,7,2017,3,M0,attack_member,evaluation,0,1,0.7886873483657837,1,0.5450589656829834,False,0,,1,"[0.362994, 0.141086, 0.116818, 0.21232, 0.166781]"
Actor,client,7,2047,3,M0,attack_member,evaluation,4,1,0.5490013360977173,0,0.7520955204963684,False,13,0.15384615384615385,1,"[0.047891, 0.109545, 0.199114, 0.317817, 0.325633]"
Actor,client,7,2065,3,M0,attack_member,evaluation,3,1,0.4282415211200714,0,0.8173993229866028,False,1,0.0,0,"[0.149922, 0.186793, 0.245016, 0.230533, 0.187735]"
Actor,client,7,2149,3,M0,attack_member,evaluation,2,1,0.36115771532058716,0,0.7345184683799744,False,3,0.0,0,"[0.169144, 0.181679, 0.207792, 0.230488, 0.210897]"
Actor,client,7,2164,3,M0,attack_member,evaluation,3,1,0.6231226325035095,0,0.8173993229866028,False,2,0.5,1,"[0.19278, 0.145936, 0.228647, 0.306447, 0.12619]"
Actor,client,7,2257,3,M0,attack_member,evaluation,4,1,0.5158937573432922,0,0.7520955204963684,False,2,0.0,1,"[0.078562, 0.14372, 0.225839, 0.268942, 0.282937]"
Actor,client,7,2296,3,M0,attack_member,evaluation,2,1,0.4262760281562805,0,0.7345184683799744,False,1,1.0,0,"[0.118529, 0.195232, 0.242663, 0.248763, 0.194813]"
Actor,client,7,2417,3,M0,attack_member,evaluation,3,1,0.5212115049362183,0,0.8173993229866028,False,1,0.0,1,"[0.12131, 0.171862, 0.183356, 0.27791, 0.245562]"
Actor,client,7,2423,3,M0,attack_member,evaluation,1,1,0.3288652300834656,0,0.6836628317832947,False,1,0.0,0,"[0.14865, 0.172872, 0.197914, 0.277948, 0.202616]"
Actor,client,7,2454,3,M0,attack_member,evaluation,3,1,0.4339525103569031,0,0.8173993229866028,False,2,1.0,0,"[0.057828, 0.245055, 0.258795, 0.249949, 0.188373]"
Actor,client,7,2539,3,M0,attack_member,evaluation,4,1,0.42662206292152405,0,0.7520955204963684,False,1,1.0,0,"[0.15, 0.181822, 0.2316, 0.208011, 0.228567]"
Actor,client,7,2553,3,M0,attack_member,evaluation,2,1,0.30857333540916443,0,0.7345184683799744,False,5,0.2,0,"[0.152722, 0.213651, 0.187779, 0.241632, 0.204217]"
Actor,client,7,2645,3,M0,attack_member,evaluation,1,1,0.3086718022823334,0,0.6836628317832947,False,1,0.0,0,"[0.133742, 0.174169, 0.209849, 0.233468, 0.248772]"
Actor,client,7,2671,3,M0,attack_member,evaluation,3,1,0.13918755948543549,0,0.8173993229866028,False,4,0.25,0,"[0.070277, 0.12967, 0.143087, 0.136664, 0.520302]"
Actor,client,7,2680,3,M0,attack_member,evaluation,1,1,0.5514663457870483,0,0.6836628317832947,False,0,,0,"[0.126056, 0.242492, 0.23219, 0.277911, 0.121351]"
Actor,client,7,2716,3,M0,attack_member,evaluation,2,1,0.21017798781394958,0,0.7345184683799744,False,3,0.0,0,"[0.103765, 0.06182, 0.128628, 0.455566, 0.250222]"
Actor,client,7,2799,3,M0,attack_member,evaluation,3,1,0.42227238416671753,0,0.8173993229866028,False,1,0.0,0,"[0.146284, 0.189238, 0.157302, 0.24006, 0.267116]"
Actor,client,7,2807,3,M0,attack_member,evaluation,2,1,0.5508552193641663,0,0.7345184683799744,False,10,0.2,1,"[0.044508, 0.156626, 0.300495, 0.275005, 0.223365]"
Actor,client,7,2891,3,M0,attack_member,evaluation,3,1,0.787624716758728,0,0.8173993229866028,False,0,,1,"[0.031975, 0.0821, 0.207388, 0.495403, 0.183134]"
Actor,client,7,2895,3,M0,attack_member,evaluation,2,1,0.713942289352417,0,0.7345184683799744,False,6,0.3333333333333333,1,"[0.014477, 0.07228, 0.376621, 0.244104, 0.292517]"
Actor,client,7,2914,3,M0,attack_member,evaluation,4,1,0.3935336172580719,0,0.7520955204963684,False,0,,0,"[0.174825, 0.158563, 0.237079, 0.216721, 0.212812]"
Actor,client,7,2974,3,M0,attack_member,evaluation,4,1,0.3678424656391144,0,0.7520955204963684,False,2,0.5,0,"[0.117828, 0.192776, 0.242373, 0.234368, 0.212655]"
Actor,client,7,3047,3,M0,attack_member,evaluation,4,1,0.779530942440033,1,0.7520955204963684,False,0,,1,"[0.012149, 0.056952, 0.195716, 0.184857, 0.550326]"
Actor,client,7,3153,3,M0,attack_member,evaluation,0,1,0.3376510441303253,0,0.5450589656829834,False,3,0.0,0,"[0.126646, 0.164788, 0.243757, 0.290923, 0.173886]"
Actor,client,7,3308,3,M0,attack_member,evaluation,4,1,0.3399924635887146,0,0.7520955204963684,False,6,0.0,0,"[0.046516, 0.125948, 0.21342, 0.377935, 0.236181]"
Actor,client,7,3529,3,M0,attack_member,evaluation,3,1,0.5661545991897583,0,0.8173993229866028,False,6,0.0,0,"[0.078696, 0.339106, 0.183657, 0.317244, 0.081298]"
Actor,client,7,3602,3,M0,attack_member,evaluation,1,1,0.5675759315490723,0,0.6836628317832947,False,3,0.0,0,"[0.083338, 0.247387, 0.327245, 0.217909, 0.124122]"
Actor,client,7,3630,3,M0,attack_member,evaluation,0,1,0.5938920974731445,1,0.5450589656829834,False,0,,0,"[0.264955, 0.268418, 0.171524, 0.111418, 0.183685]"
Actor,client,7,3638,3,M0,attack_member,evaluation,4,1,0.683104932308197,0,0.7520955204963684,False,3,0.3333333333333333,1,"[0.04877, 0.059033, 0.104652, 0.277458, 0.510088]"
Actor,client,7,3649,3,M0,attack_member,evaluation,2,1,0.3356785476207733,0,0.7345184683799744,False,1,0.0,0,"[0.186811, 0.160203, 0.192475, 0.219048, 0.241464]"
Actor,client,7,3958,3,M0,attack_member,evaluation,4,1,0.7330709099769592,0,0.7520955204963684,False,0,,1,"[0.099641, 0.064066, 0.128071, 0.214667, 0.493554]"
Actor,client,7,3995,3,M0,attack_member,evaluation,4,1,0.5283101797103882,0,0.7520955204963684,False,5,0.2,1,"[0.068605, 0.144893, 0.221975, 0.271608, 0.292919]"
Actor,client,7,4001,3,M0,attack_member,evaluation,4,1,0.5592199563980103,0,0.7520955204963684,False,2,0.5,1,"[0.09574, 0.143047, 0.213139, 0.246782, 0.301293]"
Actor,client,7,4015,3,M0,attack_member,evaluation,3,1,0.4325743019580841,0,0.8173993229866028,False,5,0.0,0,"[0.146436, 0.186068, 0.163561, 0.242796, 0.261139]"
Actor,client,7,4034,3,M0,attack_member,evaluation,0,1,0.2764219045639038,0,0.5450589656829834,False,3,0.0,0,"[0.069754, 0.175518, 0.154112, 0.3778, 0.222816]"
Actor,client,7,4045,3,M0,attack_member,evaluation,0,1,0.36990267038345337,0,0.5450589656829834,False,7,0.0,0,"[0.140941, 0.236781, 0.153864, 0.285617, 0.182798]"
Actor,client,7,4098,3,M0,attack_member,evaluation,2,1,0.20633788406848907,0,0.7345184683799744,False,4,0.0,0,"[0.081026, 0.152584, 0.13491, 0.322309, 0.309171]"
Actor,client,7,4099,3,M0,attack_member,evaluation,0,1,0.441528856754303,0,0.5450589656829834,False,2,0.0,0,"[0.181133, 0.243998, 0.179036, 0.206559, 0.189275]"
Actor,client,7,4105,3,M0,attack_member,evaluation,3,1,0.5475886464118958,0,0.8173993229866028,False,2,0.5,1,"[0.105356, 0.195029, 0.198531, 0.291762, 0.209323]"
Actor,client,7,4151,3,M0,attack_member,evaluation,4,1,0.6580009460449219,0,0.7520955204963684,False,1,1.0,1,"[0.095423, 0.138145, 0.15123, 0.217489, 0.397712]"
Actor,client,7,4179,3,M0,attack_member,evaluation,1,1,0.5050227046012878,0,0.6836628317832947,False,2,0.0,1,"[0.208825, 0.258168, 0.181947, 0.193412, 0.157648]"
Actor,client,7,4261,3,M0,attack_member,evaluation,1,1,0.4647553861141205,0,0.6836628317832947,False,2,0.0,1,"[0.232952, 0.242861, 0.156405, 0.218917, 0.148865]"
Actor,client,7,4272,3,M0,attack_member,evaluation,3,1,0.5063226819038391,0,0.8173993229866028,False,1,0.0,1,"[0.131884, 0.178217, 0.165435, 0.272649, 0.251815]"
Actor,client,7,4273,3,M0,attack_member,evaluation,0,1,0.47896409034729004,0,0.5450589656829834,False,1,1.0,0,"[0.197288, 0.192413, 0.211683, 0.213764, 0.184853]"
Actor,client,7,4384,3,M0,attack_member,evaluation,3,1,0.36300918459892273,0,0.8173993229866028,False,2,0.5,0,"[0.213393, 0.179528, 0.206595, 0.20127, 0.199215]"
Actor,client,7,4386,3,M0,attack_member,evaluation,3,1,0.512324333190918,0,0.8173993229866028,False,1,0.0,1,"[0.175972, 0.175923, 0.167567, 0.267194, 0.213344]"
Actor,client,7,4426,3,M0,attack_member,evaluation,0,1,0.5370003581047058,0,0.5450589656829834,False,0,,0,"[0.240735, 0.149198, 0.22435, 0.28387, 0.101847]"
Actor,client,7,4509,3,M0,attack_member,evaluation,4,1,0.20496401190757751,0,0.7520955204963684,False,0,,0,"[0.127758, 0.115363, 0.288273, 0.321344, 0.147262]"
Actor,client,7,4525,3,M0,attack_member,evaluation,1,1,0.7230019569396973,1,0.6836628317832947,False,0,,0,"[0.111261, 0.305244, 0.152346, 0.32507, 0.106079]"
Actor,client,7,4557,3,M0,attack_member,evaluation,3,1,0.6470459699630737,0,0.8173993229866028,False,1,0.0,1,"[0.148341, 0.227867, 0.177257, 0.341183, 0.105352]"
Actor,client,7,4562,3,M0,attack_member,evaluation,4,1,0.798984169960022,1,0.7520955204963684,False,1,0.0,1,"[0.034903, 0.02446, 0.084335, 0.095144, 0.761158]"
Actor,client,7,4627,3,M0,attack_member,evaluation,0,1,0.36908653378486633,0,0.5450589656829834,False,1,0.0,0,"[0.148761, 0.242465, 0.211452, 0.210814, 0.186509]"
Actor,client,7,4727,3,M0,attack_member,evaluation,4,1,0.4751321077346802,0,0.7520955204963684,False,2,0.0,1,"[0.103505, 0.199132, 0.158709, 0.248498, 0.290155]"
Actor,client,7,4749,3,M0,attack_member,evaluation,4,1,0.29033783078193665,0,0.7520955204963684,False,0,,0,"[0.087024, 0.208046, 0.071625, 0.365203, 0.268102]"
Actor,client,7,4762,3,M0,attack_member,evaluation,1,1,0.31311580538749695,0,0.6836628317832947,False,1,1.0,0,"[0.11264, 0.159214, 0.219003, 0.293258, 0.215884]"
Actor,client,7,4767,3,M0,attack_member,evaluation,4,1,0.7154436111450195,0,0.7520955204963684,False,1,0.0,1,"[0.06104, 0.084421, 0.225221, 0.227637, 0.401681]"
Actor,client,7,4912,3,M0,attack_member,evaluation,3,1,0.7940893769264221,0,0.8173993229866028,False,0,,1,"[0.006949, 0.093629, 0.162788, 0.520515, 0.216119]"
Actor,client,7,4932,3,M0,attack_member,evaluation,3,1,0.28285834193229675,0,0.8173993229866028,False,1,0.0,0,"[0.12358, 0.136246, 0.13969, 0.192717, 0.407768]"
Actor,client,7,4942,3,M0,attack_member,evaluation,4,1,0.4944322109222412,0,0.7520955204963684,False,4,0.25,0,"[0.07922, 0.107804, 0.161818, 0.338256, 0.312901]"
Actor,client,7,4969,3,M0,attack_member,evaluation,1,1,0.4299444258213043,0,0.6836628317832947,False,1,0.0,0,"[0.185569, 0.218064, 0.203913, 0.237864, 0.15459]"
Actor,client,7,5026,3,M0,attack_member,evaluation,1,1,0.5470755696296692,0,0.6836628317832947,False,0,,1,"[0.186533, 0.266272, 0.137621, 0.24157, 0.168003]"
Actor,client,7,5098,3,M0,attack_member,evaluation,0,1,0.4033382534980774,0,0.5450589656829834,False,2,0.0,0,"[0.152977, 0.202293, 0.200788, 0.233638, 0.210304]"
Actor,client,7,43,4,M0,attack_member,evaluation,2,1,0.2722863256931305,0,0.7345184683799744,False,1,0.0,0,"[0.073934, 0.328201, 0.187455, 0.29828, 0.11213]"
Actor,client,7,70,4,M0,attack_member,evaluation,0,1,0.43819743394851685,0,0.5450589656829834,False,1,0.0,0,"[0.169375, 0.188981, 0.158884, 0.302685, 0.180075]"
Actor,client,7,106,4,M0,attack_member,evaluation,2,1,0.633027195930481,0,0.7345184683799744,False,2,0.5,1,"[0.114423, 0.176121, 0.334152, 0.174511, 0.200793]"
Actor,client,7,161,4,M0,attack_member,evaluation,4,1,0.4342454671859741,0,0.7520955204963684,False,3,0.0,0,"[0.171362, 0.106429, 0.132392, 0.31411, 0.275706]"
Actor,client,7,411,4,M0,attack_member,evaluation,3,1,0.49854129552841187,0,0.8173993229866028,False,1,0.0,1,"[0.124122, 0.165524, 0.197725, 0.265981, 0.246648]"
Actor,client,7,464,4,M0,attack_member,evaluation,4,1,0.3342234194278717,0,0.7520955204963684,False,3,0.0,0,"[0.164185, 0.213421, 0.144873, 0.249255, 0.228265]"
Actor,client,7,490,4,M0,attack_member,evaluation,3,1,0.3529687523841858,0,0.8173993229866028,False,1,1.0,0,"[0.124967, 0.213627, 0.29428, 0.203163, 0.163963]"
Actor,client,7,637,4,M0,attack_member,evaluation,3,1,0.6829488277435303,0,0.8173993229866028,False,0,,1,"[0.073131, 0.180286, 0.108277, 0.384535, 0.253772]"
Actor,client,7,865,4,M0,attack_member,evaluation,3,1,0.47939860820770264,0,0.8173993229866028,False,1,0.0,0,"[0.122129, 0.198881, 0.264435, 0.252736, 0.161818]"
Actor,client,7,1000,4,M0,attack_member,evaluation,2,1,0.3775646388530731,0,0.7345184683799744,False,1,0.0,0,"[0.120514, 0.131748, 0.215588, 0.287428, 0.244723]"
Actor,client,7,1153,4,M0,attack_member,evaluation,2,1,0.7319591641426086,0,0.7345184683799744,False,1,1.0,1,"[0.02664, 0.077406, 0.387277, 0.298955, 0.209722]"
Actor,client,7,1178,4,M0,attack_member,evaluation,4,1,0.7770316004753113,1,0.7520955204963684,False,0,,1,"[0.007929, 0.020071, 0.01445, 0.068132, 0.889418]"
Actor,client,7,1242,4,M0,attack_member,evaluation,1,1,0.4623733162879944,0,0.6836628317832947,False,1,0.0,0,"[0.143367, 0.222584, 0.212586, 0.253724, 0.167739]"
Actor,client,7,1341,4,M0,attack_member,evaluation,4,1,0.2669771611690521,0,0.7520955204963684,False,1,0.0,0,"[0.195198, 0.225479, 0.194156, 0.205174, 0.179993]"
Actor,client,7,1388,4,M0,attack_member,evaluation,1,1,0.2720451354980469,0,0.6836628317832947,False,1,0.0,0,"[0.156481, 0.160717, 0.269468, 0.193905, 0.21943]"
Actor,client,7,1420,4,M0,attack_member,evaluation,4,1,0.7612444162368774,1,0.7520955204963684,False,1,1.0,1,"[0.037355, 0.038841, 0.116352, 0.194903, 0.612549]"
Actor,client,7,1434,4,M0,attack_member,evaluation,0,1,0.4492312967777252,0,0.5450589656829834,False,0,,0,"[0.124947, 0.090824, 0.166951, 0.286095, 0.331183]"
Actor,client,7,1476,4,M0,attack_member,evaluation,0,1,0.5165663361549377,0,0.5450589656829834,False,1,1.0,0,"[0.2266, 0.185581, 0.207557, 0.247029, 0.133234]"
Actor,client,7,1480,4,M0,attack_member,evaluation,4,1,0.49953269958496094,0,0.7520955204963684,False,1,0.0,1,"[0.134798, 0.153567, 0.183458, 0.248063, 0.280114]"
Actor,client,7,1531,4,M0,attack_member,evaluation,4,1,0.6093671321868896,0,0.7520955204963684,False,1,1.0,1,"[0.19299, 0.130728, 0.245393, 0.154089, 0.2768]"
Actor,client,7,1540,4,M0,attack_member,evaluation,4,1,0.6296879649162292,0,0.7520955204963684,False,4,0.25,1,"[0.128388, 0.137429, 0.217654, 0.197556, 0.318973]"
Actor,client,7,1563,4,M0,attack_member,evaluation,4,1,0.32672443985939026,0,0.7520955204963684,False,3,0.0,0,"[0.141826, 0.190734, 0.248903, 0.225562, 0.192975]"
Actor,client,7,1710,4,M0,attack_member,evaluation,1,1,0.9887608885765076,1,0.6836628317832947,False,1,0.0,1,"[0.030809, 0.70583, 0.006065, 0.200634, 0.056663]"
Actor,client,7,1751,4,M0,attack_member,evaluation,3,1,0.4114144444465637,0,0.8173993229866028,False,7,0.2857142857142857,0,"[0.113705, 0.186967, 0.167435, 0.240084, 0.291809]"
Actor,client,7,1755,4,M0,attack_member,evaluation,4,1,0.7860757112503052,1,0.7520955204963684,False,1,1.0,1,"[0.031876, 0.016567, 0.04647, 0.096977, 0.808111]"
Actor,client,7,1870,4,M0,attack_member,evaluation,4,1,0.5664169788360596,0,0.7520955204963684,False,0,,1,"[0.060765, 0.041419, 0.117782, 0.38213, 0.397904]"
Actor,client,7,1903,4,M0,attack_member,evaluation,4,1,0.7861509323120117,1,0.7520955204963684,False,1,0.0,1,"[0.074643, 0.113678, 0.148173, 0.101174, 0.562332]"
Actor,client,7,1924,4,M0,attack_member,evaluation,4,1,0.487116277217865,0,0.7520955204963684,False,1,0.0,1,"[0.177668, 0.180357, 0.186574, 0.195334, 0.260067]"
Actor,client,7,1931,4,M0,attack_member,evaluation,4,1,0.5952640175819397,0,0.7520955204963684,False,1,0.0,1,"[0.126487, 0.142507, 0.192114, 0.220799, 0.318093]"
Actor,client,7,1958,4,M0,attack_member,evaluation,4,1,0.6924245953559875,0,0.7520955204963684,False,1,0.0,1,"[0.123366, 0.108989, 0.161242, 0.205543, 0.40086]"
Actor,client,7,1983,4,M0,attack_member,evaluation,3,1,0.5091958045959473,0,0.8173993229866028,False,1,0.0,0,"[0.02641, 0.05224, 0.126424, 0.28793, 0.506996]"
Actor,client,7,2019,4,M0,attack_member,evaluation,4,1,0.3026675283908844,0,0.7520955204963684,False,5,0.2,0,"[0.220707, 0.17405, 0.168839, 0.237037, 0.199367]"
Actor,client,7,2026,4,M0,attack_member,evaluation,2,1,0.4620859920978546,0,0.7345184683799744,False,0,,0,"[0.100856, 0.279961, 0.267766, 0.208505, 0.142913]"
Actor,client,7,2034,4,M0,attack_member,evaluation,4,1,0.5105034708976746,0,0.7520955204963684,False,1,0.0,1,"[0.221274, 0.214354, 0.17503, 0.13002, 0.259322]"
Actor,client,7,2060,4,M0,attack_member,evaluation,3,1,0.38580045104026794,0,0.8173993229866028,False,5,0.0,0,"[0.156681, 0.182779, 0.20666, 0.218731, 0.23515]"
Actor,client,7,2119,4,M0,attack_member,evaluation,2,1,0.3943401277065277,0,0.7345184683799744,False,0,,0,"[0.153357, 0.179555, 0.224219, 0.27887, 0.163998]"
Actor,client,7,2126,4,M0,attack_member,evaluation,0,1,0.39077311754226685,0,0.5450589656829834,False,2,0.0,0,"[0.158021, 0.184692, 0.224883, 0.269454, 0.162951]"
Actor,client,7,2182,4,M0,attack_member,evaluation,0,1,0.7802221775054932,1,0.5450589656829834,False,1,0.0,0,"[0.276391, 0.123113, 0.017203, 0.16663, 0.416663]"
Actor,client,7,2295,4,M0,attack_member,evaluation,4,1,0.5764012932777405,0,0.7520955204963684,False,0,,1,"[0.020762, 0.240257, 0.120683, 0.215432, 0.402866]"
Actor,client,7,2297,4,M0,attack_member,evaluation,2,1,0.41887521743774414,0,0.7345184683799744,False,1,0.0,0,"[0.199262, 0.093261, 0.222397, 0.246486, 0.238595]"
Actor,client,7,2304,4,M0,attack_member,evaluation,4,1,0.6430016160011292,0,0.7520955204963684,False,2,0.0,1,"[0.087581, 0.155857, 0.217686, 0.198371, 0.340506]"
Actor,client,7,2405,4,M0,attack_member,evaluation,1,1,0.27756333351135254,0,0.6836628317832947,False,4,0.0,0,"[0.097268, 0.163047, 0.216704, 0.221516, 0.301465]"
Actor,client,7,2421,4,M0,attack_member,evaluation,4,1,0.38739269971847534,0,0.7520955204963684,False,1,0.0,0,"[0.033023, 0.077151, 0.141903, 0.448222, 0.299701]"
Actor,client,7,2551,4,M0,attack_member,evaluation,2,1,0.40002724528312683,0,0.7345184683799744,False,6,0.16666666666666666,0,"[0.131557, 0.181064, 0.228302, 0.201599, 0.257478]"
Actor,client,7,2631,4,M0,attack_member,evaluation,3,1,0.3061521649360657,0,0.8173993229866028,False,1,0.0,0,"[0.19742, 0.269968, 0.157326, 0.195314, 0.179971]"
Actor,client,7,2737,4,M0,attack_member,evaluation,4,1,0.3297179043292999,0,0.7520955204963684,False,2,0.0,0,"[0.154972, 0.200251, 0.185791, 0.245727, 0.213258]"
Actor,client,7,2791,4,M0,attack_member,evaluation,3,1,0.5242358446121216,0,0.8173993229866028,False,2,0.0,0,"[0.068063, 0.042703, 0.062567, 0.294266, 0.532401]"
Actor,client,7,2820,4,M0,attack_member,evaluation,2,1,0.5919610857963562,0,0.7345184683799744,False,1,0.0,1,"[0.113086, 0.220004, 0.3186, 0.115541, 0.232769]"
Actor,client,7,2855,4,M0,attack_member,evaluation,1,1,0.24214139580726624,0,0.6836628317832947,False,1,0.0,0,"[0.115135, 0.124685, 0.223753, 0.312935, 0.223492]"
Actor,client,7,2876,4,M0,attack_member,evaluation,3,1,0.7459285259246826,0,0.8173993229866028,False,0,,1,"[0.025548, 0.248684, 0.066655, 0.466169, 0.192945]"
Actor,client,7,2962,4,M0,attack_member,evaluation,2,1,0.49887514114379883,0,0.7345184683799744,False,1,0.0,1,"[0.19207, 0.118666, 0.259588, 0.208692, 0.220983]"
Actor,client,7,2983,4,M0,attack_member,evaluation,3,1,0.7710473537445068,0,0.8173993229866028,False,0,,1,"[0.040249, 0.094745, 0.06393, 0.482355, 0.31872]"
Actor,client,7,2986,4,M0,attack_member,evaluation,2,1,0.2844870686531067,0,0.7345184683799744,False,4,0.5,0,"[0.073883, 0.196047, 0.182311, 0.31211, 0.235648]"
Actor,client,7,3045,4,M0,attack_member,evaluation,2,1,0.20805500447750092,0,0.7345184683799744,False,4,0.0,0,"[0.049536, 0.053144, 0.128465, 0.11965, 0.649204]"
Actor,client,7,3079,4,M0,attack_member,evaluation,4,1,0.4241737723350525,0,0.7520955204963684,False,1,0.0,0,"[0.094032, 0.130908, 0.23915, 0.294429, 0.241482]"
Actor,client,7,3102,4,M0,attack_member,evaluation,2,1,0.6466880440711975,0,0.7345184683799744,False,2,0.0,1,"[0.05268, 0.0557, 0.334633, 0.257191, 0.299796]"
Actor,client,7,3109,4,M0,attack_member,evaluation,2,1,0.5043113231658936,0,0.7345184683799744,False,1,0.0,1,"[0.154232, 0.214244, 0.274649, 0.175448, 0.181428]"
Actor,client,7,3337,4,M0,attack_member,evaluation,0,1,0.42715781927108765,0,0.5450589656829834,False,1,1.0,0,"[0.169793, 0.219553, 0.200573, 0.207418, 0.202664]"
Actor,client,7,3376,4,M0,attack_member,evaluation,4,1,0.7592442035675049,1,0.7520955204963684,False,2,0.5,1,"[0.112436, 0.152158, 0.058194, 0.06602, 0.611193]"
Actor,client,7,3390,4,M0,attack_member,evaluation,4,1,0.6802281141281128,0,0.7520955204963684,False,0,,1,"[0.016412, 0.086095, 0.050677, 0.23659, 0.610225]"
Actor,client,7,3412,4,M0,attack_member,evaluation,4,1,0.5009661316871643,0,0.7520955204963684,False,1,0.0,1,"[0.174281, 0.180033, 0.191654, 0.190613, 0.263419]"
Actor,client,7,3441,4,M0,attack_member,evaluation,2,1,0.33461853861808777,0,0.7345184683799744,False,1,0.0,0,"[0.143618, 0.19828, 0.199488, 0.227854, 0.230759]"
Actor,client,7,3444,4,M0,attack_member,evaluation,1,1,0.2671908140182495,0,0.6836628317832947,False,1,0.0,0,"[0.194593, 0.170676, 0.165377, 0.212905, 0.256449]"
Actor,client,7,3499,4,M0,attack_member,evaluation,3,1,0.4225873351097107,0,0.8173993229866028,False,1,0.0,1,"[0.16019, 0.192474, 0.22208, 0.230015, 0.195241]"
Actor,client,7,3521,4,M0,attack_member,evaluation,3,1,0.3098375201225281,0,0.8173993229866028,False,1,0.0,0,"[0.219182, 0.171837, 0.221695, 0.179127, 0.20816]"
Actor,client,7,3524,4,M0,attack_member,evaluation,4,1,0.4654999077320099,0,0.7520955204963684,False,1,0.0,1,"[0.08078, 0.176823, 0.100554, 0.30829, 0.333553]"
Actor,client,7,3596,4,M0,attack_member,evaluation,3,1,0.4541760981082916,0,0.8173993229866028,False,0,,0,"[0.115823, 0.098626, 0.383595, 0.22274, 0.179216]"
Actor,client,7,3627,4,M0,attack_member,evaluation,3,1,0.3619158864021301,0,0.8173993229866028,False,0,,0,"[0.063769, 0.012444, 0.314265, 0.201298, 0.408224]"
Actor,client,7,3648,4,M0,attack_member,evaluation,1,1,0.4472528398036957,0,0.6836628317832947,False,1,1.0,0,"[0.134016, 0.217528, 0.229771, 0.242547, 0.176138]"
Actor,client,7,3655,4,M0,attack_member,evaluation,3,1,0.3311452567577362,0,0.8173993229866028,False,2,0.0,0,"[0.13531, 0.155299, 0.165724, 0.206237, 0.33743]"
Actor,client,7,3781,4,M0,attack_member,evaluation,4,1,0.5306488871574402,0,0.7520955204963684,False,1,0.0,1,"[0.14715, 0.17464, 0.201647, 0.199261, 0.277301]"
Actor,client,7,3851,4,M0,attack_member,evaluation,1,1,0.06859014183282852,0,0.6836628317832947,False,1,0.0,0,"[0.08679, 0.096809, 0.03378, 0.036572, 0.746049]"
Actor,client,7,3860,4,M0,attack_member,evaluation,0,1,0.4326010048389435,0,0.5450589656829834,False,1,0.0,0,"[0.169515, 0.185838, 0.206241, 0.2434, 0.195005]"
Actor,client,7,3895,4,M0,attack_member,evaluation,1,1,0.5197256207466125,0,0.6836628317832947,False,2,0.0,1,"[0.166569, 0.253252, 0.153637, 0.245304, 0.181238]"
Actor,client,7,3931,4,M0,attack_member,evaluation,2,1,0.2557886242866516,0,0.7345184683799744,False,1,0.0,0,"[0.181639, 0.133976, 0.150444, 0.133336, 0.400604]"
Actor,client,7,3957,4,M0,attack_member,evaluation,0,1,0.5110289454460144,0,0.5450589656829834,False,0,,0,"[0.225014, 0.162227, 0.261394, 0.204059, 0.147305]"
Actor,client,7,4033,4,M0,attack_member,evaluation,4,1,0.6312996745109558,0,0.7520955204963684,False,1,0.0,1,"[0.051038, 0.126886, 0.13549, 0.265877, 0.420709]"
Actor,client,7,4101,4,M0,attack_member,evaluation,1,1,0.6086230874061584,0,0.6836628317832947,False,1,0.0,1,"[0.12721, 0.306989, 0.195789, 0.123542, 0.246469]"
Actor,client,7,4350,4,M0,attack_member,evaluation,2,1,0.24317213892936707,0,0.7345184683799744,False,0,,0,"[0.214122, 0.274403, 0.152943, 0.169964, 0.188569]"
Actor,client,7,4388,4,M0,attack_member,evaluation,2,1,0.2313763052225113,0,0.7345184683799744,False,1,0.0,0,"[0.123158, 0.186495, 0.14832, 0.282097, 0.259929]"
Actor,client,7,4400,4,M0,attack_member,evaluation,3,1,0.16996443271636963,0,0.8173993229866028,False,0,,0,"[0.181168, 0.253268, 0.229889, 0.1319, 0.203775]"
Actor,client,7,4460,4,M0,attack_member,evaluation,4,1,0.7487442493438721,0,0.7520955204963684,False,1,0.0,1,"[0.036411, 0.069198, 0.101019, 0.179406, 0.613965]"
Actor,client,7,4478,4,M0,attack_member,evaluation,3,1,0.7529775500297546,0,0.8173993229866028,False,2,0.0,1,"[0.04863, 0.112685, 0.202117, 0.441251, 0.195317]"
Actor,client,7,4517,4,M0,attack_member,evaluation,1,1,0.5431582927703857,0,0.6836628317832947,False,5,0.2,0,"[0.126774, 0.24305, 0.158352, 0.309898, 0.161926]"
Actor,client,7,4584,4,M0,attack_member,evaluation,4,1,0.39432308077812195,0,0.7520955204963684,False,1,0.0,0,"[0.184512, 0.153116, 0.255141, 0.201943, 0.205288]"
Actor,client,7,4645,4,M0,attack_member,evaluation,2,1,0.3297721743583679,0,0.7345184683799744,False,1,0.0,0,"[0.138555, 0.238804, 0.201375, 0.234217, 0.187049]"
Actor,client,7,4800,4,M0,attack_member,evaluation,4,1,0.7811652421951294,1,0.7520955204963684,False,0,,1,"[0.118898, 0.110936, 0.041308, 0.048249, 0.680609]"
Actor,client,7,4980,4,M0,attack_member,evaluation,2,1,0.21630129218101501,0,0.7345184683799744,False,2,0.0,0,"[0.037627, 0.068781, 0.137322, 0.261402, 0.494868]"
Actor,client,7,4984,4,M0,attack_member,evaluation,3,1,0.6943194270133972,0,0.8173993229866028,False,7,0.14285714285714285,1,"[0.106559, 0.217344, 0.151279, 0.385099, 0.139719]"
Actor,client,7,5013,4,M0,attack_member,evaluation,4,1,0.7739613652229309,1,0.7520955204963684,False,2,0.5,1,"[0.008992, 0.007572, 0.044232, 0.125233, 0.81397]"
Actor,client,7,5052,4,M0,attack_member,evaluation,2,1,0.3961769938468933,0,0.7345184683799744,False,3,0.0,0,"[0.123619, 0.177878, 0.227453, 0.253212, 0.217838]"
Actor,client,7,5059,4,M0,attack_member,evaluation,4,1,0.5048954486846924,0,0.7520955204963684,False,1,0.0,1,"[0.100229, 0.181872, 0.254541, 0.206485, 0.256872]"
Actor,client,7,5083,4,M0,attack_member,evaluation,0,1,0.5110616683959961,0,0.5450589656829834,False,0,,0,"[0.220212, 0.237486, 0.18194, 0.189966, 0.170396]"
Actor,client,7,5099,4,M0,attack_member,evaluation,1,1,0.4591284692287445,0,0.6836628317832947,False,0,,0,"[0.24849, 0.245399, 0.187474, 0.18394, 0.134697]"
Actor,client,7,5279,4,M0,attack_member,evaluation,0,1,0.26975196599960327,0,0.5450589656829834,False,0,,0,"[0.103399, 0.225458, 0.226868, 0.308183, 0.136092]"
Actor,client,7,5360,4,M0,attack_member,evaluation,2,1,0.7591615319252014,1,0.7345184683799744,False,0,,1,"[0.034551, 0.078298, 0.404279, 0.267985, 0.214887]"
Actor,client,7,5426,4,M0,attack_member,evaluation,2,1,0.6899771094322205,0,0.7345184683799744,False,0,,1,"[0.113212, 0.147963, 0.361546, 0.216218, 0.16106]"
Actor,client,7,5567,4,M0,attack_member,evaluation,2,1,0.36069512367248535,0,0.7345184683799744,False,1,0.0,0,"[0.062685, 0.259757, 0.224981, 0.2795, 0.173077]"
Actor,client,7,5602,4,M0,attack_member,evaluation,2,1,0.3364492356777191,0,0.7345184683799744,False,3,0.0,0,"[0.079746, 0.235911, 0.209678, 0.231134, 0.243532]"
Actor,client,7,5657,4,M0,attack_member,evaluation,1,1,0.1540319174528122,0,0.6836628317832947,False,0,,0,"[0.094482, 0.12731, 0.120604, 0.175822, 0.481782]"
Actor,client,7,5751,4,M0,attack_member,evaluation,4,1,0.5564030408859253,0,0.7520955204963684,False,3,0.3333333333333333,0,"[0.056085, 0.093836, 0.273178, 0.290909, 0.285993]"
Actor,client,7,5834,4,M0,attack_member,evaluation,3,1,0.5211058259010315,0,0.8173993229866028,False,4,0.5,1,"[0.109287, 0.182233, 0.18973, 0.279842, 0.238908]"
Actor,client,7,5865,4,M0,attack_member,evaluation,1,1,0.2903600037097931,0,0.6836628317832947,False,1,0.0,0,"[0.098035, 0.135092, 0.233444, 0.345017, 0.188412]"
Actor,client,7,5866,4,M0,attack_member,evaluation,4,1,0.36684921383857727,0,0.7520955204963684,False,2,0.0,0,"[0.107075, 0.161896, 0.197001, 0.299287, 0.234741]"
Actor,client,7,5996,4,M0,attack_member,evaluation,2,1,0.25182750821113586,0,0.7345184683799744,False,1,0.0,0,"[0.145421, 0.282664, 0.16537, 0.229092, 0.177453]"
Actor,client,7,6060,4,M0,attack_member,evaluation,1,1,0.253402978181839,0,0.6836628317832947,False,0,,0,"[0.098966, 0.159365, 0.215521, 0.196184, 0.329964]"
Actor,client,7,6151,4,M0,attack_member,evaluation,3,1,0.19477958977222443,0,0.8173993229866028,False,1,1.0,0,"[0.042517, 0.091191, 0.22768, 0.156267, 0.482345]"
Actor,client,7,6209,4,M0,attack_member,evaluation,3,1,0.5464174747467041,0,0.8173993229866028,False,1,0.0,1,"[0.173418, 0.235337, 0.08568, 0.296224, 0.209342]"
Actor,client,7,6243,4,M0,attack_member,evaluation,0,1,0.2664576768875122,0,0.5450589656829834,False,2,0.0,0,"[0.118886, 0.304556, 0.284128, 0.144274, 0.148157]"
Actor,client,7,6291,4,M0,attack_member,evaluation,3,1,0.5583986043930054,0,0.8173993229866028,False,2,0.0,1,"[0.120767, 0.217799, 0.157399, 0.300657, 0.203377]"
Actor,client,7,6329,4,M0,attack_member,evaluation,1,1,0.41579023003578186,0,0.6836628317832947,False,1,0.0,0,"[0.122129, 0.198881, 0.264435, 0.252736, 0.161818]"
Actor,client,7,32,5,M0,attack_member,evaluation,4,1,0.4830668270587921,0,0.7520955204963684,False,5,0.0,1,"[0.130689, 0.209133, 0.186168, 0.204363, 0.269647]"
Actor,client,7,49,5,M0,attack_member,evaluation,2,1,0.12939053773880005,0,0.7345184683799744,False,5,0.2,0,"[0.027952, 0.105947, 0.076923, 0.115506, 0.673672]"
Actor,client,7,103,5,M0,attack_member,evaluation,1,1,0.32715922594070435,0,0.6836628317832947,False,3,0.0,0,"[0.162161, 0.188707, 0.22468, 0.19625, 0.228202]"
Actor,client,7,127,5,M0,attack_member,evaluation,0,1,0.4615909457206726,0,0.5450589656829834,False,2,0.0,0,"[0.174091, 0.200227, 0.174497, 0.222678, 0.228506]"
Actor,client,7,137,5,M0,attack_member,evaluation,1,1,0.25827980041503906,0,0.6836628317832947,False,3,0.0,0,"[0.114364, 0.165291, 0.140004, 0.22851, 0.351831]"
Actor,client,7,166,5,M0,attack_member,evaluation,4,1,0.7356154322624207,0,0.7520955204963684,False,2,0.5,1,"[0.106048, 0.097032, 0.261531, 0.169857, 0.365532]"
Actor,client,7,172,5,M0,attack_member,evaluation,4,1,0.3613697588443756,0,0.7520955204963684,False,1,0.0,0,"[0.150071, 0.161289, 0.20043, 0.266567, 0.221644]"
Actor,client,7,193,5,M0,attack_member,evaluation,4,1,0.506152331829071,0,0.7520955204963684,False,3,0.3333333333333333,1,"[0.090686, 0.192324, 0.191961, 0.23598, 0.289049]"
Actor,client,7,236,5,M0,attack_member,evaluation,0,1,0.45293310284614563,0,0.5450589656829834,False,2,0.0,0,"[0.069167, 0.058541, 0.072992, 0.29784, 0.50146]"
Actor,client,7,248,5,M0,attack_member,evaluation,0,1,0.46480968594551086,0,0.5450589656829834,False,1,0.0,0,"[0.207696, 0.27342, 0.191333, 0.171701, 0.155849]"
Actor,client,7,284,5,M0,attack_member,evaluation,4,1,0.7902359962463379,1,0.7520955204963684,False,0,,1,"[0.01058, 0.014113, 0.02294, 0.044514, 0.907853]"
Actor,client,7,328,5,M0,attack_member,evaluation,4,1,0.5072137117385864,0,0.7520955204963684,False,4,0.75,0,"[0.105448, 0.14481, 0.286278, 0.217412, 0.246052]"
Actor,client,7,357,5,M0,attack_member,evaluation,3,1,0.4163980484008789,0,0.8173993229866028,False,2,0.0,0,"[0.221058, 0.176285, 0.216206, 0.217483, 0.168968]"
Actor,client,7,434,5,M0,attack_member,evaluation,2,1,0.21477451920509338,0,0.7345184683799744,False,5,0.0,0,"[0.052124, 0.071232, 0.134423, 0.176124, 0.566097]"
Actor,client,7,455,5,M0,attack_member,evaluation,4,1,0.6805440783500671,0,0.7520955204963684,False,3,0.6666666666666666,1,"[0.099617, 0.119536, 0.101235, 0.21421, 0.465403]"
Actor,client,7,557,5,M0,attack_member,evaluation,0,1,0.41413772106170654,0,0.5450589656829834,False,1,0.0,0,"[0.157075, 0.225307, 0.182569, 0.21347, 0.221578]"
Actor,client,7,616,5,M0,attack_member,evaluation,4,1,0.46917200088500977,0,0.7520955204963684,False,8,0.125,1,"[0.144484, 0.213384, 0.183421, 0.196901, 0.261811]"
Actor,client,7,678,5,M0,attack_member,evaluation,0,1,0.2906179428100586,0,0.5450589656829834,False,6,0.0,0,"[0.081258, 0.231351, 0.223533, 0.175242, 0.288616]"
Actor,client,7,683,5,M0,attack_member,evaluation,2,1,0.3509197533130646,0,0.7345184683799744,False,2,0.0,0,"[0.162011, 0.235687, 0.208566, 0.21397, 0.179767]"
Actor,client,7,727,5,M0,attack_member,evaluation,2,1,0.35172659158706665,0,0.7345184683799744,False,0,,0,"[0.119042, 0.211896, 0.210978, 0.23871, 0.219374]"
Actor,client,7,779,5,M0,attack_member,evaluation,4,1,0.37381136417388916,0,0.7520955204963684,False,3,0.0,0,"[0.134227, 0.157089, 0.240635, 0.253973, 0.214077]"
Actor,client,7,781,5,M0,attack_member,evaluation,3,1,0.2248639464378357,0,0.8173993229866028,False,0,,0,"[0.043265, 0.149673, 0.329189, 0.159792, 0.318082]"
Actor,client,7,815,5,M0,attack_member,evaluation,1,1,0.34343770146369934,0,0.6836628317832947,False,1,0.0,0,"[0.179959, 0.195262, 0.169872, 0.229254, 0.225653]"
Actor,client,7,850,5,M0,attack_member,evaluation,4,1,0.669308066368103,0,0.7520955204963684,False,0,,1,"[0.194682, 0.102, 0.16542, 0.189086, 0.348812]"
Actor,client,7,874,5,M0,attack_member,evaluation,4,1,0.3216314911842346,0,0.7520955204963684,False,1,1.0,0,"[0.11274, 0.149067, 0.274842, 0.272249, 0.191101]"
Actor,client,7,902,5,M0,attack_member,evaluation,3,1,0.2707025110721588,0,0.8173993229866028,False,5,0.4,0,"[0.069179, 0.177528, 0.194675, 0.192406, 0.366211]"
Actor,client,7,915,5,M0,attack_member,evaluation,4,1,0.35814598202705383,0,0.7520955204963684,False,2,0.0,0,"[0.122388, 0.135274, 0.177554, 0.326284, 0.238499]"
Actor,client,7,1066,5,M0,attack_member,evaluation,4,1,0.5995186567306519,0,0.7520955204963684,False,6,0.5,1,"[0.0463, 0.125456, 0.133737, 0.291303, 0.403204]"
Actor,client,7,1085,5,M0,attack_member,evaluation,2,1,0.344851016998291,0,0.7345184683799744,False,2,0.0,0,"[0.170308, 0.226415, 0.203948, 0.18798, 0.211349]"
Actor,client,7,1090,5,M0,attack_member,evaluation,2,1,0.2351759374141693,0,0.7345184683799744,False,2,0.0,0,"[0.099987, 0.15005, 0.149668, 0.297123, 0.303172]"
Actor,client,7,1117,5,M0,attack_member,evaluation,4,1,0.4865231513977051,0,0.7520955204963684,False,0,,0,"[0.095461, 0.346529, 0.142707, 0.121103, 0.2942]"
Actor,client,7,1150,5,M0,attack_member,evaluation,3,1,0.6547355651855469,0,0.8173993229866028,False,0,,1,"[0.123775, 0.108537, 0.217507, 0.33635, 0.213832]"
Actor,client,7,1168,5,M0,attack_member,evaluation,2,1,0.3975270986557007,0,0.7345184683799744,False,4,0.25,1,"[0.208824, 0.191491, 0.220798, 0.179436, 0.199451]"
Actor,client,7,1197,5,M0,attack_member,evaluation,2,1,0.46585777401924133,0,0.7345184683799744,False,2,0.0,0,"[0.055463, 0.080546, 0.254372, 0.183894, 0.425725]"
Actor,client,7,1266,5,M0,attack_member,evaluation,4,1,0.21952912211418152,0,0.7520955204963684,False,1,0.0,0,"[0.112412, 0.189793, 0.18302, 0.329613, 0.185162]"
Actor,client,7,1322,5,M0,attack_member,evaluation,4,1,0.7160197496414185,0,0.7520955204963684,False,5,0.0,1,"[0.083461, 0.124768, 0.112712, 0.178859, 0.5002]"
Actor,client,7,1372,5,M0,attack_member,evaluation,4,1,0.5719103217124939,0,0.7520955204963684,False,8,0.25,1,"[0.055279, 0.124273, 0.148918, 0.302961, 0.368569]"
Actor,client,7,1418,5,M0,attack_member,evaluation,3,1,0.4578549861907959,0,0.8173993229866028,False,1,1.0,1,"[0.173815, 0.212524, 0.19323, 0.245629, 0.174802]"
Actor,client,7,1419,5,M0,attack_member,evaluation,4,1,0.6563640832901001,0,0.7520955204963684,False,0,,1,"[0.141353, 0.061811, 0.071354, 0.270024, 0.455458]"
Actor,client,7,1430,5,M0,attack_member,evaluation,2,1,0.3513014614582062,0,0.7345184683799744,False,2,0.0,0,"[0.119145, 0.21129, 0.210844, 0.254033, 0.204689]"
Actor,client,7,1515,5,M0,attack_member,evaluation,4,1,0.4597959816455841,0,0.7520955204963684,False,4,0.75,0,"[0.090386, 0.134395, 0.249116, 0.27638, 0.249723]"
Actor,client,7,1526,5,M0,attack_member,evaluation,1,1,0.410714328289032,0,0.6836628317832947,False,4,0.0,0,"[0.148269, 0.204123, 0.198962, 0.267414, 0.181231]"
Actor,client,7,1587,5,M0,attack_member,evaluation,2,1,0.7232693433761597,0,0.7345184683799744,False,1,1.0,1,"[0.097695, 0.19355, 0.387708, 0.193786, 0.127262]"
Actor,client,7,1611,5,M0,attack_member,evaluation,3,1,0.338056743144989,0,0.8173993229866028,False,1,0.0,0,"[0.139116, 0.18494, 0.309551, 0.191864, 0.174529]"
Actor,client,7,1658,5,M0,attack_member,evaluation,3,1,0.45674988627433777,0,0.8173993229866028,False,2,0.5,0,"[0.07388, 0.128809, 0.326226, 0.239813, 0.231273]"
Actor,client,7,1689,5,M0,attack_member,evaluation,4,1,0.6385312080383301,0,0.7520955204963684,False,0,,1,"[0.031057, 0.379248, 0.06438, 0.030403, 0.494913]"
Actor,client,7,1697,5,M0,attack_member,evaluation,3,1,0.5449782609939575,0,0.8173993229866028,False,1,0.0,1,"[0.12716, 0.162306, 0.191297, 0.285437, 0.2338]"
Actor,client,7,1698,5,M0,attack_member,evaluation,3,1,0.6624793410301208,0,0.8173993229866028,False,0,,1,"[0.073686, 0.093674, 0.23886, 0.347016, 0.246764]"
Actor,client,7,1804,5,M0,attack_member,evaluation,1,1,0.6939537525177002,1,0.6836628317832947,False,0,,1,"[0.056613, 0.314745, 0.176735, 0.22136, 0.230547]"
Actor,client,7,1878,5,M0,attack_member,evaluation,2,1,0.10133618116378784,0,0.7345184683799744,False,0,,0,"[0.062557, 0.075509, 0.042155, 0.071501, 0.748278]"
Actor,client,7,1898,5,M0,attack_member,evaluation,1,1,0.35726726055145264,0,0.6836628317832947,False,1,0.0,0,"[0.148885, 0.185402, 0.238548, 0.24396, 0.183205]"
Actor,client,7,1963,5,M0,attack_member,evaluation,0,1,0.41515856981277466,0,0.5450589656829834,False,1,0.0,0,"[0.169456, 0.177301, 0.230412, 0.256726, 0.166105]"
Actor,client,7,1971,5,M0,attack_member,evaluation,3,1,0.3234404921531677,0,0.8173993229866028,False,11,0.09090909090909091,0,"[0.042815, 0.07706, 0.118643, 0.219439, 0.542044]"
Actor,client,7,2021,5,M0,attack_member,evaluation,4,1,0.4214382469654083,0,0.7520955204963684,False,1,0.0,0,"[0.142551, 0.136586, 0.162736, 0.296508, 0.261618]"
Actor,client,7,2052,5,M0,attack_member,evaluation,4,1,0.6063926219940186,0,0.7520955204963684,False,1,0.0,1,"[0.070071, 0.174892, 0.135524, 0.232011, 0.387501]"
Actor,client,7,2093,5,M0,attack_member,evaluation,0,1,0.48986801505088806,0,0.5450589656829834,False,3,0.0,0,"[0.171696, 0.22809, 0.133151, 0.173097, 0.293967]"
Actor,client,7,2100,5,M0,attack_member,evaluation,3,1,0.2338881492614746,0,0.8173993229866028,False,3,0.6666666666666666,0,"[0.122134, 0.151386, 0.131879, 0.175941, 0.41866]"
Actor,client,7,2102,5,M0,attack_member,evaluation,0,1,0.5427588224411011,0,0.5450589656829834,False,1,0.0,1,"[0.229647, 0.205998, 0.183885, 0.203019, 0.17745]"
Actor,client,7,2117,5,M0,attack_member,evaluation,3,1,0.5312380790710449,0,0.8173993229866028,False,1,0.0,0,"[0.103192, 0.122835, 0.293199, 0.268288, 0.212486]"
Actor,client,7,2212,5,M0,attack_member,evaluation,1,1,0.23574702441692352,0,0.6836628317832947,False,13,0.23076923076923078,0,"[0.09006, 0.148616, 0.127924, 0.261353, 0.372047]"
Actor,client,7,2252,5,M0,attack_member,evaluation,1,1,0.2759544253349304,0,0.6836628317832947,False,1,0.0,0,"[0.114648, 0.143642, 0.173311, 0.32559, 0.242809]"
Actor,client,7,2292,5,M0,attack_member,evaluation,2,1,0.2873850464820862,0,0.7345184683799744,False,0,,0,"[0.103729, 0.142788, 0.176579, 0.339179, 0.237726]"
Actor,client,7,2300,5,M0,attack_member,evaluation,2,1,0.3108570873737335,0,0.7345184683799744,False,2,0.0,0,"[0.216535, 0.116136, 0.174592, 0.275361, 0.217376]"
Actor,client,7,2331,5,M0,attack_member,evaluation,2,1,0.3384927809238434,0,0.7345184683799744,False,3,0.0,0,"[0.151194, 0.209991, 0.201583, 0.221858, 0.215374]"
Actor,client,7,2349,5,M0,attack_member,evaluation,0,1,0.26578477025032043,0,0.5450589656829834,False,2,0.0,0,"[0.09026, 0.165449, 0.29638, 0.266107, 0.181804]"
Actor,client,7,2366,5,M0,attack_member,evaluation,2,1,0.27315205335617065,0,0.7345184683799744,False,16,0.5,0,"[0.089134, 0.190831, 0.17445, 0.285429, 0.260155]"
Actor,client,7,2433,5,M0,attack_member,evaluation,1,1,0.40097036957740784,0,0.6836628317832947,False,2,0.5,0,"[0.173231, 0.211551, 0.265016, 0.18605, 0.164152]"
Actor,client,7,2443,5,M0,attack_member,evaluation,0,1,0.4241354763507843,0,0.5450589656829834,False,3,0.0,0,"[0.095005, 0.115128, 0.130082, 0.258253, 0.401531]"
Actor,client,7,2452,5,M0,attack_member,evaluation,3,1,0.4192204177379608,0,0.8173993229866028,False,3,0.6666666666666666,1,"[0.150898, 0.203584, 0.182961, 0.235918, 0.226638]"
Actor,client,7,2465,5,M0,attack_member,evaluation,4,1,0.3397215008735657,0,0.7520955204963684,False,2,0.0,0,"[0.147567, 0.161358, 0.195048, 0.278661, 0.217366]"
Actor,client,7,2583,5,M0,attack_member,evaluation,4,1,0.5315563082695007,0,0.7520955204963684,False,0,,1,"[0.04833, 0.136282, 0.159809, 0.314402, 0.341177]"
Actor,client,7,2629,5,M0,attack_member,evaluation,4,1,0.4181935489177704,0,0.7520955204963684,False,6,0.16666666666666666,1,"[0.132601, 0.19277, 0.213834, 0.224651, 0.236144]"
Actor,client,7,2688,5,M0,attack_member,evaluation,2,1,0.659159243106842,0,0.7345184683799744,False,4,0.5,1,"[0.116647, 0.202929, 0.350451, 0.205151, 0.124822]"
Actor,client,7,2693,5,M0,attack_member,evaluation,1,1,0.8545078039169312,1,0.6836628317832947,False,0,,1,"[0.081088, 0.424564, 0.182058, 0.11771, 0.19458]"
Actor,client,7,2706,5,M0,attack_member,evaluation,0,1,0.3216509521007538,0,0.5450589656829834,False,12,0.0,0,"[0.118282, 0.25896, 0.198212, 0.214621, 0.209924]"
Actor,client,7,2719,5,M0,attack_member,evaluation,2,1,0.41734400391578674,0,0.7345184683799744,False,2,0.0,1,"[0.141801, 0.194522, 0.236355, 0.224549, 0.202773]"
Actor,client,7,2750,5,M0,attack_member,evaluation,4,1,0.33029282093048096,0,0.7520955204963684,False,3,0.3333333333333333,0,"[0.105968, 0.223634, 0.150172, 0.282245, 0.237981]"
Actor,client,7,2857,5,M0,attack_member,evaluation,3,1,0.444611519575119,0,0.8173993229866028,False,18,0.3888888888888889,0,"[0.027894, 0.089982, 0.082863, 0.270589, 0.528673]"
Actor,client,7,2938,5,M0,attack_member,evaluation,4,1,0.5045152902603149,0,0.7520955204963684,False,7,0.2857142857142857,1,"[0.153159, 0.179562, 0.170296, 0.215932, 0.281051]"
Actor,client,7,2957,5,M0,attack_member,evaluation,3,1,0.3949281871318817,0,0.8173993229866028,False,3,0.3333333333333333,0,"[0.077649, 0.166083, 0.095739, 0.247662, 0.412866]"
Actor,client,7,2996,5,M0,attack_member,evaluation,4,1,0.6352402567863464,0,0.7520955204963684,False,7,0.2857142857142857,1,"[0.055121, 0.150849, 0.227719, 0.222156, 0.344154]"
Actor,client,7,3061,5,M0,attack_member,evaluation,2,1,0.8747081756591797,1,0.7345184683799744,False,0,,1,"[0.094399, 0.181953, 0.519646, 0.12083, 0.083172]"
Actor,client,7,3130,5,M0,attack_member,evaluation,2,1,0.3363085985183716,0,0.7345184683799744,False,3,0.0,0,"[0.152151, 0.172916, 0.197273, 0.235529, 0.242132]"
Actor,client,7,3135,5,M0,attack_member,evaluation,4,1,0.18401210010051727,0,0.7520955204963684,False,2,0.0,0,"[0.097583, 0.21746, 0.224614, 0.303097, 0.157245]"
Actor,client,7,3136,5,M0,attack_member,evaluation,4,1,0.3424496650695801,0,0.7520955204963684,False,3,0.3333333333333333,0,"[0.157414, 0.192201, 0.19496, 0.241527, 0.213898]"
Actor,client,7,3140,5,M0,attack_member,evaluation,1,1,0.24760134518146515,0,0.6836628317832947,False,2,0.0,0,"[0.113608, 0.171276, 0.165168, 0.169813, 0.380135]"
Actor,client,7,3157,5,M0,attack_member,evaluation,3,1,0.5426165461540222,0,0.8173993229866028,False,3,0.0,1,"[0.080824, 0.206145, 0.216433, 0.292369, 0.204229]"
Actor,client,7,3164,5,M0,attack_member,evaluation,2,1,0.6075484156608582,0,0.7345184683799744,False,2,0.0,1,"[0.066912, 0.124916, 0.320942, 0.203459, 0.283771]"
Actor,client,7,3184,5,M0,attack_member,evaluation,4,1,0.4194970726966858,0,0.7520955204963684,False,2,0.5,1,"[0.180638, 0.163441, 0.209234, 0.217292, 0.229396]"
Actor,client,7,3188,5,M0,attack_member,evaluation,4,1,0.6645522117614746,0,0.7520955204963684,False,1,0.0,1,"[0.124557, 0.150447, 0.132775, 0.19115, 0.40107]"
Actor,client,7,3222,5,M0,attack_member,evaluation,4,1,0.41057491302490234,0,0.7520955204963684,False,3,0.0,0,"[0.168093, 0.19262, 0.240218, 0.183146, 0.215922]"
Actor,client,7,3293,5,M0,attack_member,evaluation,0,1,0.5135256052017212,0,0.5450589656829834,False,0,,0,"[0.216568, 0.16765, 0.222651, 0.226661, 0.16647]"
Actor,client,7,3294,5,M0,attack_member,evaluation,1,1,0.5156363844871521,0,0.6836628317832947,False,1,0.0,1,"[0.185984, 0.252634, 0.244064, 0.18911, 0.128208]"
Actor,client,7,3454,5,M0,attack_member,evaluation,4,1,0.33085867762565613,0,0.7520955204963684,False,2,0.5,0,"[0.151893, 0.218092, 0.164647, 0.244, 0.221369]"
Actor,client,7,3588,5,M0,attack_member,evaluation,0,1,0.4860820472240448,0,0.5450589656829834,False,2,0.0,0,"[0.16833, 0.147745, 0.18291, 0.227385, 0.27363]"
Actor,client,7,3592,5,M0,attack_member,evaluation,4,1,0.6050578355789185,0,0.7520955204963684,False,6,0.8333333333333334,1,"[0.112489, 0.153727, 0.193658, 0.213929, 0.326197]"
Actor,client,7,3608,5,M0,attack_member,evaluation,4,1,0.4020259380340576,0,0.7520955204963684,False,3,0.3333333333333333,1,"[0.144811, 0.20077, 0.161618, 0.24312, 0.24968]"
Actor,client,7,3617,5,M0,attack_member,evaluation,2,1,0.24588540196418762,0,0.7345184683799744,False,4,0.25,0,"[0.05077, 0.078403, 0.15436, 0.329344, 0.387123]"
Actor,client,7,3767,5,M0,attack_member,evaluation,2,1,0.6288985013961792,0,0.7345184683799744,False,4,0.25,0,"[0.064529, 0.129561, 0.331564, 0.110231, 0.364116]"
Actor,client,7,3825,5,M0,attack_member,evaluation,4,1,0.806946873664856,1,0.7520955204963684,False,0,,1,"[0.010551, 0.014402, 0.043626, 0.012796, 0.918625]"
Actor,client,7,3893,5,M0,attack_member,evaluation,4,1,0.4598071873188019,0,0.7520955204963684,False,6,0.16666666666666666,1,"[0.097392, 0.248353, 0.205891, 0.189756, 0.258608]"
Actor,client,7,3896,5,M0,attack_member,evaluation,4,1,0.7799667716026306,1,0.7520955204963684,False,5,0.6,1,"[0.012705, 0.021298, 0.020241, 0.068222, 0.877534]"
Actor,client,7,3920,5,M0,attack_member,evaluation,2,1,0.35271456837654114,0,0.7345184683799744,False,2,0.5,0,"[0.163644, 0.232736, 0.208917, 0.207636, 0.187068]"
Actor,client,7,3940,5,M0,attack_member,evaluation,2,1,0.5155056715011597,0,0.7345184683799744,False,1,0.0,1,"[0.126546, 0.168688, 0.278044, 0.235614, 0.191109]"
Actor,client,7,3949,5,M0,attack_member,evaluation,2,1,0.5707800984382629,0,0.7345184683799744,False,0,,1,"[0.177483, 0.191197, 0.300195, 0.211202, 0.119923]"
Actor,client,7,3966,5,M0,attack_member,evaluation,3,1,0.46071332693099976,0,0.8173993229866028,False,6,0.16666666666666666,1,"[0.127897, 0.185547, 0.205836, 0.251014, 0.229706]"
Actor,client,7,3969,5,M0,attack_member,evaluation,3,1,0.492011696100235,0,0.8173993229866028,False,2,0.5,1,"[0.127027, 0.18001, 0.173405, 0.266887, 0.252671]"
Actor,client,7,4166,5,M0,attack_member,evaluation,2,1,0.3759651780128479,0,0.7345184683799744,False,6,0.0,0,"[0.090632, 0.099538, 0.214188, 0.215874, 0.379769]"
Actor,client,7,4175,5,M0,attack_member,evaluation,1,1,0.7210583686828613,1,0.6836628317832947,False,0,,1,"[0.094913, 0.317172, 0.194556, 0.248167, 0.145192]"
Actor,client,7,4184,5,M0,attack_member,evaluation,4,1,0.5630998015403748,0,0.7520955204963684,False,1,0.0,1,"[0.153638, 0.164866, 0.197553, 0.193466, 0.290477]"
Actor,client,7,4195,5,M0,attack_member,evaluation,4,1,0.5081496834754944,0,0.7520955204963684,False,4,0.25,1,"[0.103896, 0.265392, 0.181639, 0.163803, 0.285269]"
Actor,client,7,4252,7,M0,attack_member,evaluation,0,1,0.47743019461631775,0,0.5450589656829834,False,4,0.25,0,"[0.1888, 0.18382, 0.213937, 0.200175, 0.213268]"
Actor,client,7,4457,7,M0,attack_member,evaluation,3,1,0.668427050113678,0,0.8173993229866028,False,0,,1,"[0.101818, 0.122733, 0.093322, 0.365614, 0.316513]"
Actor,client,7,4491,7,M0,attack_member,evaluation,2,1,0.299004465341568,0,0.7345184683799744,False,1,0.0,0,"[0.206229, 0.140887, 0.171313, 0.19249, 0.28908]"
Actor,client,7,4511,7,M0,attack_member,evaluation,4,1,0.6446940302848816,0,0.7520955204963684,False,1,1.0,1,"[0.136386, 0.073975, 0.133627, 0.268003, 0.388009]"
Actor,client,7,4513,7,M0,attack_member,evaluation,0,1,0.5260097980499268,0,0.5450589656829834,False,1,0.0,1,"[0.214588, 0.187023, 0.197123, 0.201531, 0.199735]"
Actor,client,7,4526,7,M0,attack_member,evaluation,4,1,0.5994222164154053,0,0.7520955204963684,False,1,0.0,1,"[0.116278, 0.14347, 0.184146, 0.22734, 0.328765]"
Actor,client,7,4527,7,M0,attack_member,evaluation,4,1,0.6314105987548828,0,0.7520955204963684,False,0,,0,"[0.049593, 0.113127, 0.305038, 0.229297, 0.302944]"
Actor,client,7,4528,7,M0,attack_member,evaluation,1,1,0.33402955532073975,0,0.6836628317832947,False,2,0.0,0,"[0.195461, 0.196173, 0.221838, 0.181061, 0.205466]"
Actor,client,7,4530,7,M0,attack_member,evaluation,3,1,0.7988624572753906,0,0.8173993229866028,False,0,,1,"[0.02116, 0.118878, 0.065744, 0.540433, 0.253785]"
Actor,client,7,4637,7,M0,attack_member,evaluation,1,1,0.3403032124042511,0,0.6836628317832947,False,4,0.5,0,"[0.142278, 0.182311, 0.23234, 0.235087, 0.207984]"
Actor,client,7,4672,7,M0,attack_member,evaluation,2,1,0.5326065421104431,0,0.7345184683799744,False,4,0.25,0,"[0.058769, 0.089611, 0.284004, 0.212186, 0.355429]"
Actor,client,7,4720,7,M0,attack_member,evaluation,1,1,0.28788357973098755,0,0.6836628317832947,False,1,0.0,0,"[0.211115, 0.175167, 0.205921, 0.205376, 0.202421]"
Actor,client,7,4748,7,M0,attack_member,evaluation,3,1,0.6897386312484741,0,0.8173993229866028,False,1,0.0,1,"[0.119196, 0.130779, 0.198319, 0.366062, 0.185643]"
Actor,client,7,4782,7,M0,attack_member,evaluation,1,1,0.20014788210391998,0,0.6836628317832947,False,5,0.2,0,"[0.192851, 0.119953, 0.258125, 0.235454, 0.193617]"
Actor,client,7,4787,7,M0,attack_member,evaluation,3,1,0.5040984749794006,0,0.8173993229866028,False,2,1.0,1,"[0.128269, 0.165456, 0.231081, 0.263372, 0.211822]"
Actor,client,7,4793,7,M0,attack_member,evaluation,3,1,0.5037903785705566,0,0.8173993229866028,False,2,0.5,0,"[0.12033, 0.126471, 0.151988, 0.271748, 0.329463]"
Actor,client,7,4831,7,M0,attack_member,evaluation,4,1,0.7682439684867859,1,0.7520955204963684,False,0,,1,"[0.000696, 0.027505, 0.040455, 0.112885, 0.818458]"
Actor,client,7,4839,7,M0,attack_member,evaluation,4,1,0.8047681450843811,1,0.7520955204963684,False,1,1.0,1,"[0.143062, 0.124485, 0.190667, 0.067392, 0.474395]"
Actor,client,7,4846,7,M0,attack_member,evaluation,1,1,0.537600040435791,0,0.6836628317832947,False,0,,1,"[0.141959, 0.249881, 0.248705, 0.221789, 0.137667]"
Actor,client,7,4858,7,M0,attack_member,evaluation,2,1,0.4293544292449951,0,0.7345184683799744,False,1,0.0,0,"[0.180884, 0.151918, 0.234126, 0.250771, 0.182301]"
Actor,client,7,4936,7,M0,attack_member,evaluation,2,1,0.5895290374755859,0,0.7345184683799744,False,0,,1,"[0.148336, 0.276937, 0.32011, 0.103168, 0.151449]"
Actor,client,7,4991,7,M0,attack_member,evaluation,4,1,0.7882017493247986,1,0.7520955204963684,False,0,,1,"[0.000706, 0.011217, 0.000275, 0.015603, 0.972199]"
Actor,client,7,4994,7,M0,attack_member,evaluation,4,1,0.4412454068660736,0,0.7520955204963684,False,3,0.3333333333333333,0,"[0.111318, 0.124141, 0.242635, 0.280073, 0.241833]"
Actor,client,7,5022,7,M0,attack_member,evaluation,0,1,0.4881941080093384,0,0.5450589656829834,False,1,0.0,0,"[0.201565, 0.221192, 0.17803, 0.213602, 0.185611]"
Actor,client,7,5111,7,M0,attack_member,evaluation,4,1,0.25671085715293884,0,0.7520955204963684,False,4,0.0,0,"[0.108583, 0.219727, 0.281295, 0.225931, 0.164464]"
Actor,client,7,5135,7,M0,attack_member,evaluation,3,1,0.3659976124763489,0,0.8173993229866028,False,0,,0,"[0.250754, 0.209636, 0.194914, 0.199589, 0.145107]"
Actor,client,7,5267,7,M0,attack_member,evaluation,4,1,0.5895364284515381,0,0.7520955204963684,False,3,0.0,1,"[0.09907, 0.189173, 0.170761, 0.205209, 0.335787]"
Actor,client,7,5276,7,M0,attack_member,evaluation,2,1,0.5047273635864258,0,0.7345184683799744,False,1,0.0,0,"[0.078667, 0.128664, 0.274823, 0.365592, 0.152254]"
Actor,client,7,5405,7,M0,attack_member,evaluation,2,1,0.4795118272304535,0,0.7345184683799744,False,0,,1,"[0.087227, 0.194001, 0.268573, 0.249152, 0.201047]"
Actor,client,7,5439,7,M0,attack_member,evaluation,1,1,0.3586580753326416,0,0.6836628317832947,False,1,0.0,0,"[0.198276, 0.20009, 0.224475, 0.199888, 0.177271]"
Actor,client,7,5444,7,M0,attack_member,evaluation,4,1,0.7735496759414673,1,0.7520955204963684,False,0,,1,"[0.046181, 0.032987, 0.046303, 0.120463, 0.754065]"
Actor,client,7,5467,7,M0,attack_member,evaluation,1,1,0.4129684865474701,0,0.6836628317832947,False,1,0.0,0,"[0.082721, 0.208924, 0.226314, 0.228682, 0.25336]"
Actor,client,7,5597,7,M0,attack_member,evaluation,1,1,0.40580683946609497,0,0.6836628317832947,False,0,,0,"[0.187993, 0.204779, 0.255572, 0.226842, 0.124813]"
Actor,client,7,5642,7,M0,attack_member,evaluation,3,1,0.37687626481056213,0,0.8173993229866028,False,2,0.0,0,"[0.151733, 0.178169, 0.163345, 0.221499, 0.285255]"
Actor,client,7,5671,7,M0,attack_member,evaluation,0,1,0.5069683194160461,0,0.5450589656829834,False,0,,0,"[0.23583, 0.193028, 0.282144, 0.158955, 0.130044]"
Actor,client,7,5704,7,M0,attack_member,evaluation,4,1,0.6646215915679932,0,0.7520955204963684,False,2,1.0,1,"[0.084897, 0.16987, 0.15105, 0.188377, 0.405806]"
Actor,client,7,5738,7,M0,attack_member,evaluation,1,1,0.4697255492210388,0,0.6836628317832947,False,5,0.0,0,"[0.094362, 0.233641, 0.153845, 0.250834, 0.267318]"
Actor,client,7,5797,7,M0,attack_member,evaluation,4,1,0.4475167691707611,0,0.7520955204963684,False,4,0.0,1,"[0.144644, 0.182619, 0.201826, 0.222428, 0.248483]"
Actor,client,7,5870,7,M0,attack_member,evaluation,2,1,0.5689288377761841,0,0.7345184683799744,False,4,0.25,1,"[0.097011, 0.202725, 0.308306, 0.250738, 0.141221]"
Actor,client,7,5875,7,M0,attack_member,evaluation,4,1,0.49455583095550537,0,0.7520955204963684,False,6,0.0,1,"[0.12885, 0.15473, 0.237008, 0.224304, 0.255109]"
Actor,client,7,5896,7,M0,attack_member,evaluation,0,1,0.5739607214927673,1,0.5450589656829834,False,2,0.0,1,"[0.2395, 0.207272, 0.170077, 0.186255, 0.196896]"
Actor,client,7,5915,7,M0,attack_member,evaluation,2,1,0.4691912531852722,0,0.7345184683799744,False,0,,1,"[0.187993, 0.204779, 0.255572, 0.226842, 0.124813]"
Actor,client,7,5920,7,M0,attack_member,evaluation,4,1,0.7864763140678406,1,0.7520955204963684,False,0,,1,"[0.007657, 0.006059, 0.006716, 0.041363, 0.938206]"
Actor,client,7,5926,7,M0,attack_member,evaluation,3,1,0.4936716556549072,0,0.8173993229866028,False,0,,1,"[0.088719, 0.225362, 0.141905, 0.280972, 0.263042]"
Actor,client,7,6003,7,M0,attack_member,evaluation,0,1,0.5453135967254639,1,0.5450589656829834,False,0,,1,"[0.239883, 0.204538, 0.224759, 0.16391, 0.16691]"
Actor,client,7,6005,7,M0,attack_member,evaluation,1,1,0.25596699118614197,0,0.6836628317832947,False,3,0.0,0,"[0.107405, 0.139104, 0.19107, 0.2986, 0.263822]"
Actor,client,7,6009,7,M0,attack_member,evaluation,4,1,0.42519962787628174,0,0.7520955204963684,False,0,,0,"[0.236565, 0.250232, 0.196843, 0.09844, 0.217921]"
Actor,client,7,6015,7,M0,attack_member,evaluation,2,1,0.2986890971660614,0,0.7345184683799744,False,2,0.0,0,"[0.141368, 0.163054, 0.17996, 0.286201, 0.229416]"
Actor,client,7,6019,7,M0,attack_member,evaluation,4,1,0.6850276589393616,0,0.7520955204963684,False,1,0.0,1,"[0.090639, 0.058134, 0.147457, 0.271276, 0.432495]"
Actor,client,7,6097,7,M0,attack_member,evaluation,4,1,0.7244821786880493,0,0.7520955204963684,False,0,,1,"[0.103654, 0.055676, 0.183388, 0.234003, 0.42328]"
Actor,client,7,6135,7,M0,attack_member,evaluation,4,1,0.45404553413391113,0,0.7520955204963684,False,2,0.5,1,"[0.14314, 0.16446, 0.20605, 0.235824, 0.250526]"
Actor,client,7,6159,7,M0,attack_member,evaluation,3,1,0.8213499188423157,1,0.8173993229866028,False,0,,1,"[0.01192, 0.040237, 0.059407, 0.59277, 0.295667]"
Actor,client,7,6163,7,M0,attack_member,evaluation,2,1,0.37336987257003784,0,0.7345184683799744,False,1,1.0,0,"[0.129594, 0.246385, 0.222625, 0.197204, 0.204192]"
Actor,client,7,6202,7,M0,attack_member,evaluation,0,1,0.4660230278968811,0,0.5450589656829834,False,5,0.4,0,"[0.161321, 0.125715, 0.198338, 0.260093, 0.254533]"
Actor,client,7,6203,7,M0,attack_member,evaluation,2,1,0.38144350051879883,0,0.7345184683799744,False,1,0.0,0,"[0.212239, 0.174537, 0.212164, 0.22661, 0.17445]"
Actor,client,7,6224,7,M0,attack_member,evaluation,1,1,0.387408584356308,0,0.6836628317832947,False,7,0.0,0,"[0.165552, 0.20603, 0.215533, 0.219214, 0.193671]"
Actor,client,7,6319,7,M0,attack_member,evaluation,2,1,0.37816566228866577,0,0.7345184683799744,False,1,0.0,0,"[0.163735, 0.226463, 0.219644, 0.180989, 0.20917]"
Actor,client,7,6330,7,M0,attack_member,evaluation,2,1,0.36979177594184875,0,0.7345184683799744,False,1,0.0,0,"[0.163334, 0.179317, 0.211957, 0.224742, 0.22065]"
Actor,client,7,6409,7,M0,attack_member,evaluation,1,1,0.3893033266067505,0,0.6836628317832947,False,5,0.0,0,"[0.108438, 0.207779, 0.206496, 0.215372, 0.261916]"
Actor,client,7,6414,7,M0,attack_member,evaluation,3,1,0.7545545101165771,0,0.8173993229866028,False,0,,1,"[0.015001, 0.247699, 0.206193, 0.463699, 0.067408]"
Actor,client,7,6467,7,M0,attack_member,evaluation,3,1,0.4527814984321594,0,0.8173993229866028,False,1,0.0,1,"[0.181758, 0.196717, 0.207725, 0.239577, 0.174223]"
Actor,client,7,6476,7,M0,attack_member,evaluation,4,1,0.4596770703792572,0,0.7520955204963684,False,2,0.0,1,"[0.189465, 0.172271, 0.179943, 0.20687, 0.251451]"
Actor,client,7,6479,7,M0,attack_member,evaluation,1,1,0.6961169838905334,1,0.6836628317832947,False,4,0.0,0,"[0.049284, 0.291004, 0.166939, 0.322815, 0.169958]"
Actor,client,7,6528,7,M0,attack_member,evaluation,2,1,0.5029043555259705,0,0.7345184683799744,False,0,,1,"[0.10812, 0.203249, 0.277849, 0.266137, 0.144645]"
Actor,client,7,6535,7,M0,attack_member,evaluation,4,1,0.32194867730140686,0,0.7520955204963684,False,2,1.0,0,"[0.149536, 0.197378, 0.194843, 0.249595, 0.208648]"
Actor,client,7,6548,7,M0,attack_member,evaluation,1,1,0.5086777210235596,0,0.6836628317832947,False,5,0.0,0,"[0.101427, 0.231469, 0.236846, 0.260352, 0.169907]"
Actor,client,7,6580,7,M0,attack_member,evaluation,0,1,0.4641997516155243,0,0.5450589656829834,False,1,0.0,0,"[0.192741, 0.097156, 0.303974, 0.242696, 0.163433]"
Actor,client,7,6603,7,M0,attack_member,evaluation,3,1,0.6864518523216248,0,0.8173993229866028,False,4,0.5,1,"[0.110044, 0.091015, 0.27541, 0.352768, 0.170764]"
Actor,client,7,6678,7,M0,attack_member,evaluation,3,1,0.5779127478599548,0,0.8173993229866028,False,2,0.0,1,"[0.146164, 0.265691, 0.175912, 0.306618, 0.105616]"
Actor,client,7,6769,7,M0,attack_member,evaluation,4,1,0.7317111492156982,0,0.7520955204963684,False,1,0.0,1,"[0.038659, 0.090142, 0.341205, 0.185884, 0.34411]"
Actor,client,7,6798,7,M0,attack_member,evaluation,1,1,0.27212050557136536,0,0.6836628317832947,False,1,0.0,0,"[0.127571, 0.145224, 0.252813, 0.264715, 0.209678]"
Actor,client,7,6811,7,M0,attack_member,evaluation,0,1,0.39614686369895935,0,0.5450589656829834,False,12,0.08333333333333333,0,"[0.136101, 0.212113, 0.156909, 0.247871, 0.247006]"
Actor,client,7,6840,7,M0,attack_member,evaluation,4,1,0.1511654406785965,0,0.7520955204963684,False,4,0.25,0,"[0.119869, 0.270954, 0.182039, 0.278339, 0.148799]"
Actor,client,7,6863,7,M0,attack_member,evaluation,4,1,0.2730417251586914,0,0.7520955204963684,False,1,1.0,0,"[0.115996, 0.292224, 0.157255, 0.227977, 0.206548]"
Actor,client,7,6935,7,M0,attack_member,evaluation,3,1,0.602552056312561,0,0.8173993229866028,False,0,,1,"[0.118861, 0.119529, 0.262514, 0.302513, 0.196584]"
Actor,client,7,6986,7,M0,attack_member,evaluation,0,1,0.34783080220222473,0,0.5450589656829834,False,2,0.0,0,"[0.12031, 0.160073, 0.248535, 0.246155, 0.224927]"
Actor,client,7,6991,7,M0,attack_member,evaluation,4,1,0.4676390588283539,0,0.7520955204963684,False,3,0.3333333333333333,1,"[0.138508, 0.148118, 0.225229, 0.238975, 0.24917]"
Actor,client,7,7021,7,M0,attack_member,evaluation,1,1,0.44302836060523987,0,0.6836628317832947,False,3,0.3333333333333333,0,"[0.086841, 0.220614, 0.225385, 0.223085, 0.244075]"
Actor,client,7,7038,7,M0,attack_member,evaluation,3,1,0.5281628966331482,0,0.8173993229866028,False,3,0.0,1,"[0.153853, 0.15334, 0.230173, 0.268215, 0.194419]"
Actor,client,7,7114,7,M0,attack_member,evaluation,3,1,0.7065147757530212,0,0.8173993229866028,False,0,,1,"[0.046026, 0.221099, 0.119473, 0.411577, 0.201825]"
Actor,client,7,7153,7,M0,attack_member,evaluation,4,1,0.3718196153640747,0,0.7520955204963684,False,3,0.3333333333333333,0,"[0.12157, 0.213718, 0.145729, 0.267299, 0.251685]"
Actor,client,7,7164,7,M0,attack_member,evaluation,4,1,0.7951992154121399,1,0.7520955204963684,False,0,,1,"[0.000234, 7.9e-05, 0.000232, 0.000791, 0.998665]"
Actor,client,7,7194,7,M0,attack_member,evaluation,1,1,0.529919445514679,0,0.6836628317832947,False,0,,1,"[0.129112, 0.252166, 0.234583, 0.210035, 0.174104]"
Actor,client,7,7209,7,M0,attack_member,evaluation,4,1,0.501528263092041,0,0.7520955204963684,False,1,0.0,1,"[0.176661, 0.147501, 0.230466, 0.19667, 0.248702]"
Actor,client,7,7223,7,M0,attack_member,evaluation,2,1,0.6962910294532776,0,0.7345184683799744,False,7,0.2857142857142857,1,"[0.066748, 0.092315, 0.363318, 0.194463, 0.283156]"
Actor,client,7,7302,7,M0,attack_member,evaluation,0,1,0.5135571956634521,0,0.5450589656829834,False,0,,0,"[0.210107, 0.246737, 0.140248, 0.204668, 0.19824]"
Actor,client,7,7316,7,M0,attack_member,evaluation,3,1,0.6410989761352539,0,0.8173993229866028,False,4,0.25,1,"[0.083443, 0.130066, 0.251737, 0.332752, 0.202003]"
Actor,client,7,7426,7,M0,attack_member,evaluation,1,1,0.3334929347038269,0,0.6836628317832947,False,5,0.0,0,"[0.152884, 0.17846, 0.207755, 0.256607, 0.204294]"
Actor,client,7,7518,7,M0,attack_member,evaluation,3,1,0.43769702315330505,0,0.8173993229866028,False,2,0.5,1,"[0.130129, 0.194539, 0.203052, 0.243, 0.22928]"
Actor,client,7,7531,7,M0,attack_member,evaluation,4,1,0.45794814825057983,0,0.7520955204963684,False,1,0.0,0,"[0.16341, 0.100843, 0.111584, 0.324964, 0.2992]"
Actor,client,7,7578,7,M0,attack_member,evaluation,2,1,0.3867158591747284,0,0.7345184683799744,False,5,0.2,0,"[0.105281, 0.182084, 0.225207, 0.231488, 0.25594]"
Actor,client,7,352,7,M0,attack_member,evaluation,1,1,0.67967289686203,0,0.6836628317832947,False,3,0.6666666666666666,1,"[0.086213, 0.322318, 0.196761, 0.161066, 0.233642]"
Actor,client,7,1501,7,M0,attack_member,evaluation,4,1,0.6235126852989197,0,0.7520955204963684,False,2,0.5,1,"[0.123846, 0.160292, 0.196647, 0.190782, 0.328433]"
Actor,client,7,1831,7,M0,attack_member,evaluation,1,1,0.37920942902565,0,0.6836628317832947,False,1,0.0,0,"[0.132451, 0.189088, 0.254675, 0.248798, 0.174988]"
Actor,client,7,2246,7,M0,attack_member,evaluation,3,1,0.41993260383605957,0,0.8173993229866028,False,4,0.25,0,"[0.194833, 0.234945, 0.169312, 0.232656, 0.168254]"
Actor,client,7,2487,7,M0,attack_member,evaluation,1,1,0.17339295148849487,0,0.6836628317832947,False,2,0.0,0,"[0.1628, 0.143057, 0.096281, 0.17969, 0.418172]"
Actor,client,7,2575,7,M0,attack_member,evaluation,4,1,0.28884148597717285,0,0.7520955204963684,False,1,0.0,0,"[0.181231, 0.18835, 0.217931, 0.228274, 0.184215]"
Actor,client,7,2602,7,M0,attack_member,evaluation,0,1,0.5192606449127197,0,0.5450589656829834,False,3,0.0,0,"[0.214579, 0.198817, 0.176272, 0.230739, 0.179594]"
Actor,client,7,2961,7,M0,attack_member,evaluation,4,1,0.5076207518577576,0,0.7520955204963684,False,1,0.0,0,"[0.090915, 0.123459, 0.21338, 0.288471, 0.283774]"
Actor,client,7,3053,7,M0,attack_member,evaluation,3,1,0.25223657488822937,0,0.8173993229866028,False,1,0.0,0,"[0.073563, 0.234128, 0.124922, 0.196737, 0.37065]"
Actor,client,7,3116,7,M0,attack_member,evaluation,3,1,0.13857556879520416,0,0.8173993229866028,False,5,0.2,0,"[0.047329, 0.062665, 0.070924, 0.145067, 0.674015]"
Actor,client,7,4193,7,M0,attack_member,evaluation,0,1,0.40599143505096436,0,0.5450589656829834,False,1,1.0,0,"[0.155602, 0.174982, 0.230391, 0.235076, 0.203949]"
Actor,client,7,4638,7,M0,attack_member,evaluation,4,1,0.4611680507659912,0,0.7520955204963684,False,5,0.2,1,"[0.233504, 0.231583, 0.088285, 0.167056, 0.279572]"
Actor,client,7,4791,7,M0,attack_member,evaluation,0,1,0.3411492705345154,0,0.5450589656829834,False,1,0.0,0,"[0.14775, 0.168645, 0.27829, 0.290744, 0.11457]"
Actor,client,7,5133,7,M0,attack_member,evaluation,3,1,0.4606558084487915,0,0.8173993229866028,False,2,0.5,0,"[0.119906, 0.164192, 0.254344, 0.244888, 0.21667]"
Actor,client,7,5200,7,M0,attack_member,evaluation,0,1,0.3518947660923004,0,0.5450589656829834,False,1,0.0,0,"[0.139289, 0.224076, 0.244714, 0.196826, 0.195095]"
Actor,client,7,5520,7,M0,attack_member,evaluation,4,1,0.4728010892868042,0,0.7520955204963684,False,6,0.16666666666666666,1,"[0.099844, 0.190616, 0.150554, 0.263156, 0.29583]"
Actor,client,7,6067,7,M0,attack_member,evaluation,1,1,0.42432916164398193,0,0.6836628317832947,False,3,0.0,1,"[0.179854, 0.228238, 0.177989, 0.205118, 0.208801]"
Actor,client,7,6456,7,M0,attack_member,evaluation,4,1,0.34434130787849426,0,0.7520955204963684,False,2,0.5,0,"[0.167154, 0.15768, 0.202868, 0.260365, 0.211933]"
Actor,client,7,5112,9,M0,attack_member,evaluation,2,1,0.21241536736488342,0,0.7345184683799744,False,0,,0,"[0.186533, 0.266272, 0.137621, 0.24157, 0.168003]"
Actor,client,7,5166,9,M0,attack_member,evaluation,3,1,0.8354132771492004,1,0.8173993229866028,False,0,,1,"[0.051311, 0.018063, 0.058177, 0.627097, 0.245351]"
Actor,client,7,5230,9,M0,attack_member,evaluation,2,1,0.5363316535949707,0,0.7345184683799744,False,4,0.25,1,"[0.126199, 0.207487, 0.290955, 0.200567, 0.174793]"
Actor,client,7,5252,9,M0,attack_member,evaluation,1,1,0.554818332195282,0,0.6836628317832947,False,0,,1,"[0.073567, 0.255339, 0.187538, 0.253761, 0.229796]"
Actor,client,7,5261,9,M0,attack_member,evaluation,3,1,0.5314199924468994,0,0.8173993229866028,False,1,0.0,1,"[0.147309, 0.1831, 0.256511, 0.269503, 0.143576]"
Actor,client,7,5345,9,M0,attack_member,evaluation,1,1,0.3815854787826538,0,0.6836628317832947,False,0,,0,"[0.199612, 0.198967, 0.1729, 0.268592, 0.15993]"
Actor,client,7,5347,9,M0,attack_member,evaluation,4,1,0.7409136295318604,0,0.7520955204963684,False,4,0.5,1,"[0.113526, 0.075834, 0.102421, 0.185053, 0.523167]"
Actor,client,7,5699,9,M0,attack_member,evaluation,4,1,0.7830108404159546,1,0.7520955204963684,False,0,,1,"[0.003782, 0.003233, 0.009089, 0.056278, 0.927619]"
Actor,client,7,5720,9,M0,attack_member,evaluation,3,1,0.4321874976158142,0,0.8173993229866028,False,2,0.5,0,"[0.062071, 0.070266, 0.102877, 0.256636, 0.50815]"
Actor,client,7,5788,9,M0,attack_member,evaluation,1,1,0.15935930609703064,0,0.6836628317832947,False,3,0.0,0,"[0.063572, 0.107136, 0.179275, 0.233502, 0.416516]"
Actor,client,7,5854,9,M0,attack_member,evaluation,1,1,0.4057164490222931,0,0.6836628317832947,False,1,0.0,0,"[0.115317, 0.210609, 0.298033, 0.170858, 0.205184]"
Actor,client,7,5898,9,M0,attack_member,evaluation,1,1,0.7068010568618774,1,0.6836628317832947,False,0,,1,"[0.063828, 0.294088, 0.226503, 0.292734, 0.122846]"
Actor,client,7,5904,9,M0,attack_member,evaluation,3,1,0.29470163583755493,0,0.8173993229866028,False,0,,0,"[0.185265, 0.046482, 0.150574, 0.180477, 0.437202]"
Actor,client,7,6037,9,M0,attack_member,evaluation,1,1,0.3463440537452698,0,0.6836628317832947,False,3,0.6666666666666666,0,"[0.068623, 0.186013, 0.208599, 0.237387, 0.299378]"
Actor,client,7,6048,9,M0,attack_member,evaluation,0,1,0.47285768389701843,0,0.5450589656829834,False,0,,0,"[0.21295, 0.229487, 0.211348, 0.214798, 0.131417]"
Actor,client,7,6124,9,M0,attack_member,evaluation,3,1,0.587614893913269,0,0.8173993229866028,False,1,0.0,1,"[0.13298, 0.16621, 0.220434, 0.300991, 0.179385]"
Actor,client,7,6278,9,M0,attack_member,evaluation,4,1,0.44190436601638794,0,0.7520955204963684,False,0,,0,"[0.065725, 0.052389, 0.220096, 0.392235, 0.269556]"
Actor,client,7,6293,9,M0,attack_member,evaluation,4,1,0.6473644375801086,0,0.7520955204963684,False,0,,1,"[0.1337, 0.101947, 0.088804, 0.245389, 0.430159]"
Actor,client,7,6324,9,M0,attack_member,evaluation,3,1,0.46013686060905457,0,0.8173993229866028,False,1,0.0,0,"[0.011337, 0.004424, 0.012866, 0.282173, 0.6892]"
Actor,client,7,6436,9,M0,attack_member,evaluation,4,1,0.20702850818634033,0,0.7520955204963684,False,2,0.0,0,"[0.200057, 0.244393, 0.179302, 0.214731, 0.161517]"
Actor,client,7,6488,9,M0,attack_member,evaluation,1,1,0.6922610998153687,1,0.6836628317832947,False,1,0.0,0,"[0.051023, 0.341459, 0.049684, 0.191511, 0.366324]"
Actor,client,7,6499,9,M0,attack_member,evaluation,4,1,0.26315805315971375,0,0.7520955204963684,False,0,,0,"[0.067811, 0.255851, 0.257116, 0.239812, 0.17941]"
Actor,client,7,6501,9,M0,attack_member,evaluation,4,1,0.2562631368637085,0,0.7520955204963684,False,1,0.0,0,"[0.290664, 0.155064, 0.196149, 0.194099, 0.164024]"
Actor,client,7,6539,9,M0,attack_member,evaluation,1,1,0.4857611060142517,0,0.6836628317832947,False,1,1.0,0,"[0.110302, 0.240218, 0.25808, 0.183391, 0.208009]"
Actor,client,7,6560,9,M0,attack_member,evaluation,4,1,0.7202048897743225,0,0.7520955204963684,False,1,1.0,1,"[0.028689, 0.084913, 0.031632, 0.164821, 0.689946]"
Actor,client,7,6623,9,M0,attack_member,evaluation,4,1,0.4189607799053192,0,0.7520955204963684,False,1,0.0,0,"[0.096366, 0.197837, 0.202788, 0.253179, 0.249829]"
Actor,client,7,6630,9,M0,attack_member,evaluation,4,1,0.18563444912433624,0,0.7520955204963684,False,0,,0,"[0.186533, 0.266272, 0.137621, 0.24157, 0.168003]"
Actor,client,7,6737,9,M0,attack_member,evaluation,2,1,0.6388412714004517,0,0.7345184683799744,False,2,0.0,1,"[0.10832, 0.153896, 0.335342, 0.186572, 0.215872]"
Actor,client,7,6758,9,M0,attack_member,evaluation,3,1,0.416730672121048,0,0.8173993229866028,False,1,0.0,0,"[0.120986, 0.179622, 0.220018, 0.233782, 0.245592]"
Actor,client,7,6796,9,M0,attack_member,evaluation,3,1,0.5370081663131714,0,0.8173993229866028,False,1,0.0,1,"[0.162456, 0.130953, 0.201265, 0.272527, 0.2328]"
Actor,client,7,6866,9,M0,attack_member,evaluation,0,1,0.603287935256958,1,0.5450589656829834,False,0,,1,"[0.264471, 0.208536, 0.191658, 0.160656, 0.174678]"
Actor,client,7,6869,9,M0,attack_member,evaluation,4,1,0.21055501699447632,0,0.7520955204963684,False,1,0.0,0,"[0.09164, 0.162713, 0.214613, 0.354684, 0.17635]"
Actor,client,7,6879,9,M0,attack_member,evaluation,2,1,0.6429158449172974,0,0.7345184683799744,False,1,1.0,1,"[0.068608, 0.282551, 0.355074, 0.16969, 0.124076]"
Actor,client,7,7049,9,M0,attack_member,evaluation,1,1,0.34680452942848206,0,0.6836628317832947,False,2,0.0,0,"[0.081707, 0.180428, 0.361329, 0.167302, 0.209235]"
Actor,client,7,7068,9,M0,attack_member,evaluation,4,1,0.7242940068244934,0,0.7520955204963684,False,0,,1,"[0.056723, 0.028112, 0.076894, 0.24231, 0.59596]"
Actor,client,7,7084,9,M0,attack_member,evaluation,4,1,0.2153349667787552,0,0.7520955204963684,False,1,0.0,0,"[0.031676, 0.135999, 0.192588, 0.439392, 0.200346]"
Actor,client,7,7103,9,M0,attack_member,evaluation,3,1,0.739048421382904,0,0.8173993229866028,False,0,,1,"[0.053447, 0.189958, 0.184775, 0.432676, 0.139144]"
Actor,client,7,7125,9,M0,attack_member,evaluation,2,1,0.27550244331359863,0,0.7345184683799744,False,1,0.0,0,"[0.184217, 0.130493, 0.160825, 0.201317, 0.323149]"
Actor,client,7,7129,9,M0,attack_member,evaluation,2,1,0.29744115471839905,0,0.7345184683799744,False,3,0.3333333333333333,0,"[0.086414, 0.160061, 0.183923, 0.25308, 0.316522]"
Actor,client,7,7138,9,M0,attack_member,evaluation,3,1,0.39487335085868835,0,0.8173993229866028,False,0,,0,"[0.087673, 0.170839, 0.339542, 0.215866, 0.18608]"
Actor,client,7,7162,9,M0,attack_member,evaluation,4,1,0.5445767045021057,0,0.7520955204963684,False,1,0.0,1,"[0.090142, 0.133576, 0.246418, 0.24889, 0.280975]"
Actor,client,7,7170,9,M0,attack_member,evaluation,3,1,0.4925439655780792,0,0.8173993229866028,False,1,0.0,1,"[0.202465, 0.181208, 0.183325, 0.253254, 0.179748]"
Actor,client,7,7219,9,M0,attack_member,evaluation,4,1,0.7490576505661011,0,0.7520955204963684,False,1,1.0,1,"[0.048175, 0.114436, 0.211016, 0.173112, 0.453262]"
Actor,client,7,7281,9,M0,attack_member,evaluation,4,1,0.4939783811569214,0,0.7520955204963684,False,2,0.0,0,"[0.15561, 0.126366, 0.260797, 0.216403, 0.240824]"
Actor,client,7,7330,9,M0,attack_member,evaluation,2,1,0.21241536736488342,0,0.7345184683799744,False,0,,0,"[0.186533, 0.266272, 0.137621, 0.24157, 0.168003]"
Actor,client,7,7432,9,M0,attack_member,evaluation,3,1,0.5088534951210022,0,0.8173993229866028,False,0,,0,"[0.153794, 0.11434, 0.184993, 0.263232, 0.283641]"
Actor,client,7,7434,9,M0,attack_member,evaluation,2,1,0.4434182345867157,0,0.7345184683799744,False,0,,1,"[0.161274, 0.186163, 0.245071, 0.222685, 0.184807]"
Actor,client,7,7445,9,M0,attack_member,evaluation,2,1,0.33989378809928894,0,0.7345184683799744,False,2,0.0,0,"[0.079603, 0.076137, 0.197098, 0.236655, 0.410508]"
Actor,client,7,7502,9,M0,attack_member,evaluation,3,1,0.4944271743297577,0,0.8173993229866028,False,1,0.0,1,"[0.170502, 0.241312, 0.128064, 0.270256, 0.189865]"
Actor,client,7,7549,9,M0,attack_member,evaluation,2,1,0.5265487432479858,0,0.7345184683799744,False,1,1.0,1,"[0.051177, 0.226594, 0.295914, 0.261842, 0.164472]"
Actor,client,7,7556,9,M0,attack_member,evaluation,1,1,0.2309032380580902,0,0.6836628317832947,False,2,0.0,0,"[0.088687, 0.118811, 0.24318, 0.302005, 0.247317]"
Actor,client,7,7583,9,M0,attack_member,evaluation,1,1,0.4072847366333008,0,0.6836628317832947,False,1,0.0,0,"[0.145118, 0.218142, 0.199588, 0.206004, 0.231148]"
Actor,client,7,456,9,M0,attack_member,evaluation,1,1,0.29894131422042847,0,0.6836628317832947,False,1,0.0,0,"[0.094121, 0.156586, 0.251209, 0.260472, 0.237612]"
Actor,client,7,554,9,M0,attack_member,evaluation,3,1,0.6844866275787354,0,0.8173993229866028,False,1,1.0,1,"[0.102375, 0.156825, 0.18269, 0.369273, 0.188838]"
Actor,client,7,651,9,M0,attack_member,evaluation,4,1,0.5745971202850342,0,0.7520955204963684,False,1,1.0,1,"[0.102664, 0.075369, 0.065966, 0.33157, 0.424431]"
Actor,client,7,1056,9,M0,attack_member,evaluation,4,1,0.37069183588027954,0,0.7520955204963684,False,2,0.5,1,"[0.188234, 0.20302, 0.162654, 0.217981, 0.22811]"
Actor,client,7,1415,9,M0,attack_member,evaluation,3,1,0.7809265851974487,0,0.8173993229866028,False,0,,1,"[0.058184, 0.099015, 0.192384, 0.480508, 0.169909]"
Actor,client,7,1998,9,M0,attack_member,evaluation,4,1,0.6931431889533997,0,0.7520955204963684,False,1,0.0,1,"[0.122623, 0.149924, 0.263425, 0.136887, 0.327142]"
Actor,client,7,2006,9,M0,attack_member,evaluation,2,1,0.3999635875225067,0,0.7345184683799744,False,1,0.0,1,"[0.205992, 0.191779, 0.222318, 0.200102, 0.179809]"
Actor,client,7,2027,9,M0,attack_member,evaluation,2,1,0.475391149520874,0,0.7345184683799744,False,3,0.3333333333333333,0,"[0.052437, 0.102061, 0.261748, 0.317816, 0.265939]"
Actor,client,7,2193,9,M0,attack_member,evaluation,3,1,0.3136822283267975,0,0.8173993229866028,False,1,0.0,0,"[0.074604, 0.121359, 0.164138, 0.207848, 0.432051]"
Actor,client,7,2361,9,M0,attack_member,evaluation,0,1,0.4356832504272461,0,0.5450589656829834,False,1,0.0,0,"[0.150919, 0.208726, 0.17568, 0.185421, 0.279253]"
Actor,client,7,2439,9,M0,attack_member,evaluation,0,1,0.46331754326820374,0,0.5450589656829834,False,1,0.0,0,"[0.195196, 0.238336, 0.194405, 0.189804, 0.182259]"
Actor,client,7,2652,9,M0,attack_member,evaluation,4,1,0.2588798403739929,0,0.7520955204963684,False,0,,0,"[0.129112, 0.252166, 0.234583, 0.210035, 0.174104]"
Actor,client,7,2665,9,M0,attack_member,evaluation,1,1,0.3833777606487274,0,0.6836628317832947,False,1,0.0,1,"[0.184762, 0.211124, 0.209324, 0.198729, 0.196061]"
Actor,client,7,3055,9,M0,attack_member,evaluation,4,1,0.2974500358104706,0,0.7520955204963684,False,1,0.0,0,"[0.159586, 0.207061, 0.256801, 0.199558, 0.176995]"
Actor,client,7,3344,9,M0,attack_member,evaluation,2,1,0.5772942900657654,0,0.7345184683799744,False,0,,1,"[0.225671, 0.084775, 0.287698, 0.192641, 0.209215]"
Actor,client,7,3624,9,M0,attack_member,evaluation,2,1,0.7074220776557922,0,0.7345184683799744,False,0,,1,"[0.095229, 0.266962, 0.386764, 0.189016, 0.062028]"
Actor,client,7,3859,9,M0,attack_member,evaluation,2,1,0.26345396041870117,0,0.7345184683799744,False,1,0.0,0,"[0.169443, 0.170631, 0.160326, 0.302085, 0.197516]"
Actor,client,7,3879,9,M0,attack_member,evaluation,4,1,0.4027474522590637,0,0.7520955204963684,False,1,1.0,0,"[0.096501, 0.087345, 0.065743, 0.418528, 0.331884]"
Actor,client,7,3890,9,M0,attack_member,evaluation,3,1,0.7247568964958191,0,0.8173993229866028,False,0,,1,"[0.130456, 0.140425, 0.202159, 0.394914, 0.132046]"
Actor,client,7,3944,9,M0,attack_member,evaluation,4,1,0.3491967022418976,0,0.7520955204963684,False,2,0.0,0,"[0.188927, 0.119433, 0.144702, 0.311956, 0.234982]"
Actor,client,7,4575,9,M0,attack_member,evaluation,4,1,0.6653731465339661,0,0.7520955204963684,False,1,0.0,1,"[0.084771, 0.150077, 0.125934, 0.206609, 0.432608]"
Actor,client,7,4586,9,M0,attack_member,evaluation,3,1,0.45841172337532043,0,0.8173993229866028,False,1,0.0,0,"[0.109603, 0.220602, 0.081851, 0.270893, 0.317051]"
Actor,client,7,4922,9,M0,attack_member,evaluation,4,1,0.4172532558441162,0,0.7520955204963684,False,2,0.0,0,"[0.086009, 0.118363, 0.300263, 0.276395, 0.218971]"
Actor,client,7,5035,9,M0,attack_member,evaluation,1,1,0.32392650842666626,0,0.6836628317832947,False,3,0.0,0,"[0.140386, 0.180109, 0.181471, 0.250827, 0.247208]"
Actor,client,7,5388,9,M0,attack_member,evaluation,2,1,0.5090009570121765,0,0.7345184683799744,False,1,1.0,1,"[0.108935, 0.168199, 0.276589, 0.205278, 0.240999]"
Actor,client,7,6036,9,M0,attack_member,evaluation,4,1,0.32217925786972046,0,0.7520955204963684,False,3,0.0,0,"[0.121677, 0.207327, 0.211831, 0.251651, 0.207513]"
Actor,client,7,6326,9,M0,attack_member,evaluation,1,1,0.3772630989551544,0,0.6836628317832947,False,1,0.0,0,"[0.130966, 0.185269, 0.190322, 0.300913, 0.19253]"
Actor,client,7,6576,9,M0,attack_member,evaluation,4,1,0.767170786857605,1,0.7520955204963684,False,0,,1,"[0.006745, 0.005893, 0.00268, 0.096054, 0.888629]"
Actor,client,7,6679,9,M0,attack_member,evaluation,1,1,0.7593527436256409,1,0.6836628317832947,False,2,0.5,1,"[0.130527, 0.342664, 0.128428, 0.259114, 0.139266]"
Actor,client,7,6764,9,M0,attack_member,evaluation,0,1,0.41534361243247986,0,0.5450589656829834,False,3,0.0,0,"[0.163323, 0.20701, 0.206508, 0.223935, 0.199223]"
Actor,client,7,6857,9,M0,attack_member,evaluation,1,1,0.3150610625743866,0,0.6836628317832947,False,0,,0,"[0.11433, 0.157509, 0.397596, 0.192512, 0.138053]"
Actor,client,7,6956,9,M0,attack_member,evaluation,1,1,0.44519004225730896,0,0.6836628317832947,False,3,0.3333333333333333,1,"[0.144589, 0.229335, 0.187738, 0.219429, 0.218908]"
Actor,client,7,6982,9,M0,attack_member,evaluation,2,1,0.2835819125175476,0,0.7345184683799744,False,3,0.0,0,"[0.19352, 0.200201, 0.170235, 0.215179, 0.220866]"
Actor,client,7,6984,9,M0,attack_member,evaluation,4,1,0.3974367380142212,0,0.7520955204963684,False,1,1.0,0,"[0.038129, 0.086737, 0.106032, 0.444227, 0.324875]"
Actor,client,7,7003,9,M0,attack_member,evaluation,3,1,0.5645015239715576,0,0.8173993229866028,False,2,0.5,1,"[0.1072, 0.088182, 0.233088, 0.28732, 0.28421]"
Actor,client,7,7060,9,M0,attack_member,evaluation,0,1,0.48227912187576294,0,0.5450589656829834,False,1,0.0,0,"[0.178709, 0.231991, 0.146084, 0.184807, 0.258409]"
Actor,client,7,7086,9,M0,attack_member,evaluation,2,1,0.5862314105033875,0,0.7345184683799744,False,2,0.0,1,"[0.073604, 0.101946, 0.308413, 0.281301, 0.234737]"
Actor,client,7,7135,9,M0,attack_member,evaluation,0,1,0.3689102232456207,0,0.5450589656829834,False,1,0.0,0,"[0.155192, 0.235546, 0.215531, 0.237805, 0.155927]"
Actor,client,7,7301,9,M0,attack_member,evaluation,4,1,0.3728862404823303,0,0.7520955204963684,False,2,0.0,1,"[0.193582, 0.19426, 0.1535, 0.226604, 0.232055]"
Actor,client,7,7370,9,M0,attack_member,evaluation,2,1,0.257280170917511,0,0.7345184683799744,False,1,0.0,0,"[0.073798, 0.113529, 0.161394, 0.336402, 0.314877]"
Actor,client,7,7386,9,M0,attack_member,evaluation,4,1,0.46277645230293274,0,0.7520955204963684,False,0,,0,"[0.12006, 0.079394, 0.174686, 0.344187, 0.281673]"
Actor,client,7,359,9,M0,attack_member,evaluation,1,1,0.32576462626457214,0,0.6836628317832947,False,1,0.0,0,"[0.173324, 0.184906, 0.197568, 0.227116, 0.217084]"
Actor,client,7,1048,9,M0,attack_member,evaluation,4,1,0.5426004528999329,0,0.7520955204963684,False,1,0.0,1,"[0.171265, 0.112096, 0.173318, 0.24959, 0.293731]"
Actor,client,7,1147,9,M0,attack_member,evaluation,2,1,0.7252947092056274,0,0.7345184683799744,False,0,,1,"[0.075843, 0.154277, 0.38694, 0.276716, 0.106224]"
Actor,client,7,1592,9,M0,attack_member,evaluation,1,1,0.5019521713256836,0,0.6836628317832947,False,3,0.3333333333333333,1,"[0.118866, 0.244244, 0.177518, 0.238655, 0.220717]"
Actor,client,7,2842,9,M0,attack_member,evaluation,1,1,0.3661070168018341,0,0.6836628317832947,False,0,,0,"[0.213895, 0.198686, 0.196327, 0.234814, 0.156279]"
Actor,client,7,2854,9,M0,attack_member,evaluation,1,1,0.16233231127262115,0,0.6836628317832947,False,4,0.0,0,"[0.02579, 0.117159, 0.058054, 0.271351, 0.527646]"
Actor,client,7,2889,9,M0,attack_member,evaluation,2,1,0.3888307213783264,0,0.7345184683799744,False,2,0.0,0,"[0.153884, 0.179811, 0.221152, 0.199068, 0.246085]"
Actor,client,7,2924,9,M0,attack_member,evaluation,4,1,0.6534106135368347,0,0.7520955204963684,False,1,0.0,1,"[0.083004, 0.150966, 0.180868, 0.209659, 0.375503]"
Actor,client,7,2994,9,M0,attack_member,evaluation,0,1,0.2782435119152069,0,0.5450589656829834,False,3,0.3333333333333333,0,"[0.126783, 0.2613, 0.281561, 0.216006, 0.11435]"
Actor,client,7,4020,9,M0,attack_member,evaluation,2,1,0.5423587560653687,0,0.7345184683799744,False,1,1.0,1,"[0.095337, 0.171889, 0.29318, 0.235022, 0.204572]"
Actor,client,7,4072,9,M0,attack_member,evaluation,3,1,0.7625911831855774,0,0.8173993229866028,False,1,0.0,1,"[0.035404, 0.044464, 0.241375, 0.445976, 0.232781]"
Actor,client,7,4223,9,M0,attack_member,evaluation,4,1,0.3958246409893036,0,0.7520955204963684,False,1,0.0,0,"[0.136497, 0.186354, 0.170126, 0.260027, 0.246996]"
Actor,client,7,4395,9,M0,attack_member,evaluation,0,1,0.48506292700767517,0,0.5450589656829834,False,0,,0,"[0.138387, 0.083717, 0.191685, 0.225634, 0.360576]"
Actor,client,7,5091,9,M0,attack_member,evaluation,3,1,0.41026750206947327,0,0.8173993229866028,False,3,0.0,0,"[0.130405, 0.200263, 0.259257, 0.226317, 0.183758]"
Actor,client,7,5120,9,M0,attack_member,evaluation,3,1,0.6524548530578613,0,0.8173993229866028,False,1,0.0,1,"[0.102542, 0.178034, 0.203338, 0.346004, 0.170082]"
Actor,client,7,5272,9,M0,attack_member,evaluation,3,1,0.483706533908844,0,0.8173993229866028,False,3,0.0,1,"[0.154056, 0.204334, 0.142518, 0.264546, 0.234546]"
Actor,client,7,5374,9,M0,attack_member,evaluation,2,1,0.3922275900840759,0,0.7345184683799744,False,2,0.0,0,"[0.15059, 0.183816, 0.223404, 0.208764, 0.233425]"
Actor,client,7,5544,9,M0,attack_member,evaluation,3,1,0.48914676904678345,0,0.8173993229866028,False,5,0.2,1,"[0.117974, 0.190328, 0.169752, 0.268428, 0.253518]"
Actor,client,7,5709,9,M0,attack_member,evaluation,0,1,0.4702434539794922,0,0.5450589656829834,False,1,0.0,0,"[0.18396, 0.216078, 0.19375, 0.177214, 0.228998]"
Actor,client,7,5825,9,M0,attack_member,evaluation,3,1,0.5336065292358398,0,0.8173993229866028,False,2,0.0,1,"[0.135658, 0.13943, 0.17048, 0.280042, 0.274391]"
Actor,client,7,6504,9,M0,attack_member,evaluation,3,1,0.8054420351982117,0,0.8173993229866028,False,1,0.0,1,"[0.027453, 0.053747, 0.200845, 0.532231, 0.185723]"
Actor,client,7,7043,9,M0,attack_member,evaluation,3,1,0.711818516254425,0,0.8173993229866028,False,0,,1,"[0.151976, 0.177215, 0.166779, 0.38585, 0.11818]"
Actor,client,7,3321,0,M0,attack_nonmember,evaluation,2,0,0.28605785965919495,0,0.7345184683799744,False,3,0.3333333333333333,0,"[0.134422, 0.20491, 0.177551, 0.232299, 0.250818]"
Actor,client,7,3447,0,M0,attack_nonmember,evaluation,1,0,0.35565900802612305,0,0.6836628317832947,False,2,0.0,0,"[0.216672, 0.206598, 0.216069, 0.176259, 0.184402]"
Actor,client,7,3460,0,M0,attack_nonmember,evaluation,3,0,0.35530880093574524,0,0.8173993229866028,False,1,0.0,0,"[0.155787, 0.225066, 0.182779, 0.213687, 0.22268]"
Actor,client,7,3466,0,M0,attack_nonmember,evaluation,4,0,0.2531856298446655,0,0.7520955204963684,False,1,0.0,0,"[0.152448, 0.205515, 0.243812, 0.230136, 0.168088]"
Actor,client,7,3471,0,M0,attack_nonmember,evaluation,2,0,0.3990895748138428,0,0.7345184683799744,False,0,,0,"[0.111056, 0.150875, 0.227255, 0.232271, 0.278544]"
Actor,client,7,3486,0,M0,attack_nonmember,evaluation,2,0,0.3332231640815735,0,0.7345184683799744,False,0,,0,"[0.121808, 0.275014, 0.206677, 0.103087, 0.293414]"
Actor,client,7,3547,0,M0,attack_nonmember,evaluation,1,0,0.16036076843738556,0,0.6836628317832947,False,4,0.0,0,"[0.118374, 0.100281, 0.166922, 0.275911, 0.338512]"
Actor,client,7,3633,0,M0,attack_nonmember,evaluation,0,0,0.3395369350910187,0,0.5450589656829834,False,0,,0,"[0.144789, 0.264568, 0.162007, 0.308241, 0.120396]"
Actor,client,7,3639,0,M0,attack_nonmember,evaluation,1,0,0.205514594912529,0,0.6836628317832947,False,3,0.3333333333333333,0,"[0.05617, 0.093002, 0.163282, 0.404033, 0.283513]"
Actor,client,7,3827,0,M0,attack_nonmember,evaluation,2,0,0.20755130052566528,0,0.7345184683799744,False,0,,0,"[0.184085, 0.196266, 0.128884, 0.23172, 0.259044]"
Actor,client,7,3840,0,M0,attack_nonmember,evaluation,4,0,0.7853278517723083,1,0.7520955204963684,False,0,,1,"[0.000227, 0.000709, 0.004845, 0.042645, 0.951574]"
Actor,client,7,3863,0,M0,attack_nonmember,evaluation,0,0,0.5976872444152832,1,0.5450589656829834,False,0,,0,"[0.241325, 0.149043, 0.106104, 0.349127, 0.154401]"
Actor,client,7,3878,0,M0,attack_nonmember,evaluation,3,0,0.7240976095199585,0,0.8173993229866028,False,0,,1,"[0.051511, 0.049182, 0.346172, 0.3852, 0.167935]"
Actor,client,7,3904,0,M0,attack_nonmember,evaluation,2,0,0.3534344732761383,0,0.7345184683799744,False,2,0.0,0,"[0.165236, 0.153649, 0.202325, 0.254756, 0.224034]"
Actor,client,7,3917,0,M0,attack_nonmember,evaluation,4,0,0.06049632281064987,0,0.7520955204963684,False,0,,0,"[0.017135, 0.099267, 0.325093, 0.488572, 0.069933]"
Actor,client,7,3939,0,M0,attack_nonmember,evaluation,2,0,0.4912310540676117,0,0.7345184683799744,False,3,0.0,1,"[0.134137, 0.161352, 0.266219, 0.264633, 0.173659]"
Actor,client,7,3989,0,M0,attack_nonmember,evaluation,1,0,0.40300384163856506,0,0.6836628317832947,False,0,,0,"[0.164219, 0.199132, 0.258907, 0.241472, 0.13627]"
Actor,client,7,4044,0,M0,attack_nonmember,evaluation,2,0,0.18090233206748962,0,0.7345184683799744,False,4,0.25,0,"[0.10743, 0.158143, 0.116416, 0.318453, 0.299558]"
Actor,client,7,4308,0,M0,attack_nonmember,evaluation,1,0,0.33526208996772766,0,0.6836628317832947,False,3,0.0,0,"[0.119099, 0.18333, 0.169742, 0.260168, 0.267661]"
Actor,client,7,4322,0,M0,attack_nonmember,evaluation,1,0,0.2735312581062317,0,0.6836628317832947,False,0,,0,"[0.033344, 0.143124, 0.208974, 0.295045, 0.319514]"
Actor,client,7,4339,0,M0,attack_nonmember,evaluation,1,0,0.5278461575508118,0,0.6836628317832947,False,0,,0,"[0.148775, 0.240195, 0.232565, 0.257817, 0.120648]"
Actor,client,7,4346,0,M0,attack_nonmember,evaluation,4,0,0.4936394691467285,0,0.7520955204963684,False,1,0.0,1,"[0.157953, 0.183214, 0.145216, 0.225203, 0.288414]"
Actor,client,7,4541,0,M0,attack_nonmember,evaluation,1,0,0.39156708121299744,0,0.6836628317832947,False,0,,0,"[0.132315, 0.201271, 0.281498, 0.200526, 0.18439]"
Actor,client,7,4610,0,M0,attack_nonmember,evaluation,3,0,0.6578518152236938,0,0.8173993229866028,False,4,0.0,1,"[0.079231, 0.152118, 0.082974, 0.366278, 0.319398]"
Actor,client,7,4650,0,M0,attack_nonmember,evaluation,2,0,0.31389811635017395,0,0.7345184683799744,False,1,1.0,0,"[0.131754, 0.188696, 0.190061, 0.238845, 0.250643]"
Actor,client,7,4651,0,M0,attack_nonmember,evaluation,4,0,0.5398266911506653,0,0.7520955204963684,False,5,0.4,1,"[0.072103, 0.184343, 0.114434, 0.265194, 0.363926]"
Actor,client,7,4654,0,M0,attack_nonmember,evaluation,0,0,0.172338604927063,0,0.5450589656829834,False,0,,0,"[0.03873, 0.231554, 0.367562, 0.165858, 0.196295]"
Actor,client,7,4710,0,M0,attack_nonmember,evaluation,1,0,0.30533286929130554,0,0.6836628317832947,False,3,0.3333333333333333,0,"[0.123703, 0.165539, 0.187529, 0.276064, 0.247164]"
Actor,client,7,4740,0,M0,attack_nonmember,evaluation,1,0,0.37553125619888306,0,0.6836628317832947,False,2,0.5,0,"[0.124176, 0.184348, 0.234113, 0.274661, 0.182702]"
Actor,client,7,4882,0,M0,attack_nonmember,evaluation,3,0,0.33665886521339417,0,0.8173993229866028,False,2,0.0,0,"[0.082946, 0.253681, 0.176805, 0.221332, 0.265236]"
Actor,client,7,4900,0,M0,attack_nonmember,evaluation,1,0,0.6087378859519958,0,0.6836628317832947,False,1,0.0,1,"[0.118951, 0.290903, 0.136789, 0.221482, 0.231875]"
Actor,client,7,4972,0,M0,attack_nonmember,evaluation,4,0,0.562967836856842,0,0.7520955204963684,False,2,0.5,1,"[0.134952, 0.188504, 0.215657, 0.175483, 0.285404]"
Actor,client,7,5003,0,M0,attack_nonmember,evaluation,4,0,0.6142831444740295,0,0.7520955204963684,False,1,1.0,1,"[0.119044, 0.175577, 0.20136, 0.182289, 0.32173]"
Actor,client,7,5010,0,M0,attack_nonmember,evaluation,4,0,0.4047927260398865,0,0.7520955204963684,False,1,1.0,1,"[0.130353, 0.216284, 0.178087, 0.229543, 0.245732]"
Actor,client,7,5032,0,M0,attack_nonmember,evaluation,2,0,0.4112270176410675,0,0.7345184683799744,False,1,0.0,0,"[0.091836, 0.089315, 0.22914, 0.291178, 0.298531]"
Actor,client,7,5042,0,M0,attack_nonmember,evaluation,2,0,0.24132373929023743,0,0.7345184683799744,False,2,0.5,0,"[0.080982, 0.191355, 0.157851, 0.239511, 0.330302]"
Actor,client,7,5144,0,M0,attack_nonmember,evaluation,2,0,0.44100019335746765,0,0.7345184683799744,False,1,1.0,1,"[0.168634, 0.190406, 0.243372, 0.171603, 0.225984]"
Actor,client,7,5308,0,M0,attack_nonmember,evaluation,4,0,0.24038013815879822,0,0.7520955204963684,False,0,,0,"[0.259264, 0.333883, 0.125328, 0.106319, 0.175205]"
Actor,client,7,5415,0,M0,attack_nonmember,evaluation,4,0,0.5019840598106384,0,0.7520955204963684,False,1,0.0,1,"[0.100914, 0.105086, 0.060023, 0.35072, 0.383257]"
Actor,client,7,5513,0,M0,attack_nonmember,evaluation,3,0,0.44236722588539124,0,0.8173993229866028,False,4,0.25,0,"[0.097801, 0.149488, 0.205323, 0.246869, 0.30052]"
Actor,client,7,5649,0,M0,attack_nonmember,evaluation,3,0,0.5189178586006165,0,0.8173993229866028,False,2,0.5,1,"[0.127935, 0.184956, 0.159419, 0.279682, 0.248008]"
Actor,client,7,5772,0,M0,attack_nonmember,evaluation,4,0,0.4512820243835449,0,0.7520955204963684,False,3,0.3333333333333333,0,"[0.142781, 0.143783, 0.199396, 0.259886, 0.254153]"
Actor,client,7,5811,0,M0,attack_nonmember,evaluation,4,0,0.6800736784934998,0,0.7520955204963684,False,10,0.6,1,"[0.049888, 0.130182, 0.173249, 0.224202, 0.422479]"
Actor,client,7,5880,0,M0,attack_nonmember,evaluation,0,0,0.4597949683666229,0,0.5450589656829834,False,1,0.0,0,"[0.196005, 0.180482, 0.251183, 0.206504, 0.165825]"
Actor,client,7,5948,0,M0,attack_nonmember,evaluation,1,0,0.33057501912117004,0,0.6836628317832947,False,2,0.5,0,"[0.097456, 0.178323, 0.261458, 0.215033, 0.24773]"
Actor,client,7,6075,0,M0,attack_nonmember,evaluation,3,0,0.48902133107185364,0,0.8173993229866028,False,2,1.0,1,"[0.114623, 0.19598, 0.212376, 0.26404, 0.212981]"
Actor,client,7,6078,0,M0,attack_nonmember,evaluation,2,0,0.30389511585235596,0,0.7345184683799744,False,0,,0,"[0.180417, 0.122596, 0.175089, 0.26148, 0.260419]"
Actor,client,7,6176,0,M0,attack_nonmember,evaluation,2,0,0.4189719557762146,0,0.7345184683799744,False,0,,0,"[0.042043, 0.306127, 0.256799, 0.214453, 0.180579]"
Actor,client,7,6255,0,M0,attack_nonmember,evaluation,1,0,0.4465276896953583,0,0.6836628317832947,False,0,,0,"[0.256391, 0.247883, 0.199684, 0.150665, 0.145378]"
Actor,client,7,6258,0,M0,attack_nonmember,evaluation,3,0,0.25383925437927246,0,0.8173993229866028,False,5,0.4,0,"[0.076657, 0.273638, 0.14666, 0.19651, 0.306535]"
Actor,client,7,6279,0,M0,attack_nonmember,evaluation,4,0,0.38678210973739624,0,0.7520955204963684,False,1,0.0,1,"[0.156749, 0.211369, 0.052402, 0.281806, 0.297673]"
Actor,client,7,6323,0,M0,attack_nonmember,evaluation,3,0,0.32994529604911804,0,0.8173993229866028,False,3,0.0,0,"[0.173519, 0.231606, 0.205718, 0.199316, 0.189841]"
Actor,client,7,6371,0,M0,attack_nonmember,evaluation,3,0,0.4608437716960907,0,0.8173993229866028,False,5,0.2,1,"[0.148457, 0.194257, 0.203244, 0.248531, 0.205511]"
Actor,client,7,6423,0,M0,attack_nonmember,evaluation,4,0,0.35013625025749207,0,0.7520955204963684,False,2,0.5,0,"[0.092766, 0.160754, 0.173326, 0.330095, 0.243059]"
Actor,client,7,6468,0,M0,attack_nonmember,evaluation,2,0,0.5258696675300598,0,0.7345184683799744,False,4,0.25,1,"[0.119679, 0.208417, 0.287244, 0.240406, 0.144254]"
Actor,client,7,6644,0,M0,attack_nonmember,evaluation,2,0,0.46051153540611267,0,0.7345184683799744,False,2,0.0,1,"[0.125854, 0.179654, 0.254992, 0.199181, 0.240318]"
Actor,client,7,6766,0,M0,attack_nonmember,evaluation,3,0,0.5641151070594788,0,0.8173993229866028,False,2,0.0,1,"[0.106222, 0.16448, 0.15504, 0.302306, 0.271953]"
Actor,client,7,6777,0,M0,attack_nonmember,evaluation,4,0,0.4744614064693451,0,0.7520955204963684,False,2,0.5,1,"[0.195804, 0.20319, 0.165926, 0.176407, 0.258673]"
Actor,client,7,6797,0,M0,attack_nonmember,evaluation,2,0,0.11179118603467941,0,0.7345184683799744,False,1,0.0,0,"[0.081768, 0.049959, 0.051055, 0.177861, 0.639357]"
Actor,client,7,6820,0,M0,attack_nonmember,evaluation,3,0,0.6323084235191345,0,0.8173993229866028,False,1,0.0,1,"[0.103318, 0.211666, 0.119301, 0.3462, 0.219515]"
Actor,client,7,6954,0,M0,attack_nonmember,evaluation,1,0,0.527316153049469,0,0.6836628317832947,False,0,,1,"[0.213468, 0.261155, 0.226967, 0.183961, 0.114451]"
Actor,client,7,6992,0,M0,attack_nonmember,evaluation,0,0,0.29438644647598267,0,0.5450589656829834,False,0,,0,"[0.123462, 0.263238, 0.253538, 0.204144, 0.155618]"
Actor,client,7,7072,0,M0,attack_nonmember,evaluation,4,0,0.25739172101020813,0,0.7520955204963684,False,6,0.0,0,"[0.136056, 0.165689, 0.220341, 0.294936, 0.182978]"
Actor,client,7,7094,0,M0,attack_nonmember,evaluation,2,0,0.36324542760849,0,0.7345184683799744,False,0,,0,"[0.143059, 0.205412, 0.213687, 0.276767, 0.161075]"
Actor,client,7,7249,0,M0,attack_nonmember,evaluation,3,0,0.392924427986145,0,0.8173993229866028,False,2,0.0,0,"[0.196901, 0.189645, 0.235121, 0.211565, 0.166767]"
Actor,client,7,7307,0,M0,attack_nonmember,evaluation,2,0,0.4449823200702667,0,0.7345184683799744,False,1,0.0,0,"[0.120841, 0.239847, 0.254921, 0.261582, 0.122809]"
Actor,client,7,7334,0,M0,attack_nonmember,evaluation,4,0,0.41762515902519226,0,0.7520955204963684,False,2,0.0,1,"[0.135742, 0.236747, 0.19367, 0.19346, 0.240381]"
Actor,client,7,7422,0,M0,attack_nonmember,evaluation,1,0,0.5702489018440247,0,0.6836628317832947,False,2,0.5,0,"[0.092797, 0.263437, 0.153707, 0.264678, 0.225382]"
Actor,client,7,0,1,M0,attack_nonmember,evaluation,3,0,0.5171085596084595,0,0.8173993229866028,False,2,0.5,1,"[0.116319, 0.227694, 0.182711, 0.280971, 0.192305]"
Actor,client,7,11,1,M0,attack_nonmember,evaluation,1,0,0.40600088238716125,0,0.6836628317832947,False,1,1.0,0,"[0.128617, 0.200237, 0.211296, 0.267294, 0.192556]"
Actor,client,7,84,1,M0,attack_nonmember,evaluation,3,0,0.599232017993927,0,0.8173993229866028,False,4,0.5,1,"[0.095404, 0.177168, 0.190369, 0.318032, 0.219027]"
Actor,client,7,209,1,M0,attack_nonmember,evaluation,4,0,0.7593186497688293,1,0.7520955204963684,False,0,,1,"[0.023171, 0.045037, 0.049434, 0.137159, 0.745199]"
Actor,client,7,282,1,M0,attack_nonmember,evaluation,2,0,0.4499068856239319,0,0.7345184683799744,False,3,0.0,0,"[0.123905, 0.143391, 0.247655, 0.26964, 0.215409]"
Actor,client,7,301,1,M0,attack_nonmember,evaluation,2,0,0.22411765158176422,0,0.7345184683799744,False,0,,0,"[0.382423, 0.185434, 0.118219, 0.123224, 0.190699]"
Actor,client,7,369,1,M0,attack_nonmember,evaluation,1,0,0.5689997673034668,0,0.6836628317832947,False,0,,1,"[0.134168, 0.2763, 0.232509, 0.168353, 0.18867]"
Actor,client,7,491,1,M0,attack_nonmember,evaluation,2,0,0.42739734053611755,0,0.7345184683799744,False,2,0.0,0,"[0.077804, 0.101748, 0.238841, 0.327579, 0.254027]"
Actor,client,7,500,1,M0,attack_nonmember,evaluation,2,0,0.3491782248020172,0,0.7345184683799744,False,3,0.6666666666666666,0,"[0.08721, 0.194848, 0.211995, 0.332886, 0.173061]"
Actor,client,7,530,1,M0,attack_nonmember,evaluation,1,0,0.40434029698371887,0,0.6836628317832947,False,0,,0,"[0.0639, 0.193903, 0.219624, 0.279725, 0.242848]"
Actor,client,7,559,1,M0,attack_nonmember,evaluation,2,0,0.3585110604763031,0,0.7345184683799744,False,2,0.0,0,"[0.137153, 0.188747, 0.210832, 0.308086, 0.155182]"
Actor,client,7,581,1,M0,attack_nonmember,evaluation,1,0,0.5439168810844421,0,0.6836628317832947,False,0,,0,"[0.107233, 0.250352, 0.32336, 0.179417, 0.139639]"
Actor,client,7,614,1,M0,attack_nonmember,evaluation,2,0,0.5355709791183472,0,0.7345184683799744,False,5,0.6,1,"[0.137154, 0.15901, 0.285243, 0.280518, 0.138075]"
Actor,client,7,698,1,M0,attack_nonmember,evaluation,2,0,0.44992172718048096,0,0.7345184683799744,False,0,,0,"[0.136246, 0.128769, 0.244994, 0.251233, 0.238757]"
Actor,client,7,711,1,M0,attack_nonmember,evaluation,4,0,0.28760430216789246,0,0.7520955204963684,False,2,0.0,0,"[0.153754, 0.159018, 0.22952, 0.270676, 0.187033]"
Actor,client,7,960,1,M0,attack_nonmember,evaluation,2,0,0.48956674337387085,0,0.7345184683799744,False,4,0.25,1,"[0.087013, 0.177846, 0.271469, 0.259387, 0.204284]"
Actor,client,7,966,1,M0,attack_nonmember,evaluation,0,0,0.43441545963287354,0,0.5450589656829834,False,1,0.0,0,"[0.175316, 0.159063, 0.27397, 0.1932, 0.19845]"
Actor,client,7,1005,1,M0,attack_nonmember,evaluation,2,0,0.2587950825691223,0,0.7345184683799744,False,0,,0,"[0.058557, 0.14869, 0.166796, 0.356342, 0.269616]"
Actor,client,7,1015,1,M0,attack_nonmember,evaluation,1,0,0.47730058431625366,0,0.6836628317832947,False,0,,0,"[0.141375, 0.216332, 0.156548, 0.332419, 0.153326]"
Actor,client,7,1034,1,M0,attack_nonmember,evaluation,2,0,0.3474864959716797,0,0.7345184683799744,False,2,0.0,0,"[0.177302, 0.186099, 0.20137, 0.24987, 0.185359]"
Actor,client,7,1106,1,M0,attack_nonmember,evaluation,4,0,0.28537148237228394,0,0.7520955204963684,False,1,0.0,0,"[0.151647, 0.192629, 0.257177, 0.223141, 0.175406]"
Actor,client,7,1138,1,M0,attack_nonmember,evaluation,0,0,0.29050177335739136,0,0.5450589656829834,False,4,0.0,0,"[0.118704, 0.183742, 0.32161, 0.224231, 0.151712]"
Actor,client,7,1180,1,M0,attack_nonmember,evaluation,4,0,0.7689917683601379,1,0.7520955204963684,False,1,1.0,1,"[0.063707, 0.088396, 0.179994, 0.164509, 0.503394]"
Actor,client,7,1189,1,M0,attack_nonmember,evaluation,2,0,0.381808876991272,0,0.7345184683799744,False,1,0.0,0,"[0.111413, 0.137059, 0.2188, 0.288009, 0.244718]"
Actor,client,7,1207,1,M0,attack_nonmember,evaluation,3,0,0.624910295009613,0,0.8173993229866028,False,0,,0,"[0.110156, 0.102081, 0.10316, 0.334263, 0.35034]"
Actor,client,7,1223,1,M0,attack_nonmember,evaluation,1,0,0.13989970088005066,0,0.6836628317832947,False,1,0.0,0,"[0.095925, 0.077293, 0.241144, 0.267637, 0.318001]"
Actor,client,7,1238,1,M0,attack_nonmember,evaluation,2,0,0.3686985671520233,0,0.7345184683799744,False,0,,0,"[0.21295, 0.229487, 0.211348, 0.214798, 0.131417]"
Actor,client,7,1260,1,M0,attack_nonmember,evaluation,4,0,0.16790907084941864,0,0.7520955204963684,False,0,,0,"[0.079572, 0.202989, 0.207092, 0.3501, 0.160247]"
Actor,client,7,1576,1,M0,attack_nonmember,evaluation,2,0,0.4261755645275116,0,0.7345184683799744,False,3,0.0,1,"[0.150871, 0.155577, 0.235725, 0.227347, 0.230481]"
Actor,client,7,1595,1,M0,attack_nonmember,evaluation,4,0,0.4605499505996704,0,0.7520955204963684,False,1,1.0,0,"[0.110586, 0.112416, 0.144449, 0.33478, 0.29777]"
Actor,client,7,1654,1,M0,attack_nonmember,evaluation,2,0,0.16159512102603912,0,0.7345184683799744,False,1,0.0,0,"[0.248509, 0.121446, 0.084266, 0.110203, 0.435576]"
Actor,client,7,1743,1,M0,attack_nonmember,evaluation,2,0,0.29717758297920227,0,0.7345184683799744,False,5,0.2,0,"[0.110089, 0.146595, 0.180506, 0.263429, 0.299381]"
Actor,client,7,1759,1,M0,attack_nonmember,evaluation,3,0,0.5351167917251587,0,0.8173993229866028,False,0,,1,"[0.03192, 0.275901, 0.263406, 0.296656, 0.132117]"
Actor,client,7,1788,1,M0,attack_nonmember,evaluation,1,0,0.19919802248477936,0,0.6836628317832947,False,2,0.0,0,"[0.190348, 0.157293, 0.133038, 0.158725, 0.360596]"
Actor,client,7,1969,1,M0,attack_nonmember,evaluation,3,0,0.3559921085834503,0,0.8173993229866028,False,3,0.3333333333333333,0,"[0.133862, 0.219188, 0.225899, 0.211719, 0.209331]"
Actor,client,7,1975,1,M0,attack_nonmember,evaluation,2,0,0.4363889694213867,0,0.7345184683799744,False,1,0.0,0,"[0.08409, 0.195927, 0.249606, 0.150518, 0.319858]"
Actor,client,7,2062,1,M0,attack_nonmember,evaluation,1,0,0.18964695930480957,0,0.6836628317832947,False,0,,0,"[0.026778, 0.071428, 0.24008, 0.408233, 0.253481]"
Actor,client,7,2069,1,M0,attack_nonmember,evaluation,0,0,0.4267129600048065,0,0.5450589656829834,False,0,,0,"[0.202474, 0.257829, 0.242352, 0.181321, 0.116023]"
Actor,client,7,2109,1,M0,attack_nonmember,evaluation,4,0,0.5832873582839966,0,0.7520955204963684,False,1,0.0,1,"[0.111741, 0.238433, 0.15952, 0.159653, 0.330653]"
Actor,client,7,2118,1,M0,attack_nonmember,evaluation,4,0,0.1568305939435959,0,0.7520955204963684,False,1,0.0,0,"[0.154989, 0.180625, 0.207179, 0.313566, 0.143641]"
Actor,client,7,2130,1,M0,attack_nonmember,evaluation,3,0,0.5459585785865784,0,0.8173993229866028,False,1,1.0,1,"[0.12508, 0.174707, 0.171842, 0.289491, 0.23888]"
Actor,client,7,2204,1,M0,attack_nonmember,evaluation,1,0,0.2637517750263214,0,0.6836628317832947,False,2,0.0,0,"[0.215996, 0.156036, 0.188036, 0.254013, 0.185919]"
Actor,client,7,2237,1,M0,attack_nonmember,evaluation,1,0,0.3006625473499298,0,0.6836628317832947,False,1,0.0,0,"[0.125301, 0.163286, 0.261932, 0.23203, 0.21745]"
Actor,client,7,2380,1,M0,attack_nonmember,evaluation,3,0,0.36523526906967163,0,0.8173993229866028,False,0,,0,"[0.114679, 0.236902, 0.201183, 0.222331, 0.224905]"
Actor,client,7,2455,1,M0,attack_nonmember,evaluation,3,0,0.33855560421943665,0,0.8173993229866028,False,3,0.0,0,"[0.151536, 0.239506, 0.244566, 0.201554, 0.162837]"
Actor,client,7,2485,1,M0,attack_nonmember,evaluation,2,0,0.44410139322280884,0,0.7345184683799744,False,0,,0,"[0.105716, 0.100332, 0.243303, 0.333532, 0.217117]"
Actor,client,7,2515,1,M0,attack_nonmember,evaluation,2,0,0.26562583446502686,0,0.7345184683799744,False,3,0.3333333333333333,0,"[0.16409, 0.108266, 0.155849, 0.21774, 0.354054]"
Actor,client,7,2519,1,M0,attack_nonmember,evaluation,4,0,0.7698163986206055,1,0.7520955204963684,False,0,,1,"[0.015109, 0.043197, 0.142598, 0.188255, 0.610841]"
Actor,client,7,2578,1,M0,attack_nonmember,evaluation,4,0,0.45963892340660095,0,0.7520955204963684,False,0,,1,"[0.053268, 0.202756, 0.133284, 0.293697, 0.316994]"
Actor,client,7,2593,1,M0,attack_nonmember,evaluation,4,0,0.7365278601646423,0,0.7520955204963684,False,2,1.0,1,"[0.068047, 0.115337, 0.094272, 0.154957, 0.567387]"
Actor,client,7,2789,1,M0,attack_nonmember,evaluation,4,0,0.722774088382721,0,0.7520955204963684,False,1,0.0,1,"[0.01595, 0.045683, 0.135001, 0.256482, 0.546884]"
Actor,client,7,2869,1,M0,attack_nonmember,evaluation,4,0,0.7516564726829529,0,0.7520955204963684,False,0,,1,"[0.034343, 0.191, 0.300687, 0.092314, 0.381656]"
Actor,client,7,2973,1,M0,attack_nonmember,evaluation,3,0,0.7141141295433044,0,0.8173993229866028,False,3,0.3333333333333333,1,"[0.070634, 0.189023, 0.121593, 0.410532, 0.208219]"
Actor,client,7,3077,1,M0,attack_nonmember,evaluation,3,0,0.6615806221961975,0,0.8173993229866028,False,4,0.5,1,"[0.07823, 0.204085, 0.241605, 0.354107, 0.121973]"
Actor,client,7,3230,1,M0,attack_nonmember,evaluation,4,0,0.20410645008087158,0,0.7520955204963684,False,0,,0,"[0.244029, 0.194571, 0.239002, 0.184869, 0.137531]"
Actor,client,7,3283,1,M0,attack_nonmember,evaluation,4,0,0.287629097700119,0,0.7520955204963684,False,1,0.0,0,"[0.128214, 0.247644, 0.26338, 0.18586, 0.174901]"
Actor,client,7,77,2,M0,attack_nonmember,evaluation,3,0,0.3636316657066345,0,0.8173993229866028,False,1,0.0,0,"[0.15958, 0.172114, 0.237, 0.205945, 0.225362]"
Actor,client,7,363,2,M0,attack_nonmember,evaluation,3,0,0.31744489073753357,0,0.8173993229866028,False,1,1.0,0,"[0.111051, 0.184982, 0.391157, 0.178717, 0.134093]"
Actor,client,7,414,2,M0,attack_nonmember,evaluation,0,0,0.21758273243904114,0,0.5450589656829834,False,2,0.0,0,"[0.059167, 0.138397, 0.372727, 0.227515, 0.202194]"
Actor,client,7,839,2,M0,attack_nonmember,evaluation,3,0,0.3088648021221161,0,0.8173993229866028,False,2,0.5,0,"[0.114314, 0.180309, 0.358071, 0.178963, 0.168343]"
Actor,client,7,972,2,M0,attack_nonmember,evaluation,0,0,0.48876097798347473,0,0.5450589656829834,False,1,0.0,0,"[0.043781, 0.033658, 0.067207, 0.185947, 0.669407]"
Actor,client,7,1011,2,M0,attack_nonmember,evaluation,4,0,0.5861890912055969,0,0.7520955204963684,False,1,1.0,1,"[0.168808, 0.122306, 0.215571, 0.204302, 0.289013]"
Actor,client,7,1024,2,M0,attack_nonmember,evaluation,0,0,0.26999399065971375,0,0.5450589656829834,False,1,0.0,0,"[0.118408, 0.192545, 0.386789, 0.158573, 0.143685]"
Actor,client,7,1057,2,M0,attack_nonmember,evaluation,2,0,0.2530319094657898,0,0.7345184683799744,False,1,0.0,0,"[0.124594, 0.205648, 0.161154, 0.20957, 0.299034]"
Actor,client,7,1129,2,M0,attack_nonmember,evaluation,0,0,0.347554087638855,0,0.5450589656829834,False,1,0.0,0,"[0.148392, 0.203234, 0.298917, 0.185042, 0.164415]"
Actor,client,7,1151,2,M0,attack_nonmember,evaluation,3,0,0.36724036931991577,0,0.8173993229866028,False,2,0.5,0,"[0.090737, 0.167352, 0.292031, 0.211213, 0.238667]"
Actor,client,7,1232,2,M0,attack_nonmember,evaluation,1,0,0.17090357840061188,0,0.6836628317832947,False,2,0.0,0,"[0.047179, 0.093553, 0.373921, 0.194368, 0.29098]"
Actor,client,7,1274,2,M0,attack_nonmember,evaluation,2,0,0.753031313419342,1,0.7345184683799744,False,2,0.0,1,"[0.094219, 0.138936, 0.401, 0.195718, 0.170128]"
Actor,client,7,1606,2,M0,attack_nonmember,evaluation,3,0,0.20959284901618958,0,0.8173993229866028,False,1,1.0,0,"[0.083894, 0.195335, 0.455351, 0.13363, 0.13179]"
Actor,client,7,1675,2,M0,attack_nonmember,evaluation,2,0,0.6495835781097412,0,0.7345184683799744,False,1,0.0,1,"[0.078406, 0.15374, 0.343728, 0.204766, 0.219361]"
Actor,client,7,1715,2,M0,attack_nonmember,evaluation,0,0,0.25317317247390747,0,0.5450589656829834,False,1,0.0,0,"[0.104291, 0.205066, 0.374856, 0.156348, 0.159438]"
Actor,client,7,1894,2,M0,attack_nonmember,evaluation,3,0,0.3148990869522095,0,0.8173993229866028,False,1,0.0,0,"[0.128701, 0.192409, 0.302909, 0.186518, 0.189463]"
Actor,client,7,2120,2,M0,attack_nonmember,evaluation,4,0,0.25399070978164673,0,0.7520955204963684,False,1,0.0,0,"[0.12068, 0.193224, 0.376504, 0.172698, 0.136894]"
Actor,client,7,2220,2,M0,attack_nonmember,evaluation,2,0,0.4451637864112854,0,0.7345184683799744,False,1,0.0,0,"[0.147225, 0.173849, 0.245714, 0.187201, 0.246011]"
Actor,client,7,2224,2,M0,attack_nonmember,evaluation,1,0,0.34377992153167725,0,0.6836628317832947,False,0,,0,"[0.239883, 0.204538, 0.224759, 0.16391, 0.16691]"
Actor,client,7,2395,2,M0,attack_nonmember,evaluation,4,0,0.19782760739326477,0,0.7520955204963684,False,2,0.0,0,"[0.099854, 0.21954, 0.293982, 0.245761, 0.140863]"
Actor,client,7,2408,2,M0,attack_nonmember,evaluation,4,0,0.7782565355300903,1,0.7520955204963684,False,0,,1,"[0.00154, 0.005345, 0.008276, 0.066911, 0.917928]"
Actor,client,7,2469,2,M0,attack_nonmember,evaluation,3,0,0.25547266006469727,0,0.8173993229866028,False,1,1.0,0,"[0.10561, 0.180962, 0.414787, 0.153226, 0.145415]"
Actor,client,7,2557,2,M0,attack_nonmember,evaluation,4,0,0.5915824770927429,0,0.7520955204963684,False,1,0.0,1,"[0.086044, 0.221951, 0.219238, 0.163166, 0.309601]"
Actor,client,7,2686,2,M0,attack_nonmember,evaluation,3,0,0.25651687383651733,0,0.8173993229866028,False,1,1.0,0,"[0.098238, 0.227007, 0.332711, 0.167914, 0.17413]"
Actor,client,7,3080,2,M0,attack_nonmember,evaluation,4,0,0.4277372360229492,0,0.7520955204963684,False,1,0.0,0,"[0.102985, 0.167086, 0.272192, 0.232424, 0.225314]"
Actor,client,7,3144,2,M0,attack_nonmember,evaluation,4,0,0.4165933430194855,0,0.7520955204963684,False,4,0.0,0,"[0.147217, 0.304688, 0.202672, 0.116573, 0.22885]"
Actor,client,7,3247,2,M0,attack_nonmember,evaluation,4,0,0.28633302450180054,0,0.7520955204963684,False,1,0.0,0,"[0.111978, 0.108804, 0.459797, 0.18597, 0.13345]"
Actor,client,7,3345,2,M0,attack_nonmember,evaluation,3,0,0.32223057746887207,0,0.8173993229866028,False,1,1.0,0,"[0.117725, 0.182835, 0.327928, 0.187201, 0.184311]"
Actor,client,7,4351,2,M0,attack_nonmember,evaluation,2,0,0.4245312809944153,0,0.7345184683799744,False,1,0.0,1,"[0.196524, 0.210449, 0.235749, 0.205437, 0.151842]"
Actor,client,7,4424,2,M0,attack_nonmember,evaluation,3,0,0.32967302203178406,0,0.8173993229866028,False,1,1.0,0,"[0.124638, 0.166846, 0.33539, 0.186845, 0.186281]"
Actor,client,7,4483,2,M0,attack_nonmember,evaluation,1,0,0.4086298644542694,0,0.6836628317832947,False,1,0.0,0,"[0.113929, 0.198359, 0.362012, 0.184317, 0.141384]"
Actor,client,7,4590,2,M0,attack_nonmember,evaluation,3,0,0.35698002576828003,0,0.8173993229866028,False,1,1.0,0,"[0.089067, 0.172698, 0.384229, 0.196583, 0.157422]"
Actor,client,7,4656,2,M0,attack_nonmember,evaluation,2,0,0.7083415389060974,0,0.7345184683799744,False,1,0.0,1,"[0.104248, 0.179246, 0.37639, 0.19247, 0.147646]"
Actor,client,7,4726,2,M0,attack_nonmember,evaluation,4,0,0.15438991785049438,0,0.7520955204963684,False,0,,0,"[0.207964, 0.228238, 0.233493, 0.208125, 0.12218]"
Actor,client,7,4731,2,M0,attack_nonmember,evaluation,3,0,0.3850853443145752,0,0.8173993229866028,False,2,0.5,0,"[0.093328, 0.102062, 0.464368, 0.191441, 0.1488]"
Actor,client,7,4908,2,M0,attack_nonmember,evaluation,4,0,0.28485727310180664,0,0.7520955204963684,False,1,0.0,0,"[0.083243, 0.203339, 0.263568, 0.264711, 0.185138]"
Actor,client,7,5273,2,M0,attack_nonmember,evaluation,3,0,0.1728992611169815,0,0.8173993229866028,False,1,1.0,0,"[0.114342, 0.238871, 0.352755, 0.12751, 0.166523]"
Actor,client,7,5564,2,M0,attack_nonmember,evaluation,1,0,0.3930038809776306,0,0.6836628317832947,False,1,0.0,0,"[0.114226, 0.192279, 0.375732, 0.178848, 0.138915]"
Actor,client,7,5607,2,M0,attack_nonmember,evaluation,3,0,0.17497004568576813,0,0.8173993229866028,False,1,1.0,0,"[0.093208, 0.21985, 0.322715, 0.134545, 0.229681]"
Actor,client,7,5711,2,M0,attack_nonmember,evaluation,4,0,0.12133951485157013,0,0.7520955204963684,False,1,0.0,0,"[0.213268, 0.275255, 0.113788, 0.258129, 0.13956]"
Actor,client,7,5746,2,M0,attack_nonmember,evaluation,1,0,0.33625537157058716,0,0.6836628317832947,False,1,1.0,0,"[0.163164, 0.173787, 0.209814, 0.279091, 0.174145]"
Actor,client,7,5747,2,M0,attack_nonmember,evaluation,3,0,0.21086619794368744,0,0.8173993229866028,False,1,1.0,0,"[0.09621, 0.20903, 0.366231, 0.144316, 0.184212]"
Actor,client,7,5879,2,M0,attack_nonmember,evaluation,4,0,0.5439143180847168,0,0.7520955204963684,False,1,0.0,1,"[0.172872, 0.181325, 0.205279, 0.167921, 0.272602]"
Actor,client,7,6148,2,M0,attack_nonmember,evaluation,2,0,0.4630691707134247,0,0.7345184683799744,False,2,0.0,1,"[0.107593, 0.190939, 0.258872, 0.19729, 0.245305]"
Actor,client,7,6166,2,M0,attack_nonmember,evaluation,1,0,0.2545727491378784,0,0.6836628317832947,False,4,0.0,0,"[0.064119, 0.157651, 0.242105, 0.185892, 0.350233]"
Actor,client,7,6328,2,M0,attack_nonmember,evaluation,1,0,0.38019120693206787,0,0.6836628317832947,False,1,0.0,0,"[0.128287, 0.191628, 0.391372, 0.155204, 0.133509]"
Actor,client,7,6629,2,M0,attack_nonmember,evaluation,4,0,0.383927583694458,0,0.7520955204963684,False,1,0.0,0,"[0.151466, 0.18649, 0.310045, 0.162713, 0.189286]"
Actor,client,7,6645,2,M0,attack_nonmember,evaluation,2,0,0.7613290548324585,1,0.7345184683799744,False,1,0.0,1,"[0.1012, 0.199867, 0.413132, 0.15207, 0.133732]"
Actor,client,7,6702,2,M0,attack_nonmember,evaluation,4,0,0.12044339627027512,0,0.7520955204963684,False,0,,0,"[0.025548, 0.248684, 0.066655, 0.466169, 0.192945]"
Actor,client,7,6778,2,M0,attack_nonmember,evaluation,1,0,0.3840673267841339,0,0.6836628317832947,False,1,0.0,0,"[0.12229, 0.192809, 0.380199, 0.162273, 0.142429]"
Actor,client,7,6785,2,M0,attack_nonmember,evaluation,4,0,0.4639880061149597,0,0.7520955204963684,False,1,0.0,0,"[0.077492, 0.161831, 0.375391, 0.176604, 0.208682]"
Actor,client,7,6893,2,M0,attack_nonmember,evaluation,2,0,0.4773465394973755,0,0.7345184683799744,False,1,0.0,1,"[0.144348, 0.205436, 0.263156, 0.212538, 0.174522]"
Actor,client,7,6894,2,M0,attack_nonmember,evaluation,1,0,0.3320554792881012,0,0.6836628317832947,False,1,0.0,0,"[0.080196, 0.163358, 0.466467, 0.148895, 0.141082]"
Actor,client,7,7085,2,M0,attack_nonmember,evaluation,0,0,0.2594427764415741,0,0.5450589656829834,False,1,0.0,0,"[0.11327, 0.182633, 0.406078, 0.156707, 0.141312]"
Actor,client,7,7185,2,M0,attack_nonmember,evaluation,2,0,0.7139816880226135,0,0.7345184683799744,False,1,0.0,1,"[0.095866, 0.221017, 0.385266, 0.171601, 0.126249]"
Actor,client,7,7234,2,M0,attack_nonmember,evaluation,1,0,0.3363475203514099,0,0.6836628317832947,False,2,0.0,0,"[0.081321, 0.156356, 0.380297, 0.237188, 0.144839]"
Actor,client,7,699,3,M0,attack_nonmember,evaluation,4,0,0.535209059715271,0,0.7520955204963684,False,1,0.0,0,"[0.072273, 0.16901, 0.272598, 0.217728, 0.268391]"
Actor,client,7,777,3,M0,attack_nonmember,evaluation,0,0,0.25488683581352234,0,0.5450589656829834,False,0,,0,"[0.018594, 0.038467, 0.094239, 0.59241, 0.256289]"
Actor,client,7,844,3,M0,attack_nonmember,evaluation,4,0,0.793377697467804,1,0.7520955204963684,False,0,,1,"[3.3e-05, 0.000187, 0.000361, 0.007614, 0.991805]"
Actor,client,7,974,3,M0,attack_nonmember,evaluation,4,0,0.5087093114852905,0,0.7520955204963684,False,1,1.0,1,"[0.11773, 0.154279, 0.144365, 0.27234, 0.311286]"
Actor,client,7,994,3,M0,attack_nonmember,evaluation,4,0,0.7831559181213379,1,0.7520955204963684,False,1,1.0,1,"[0.005013, 0.016166, 0.067517, 0.115208, 0.796096]"
Actor,client,7,1047,3,M0,attack_nonmember,evaluation,1,0,0.3983442187309265,0,0.6836628317832947,False,1,1.0,0,"[0.109187, 0.181762, 0.259398, 0.299707, 0.149946]"
Actor,client,7,1466,3,M0,attack_nonmember,evaluation,3,0,0.5304852724075317,0,0.8173993229866028,False,3,0.0,0,"[0.029038, 0.051678, 0.119056, 0.2972, 0.503028]"
Actor,client,7,1488,3,M0,attack_nonmember,evaluation,2,0,0.39424124360084534,0,0.7345184683799744,False,1,0.0,1,"[0.158026, 0.226255, 0.227567, 0.213433, 0.17472]"
Actor,client,7,1502,3,M0,attack_nonmember,evaluation,3,0,0.45992791652679443,0,0.8173993229866028,False,1,0.0,0,"[0.195797, 0.132768, 0.261977, 0.228984, 0.180473]"
Actor,client,7,1555,3,M0,attack_nonmember,evaluation,2,0,0.15749353170394897,0,0.7345184683799744,False,0,,0,"[0.079783, 0.152117, 0.101497, 0.305433, 0.361171]"
Actor,client,7,1721,3,M0,attack_nonmember,evaluation,3,0,0.3696078956127167,0,0.8173993229866028,False,1,0.0,0,"[0.204278, 0.204356, 0.225567, 0.204235, 0.161565]"
Actor,client,7,1777,3,M0,attack_nonmember,evaluation,3,0,0.2465653270483017,0,0.8173993229866028,False,2,0.0,0,"[0.166117, 0.321151, 0.1705, 0.179248, 0.162984]"
Actor,client,7,1830,3,M0,attack_nonmember,evaluation,0,0,0.4794098436832428,0,0.5450589656829834,False,2,0.0,0,"[0.190005, 0.193722, 0.16978, 0.255889, 0.190604]"
Actor,client,7,2003,3,M0,attack_nonmember,evaluation,3,0,0.5875276923179626,0,0.8173993229866028,False,2,0.0,1,"[0.129699, 0.175035, 0.263666, 0.296866, 0.134734]"
Actor,client,7,2513,3,M0,attack_nonmember,evaluation,4,0,0.4360552430152893,0,0.7520955204963684,False,4,0.0,0,"[0.138626, 0.153966, 0.146444, 0.286283, 0.27468]"
Actor,client,7,2590,3,M0,attack_nonmember,evaluation,2,0,0.6052668690681458,0,0.7345184683799744,False,0,,1,"[0.206419, 0.181738, 0.312443, 0.164479, 0.134921]"
Actor,client,7,2592,3,M0,attack_nonmember,evaluation,3,0,0.38024839758872986,0,0.8173993229866028,False,1,1.0,0,"[0.189523, 0.209747, 0.268855, 0.20531, 0.126566]"
Actor,client,7,2608,3,M0,attack_nonmember,evaluation,3,0,0.4243009388446808,0,0.8173993229866028,False,0,,0,"[0.186533, 0.266272, 0.137621, 0.24157, 0.168003]"
Actor,client,7,2667,3,M0,attack_nonmember,evaluation,2,0,0.7567930221557617,1,0.7345184683799744,False,0,,0,"[0.014955, 0.045139, 0.401715, 0.41416, 0.12403]"
Actor,client,7,2837,3,M0,attack_nonmember,evaluation,3,0,0.381196528673172,0,0.8173993229866028,False,3,0.3333333333333333,0,"[0.147911, 0.208186, 0.254724, 0.214105, 0.175074]"
Actor,client,7,2847,3,M0,attack_nonmember,evaluation,3,0,0.3974684774875641,0,0.8173993229866028,False,2,0.5,0,"[0.201653, 0.181022, 0.172078, 0.219741, 0.225506]"
Actor,client,7,2883,3,M0,attack_nonmember,evaluation,1,0,0.32156825065612793,0,0.6836628317832947,False,1,0.0,0,"[0.118162, 0.181478, 0.149767, 0.259388, 0.291205]"
Actor,client,7,2977,3,M0,attack_nonmember,evaluation,4,0,0.4070521891117096,0,0.7520955204963684,False,2,0.5,0,"[0.118744, 0.198952, 0.240144, 0.217064, 0.225096]"
Actor,client,7,3018,3,M0,attack_nonmember,evaluation,4,0,0.7995361089706421,1,0.7520955204963684,False,1,0.0,1,"[0.030961, 0.021466, 0.054422, 0.060165, 0.832986]"
Actor,client,7,3038,3,M0,attack_nonmember,evaluation,4,0,0.6535772085189819,0,0.7520955204963684,False,1,0.0,1,"[0.144102, 0.130176, 0.215533, 0.183535, 0.326654]"
Actor,client,7,3063,3,M0,attack_nonmember,evaluation,1,0,0.30955737829208374,0,0.6836628317832947,False,3,0.3333333333333333,0,"[0.11985, 0.163243, 0.199347, 0.284262, 0.233298]"
Actor,client,7,3098,3,M0,attack_nonmember,evaluation,3,0,0.6786242127418518,0,0.8173993229866028,False,2,0.0,1,"[0.061872, 0.137633, 0.273992, 0.360075, 0.166428]"
Actor,client,7,3297,3,M0,attack_nonmember,evaluation,3,0,0.4741368591785431,0,0.8173993229866028,False,1,0.0,1,"[0.143567, 0.173012, 0.205932, 0.252662, 0.224827]"
Actor,client,7,3383,3,M0,attack_nonmember,evaluation,2,0,0.16773799061775208,0,0.7345184683799744,False,0,,0,"[0.053278, 0.158861, 0.112854, 0.383855, 0.291151]"
Actor,client,7,3452,3,M0,attack_nonmember,evaluation,1,0,0.27412936091423035,0,0.6836628317832947,False,1,0.0,0,"[0.204529, 0.167075, 0.219787, 0.206347, 0.202262]"
Actor,client,7,3552,3,M0,attack_nonmember,evaluation,4,0,0.20270560681819916,0,0.7520955204963684,False,1,0.0,0,"[0.137599, 0.126039, 0.24081, 0.336725, 0.158828]"
Actor,client,7,3556,3,M0,attack_nonmember,evaluation,4,0,0.5630147457122803,0,0.7520955204963684,False,4,0.0,1,"[0.152394, 0.155185, 0.140324, 0.227546, 0.324551]"
Actor,client,7,3601,3,M0,attack_nonmember,evaluation,4,0,0.567145586013794,0,0.7520955204963684,False,3,0.3333333333333333,1,"[0.035842, 0.134228, 0.156554, 0.304803, 0.368573]"
Actor,client,7,3634,3,M0,attack_nonmember,evaluation,1,0,0.3279600143432617,0,0.6836628317832947,False,0,,0,"[0.135562, 0.168564, 0.234942, 0.270023, 0.190909]"
Actor,client,7,3659,3,M0,attack_nonmember,evaluation,2,0,0.4241759479045868,0,0.7345184683799744,False,6,0.5,0,"[0.077787, 0.138067, 0.240486, 0.284465, 0.259195]"
Actor,client,7,3724,3,M0,attack_nonmember,evaluation,1,0,0.430181086063385,0,0.6836628317832947,False,1,0.0,0,"[0.149493, 0.217011, 0.209432, 0.235754, 0.188309]"
Actor,client,7,3892,3,M0,attack_nonmember,evaluation,2,0,0.3852843642234802,0,0.7345184683799744,False,0,,0,"[0.163868, 0.252906, 0.225638, 0.229567, 0.128021]"
Actor,client,7,4006,3,M0,attack_nonmember,evaluation,4,0,0.1406281739473343,0,0.7520955204963684,False,0,,0,"[0.213468, 0.261155, 0.226967, 0.183961, 0.114451]"
Actor,client,7,4021,3,M0,attack_nonmember,evaluation,4,0,0.7585541605949402,1,0.7520955204963684,False,4,0.75,1,"[0.018344, 0.056902, 0.161868, 0.205456, 0.55743]"
Actor,client,7,4123,3,M0,attack_nonmember,evaluation,4,0,0.31940263509750366,0,0.7520955204963684,False,1,0.0,0,"[0.122566, 0.170021, 0.191416, 0.299026, 0.216971]"
Actor,client,7,4180,3,M0,attack_nonmember,evaluation,3,0,0.5922951102256775,0,0.8173993229866028,False,1,0.0,1,"[0.223458, 0.177023, 0.214375, 0.288903, 0.096239]"
Actor,client,7,4198,3,M0,attack_nonmember,evaluation,2,0,0.18382896482944489,0,0.7345184683799744,False,5,0.0,0,"[0.081431, 0.253851, 0.128519, 0.290668, 0.245531]"
Actor,client,7,4277,3,M0,attack_nonmember,evaluation,0,0,0.46152642369270325,0,0.5450589656829834,False,1,0.0,0,"[0.199419, 0.244124, 0.175089, 0.229626, 0.151742]"
Actor,client,7,4363,3,M0,attack_nonmember,evaluation,1,0,0.608513593673706,0,0.6836628317832947,False,1,1.0,1,"[0.175066, 0.283665, 0.16964, 0.235238, 0.136391]"
Actor,client,7,4502,3,M0,attack_nonmember,evaluation,1,0,0.42820584774017334,0,0.6836628317832947,False,2,0.0,0,"[0.154667, 0.213941, 0.119761, 0.3008, 0.210831]"
Actor,client,7,4522,3,M0,attack_nonmember,evaluation,4,0,0.7714013457298279,1,0.7520955204963684,False,1,1.0,1,"[0.078594, 0.102991, 0.080366, 0.098466, 0.639583]"
Actor,client,7,4533,3,M0,attack_nonmember,evaluation,1,0,0.13597093522548676,0,0.6836628317832947,False,5,0.0,0,"[0.089019, 0.086669, 0.179923, 0.255708, 0.38868]"
Actor,client,7,4549,3,M0,attack_nonmember,evaluation,2,0,0.45743057131767273,0,0.7345184683799744,False,4,0.25,0,"[0.072824, 0.131895, 0.255489, 0.391463, 0.148329]"
Actor,client,7,4566,3,M0,attack_nonmember,evaluation,3,0,0.09313599020242691,0,0.8173993229866028,False,3,0.0,0,"[0.085208, 0.046692, 0.137524, 0.098618, 0.631958]"
Actor,client,7,4609,3,M0,attack_nonmember,evaluation,2,0,0.5338379740715027,0,0.7345184683799744,False,0,,0,"[0.090835, 0.033656, 0.276658, 0.294974, 0.303878]"
Actor,client,7,4671,3,M0,attack_nonmember,evaluation,0,0,0.1831180602312088,0,0.5450589656829834,False,0,,0,"[0.056255, 0.1858, 0.416884, 0.184677, 0.156385]"
Actor,client,7,4773,3,M0,attack_nonmember,evaluation,4,0,0.34447768330574036,0,0.7520955204963684,False,2,0.5,0,"[0.158404, 0.163757, 0.164343, 0.284778, 0.228718]"
Actor,client,7,4790,3,M0,attack_nonmember,evaluation,1,0,0.42195358872413635,0,0.6836628317832947,False,0,,0,"[0.10243, 0.184492, 0.134487, 0.396931, 0.181659]"
Actor,client,7,4946,3,M0,attack_nonmember,evaluation,4,0,0.3905855417251587,0,0.7520955204963684,False,2,0.0,0,"[0.1281, 0.177627, 0.247471, 0.230134, 0.216668]"
Actor,client,7,5036,3,M0,attack_nonmember,evaluation,1,0,0.3468995988368988,0,0.6836628317832947,False,1,0.0,0,"[0.189846, 0.18871, 0.224675, 0.227743, 0.169025]"
Actor,client,7,5069,3,M0,attack_nonmember,evaluation,3,0,0.412676602602005,0,0.8173993229866028,False,2,0.0,0,"[0.166336, 0.25134, 0.228635, 0.228369, 0.125321]"
Actor,client,7,260,4,M0,attack_nonmember,evaluation,2,0,0.27999597787857056,0,0.7345184683799744,False,2,0.5,0,"[0.175289, 0.203737, 0.170344, 0.205604, 0.245027]"
Actor,client,7,263,4,M0,attack_nonmember,evaluation,4,0,0.7557317614555359,1,0.7520955204963684,False,0,,1,"[0.021366, 0.026422, 0.093896, 0.198904, 0.659411]"
Actor,client,7,326,4,M0,attack_nonmember,evaluation,3,0,0.49184611439704895,0,0.8173993229866028,False,2,0.0,0,"[0.09605, 0.138441, 0.205829, 0.265233, 0.294448]"
Actor,client,7,333,4,M0,attack_nonmember,evaluation,2,0,0.3394179344177246,0,0.7345184683799744,False,1,0.0,0,"[0.155255, 0.18667, 0.199518, 0.219154, 0.239402]"
Actor,client,7,453,4,M0,attack_nonmember,evaluation,1,0,0.1290130466222763,0,0.6836628317832947,False,1,0.0,0,"[0.110002, 0.0838, 0.116022, 0.287923, 0.402254]"
Actor,client,7,663,4,M0,attack_nonmember,evaluation,1,0,0.5339714884757996,0,0.6836628317832947,False,1,0.0,1,"[0.181891, 0.2605, 0.150978, 0.238469, 0.168163]"
Actor,client,7,770,4,M0,attack_nonmember,evaluation,3,0,0.6561628580093384,0,0.8173993229866028,False,8,0.0,1,"[0.065217, 0.186624, 0.191424, 0.357512, 0.199223]"
Actor,client,7,860,4,M0,attack_nonmember,evaluation,3,0,0.7185243964195251,0,0.8173993229866028,False,8,0.125,1,"[0.047614, 0.074708, 0.190882, 0.401029, 0.285766]"
Actor,client,7,919,4,M0,attack_nonmember,evaluation,3,0,0.17987075448036194,0,0.8173993229866028,False,2,1.0,0,"[0.200474, 0.337417, 0.105311, 0.154266, 0.202532]"
Actor,client,7,1012,4,M0,attack_nonmember,evaluation,4,0,0.6928797364234924,0,0.7520955204963684,False,1,0.0,1,"[0.127531, 0.140774, 0.106724, 0.17635, 0.44862]"
Actor,client,7,1098,4,M0,attack_nonmember,evaluation,4,0,0.6345362067222595,0,0.7520955204963684,False,1,1.0,1,"[0.191294, 0.189577, 0.134602, 0.139677, 0.34485]"
Actor,client,7,1620,4,M0,attack_nonmember,evaluation,1,0,0.4660347104072571,0,0.6836628317832947,False,3,0.3333333333333333,0,"[0.140622, 0.227643, 0.230992, 0.226867, 0.173877]"
Actor,client,7,1677,4,M0,attack_nonmember,evaluation,4,0,0.5375504493713379,0,0.7520955204963684,False,2,0.5,1,"[0.133502, 0.16078, 0.217809, 0.210792, 0.277117]"
Actor,client,7,1760,4,M0,attack_nonmember,evaluation,1,0,0.8054661154747009,1,0.6836628317832947,False,0,,1,"[0.103133, 0.389004, 0.202602, 0.124844, 0.180416]"
Actor,client,7,1775,4,M0,attack_nonmember,evaluation,3,0,0.49281951785087585,0,0.8173993229866028,False,1,1.0,0,"[0.110385, 0.110917, 0.230095, 0.258356, 0.290246]"
Actor,client,7,1819,4,M0,attack_nonmember,evaluation,4,0,0.491584837436676,0,0.7520955204963684,False,3,0.3333333333333333,1,"[0.117071, 0.171995, 0.148996, 0.261901, 0.300037]"
Actor,client,7,2209,4,M0,attack_nonmember,evaluation,2,0,0.3172512948513031,0,0.7345184683799744,False,2,0.0,0,"[0.06857, 0.100657, 0.190325, 0.301952, 0.338496]"
Actor,client,7,2291,4,M0,attack_nonmember,evaluation,3,0,0.698677122592926,0,0.8173993229866028,False,0,,0,"[0.038434, 0.071592, 0.054048, 0.400968, 0.434958]"
Actor,client,7,2357,4,M0,attack_nonmember,evaluation,3,0,0.43802136182785034,0,0.8173993229866028,False,0,,1,"[0.158881, 0.228091, 0.218667, 0.238589, 0.155772]"
Actor,client,7,2446,4,M0,attack_nonmember,evaluation,3,0,0.566218376159668,0,0.8173993229866028,False,3,0.6666666666666666,0,"[0.058887, 0.11726, 0.294228, 0.29107, 0.238556]"
Actor,client,7,2566,4,M0,attack_nonmember,evaluation,3,0,0.41768312454223633,0,0.8173993229866028,False,7,0.14285714285714285,0,"[0.068858, 0.08303, 0.128705, 0.24788, 0.471527]"
Actor,client,7,2596,4,M0,attack_nonmember,evaluation,2,0,0.36267396807670593,0,0.7345184683799744,False,6,0.5,0,"[0.103126, 0.141733, 0.211835, 0.332161, 0.211145]"
Actor,client,7,2630,4,M0,attack_nonmember,evaluation,3,0,0.5048010349273682,0,0.8173993229866028,False,3,0.6666666666666666,1,"[0.174266, 0.181126, 0.213547, 0.259104, 0.171957]"
Actor,client,7,2651,4,M0,attack_nonmember,evaluation,0,0,0.3596154749393463,0,0.5450589656829834,False,1,0.0,0,"[0.14868, 0.21708, 0.224167, 0.255219, 0.154853]"
Actor,client,7,2684,4,M0,attack_nonmember,evaluation,4,0,0.5483354926109314,0,0.7520955204963684,False,3,0.3333333333333333,1,"[0.097821, 0.12993, 0.256318, 0.24018, 0.27575]"
Actor,client,7,2954,4,M0,attack_nonmember,evaluation,0,0,0.20217789709568024,0,0.5450589656829834,False,0,,0,"[0.082469, 0.291857, 0.349286, 0.134614, 0.141775]"
Actor,client,7,3046,4,M0,attack_nonmember,evaluation,4,0,0.6706439852714539,0,0.7520955204963684,False,0,,1,"[0.062163, 0.16697, 0.190132, 0.191184, 0.389551]"
Actor,client,7,3049,4,M0,attack_nonmember,evaluation,3,0,0.23872224986553192,0,0.8173993229866028,False,5,0.0,0,"[0.040037, 0.122354, 0.108398, 0.192098, 0.537113]"
Actor,client,7,3091,4,M0,attack_nonmember,evaluation,4,0,0.3334577977657318,0,0.7520955204963684,False,1,0.0,0,"[0.177273, 0.192268, 0.225718, 0.208772, 0.195969]"
Actor,client,7,3220,4,M0,attack_nonmember,evaluation,4,0,0.25593557953834534,0,0.7520955204963684,False,5,0.0,0,"[0.134609, 0.142683, 0.143422, 0.365914, 0.213371]"
Actor,client,7,3245,4,M0,attack_nonmember,evaluation,3,0,0.4793260991573334,0,0.8173993229866028,False,1,0.0,1,"[0.193448, 0.164534, 0.213656, 0.244784, 0.183579]"
Actor,client,7,3253,4,M0,attack_nonmember,evaluation,4,0,0.05975570157170296,0,0.7520955204963684,False,1,0.0,0,"[0.147473, 0.152043, 0.133499, 0.461075, 0.10591]"
Actor,client,7,3287,4,M0,attack_nonmember,evaluation,4,0,0.20743431150913239,0,0.7520955204963684,False,2,0.0,0,"[0.125904, 0.234065, 0.15714, 0.299016, 0.183875]"
Actor,client,7,3527,4,M0,attack_nonmember,evaluation,2,0,0.6859465837478638,0,0.7345184683799744,False,2,1.0,1,"[0.056562, 0.118769, 0.361698, 0.256675, 0.206295]"
Actor,client,7,3605,4,M0,attack_nonmember,evaluation,3,0,0.4017121493816376,0,0.8173993229866028,False,1,0.0,1,"[0.195886, 0.214452, 0.17097, 0.22444, 0.194252]"
Actor,client,7,3658,4,M0,attack_nonmember,evaluation,2,0,0.2958616316318512,0,0.7345184683799744,False,1,0.0,0,"[0.155205, 0.189912, 0.179321, 0.248994, 0.226567]"
Actor,client,7,3803,4,M0,attack_nonmember,evaluation,2,0,0.3654482364654541,0,0.7345184683799744,False,0,,0,"[0.046078, 0.106711, 0.216421, 0.478799, 0.151992]"
Actor,client,7,4269,4,M0,attack_nonmember,evaluation,3,0,0.057475581765174866,0,0.8173993229866028,False,3,0.3333333333333333,0,"[0.038414, 0.698479, 0.008708, 0.122314, 0.132085]"
Actor,client,7,4381,4,M0,attack_nonmember,evaluation,2,0,0.657783567905426,0,0.7345184683799744,False,1,1.0,1,"[0.076951, 0.241498, 0.357679, 0.195876, 0.127996]"
Actor,client,7,4454,4,M0,attack_nonmember,evaluation,3,0,0.6245066523551941,0,0.8173993229866028,False,1,1.0,1,"[0.062159, 0.232647, 0.152541, 0.346728, 0.205925]"
Actor,client,7,4494,4,M0,attack_nonmember,evaluation,4,0,0.3863030672073364,0,0.7520955204963684,False,4,0.0,0,"[0.153855, 0.18342, 0.301723, 0.168832, 0.19217]"
Actor,client,7,4519,4,M0,attack_nonmember,evaluation,4,0,0.5993401408195496,0,0.7520955204963684,False,2,0.0,1,"[0.104327, 0.125555, 0.196762, 0.246358, 0.326999]"
Actor,client,7,4547,4,M0,attack_nonmember,evaluation,1,0,0.27172860503196716,0,0.6836628317832947,False,7,0.2857142857142857,0,"[0.095157, 0.147758, 0.19936, 0.284267, 0.273457]"
Actor,client,7,4636,4,M0,attack_nonmember,evaluation,2,0,0.5563915371894836,0,0.7345184683799744,False,1,1.0,0,"[0.023996, 0.075795, 0.297079, 0.302677, 0.300452]"
Actor,client,7,4891,4,M0,attack_nonmember,evaluation,1,0,0.07571873813867569,0,0.6836628317832947,False,3,0.0,0,"[0.024962, 0.065373, 0.043279, 0.195819, 0.670567]"
Actor,client,7,5006,4,M0,attack_nonmember,evaluation,1,0,0.3117583096027374,0,0.6836628317832947,False,0,,0,"[0.212796, 0.158357, 0.157078, 0.34101, 0.130759]"
Actor,client,7,5346,4,M0,attack_nonmember,evaluation,4,0,0.39712125062942505,0,0.7520955204963684,False,2,0.0,0,"[0.179022, 0.106255, 0.13521, 0.320444, 0.259069]"
Actor,client,7,5463,4,M0,attack_nonmember,evaluation,4,0,0.47719070315361023,0,0.7520955204963684,False,8,0.125,0,"[0.060203, 0.114167, 0.176849, 0.345874, 0.302907]"
Actor,client,7,5499,4,M0,attack_nonmember,evaluation,4,0,0.5960943698883057,0,0.7520955204963684,False,3,0.0,0,"[0.098549, 0.136059, 0.291235, 0.196354, 0.277803]"
Actor,client,7,5510,4,M0,attack_nonmember,evaluation,2,0,0.20376114547252655,0,0.7345184683799744,False,2,0.0,0,"[0.064741, 0.138998, 0.134111, 0.369895, 0.292256]"
Actor,client,7,5722,4,M0,attack_nonmember,evaluation,4,0,0.6289543509483337,0,0.7520955204963684,False,3,0.0,1,"[0.089716, 0.143496, 0.18475, 0.226871, 0.355166]"
Actor,client,7,5970,4,M0,attack_nonmember,evaluation,2,0,0.45970818400382996,0,0.7345184683799744,False,1,0.0,1,"[0.184836, 0.127987, 0.244409, 0.227365, 0.215403]"
Actor,client,7,6021,4,M0,attack_nonmember,evaluation,2,0,0.18009312450885773,0,0.7345184683799744,False,0,,0,"[0.025945, 0.149197, 0.124349, 0.516235, 0.184275]"
Actor,client,7,6141,4,M0,attack_nonmember,evaluation,1,0,0.3849228024482727,0,0.6836628317832947,False,6,0.16666666666666666,0,"[0.13003, 0.209397, 0.170518, 0.226802, 0.263253]"
Actor,client,7,6251,4,M0,attack_nonmember,evaluation,4,0,0.34596967697143555,0,0.7520955204963684,False,2,0.0,0,"[0.169849, 0.205938, 0.219646, 0.202138, 0.202429]"
Actor,client,7,6310,4,M0,attack_nonmember,evaluation,3,0,0.6124453544616699,0,0.8173993229866028,False,0,,0,"[0.062151, 0.146384, 0.107422, 0.338799, 0.345244]"
Actor,client,7,24,5,M0,attack_nonmember,evaluation,4,0,0.5414478778839111,0,0.7520955204963684,False,2,0.0,1,"[0.11647, 0.126751, 0.156404, 0.279446, 0.320929]"
Actor,client,7,39,5,M0,attack_nonmember,evaluation,4,0,0.1625831574201584,0,0.7520955204963684,False,1,0.0,0,"[0.155777, 0.198799, 0.187602, 0.306553, 0.151268]"
Actor,client,7,75,5,M0,attack_nonmember,evaluation,3,0,0.3737289607524872,0,0.8173993229866028,False,0,,0,"[0.16036, 0.234226, 0.283468, 0.207447, 0.114499]"
Actor,client,7,115,5,M0,attack_nonmember,evaluation,4,0,0.7170177698135376,0,0.7520955204963684,False,0,,1,"[0.064443, 0.078405, 0.039715, 0.186418, 0.63102]"
Actor,client,7,258,5,M0,attack_nonmember,evaluation,3,0,0.1869606226682663,0,0.8173993229866028,False,4,0.5,0,"[0.104818, 0.158603, 0.119191, 0.160486, 0.456903]"
Actor,client,7,354,5,M0,attack_nonmember,evaluation,3,0,0.300767183303833,0,0.8173993229866028,False,4,0.25,0,"[0.102317, 0.191147, 0.166678, 0.202642, 0.337215]"
Actor,client,7,401,5,M0,attack_nonmember,evaluation,0,0,0.4891478717327118,0,0.5450589656829834,False,1,0.0,0,"[0.197313, 0.152399, 0.215646, 0.254687, 0.179955]"
Actor,client,7,555,5,M0,attack_nonmember,evaluation,2,0,0.5587568283081055,0,0.7345184683799744,False,2,0.0,1,"[0.066261, 0.16265, 0.30218, 0.205313, 0.263595]"
Actor,client,7,604,5,M0,attack_nonmember,evaluation,3,0,0.4620887041091919,0,0.8173993229866028,False,2,0.0,1,"[0.13499, 0.171938, 0.238478, 0.245397, 0.209197]"
Actor,client,7,628,5,M0,attack_nonmember,evaluation,4,0,0.4107489287853241,0,0.7520955204963684,False,6,0.16666666666666666,0,"[0.134134, 0.229132, 0.233749, 0.179793, 0.223192]"
Actor,client,7,730,5,M0,attack_nonmember,evaluation,4,0,0.32519644498825073,0,0.7520955204963684,False,2,0.0,0,"[0.134694, 0.180016, 0.179744, 0.285424, 0.220122]"
Actor,client,7,884,5,M0,attack_nonmember,evaluation,3,0,0.4805937707424164,0,0.8173993229866028,False,1,1.0,0,"[0.117997, 0.114763, 0.16853, 0.260206, 0.338504]"
Actor,client,7,923,5,M0,attack_nonmember,evaluation,0,0,0.3092367947101593,0,0.5450589656829834,False,2,0.0,0,"[0.112018, 0.204772, 0.256047, 0.223604, 0.203559]"
Actor,client,7,927,5,M0,attack_nonmember,evaluation,3,0,0.11632171273231506,0,0.8173993229866028,False,0,,0,"[0.059326, 0.152183, 0.322073, 0.102862, 0.363556]"
Actor,client,7,990,5,M0,attack_nonmember,evaluation,4,0,0.23646476864814758,0,0.7520955204963684,False,1,0.0,0,"[0.180917, 0.210468, 0.232557, 0.215439, 0.160618]"
Actor,client,7,1100,5,M0,attack_nonmember,evaluation,4,0,0.44161126017570496,0,0.7520955204963684,False,3,0.3333333333333333,1,"[0.160378, 0.191062, 0.157502, 0.229226, 0.261832]"
Actor,client,7,1167,5,M0,attack_nonmember,evaluation,4,0,0.35552066564559937,0,0.7520955204963684,False,1,0.0,0,"[0.044968, 0.135659, 0.287652, 0.319807, 0.211915]"
Actor,client,7,1209,5,M0,attack_nonmember,evaluation,0,0,0.39950764179229736,0,0.5450589656829834,False,1,0.0,0,"[0.13172, 0.185614, 0.19491, 0.209576, 0.27818]"
Actor,client,7,1295,5,M0,attack_nonmember,evaluation,2,0,0.3602742552757263,0,0.7345184683799744,False,0,,0,"[0.026122, 0.101805, 0.213902, 0.274892, 0.38328]"
Actor,client,7,1619,5,M0,attack_nonmember,evaluation,3,0,0.5486182570457458,0,0.8173993229866028,False,1,0.0,1,"[0.158992, 0.151501, 0.260126, 0.272313, 0.157068]"
Actor,client,7,1637,5,M0,attack_nonmember,evaluation,2,0,0.45196980237960815,0,0.7345184683799744,False,0,,0,"[0.115175, 0.163942, 0.251371, 0.278807, 0.190705]"
Actor,client,7,1691,5,M0,attack_nonmember,evaluation,2,0,0.3992432951927185,0,0.7345184683799744,False,0,,0,"[0.124793, 0.109753, 0.222675, 0.284534, 0.258244]"
Actor,client,7,1802,5,M0,attack_nonmember,evaluation,0,0,0.3923511505126953,0,0.5450589656829834,False,2,0.5,0,"[0.157425, 0.190315, 0.214201, 0.271654, 0.166406]"
Actor,client,7,1847,5,M0,attack_nonmember,evaluation,2,0,0.3856365978717804,0,0.7345184683799744,False,2,0.0,0,"[0.116882, 0.121124, 0.218688, 0.308528, 0.234779]"
Actor,client,7,1902,5,M0,attack_nonmember,evaluation,4,0,0.7391733527183533,0,0.7520955204963684,False,1,0.0,1,"[0.102607, 0.094834, 0.211105, 0.182675, 0.408778]"
Actor,client,7,1947,5,M0,attack_nonmember,evaluation,1,0,0.32456377148628235,0,0.6836628317832947,False,1,0.0,0,"[0.137648, 0.187365, 0.175505, 0.225978, 0.273504]"
Actor,client,7,2084,5,M0,attack_nonmember,evaluation,4,0,0.6370778679847717,0,0.7520955204963684,False,6,0.3333333333333333,1,"[0.052311, 0.156157, 0.219169, 0.220529, 0.351834]"
Actor,client,7,2139,5,M0,attack_nonmember,evaluation,4,0,0.7997726798057556,1,0.7520955204963684,False,2,0.5,0,"[0.061691, 0.096738, 0.387622, 0.093339, 0.36061]"
Actor,client,7,2273,5,M0,attack_nonmember,evaluation,4,0,0.4172421097755432,0,0.7520955204963684,False,2,0.0,0,"[0.0647, 0.138196, 0.219403, 0.32293, 0.254771]"
Actor,client,7,2360,5,M0,attack_nonmember,evaluation,0,0,0.47839343547821045,0,0.5450589656829834,False,5,0.4,0,"[0.13727, 0.140774, 0.121995, 0.252203, 0.347757]"
Actor,client,7,2493,5,M0,attack_nonmember,evaluation,3,0,0.37863820791244507,0,0.8173993229866028,False,1,1.0,0,"[0.167907, 0.174642, 0.177411, 0.217513, 0.262527]"
Actor,client,7,2618,5,M0,attack_nonmember,evaluation,2,0,0.2572321891784668,0,0.7345184683799744,False,3,0.0,0,"[0.10618, 0.181749, 0.163337, 0.238939, 0.309795]"
Actor,client,7,2634,5,M0,attack_nonmember,evaluation,4,0,0.5145252346992493,0,0.7520955204963684,False,3,0.6666666666666666,1,"[0.161472, 0.167591, 0.178096, 0.213585, 0.279256]"
Actor,client,7,2640,5,M0,attack_nonmember,evaluation,3,0,0.1714334785938263,0,0.8173993229866028,False,14,0.0,0,"[0.072633, 0.262424, 0.132065, 0.162579, 0.370299]"
Actor,client,7,2892,5,M0,attack_nonmember,evaluation,4,0,0.18046972155570984,0,0.7520955204963684,False,1,0.0,0,"[0.161801, 0.254326, 0.170921, 0.253282, 0.15967]"
Actor,client,7,2931,5,M0,attack_nonmember,evaluation,4,0,0.7990499138832092,1,0.7520955204963684,False,1,1.0,1,"[0.098671, 0.068644, 0.181023, 0.133116, 0.518546]"
Actor,client,7,2979,5,M0,attack_nonmember,evaluation,2,0,0.4266720414161682,0,0.7345184683799744,False,0,,0,"[0.210675, 0.164161, 0.231256, 0.240937, 0.152971]"
Actor,client,7,3087,5,M0,attack_nonmember,evaluation,4,0,0.6476526260375977,0,0.7520955204963684,False,27,0.3333333333333333,1,"[0.02141, 0.088394, 0.031602, 0.265135, 0.59346]"
Actor,client,7,3090,5,M0,attack_nonmember,evaluation,0,0,0.22230331599712372,0,0.5450589656829834,False,2,0.0,0,"[0.045984, 0.158016, 0.324042, 0.212442, 0.259516]"
Actor,client,7,3123,5,M0,attack_nonmember,evaluation,1,0,0.2556549608707428,0,0.6836628317832947,False,3,0.0,0,"[0.106341, 0.150449, 0.218781, 0.234869, 0.28956]"
Actor,client,7,3278,5,M0,attack_nonmember,evaluation,1,0,0.35118016600608826,0,0.6836628317832947,False,1,0.0,0,"[0.156748, 0.208378, 0.138612, 0.20499, 0.291271]"
Actor,client,7,3316,5,M0,attack_nonmember,evaluation,4,0,0.24547967314720154,0,0.7520955204963684,False,6,0.3333333333333333,0,"[0.103504, 0.203694, 0.25475, 0.267236, 0.170815]"
Actor,client,7,3354,5,M0,attack_nonmember,evaluation,3,0,0.6100345253944397,0,0.8173993229866028,False,0,,0,"[0.077491, 0.126265, 0.084506, 0.336022, 0.375717]"
Actor,client,7,3358,5,M0,attack_nonmember,evaluation,3,0,0.7633180618286133,0,0.8173993229866028,False,6,0.3333333333333333,1,"[0.047563, 0.093846, 0.094658, 0.465801, 0.298131]"
Actor,client,7,3380,5,M0,attack_nonmember,evaluation,0,0,0.4406713843345642,0,0.5450589656829834,False,2,0.0,0,"[0.166941, 0.182124, 0.192786, 0.245671, 0.212479]"
Actor,client,7,3479,5,M0,attack_nonmember,evaluation,4,0,0.7302601337432861,0,0.7520955204963684,False,1,1.0,1,"[0.090827, 0.162756, 0.158813, 0.134731, 0.452873]"
Actor,client,7,3554,5,M0,attack_nonmember,evaluation,0,0,0.4166516959667206,0,0.5450589656829834,False,0,,0,"[0.178927, 0.195197, 0.222471, 0.267018, 0.136388]"
Actor,client,7,3740,5,M0,attack_nonmember,evaluation,0,0,0.3992323577404022,0,0.5450589656829834,False,1,0.0,0,"[0.15497, 0.250763, 0.195545, 0.17469, 0.224032]"
Actor,client,7,3773,5,M0,attack_nonmember,evaluation,3,0,0.3416438102722168,0,0.8173993229866028,False,2,0.0,0,"[0.121656, 0.221709, 0.273556, 0.202754, 0.180324]"
Actor,client,7,3806,5,M0,attack_nonmember,evaluation,1,0,0.13792577385902405,0,0.6836628317832947,False,2,0.0,0,"[0.060692, 0.089021, 0.177146, 0.251214, 0.421927]"
Actor,client,7,3937,5,M0,attack_nonmember,evaluation,1,0,0.2678844630718231,0,0.6836628317832947,False,1,0.0,0,"[0.178395, 0.157674, 0.202896, 0.242217, 0.218818]"
Actor,client,7,4080,5,M0,attack_nonmember,evaluation,0,0,0.32044440507888794,0,0.5450589656829834,False,0,,0,"[0.147506, 0.333568, 0.158655, 0.251097, 0.109174]"
Actor,client,7,4119,5,M0,attack_nonmember,evaluation,4,0,0.2980782091617584,0,0.7520955204963684,False,4,0.25,0,"[0.104583, 0.238316, 0.175889, 0.266499, 0.214713]"
Actor,client,7,4154,5,M0,attack_nonmember,evaluation,1,0,0.41566240787506104,0,0.6836628317832947,False,10,0.1,0,"[0.105051, 0.202261, 0.174636, 0.292719, 0.225333]"
Actor,client,7,4202,5,M0,attack_nonmember,evaluation,3,0,0.4835760295391083,0,0.8173993229866028,False,4,0.25,1,"[0.163354, 0.202451, 0.201565, 0.255483, 0.177146]"
Actor,client,7,4211,5,M0,attack_nonmember,evaluation,2,0,0.4958627223968506,0,0.7345184683799744,False,0,,0,"[0.133011, 0.135838, 0.266389, 0.34024, 0.124523]"
Actor,client,7,4262,7,M0,attack_nonmember,evaluation,3,0,0.38651663064956665,0,0.8173993229866028,False,1,0.0,0,"[0.179038, 0.206499, 0.238839, 0.212801, 0.162823]"
Actor,client,7,4278,7,M0,attack_nonmember,evaluation,2,0,0.7444267272949219,1,0.7345184683799744,False,1,1.0,0,"[0.043052, 0.042645, 0.388879, 0.079706, 0.445719]"
Actor,client,7,4294,7,M0,attack_nonmember,evaluation,1,0,0.3592209219932556,0,0.6836628317832947,False,0,,0,"[0.11641, 0.172675, 0.305677, 0.253742, 0.151497]"
Actor,client,7,4532,7,M0,attack_nonmember,evaluation,1,0,0.39341822266578674,0,0.6836628317832947,False,2,0.5,0,"[0.193555, 0.216837, 0.25494, 0.162552, 0.172116]"
Actor,client,7,4561,7,M0,attack_nonmember,evaluation,0,0,0.4165791869163513,0,0.5450589656829834,False,0,,0,"[0.173298, 0.229007, 0.190155, 0.243146, 0.164395]"
Actor,client,7,4582,7,M0,attack_nonmember,evaluation,3,0,0.3352499306201935,0,0.8173993229866028,False,2,0.5,0,"[0.243955, 0.185898, 0.186703, 0.189442, 0.194002]"
Actor,client,7,4583,7,M0,attack_nonmember,evaluation,4,0,0.48705950379371643,0,0.7520955204963684,False,1,0.0,1,"[0.204477, 0.184803, 0.147288, 0.192529, 0.270902]"
Actor,client,7,4844,7,M0,attack_nonmember,evaluation,2,0,0.4196375608444214,0,0.7345184683799744,False,4,0.0,0,"[0.089878, 0.169512, 0.239882, 0.227711, 0.273018]"
Actor,client,7,4859,7,M0,attack_nonmember,evaluation,2,0,0.5584631562232971,0,0.7345184683799744,False,3,1.0,1,"[0.041267, 0.220827, 0.310766, 0.278817, 0.148323]"
Actor,client,7,4879,7,M0,attack_nonmember,evaluation,1,0,0.2850586473941803,0,0.6836628317832947,False,1,0.0,0,"[0.096316, 0.157356, 0.172588, 0.28395, 0.28979]"
Actor,client,7,4970,7,M0,attack_nonmember,evaluation,3,0,0.5084308981895447,0,0.8173993229866028,False,0,,1,"[0.141075, 0.141025, 0.245653, 0.259497, 0.21275]"
Actor,client,7,5089,7,M0,attack_nonmember,evaluation,2,0,0.3610265254974365,0,0.7345184683799744,False,3,0.3333333333333333,0,"[0.137192, 0.199444, 0.212076, 0.199914, 0.251373]"
Actor,client,7,5131,7,M0,attack_nonmember,evaluation,1,0,0.3549031615257263,0,0.6836628317832947,False,0,,0,"[0.158593, 0.172363, 0.211419, 0.310535, 0.147091]"
Actor,client,7,5132,7,M0,attack_nonmember,evaluation,4,0,0.33437421917915344,0,0.7520955204963684,False,3,0.0,0,"[0.166689, 0.162766, 0.207342, 0.256315, 0.206888]"
Actor,client,7,5175,7,M0,attack_nonmember,evaluation,0,0,0.42009422183036804,0,0.5450589656829834,False,4,0.25,0,"[0.070402, 0.121101, 0.107014, 0.211535, 0.489948]"
Actor,client,7,5184,7,M0,attack_nonmember,evaluation,2,0,0.24414852261543274,0,0.7345184683799744,False,1,0.0,0,"[0.090639, 0.058134, 0.147457, 0.271276, 0.432495]"
Actor,client,7,5313,7,M0,attack_nonmember,evaluation,4,0,0.4647873044013977,0,0.7520955204963684,False,1,0.0,0,"[0.097629, 0.158881, 0.282857, 0.22592, 0.234712]"
Actor,client,7,5373,7,M0,attack_nonmember,evaluation,3,0,0.44723623991012573,0,0.8173993229866028,False,0,,0,"[0.077979, 0.110656, 0.384607, 0.227093, 0.199665]"
Actor,client,7,5435,7,M0,attack_nonmember,evaluation,2,0,0.2614136040210724,0,0.7345184683799744,False,1,0.0,0,"[0.22417, 0.208016, 0.156696, 0.225676, 0.185442]"
Actor,client,7,5569,7,M0,attack_nonmember,evaluation,2,0,0.509874165058136,0,0.7345184683799744,False,2,0.0,0,"[0.145223, 0.105904, 0.26803, 0.285082, 0.19576]"
Actor,client,7,5598,7,M0,attack_nonmember,evaluation,0,0,0.37973934412002563,0,0.5450589656829834,False,2,0.5,0,"[0.120695, 0.14668, 0.209762, 0.259544, 0.26332]"
Actor,client,7,5634,7,M0,attack_nonmember,evaluation,3,0,0.4800918698310852,0,0.8173993229866028,False,1,1.0,1,"[0.137118, 0.135555, 0.230714, 0.250473, 0.24614]"
Actor,client,7,5669,7,M0,attack_nonmember,evaluation,2,0,0.2995325028896332,0,0.7345184683799744,False,0,,0,"[0.136389, 0.336846, 0.195358, 0.19157, 0.139837]"
Actor,client,7,5715,7,M0,attack_nonmember,evaluation,4,0,0.6184076070785522,0,0.7520955204963684,False,2,0.0,0,"[0.1299, 0.142217, 0.290199, 0.159904, 0.27778]"
Actor,client,7,5784,7,M0,attack_nonmember,evaluation,1,0,0.266419380903244,0,0.6836628317832947,False,4,0.25,0,"[0.139082, 0.168113, 0.130873, 0.238691, 0.323241]"
Actor,client,7,5822,7,M0,attack_nonmember,evaluation,1,0,0.29904645681381226,0,0.6836628317832947,False,0,,0,"[0.218516, 0.177033, 0.137132, 0.258694, 0.208625]"
Actor,client,7,5932,7,M0,attack_nonmember,evaluation,2,0,0.35878652334213257,0,0.7345184683799744,False,5,0.0,0,"[0.111596, 0.189885, 0.212933, 0.243699, 0.241888]"
Actor,client,7,6140,7,M0,attack_nonmember,evaluation,4,0,0.624631941318512,0,0.7520955204963684,False,9,0.2222222222222222,0,"[0.110835, 0.10685, 0.316247, 0.189224, 0.276844]"
Actor,client,7,6261,7,M0,attack_nonmember,evaluation,3,0,0.5060350298881531,0,0.8173993229866028,False,1,0.0,0,"[0.073545, 0.169645, 0.3008, 0.265083, 0.190927]"
Actor,client,7,6267,7,M0,attack_nonmember,evaluation,0,0,0.41040271520614624,0,0.5450589656829834,False,1,0.0,0,"[0.166978, 0.186915, 0.230602, 0.242202, 0.173303]"
Actor,client,7,6276,7,M0,attack_nonmember,evaluation,1,0,0.25947305560112,0,0.6836628317832947,False,0,,0,"[0.268357, 0.139661, 0.113437, 0.362966, 0.115579]"
Actor,client,7,6429,7,M0,attack_nonmember,evaluation,4,0,0.43183016777038574,0,0.7520955204963684,False,1,0.0,0,"[0.12683, 0.126504, 0.238436, 0.271577, 0.236652]"
Actor,client,7,6650,7,M0,attack_nonmember,evaluation,4,0,0.29169923067092896,0,0.7520955204963684,False,2,1.0,0,"[0.127363, 0.173589, 0.267645, 0.251681, 0.179722]"
Actor,client,7,6714,7,M0,attack_nonmember,evaluation,1,0,0.4649522006511688,0,0.6836628317832947,False,2,0.5,0,"[0.108973, 0.222828, 0.28308, 0.209825, 0.175295]"
Actor,client,7,6799,7,M0,attack_nonmember,evaluation,0,0,0.4863140285015106,0,0.5450589656829834,False,5,0.2,0,"[0.197682, 0.209763, 0.188645, 0.207118, 0.196792]"
Actor,client,7,6990,7,M0,attack_nonmember,evaluation,0,0,0.41897594928741455,0,0.5450589656829834,False,0,,0,"[0.173035, 0.257771, 0.177867, 0.207481, 0.183846]"
Actor,client,7,7058,7,M0,attack_nonmember,evaluation,3,0,0.5588874816894531,0,0.8173993229866028,False,1,0.0,1,"[0.151998, 0.215704, 0.171508, 0.293572, 0.167218]"
Actor,client,7,7148,7,M0,attack_nonmember,evaluation,0,0,0.5169826745986938,0,0.5450589656829834,False,0,,0,"[0.211074, 0.196477, 0.102499, 0.350469, 0.139481]"
Actor,client,7,7221,7,M0,attack_nonmember,evaluation,2,0,0.32616451382637024,0,0.7345184683799744,False,1,0.0,0,"[0.181786, 0.141376, 0.186628, 0.19385, 0.296361]"
Actor,client,7,7273,7,M0,attack_nonmember,evaluation,3,0,0.5758535861968994,0,0.8173993229866028,False,0,,1,"[0.162644, 0.179092, 0.201844, 0.29328, 0.16314]"
Actor,client,7,7285,7,M0,attack_nonmember,evaluation,1,0,0.3213084042072296,0,0.6836628317832947,False,0,,0,"[0.165116, 0.164801, 0.142266, 0.334775, 0.193041]"
Actor,client,7,7331,7,M0,attack_nonmember,evaluation,4,0,0.5303143858909607,0,0.7520955204963684,False,3,0.0,1,"[0.119171, 0.120423, 0.202587, 0.268467, 0.289353]"
Actor,client,7,7403,7,M0,attack_nonmember,evaluation,3,0,0.3392472267150879,0,0.8173993229866028,False,0,,0,"[0.273103, 0.152366, 0.224491, 0.17937, 0.17067]"
Actor,client,7,7450,7,M0,attack_nonmember,evaluation,4,0,0.27213603258132935,0,0.7520955204963684,False,2,0.0,0,"[0.186379, 0.177343, 0.194885, 0.254913, 0.186479]"
Actor,client,7,7488,7,M0,attack_nonmember,evaluation,1,0,0.527316153049469,0,0.6836628317832947,False,0,,1,"[0.213468, 0.261155, 0.226967, 0.183961, 0.114451]"
Actor,client,7,7561,7,M0,attack_nonmember,evaluation,3,0,0.7593628168106079,0,0.8173993229866028,False,0,,1,"[0.043135, 0.067602, 0.168691, 0.45032, 0.270252]"
Actor,client,7,755,7,M0,attack_nonmember,evaluation,2,0,0.32565101981163025,0,0.7345184683799744,False,1,1.0,0,"[0.127257, 0.232769, 0.200287, 0.275948, 0.163739]"
Actor,client,7,1459,7,M0,attack_nonmember,evaluation,2,0,0.35165920853614807,0,0.7345184683799744,False,0,,0,"[0.163903, 0.261034, 0.211593, 0.285185, 0.078285]"
Actor,client,7,2732,7,M0,attack_nonmember,evaluation,0,0,0.4006189703941345,0,0.5450589656829834,False,1,0.0,0,"[0.142929, 0.195573, 0.179157, 0.252922, 0.229419]"
Actor,client,7,2885,7,M0,attack_nonmember,evaluation,3,0,0.34993281960487366,0,0.8173993229866028,False,2,0.5,0,"[0.178817, 0.190544, 0.18683, 0.20541, 0.238398]"
Actor,client,7,3145,7,M0,attack_nonmember,evaluation,4,0,0.6320971846580505,0,0.7520955204963684,False,7,0.2857142857142857,1,"[0.105361, 0.195835, 0.09251, 0.183906, 0.422388]"
Actor,client,7,4580,7,M0,attack_nonmember,evaluation,0,0,0.4532177448272705,0,0.5450589656829834,False,3,0.0,0,"[0.023915, 0.021458, 0.062225, 0.224596, 0.667806]"
Actor,client,7,4717,7,M0,attack_nonmember,evaluation,3,0,0.47272318601608276,0,0.8173993229866028,False,7,0.14285714285714285,0,"[0.103105, 0.196422, 0.149977, 0.267388, 0.283109]"
Actor,client,7,5122,7,M0,attack_nonmember,evaluation,2,0,0.292604923248291,0,0.7345184683799744,False,1,0.0,0,"[0.145281, 0.208476, 0.179842, 0.200774, 0.265626]"
Actor,client,7,5705,7,M0,attack_nonmember,evaluation,4,0,0.7000830769538879,0,0.7520955204963684,False,0,,1,"[0.009614, 0.007617, 0.055394, 0.28106, 0.646314]"
Actor,client,7,5236,9,M0,attack_nonmember,evaluation,4,0,0.49331095814704895,0,0.7520955204963684,False,0,,1,"[0.045451, 0.207855, 0.074762, 0.289505, 0.382427]"
Actor,client,7,5282,9,M0,attack_nonmember,evaluation,4,0,0.598484992980957,0,0.7520955204963684,False,0,,1,"[0.025734, 0.104859, 0.268216, 0.284994, 0.316197]"
Actor,client,7,5452,9,M0,attack_nonmember,evaluation,4,0,0.6290940642356873,0,0.7520955204963684,False,0,,0,"[0.004393, 0.021361, 0.439494, 0.268939, 0.265813]"
Actor,client,7,5495,9,M0,attack_nonmember,evaluation,4,0,0.5642111897468567,0,0.7520955204963684,False,1,0.0,0,"[0.059053, 0.14582, 0.314085, 0.21432, 0.266722]"
Actor,client,7,5585,9,M0,attack_nonmember,evaluation,3,0,0.39095327258110046,0,0.8173993229866028,False,0,,0,"[0.189782, 0.074189, 0.150998, 0.215325, 0.369706]"
Actor,client,7,5612,9,M0,attack_nonmember,evaluation,4,0,0.3776843845844269,0,0.7520955204963684,False,0,,0,"[0.039722, 0.298174, 0.117539, 0.257892, 0.286673]"
Actor,client,7,5638,9,M0,attack_nonmember,evaluation,4,0,0.695809006690979,0,0.7520955204963684,False,0,,1,"[0.019135, 0.13801, 0.136464, 0.206129, 0.500264]"
Actor,client,7,5886,9,M0,attack_nonmember,evaluation,4,0,0.6953282356262207,0,0.7520955204963684,False,0,,1,"[0.080135, 0.16911, 0.057112, 0.145005, 0.548638]"
Actor,client,7,5914,9,M0,attack_nonmember,evaluation,4,0,0.29132241010665894,0,0.7520955204963684,False,2,0.5,0,"[0.068332, 0.219077, 0.270412, 0.255303, 0.186875]"
Actor,client,7,6235,9,M0,attack_nonmember,evaluation,3,0,0.6223046779632568,0,0.8173993229866028,False,1,1.0,1,"[0.075886, 0.101543, 0.246348, 0.321545, 0.254677]"
Actor,client,7,6298,9,M0,attack_nonmember,evaluation,2,0,0.4532153606414795,0,0.7345184683799744,False,0,,1,"[0.168806, 0.251195, 0.254476, 0.166807, 0.158716]"
Actor,client,7,6357,9,M0,attack_nonmember,evaluation,2,0,0.566444993019104,0,0.7345184683799744,False,1,1.0,1,"[0.117523, 0.20517, 0.304919, 0.154408, 0.21798]"
Actor,client,7,6774,9,M0,attack_nonmember,evaluation,0,0,0.4177112877368927,0,0.5450589656829834,False,0,,0,"[0.169095, 0.311537, 0.158121, 0.136658, 0.224589]"
Actor,client,7,6878,9,M0,attack_nonmember,evaluation,1,0,0.23444557189941406,0,0.6836628317832947,False,0,,0,"[0.081118, 0.122367, 0.314705, 0.249101, 0.23271]"
Actor,client,7,6971,9,M0,attack_nonmember,evaluation,4,0,0.549432098865509,0,0.7520955204963684,False,2,0.0,1,"[0.116013, 0.178737, 0.190101, 0.214998, 0.300151]"
Actor,client,7,6977,9,M0,attack_nonmember,evaluation,2,0,0.3686985671520233,0,0.7345184683799744,False,0,,0,"[0.21295, 0.229487, 0.211348, 0.214798, 0.131417]"
Actor,client,7,7013,9,M0,attack_nonmember,evaluation,4,0,0.5082424283027649,0,0.7520955204963684,False,0,,1,"[0.249281, 0.058699, 0.049551, 0.309755, 0.332714]"
Actor,client,7,7015,9,M0,attack_nonmember,evaluation,2,0,0.16415368020534515,0,0.7345184683799744,False,0,,0,"[0.02383, 0.213055, 0.116039, 0.241513, 0.405564]"
Actor,client,7,7026,9,M0,attack_nonmember,evaluation,2,0,0.39358240365982056,0,0.7345184683799744,False,0,,0,"[0.296651, 0.130397, 0.205523, 0.22117, 0.146259]"
Actor,client,7,7089,9,M0,attack_nonmember,evaluation,0,0,0.35086947679519653,0,0.5450589656829834,False,1,0.0,0,"[0.082425, 0.079186, 0.207491, 0.316098, 0.3148]"
Actor,client,7,7166,9,M0,attack_nonmember,evaluation,1,0,0.16390012204647064,0,0.6836628317832947,False,1,0.0,0,"[0.103971, 0.066937, 0.165802, 0.419548, 0.243741]"
Actor,client,7,7173,9,M0,attack_nonmember,evaluation,4,0,0.1488514095544815,0,0.7520955204963684,False,0,,0,"[0.184887, 0.059257, 0.155911, 0.439389, 0.160556]"
Actor,client,7,7180,9,M0,attack_nonmember,evaluation,3,0,0.48111090064048767,0,0.8173993229866028,False,0,,0,"[0.075033, 0.055414, 0.418562, 0.23261, 0.218381]"
Actor,client,7,7474,9,M0,attack_nonmember,evaluation,3,0,0.39078307151794434,0,0.8173993229866028,False,2,0.5,0,"[0.149844, 0.190355, 0.25807, 0.215664, 0.186067]"
Actor,client,7,764,9,M0,attack_nonmember,evaluation,1,0,0.2047320455312729,0,0.6836628317832947,False,7,0.14285714285714285,0,"[0.044392, 0.135938, 0.183091, 0.214896, 0.421683]"
Actor,client,7,1291,9,M0,attack_nonmember,evaluation,1,0,0.24907590448856354,0,0.6836628317832947,False,2,0.0,0,"[0.071279, 0.105129, 0.284126, 0.363476, 0.17599]"
Actor,client,7,1449,9,M0,attack_nonmember,evaluation,2,0,0.14154773950576782,0,0.7345184683799744,False,1,0.0,0,"[0.073984, 0.100998, 0.086679, 0.489485, 0.248853]"
Actor,client,7,1520,9,M0,attack_nonmember,evaluation,1,0,0.40506118535995483,0,0.6836628317832947,False,1,1.0,0,"[0.110902, 0.192212, 0.281242, 0.253618, 0.162025]"
Actor,client,7,1945,9,M0,attack_nonmember,evaluation,3,0,0.7368832230567932,0,0.8173993229866028,False,2,0.0,1,"[0.093504, 0.067923, 0.166813, 0.412593, 0.259166]"
Actor,client,7,3192,9,M0,attack_nonmember,evaluation,0,0,0.3132280707359314,0,0.5450589656829834,False,2,0.5,0,"[0.108382, 0.165, 0.230822, 0.309325, 0.186471]"
Actor,client,7,4002,9,M0,attack_nonmember,evaluation,2,0,0.4399312734603882,0,0.7345184683799744,False,1,0.0,0,"[0.085144, 0.164022, 0.249298, 0.320737, 0.180799]"
Actor,client,7,4490,9,M0,attack_nonmember,evaluation,1,0,0.2261662483215332,0,0.6836628317832947,False,1,0.0,0,"[0.20519, 0.137721, 0.166553, 0.272955, 0.217581]"
Actor,client,7,4670,9,M0,attack_nonmember,evaluation,4,0,0.7711129784584045,1,0.7520955204963684,False,2,0.5,1,"[0.004053, 0.032167, 0.004295, 0.0587, 0.900785]"
Actor,client,7,4696,9,M0,attack_nonmember,evaluation,3,0,0.3952799439430237,0,0.8173993229866028,False,1,0.0,1,"[0.210793, 0.194107, 0.170485, 0.218496, 0.206119]"
Actor,client,7,4978,9,M0,attack_nonmember,evaluation,1,0,0.32041022181510925,0,0.6836628317832947,False,1,0.0,0,"[0.096089, 0.175837, 0.212094, 0.240165, 0.275815]"
Actor,client,7,5420,9,M0,attack_nonmember,evaluation,4,0,0.6811084747314453,0,0.7520955204963684,False,1,0.0,1,"[0.035063, 0.109875, 0.161344, 0.246464, 0.447253]"
Actor,client,7,5821,9,M0,attack_nonmember,evaluation,1,0,0.18547607958316803,0,0.6836628317832947,False,0,,0,"[0.115087, 0.099152, 0.170508, 0.336953, 0.2783]"
Actor,client,7,5973,9,M0,attack_nonmember,evaluation,3,0,0.49822866916656494,0,0.8173993229866028,False,1,0.0,0,"[0.100819, 0.1478, 0.208022, 0.267321, 0.276038]"
Actor,client,7,6103,9,M0,attack_nonmember,evaluation,3,0,0.6575123071670532,0,0.8173993229866028,False,1,1.0,1,"[0.103703, 0.179107, 0.203672, 0.349147, 0.164371]"
Actor,client,7,6441,9,M0,attack_nonmember,evaluation,1,0,0.3008836507797241,0,0.6836628317832947,False,3,0.3333333333333333,0,"[0.093633, 0.161277, 0.231761, 0.256558, 0.256772]"
Actor,client,7,7065,9,M0,attack_nonmember,evaluation,4,0,0.6247485280036926,0,0.7520955204963684,False,2,1.0,1,"[0.020995, 0.069759, 0.070797, 0.321163, 0.517286]"
Actor,client,7,7369,9,M0,attack_nonmember,evaluation,4,0,0.1000734493136406,0,0.7520955204963684,False,2,0.5,0,"[0.060606, 0.152407, 0.174487, 0.471736, 0.140764]"
Actor,client,7,7466,9,M0,attack_nonmember,evaluation,4,0,0.41311386227607727,0,0.7520955204963684,False,1,0.0,0,"[0.105462, 0.150417, 0.132225, 0.327568, 0.284328]"
Actor,client,7,475,9,M0,attack_nonmember,evaluation,2,0,0.4492139518260956,0,0.7345184683799744,False,2,0.0,1,"[0.115262, 0.16635, 0.250059, 0.231707, 0.236622]"
Actor,client,7,975,9,M0,attack_nonmember,evaluation,2,0,0.3896051049232483,0,0.7345184683799744,False,1,0.0,0,"[0.068392, 0.181829, 0.230294, 0.282122, 0.237363]"
Actor,client,7,1202,9,M0,attack_nonmember,evaluation,4,0,0.4389188587665558,0,0.7520955204963684,False,1,0.0,1,"[0.126721, 0.171916, 0.202084, 0.248385, 0.250893]"
Actor,client,7,1293,9,M0,attack_nonmember,evaluation,2,0,0.3498415946960449,0,0.7345184683799744,False,2,0.0,0,"[0.13749, 0.253657, 0.212126, 0.2317, 0.165028]"
Actor,client,7,1707,9,M0,attack_nonmember,evaluation,4,0,0.6582719087600708,0,0.7520955204963684,False,2,0.0,1,"[0.134857, 0.146789, 0.26879, 0.146929, 0.302635]"
Actor,client,7,2708,9,M0,attack_nonmember,evaluation,1,0,0.41173145174980164,0,0.6836628317832947,False,3,0.0,0,"[0.110488, 0.21038, 0.246725, 0.211076, 0.22133]"
Actor,client,7,2771,9,M0,attack_nonmember,evaluation,2,0,0.4068852961063385,0,0.7345184683799744,False,1,0.0,0,"[0.139367, 0.257774, 0.237693, 0.193638, 0.171528]"
Actor,client,7,3965,9,M0,attack_nonmember,evaluation,2,0,0.6927682757377625,0,0.7345184683799744,False,1,1.0,1,"[0.105942, 0.277992, 0.378117, 0.118279, 0.11967]"
Actor,client,7,4328,9,M0,attack_nonmember,evaluation,2,0,0.19130264222621918,0,0.7345184683799744,False,7,0.2857142857142857,0,"[0.053999, 0.175242, 0.129517, 0.295186, 0.346057]"
Actor,client,7,4362,9,M0,attack_nonmember,evaluation,2,0,0.1787809133529663,0,0.7345184683799744,False,3,0.6666666666666666,0,"[0.121129, 0.192963, 0.116601, 0.320101, 0.249205]"
Actor,client,7,5587,9,M0,attack_nonmember,evaluation,3,0,0.5985828042030334,0,0.8173993229866028,False,2,0.0,0,"[0.296262, 0.094512, 0.153686, 0.280765, 0.174776]"
Actor,client,7,6726,9,M0,attack_nonmember,evaluation,2,0,0.2473064363002777,0,0.7345184683799744,False,1,0.0,0,"[0.169762, 0.200871, 0.153336, 0.199395, 0.276637]"
Actor,client,7,6871,9,M0,attack_nonmember,evaluation,1,0,0.5356912016868591,0,0.6836628317832947,False,1,1.0,1,"[0.146537, 0.256587, 0.198468, 0.223835, 0.174573]"
Actor,client,7,7169,9,M0,attack_nonmember,evaluation,4,0,0.4517725110054016,0,0.7520955204963684,False,1,0.0,1,"[0.114791, 0.206324, 0.141225, 0.251285, 0.286375]"
Actor,client,7,7425,9,M0,attack_nonmember,evaluation,3,0,0.3209460973739624,0,0.8173993229866028,False,2,0.5,0,"[0.14691, 0.189994, 0.228321, 0.194994, 0.239781]"
Actor,client,7,34,6,M0,F,evaluation,4,1,0.5328144431114197,0,0.7520955204963684,False,1,0.0,1,"[0.087362, 0.114361, 0.110825, 0.324442, 0.36301]"
Actor,client,7,98,6,M0,F,evaluation,4,1,0.7659569978713989,1,0.7520955204963684,False,0,,1,"[0.013687, 0.012952, 0.079353, 0.176607, 0.717401]"
Actor,client,7,111,6,M0,F,evaluation,3,1,0.46176251769065857,0,0.8173993229866028,False,1,0.0,1,"[0.16494, 0.221698, 0.136676, 0.256208, 0.220478]"
Actor,client,7,140,6,M0,F,evaluation,2,1,0.3565591275691986,0,0.7345184683799744,False,0,,0,"[0.063585, 0.168461, 0.215754, 0.406042, 0.146157]"
Actor,client,7,201,6,M0,F,evaluation,3,1,0.4091147184371948,0,0.8173993229866028,False,2,1.0,0,"[0.139236, 0.164739, 0.215521, 0.227652, 0.252853]"
Actor,client,7,230,6,M0,F,evaluation,3,1,0.5875919461250305,0,0.8173993229866028,False,4,0.5,1,"[0.116969, 0.184501, 0.212444, 0.306118, 0.179968]"
Actor,client,7,256,6,M0,F,evaluation,2,1,0.7592196464538574,1,0.7345184683799744,False,1,0.0,1,"[0.074823, 0.035514, 0.395075, 0.163238, 0.331349]"
Actor,client,7,268,6,M0,F,evaluation,2,1,0.40407800674438477,0,0.7345184683799744,False,1,0.0,0,"[0.097296, 0.153142, 0.231268, 0.276235, 0.24206]"
Actor,client,7,271,6,M0,F,evaluation,1,1,0.20811524987220764,0,0.6836628317832947,False,4,0.0,0,"[0.089438, 0.108956, 0.221354, 0.311406, 0.268845]"
Actor,client,7,286,6,M0,F,evaluation,3,1,0.5540715456008911,0,0.8173993229866028,False,12,0.25,0,"[0.050991, 0.168707, 0.295009, 0.290376, 0.194918]"
Actor,client,7,292,6,M0,F,evaluation,1,1,0.5455586910247803,0,0.6836628317832947,False,1,0.0,1,"[0.145541, 0.259236, 0.222592, 0.211579, 0.161052]"
Actor,client,7,309,6,M0,F,evaluation,4,1,0.5815233588218689,0,0.7520955204963684,False,1,0.0,1,"[0.080296, 0.103224, 0.216564, 0.282193, 0.317724]"
Actor,client,7,393,6,M0,F,evaluation,3,1,0.45396557450294495,0,0.8173993229866028,False,0,,0,"[0.245281, 0.167453, 0.15358, 0.234325, 0.199361]"
Actor,client,7,394,6,M0,F,evaluation,2,1,0.42988887429237366,0,0.7345184683799744,False,2,0.5,1,"[0.160946, 0.232368, 0.243421, 0.197304, 0.165962]"
Actor,client,7,404,6,M0,F,evaluation,4,1,0.5661430358886719,0,0.7520955204963684,False,3,0.0,1,"[0.176773, 0.157867, 0.164061, 0.198602, 0.302697]"
Actor,client,7,443,6,M0,F,evaluation,3,1,0.4021799564361572,0,0.8173993229866028,False,2,0.0,0,"[0.16771, 0.191404, 0.237491, 0.219448, 0.183947]"
Actor,client,7,516,6,M0,F,evaluation,2,1,0.7458992004394531,1,0.7345184683799744,False,2,1.0,1,"[0.102072, 0.216238, 0.404532, 0.194935, 0.082222]"
Actor,client,7,522,6,M0,F,evaluation,4,1,0.3972705900669098,0,0.7520955204963684,False,2,0.5,0,"[0.14178, 0.091956, 0.136655, 0.359573, 0.270036]"
Actor,client,7,526,6,M0,F,evaluation,4,1,0.7857475876808167,1,0.7520955204963684,False,0,,1,"[0.006528, 0.026254, 0.051127, 0.07975, 0.836342]"
Actor,client,7,532,6,M0,F,evaluation,1,1,0.28503671288490295,0,0.6836628317832947,False,5,0.2,0,"[0.030878, 0.20086, 0.073382, 0.162959, 0.531922]"
Actor,client,7,546,6,M0,F,evaluation,4,1,0.3469805121421814,0,0.7520955204963684,False,2,0.5,0,"[0.14161, 0.279134, 0.133778, 0.207666, 0.237811]"
Actor,client,7,589,6,M0,F,evaluation,4,1,0.2490282952785492,0,0.7520955204963684,False,3,0.3333333333333333,0,"[0.132029, 0.182432, 0.111327, 0.352633, 0.221578]"
Actor,client,7,596,6,M0,F,evaluation,4,1,0.7068492770195007,0,0.7520955204963684,False,2,0.0,1,"[0.052746, 0.094369, 0.084164, 0.210562, 0.558159]"
Actor,client,7,608,6,M0,F,evaluation,4,1,0.17938865721225739,0,0.7520955204963684,False,1,0.0,0,"[0.167327, 0.294977, 0.132914, 0.236416, 0.168365]"
Actor,client,7,625,6,M0,F,evaluation,4,1,0.751051127910614,0,0.7520955204963684,False,0,,1,"[0.009407, 0.014629, 0.005588, 0.135227, 0.835149]"
Actor,client,7,627,6,M0,F,evaluation,1,1,0.33007121086120605,0,0.6836628317832947,False,1,0.0,0,"[0.182278, 0.181922, 0.221406, 0.231635, 0.18276]"
Actor,client,7,639,6,M0,F,evaluation,2,1,0.15606045722961426,0,0.7345184683799744,False,0,,0,"[0.180283, 0.389235, 0.108546, 0.123587, 0.198349]"
Actor,client,7,641,6,M0,F,evaluation,0,1,0.40560728311538696,0,0.5450589656829834,False,3,0.0,0,"[0.113527, 0.109301, 0.148262, 0.341013, 0.287897]"
Actor,client,7,653,6,M0,F,evaluation,4,1,0.34009769558906555,0,0.7520955204963684,False,1,0.0,0,"[0.166917, 0.210726, 0.182013, 0.22561, 0.214734]"
Actor,client,7,655,6,M0,F,evaluation,1,1,0.6735531091690063,0,0.6836628317832947,False,1,1.0,1,"[0.174446, 0.319637, 0.259265, 0.134012, 0.112641]"
Actor,client,7,668,6,M0,F,evaluation,3,1,0.3207654058933258,0,0.8173993229866028,False,2,0.0,0,"[0.16667, 0.17798, 0.234089, 0.190296, 0.230966]"
Actor,client,7,674,6,M0,F,evaluation,1,1,0.31260934472084045,0,0.6836628317832947,False,5,0.2,0,"[0.036568, 0.131408, 0.145302, 0.443978, 0.242745]"
Actor,client,7,676,6,M0,F,evaluation,2,1,0.45550820231437683,0,0.7345184683799744,False,2,1.0,1,"[0.176369, 0.163719, 0.246665, 0.209766, 0.203481]"
Actor,client,7,680,6,M0,F,evaluation,4,1,0.39751774072647095,0,0.7520955204963684,False,2,0.0,1,"[0.145963, 0.200016, 0.200317, 0.222385, 0.231318]"
Actor,client,7,707,6,M0,F,evaluation,0,1,0.5958181023597717,1,0.5450589656829834,False,2,0.5,0,"[0.229972, 0.128871, 0.138919, 0.296297, 0.205941]"
Actor,client,7,805,6,M0,F,evaluation,4,1,0.6481863856315613,0,0.7520955204963684,False,2,0.5,1,"[0.044118, 0.15415, 0.184967, 0.227472, 0.389293]"
Actor,client,7,814,6,M0,F,evaluation,3,1,0.41735824942588806,0,0.8173993229866028,False,3,0.0,0,"[0.159763, 0.192822, 0.233116, 0.226839, 0.18746]"
Actor,client,7,879,6,M0,F,evaluation,3,1,0.5056248903274536,0,0.8173993229866028,False,6,0.16666666666666666,0,"[0.094769, 0.146913, 0.200048, 0.272247, 0.286023]"
Actor,client,7,985,6,M0,F,evaluation,4,1,0.6455895900726318,0,0.7520955204963684,False,1,0.0,0,"[0.066112, 0.161782, 0.303819, 0.166704, 0.301583]"
Actor,client,7,999,6,M0,F,evaluation,1,1,0.40580683946609497,0,0.6836628317832947,False,0,,0,"[0.187993, 0.204779, 0.255572, 0.226842, 0.124813]"
Actor,client,7,1009,6,M0,F,evaluation,1,1,0.577342689037323,0,0.6836628317832947,False,1,0.0,1,"[0.125514, 0.28216, 0.153496, 0.203668, 0.235162]"
Actor,client,7,1014,6,M0,F,evaluation,4,1,0.2926498353481293,0,0.7520955204963684,False,1,1.0,0,"[0.19274, 0.191756, 0.233577, 0.203977, 0.17795]"
Actor,client,7,1022,6,M0,F,evaluation,4,1,0.7396196722984314,0,0.7520955204963684,False,3,0.3333333333333333,1,"[0.040648, 0.039736, 0.139025, 0.239303, 0.541288]"
Actor,client,7,1102,6,M0,F,evaluation,2,1,0.42060428857803345,0,0.7345184683799744,False,1,0.0,0,"[0.119744, 0.162436, 0.236552, 0.187338, 0.293929]"
Actor,client,7,1118,6,M0,F,evaluation,3,1,0.48677870631217957,0,0.8173993229866028,False,1,1.0,1,"[0.154196, 0.161142, 0.244344, 0.250204, 0.190115]"
Actor,client,7,1194,6,M0,F,evaluation,2,1,0.35539889335632324,0,0.7345184683799744,False,4,0.5,0,"[0.130501, 0.174697, 0.208186, 0.233962, 0.252654]"
Actor,client,7,1227,6,M0,F,evaluation,0,1,0.3043266236782074,0,0.5450589656829834,False,5,0.0,0,"[0.050968, 0.088903, 0.107456, 0.464744, 0.287929]"
Actor,client,7,1286,6,M0,F,evaluation,4,1,0.6249685287475586,0,0.7520955204963684,False,1,0.0,1,"[0.065611, 0.191846, 0.19989, 0.193339, 0.349313]"
Actor,client,7,1324,6,M0,F,evaluation,0,1,0.39950692653656006,0,0.5450589656829834,False,5,0.0,0,"[0.160374, 0.219037, 0.195524, 0.246564, 0.178502]"
Actor,client,7,1343,6,M0,F,evaluation,3,1,0.5336769223213196,0,0.8173993229866028,False,2,1.0,0,"[0.210817, 0.082395, 0.083558, 0.274094, 0.349137]"
Actor,client,7,1353,6,M0,F,evaluation,3,1,0.7259392142295837,0,0.8173993229866028,False,0,,1,"[0.06548, 0.115937, 0.254253, 0.400992, 0.163338]"
Actor,client,7,1354,6,M0,F,evaluation,1,1,0.5365597009658813,0,0.6836628317832947,False,2,0.0,0,"[0.17001, 0.247397, 0.205057, 0.259548, 0.117989]"
Actor,client,7,1355,6,M0,F,evaluation,2,1,0.38389021158218384,0,0.7345184683799744,False,3,0.3333333333333333,0,"[0.141736, 0.156944, 0.218035, 0.203218, 0.280066]"
Actor,client,7,1359,6,M0,F,evaluation,4,1,0.28989332914352417,0,0.7520955204963684,False,2,0.5,0,"[0.201426, 0.128252, 0.237768, 0.254137, 0.178417]"
Actor,client,7,1398,6,M0,F,evaluation,3,1,0.35533407330513,0,0.8173993229866028,False,1,0.0,0,"[0.161206, 0.088106, 0.03907, 0.222312, 0.489305]"
Actor,client,7,1403,6,M0,F,evaluation,4,1,0.5485984086990356,0,0.7520955204963684,False,1,0.0,1,"[0.17445, 0.178214, 0.15339, 0.193345, 0.300601]"
Actor,client,7,1432,6,M0,F,evaluation,1,1,0.4003320634365082,0,0.6836628317832947,False,1,1.0,0,"[0.141723, 0.217367, 0.157992, 0.224818, 0.2581]"
Actor,client,7,1469,6,M0,F,evaluation,3,1,0.4417540729045868,0,0.8173993229866028,False,3,0.3333333333333333,1,"[0.103297, 0.201514, 0.214824, 0.247935, 0.232429]"
Actor,client,7,1494,6,M0,F,evaluation,0,1,0.4759252667427063,0,0.5450589656829834,False,0,,0,"[0.222775, 0.255212, 0.202886, 0.209552, 0.109575]"
Actor,client,7,1553,6,M0,F,evaluation,3,1,0.7852780818939209,0,0.8173993229866028,False,0,,1,"[0.083072, 0.112211, 0.189836, 0.484027, 0.130855]"
Actor,client,7,1582,6,M0,F,evaluation,3,1,0.4461248517036438,0,0.8173993229866028,False,1,0.0,0,"[0.178087, 0.295859, 0.104591, 0.257025, 0.164439]"
Actor,client,7,1599,6,M0,F,evaluation,4,1,0.6467834711074829,0,0.7520955204963684,False,2,0.5,1,"[0.106417, 0.152685, 0.103005, 0.210981, 0.426912]"
Actor,client,7,1613,6,M0,F,evaluation,2,1,0.35008272528648376,0,0.7345184683799744,False,1,0.0,0,"[0.171235, 0.156999, 0.200977, 0.309925, 0.160864]"
Actor,client,7,1621,6,M0,F,evaluation,3,1,0.4099382758140564,0,0.8173993229866028,False,5,0.4,0,"[0.12816, 0.160668, 0.205233, 0.230789, 0.27515]"
Actor,client,7,1630,6,M0,F,evaluation,1,1,0.39194348454475403,0,0.6836628317832947,False,0,,0,"[0.181887, 0.20784, 0.231898, 0.209615, 0.168759]"
Actor,client,7,1657,6,M0,F,evaluation,4,1,0.19647060334682465,0,0.7520955204963684,False,2,0.0,0,"[0.063199, 0.096637, 0.202814, 0.452234, 0.185115]"
Actor,client,7,1711,6,M0,F,evaluation,4,1,0.7838152647018433,1,0.7520955204963684,False,0,,1,"[0.028303, 0.075119, 0.064625, 0.064405, 0.767547]"
Actor,client,7,1718,6,M0,F,evaluation,3,1,0.3092093765735626,0,0.8173993229866028,False,0,,0,"[0.122655, 0.185449, 0.335931, 0.180848, 0.175116]"
Actor,client,7,1733,6,M0,F,evaluation,2,1,0.48408669233322144,0,0.7345184683799744,False,0,,1,"[0.139468, 0.205589, 0.266515, 0.20548, 0.182947]"
Actor,client,7,1770,6,M0,F,evaluation,1,1,0.3473063111305237,0,0.6836628317832947,False,2,0.0,0,"[0.147803, 0.17868, 0.168117, 0.299932, 0.205468]"
Actor,client,7,1792,6,M0,F,evaluation,0,1,0.3644849956035614,0,0.5450589656829834,False,5,0.4,0,"[0.052441, 0.059806, 0.179918, 0.26201, 0.445826]"
Actor,client,7,1913,6,M0,F,evaluation,3,1,0.4961150586605072,0,0.8173993229866028,False,2,1.0,1,"[0.159809, 0.183095, 0.22325, 0.257012, 0.176834]"
Actor,client,7,1939,6,M0,F,evaluation,4,1,0.31139102578163147,0,0.7520955204963684,False,3,0.0,0,"[0.179094, 0.218754, 0.201853, 0.205074, 0.195225]"
Actor,client,7,1996,6,M0,F,evaluation,1,1,0.26163777709007263,0,0.6836628317832947,False,3,0.0,0,"[0.103067, 0.148717, 0.256401, 0.228659, 0.263156]"
Actor,client,7,2008,6,M0,F,evaluation,1,1,0.3219180703163147,0,0.6836628317832947,False,2,0.5,0,"[0.140149, 0.182902, 0.228926, 0.207262, 0.24076]"
Actor,client,7,2012,6,M0,F,evaluation,0,1,0.3657243549823761,0,0.5450589656829834,False,5,0.4,0,"[0.123078, 0.158759, 0.224695, 0.25461, 0.238857]"
Actor,client,7,2018,6,M0,F,evaluation,4,1,0.5361443758010864,0,0.7520955204963684,False,8,0.25,1,"[0.079525, 0.182676, 0.188206, 0.241385, 0.308208]"
Actor,client,7,2054,6,M0,F,evaluation,0,1,0.5585048794746399,1,0.5450589656829834,False,1,0.0,1,"[0.228187, 0.187011, 0.206851, 0.157129, 0.220822]"
Actor,client,7,2087,6,M0,F,evaluation,2,1,0.32813987135887146,0,0.7345184683799744,False,1,0.0,0,"[0.20371, 0.139076, 0.185027, 0.161592, 0.310596]"
Actor,client,7,2092,6,M0,F,evaluation,3,1,0.4110972285270691,0,0.8173993229866028,False,1,0.0,1,"[0.162476, 0.201957, 0.22185, 0.226128, 0.187589]"
Actor,client,7,2116,6,M0,F,evaluation,3,1,0.6737832427024841,0,0.8173993229866028,False,5,0.2,1,"[0.092868, 0.10942, 0.137475, 0.364693, 0.295544]"
Actor,client,7,2141,6,M0,F,evaluation,3,1,0.45307934284210205,0,0.8173993229866028,False,1,0.0,1,"[0.205736, 0.224978, 0.186514, 0.240188, 0.142584]"
Actor,client,7,2142,6,M0,F,evaluation,1,1,0.19613932073116302,0,0.6836628317832947,False,2,0.0,0,"[0.182189, 0.134399, 0.102866, 0.263592, 0.316953]"
Actor,client,7,2166,6,M0,F,evaluation,1,1,0.4933333694934845,0,0.6836628317832947,False,1,0.0,0,"[0.091547, 0.229376, 0.197192, 0.27199, 0.209896]"
Actor,client,7,2186,6,M0,F,evaluation,1,1,0.3383229076862335,0,0.6836628317832947,False,1,0.0,0,"[0.174985, 0.19864, 0.166798, 0.20962, 0.249957]"
Actor,client,7,2188,6,M0,F,evaluation,4,1,0.6016429662704468,0,0.7520955204963684,False,2,0.5,1,"[0.075828, 0.031726, 0.165286, 0.355852, 0.371309]"
Actor,client,7,2221,6,M0,F,evaluation,1,1,0.42363622784614563,0,0.6836628317832947,False,1,0.0,0,"[0.185545, 0.211502, 0.185036, 0.267173, 0.150744]"
Actor,client,7,2231,6,M0,F,evaluation,0,1,0.3844487965106964,0,0.5450589656829834,False,1,0.0,0,"[0.134342, 0.192834, 0.175376, 0.271186, 0.226262]"
Actor,client,7,2242,6,M0,F,evaluation,3,1,0.6112903356552124,0,0.8173993229866028,False,0,,1,"[0.157073, 0.222369, 0.139423, 0.323002, 0.158133]"
Actor,client,7,2265,6,M0,F,evaluation,4,1,0.46021485328674316,0,0.7520955204963684,False,15,0.2,0,"[0.008344, 0.037368, 0.09303, 0.473731, 0.387527]"
Actor,client,7,2313,6,M0,F,evaluation,0,1,0.3417236804962158,0,0.5450589656829834,False,0,,0,"[0.139683, 0.207019, 0.275428, 0.201623, 0.176247]"
Actor,client,7,2332,6,M0,F,evaluation,3,1,0.4788907468318939,0,0.8173993229866028,False,3,0.0,1,"[0.178061, 0.21004, 0.201922, 0.251663, 0.158313]"
Actor,client,7,2362,6,M0,F,evaluation,4,1,0.473257839679718,0,0.7520955204963684,False,6,0.0,0,"[0.077983, 0.125649, 0.135134, 0.341646, 0.319589]"
Actor,client,7,2371,6,M0,F,evaluation,2,1,0.47435879707336426,0,0.7345184683799744,False,2,0.0,1,"[0.226312, 0.120892, 0.246181, 0.231937, 0.174678]"
Actor,client,7,2377,6,M0,F,evaluation,3,1,0.6319689154624939,0,0.8173993229866028,False,2,0.0,1,"[0.124176, 0.138974, 0.220911, 0.324282, 0.191656]"
Actor,client,7,2388,6,M0,F,evaluation,0,1,0.5639240145683289,1,0.5450589656829834,False,0,,1,"[0.250754, 0.209636, 0.194914, 0.199589, 0.145107]"
Actor,client,7,2451,6,M0,F,evaluation,3,1,0.7475996017456055,0,0.8173993229866028,False,0,,1,"[0.064886, 0.096307, 0.125636, 0.438241, 0.274931]"
Actor,client,7,2472,6,M0,F,evaluation,1,1,0.38622555136680603,0,0.6836628317832947,False,3,0.0,0,"[0.080103, 0.193085, 0.229337, 0.253596, 0.243878]"
Actor,client,7,2473,6,M0,F,evaluation,4,1,0.6715978384017944,0,0.7520955204963684,False,1,0.0,1,"[0.161206, 0.088106, 0.03907, 0.222312, 0.489305]"
Actor,client,7,2496,6,M0,F,evaluation,3,1,0.4757634103298187,0,0.8173993229866028,False,0,,0,"[0.11839, 0.094137, 0.285714, 0.242377, 0.259382]"
Actor,client,7,2548,6,M0,F,evaluation,3,1,0.7792510390281677,0,0.8173993229866028,False,0,,1,"[0.050292, 0.07671, 0.185999, 0.477844, 0.209155]"
Actor,client,7,2617,6,M0,F,evaluation,1,1,0.6460399627685547,0,0.6836628317832947,False,2,0.0,1,"[0.150792, 0.332472, 0.068158, 0.156847, 0.291731]"
Actor,client,7,2655,6,M0,F,evaluation,1,1,0.4448043704032898,0,0.6836628317832947,False,1,1.0,0,"[0.150084, 0.217411, 0.236466, 0.237105, 0.158933]"
Actor,client,7,2676,6,M0,F,evaluation,4,1,0.6181989908218384,0,0.7520955204963684,False,3,0.0,1,"[0.191653, 0.187864, 0.07864, 0.163552, 0.378291]"
Actor,client,7,2682,6,M0,F,evaluation,1,1,0.3680562376976013,0,0.6836628317832947,False,0,,0,"[0.284559, 0.234561, 0.107061, 0.155086, 0.218733]"
Actor,client,7,2689,6,M0,F,evaluation,1,1,0.2243480086326599,0,0.6836628317832947,False,2,0.5,0,"[0.08479, 0.177589, 0.119325, 0.126634, 0.491663]"
Actor,client,7,2704,6,M0,F,evaluation,2,1,0.4012679159641266,0,0.7345184683799744,False,9,0.2222222222222222,0,"[0.089614, 0.184008, 0.233891, 0.314061, 0.178426]"
Actor,client,7,2757,6,M0,F,evaluation,3,1,0.3504854142665863,0,0.8173993229866028,False,0,,0,"[0.11872, 0.194567, 0.044314, 0.233382, 0.409017]"
Actor,client,7,2759,6,M0,F,evaluation,3,1,0.47036871314048767,0,0.8173993229866028,False,1,0.0,0,"[0.098406, 0.158998, 0.128752, 0.267415, 0.346429]"
Actor,client,7,2777,6,M0,F,evaluation,2,1,0.4525778293609619,0,0.7345184683799744,False,1,0.0,1,"[0.180501, 0.190052, 0.247713, 0.236311, 0.145424]"
Actor,client,7,2792,6,M0,F,evaluation,4,1,0.7046852111816406,0,0.7520955204963684,False,0,,1,"[0.111533, 0.01979, 0.223682, 0.271619, 0.373376]"
Actor,client,7,2804,6,M0,F,evaluation,4,1,0.33651357889175415,0,0.7520955204963684,False,2,0.5,0,"[0.119073, 0.138808, 0.203662, 0.317562, 0.220896]"
Actor,client,7,2824,6,M0,F,evaluation,1,1,0.32134127616882324,0,0.6836628317832947,False,1,1.0,0,"[0.232285, 0.200844, 0.193968, 0.163527, 0.209376]"
Actor,client,7,2836,6,M0,F,evaluation,4,1,0.6817257404327393,0,0.7520955204963684,False,1,1.0,1,"[0.132523, 0.069832, 0.157715, 0.245239, 0.394691]"
Actor,client,7,2848,6,M0,F,evaluation,0,1,0.36594513058662415,0,0.5450589656829834,False,3,0.0,0,"[0.142602, 0.184778, 0.207799, 0.301954, 0.162866]"
Actor,client,7,2888,6,M0,F,evaluation,2,1,0.44066521525382996,0,0.7345184683799744,False,1,0.0,0,"[0.204752, 0.166847, 0.238115, 0.240414, 0.149872]"
Actor,client,7,2923,6,M0,F,evaluation,1,1,0.35820090770721436,0,0.6836628317832947,False,2,0.5,0,"[0.185697, 0.200955, 0.327944, 0.130818, 0.154587]"
Actor,client,7,2926,6,M0,F,evaluation,4,1,0.3810291588306427,0,0.7520955204963684,False,1,0.0,1,"[0.18638, 0.202293, 0.199724, 0.194345, 0.217258]"
Actor,client,7,2947,6,M0,F,evaluation,3,1,0.4319972097873688,0,0.8173993229866028,False,2,0.0,0,"[0.151938, 0.156329, 0.218317, 0.232941, 0.240476]"
Actor,client,7,2956,6,M0,F,evaluation,4,1,0.5118528008460999,0,0.7520955204963684,False,1,1.0,1,"[0.119421, 0.156609, 0.219151, 0.233334, 0.271485]"
Actor,client,7,2995,6,M0,F,evaluation,2,1,0.48109740018844604,0,0.7345184683799744,False,1,0.0,1,"[0.158843, 0.218514, 0.264641, 0.201692, 0.156309]"
Actor,client,7,3000,6,M0,F,evaluation,2,1,0.4966036379337311,0,0.7345184683799744,False,2,0.0,1,"[0.106478, 0.149523, 0.269732, 0.226738, 0.247528]"
Actor,client,7,3015,6,M0,F,evaluation,2,1,0.44570785760879517,0,0.7345184683799744,False,1,0.0,1,"[0.205465, 0.154429, 0.238836, 0.210225, 0.191044]"
Actor,client,7,3076,6,M0,F,evaluation,4,1,0.5486807823181152,0,0.7520955204963684,False,1,0.0,1,"[0.136779, 0.219292, 0.159037, 0.177893, 0.306999]"
Actor,client,7,3129,6,M0,F,evaluation,3,1,0.5869551301002502,0,0.8173993229866028,False,0,,1,"[0.129493, 0.171241, 0.1079, 0.315415, 0.275951]"
Actor,client,7,3138,6,M0,F,evaluation,3,1,0.3961308002471924,0,0.8173993229866028,False,4,0.25,0,"[0.101094, 0.129546, 0.242952, 0.223593, 0.302815]"
Actor,client,7,3148,6,M0,F,evaluation,4,1,0.250072717666626,0,0.7520955204963684,False,2,0.0,0,"[0.175539, 0.211756, 0.209513, 0.229548, 0.173644]"
Actor,client,7,3159,6,M0,F,evaluation,2,1,0.45247921347618103,0,0.7345184683799744,False,5,0.0,1,"[0.109221, 0.184321, 0.253798, 0.239279, 0.213381]"
Actor,client,7,3173,6,M0,F,evaluation,2,1,0.5641477108001709,0,0.7345184683799744,False,3,0.0,1,"[0.106607, 0.157168, 0.300781, 0.283993, 0.151451]"
Actor,client,7,3183,6,M0,F,evaluation,1,1,0.3372623920440674,0,0.6836628317832947,False,1,0.0,0,"[0.127396, 0.187993, 0.252937, 0.193774, 0.2379]"
Actor,client,7,3202,6,M0,F,evaluation,4,1,0.49383124709129333,0,0.7520955204963684,False,1,0.0,1,"[0.183234, 0.110632, 0.202231, 0.24485, 0.259053]"
Actor,client,7,3239,6,M0,F,evaluation,4,1,0.7452635169029236,0,0.7520955204963684,False,1,1.0,1,"[0.08778, 0.089548, 0.074422, 0.154785, 0.593466]"
Actor,client,7,3242,6,M0,F,evaluation,1,1,0.34257811307907104,0,0.6836628317832947,False,1,0.0,0,"[0.164501, 0.188706, 0.231404, 0.21515, 0.200239]"
Actor,client,7,3258,6,M0,F,evaluation,1,1,0.33191972970962524,0,0.6836628317832947,False,5,0.2,0,"[0.149841, 0.186783, 0.209327, 0.219533, 0.234515]"
Actor,client,7,3268,6,M0,F,evaluation,2,1,0.3025083541870117,0,0.7345184683799744,False,1,0.0,0,"[0.162543, 0.175521, 0.180502, 0.234486, 0.246949]"
Actor,client,7,3291,6,M0,F,evaluation,3,1,0.4209497272968292,0,0.8173993229866028,False,5,0.2,0,"[0.124316, 0.178839, 0.193996, 0.237957, 0.264891]"
Actor,client,7,3317,6,M0,F,evaluation,2,1,0.325774610042572,0,0.7345184683799744,False,2,0.0,0,"[0.145041, 0.198195, 0.195336, 0.243183, 0.218246]"
Actor,client,7,3325,6,M0,F,evaluation,1,1,0.27932846546173096,0,0.6836628317832947,False,2,0.0,0,"[0.113273, 0.1725, 0.162272, 0.221057, 0.330898]"
Actor,client,7,3346,6,M0,F,evaluation,3,1,0.35674625635147095,0,0.8173993229866028,False,0,,0,"[0.032064, 0.146386, 0.15874, 0.232349, 0.430461]"
Actor,client,7,3373,6,M0,F,evaluation,0,1,0.4524916708469391,0,0.5450589656829834,False,5,0.0,0,"[0.146996, 0.19395, 0.137558, 0.223585, 0.297911]"
Actor,client,7,3408,6,M0,F,evaluation,1,1,0.41375985741615295,0,0.6836628317832947,False,1,0.0,0,"[0.116667, 0.208068, 0.205062, 0.249218, 0.220985]"
Actor,client,7,3423,6,M0,F,evaluation,3,1,0.38383370637893677,0,0.8173993229866028,False,1,0.0,0,"[0.180679, 0.240286, 0.201167, 0.218418, 0.15945]"
Actor,client,7,3470,6,M0,F,evaluation,3,1,0.7015893459320068,0,0.8173993229866028,False,3,0.3333333333333333,1,"[0.140766, 0.11567, 0.192098, 0.370912, 0.180554]"
Actor,client,7,3504,6,M0,F,evaluation,3,1,0.526246190071106,0,0.8173993229866028,False,1,1.0,1,"[0.143367, 0.136601, 0.195919, 0.272287, 0.251827]"
Actor,client,7,3511,6,M0,F,evaluation,0,1,0.46714523434638977,0,0.5450589656829834,False,2,0.0,0,"[0.164624, 0.288778, 0.082214, 0.177284, 0.287101]"
Actor,client,7,3543,6,M0,F,evaluation,0,1,0.3776625692844391,0,0.5450589656829834,False,7,0.14285714285714285,0,"[0.127723, 0.186763, 0.186399, 0.256999, 0.242116]"
Actor,client,7,3591,6,M0,F,evaluation,4,1,0.18563444912433624,0,0.7520955204963684,False,0,,0,"[0.186533, 0.266272, 0.137621, 0.24157, 0.168003]"
Actor,client,7,3618,6,M0,F,evaluation,2,1,0.3021567165851593,0,0.7345184683799744,False,2,0.0,0,"[0.191404, 0.192678, 0.179246, 0.24649, 0.190182]"
Actor,client,7,3619,6,M0,F,evaluation,3,1,0.5351714491844177,0,0.8173993229866028,False,1,0.0,1,"[0.185663, 0.161058, 0.139882, 0.277426, 0.235972]"
Actor,client,7,3651,6,M0,F,evaluation,1,1,0.7095698714256287,1,0.6836628317832947,False,0,,1,"[0.152208, 0.330624, 0.27571, 0.134915, 0.106543]"
Actor,client,7,3688,6,M0,F,evaluation,3,1,0.32701972126960754,0,0.8173993229866028,False,1,0.0,0,"[0.216629, 0.179524, 0.191187, 0.189973, 0.222687]"
Actor,client,7,3766,6,M0,F,evaluation,1,1,0.383468896150589,0,0.6836628317832947,False,3,0.0,0,"[0.145386, 0.200812, 0.21168, 0.235267, 0.206856]"
Actor,client,7,3776,6,M0,F,evaluation,3,1,0.6043885946273804,0,0.8173993229866028,False,2,0.5,1,"[0.05018, 0.156773, 0.152158, 0.331945, 0.308944]"
Actor,client,7,3816,6,M0,F,evaluation,4,1,0.4157610237598419,0,0.7520955204963684,False,1,0.0,0,"[0.062517, 0.151878, 0.130359, 0.354186, 0.30106]"
Actor,client,7,3822,6,M0,F,evaluation,4,1,0.5486384034156799,0,0.7520955204963684,False,3,0.0,1,"[0.120316, 0.155746, 0.219247, 0.219763, 0.284928]"
Actor,client,7,3887,6,M0,F,evaluation,4,1,0.6583012938499451,0,0.7520955204963684,False,1,0.0,1,"[0.168903, 0.094828, 0.226025, 0.193575, 0.316668]"
Actor,client,7,3921,6,M0,F,evaluation,4,1,0.3167071044445038,0,0.7520955204963684,False,4,0.25,0,"[0.123646, 0.204199, 0.243134, 0.234599, 0.194423]"
Actor,client,7,3936,6,M0,F,evaluation,0,1,0.4119345247745514,0,0.5450589656829834,False,2,0.0,0,"[0.17535, 0.207463, 0.249948, 0.199368, 0.167871]"
Actor,client,7,4010,6,M0,F,evaluation,2,1,0.3431450426578522,0,0.7345184683799744,False,2,0.0,0,"[0.162238, 0.201035, 0.202271, 0.267885, 0.166572]"
Actor,client,7,4094,6,M0,F,evaluation,0,1,0.3061755895614624,0,0.5450589656829834,False,3,0.0,0,"[0.104731, 0.172003, 0.182725, 0.379247, 0.161295]"
Actor,client,7,4107,6,M0,F,evaluation,2,1,0.21608364582061768,0,0.7345184683799744,False,4,0.0,0,"[0.19192, 0.240444, 0.136947, 0.219343, 0.211346]"
Actor,client,7,4109,6,M0,F,evaluation,3,1,0.4730073809623718,0,0.8173993229866028,False,2,0.0,1,"[0.171446, 0.205465, 0.158108, 0.255654, 0.209327]"
Actor,client,7,4127,6,M0,F,evaluation,1,1,0.5470755696296692,0,0.6836628317832947,False,0,,1,"[0.186533, 0.266272, 0.137621, 0.24157, 0.168003]"
Actor,client,7,4132,6,M0,F,evaluation,2,1,0.46442607045173645,0,0.7345184683799744,False,1,1.0,0,"[0.124139, 0.189233, 0.258316, 0.276962, 0.151349]"
Actor,client,7,4136,6,M0,F,evaluation,2,1,0.442443311214447,0,0.7345184683799744,False,1,0.0,1,"[0.177294, 0.190109, 0.243491, 0.217382, 0.171724]"
Actor,client,7,4218,6,M0,F,evaluation,4,1,0.7224634289741516,0,0.7520955204963684,False,3,0.0,1,"[0.053029, 0.114073, 0.1977, 0.199527, 0.435671]"
Actor,client,7,4225,6,M0,F,evaluation,3,1,0.4844076335430145,0,0.8173993229866028,False,2,0.0,1,"[0.186038, 0.206265, 0.181344, 0.254762, 0.171591]"
Actor,client,7,4230,6,M0,F,evaluation,1,1,0.4109349846839905,0,0.6836628317832947,False,2,0.0,0,"[0.156186, 0.213854, 0.192012, 0.233742, 0.204205]"
Actor,client,7,4321,6,M0,F,evaluation,4,1,0.4264600872993469,0,0.7520955204963684,False,2,0.0,0,"[0.160743, 0.138745, 0.193294, 0.262701, 0.244517]"
Actor,client,7,4336,6,M0,F,evaluation,3,1,0.6223787665367126,0,0.8173993229866028,False,0,,1,"[0.05819, 0.176689, 0.208639, 0.335092, 0.221391]"
Actor,client,7,4352,6,M0,F,evaluation,2,1,0.48383644223213196,0,0.7345184683799744,False,4,0.25,0,"[0.095191, 0.15031, 0.26528, 0.219771, 0.269449]"
Actor,client,7,4397,6,M0,F,evaluation,2,1,0.3875615894794464,0,0.7345184683799744,False,6,0.0,0,"[0.061348, 0.105387, 0.223602, 0.346935, 0.262727]"
Actor,client,7,4410,6,M0,F,evaluation,1,1,0.5455582737922668,0,0.6836628317832947,False,1,0.0,1,"[0.182986, 0.265928, 0.17458, 0.21808, 0.158426]"
Actor,client,7,4441,6,M0,F,evaluation,4,1,0.6286710500717163,0,0.7520955204963684,False,3,0.3333333333333333,1,"[0.161103, 0.131603, 0.148181, 0.208945, 0.350168]"
Actor,client,7,4442,6,M0,F,evaluation,4,1,0.7672679424285889,1,0.7520955204963684,False,0,,1,"[0.015847, 0.104255, 0.069327, 0.078382, 0.732189]"
Actor,client,7,4466,6,M0,F,evaluation,4,1,0.4792976379394531,0,0.7520955204963684,False,2,0.0,1,"[0.132241, 0.166685, 0.123703, 0.272126, 0.305246]"
Actor,client,7,4536,6,M0,F,evaluation,0,1,0.3947814702987671,0,0.5450589656829834,False,4,0.0,0,"[0.10492, 0.163275, 0.174074, 0.20265, 0.355081]"
Actor,client,7,4565,6,M0,F,evaluation,1,1,0.6290717124938965,0,0.6836628317832947,False,1,1.0,1,"[0.175104, 0.296528, 0.135855, 0.234003, 0.15851]"
Actor,client,7,4597,6,M0,F,evaluation,3,1,0.4712584912776947,0,0.8173993229866028,False,1,0.0,1,"[0.118533, 0.19142, 0.200861, 0.257597, 0.231588]"
Actor,client,7,4624,6,M0,F,evaluation,2,1,0.31962358951568604,0,0.7345184683799744,False,1,0.0,0,"[0.205784, 0.285098, 0.19408, 0.189221, 0.125818]"
Actor,client,7,4635,6,M0,F,evaluation,4,1,0.5427393317222595,0,0.7520955204963684,False,10,0.2,1,"[0.081653, 0.178793, 0.24287, 0.215296, 0.281388]"
Actor,client,7,4681,6,M0,F,evaluation,1,1,0.20634937286376953,0,0.6836628317832947,False,0,,0,"[0.188032, 0.12772, 0.219626, 0.240306, 0.224315]"
Actor,client,7,4686,6,M0,F,evaluation,2,1,0.621601939201355,0,0.7345184683799744,False,2,0.5,1,"[0.130312, 0.192452, 0.328896, 0.208073, 0.140268]"
Actor,client,7,4728,6,M0,F,evaluation,2,1,0.2978280186653137,0,0.7345184683799744,False,1,0.0,0,"[0.199132, 0.203719, 0.177047, 0.207559, 0.212543]"
Actor,client,7,4736,6,M0,F,evaluation,1,1,0.36432504653930664,0,0.6836628317832947,False,5,0.0,0,"[0.150146, 0.188488, 0.228271, 0.248061, 0.185035]"
Actor,client,7,4742,6,M0,F,evaluation,1,1,0.5881911516189575,0,0.6836628317832947,False,0,,1,"[0.171491, 0.276803, 0.231086, 0.196765, 0.123855]"
Actor,client,7,4753,6,M0,F,evaluation,1,1,0.314351886510849,0,0.6836628317832947,False,0,,0,"[0.126511, 0.197367, 0.233551, 0.133398, 0.309173]"
Actor,client,7,4806,6,M0,F,evaluation,2,1,0.595207929611206,0,0.7345184683799744,False,1,1.0,1,"[0.073878, 0.091406, 0.311383, 0.26407, 0.259263]"
Actor,client,7,4818,6,M0,F,evaluation,4,1,0.7920505404472351,1,0.7520955204963684,False,1,1.0,1,"[0.002655, 0.004814, 0.005778, 0.017811, 0.968942]"
Actor,client,7,4834,6,M0,F,evaluation,1,1,0.5916827917098999,0,0.6836628317832947,False,3,0.0,1,"[0.148762, 0.277919, 0.160304, 0.237835, 0.175181]"
Actor,client,7,4875,6,M0,F,evaluation,2,1,0.49389222264289856,0,0.7345184683799744,False,2,0.0,0,"[0.063152, 0.138361, 0.272584, 0.374308, 0.151595]"
Actor,client,7,4888,6,M0,F,evaluation,4,1,0.609565019607544,0,0.7520955204963684,False,1,1.0,1,"[0.140605, 0.088805, 0.135951, 0.272698, 0.361941]"
Actor,client,7,4889,6,M0,F,evaluation,0,1,0.48897016048431396,0,0.5450589656829834,False,2,0.5,0,"[0.20206, 0.211853, 0.208438, 0.179067, 0.198581]"
Actor,client,7,4924,6,M0,F,evaluation,4,1,0.44583383202552795,0,0.7520955204963684,False,1,0.0,1,"[0.140438, 0.179633, 0.172087, 0.245092, 0.262749]"
Actor,client,7,4930,6,M0,F,evaluation,3,1,0.5941104292869568,0,0.8173993229866028,False,4,0.25,1,"[0.094494, 0.167899, 0.263566, 0.305913, 0.168128]"
Actor,client,7,4971,6,M0,F,evaluation,3,1,0.6691161394119263,0,0.8173993229866028,False,0,,1,"[0.06524, 0.062938, 0.232293, 0.351494, 0.288035]"
Actor,client,7,4975,6,M0,F,evaluation,2,1,0.4249497652053833,0,0.7345184683799744,False,1,0.0,0,"[0.117375, 0.174482, 0.240362, 0.264063, 0.203718]"
Actor,client,7,4989,6,M0,F,evaluation,4,1,0.4490935802459717,0,0.7520955204963684,False,2,0.0,1,"[0.182808, 0.182137, 0.162818, 0.215664, 0.256573]"
Actor,client,7,5001,6,M0,F,evaluation,3,1,0.2534641921520233,0,0.8173993229866028,False,1,0.0,0,"[0.230519, 0.204697, 0.208327, 0.160027, 0.19643]"
Actor,client,7,5081,6,M0,F,evaluation,0,1,0.38550740480422974,0,0.5450589656829834,False,1,0.0,0,"[0.160468, 0.218839, 0.229108, 0.224027, 0.167558]"
Actor,client,7,5113,6,M0,F,evaluation,2,1,0.40715715289115906,0,0.7345184683799744,False,2,0.0,1,"[0.171524, 0.219711, 0.231478, 0.224082, 0.153205]"
Actor,client,7,5127,6,M0,F,evaluation,1,1,0.5275580883026123,0,0.6836628317832947,False,2,1.0,1,"[0.161044, 0.255583, 0.209511, 0.211768, 0.162093]"
Actor,client,7,5128,6,M0,F,evaluation,3,1,0.47769805788993835,0,0.8173993229866028,False,2,0.5,1,"[0.166074, 0.205793, 0.216672, 0.251099, 0.160361]"
Actor,client,7,5199,6,M0,F,evaluation,3,1,0.3832401633262634,0,0.8173993229866028,False,1,0.0,0,"[0.228383, 0.200667, 0.167309, 0.212186, 0.191456]"
Actor,client,7,5216,6,M0,F,evaluation,3,1,0.40822112560272217,0,0.8173993229866028,False,5,0.0,0,"[0.195483, 0.235539, 0.140825, 0.231933, 0.196221]"
Actor,client,7,5221,6,M0,F,evaluation,3,1,0.6239318251609802,0,0.8173993229866028,False,3,0.0,1,"[0.150679, 0.175926, 0.17698, 0.323033, 0.173382]"
Actor,client,7,5224,6,M0,F,evaluation,0,1,0.5988950729370117,1,0.5450589656829834,False,1,0.0,0,"[0.208492, 0.094828, 0.122869, 0.304549, 0.269263]"
Actor,client,7,5233,6,M0,F,evaluation,4,1,0.7911403775215149,1,0.7520955204963684,False,0,,1,"[0.003272, 0.006733, 0.008633, 0.023705, 0.957657]"
Actor,client,7,5247,6,M0,F,evaluation,2,1,0.2360096424818039,0,0.7345184683799744,False,5,0.2,0,"[0.147778, 0.220566, 0.151624, 0.290482, 0.18955]"
Actor,client,7,5253,6,M0,F,evaluation,0,1,0.48371249437332153,0,0.5450589656829834,False,1,0.0,0,"[0.187948, 0.177188, 0.23253, 0.164012, 0.238322]"
Actor,client,7,5254,6,M0,F,evaluation,3,1,0.5285708904266357,0,0.8173993229866028,False,2,0.5,0,"[0.129714, 0.175464, 0.28656, 0.267059, 0.141203]"
Actor,client,7,5255,6,M0,F,evaluation,2,1,0.42663928866386414,0,0.7345184683799744,False,0,,0,"[0.141109, 0.208822, 0.241377, 0.164787, 0.243906]"
Actor,client,7,5311,6,M0,F,evaluation,3,1,0.45656880736351013,0,0.8173993229866028,False,2,0.5,1,"[0.159064, 0.229631, 0.153158, 0.253708, 0.204438]"
Actor,client,7,5319,6,M0,F,evaluation,3,1,0.35487502813339233,0,0.8173993229866028,False,2,0.0,0,"[0.161958, 0.2324, 0.205787, 0.210106, 0.189749]"
Actor,client,7,5329,6,M0,F,evaluation,3,1,0.669791579246521,0,0.8173993229866028,False,0,,1,"[0.212796, 0.158357, 0.157078, 0.34101, 0.130759]"
Actor,client,7,5336,6,M0,F,evaluation,4,1,0.5645692348480225,0,0.7520955204963684,False,1,0.0,1,"[0.135406, 0.175562, 0.166845, 0.208781, 0.313406]"
Actor,client,7,5412,6,M0,F,evaluation,0,1,0.2998813986778259,0,0.5450589656829834,False,3,0.3333333333333333,0,"[0.100079, 0.193156, 0.199237, 0.317437, 0.190091]"
Actor,client,7,5422,6,M0,F,evaluation,4,1,0.6547073125839233,0,0.7520955204963684,False,1,0.0,1,"[0.076627, 0.199897, 0.126434, 0.173229, 0.423813]"
Actor,client,7,5428,6,M0,F,evaluation,4,1,0.3716948628425598,0,0.7520955204963684,False,3,0.3333333333333333,0,"[0.144716, 0.169728, 0.240707, 0.234481, 0.210368]"
Actor,client,7,5433,6,M0,F,evaluation,4,1,0.596651017665863,0,0.7520955204963684,False,1,0.0,1,"[0.128974, 0.098465, 0.157716, 0.271234, 0.343611]"
Actor,client,7,5466,6,M0,F,evaluation,3,1,0.06919297575950623,0,0.8173993229866028,False,0,,0,"[0.076921, 0.129833, 0.054781, 0.092136, 0.646328]"
Actor,client,7,5481,6,M0,F,evaluation,1,1,0.3042069375514984,0,0.6836628317832947,False,1,0.0,0,"[0.151249, 0.16577, 0.245957, 0.239562, 0.197461]"
Actor,client,7,5497,6,M0,F,evaluation,3,1,0.4787031412124634,0,0.8173993229866028,False,1,0.0,1,"[0.159759, 0.223955, 0.170096, 0.259538, 0.186652]"
Actor,client,7,5516,6,M0,F,evaluation,3,1,0.33667340874671936,0,0.8173993229866028,False,2,0.0,0,"[0.118754, 0.185507, 0.130445, 0.217145, 0.34815]"
Actor,client,7,5546,6,M0,F,evaluation,1,1,0.4187704026699066,0,0.6836628317832947,False,1,0.0,0,"[0.087203, 0.191363, 0.278239, 0.275364, 0.167832]"
Actor,client,7,5583,6,M0,F,evaluation,1,1,0.3279600143432617,0,0.6836628317832947,False,0,,0,"[0.135562, 0.168564, 0.234942, 0.270023, 0.190909]"
Actor,client,7,5595,6,M0,F,evaluation,2,1,0.6974599361419678,0,0.7345184683799744,False,0,,1,"[0.163726, 0.213424, 0.368036, 0.136899, 0.117915]"
Actor,client,7,5599,6,M0,F,evaluation,3,1,0.31666451692581177,0,0.8173993229866028,False,1,0.0,0,"[0.231858, 0.209081, 0.139982, 0.192055, 0.227024]"
Actor,client,7,5681,6,M0,F,evaluation,3,1,0.3772077262401581,0,0.8173993229866028,False,2,0.0,0,"[0.161313, 0.202768, 0.215793, 0.215037, 0.205088]"
Actor,client,7,5725,6,M0,F,evaluation,3,1,0.7654991745948792,0,0.8173993229866028,False,0,,1,"[0.03327, 0.045953, 0.170716, 0.458748, 0.291313]"
Actor,client,7,5726,6,M0,F,evaluation,0,1,0.43198832869529724,0,0.5450589656829834,False,2,0.0,0,"[0.145525, 0.195535, 0.192892, 0.170058, 0.295989]"
Actor,client,7,5770,6,M0,F,evaluation,0,1,0.47472527623176575,0,0.5450589656829834,False,1,0.0,0,"[0.229762, 0.273359, 0.214084, 0.184562, 0.098233]"
Actor,client,7,5798,6,M0,F,evaluation,4,1,0.6246823668479919,0,0.7520955204963684,False,2,0.0,1,"[0.140408, 0.142006, 0.189578, 0.199655, 0.328353]"
Actor,client,7,5816,6,M0,F,evaluation,3,1,0.6454716324806213,0,0.8173993229866028,False,0,,1,"[0.11698, 0.165815, 0.152036, 0.344143, 0.221027]"
Actor,client,7,5831,6,M0,F,evaluation,1,1,0.5680844783782959,0,0.6836628317832947,False,1,0.0,1,"[0.187199, 0.281534, 0.200695, 0.171239, 0.159334]"
Actor,client,7,5856,6,M0,F,evaluation,2,1,0.36687883734703064,0,0.7345184683799744,False,1,0.0,0,"[0.180541, 0.207736, 0.211718, 0.235326, 0.164679]"
Actor,client,7,5897,6,M0,F,evaluation,2,1,0.7762130498886108,1,0.7345184683799744,False,1,1.0,1,"[0.046216, 0.076798, 0.414973, 0.241868, 0.220145]"
Actor,client,7,5903,6,M0,F,evaluation,2,1,0.2261664718389511,0,0.7345184683799744,False,4,0.0,0,"[0.046465, 0.073589, 0.142307, 0.22254, 0.515099]"
Actor,client,7,5950,6,M0,F,evaluation,0,1,0.4760814905166626,0,0.5450589656829834,False,1,0.0,0,"[0.174985, 0.19864, 0.166798, 0.20962, 0.249957]"
Actor,client,7,5976,6,M0,F,evaluation,4,1,0.44744208455085754,0,0.7520955204963684,False,3,0.0,0,"[0.031482, 0.099192, 0.152754, 0.399195, 0.317377]"
Actor,client,7,6047,6,M0,F,evaluation,3,1,0.2157299667596817,0,0.8173993229866028,False,1,0.0,0,"[0.160392, 0.249676, 0.340553, 0.141868, 0.107512]"
Actor,client,7,6064,6,M0,F,evaluation,4,1,0.22379057109355927,0,0.7520955204963684,False,1,0.0,0,"[0.13342, 0.190826, 0.265075, 0.255235, 0.155444]"
Actor,client,7,6133,6,M0,F,evaluation,2,1,0.35155877470970154,0,0.7345184683799744,False,3,0.3333333333333333,0,"[0.117011, 0.267347, 0.216219, 0.250956, 0.148467]"
Actor,client,7,6157,6,M0,F,evaluation,0,1,0.45700591802597046,0,0.5450589656829834,False,0,,0,"[0.207558, 0.181749, 0.316318, 0.139156, 0.15522]"
Actor,client,7,6177,6,M0,F,evaluation,3,1,0.4437848627567291,0,0.8173993229866028,False,1,0.0,0,"[0.101055, 0.231311, 0.136199, 0.260789, 0.270646]"
Actor,client,7,6211,6,M0,F,evaluation,1,1,0.4781700372695923,0,0.6836628317832947,False,2,0.5,1,"[0.169403, 0.243989, 0.179911, 0.211756, 0.19494]"
Actor,client,7,6227,6,M0,F,evaluation,4,1,0.4913327395915985,0,0.7520955204963684,False,4,0.25,1,"[0.104266, 0.170998, 0.210997, 0.242481, 0.271257]"
Actor,client,7,6263,6,M0,F,evaluation,1,1,0.3288875222206116,0,0.6836628317832947,False,3,0.3333333333333333,0,"[0.168783, 0.198349, 0.17078, 0.193785, 0.268303]"
Actor,client,7,6265,6,M0,F,evaluation,1,1,0.401057630777359,0,0.6836628317832947,False,4,0.0,0,"[0.162478, 0.215252, 0.186463, 0.218664, 0.217143]"
Actor,client,7,6275,6,M0,F,evaluation,0,1,0.4464953541755676,0,0.5450589656829834,False,7,0.0,0,"[0.104708, 0.152631, 0.08162, 0.25672, 0.404321]"
Actor,client,7,6281,6,M0,F,evaluation,4,1,0.37880638241767883,0,0.7520955204963684,False,3,0.3333333333333333,0,"[0.161007, 0.169911, 0.225322, 0.229076, 0.214684]"
Actor,client,7,6299,6,M0,F,evaluation,4,1,0.2160835713148117,0,0.7520955204963684,False,3,0.3333333333333333,0,"[0.169101, 0.295224, 0.186087, 0.184981, 0.164608]"
Actor,client,7,6317,6,M0,F,evaluation,2,1,0.45220255851745605,0,0.7345184683799744,False,2,0.5,1,"[0.16969, 0.202916, 0.249492, 0.193921, 0.183982]"
Actor,client,7,6340,6,M0,F,evaluation,1,1,0.5316228270530701,0,0.6836628317832947,False,1,0.0,1,"[0.133064, 0.26565, 0.181684, 0.191616, 0.227987]"
Actor,client,7,6341,6,M0,F,evaluation,0,1,0.42027392983436584,0,0.5450589656829834,False,3,0.0,0,"[0.146523, 0.157703, 0.211561, 0.233703, 0.25051]"
Actor,client,7,6372,6,M0,F,evaluation,1,1,0.46428677439689636,0,0.6836628317832947,False,2,0.5,0,"[0.091593, 0.21514, 0.259732, 0.252386, 0.181149]"
Actor,client,7,6376,6,M0,F,evaluation,0,1,0.3864886462688446,0,0.5450589656829834,False,1,0.0,0,"[0.131055, 0.176315, 0.203551, 0.238345, 0.250734]"
Actor,client,7,6393,6,M0,F,evaluation,0,1,0.4726618230342865,0,0.5450589656829834,False,3,0.3333333333333333,0,"[0.181509, 0.206317, 0.187238, 0.191587, 0.233348]"
Actor,client,7,6428,6,M0,F,evaluation,1,1,0.39635756611824036,0,0.6836628317832947,False,3,0.3333333333333333,0,"[0.12168, 0.202779, 0.15964, 0.275062, 0.240839]"
Actor,client,7,6485,6,M0,F,evaluation,0,1,0.3738805055618286,0,0.5450589656829834,False,1,0.0,0,"[0.146878, 0.219891, 0.220048, 0.218273, 0.19491]"
Actor,client,7,6489,6,M0,F,evaluation,2,1,0.20384152233600616,0,0.7345184683799744,False,6,0.16666666666666666,0,"[0.017465, 0.060363, 0.130982, 0.269652, 0.521538]"
Actor,client,7,6494,6,M0,F,evaluation,3,1,0.5683205723762512,0,0.8173993229866028,False,0,,0,"[0.066397, 0.190291, 0.076852, 0.322639, 0.343821]"
Actor,client,7,6549,6,M0,F,evaluation,3,1,0.31460824608802795,0,0.8173993229866028,False,1,1.0,0,"[0.086617, 0.194003, 0.207834, 0.205215, 0.306331]"
Actor,client,7,6554,6,M0,F,evaluation,2,1,0.5227864980697632,0,0.7345184683799744,False,1,0.0,1,"[0.133641, 0.116366, 0.275435, 0.236607, 0.237951]"
Actor,client,7,6595,6,M0,F,evaluation,2,1,0.6854071021080017,0,0.7345184683799744,False,2,1.0,1,"[0.133785, 0.228501, 0.36562, 0.117715, 0.154379]"
Actor,client,7,6607,6,M0,F,evaluation,1,1,0.31001272797584534,0,0.6836628317832947,False,1,0.0,0,"[0.14593, 0.176028, 0.195947, 0.237626, 0.244468]"
Actor,client,7,6611,6,M0,F,evaluation,2,1,0.8741580843925476,1,0.7345184683799744,False,0,,1,"[0.174841, 0.099615, 0.499617, 0.102057, 0.12387]"
Actor,client,7,6639,6,M0,F,evaluation,3,1,0.3060340881347656,0,0.8173993229866028,False,2,1.0,0,"[0.176882, 0.183059, 0.247189, 0.182012, 0.210858]"
Actor,client,7,6642,6,M0,F,evaluation,1,1,0.532543957233429,0,0.6836628317832947,False,0,,1,"[0.119679, 0.251661, 0.206758, 0.231566, 0.190335]"
Actor,client,7,6664,6,M0,F,evaluation,3,1,0.37271374464035034,0,0.8173993229866028,False,0,,0,"[0.08582, 0.142424, 0.140988, 0.231287, 0.399482]"
Actor,client,7,6675,6,M0,F,evaluation,4,1,0.3020820617675781,0,0.7520955204963684,False,3,0.3333333333333333,0,"[0.163302, 0.204588, 0.215938, 0.224784, 0.191388]"
Actor,client,7,6694,6,M0,F,evaluation,2,1,0.28137946128845215,0,0.7345184683799744,False,2,0.0,0,"[0.149234, 0.193033, 0.172352, 0.18493, 0.30045]"
Actor,client,7,6695,6,M0,F,evaluation,2,1,0.39967095851898193,0,0.7345184683799744,False,2,0.0,0,"[0.139786, 0.165547, 0.226262, 0.242921, 0.225485]"
Actor,client,7,6708,6,M0,F,evaluation,1,1,0.07466541230678558,0,0.6836628317832947,False,7,0.42857142857142855,0,"[0.030816, 0.06908, 0.085839, 0.149627, 0.664638]"
Actor,client,7,6731,6,M0,F,evaluation,1,1,0.3879382610321045,0,0.6836628317832947,False,1,0.0,0,"[0.187004, 0.210093, 0.225632, 0.199368, 0.177903]"
Actor,client,7,6733,6,M0,F,evaluation,3,1,0.35166534781455994,0,0.8173993229866028,False,1,1.0,0,"[0.162201, 0.156165, 0.093809, 0.218223, 0.369601]"
Actor,client,7,6748,6,M0,F,evaluation,4,1,0.4082146883010864,0,0.7520955204963684,False,4,0.0,1,"[0.155211, 0.198914, 0.220093, 0.200867, 0.224915]"
Actor,client,7,6749,6,M0,F,evaluation,0,1,0.5979424715042114,1,0.5450589656829834,False,1,0.0,0,"[0.235626, 0.163686, 0.185523, 0.16894, 0.246226]"
Actor,client,7,6915,6,M0,F,evaluation,2,1,0.40055498480796814,0,0.7345184683799744,False,6,0.16666666666666666,0,"[0.154026, 0.236374, 0.231327, 0.167782, 0.210491]"
Actor,client,7,6929,6,M0,F,evaluation,4,1,0.5527294278144836,0,0.7520955204963684,False,4,0.25,1,"[0.104213, 0.141535, 0.132171, 0.275674, 0.346407]"
Actor,client,7,6931,6,M0,F,evaluation,4,1,0.2631947100162506,0,0.7520955204963684,False,3,0.0,0,"[0.192013, 0.224882, 0.208197, 0.200263, 0.174646]"
Actor,client,7,6958,6,M0,F,evaluation,2,1,0.5292454957962036,0,0.7345184683799744,False,2,0.5,1,"[0.097625, 0.159147, 0.285959, 0.249905, 0.207363]"
Actor,client,7,6989,6,M0,F,evaluation,3,1,0.3767225742340088,0,0.8173993229866028,False,2,0.0,0,"[0.103621, 0.149958, 0.131054, 0.23153, 0.383837]"
Actor,client,7,6997,6,M0,F,evaluation,2,1,0.21686266362667084,0,0.7345184683799744,False,4,0.0,0,"[0.160263, 0.184075, 0.135397, 0.197908, 0.322357]"
Actor,client,7,7024,6,M0,F,evaluation,3,1,0.6147347688674927,0,0.8173993229866028,False,1,0.0,1,"[0.171235, 0.156999, 0.200977, 0.309925, 0.160864]"
Actor,client,7,7031,6,M0,F,evaluation,3,1,0.5825897455215454,0,0.8173993229866028,False,1,0.0,1,"[0.048674, 0.098852, 0.250154, 0.304823, 0.297497]"
Actor,client,7,7095,6,M0,F,evaluation,1,1,0.1681641787290573,0,0.6836628317832947,False,3,0.0,0,"[0.097662, 0.11524, 0.197798, 0.213296, 0.376003]"
Actor,client,7,7110,6,M0,F,evaluation,1,1,0.2659309208393097,0,0.6836628317832947,False,1,0.0,0,"[0.125328, 0.167786, 0.168862, 0.214664, 0.32336]"
Actor,client,7,7112,6,M0,F,evaluation,2,1,0.23321200907230377,0,0.7345184683799744,False,3,0.0,0,"[0.045844, 0.045634, 0.144004, 0.221403, 0.543115]"
Actor,client,7,7172,6,M0,F,evaluation,1,1,0.3937797248363495,0,0.6836628317832947,False,1,0.0,0,"[0.141998, 0.202621, 0.230838, 0.230191, 0.194352]"
Actor,client,7,7232,6,M0,F,evaluation,3,1,0.39222872257232666,0,0.8173993229866028,False,1,0.0,0,"[0.174185, 0.159878, 0.188203, 0.219024, 0.258709]"
Actor,client,7,7251,6,M0,F,evaluation,3,1,0.31332826614379883,0,0.8173993229866028,False,0,,0,"[0.141123, 0.252841, 0.283253, 0.190106, 0.132677]"
Actor,client,7,7272,6,M0,F,evaluation,1,1,0.29318368434906006,0,0.6836628317832947,False,2,0.0,0,"[0.214593, 0.190469, 0.203013, 0.154247, 0.237678]"
Actor,client,7,7296,6,M0,F,evaluation,3,1,0.7075955867767334,0,0.8173993229866028,False,2,0.0,1,"[0.045026, 0.171689, 0.091877, 0.411599, 0.279808]"
Actor,client,7,7322,6,M0,F,evaluation,2,1,0.4109998047351837,0,0.7345184683799744,False,2,0.0,0,"[0.169411, 0.256211, 0.236455, 0.178049, 0.159874]"
Actor,client,7,7323,6,M0,F,evaluation,4,1,0.7376157641410828,0,0.7520955204963684,False,1,0.0,1,"[0.02212, 0.045621, 0.065023, 0.193808, 0.673429]"
Actor,client,7,7384,6,M0,F,evaluation,3,1,0.48520293831825256,0,0.8173993229866028,False,2,1.0,1,"[0.163241, 0.182339, 0.197594, 0.255288, 0.201538]"
Actor,client,7,7389,6,M0,F,evaluation,1,1,0.5557586550712585,0,0.6836628317832947,False,3,0.6666666666666666,1,"[0.153438, 0.255529, 0.213597, 0.245953, 0.131483]"
Actor,client,7,7395,6,M0,F,evaluation,3,1,0.5257827639579773,0,0.8173993229866028,False,2,0.0,1,"[0.172948, 0.215408, 0.200138, 0.271933, 0.139573]"
Actor,client,7,7410,6,M0,F,evaluation,1,1,0.5512335896492004,0,0.6836628317832947,False,1,1.0,1,"[0.192312, 0.270001, 0.157114, 0.221101, 0.159472]"
Actor,client,7,7455,6,M0,F,evaluation,3,1,0.39093437790870667,0,0.8173993229866028,False,9,0.3333333333333333,0,"[0.047076, 0.078734, 0.135537, 0.24074, 0.497912]"
Actor,client,7,7505,6,M0,F,evaluation,3,1,0.5558607578277588,0,0.8173993229866028,False,0,,0,"[0.20371, 0.093199, 0.119298, 0.281125, 0.302668]"
Actor,client,7,7509,6,M0,F,evaluation,4,1,0.3701770007610321,0,0.7520955204963684,False,3,0.3333333333333333,0,"[0.143321, 0.212021, 0.182855, 0.232471, 0.229332]"
Actor,client,7,7521,6,M0,F,evaluation,4,1,0.4991360902786255,0,0.7520955204963684,False,1,0.0,1,"[0.061689, 0.161269, 0.160386, 0.298985, 0.317672]"
Actor,client,7,6348,6,M0,F,evaluation,3,1,0.24319593608379364,0,0.8173993229866028,False,0,,0,"[0.174706, 0.235205, 0.133651, 0.176077, 0.280361]"
Actor,client,7,6350,6,M0,F,evaluation,3,1,0.5462304949760437,0,0.8173993229866028,False,1,1.0,1,"[0.183976, 0.162318, 0.189899, 0.276387, 0.18742]"
Actor,client,7,6380,6,M0,F,evaluation,3,1,0.6345058679580688,0,0.8173993229866028,False,0,,1,"[0.157496, 0.087179, 0.189529, 0.319601, 0.246196]"
Actor,client,7,6384,6,M0,F,evaluation,3,1,0.7555549144744873,0,0.8173993229866028,False,1,0.0,1,"[0.203708, 0.179801, 0.075945, 0.432224, 0.108322]"
Actor,client,7,6394,6,M0,F,evaluation,1,1,0.4160540699958801,0,0.6836628317832947,False,0,,1,"[0.190078, 0.22031, 0.19975, 0.213178, 0.176684]"
Actor,client,7,6399,6,M0,F,evaluation,4,1,0.542155385017395,0,0.7520955204963684,False,0,,1,"[0.071844, 0.105436, 0.181488, 0.316685, 0.324546]"
Actor,client,7,6449,6,M0,F,evaluation,3,1,0.8031280040740967,0,0.8173993229866028,False,0,,1,"[0.044498, 0.108542, 0.06149, 0.543391, 0.24208]"
Actor,client,7,6465,6,M0,F,evaluation,1,1,0.5907675623893738,0,0.6836628317832947,False,0,,1,"[0.162008, 0.274432, 0.187479, 0.235093, 0.140988]"
Actor,client,7,6481,6,M0,F,evaluation,1,1,0.4069533944129944,0,0.6836628317832947,False,0,,0,"[0.123628, 0.194563, 0.359721, 0.199496, 0.122592]"
Actor,client,7,6497,6,M0,F,evaluation,4,1,0.8070783019065857,1,0.7520955204963684,False,0,,1,"[0.087412, 0.096417, 0.235494, 0.106591, 0.474086]"
Actor,client,7,6510,6,M0,F,evaluation,2,1,0.7235199809074402,0,0.7345184683799744,False,2,0.5,1,"[0.141777, 0.10403, 0.373498, 0.205984, 0.174712]"
Actor,client,7,6511,6,M0,F,evaluation,4,1,0.22026312351226807,0,0.7520955204963684,False,1,0.0,0,"[0.147809, 0.238346, 0.115616, 0.298047, 0.200181]"
Actor,client,7,6531,6,M0,F,evaluation,4,1,0.1406281739473343,0,0.7520955204963684,False,0,,0,"[0.213468, 0.261155, 0.226967, 0.183961, 0.114451]"
Actor,client,7,6541,6,M0,F,evaluation,3,1,0.5761492252349854,0,0.8173993229866028,False,0,,1,"[0.146318, 0.107765, 0.206482, 0.290607, 0.248829]"
Actor,client,7,6556,6,M0,F,evaluation,2,1,0.19523195922374725,0,0.7345184683799744,False,2,0.0,0,"[0.012779, 0.17036, 0.136853, 0.450639, 0.22937]"
Actor,client,7,6587,6,M0,F,evaluation,0,1,0.4267129600048065,0,0.5450589656829834,False,0,,0,"[0.202474, 0.257829, 0.242352, 0.181321, 0.116023]"
Actor,client,7,6589,6,M0,F,evaluation,2,1,0.3809322714805603,0,0.7345184683799744,False,0,,0,"[0.045684, 0.084948, 0.219625, 0.260996, 0.388748]"
Actor,client,7,6593,6,M0,F,evaluation,4,1,0.7686049342155457,1,0.7520955204963684,False,0,,1,"[0.068634, 0.09605, 0.113339, 0.130453, 0.591524]"
Actor,client,7,6621,6,M0,F,evaluation,3,1,0.6968240737915039,0,0.8173993229866028,False,5,0.4,1,"[0.083291, 0.136262, 0.130838, 0.387163, 0.262446]"
Actor,client,7,6622,6,M0,F,evaluation,2,1,0.6120721101760864,0,0.7345184683799744,False,0,,1,"[0.191035, 0.148287, 0.313843, 0.20208, 0.144755]"
Actor,client,7,6646,6,M0,F,evaluation,4,1,0.8050300478935242,1,0.7520955204963684,False,1,1.0,1,"[0.07145, 0.105146, 0.121103, 0.050014, 0.652287]"
Actor,client,7,6651,6,M0,F,evaluation,4,1,0.5520467162132263,0,0.7520955204963684,False,0,,1,"[0.058108, 0.10197, 0.221155, 0.308454, 0.310313]"
Actor,client,7,6653,6,M0,F,evaluation,1,1,0.5470755696296692,0,0.6836628317832947,False,0,,1,"[0.186533, 0.266272, 0.137621, 0.24157, 0.168003]"
Actor,client,7,6670,6,M0,F,evaluation,4,1,0.786532461643219,1,0.7520955204963684,False,0,,1,"[0.00759, 0.011061, 0.001362, 0.028583, 0.951403]"
Actor,client,7,6712,6,M0,F,evaluation,0,1,0.5098995566368103,0,0.5450589656829834,False,1,0.0,0,"[0.165889, 0.082784, 0.130145, 0.366691, 0.254491]"
Actor,client,7,6730,6,M0,F,evaluation,4,1,0.7916719317436218,1,0.7520955204963684,False,0,,1,"[0.065929, 0.125334, 0.155165, 0.082604, 0.570968]"
Actor,client,7,6806,6,M0,F,evaluation,3,1,0.6312193274497986,0,0.8173993229866028,False,0,,1,"[0.026599, 0.146915, 0.287999, 0.334095, 0.204392]"
Actor,client,7,6808,6,M0,F,evaluation,3,1,0.6577025055885315,0,0.8173993229866028,False,0,,1,"[0.206229, 0.199545, 0.137058, 0.3399, 0.117268]"
Actor,client,7,6813,6,M0,F,evaluation,4,1,0.769416868686676,1,0.7520955204963684,False,0,,1,"[0.01898, 0.018002, 0.038915, 0.126125, 0.797977]"
Actor,client,7,6814,6,M0,F,evaluation,2,1,0.39400556683540344,0,0.7345184683799744,False,0,,0,"[0.20657, 0.255223, 0.22547, 0.190226, 0.122512]"
Actor,client,7,6817,6,M0,F,evaluation,2,1,0.7511306405067444,1,0.7345184683799744,False,0,,1,"[0.023012, 0.044669, 0.395943, 0.223425, 0.312952]"
Actor,client,7,6829,6,M0,F,evaluation,3,1,0.806770384311676,0,0.8173993229866028,False,0,,1,"[0.016799, 0.154403, 0.081156, 0.562684, 0.184959]"
Actor,client,7,6845,6,M0,F,evaluation,1,1,0.2798354923725128,0,0.6836628317832947,False,0,,0,"[0.139814, 0.139803, 0.344023, 0.243677, 0.132682]"
Actor,client,7,6902,6,M0,F,evaluation,3,1,0.46777766942977905,0,0.8173993229866028,False,2,0.0,1,"[0.161282, 0.212697, 0.183914, 0.252633, 0.189473]"
Actor,client,7,6906,6,M0,F,evaluation,3,1,0.4243009388446808,0,0.8173993229866028,False,0,,0,"[0.186533, 0.266272, 0.137621, 0.24157, 0.168003]"
Actor,client,7,6912,6,M0,F,evaluation,2,1,0.8208520412445068,1,0.7345184683799744,False,1,0.0,1,"[0.093915, 0.090831, 0.448158, 0.131086, 0.236011]"
Actor,client,7,6923,6,M0,F,evaluation,3,1,0.5170257091522217,0,0.8173993229866028,False,0,,0,"[0.277452, 0.183049, 0.176273, 0.25132, 0.111906]"
Actor,client,7,6928,6,M0,F,evaluation,4,1,0.15556597709655762,0,0.7520955204963684,False,0,,0,"[0.095936, 0.173845, 0.232232, 0.352541, 0.145446]"
Actor,client,7,6965,6,M0,F,evaluation,4,1,0.24838998913764954,0,0.7520955204963684,False,0,,0,"[0.144203, 0.223282, 0.354331, 0.142911, 0.135272]"
Actor,client,7,6966,6,M0,F,evaluation,4,1,0.2120097279548645,0,0.7520955204963684,False,0,,0,"[0.058545, 0.098318, 0.170159, 0.467898, 0.205079]"
Actor,client,7,6969,6,M0,F,evaluation,3,1,0.5237178206443787,0,0.8173993229866028,False,0,,0,"[0.120479, 0.132117, 0.133076, 0.282576, 0.331752]"
Actor,client,7,6980,6,M0,F,evaluation,3,1,0.856509268283844,1,0.8173993229866028,False,0,,1,"[0.016358, 0.036466, 0.043908, 0.74507, 0.158198]"
Actor,client,7,6988,6,M0,F,evaluation,3,1,0.762454628944397,0,0.8173993229866028,False,0,,1,"[0.021644, 0.13718, 0.251243, 0.456982, 0.132951]"
Actor,client,7,7000,6,M0,F,evaluation,4,1,0.26905062794685364,0,0.7520955204963684,False,2,0.5,0,"[0.143092, 0.250178, 0.180719, 0.232342, 0.193669]"
Actor,client,7,7001,6,M0,F,evaluation,4,1,0.7561109662055969,1,0.7520955204963684,False,0,,1,"[0.049146, 0.04507, 0.081113, 0.176865, 0.647805]"
Actor,client,7,7004,6,M0,F,evaluation,4,1,0.7455461025238037,0,0.7520955204963684,False,0,,1,"[0.081879, 0.048519, 0.016633, 0.149907, 0.703062]"
Actor,client,7,7009,6,M0,F,evaluation,4,1,0.3406447768211365,0,0.7520955204963684,False,1,1.0,0,"[0.105778, 0.217391, 0.254455, 0.221598, 0.200779]"
Actor,client,7,7010,6,M0,F,evaluation,0,1,0.47285768389701843,0,0.5450589656829834,False,0,,0,"[0.21295, 0.229487, 0.211348, 0.214798, 0.131418]"
Actor,client,7,7040,6,M0,F,evaluation,2,1,0.8939546942710876,1,0.7345184683799744,False,0,,1,"[0.031081, 0.067993, 0.539276, 0.23558, 0.12607]"
Actor,client,7,7044,6,M0,F,evaluation,0,1,0.4341505765914917,0,0.5450589656829834,False,2,0.0,0,"[0.161651, 0.195136, 0.207821, 0.195213, 0.24018]"
Actor,client,7,7081,6,M0,F,evaluation,1,1,0.43106773495674133,0,0.6836628317832947,False,0,,0,"[0.152072, 0.204609, 0.323545, 0.216609, 0.103165]"
Actor,client,7,7087,6,M0,F,evaluation,4,1,0.2947704493999481,0,0.7520955204963684,False,1,0.0,0,"[0.10025, 0.185746, 0.153696, 0.332354, 0.227954]"
Actor,client,7,7088,6,M0,F,evaluation,0,1,0.288486123085022,0,0.5450589656829834,False,1,0.0,0,"[0.112238, 0.316436, 0.107405, 0.324397, 0.139525]"
Actor,client,7,7092,6,M0,F,evaluation,3,1,0.6926516890525818,0,0.8173993229866028,False,0,,1,"[0.121891, 0.25712, 0.09466, 0.390916, 0.135413]"
Actor,client,7,7121,6,M0,F,evaluation,0,1,0.6155825257301331,1,0.5450589656829834,False,2,0.5,0,"[0.262326, 0.125109, 0.191256, 0.274445, 0.146865]"
Actor,client,7,7157,6,M0,F,evaluation,2,1,0.6111165285110474,0,0.7345184683799744,False,1,0.0,1,"[0.089746, 0.226866, 0.331067, 0.177063, 0.175258]"
Actor,client,7,7176,6,M0,F,evaluation,3,1,0.7982783913612366,0,0.8173993229866028,False,2,0.5,1,"[0.104822, 0.169424, 0.101018, 0.520249, 0.104488]"
Actor,client,7,7205,6,M0,F,evaluation,1,1,0.3158162832260132,0,0.6836628317832947,False,2,0.0,0,"[0.190417, 0.181706, 0.205838, 0.221262, 0.200776]"
Actor,client,7,7224,6,M0,F,evaluation,4,1,0.5699756145477295,0,0.7520955204963684,False,0,,1,"[0.040215, 0.214159, 0.141001, 0.231968, 0.372657]"
Actor,client,7,7226,6,M0,F,evaluation,4,1,0.7243514060974121,0,0.7520955204963684,False,0,,1,"[0.086232, 0.019716, 0.147, 0.270677, 0.476375]"
Actor,client,7,7240,6,M0,F,evaluation,1,1,0.7708024978637695,1,0.6836628317832947,False,0,,1,"[0.02554, 0.329743, 0.194748, 0.27899, 0.170979]"
Actor,client,7,7242,6,M0,F,evaluation,4,1,0.7884686589241028,1,0.7520955204963684,False,0,,1,"[0.006882, 0.006361, 0.040955, 0.078919, 0.866882]"
Actor,client,7,7320,6,M0,F,evaluation,2,1,0.39767125248908997,0,0.7345184683799744,False,0,,0,"[0.213468, 0.261155, 0.226967, 0.183961, 0.114451]"
Actor,client,7,7325,6,M0,F,evaluation,3,1,0.6648028492927551,0,0.8173993229866028,False,0,,1,"[0.179394, 0.090779, 0.139393, 0.340655, 0.24978]"
Actor,client,7,7379,6,M0,F,evaluation,4,1,0.18563444912433624,0,0.7520955204963684,False,0,,0,"[0.186533, 0.266272, 0.137621, 0.24157, 0.168003]"
Actor,client,7,7415,6,M0,F,evaluation,1,1,0.8927963972091675,1,0.6836628317832947,False,0,,1,"[0.033548, 0.42277, 0.23102, 0.207404, 0.105259]"
Actor,client,7,7441,6,M0,F,evaluation,1,1,0.6157629489898682,0,0.6836628317832947,False,1,1.0,1,"[0.189621, 0.300016, 0.129336, 0.207283, 0.173745]"
Actor,client,7,7480,6,M0,F,evaluation,3,1,0.5700626969337463,0,0.8173993229866028,False,1,0.0,1,"[0.036331, 0.215085, 0.173078, 0.318776, 0.256731]"
Actor,client,7,7482,6,M0,F,evaluation,3,1,0.738166332244873,0,0.8173993229866028,False,0,,1,"[0.042689, 0.110764, 0.138969, 0.431736, 0.275843]"
Actor,client,7,7506,6,M0,F,evaluation,4,1,0.8064536452293396,1,0.7520955204963684,False,0,,1,"[0.006078, 0.004443, 0.041694, 0.018683, 0.929103]"
Actor,client,7,7537,6,M0,F,evaluation,2,1,0.43098530173301697,0,0.7345184683799744,False,0,,0,"[0.202474, 0.257829, 0.242352, 0.181321, 0.116023]"
Actor,client,7,7555,6,M0,F,evaluation,2,1,0.39810800552368164,0,0.7345184683799744,False,1,0.0,0,"[0.160758, 0.184824, 0.225028, 0.194116, 0.235274]"
Actor,client,7,7588,6,M0,F,evaluation,2,1,0.6255828738212585,0,0.7345184683799744,False,0,,0,"[0.070337, 0.105116, 0.327039, 0.155248, 0.34226]"
Actor,client,7,7595,6,M0,F,evaluation,3,1,0.6955493688583374,0,0.8173993229866028,False,0,,1,"[0.152426, 0.113258, 0.097264, 0.37482, 0.262232]"
Actor,client,7,14,8,M0,F,evaluation,2,1,0.4799668788909912,0,0.7345184683799744,False,4,0.25,0,"[0.051669, 0.152081, 0.268021, 0.244499, 0.283729]"
Actor,client,7,27,8,M0,F,evaluation,1,1,0.4160057306289673,0,0.6836628317832947,False,1,0.0,0,"[0.144031, 0.218343, 0.238612, 0.192983, 0.206031]"
Actor,client,7,85,8,M0,F,evaluation,1,1,0.29628753662109375,0,0.6836628317832947,False,2,0.5,0,"[0.109169, 0.17836, 0.267167, 0.159656, 0.285648]"
Actor,client,7,96,8,M0,F,evaluation,4,1,0.6278291940689087,0,0.7520955204963684,False,1,0.0,1,"[0.157307, 0.072711, 0.260502, 0.218359, 0.291122]"
Actor,client,7,100,8,M0,F,evaluation,2,1,0.480657696723938,0,0.7345184683799744,False,0,,0,"[0.152208, 0.330624, 0.27571, 0.134915, 0.106543]"
Actor,client,7,107,8,M0,F,evaluation,1,1,0.3718857765197754,0,0.6836628317832947,False,1,0.0,0,"[0.067067, 0.187812, 0.237576, 0.248626, 0.25892]"
Actor,client,7,110,8,M0,F,evaluation,2,1,0.28916603326797485,0,0.7345184683799744,False,4,0.0,0,"[0.060259, 0.093933, 0.176941, 0.299609, 0.369258]"
Actor,client,7,187,8,M0,F,evaluation,3,1,0.8173052668571472,0,0.8173993229866028,False,0,,1,"[0.092339, 0.045616, 0.111494, 0.554062, 0.196489]"
Actor,client,7,319,8,M0,F,evaluation,0,1,0.4021589457988739,0,0.5450589656829834,False,2,0.0,0,"[0.154865, 0.205217, 0.250944, 0.155449, 0.233525]"
Actor,client,7,324,8,M0,F,evaluation,2,1,0.3065284490585327,0,0.7345184683799744,False,3,0.3333333333333333,0,"[0.130627, 0.149347, 0.183482, 0.276471, 0.260073]"
Actor,client,7,371,8,M0,F,evaluation,2,1,0.3273197114467621,0,0.7345184683799744,False,4,0.0,0,"[0.062287, 0.14084, 0.198263, 0.196349, 0.40226]"
Actor,client,7,373,8,M0,F,evaluation,3,1,0.635439932346344,0,0.8173993229866028,False,1,1.0,1,"[0.152101, 0.161593, 0.193381, 0.326318, 0.166607]"
Actor,client,7,381,8,M0,F,evaluation,4,1,0.4397979974746704,0,0.7520955204963684,False,6,0.16666666666666666,0,"[0.066635, 0.135756, 0.238257, 0.305583, 0.253769]"
Actor,client,7,438,8,M0,F,evaluation,4,1,0.7319274544715881,0,0.7520955204963684,False,1,0.0,1,"[0.057899, 0.079355, 0.142067, 0.212676, 0.508003]"
Actor,client,7,511,8,M0,F,evaluation,4,1,0.5422088503837585,0,0.7520955204963684,False,1,0.0,1,"[0.10265, 0.144011, 0.238762, 0.235355, 0.279222]"
Actor,client,7,512,8,M0,F,evaluation,3,1,0.6224581003189087,0,0.8173993229866028,False,0,,1,"[0.112119, 0.135446, 0.250661, 0.317127, 0.184647]"
Actor,client,7,578,8,M0,F,evaluation,4,1,0.4843992292881012,0,0.7520955204963684,False,4,0.0,0,"[0.09035, 0.164357, 0.313525, 0.20048, 0.231288]"
Actor,client,7,629,8,M0,F,evaluation,4,1,0.47335284948349,0,0.7520955204963684,False,0,,1,"[0.107886, 0.173166, 0.231537, 0.232937, 0.254474]"
Actor,client,7,671,8,M0,F,evaluation,3,1,0.7346814274787903,0,0.8173993229866028,False,1,1.0,1,"[0.088763, 0.163633, 0.136476, 0.423527, 0.187601]"
Actor,client,7,695,8,M0,F,evaluation,3,1,0.40861764550209045,0,0.8173993229866028,False,1,0.0,0,"[0.132179, 0.158167, 0.211442, 0.228722, 0.269489]"
Actor,client,7,756,8,M0,F,evaluation,3,1,0.3481141924858093,0,0.8173993229866028,False,1,0.0,0,"[0.100697, 0.239144, 0.264738, 0.210654, 0.184767]"
Actor,client,7,763,8,M0,F,evaluation,4,1,0.7859522104263306,1,0.7520955204963684,False,0,,1,"[0.004502, 0.008264, 0.003554, 0.034179, 0.949501]"
Actor,client,7,831,8,M0,F,evaluation,4,1,0.4121570587158203,0,0.7520955204963684,False,0,,0,"[0.010463, 0.211425, 0.133048, 0.33346, 0.311603]"
Actor,client,7,855,8,M0,F,evaluation,2,1,0.4109206795692444,0,0.7345184683799744,False,2,0.0,0,"[0.126983, 0.190262, 0.234813, 0.261916, 0.186026]"
Actor,client,7,869,8,M0,F,evaluation,1,1,0.501106858253479,0,0.6836628317832947,False,1,0.0,0,"[0.097084, 0.243689, 0.254438, 0.190717, 0.214072]"
Actor,client,7,904,8,M0,F,evaluation,3,1,0.4243009388446808,0,0.8173993229866028,False,0,,0,"[0.186533, 0.266272, 0.137621, 0.24157, 0.168003]"
Actor,client,7,934,8,M0,F,evaluation,0,1,0.5142533779144287,0,0.5450589656829834,False,1,0.0,0,"[0.219631, 0.165744, 0.209522, 0.260577, 0.144526]"
Actor,client,7,987,8,M0,F,evaluation,2,1,0.38178908824920654,0,0.7345184683799744,False,1,0.0,0,"[0.141263, 0.144734, 0.216791, 0.299942, 0.19727]"
Actor,client,7,1010,8,M0,F,evaluation,4,1,0.73251873254776,0,0.7520955204963684,False,1,0.0,1,"[0.099028, 0.077154, 0.062775, 0.179087, 0.581956]"
Actor,client,7,1097,8,M0,F,evaluation,3,1,0.4861038625240326,0,0.8173993229866028,False,3,0.3333333333333333,1,"[0.136101, 0.246758, 0.106811, 0.275768, 0.234563]"
Actor,client,7,1112,8,M0,F,evaluation,2,1,0.5077131390571594,0,0.7345184683799744,False,1,1.0,1,"[0.10035, 0.250193, 0.284564, 0.146616, 0.218277]"
Actor,client,7,1113,8,M0,F,evaluation,4,1,0.8333175778388977,1,0.7520955204963684,False,1,1.0,1,"[0.049568, 0.095159, 0.287841, 0.074508, 0.492925]"
Actor,client,7,1217,8,M0,F,evaluation,3,1,0.251680463552475,0,0.8173993229866028,False,3,0.3333333333333333,0,"[0.141501, 0.203729, 0.228203, 0.170927, 0.255639]"
Actor,client,7,1251,8,M0,F,evaluation,4,1,0.3366723358631134,0,0.7520955204963684,False,1,0.0,0,"[0.208377, 0.20183, 0.208739, 0.184876, 0.196179]"
Actor,client,7,1257,8,M0,F,evaluation,3,1,0.6724506616592407,0,0.8173993229866028,False,0,,1,"[0.089413, 0.291305, 0.054083, 0.38939, 0.175809]"
Actor,client,7,1262,8,M0,F,evaluation,3,1,0.6795150637626648,0,0.8173993229866028,False,5,0.2,1,"[0.042888, 0.152862, 0.122307, 0.383753, 0.29819]"
Actor,client,7,1338,8,M0,F,evaluation,4,1,0.7115675210952759,0,0.7520955204963684,False,2,0.5,1,"[0.125409, 0.108126, 0.140025, 0.191112, 0.435328]"
Actor,client,7,1342,8,M0,F,evaluation,4,1,0.7452058792114258,0,0.7520955204963684,False,0,,1,"[0.095389, 0.167994, 0.09165, 0.092684, 0.552283]"
Actor,client,7,1361,8,M0,F,evaluation,2,1,0.3678155243396759,0,0.7345184683799744,False,9,0.1111111111111111,0,"[0.0674, 0.134483, 0.216749, 0.323298, 0.258071]"
Actor,client,7,1442,8,M0,F,evaluation,4,1,0.6841922998428345,0,0.7520955204963684,False,1,0.0,1,"[0.069177, 0.090465, 0.276815, 0.224286, 0.339257]"
Actor,client,7,1465,8,M0,F,evaluation,1,1,0.5509306192398071,0,0.6836628317832947,False,3,0.3333333333333333,1,"[0.178229, 0.271392, 0.18248, 0.198406, 0.169493]"
Actor,client,7,1467,8,M0,F,evaluation,0,1,0.49492767453193665,0,0.5450589656829834,False,4,0.25,0,"[0.208933, 0.178007, 0.246348, 0.184291, 0.182421]"
Actor,client,7,1499,8,M0,F,evaluation,3,1,0.4919608533382416,0,0.8173993229866028,False,1,0.0,1,"[0.097447, 0.203857, 0.212263, 0.268648, 0.217785]"
Actor,client,7,1513,8,M0,F,evaluation,4,1,0.5831087231636047,0,0.7520955204963684,False,3,0.0,1,"[0.126368, 0.173077, 0.214939, 0.187854, 0.297762]"
Actor,client,7,1591,8,M0,F,evaluation,2,1,0.37983930110931396,0,0.7345184683799744,False,1,0.0,0,"[0.071491, 0.093276, 0.21606, 0.086635, 0.532538]"
Actor,client,7,1594,8,M0,F,evaluation,1,1,0.3126882016658783,0,0.6836628317832947,False,1,0.0,0,"[0.134183, 0.171683, 0.233098, 0.235367, 0.225669]"
Actor,client,7,1643,8,M0,F,evaluation,2,1,0.2777077853679657,0,0.7345184683799744,False,3,0.0,0,"[0.082785, 0.085164, 0.167679, 0.223395, 0.440978]"
Actor,client,7,1683,8,M0,F,evaluation,4,1,0.5275366306304932,0,0.7520955204963684,False,2,0.0,1,"[0.084532, 0.140942, 0.241879, 0.254769, 0.277877]"
Actor,client,7,1720,8,M0,F,evaluation,1,1,0.6296948194503784,0,0.6836628317832947,False,2,0.0,0,"[0.080172, 0.267786, 0.098695, 0.361118, 0.192229]"
Actor,client,7,1728,8,M0,F,evaluation,2,1,0.5546461939811707,0,0.7345184683799744,False,1,0.0,1,"[0.109222, 0.145761, 0.295139, 0.291952, 0.157926]"
Actor,client,7,1785,8,M0,F,evaluation,4,1,0.7479912638664246,0,0.7520955204963684,False,4,0.5,1,"[0.056151, 0.090346, 0.16789, 0.189174, 0.49644]"
Actor,client,7,1798,8,M0,F,evaluation,2,1,0.45327088236808777,0,0.7345184683799744,False,1,0.0,0,"[0.086162, 0.196761, 0.257645, 0.262347, 0.197085]"
Actor,client,7,1896,8,M0,F,evaluation,1,1,0.35540971159935,0,0.6836628317832947,False,8,0.125,0,"[0.073661, 0.167056, 0.145907, 0.365873, 0.247502]"
Actor,client,7,2076,8,M0,F,evaluation,0,1,0.49897730350494385,0,0.5450589656829834,False,1,0.0,1,"[0.213535, 0.213015, 0.201106, 0.205322, 0.167022]"
Actor,client,7,2081,8,M0,F,evaluation,4,1,0.4111579656600952,0,0.7520955204963684,False,0,,1,"[0.082094, 0.219031, 0.208781, 0.243416, 0.246679]"
Actor,client,7,2112,8,M0,F,evaluation,0,1,0.5576086044311523,1,0.5450589656829834,False,2,0.5,0,"[0.213227, 0.251297, 0.122109, 0.139472, 0.273895]"
Actor,client,7,2140,8,M0,F,evaluation,3,1,0.5182225704193115,0,0.8173993229866028,False,4,0.0,1,"[0.099482, 0.192542, 0.203328, 0.279339, 0.225309]"
Actor,client,7,2160,8,M0,F,evaluation,3,1,0.4599878787994385,0,0.8173993229866028,False,1,0.0,0,"[0.116838, 0.123201, 0.173692, 0.252488, 0.33378]"
Actor,client,7,2184,8,M0,F,evaluation,2,1,0.41071122884750366,0,0.7345184683799744,False,1,0.0,0,"[0.141807, 0.132362, 0.227571, 0.209423, 0.288838]"
Actor,client,7,2251,8,M0,F,evaluation,3,1,0.3759118318557739,0,0.8173993229866028,False,2,0.0,0,"[0.105318, 0.17288, 0.294012, 0.21203, 0.215761]"
Actor,client,7,2277,8,M0,F,evaluation,2,1,0.7414956092834473,1,0.7345184683799744,False,4,0.5,1,"[0.090105, 0.138923, 0.393739, 0.199526, 0.177707]"
Actor,client,7,2286,8,M0,F,evaluation,2,1,0.5807865262031555,0,0.7345184683799744,False,0,,0,"[0.033447, 0.109716, 0.310806, 0.330237, 0.215794]"
Actor,client,7,2317,8,M0,F,evaluation,2,1,0.8002260327339172,1,0.7345184683799744,False,0,,1,"[0.128036, 0.228539, 0.443852, 0.08254, 0.117033]"
Actor,client,7,2343,8,M0,F,evaluation,3,1,0.46808868646621704,0,0.8173993229866028,False,1,1.0,0,"[0.117131, 0.171226, 0.162955, 0.259988, 0.2887]"
Actor,client,7,2374,8,M0,F,evaluation,2,1,0.5011535882949829,0,0.7345184683799744,False,1,1.0,1,"[0.113422, 0.184089, 0.274299, 0.206001, 0.222189]"
Actor,client,7,2381,8,M0,F,evaluation,4,1,0.7731254696846008,1,0.7520955204963684,False,1,0.0,1,"[0.02645, 0.073151, 0.061948, 0.090823, 0.747629]"
Actor,client,7,2436,8,M0,F,evaluation,0,1,0.34275946021080017,0,0.5450589656829834,False,2,0.0,0,"[0.095994, 0.164281, 0.183313, 0.274595, 0.281817]"
Actor,client,7,2534,8,M0,F,evaluation,0,1,0.3784256875514984,0,0.5450589656829834,False,7,0.0,0,"[0.111858, 0.133553, 0.198897, 0.272939, 0.282753]"
Actor,client,7,2656,8,M0,F,evaluation,1,1,0.3202209770679474,0,0.6836628317832947,False,0,,0,"[0.132701, 0.16285, 0.355765, 0.206345, 0.142338]"
Actor,client,7,2705,8,M0,F,evaluation,1,1,0.2516172230243683,0,0.6836628317832947,False,6,0.0,0,"[0.106245, 0.162013, 0.224008, 0.177628, 0.330106]"
Actor,client,7,2753,8,M0,F,evaluation,4,1,0.646324872970581,0,0.7520955204963684,False,1,0.0,1,"[0.066621, 0.179919, 0.283417, 0.159254, 0.310789]"
Actor,client,7,2774,8,M0,F,evaluation,3,1,0.8032748699188232,0,0.8173993229866028,False,1,1.0,1,"[0.035647, 0.067608, 0.148532, 0.532088, 0.216125]"
Actor,client,7,2778,8,M0,F,evaluation,4,1,0.37813469767570496,0,0.7520955204963684,False,2,0.0,0,"[0.146159, 0.184554, 0.223655, 0.228403, 0.217229]"
Actor,client,7,2786,8,M0,F,evaluation,0,1,0.500893771648407,0,0.5450589656829834,False,1,0.0,0,"[0.2036, 0.169589, 0.207727, 0.233138, 0.185946]"
Actor,client,7,2795,8,M0,F,evaluation,3,1,0.642936646938324,0,0.8173993229866028,False,2,1.0,1,"[0.103939, 0.188468, 0.139902, 0.348211, 0.21948]"
Actor,client,7,2843,8,M0,F,evaluation,2,1,0.47935062646865845,0,0.7345184683799744,False,1,0.0,1,"[0.13025, 0.157233, 0.260674, 0.212144, 0.239699]"
Actor,client,7,2846,8,M0,F,evaluation,3,1,0.4360549747943878,0,0.8173993229866028,False,1,0.0,0,"[0.102038, 0.145673, 0.126428, 0.253405, 0.372456]"
Actor,client,7,2897,8,M0,F,evaluation,2,1,0.4135751724243164,0,0.7345184683799744,False,1,0.0,0,"[0.060863, 0.314145, 0.253614, 0.239419, 0.131959]"
Actor,client,7,2989,8,M0,F,evaluation,4,1,0.6650583148002625,0,0.7520955204963684,False,1,0.0,1,"[0.110886, 0.135365, 0.201106, 0.197094, 0.355549]"
Actor,client,7,3161,8,M0,F,evaluation,3,1,0.5266222357749939,0,0.8173993229866028,False,0,,1,"[0.119234, 0.206017, 0.247879, 0.274924, 0.151946]"
Actor,client,7,3203,8,M0,F,evaluation,2,1,0.4016554057598114,0,0.7345184683799744,False,2,0.0,0,"[0.122034, 0.158708, 0.228433, 0.278934, 0.211892]"
Actor,client,7,3351,8,M0,F,evaluation,3,1,0.744865894317627,0,0.8173993229866028,False,0,,1,"[0.06756, 0.15349, 0.153903, 0.436599, 0.188448]"
Actor,client,7,3393,8,M0,F,evaluation,3,1,0.5800119042396545,0,0.8173993229866028,False,5,0.0,1,"[0.118431, 0.130625, 0.169892, 0.303445, 0.277606]"
Actor,client,7,3456,8,M0,F,evaluation,4,1,0.5141581296920776,0,0.7520955204963684,False,3,0.0,1,"[0.154975, 0.194182, 0.218204, 0.172359, 0.26028]"
Actor,client,7,3462,8,M0,F,evaluation,4,1,0.5901671648025513,0,0.7520955204963684,False,1,1.0,1,"[0.07921, 0.111513, 0.197991, 0.278249, 0.333037]"
Actor,client,7,3472,8,M0,F,evaluation,2,1,0.24769474565982819,0,0.7345184683799744,False,7,0.14285714285714285,0,"[0.071671, 0.066849, 0.151684, 0.249068, 0.460729]"
Actor,client,7,3506,8,M0,F,evaluation,2,1,0.5376991033554077,0,0.7345184683799744,False,1,0.0,1,"[0.148607, 0.184768, 0.287618, 0.269145, 0.109861]"
Actor,client,7,3519,8,M0,F,evaluation,2,1,0.14972488582134247,0,0.7345184683799744,False,0,,0,"[0.122742, 0.067434, 0.083981, 0.261945, 0.463897]"
Actor,client,7,3593,8,M0,F,evaluation,2,1,0.4383861720561981,0,0.7345184683799744,False,0,,1,"[0.23063, 0.147092, 0.23267, 0.215707, 0.173902]"
Actor,client,7,3612,8,M0,F,evaluation,0,1,0.2672480344772339,0,0.5450589656829834,False,4,0.25,0,"[0.072567, 0.139628, 0.247946, 0.323426, 0.216434]"
Actor,client,7,3687,8,M0,F,evaluation,4,1,0.3624993860721588,0,0.7520955204963684,False,5,0.2,0,"[0.040817, 0.202394, 0.354558, 0.212656, 0.189575]"
Actor,client,7,3720,8,M0,F,evaluation,4,1,0.6885510683059692,0,0.7520955204963684,False,0,,1,"[0.017888, 0.035111, 0.044366, 0.26677, 0.635866]"
Actor,client,7,3729,8,M0,F,evaluation,0,1,0.25248512625694275,0,0.5450589656829834,False,3,0.3333333333333333,0,"[0.062007, 0.247657, 0.111286, 0.362874, 0.216176]"
Actor,client,7,3749,8,M0,F,evaluation,4,1,0.6160610318183899,0,0.7520955204963684,False,1,0.0,1,"[0.081948, 0.147588, 0.28058, 0.194768, 0.295115]"
Actor,client,7,3807,8,M0,F,evaluation,2,1,0.5860388875007629,0,0.7345184683799744,False,1,1.0,1,"[0.110865, 0.158734, 0.310295, 0.231897, 0.188208]"
Actor,client,7,3824,8,M0,F,evaluation,0,1,0.3520800471305847,0,0.5450589656829834,False,3,0.0,0,"[0.089825, 0.130756, 0.220976, 0.228865, 0.329578]"
Actor,client,7,3865,8,M0,F,evaluation,0,1,0.41004279255867004,0,0.5450589656829834,False,1,0.0,0,"[0.14353, 0.151561, 0.214255, 0.25243, 0.238223]"
Actor,client,7,3916,8,M0,F,evaluation,1,1,0.38194847106933594,0,0.6836628317832947,False,1,0.0,0,"[0.116224, 0.190818, 0.254027, 0.244672, 0.194259]"
Actor,client,7,3924,8,M0,F,evaluation,1,1,0.4151931703090668,0,0.6836628317832947,False,1,0.0,0,"[0.09907, 0.21683, 0.175972, 0.232364, 0.275765]"
Actor,client,7,3938,8,M0,F,evaluation,3,1,0.5227745175361633,0,0.8173993229866028,False,0,,1,"[0.094705, 0.217023, 0.153434, 0.289918, 0.244921]"
Actor,client,7,3981,8,M0,F,evaluation,0,1,0.35417118668556213,0,0.5450589656829834,False,2,0.0,0,"[0.124342, 0.194954, 0.251972, 0.179718, 0.249013]"
Actor,client,7,3984,8,M0,F,evaluation,2,1,0.4163682460784912,0,0.7345184683799744,False,2,0.0,1,"[0.156188, 0.164999, 0.231786, 0.218664, 0.228363]"
Actor,client,7,4018,8,M0,F,evaluation,1,1,0.27113988995552063,0,0.6836628317832947,False,2,0.0,0,"[0.134529, 0.138226, 0.251917, 0.292482, 0.182846]"
Actor,client,7,4040,8,M0,F,evaluation,2,1,0.502220094203949,0,0.7345184683799744,False,1,1.0,0,"[0.105106, 0.109586, 0.268119, 0.18053, 0.336658]"
Actor,client,7,4049,8,M0,F,evaluation,1,1,0.424699604511261,0,0.6836628317832947,False,2,0.5,0,"[0.16081, 0.22736, 0.166152, 0.214633, 0.231044]"
Actor,client,7,4102,8,M0,F,evaluation,3,1,0.6315257549285889,0,0.8173993229866028,False,2,0.5,1,"[0.153629, 0.135809, 0.247478, 0.315209, 0.147874]"
Actor,client,7,4116,8,M0,F,evaluation,2,1,0.6556092500686646,0,0.7345184683799744,False,0,,1,"[0.080002, 0.108087, 0.341755, 0.19441, 0.275746]"
Actor,client,7,4194,8,M0,F,evaluation,3,1,0.7764131426811218,0,0.8173993229866028,False,0,,1,"[0.047709, 0.058763, 0.140488, 0.476921, 0.27612]"
Actor,client,7,4212,8,M0,F,evaluation,2,1,0.36827582120895386,0,0.7345184683799744,False,2,0.5,0,"[0.087742, 0.265875, 0.226051, 0.203806, 0.216526]"
Actor,client,7,4282,8,M0,F,evaluation,1,1,0.2517295181751251,0,0.6836628317832947,False,2,0.0,0,"[0.090345, 0.154353, 0.150266, 0.253155, 0.351881]"
Actor,client,7,4295,8,M0,F,evaluation,3,1,0.7594150304794312,0,0.8173993229866028,False,3,0.3333333333333333,1,"[0.071646, 0.140863, 0.167205, 0.451549, 0.168737]"
Actor,client,7,4341,8,M0,F,evaluation,4,1,0.7057486176490784,0,0.7520955204963684,False,1,0.0,1,"[0.066206, 0.083368, 0.212122, 0.236225, 0.402079]"
Actor,client,7,4344,8,M0,F,evaluation,3,1,0.49003127217292786,0,0.8173993229866028,False,2,0.5,0,"[0.120635, 0.177866, 0.159084, 0.268812, 0.273603]"
Actor,client,7,4347,8,M0,F,evaluation,4,1,0.6621734499931335,0,0.7520955204963684,False,1,0.0,1,"[0.033228, 0.078686, 0.116051, 0.286647, 0.485389]"
Actor,client,7,4355,8,M0,F,evaluation,4,1,0.6973644495010376,0,0.7520955204963684,False,0,,1,"[0.011796, 0.025859, 0.023354, 0.247277, 0.691714]"
Actor,client,7,4369,8,M0,F,evaluation,1,1,0.42698949575424194,0,0.6836628317832947,False,1,0.0,0,"[0.207354, 0.22124, 0.204164, 0.223059, 0.144183]"
Actor,client,7,4390,8,M0,F,evaluation,3,1,0.37874937057495117,0,0.8173993229866028,False,2,0.0,0,"[0.156381, 0.169716, 0.228962, 0.212671, 0.23227]"
Actor,client,7,4411,8,M0,F,evaluation,4,1,0.6415380835533142,0,0.7520955204963684,False,4,0.5,1,"[0.095187, 0.15831, 0.21771, 0.192478, 0.336315]"
Actor,client,7,4453,8,M0,F,evaluation,1,1,0.3725298345088959,0,0.6836628317832947,False,1,0.0,0,"[0.119321, 0.182417, 0.33318, 0.216667, 0.148415]"
Actor,client,7,4531,8,M0,F,evaluation,0,1,0.27526596188545227,0,0.5450589656829834,False,3,0.0,0,"[0.074568, 0.161155, 0.250607, 0.268219, 0.245451]"
Actor,client,7,4559,8,M0,F,evaluation,0,1,0.4069940745830536,0,0.5450589656829834,False,1,0.0,0,"[0.156818, 0.244694, 0.169406, 0.216551, 0.212531]"
Actor,client,7,4572,8,M0,F,evaluation,2,1,0.35495835542678833,0,0.7345184683799744,False,2,0.5,0,"[0.178471, 0.118815, 0.198755, 0.268183, 0.235776]"
Actor,client,7,4604,8,M0,F,evaluation,2,1,0.18065325915813446,0,0.7345184683799744,False,7,0.42857142857142855,0,"[0.052122, 0.084516, 0.11532, 0.328695, 0.419347]"
Actor,client,7,4697,8,M0,F,evaluation,4,1,0.5934075117111206,0,0.7520955204963684,False,0,,1,"[0.044781, 0.154566, 0.062731, 0.267459, 0.470463]"
Actor,client,7,4706,8,M0,F,evaluation,3,1,0.3962235748767853,0,0.8173993229866028,False,1,0.0,1,"[0.20934, 0.180931, 0.183692, 0.216588, 0.209449]"
Actor,client,7,4741,8,M0,F,evaluation,4,1,0.450910359621048,0,0.7520955204963684,False,3,0.3333333333333333,0,"[0.103874, 0.158954, 0.201254, 0.273401, 0.262517]"
Actor,client,7,4743,8,M0,F,evaluation,4,1,0.7794051766395569,1,0.7520955204963684,False,3,0.3333333333333333,1,"[0.043291, 0.017227, 0.023036, 0.094385, 0.822061]"
Actor,client,7,4795,8,M0,F,evaluation,1,1,0.3953118324279785,0,0.6836628317832947,False,1,0.0,0,"[0.150834, 0.203414, 0.212865, 0.240938, 0.191948]"
Actor,client,7,4796,8,M0,F,evaluation,2,1,0.6687688231468201,0,0.7345184683799744,False,2,0.5,1,"[0.104176, 0.129442, 0.348603, 0.181558, 0.236222]"
Actor,client,7,4813,8,M0,F,evaluation,1,1,0.6833231449127197,0,0.6836628317832947,False,0,,1,"[0.068986, 0.287316, 0.223246, 0.285326, 0.135125]"
Actor,client,7,4847,8,M0,F,evaluation,0,1,0.47078758478164673,0,0.5450589656829834,False,2,0.0,0,"[0.187097, 0.174439, 0.187744, 0.268695, 0.182025]"
Actor,client,7,4863,8,M0,F,evaluation,0,1,0.3458297550678253,0,0.5450589656829834,False,2,0.0,0,"[0.126413, 0.216563, 0.224065, 0.21442, 0.218539]"
Actor,client,7,4870,8,M0,F,evaluation,1,1,0.27007436752319336,0,0.6836628317832947,False,8,0.0,0,"[0.092537, 0.155322, 0.167919, 0.270062, 0.314161]"
Actor,client,7,4909,8,M0,F,evaluation,4,1,0.4024169445037842,0,0.7520955204963684,False,0,,0,"[0.07674, 0.214352, 0.204865, 0.256892, 0.247151]"
Actor,client,7,4931,8,M0,F,evaluation,2,1,0.26780638098716736,0,0.7345184683799744,False,0,,0,"[0.149903, 0.125556, 0.160923, 0.34817, 0.215449]"
Actor,client,7,5033,8,M0,F,evaluation,1,1,0.2644605040550232,0,0.6836628317832947,False,3,0.3333333333333333,0,"[0.122193, 0.159333, 0.249043, 0.196586, 0.272845]"
Actor,client,7,5080,8,M0,F,evaluation,0,1,0.5100455284118652,0,0.5450589656829834,False,1,0.0,0,"[0.18101, 0.18903, 0.158833, 0.185633, 0.285494]"
Actor,client,7,5116,8,M0,F,evaluation,1,1,0.2685224115848541,0,0.6836628317832947,False,4,0.0,0,"[0.134674, 0.152492, 0.13017, 0.305593, 0.277071]"
Actor,client,7,5193,8,M0,F,evaluation,3,1,0.5409515500068665,0,0.8173993229866028,False,4,0.25,1,"[0.148885, 0.194006, 0.194666, 0.281736, 0.180707]"
Actor,client,7,5240,8,M0,F,evaluation,0,1,0.8150100708007812,1,0.5450589656829834,False,0,,1,"[0.40364, 0.138591, 0.174029, 0.136105, 0.147635]"
Actor,client,7,5299,8,M0,F,evaluation,3,1,0.6170212626457214,0,0.8173993229866028,False,2,0.0,1,"[0.036284, 0.122026, 0.25095, 0.32671, 0.264031]"
Actor,client,7,5302,8,M0,F,evaluation,4,1,0.41823798418045044,0,0.7520955204963684,False,2,0.0,0,"[0.055434, 0.172273, 0.426116, 0.160407, 0.185771]"
Actor,client,7,5317,8,M0,F,evaluation,3,1,0.475352019071579,0,0.8173993229866028,False,5,0.4,1,"[0.192931, 0.153974, 0.196735, 0.244764, 0.211597]"
Actor,client,7,5331,8,M0,F,evaluation,4,1,0.6486963629722595,0,0.7520955204963684,False,3,0.3333333333333333,1,"[0.115012, 0.136638, 0.250636, 0.183006, 0.314708]"
Actor,client,7,5349,8,M0,F,evaluation,2,1,0.4676923155784607,0,0.7345184683799744,False,0,,1,"[0.126141, 0.232703, 0.262947, 0.162399, 0.21581]"
Actor,client,7,5421,8,M0,F,evaluation,4,1,0.7356560826301575,0,0.7520955204963684,False,2,0.5,1,"[0.096462, 0.173992, 0.158843, 0.117145, 0.453558]"
Actor,client,7,5436,8,M0,F,evaluation,1,1,0.23836083710193634,0,0.6836628317832947,False,9,0.0,0,"[0.067946, 0.144161, 0.251018, 0.206425, 0.33045]"
Actor,client,7,5501,8,M0,F,evaluation,2,1,0.3034646809101105,0,0.7345184683799744,False,1,0.0,0,"[0.141003, 0.175346, 0.183913, 0.350021, 0.149718]"
Actor,client,7,5514,8,M0,F,evaluation,1,1,0.376461923122406,0,0.6836628317832947,False,1,0.0,0,"[0.130562, 0.213879, 0.171669, 0.196358, 0.287531]"
Actor,client,7,5526,8,M0,F,evaluation,4,1,0.6209753751754761,0,0.7520955204963684,False,6,0.3333333333333333,1,"[0.062237, 0.080007, 0.096261, 0.310135, 0.451359]"
Actor,client,7,5536,8,M0,F,evaluation,4,1,0.49745815992355347,0,0.7520955204963684,False,1,0.0,1,"[0.179368, 0.148089, 0.215261, 0.204355, 0.252926]"
Actor,client,7,5575,8,M0,F,evaluation,3,1,0.3279886841773987,0,0.8173993229866028,False,2,0.0,0,"[0.143372, 0.159759, 0.172878, 0.203191, 0.3208]"
Actor,client,7,5594,8,M0,F,evaluation,2,1,0.5826106667518616,0,0.7345184683799744,False,1,1.0,1,"[0.100065, 0.246166, 0.318281, 0.142484, 0.193004]"
Actor,client,7,5610,8,M0,F,evaluation,4,1,0.745444118976593,0,0.7520955204963684,False,4,0.5,1,"[0.032102, 0.098836, 0.088038, 0.148997, 0.632026]"
Actor,client,7,5624,8,M0,F,evaluation,2,1,0.3820974826812744,0,0.7345184683799744,False,3,0.3333333333333333,0,"[0.123613, 0.16204, 0.219621, 0.231621, 0.263105]"
Actor,client,7,5684,8,M0,F,evaluation,1,1,0.10074319690465927,0,0.6836628317832947,False,3,0.0,0,"[0.031858, 0.066684, 0.066161, 0.286561, 0.548737]"
Actor,client,7,5707,8,M0,F,evaluation,3,1,0.4750758409500122,0,0.8173993229866028,False,1,0.0,1,"[0.184403, 0.170226, 0.202187, 0.246475, 0.19671]"
Actor,client,7,5716,8,M0,F,evaluation,2,1,0.43094027042388916,0,0.7345184683799744,False,1,0.0,0,"[0.144095, 0.149339, 0.237609, 0.196713, 0.272244]"
Actor,client,7,5718,8,M0,F,evaluation,0,1,0.4968939423561096,0,0.5450589656829834,False,1,0.0,0,"[0.202137, 0.223924, 0.160291, 0.221252, 0.192395]"
Actor,client,7,5790,8,M0,F,evaluation,3,1,0.5808190703392029,0,0.8173993229866028,False,4,0.5,1,"[0.111056, 0.160416, 0.174363, 0.306732, 0.247433]"
Actor,client,7,5838,8,M0,F,evaluation,2,1,0.7304295301437378,0,0.7345184683799744,False,3,0.6666666666666666,1,"[0.097934, 0.159423, 0.388184, 0.182218, 0.172241]"
Actor,client,7,5842,8,M0,F,evaluation,1,1,0.3266238868236542,0,0.6836628317832947,False,1,0.0,0,"[0.170401, 0.179532, 0.238196, 0.224741, 0.18713]"
Actor,client,7,5846,8,M0,F,evaluation,4,1,0.5127823948860168,0,0.7520955204963684,False,5,0.2,1,"[0.097412, 0.172747, 0.159084, 0.260919, 0.309839]"
Actor,client,7,5881,8,M0,F,evaluation,2,1,0.284598708152771,0,0.7345184683799744,False,0,,0,"[0.212336, 0.161496, 0.16637, 0.305593, 0.154205]"
Actor,client,7,5928,8,M0,F,evaluation,4,1,0.3548462688922882,0,0.7520955204963684,False,5,0.0,0,"[0.093965, 0.17349, 0.167258, 0.319112, 0.246175]"
Actor,client,7,5936,8,M0,F,evaluation,0,1,0.49297136068344116,0,0.5450589656829834,False,2,0.0,0,"[0.142499, 0.139118, 0.16896, 0.163842, 0.385581]"
Actor,client,7,5972,8,M0,F,evaluation,4,1,0.6452087759971619,0,0.7520955204963684,False,2,0.5,1,"[0.165744, 0.155297, 0.177867, 0.166009, 0.335082]"
Actor,client,7,6042,8,M0,F,evaluation,1,1,0.2736649811267853,0,0.6836628317832947,False,1,0.0,0,"[0.119482, 0.158174, 0.273168, 0.201622, 0.247555]"
Actor,client,7,6059,8,M0,F,evaluation,1,1,0.5121162533760071,0,0.6836628317832947,False,0,,0,"[0.113749, 0.232609, 0.314436, 0.213995, 0.125211]"
Actor,client,7,6081,8,M0,F,evaluation,3,1,0.5621964931488037,0,0.8173993229866028,False,4,0.25,1,"[0.09745, 0.17747, 0.236783, 0.293829, 0.194467]"
Actor,client,7,6108,8,M0,F,evaluation,2,1,0.46623653173446655,0,0.7345184683799744,False,5,0.4,0,"[0.112402, 0.156818, 0.256652, 0.214907, 0.259221]"
Actor,client,7,6257,8,M0,F,evaluation,4,1,0.6109545826911926,0,0.7520955204963684,False,1,1.0,1,"[0.096341, 0.140425, 0.196815, 0.231737, 0.334681]"
Actor,client,7,6289,8,M0,F,evaluation,3,1,0.5658964514732361,0,0.8173993229866028,False,0,,1,"[0.02491, 0.110535, 0.266084, 0.299828, 0.298643]"
Actor,client,7,6300,8,M0,F,evaluation,3,1,0.49594104290008545,0,0.8173993229866028,False,3,0.3333333333333333,0,"[0.133445, 0.110155, 0.205808, 0.258666, 0.291926]"
Actor,client,7,6321,8,M0,F,evaluation,4,1,0.436494916677475,0,0.7520955204963684,False,1,0.0,0,"[0.115894, 0.160483, 0.228419, 0.252773, 0.242432]"
Actor,client,7,6364,8,M0,F,evaluation,0,1,0.47059640288352966,0,0.5450589656829834,False,5,0.0,0,"[0.090226, 0.076958, 0.119748, 0.223865, 0.489204]"
Actor,client,7,6421,8,M0,F,evaluation,3,1,0.6080980896949768,0,0.8173993229866028,False,3,0.0,1,"[0.141956, 0.174825, 0.174823, 0.316122, 0.192274]"
Actor,client,7,6457,8,M0,F,evaluation,4,1,0.715283989906311,0,0.7520955204963684,False,0,,1,"[0.085975, 0.114409, 0.118534, 0.189977, 0.491105]"
Actor,client,7,6473,8,M0,F,evaluation,1,1,0.5537893176078796,0,0.6836628317832947,False,0,,1,"[0.230104, 0.296048, 0.153499, 0.128461, 0.191888]"
Actor,client,7,6478,8,M0,F,evaluation,4,1,0.5268880128860474,0,0.7520955204963684,False,2,0.0,0,"[0.100031, 0.230308, 0.266666, 0.146554, 0.256441]"
Actor,client,7,6519,8,M0,F,evaluation,1,1,0.5291628837585449,0,0.6836628317832947,False,3,0.3333333333333333,0,"[0.07685, 0.233444, 0.186994, 0.307586, 0.195126]"
Actor,client,7,6584,8,M0,F,evaluation,3,1,0.45128947496414185,0,0.8173993229866028,False,1,0.0,1,"[0.1522, 0.198645, 0.183208, 0.24711, 0.218838]"
Actor,client,7,6590,8,M0,F,evaluation,2,1,0.2546963393688202,0,0.7345184683799744,False,0,,0,"[0.191064, 0.253941, 0.15941, 0.144603, 0.250983]"
Actor,client,7,6604,8,M0,F,evaluation,0,1,0.5112590193748474,0,0.5450589656829834,False,1,0.0,0,"[0.217004, 0.186279, 0.237191, 0.175766, 0.183761]"
Actor,client,7,6605,8,M0,F,evaluation,2,1,0.33237239718437195,0,0.7345184683799744,False,5,0.4,0,"[0.108902, 0.154735, 0.198066, 0.26064, 0.277657]"
Actor,client,7,6620,8,M0,F,evaluation,1,1,0.4437330663204193,0,0.6836628317832947,False,1,0.0,1,"[0.164014, 0.226367, 0.204516, 0.22082, 0.184283]"
Actor,client,7,6635,8,M0,F,evaluation,3,1,0.5206856727600098,0,0.8173993229866028,False,3,0.6666666666666666,1,"[0.153807, 0.140265, 0.206463, 0.267146, 0.232319]"
Actor,client,7,6649,8,M0,F,evaluation,4,1,0.4334287643432617,0,0.7520955204963684,False,1,0.0,1,"[0.101975, 0.203133, 0.194931, 0.243477, 0.256484]"
Actor,client,7,6665,8,M0,F,evaluation,4,1,0.6758877038955688,0,0.7520955204963684,False,3,0.3333333333333333,1,"[0.023118, 0.043564, 0.04224, 0.27522, 0.615858]"
Actor,client,7,6666,8,M0,F,evaluation,2,1,0.46591442823410034,0,0.7345184683799744,False,4,0.25,0,"[0.077144, 0.162006, 0.259747, 0.136947, 0.364155]"
Actor,client,7,6667,8,M0,F,evaluation,2,1,0.4323704242706299,0,0.7345184683799744,False,3,0.6666666666666666,0,"[0.11763, 0.091433, 0.234971, 0.152236, 0.403729]"
Actor,client,7,6703,8,M0,F,evaluation,4,1,0.2564893364906311,0,0.7520955204963684,False,1,0.0,0,"[0.205924, 0.215196, 0.173468, 0.223081, 0.182331]"
Actor,client,7,6727,8,M0,F,evaluation,3,1,0.30821970105171204,0,0.8173993229866028,False,0,,0,"[0.086373, 0.275331, 0.300388, 0.196271, 0.141638]"
Actor,client,7,6745,8,M0,F,evaluation,1,1,0.4670904874801636,0,0.6836628317832947,False,1,0.0,1,"[0.218864, 0.248665, 0.169444, 0.189706, 0.173322]"
Actor,client,7,6780,8,M0,F,evaluation,2,1,0.5011031031608582,0,0.7345184683799744,False,1,1.0,0,"[0.09704, 0.121113, 0.270135, 0.272441, 0.239272]"
Actor,client,7,6816,8,M0,F,evaluation,4,1,0.41418877243995667,0,0.7520955204963684,False,2,0.0,0,"[0.095791, 0.181172, 0.164923, 0.290501, 0.267614]"
Actor,client,7,6822,8,M0,F,evaluation,4,1,0.8051124215126038,1,0.7520955204963684,False,5,0.2,1,"[0.032619, 0.055656, 0.253648, 0.159256, 0.49882]"
Actor,client,7,6853,8,M0,F,evaluation,3,1,0.3861195743083954,0,0.8173993229866028,False,2,0.0,0,"[0.150273, 0.116555, 0.105649, 0.228348, 0.399175]"
Actor,client,7,6899,8,M0,F,evaluation,4,1,0.6212053298950195,0,0.7520955204963684,False,5,0.4,1,"[0.049055, 0.077291, 0.106002, 0.317386, 0.450267]"
Actor,client,7,6904,8,M0,F,evaluation,4,1,0.6331475377082825,0,0.7520955204963684,False,1,0.0,1,"[0.156662, 0.132526, 0.146483, 0.208627, 0.355702]"
Actor,client,7,6995,8,M0,F,evaluation,2,1,0.45891717076301575,0,0.7345184683799744,False,3,0.3333333333333333,0,"[0.096074, 0.139323, 0.253117, 0.181728, 0.329758]"
Actor,client,7,7109,8,M0,F,evaluation,2,1,0.2797819972038269,0,0.7345184683799744,False,6,0.16666666666666666,0,"[0.101053, 0.152427, 0.172999, 0.240448, 0.333073]"
Actor,client,7,7193,8,M0,F,evaluation,3,1,0.44729626178741455,0,0.8173993229866028,False,1,0.0,0,"[0.122168, 0.185348, 0.27085, 0.23883, 0.182804]"
Actor,client,7,7210,8,M0,F,evaluation,2,1,0.676912784576416,0,0.7345184683799744,False,1,1.0,1,"[0.127491, 0.137121, 0.351556, 0.169406, 0.214425]"
Actor,client,7,7215,8,M0,F,evaluation,3,1,0.47967275977134705,0,0.8173993229866028,False,2,1.0,1,"[0.146347, 0.157168, 0.241069, 0.24891, 0.206507]"
Actor,client,7,7231,8,M0,F,evaluation,4,1,0.67851322889328,0,0.7520955204963684,False,7,0.2857142857142857,0,"[0.065781, 0.101343, 0.350154, 0.183266, 0.299456]"
Actor,client,7,7254,8,M0,F,evaluation,4,1,0.6353859305381775,0,0.7520955204963684,False,1,0.0,1,"[0.153711, 0.110103, 0.164579, 0.224221, 0.347386]"
Actor,client,7,7284,8,M0,F,evaluation,2,1,0.4743957221508026,0,0.7345184683799744,False,5,0.4,0,"[0.089488, 0.163708, 0.262644, 0.166882, 0.317279]"
Actor,client,7,7318,8,M0,F,evaluation,0,1,0.523647665977478,0,0.5450589656829834,False,1,0.0,1,"[0.222407, 0.204225, 0.19493, 0.206066, 0.172372]"
Actor,client,7,7421,8,M0,F,evaluation,2,1,0.6581254601478577,0,0.7345184683799744,False,1,0.0,1,"[0.10357, 0.165111, 0.347036, 0.209559, 0.174723]"
Actor,client,7,7427,8,M0,F,evaluation,2,1,0.4291537404060364,0,0.7345184683799744,False,7,0.0,0,"[0.107189, 0.104237, 0.236438, 0.243708, 0.308428]"
Actor,client,7,7463,8,M0,F,evaluation,4,1,0.5282390713691711,0,0.7520955204963684,False,1,0.0,1,"[0.163093, 0.200205, 0.168333, 0.18202, 0.286349]"
Actor,client,7,7470,8,M0,F,evaluation,3,1,0.3950616419315338,0,0.8173993229866028,False,0,,0,"[0.159775, 0.073041, 0.223441, 0.212529, 0.331214]"
Actor,client,7,112,8,M0,F,evaluation,4,1,0.6427565813064575,0,0.7520955204963684,False,2,0.0,1,"[0.10825, 0.159914, 0.147272, 0.202777, 0.381788]"
Actor,client,7,173,8,M0,F,evaluation,2,1,0.2837180495262146,0,0.7345184683799744,False,1,0.0,0,"[0.166535, 0.228209, 0.175533, 0.245743, 0.18398]"
Actor,client,7,189,8,M0,F,evaluation,1,1,0.38338497281074524,0,0.6836628317832947,False,0,,0,"[0.114844, 0.202836, 0.259308, 0.195069, 0.227942]"
Actor,client,7,436,8,M0,F,evaluation,1,1,0.6299572587013245,0,0.6836628317832947,False,1,1.0,1,"[0.130702, 0.295121, 0.194879, 0.200402, 0.178895]"
Actor,client,7,542,8,M0,F,evaluation,2,1,0.42402929067611694,0,0.7345184683799744,False,1,0.0,0,"[0.07339, 0.071057, 0.233839, 0.178471, 0.443243]"
Actor,client,7,964,8,M0,F,evaluation,0,1,0.4302656054496765,0,0.5450589656829834,False,1,0.0,0,"[0.168769, 0.242899, 0.19191, 0.171033, 0.22539]"
Actor,client,7,1213,8,M0,F,evaluation,3,1,0.2741163671016693,0,0.8173993229866028,False,0,,0,"[0.078001, 0.162768, 0.196603, 0.191164, 0.371465]"
Actor,client,7,1483,8,M0,F,evaluation,1,1,0.5114374160766602,0,0.6836628317832947,False,0,,1,"[0.225107, 0.256276, 0.148114, 0.231492, 0.139011]"
Actor,client,7,2431,8,M0,F,evaluation,2,1,0.43884196877479553,0,0.7345184683799744,False,2,0.0,0,"[0.13112, 0.143387, 0.242326, 0.284951, 0.198216]"
Actor,client,7,2781,8,M0,F,evaluation,4,1,0.20116080343723297,0,0.7520955204963684,False,1,0.0,0,"[0.075203, 0.213394, 0.298664, 0.267424, 0.145314]"
Actor,client,7,2853,8,M0,F,evaluation,3,1,0.4815101623535156,0,0.8173993229866028,False,0,,0,"[0.053531, 0.107901, 0.284959, 0.256471, 0.297138]"
Actor,client,7,2879,8,M0,F,evaluation,0,1,0.2995914816856384,0,0.5450589656829834,False,1,0.0,0,"[0.093496, 0.12455, 0.223459, 0.373647, 0.184849]"
Actor,client,7,3240,8,M0,F,evaluation,1,1,0.32062193751335144,0,0.6836628317832947,False,0,,0,"[0.110692, 0.163938, 0.319463, 0.223294, 0.182613]"
Actor,client,7,3496,8,M0,F,evaluation,4,1,0.6821243166923523,0,0.7520955204963684,False,1,1.0,1,"[0.168033, 0.185437, 0.104843, 0.130369, 0.411318]"
Actor,client,7,3784,8,M0,F,evaluation,0,1,0.38097408413887024,0,0.5450589656829834,False,2,0.0,0,"[0.130799, 0.139684, 0.177099, 0.354862, 0.197556]"
Actor,client,7,3942,8,M0,F,evaluation,0,1,0.49867624044418335,0,0.5450589656829834,False,1,1.0,0,"[0.207146, 0.164382, 0.20865, 0.257257, 0.162565]"
Actor,client,7,4220,8,M0,F,evaluation,1,1,0.3210749626159668,0,0.6836628317832947,False,4,0.5,0,"[0.093503, 0.154726, 0.29177, 0.276886, 0.183116]"
Actor,client,7,4244,8,M0,F,evaluation,2,1,0.2889741361141205,0,0.7345184683799744,False,3,0.3333333333333333,0,"[0.148048, 0.18434, 0.176509, 0.298525, 0.192578]"
Actor,client,7,4255,8,M0,F,evaluation,4,1,0.8059215545654297,1,0.7520955204963684,False,2,1.0,1,"[0.093418, 0.046352, 0.079911, 0.075143, 0.705177]"
Actor,client,7,4722,8,M0,F,evaluation,4,1,0.27577483654022217,0,0.7520955204963684,False,4,0.5,0,"[0.166614, 0.19129, 0.251014, 0.219381, 0.171701]"
Actor,client,7,4892,8,M0,F,evaluation,2,1,0.33790522813796997,0,0.7345184683799744,False,0,,0,"[0.081753, 0.167094, 0.20468, 0.312129, 0.234343]"
Actor,client,7,5055,8,M0,F,evaluation,3,1,0.3933160603046417,0,0.8173993229866028,False,1,1.0,0,"[0.071501, 0.170813, 0.239077, 0.23052, 0.288088]"
Actor,client,7,5073,8,M0,F,evaluation,1,1,0.4979530870914459,0,0.6836628317832947,False,1,0.0,1,"[0.131192, 0.25073, 0.222394, 0.181435, 0.214249]"
Actor,client,7,5256,8,M0,F,evaluation,3,1,0.6631903648376465,0,0.8173993229866028,False,0,,1,"[0.200857, 0.120168, 0.256184, 0.323817, 0.098974]"
Actor,client,7,5472,8,M0,F,evaluation,3,1,0.3591746687889099,0,0.8173993229866028,False,1,0.0,0,"[0.207113, 0.239388, 0.183529, 0.207531, 0.162439]"
Actor,client,7,5789,8,M0,F,evaluation,2,1,0.3523336350917816,0,0.7345184683799744,False,0,,0,"[0.181683, 0.207248, 0.204161, 0.135822, 0.271086]"
Actor,client,7,6051,8,M0,F,evaluation,3,1,0.7287831902503967,0,0.8173993229866028,False,6,0.0,1,"[0.072564, 0.16474, 0.186496, 0.414858, 0.161342]"
Actor,client,7,6188,8,M0,F,evaluation,0,1,0.4229990839958191,0,0.5450589656829834,False,1,0.0,0,"[0.146749, 0.184057, 0.172203, 0.247399, 0.249592]"
Actor,client,7,6647,8,M0,F,evaluation,3,1,0.5119339823722839,0,0.8173993229866028,False,3,0.0,0,"[0.104542, 0.166213, 0.157933, 0.279678, 0.291634]"
Actor,client,7,6697,8,M0,F,evaluation,1,1,0.4200689494609833,0,0.6836628317832947,False,0,,0,"[0.083439, 0.188358, 0.283828, 0.285396, 0.158978]"
Actor,client,7,7097,8,M0,F,evaluation,2,1,0.14369545876979828,0,0.7345184683799744,False,2,0.0,0,"[0.140911, 0.182792, 0.0854, 0.121725, 0.469172]"
Actor,client,7,7310,8,M0,F,evaluation,4,1,0.36122390627861023,0,0.7520955204963684,False,1,0.0,0,"[0.119273, 0.179646, 0.177792, 0.286558, 0.236731]"
Actor,client,7,7498,8,M0,F,evaluation,4,1,0.29757025837898254,0,0.7520955204963684,False,2,0.5,0,"[0.16789, 0.168103, 0.248001, 0.235147, 0.18086]"
Actor,client,7,7558,8,M0,F,evaluation,2,1,0.4308009445667267,0,0.7345184683799744,False,4,0.0,0,"[0.081513, 0.146148, 0.244065, 0.326154, 0.202121]"
Actor,client,7,41,8,M0,F,evaluation,4,1,0.6702029705047607,0,0.7520955204963684,False,0,,1,"[0.026929, 0.029959, 0.131384, 0.326649, 0.48508]"
Actor,client,7,1045,8,M0,F,evaluation,4,1,0.32787689566612244,0,0.7520955204963684,False,8,0.0,0,"[0.103429, 0.192304, 0.254346, 0.251004, 0.198917]"
Actor,client,7,1640,8,M0,F,evaluation,3,1,0.4318729043006897,0,0.8173993229866028,False,1,0.0,1,"[0.196713, 0.20479, 0.204595, 0.230334, 0.163569]"
Actor,client,7,1836,8,M0,F,evaluation,2,1,0.28369784355163574,0,0.7345184683799744,False,2,0.0,0,"[0.175329, 0.17247, 0.169757, 0.236128, 0.246315]"
Actor,client,7,1997,8,M0,F,evaluation,1,1,0.5207421183586121,0,0.6836628317832947,False,0,,0,"[0.135219, 0.232216, 0.172451, 0.315666, 0.144447]"
Actor,client,7,2121,8,M0,F,evaluation,2,1,0.3965905010700226,0,0.7345184683799744,False,1,0.0,1,"[0.16614, 0.191927, 0.224704, 0.218784, 0.198444]"
Actor,client,7,2136,8,M0,F,evaluation,2,1,0.49237820506095886,0,0.7345184683799744,False,2,0.5,1,"[0.098546, 0.206153, 0.2742, 0.233659, 0.187442]"
Actor,client,7,2185,8,M0,F,evaluation,3,1,0.44643935561180115,0,0.8173993229866028,False,3,0.0,0,"[0.183334, 0.175285, 0.153728, 0.242302, 0.24535]"
Actor,client,7,2411,8,M0,F,evaluation,0,1,0.405651330947876,0,0.5450589656829834,False,1,0.0,0,"[0.168967, 0.159027, 0.304076, 0.186639, 0.18129]"
Actor,client,7,2698,8,M0,F,evaluation,4,1,0.7666906714439392,1,0.7520955204963684,False,1,0.0,1,"[0.150379, 0.084422, 0.168491, 0.150046, 0.446662]"
Actor,client,7,3723,8,M0,F,evaluation,2,1,0.4974636435508728,0,0.7345184683799744,False,1,1.0,1,"[0.093164, 0.203339, 0.276722, 0.244014, 0.182761]"
Actor,client,7,3735,8,M0,F,evaluation,2,1,0.280958890914917,0,0.7345184683799744,False,2,0.0,0,"[0.185761, 0.179979, 0.168055, 0.236147, 0.230058]"
Actor,client,7,3804,8,M0,F,evaluation,4,1,0.8009434938430786,1,0.7520955204963684,False,0,,1,"[0.006063, 0.002226, 0.024879, 0.017829, 0.949003]"
Actor,client,7,4134,8,M0,F,evaluation,2,1,0.5849066376686096,0,0.7345184683799744,False,1,0.0,1,"[0.168967, 0.159027, 0.304076, 0.186639, 0.18129]"
Actor,client,7,4215,8,M0,F,evaluation,1,1,0.33038052916526794,0,0.6836628317832947,False,2,0.5,0,"[0.149484, 0.17953, 0.24772, 0.222727, 0.200539]"
Actor,client,7,4620,8,M0,F,evaluation,1,1,0.49117153882980347,0,0.6836628317832947,False,5,0.2,0,"[0.091536, 0.219089, 0.206165, 0.304697, 0.178513]"
Actor,client,7,4735,8,M0,F,evaluation,3,1,0.49257150292396545,0,0.8173993229866028,False,1,0.0,1,"[0.116128, 0.168814, 0.243715, 0.259477, 0.211865]"
Actor,client,7,4845,8,M0,F,evaluation,1,1,0.3802270293235779,0,0.6836628317832947,False,9,0.3333333333333333,0,"[0.094923, 0.185895, 0.285421, 0.240875, 0.192886]"
Actor,client,7,4886,8,M0,F,evaluation,3,1,0.4644320011138916,0,0.8173993229866028,False,6,0.16666666666666666,0,"[0.10497, 0.194096, 0.252907, 0.250963, 0.197063]"
Actor,client,7,5338,8,M0,F,evaluation,3,1,0.46565622091293335,0,0.8173993229866028,False,7,0.14285714285714285,0,"[0.103344, 0.191467, 0.256309, 0.251106, 0.197775]"
Actor,client,7,6142,8,M0,F,evaluation,1,1,0.4839321970939636,0,0.6836628317832947,False,1,0.0,1,"[0.196022, 0.259316, 0.156359, 0.175526, 0.212777]"
Actor,client,7,6183,8,M0,F,evaluation,1,1,0.5470755696296692,0,0.6836628317832947,False,0,,1,"[0.186533, 0.266272, 0.137621, 0.24157, 0.168003]"
Actor,client,7,6557,8,M0,F,evaluation,3,1,0.5073208212852478,0,0.8173993229866028,False,1,0.0,0,"[0.176761, 0.276442, 0.137666, 0.275569, 0.133562]"
Actor,client,7,7141,8,M0,F,evaluation,3,1,0.4588809013366699,0,0.8173993229866028,False,3,0.0,1,"[0.136988, 0.18169, 0.234701, 0.244965, 0.201656]"
Actor,client,7,7182,8,M0,F,evaluation,4,1,0.45585232973098755,0,0.7520955204963684,False,3,0.0,1,"[0.170191, 0.166706, 0.156276, 0.240207, 0.266619]"
Actor,client,7,7354,8,M0,F,evaluation,4,1,0.3786352276802063,0,0.7520955204963684,False,1,0.0,0,"[0.14969, 0.186116, 0.215546, 0.229092, 0.219557]"
Actor,client,7,7476,8,M0,F,evaluation,2,1,0.290395051240921,0,0.7345184683799744,False,1,0.0,0,"[0.222465, 0.234096, 0.173905, 0.213381, 0.156153]"
Actor,client,7,86,8,M0,F,evaluation,1,1,0.4572802186012268,0,0.6836628317832947,False,2,0.5,0,"[0.107102, 0.210907, 0.210998, 0.291358, 0.179636]"
Actor,client,7,239,8,M0,F,evaluation,3,1,0.6696135401725769,0,0.8173993229866028,False,0,,1,"[0.173974, 0.082218, 0.224433, 0.333968, 0.185407]"
Actor,client,7,1725,8,M0,F,evaluation,3,1,0.7893007397651672,0,0.8173993229866028,False,1,0.0,1,"[0.070053, 0.113039, 0.144814, 0.499636, 0.172457]"
Actor,client,7,1899,8,M0,F,evaluation,3,1,0.8126758933067322,0,0.8173993229866028,False,2,0.5,1,"[0.01577, 0.098678, 0.13616, 0.565968, 0.183424]"
Actor,client,7,1970,8,M0,F,evaluation,4,1,0.7102735042572021,0,0.7520955204963684,False,0,,1,"[0.132932, 0.191679, 0.154011, 0.112706, 0.408672]"
Actor,client,7,1991,8,M0,F,evaluation,3,1,0.8245875835418701,1,0.8173993229866028,False,0,,1,"[0.061679, 0.079645, 0.087945, 0.590896, 0.179834]"
Actor,client,7,2181,8,M0,F,evaluation,2,1,0.4318125545978546,0,0.7345184683799744,False,1,0.0,0,"[0.064359, 0.106707, 0.242924, 0.388913, 0.197097]"
Actor,client,7,2208,8,M0,F,evaluation,1,1,0.5703580379486084,0,0.6836628317832947,False,2,0.5,1,"[0.110816, 0.265684, 0.158986, 0.254446, 0.210068]"
Actor,client,7,2415,8,M0,F,evaluation,1,1,0.5876505970954895,0,0.6836628317832947,False,2,0.0,0,"[0.04749, 0.286181, 0.135592, 0.205009, 0.325728]"
Actor,client,7,2830,8,M0,F,evaluation,3,1,0.42286282777786255,0,0.8173993229866028,False,1,1.0,0,"[0.128199, 0.202017, 0.270465, 0.22996, 0.169358]"
Actor,client,7,2864,8,M0,F,evaluation,0,1,0.3765734136104584,0,0.5450589656829834,False,2,0.0,0,"[0.12375, 0.129045, 0.205869, 0.313135, 0.228202]"
Actor,client,7,3151,8,M0,F,evaluation,3,1,0.43934470415115356,0,0.8173993229866028,False,2,0.5,1,"[0.217488, 0.200745, 0.104156, 0.241877, 0.235734]"
Actor,client,7,5101,8,M0,F,evaluation,4,1,0.4126792550086975,0,0.7520955204963684,False,2,0.5,0,"[0.071567, 0.127881, 0.108695, 0.379335, 0.312522]"
Actor,client,7,5828,8,M0,F,evaluation,0,1,0.49425071477890015,0,0.5450589656829834,False,1,1.0,0,"[0.206067, 0.221316, 0.191062, 0.193276, 0.18828]"
Actor,client,7,5869,8,M0,F,evaluation,4,1,0.794784426689148,1,0.7520955204963684,False,0,,1,"[0.001968, 0.011234, 0.010557, 0.007427, 0.968813]"
Actor,client,7,6225,8,M0,F,evaluation,1,1,0.6902425289154053,1,0.6836628317832947,False,0,,1,"[0.11211, 0.308577, 0.200775, 0.23078, 0.147759]"
Actor,client,7,6568,8,M0,F,evaluation,1,1,0.5523452162742615,0,0.6836628317832947,False,1,0.0,0,"[0.024932, 0.221965, 0.108783, 0.427336, 0.216984]"
Actor,client,7,6983,8,M0,F,evaluation,0,1,0.1985224038362503,0,0.5450589656829834,False,0,,0,"[0.086841, 0.382647, 0.238148, 0.183677, 0.108687]"
Actor,client,7,7075,8,M0,F,evaluation,1,1,0.24577473104000092,0,0.6836628317832947,False,4,0.0,0,"[0.12876, 0.17245, 0.103234, 0.201101, 0.394455]"
Actor,client,7,7546,8,M0,F,evaluation,3,1,0.8057716488838196,0,0.8173993229866028,False,1,0.0,1,"[0.024843, 0.108575, 0.148519, 0.545612, 0.17245]"
Actor,client,7,673,8,M0,F,evaluation,2,1,0.8116379976272583,1,0.7345184683799744,False,4,0.25,1,"[0.063976, 0.148888, 0.450085, 0.155499, 0.181551]"
Actor,client,7,1218,8,M0,F,evaluation,3,1,0.42939773201942444,0,0.8173993229866028,False,0,,0,"[0.060068, 0.156751, 0.315846, 0.235025, 0.232311]"
Actor,client,7,1618,8,M0,F,evaluation,1,1,0.6273542642593384,0,0.6836628317832947,False,0,,0,"[0.055931, 0.255908, 0.142845, 0.375633, 0.169683]"
Actor,client,7,3311,8,M0,F,evaluation,3,1,0.4956441819667816,0,0.8173993229866028,False,0,,0,"[0.041871, 0.050308, 0.325898, 0.255086, 0.326838]"
Actor,client,7,4789,8,M0,F,evaluation,1,1,0.34996986389160156,0,0.6836628317832947,False,3,0.0,0,"[0.100942, 0.173331, 0.358713, 0.203695, 0.16332]"
Actor,client,7,5478,8,M0,F,evaluation,4,1,0.5149057507514954,0,0.7520955204963684,False,2,0.5,0,"[0.006517, 0.01907, 0.134238, 0.454898, 0.385276]"
Actor,client,7,5884,8,M0,F,evaluation,1,1,0.28384581208229065,0,0.6836628317832947,False,2,0.0,0,"[0.073826, 0.148596, 0.420962, 0.161432, 0.195183]"
Actor,client,7,6562,8,M0,F,evaluation,2,1,0.6911947727203369,0,0.7345184683799744,False,1,0.0,1,"[0.042889, 0.053769, 0.358807, 0.24127, 0.303266]"
Actor,client,7,7055,8,M0,F,evaluation,4,1,0.3845788836479187,0,0.7520955204963684,False,1,1.0,0,"[0.051845, 0.108498, 0.218394, 0.371673, 0.249589]"
Actor,client,7,7373,8,M0,F,evaluation,2,1,0.7721370458602905,1,0.7345184683799744,False,0,,1,"[0.064981, 0.151466, 0.418632, 0.152988, 0.211932]"
Actor,client,7,305,8,M0,F,evaluation,3,1,0.8298914432525635,1,0.8173993229866028,False,0,,1,"[0.031385, 0.063117, 0.113177, 0.613199, 0.179122]"
Actor,client,7,967,8,M0,F,evaluation,3,1,0.6071715950965881,0,0.8173993229866028,False,1,0.0,1,"[0.169104, 0.21353, 0.110285, 0.321546, 0.185535]"
Actor,client,7,2603,8,M0,F,evaluation,3,1,0.8208213448524475,1,0.8173993229866028,False,1,1.0,1,"[0.035411, 0.048351, 0.119674, 0.579532, 0.217032]"
Actor,client,7,3522,8,M0,F,evaluation,1,1,0.5171138048171997,0,0.6836628317832947,False,0,,1,"[0.222775, 0.255212, 0.202886, 0.209552, 0.109575]"
Actor,client,7,3609,8,M0,F,evaluation,2,1,0.22760024666786194,0,0.7345184683799744,False,0,,0,"[0.214163, 0.253666, 0.143084, 0.252321, 0.136767]"
Actor,client,7,3679,8,M0,F,evaluation,3,1,0.30105656385421753,0,0.8173993229866028,False,0,,0,"[0.142538, 0.220909, 0.214056, 0.192163, 0.230333]"
Actor,client,7,4026,8,M0,F,evaluation,3,1,0.4243009388446808,0,0.8173993229866028,False,0,,0,"[0.186533, 0.266272, 0.137621, 0.24157, 0.168003]"
Actor,client,7,4312,8,M0,F,evaluation,3,1,0.17398591339588165,0,0.8173993229866028,False,2,0.5,0,"[0.114963, 0.124332, 0.234893, 0.136167, 0.389644]"
Actor,client,7,4855,8,M0,F,evaluation,1,1,0.491076797246933,0,0.6836628317832947,False,1,0.0,1,"[0.235065, 0.247327, 0.15683, 0.2358, 0.124977]"
Actor,client,7,4881,8,M0,F,evaluation,3,1,0.12339138239622116,0,0.8173993229866028,False,6,0.5,0,"[0.007516, 0.038857, 0.038541, 0.144713, 0.770373]"
Actor,client,7,5335,8,M0,F,evaluation,1,1,0.11070127040147781,0,0.6836628317832947,False,5,0.2,0,"[0.011712, 0.095325, 0.058731, 0.208049, 0.626183]"
Actor,client,7,5795,8,M0,F,evaluation,0,1,0.3680642247200012,0,0.5450589656829834,False,0,,0,"[0.16921, 0.301908, 0.19911, 0.199095, 0.130677]"
Actor,client,7,6911,8,M0,F,evaluation,2,1,0.23010940849781036,0,0.7345184683799744,False,0,,0,"[0.209525, 0.342516, 0.152063, 0.201156, 0.09474]"
Actor,client,7,7159,8,M0,F,evaluation,1,1,0.3950018584728241,0,0.6836628317832947,False,1,0.0,0,"[0.128248, 0.190843, 0.241139, 0.27156, 0.16821]"
Actor,client,7,7481,8,M0,F,evaluation,1,1,0.6111380457878113,0,0.6836628317832947,False,0,,0,"[0.192881, 0.278325, 0.104312, 0.301277, 0.123205]"
Actor,client,7,7491,8,M0,F,evaluation,1,1,0.6526393890380859,0,0.6836628317832947,False,0,,0,"[0.08599, 0.350885, 0.051856, 0.098222, 0.413047]"
Actor,client,7,7499,8,M0,F,evaluation,3,1,0.7021060585975647,0,0.8173993229866028,False,0,,1,"[0.057577, 0.116511, 0.303794, 0.374429, 0.147689]"
Actor,client,7,7513,8,M0,F,evaluation,3,1,0.7627565860748291,0,0.8173993229866028,False,0,,1,"[0.085129, 0.12093, 0.208513, 0.446526, 0.138901]"
Actor,client,7,7559,8,M0,F,evaluation,1,1,0.44182294607162476,0,0.6836628317832947,False,0,,1,"[0.180417, 0.224461, 0.214092, 0.221505, 0.159525]"
Actor,client,7,7567,8,M0,F,evaluation,0,1,0.45317232608795166,0,0.5450589656829834,False,0,,0,"[0.20632, 0.167278, 0.259751, 0.263908, 0.102743]"
Actor,client,7,7568,8,M0,F,evaluation,2,1,0.21241536736488342,0,0.7345184683799744,False,0,,0,"[0.186533, 0.266272, 0.137621, 0.24157, 0.168003]"
Actor,client,7,64,8,M0,F,evaluation,3,1,0.6819732189178467,0,0.8173993229866028,False,3,0.0,1,"[0.08313, 0.232102, 0.122025, 0.384605, 0.178138]"
Actor,client,7,741,8,M0,F,evaluation,3,1,0.6426766514778137,0,0.8173993229866028,False,4,0.25,0,"[0.026669, 0.088974, 0.173873, 0.35036, 0.360123]"
Actor,client,7,2460,8,M0,F,evaluation,3,1,0.5338984131813049,0,0.8173993229866028,False,1,1.0,1,"[0.22517, 0.246463, 0.11312, 0.279328, 0.13592]"
Actor,client,7,4623,8,M0,F,evaluation,3,1,0.46616560220718384,0,0.8173993229866028,False,1,0.0,0,"[0.09295, 0.150664, 0.270741, 0.248547, 0.237098]"
Actor,client,7,4820,8,M0,F,evaluation,3,1,0.4719657003879547,0,0.8173993229866028,False,1,1.0,1,"[0.178832, 0.250233, 0.179832, 0.254288, 0.136815]"
Actor,client,7,5177,8,M0,F,evaluation,2,1,0.6414860486984253,0,0.7345184683799744,False,0,,1,"[0.029255, 0.178781, 0.347605, 0.323237, 0.121122]"
Actor,client,7,5957,8,M0,F,evaluation,4,1,0.7621886730194092,1,0.7520955204963684,False,0,,1,"[0.046906, 0.025013, 0.076484, 0.17976, 0.671836]"
Actor,client,7,788,8,M0,F,evaluation,0,1,0.4006310999393463,0,0.5450589656829834,False,0,,0,"[0.161274, 0.186163, 0.245071, 0.222685, 0.184807]"
Actor,client,7,1136,8,M0,F,evaluation,2,1,0.36186739802360535,0,0.7345184683799744,False,1,0.0,0,"[0.126001, 0.218474, 0.215247, 0.202193, 0.238085]"
Actor,client,7,1973,8,M0,F,evaluation,0,1,0.48677122592926025,0,0.5450589656829834,False,1,0.0,0,"[0.190196, 0.204986, 0.182959, 0.199077, 0.222781]"
Actor,client,7,3149,8,M0,F,evaluation,4,1,0.780430018901825,1,0.7520955204963684,False,2,0.5,1,"[0.019991, 0.024692, 0.066481, 0.120446, 0.76839]"
Actor,client,7,3475,8,M0,F,evaluation,1,1,0.5452017188072205,0,0.6836628317832947,False,0,,1,"[0.180704, 0.265893, 0.185777, 0.21071, 0.156916]"
Actor,client,7,4145,8,M0,F,evaluation,4,1,0.7872568964958191,1,0.7520955204963684,False,0,,1,"[0.006744, 0.010277, 0.02515, 0.058556, 0.899273]"
Actor,client,7,4915,8,M0,F,evaluation,3,1,0.5644558072090149,0,0.8173993229866028,False,1,0.0,1,"[0.115025, 0.184081, 0.215567, 0.294898, 0.190429]"
Actor,client,7,6838,8,M0,F,evaluation,4,1,0.5906735062599182,0,0.7520955204963684,False,2,1.0,1,"[0.114421, 0.121513, 0.190666, 0.250304, 0.323095]"
Actor,client,7,661,8,M0,F,evaluation,4,1,0.7871584892272949,1,0.7520955204963684,False,0,,1,"[0.008943, 0.0049, 0.056629, 0.104528, 0.825]"
Actor,client,7,1294,8,M0,F,evaluation,2,1,0.40815526247024536,0,0.7345184683799744,False,1,0.0,1,"[0.174471, 0.164464, 0.226384, 0.209884, 0.224796]"
Actor,client,7,2394,8,M0,F,evaluation,2,1,0.40769562125205994,0,0.7345184683799744,False,1,0.0,0,"[0.181996, 0.135387, 0.222764, 0.206747, 0.253106]"
Actor,client,7,3919,8,M0,F,evaluation,3,1,0.315360963344574,0,0.8173993229866028,False,1,0.0,0,"[0.204994, 0.243095, 0.242419, 0.185106, 0.124386]"
Actor,client,7,4174,8,M0,F,evaluation,1,1,0.19938097894191742,0,0.6836628317832947,False,1,0.0,0,"[0.191651, 0.14069, 0.182113, 0.196621, 0.288926]"
Actor,client,7,5392,8,M0,F,evaluation,4,1,0.7798151969909668,1,0.7520955204963684,False,1,1.0,1,"[0.004381, 0.002337, 0.04603, 0.113645, 0.833607]"
Actor,client,7,5940,8,M0,F,evaluation,2,1,0.378716379404068,0,0.7345184683799744,False,3,0.0,0,"[0.158399, 0.209563, 0.219164, 0.223395, 0.189478]"
Actor,client,7,1396,8,M0,F,evaluation,3,1,0.5512059330940247,0,0.8173993229866028,False,1,0.0,1,"[0.170048, 0.15863, 0.199958, 0.279473, 0.191892]"
Actor,client,7,2670,8,M0,F,evaluation,4,1,0.3571411073207855,0,0.7520955204963684,False,1,1.0,0,"[0.142224, 0.124564, 0.212783, 0.300535, 0.219894]"
Actor,client,7,4256,8,M0,F,evaluation,3,1,0.5202578902244568,0,0.8173993229866028,False,4,0.25,1,"[0.140927, 0.247173, 0.23331, 0.273172, 0.105417]"
Actor,client,7,6443,8,M0,F,evaluation,3,1,0.5474034547805786,0,0.8173993229866028,False,1,1.0,1,"[0.154871, 0.225408, 0.175289, 0.288129, 0.156304]"
Actor,client,7,928,8,M0,F,evaluation,4,1,0.45983242988586426,0,0.7520955204963684,False,1,0.0,1,"[0.133808, 0.160976, 0.159548, 0.268211, 0.277458]"
Actor,client,7,3487,8,M0,F,evaluation,2,1,0.4732077419757843,0,0.7345184683799744,False,1,0.0,0,"[0.089949, 0.097658, 0.256953, 0.32853, 0.22691]"
Actor,client,7,5708,8,M0,F,evaluation,3,1,0.6494959592819214,0,0.8173993229866028,False,2,1.0,1,"[0.109361, 0.126877, 0.194287, 0.339913, 0.229563]"
Actor,client,7,7006,8,M0,F,evaluation,3,1,0.645345151424408,0,0.8173993229866028,False,3,0.0,1,"[0.084322, 0.103059, 0.196391, 0.33981, 0.276419]"
Actor,client,7,2258,8,M0,F,evaluation,0,1,0.5467526316642761,1,0.5450589656829834,False,1,0.0,0,"[0.212126, 0.184673, 0.211046, 0.127303, 0.264853]"
Actor,client,7,5608,8,M0,F,evaluation,4,1,0.7762225866317749,1,0.7520955204963684,False,0,,1,"[0.090451, 0.115659, 0.07901, 0.078152, 0.636727]"
Actor,client,7,5966,8,M0,F,evaluation,4,1,0.769351065158844,1,0.7520955204963684,False,1,1.0,1,"[0.066111, 0.105405, 0.060809, 0.082007, 0.685667]"
Actor,client,7,2132,8,M0,F,evaluation,2,1,0.5820732712745667,0,0.7345184683799744,False,1,0.0,1,"[0.150542, 0.101455, 0.298998, 0.251649, 0.197355]"
Actor,client,7,7070,8,M0,F,evaluation,3,1,0.5159109830856323,0,0.8173993229866028,False,1,0.0,0,"[0.150542, 0.101455, 0.298998, 0.251649, 0.197355]"
Actor,client,7,7563,8,M0,F,evaluation,3,1,0.5857611298561096,0,0.8173993229866028,False,0,,1,"[0.068872, 0.15062, 0.278422, 0.303137, 0.198948]"
Actor,client,7,1818,8,M0,F,evaluation,1,1,0.1877225637435913,0,0.6836628317832947,False,0,,0,"[0.257917, 0.14702, 0.14367, 0.174379, 0.277014]"
Actor,client,7,3023,8,M0,F,evaluation,0,1,0.6251914501190186,1,0.5450589656829834,False,1,0.0,0,"[0.239549, 0.153145, 0.149699, 0.197729, 0.259877]"
Actor,client,7,5734,8,M0,F,evaluation,0,1,0.6791585683822632,1,0.5450589656829834,False,1,0.0,0,"[0.267172, 0.161048, 0.130617, 0.172237, 0.268926]"
Actor,client,7,634,8,M0,F,evaluation,2,1,0.4691912531852722,0,0.7345184683799744,False,0,,1,"[0.187993, 0.204779, 0.255572, 0.226842, 0.124813]"
Actor,client,7,3088,8,M0,F,evaluation,3,1,0.39485061168670654,0,0.8173993229866028,False,0,,0,"[0.196995, 0.056738, 0.225682, 0.2051, 0.315485]"
Actor,client,7,2467,8,M0,F,evaluation,1,1,0.5733416676521301,0,0.6836628317832947,False,1,0.0,0,"[0.060704, 0.239685, 0.241811, 0.306183, 0.151618]"
Actor,client,7,1184,8,M0,F,evaluation,2,1,0.8164398670196533,1,0.7345184683799744,False,0,,1,"[0.03275, 0.105153, 0.452426, 0.270507, 0.139163]"
Actor,client,7,5393,8,M0,F,evaluation,4,1,0.26408353447914124,0,0.7520955204963684,False,2,0.0,0,"[0.01628, 0.136532, 0.292888, 0.368679, 0.185622]"
Actor,client,7,3054,8,M0,F,evaluation,1,1,0.3742644190788269,0,0.6836628317832947,False,1,0.0,0,"[0.156961, 0.203732, 0.229442, 0.200781, 0.209084]"
Actor,client,7,3179,8,M0,F,evaluation,4,1,0.3700796961784363,0,0.7520955204963684,False,1,0.0,0,"[0.156961, 0.203732, 0.229442, 0.200781, 0.209084]"
Actor,client,7,176,6,M0,H,evaluation,2,0,0.37651920318603516,0,0.7345184683799744,False,0,,0,"[0.122976, 0.154235, 0.216464, 0.227741, 0.278585]"
Actor,client,7,207,6,M0,H,evaluation,2,0,0.11206601560115814,0,0.7345184683799744,False,1,0.0,0,"[0.065624, 0.124177, 0.057869, 0.090455, 0.661875]"
Actor,client,7,289,6,M0,H,evaluation,2,0,0.26060137152671814,0,0.7345184683799744,False,3,0.0,0,"[0.108148, 0.170629, 0.163603, 0.19795, 0.35967]"
Actor,client,7,310,6,M0,H,evaluation,4,0,0.132998526096344,0,0.7520955204963684,False,2,0.0,0,"[0.090145, 0.218282, 0.299896, 0.280167, 0.11151]"
Actor,client,7,392,6,M0,H,evaluation,1,0,0.18767276406288147,0,0.6836628317832947,False,2,0.0,0,"[0.121172, 0.095956, 0.454944, 0.177219, 0.15071]"
Actor,client,7,410,6,M0,H,evaluation,3,0,0.5885010361671448,0,0.8173993229866028,False,1,0.0,1,"[0.171764, 0.13311, 0.144029, 0.301572, 0.249525]"
Actor,client,7,509,6,M0,H,evaluation,4,0,0.7272878885269165,0,0.7520955204963684,False,0,,1,"[0.006304, 0.03113, 0.03488, 0.198671, 0.729015]"
Actor,client,7,565,6,M0,H,evaluation,3,0,0.37116989493370056,0,0.8173993229866028,False,4,0.25,0,"[0.139729, 0.155975, 0.233473, 0.211273, 0.25955]"
Actor,client,7,576,6,M0,H,evaluation,0,0,0.3567458391189575,0,0.5450589656829834,False,1,0.0,0,"[0.160817, 0.263844, 0.208611, 0.247396, 0.119333]"
Actor,client,7,584,6,M0,H,evaluation,3,0,0.4357503354549408,0,0.8173993229866028,False,1,0.0,1,"[0.158466, 0.233995, 0.151218, 0.246609, 0.209712]"
Actor,client,7,588,6,M0,H,evaluation,4,0,0.21746589243412018,0,0.7520955204963684,False,1,0.0,0,"[0.16142, 0.213827, 0.259645, 0.216537, 0.148572]"
Actor,client,7,664,6,M0,H,evaluation,4,0,0.6964119672775269,0,0.7520955204963684,False,6,0.3333333333333333,1,"[0.038623, 0.050809, 0.085297, 0.263851, 0.561419]"
Actor,client,7,728,6,M0,H,evaluation,2,0,0.30471381545066833,0,0.7345184683799744,False,1,0.0,0,"[0.15338, 0.158046, 0.181058, 0.254106, 0.25341]"
Actor,client,7,743,6,M0,H,evaluation,2,0,0.3625074625015259,0,0.7345184683799744,False,2,0.0,0,"[0.139065, 0.185765, 0.21161, 0.23469, 0.22887]"
Actor,client,7,775,6,M0,H,evaluation,4,0,0.40361979603767395,0,0.7520955204963684,False,8,0.0,0,"[0.108375, 0.148603, 0.16903, 0.31317, 0.260823]"
Actor,client,7,851,6,M0,H,evaluation,0,0,0.33638784289360046,0,0.5450589656829834,False,15,0.13333333333333333,0,"[0.068906, 0.130941, 0.193868, 0.238984, 0.367301]"
Actor,client,7,866,6,M0,H,evaluation,2,0,0.38679739832878113,0,0.7345184683799744,False,6,0.0,0,"[0.101763, 0.160147, 0.223959, 0.282087, 0.232043]"
Actor,client,7,885,6,M0,H,evaluation,4,0,0.2756611704826355,0,0.7520955204963684,False,2,0.0,0,"[0.164242, 0.184556, 0.269468, 0.214931, 0.166803]"
Actor,client,7,995,6,M0,H,evaluation,4,0,0.5588553547859192,0,0.7520955204963684,False,1,0.0,1,"[0.11838, 0.129608, 0.266484, 0.216183, 0.269346]"
Actor,client,7,1053,6,M0,H,evaluation,2,0,0.10244566202163696,0,0.7345184683799744,False,1,0.0,0,"[0.11799, 0.166605, 0.047914, 0.225392, 0.442098]"
Actor,client,7,1096,6,M0,H,evaluation,4,0,0.485416054725647,0,0.7520955204963684,False,0,,1,"[0.191234, 0.28493, 0.064759, 0.146768, 0.312309]"
Actor,client,7,1107,6,M0,H,evaluation,0,0,0.44960787892341614,0,0.5450589656829834,False,1,0.0,0,"[0.012175, 0.013241, 0.085226, 0.169273, 0.720086]"
Actor,client,7,1140,6,M0,H,evaluation,2,0,0.4036805331707001,0,0.7345184683799744,False,1,1.0,0,"[0.088483, 0.079725, 0.224853, 0.23209, 0.374848]"
Actor,client,7,1181,6,M0,H,evaluation,2,0,0.20074312388896942,0,0.7345184683799744,False,0,,0,"[0.277359, 0.185225, 0.114022, 0.136692, 0.286702]"
Actor,client,7,1328,6,M0,H,evaluation,4,0,0.30148985981941223,0,0.7520955204963684,False,2,0.0,0,"[0.113382, 0.158028, 0.177914, 0.331417, 0.21926]"
Actor,client,7,1336,6,M0,H,evaluation,4,0,0.3975696861743927,0,0.7520955204963684,False,1,0.0,0,"[0.140936, 0.170826, 0.274181, 0.206733, 0.207323]"
Actor,client,7,1381,6,M0,H,evaluation,3,0,0.44560617208480835,0,0.8173993229866028,False,0,,0,"[0.050444, 0.068154, 0.176063, 0.254261, 0.451078]"
Actor,client,7,1407,6,M0,H,evaluation,4,0,0.24947623908519745,0,0.7520955204963684,False,2,0.0,0,"[0.130233, 0.264047, 0.157418, 0.251366, 0.196935]"
Actor,client,7,1411,6,M0,H,evaluation,1,0,0.39920249581336975,0,0.6836628317832947,False,1,0.0,0,"[0.168419, 0.199547, 0.21859, 0.259778, 0.153666]"
Actor,client,7,1436,6,M0,H,evaluation,4,0,0.24167533218860626,0,0.7520955204963684,False,4,0.0,0,"[0.043078, 0.115741, 0.194381, 0.437337, 0.209462]"
Actor,client,7,1452,6,M0,H,evaluation,4,0,0.28317975997924805,0,0.7520955204963684,False,0,,0,"[0.085794, 0.358365, 0.057821, 0.239492, 0.258528]"
Actor,client,7,1478,6,M0,H,evaluation,3,0,0.5617059469223022,0,0.8173993229866028,False,1,1.0,0,"[0.218711, 0.088841, 0.089477, 0.2845, 0.318471]"
Actor,client,7,1489,6,M0,H,evaluation,4,0,0.488263875246048,0,0.7520955204963684,False,1,0.0,1,"[0.096567, 0.14252, 0.131953, 0.309537, 0.319422]"
Actor,client,7,1543,6,M0,H,evaluation,0,0,0.25907421112060547,0,0.5450589656829834,False,1,0.0,0,"[0.051977, 0.132606, 0.188527, 0.382788, 0.244102]"
Actor,client,7,1584,6,M0,H,evaluation,4,0,0.683356761932373,0,0.7520955204963684,False,1,0.0,1,"[0.173458, 0.102782, 0.176786, 0.188826, 0.358149]"
Actor,client,7,1623,6,M0,H,evaluation,0,0,0.3092437982559204,0,0.5450589656829834,False,0,,0,"[0.122302, 0.251897, 0.193801, 0.277392, 0.154608]"
Actor,client,7,1761,6,M0,H,evaluation,0,0,0.3699232339859009,0,0.5450589656829834,False,3,0.6666666666666666,0,"[0.132177, 0.148141, 0.220868, 0.299564, 0.19925]"
Actor,client,7,1776,6,M0,H,evaluation,4,0,0.41587215662002563,0,0.7520955204963684,False,2,0.0,0,"[0.114193, 0.186118, 0.226963, 0.237769, 0.234957]"
Actor,client,7,1783,6,M0,H,evaluation,3,0,0.23696066439151764,0,0.8173993229866028,False,1,0.0,0,"[0.169618, 0.211323, 0.356777, 0.14486, 0.117422]"
Actor,client,7,1866,6,M0,H,evaluation,3,0,0.6449777483940125,0,0.8173993229866028,False,3,0.0,1,"[0.143565, 0.145868, 0.097306, 0.344021, 0.26924]"
Actor,client,7,1933,6,M0,H,evaluation,3,0,0.2956447899341583,0,0.8173993229866028,False,1,1.0,0,"[0.168526, 0.157992, 0.194005, 0.18474, 0.294736]"
Actor,client,7,2037,6,M0,H,evaluation,4,0,0.5000120997428894,0,0.7520955204963684,False,3,0.6666666666666666,1,"[0.122774, 0.166081, 0.177506, 0.247536, 0.286102]"
Actor,client,7,2038,6,M0,H,evaluation,1,0,0.5625492334365845,0,0.6836628317832947,False,0,,1,"[0.20696, 0.280807, 0.2403, 0.144677, 0.127256]"
Actor,client,7,2041,6,M0,H,evaluation,3,0,0.5275771617889404,0,0.8173993229866028,False,2,0.0,1,"[0.148218, 0.166251, 0.167265, 0.277589, 0.240677]"
Actor,client,7,2150,6,M0,H,evaluation,1,0,0.34552881121635437,0,0.6836628317832947,False,1,0.0,0,"[0.146476, 0.199798, 0.202959, 0.190844, 0.259923]"
Actor,client,7,2201,6,M0,H,evaluation,1,0,0.41805899143218994,0,0.6836628317832947,False,2,0.5,0,"[0.188495, 0.223194, 0.23267, 0.184051, 0.17159]"
Actor,client,7,2260,6,M0,H,evaluation,4,0,0.382842481136322,0,0.7520955204963684,False,3,0.6666666666666666,0,"[0.174789, 0.239898, 0.177174, 0.181713, 0.226425]"
Actor,client,7,2477,6,M0,H,evaluation,1,0,0.16489048302173615,0,0.6836628317832947,False,4,0.0,0,"[0.042708, 0.140308, 0.119297, 0.146641, 0.551046]"
Actor,client,7,2502,6,M0,H,evaluation,1,0,0.3270447254180908,0,0.6836628317832947,False,3,0.3333333333333333,0,"[0.13858, 0.187202, 0.221449, 0.202137, 0.250632]"
Actor,client,7,2654,6,M0,H,evaluation,4,0,0.2601979672908783,0,0.7520955204963684,False,2,0.0,0,"[0.13917, 0.227109, 0.224322, 0.231631, 0.177768]"
Actor,client,7,2758,6,M0,H,evaluation,2,0,0.07288522273302078,0,0.7345184683799744,False,1,0.0,0,"[0.005296, 0.010724, 0.003687, 0.079362, 0.900931]"
Actor,client,7,2772,6,M0,H,evaluation,4,0,0.7837635278701782,1,0.7520955204963684,False,1,1.0,1,"[0.017863, 0.054087, 0.038975, 0.050282, 0.838793]"
Actor,client,7,2803,6,M0,H,evaluation,2,0,0.29654598236083984,0,0.7345184683799744,False,4,0.5,0,"[0.132286, 0.173914, 0.180166, 0.223039, 0.290596]"
Actor,client,7,2913,6,M0,H,evaluation,4,0,0.5087384581565857,0,0.7520955204963684,False,1,0.0,1,"[0.210205, 0.165935, 0.176429, 0.182915, 0.264517]"
Actor,client,7,2945,6,M0,H,evaluation,3,0,0.738509476184845,0,0.8173993229866028,False,0,,1,"[0.047969, 0.071483, 0.190596, 0.421399, 0.268554]"
Actor,client,7,2946,6,M0,H,evaluation,2,0,0.3381023705005646,0,0.7345184683799744,False,1,0.0,0,"[0.161193, 0.226352, 0.202196, 0.253185, 0.157074]"
Actor,client,7,3003,6,M0,H,evaluation,3,0,0.6411717534065247,0,0.8173993229866028,False,3,0.0,1,"[0.092488, 0.211255, 0.245718, 0.338214, 0.112325]"
Actor,client,7,3062,6,M0,H,evaluation,2,0,0.32055553793907166,0,0.7345184683799744,False,1,0.0,0,"[0.180358, 0.229395, 0.192005, 0.200885, 0.197357]"
Actor,client,7,3083,6,M0,H,evaluation,0,0,0.37317565083503723,0,0.5450589656829834,False,1,1.0,0,"[0.141812, 0.198554, 0.236938, 0.212144, 0.210551]"
Actor,client,7,3162,6,M0,H,evaluation,4,0,0.7702811360359192,1,0.7520955204963684,False,1,0.0,0,"[0.074823, 0.035514, 0.395075, 0.163238, 0.331349]"
Actor,client,7,3204,6,M0,H,evaluation,3,0,0.45829105377197266,0,0.8173993229866028,False,2,0.5,0,"[0.083786, 0.34468, 0.074365, 0.284353, 0.212817]"
Actor,client,7,3232,6,M0,H,evaluation,3,0,0.32731354236602783,0,0.8173993229866028,False,1,0.0,0,"[0.185005, 0.2405, 0.191196, 0.19889, 0.184409]"
Actor,client,7,3540,6,M0,H,evaluation,0,0,0.4087119996547699,0,0.5450589656829834,False,3,0.0,0,"[0.176431, 0.260125, 0.1943, 0.21058, 0.158564]"
Actor,client,7,3584,6,M0,H,evaluation,0,0,0.36130884289741516,0,0.5450589656829834,False,3,0.3333333333333333,0,"[0.109338, 0.190137, 0.19381, 0.215345, 0.29137]"
Actor,client,7,3635,6,M0,H,evaluation,2,0,0.8152872323989868,1,0.7345184683799744,False,1,1.0,1,"[0.075451, 0.173255, 0.455377, 0.199619, 0.096298]"
Actor,client,7,3731,6,M0,H,evaluation,3,0,0.3652632534503937,0,0.8173993229866028,False,4,0.0,0,"[0.12148, 0.2076, 0.256176, 0.212517, 0.202226]"
Actor,client,7,3868,6,M0,H,evaluation,3,0,0.4933527410030365,0,0.8173993229866028,False,1,0.0,1,"[0.147408, 0.171635, 0.253279, 0.253515, 0.174163]"
Actor,client,7,3952,6,M0,H,evaluation,4,0,0.36273255944252014,0,0.7520955204963684,False,2,0.0,0,"[0.148345, 0.185916, 0.244955, 0.216434, 0.20435]"
Actor,client,7,4017,6,M0,H,evaluation,3,0,0.46721920371055603,0,0.8173993229866028,False,1,0.0,1,"[0.14722, 0.235891, 0.171598, 0.257836, 0.187455]"
Actor,client,7,4084,6,M0,H,evaluation,2,0,0.655080258846283,0,0.7345184683799744,False,0,,1,"[0.068727, 0.099509, 0.342019, 0.263557, 0.226188]"
Actor,client,7,4121,6,M0,H,evaluation,3,0,0.4397726356983185,0,0.8173993229866028,False,4,0.0,0,"[0.091565, 0.18254, 0.301142, 0.237152, 0.187601]"
Actor,client,7,4205,6,M0,H,evaluation,3,0,0.37971219420433044,0,0.8173993229866028,False,1,0.0,0,"[0.0937, 0.120472, 0.10212, 0.23596, 0.447748]"
Actor,client,7,4208,6,M0,H,evaluation,3,0,0.4780998229980469,0,0.8173993229866028,False,0,,0,"[0.249595, 0.215073, 0.148472, 0.246363, 0.140497]"
Actor,client,7,4433,6,M0,H,evaluation,4,0,0.42705512046813965,0,0.7520955204963684,False,2,0.5,0,"[0.180426, 0.097806, 0.152233, 0.308072, 0.261462]"
Actor,client,7,4461,6,M0,H,evaluation,4,0,0.5081203579902649,0,0.7520955204963684,False,1,0.0,1,"[0.102419, 0.156928, 0.223651, 0.244092, 0.272911]"
Actor,client,7,4486,6,M0,H,evaluation,1,0,0.49410566687583923,0,0.6836628317832947,False,2,0.5,1,"[0.16112, 0.246128, 0.2062, 0.207348, 0.179204]"
Actor,client,7,4496,6,M0,H,evaluation,1,0,0.28418686985969543,0,0.6836628317832947,False,2,0.5,0,"[0.131009, 0.177618, 0.181064, 0.198197, 0.312113]"
Actor,client,7,4539,6,M0,H,evaluation,3,0,0.3399258255958557,0,0.8173993229866028,False,8,0.125,0,"[0.059317, 0.079218, 0.13874, 0.220294, 0.502431]"
Actor,client,7,4544,6,M0,H,evaluation,3,0,0.5419730544090271,0,0.8173993229866028,False,0,,1,"[0.178383, 0.178271, 0.23604, 0.270906, 0.1364]"
Actor,client,7,4552,6,M0,H,evaluation,1,0,0.5632804036140442,0,0.6836628317832947,False,2,0.5,1,"[0.146199, 0.264782, 0.169761, 0.245425, 0.173833]"
Actor,client,7,4594,6,M0,H,evaluation,2,0,0.39778104424476624,0,0.7345184683799744,False,1,0.0,0,"[0.162469, 0.205072, 0.226475, 0.177597, 0.228387]"
Actor,client,7,4622,6,M0,H,evaluation,2,0,0.35255706310272217,0,0.7345184683799744,False,3,0.3333333333333333,0,"[0.145992, 0.189418, 0.206678, 0.221539, 0.236373]"
Actor,client,7,4643,6,M0,H,evaluation,0,0,0.4438609480857849,0,0.5450589656829834,False,3,0.0,0,"[0.157906, 0.150971, 0.195232, 0.258329, 0.237561]"
Actor,client,7,4657,6,M0,H,evaluation,0,0,0.2836992144584656,0,0.5450589656829834,False,0,,0,"[0.080528, 0.186492, 0.20272, 0.299248, 0.231013]"
Actor,client,7,4745,6,M0,H,evaluation,2,0,0.2751047909259796,0,0.7345184683799744,False,0,,0,"[0.261867, 0.177231, 0.157362, 0.195964, 0.207576]"
Actor,client,7,4750,6,M0,H,evaluation,2,0,0.35868680477142334,0,0.7345184683799744,False,3,0.3333333333333333,0,"[0.103553, 0.103187, 0.205662, 0.222264, 0.365334]"
Actor,client,7,4752,6,M0,H,evaluation,1,0,0.3576306998729706,0,0.6836628317832947,False,1,0.0,0,"[0.218145, 0.210957, 0.202197, 0.170293, 0.198408]"
Actor,client,7,4770,6,M0,H,evaluation,2,0,0.4484066665172577,0,0.7345184683799744,False,1,1.0,1,"[0.123992, 0.241193, 0.255999, 0.226276, 0.152541]"
Actor,client,7,4777,6,M0,H,evaluation,1,0,0.3734937906265259,0,0.6836628317832947,False,2,0.0,0,"[0.064227, 0.179348, 0.190966, 0.313403, 0.252056]"
Actor,client,7,4927,6,M0,H,evaluation,3,0,0.5679839849472046,0,0.8173993229866028,False,8,0.375,0,"[0.062945, 0.086835, 0.205965, 0.299862, 0.344393]"
Actor,client,7,5005,6,M0,H,evaluation,1,0,0.3483291566371918,0,0.6836628317832947,False,0,,0,"[0.095966, 0.170118, 0.081105, 0.385033, 0.267778]"
Actor,client,7,5074,6,M0,H,evaluation,2,0,0.4256032705307007,0,0.7345184683799744,False,2,0.5,1,"[0.18038, 0.221674, 0.238773, 0.204125, 0.155047]"
Actor,client,7,5100,6,M0,H,evaluation,2,0,0.4581323266029358,0,0.7345184683799744,False,3,0.3333333333333333,1,"[0.156791, 0.190987, 0.252345, 0.225347, 0.174529]"
Actor,client,7,5115,6,M0,H,evaluation,2,0,0.5224512815475464,0,0.7345184683799744,False,1,1.0,1,"[0.159648, 0.148878, 0.275952, 0.222078, 0.193445]"
Actor,client,7,5147,6,M0,H,evaluation,0,0,0.44988247752189636,0,0.5450589656829834,False,3,0.0,0,"[0.18851, 0.212011, 0.183073, 0.261454, 0.154953]"
Actor,client,7,5169,6,M0,H,evaluation,4,0,0.11730430275201797,0,0.7520955204963684,False,0,,0,"[0.052787, 0.134201, 0.122491, 0.517433, 0.173087]"
Actor,client,7,5237,6,M0,H,evaluation,3,0,0.09844242036342621,0,0.8173993229866028,False,0,,0,"[0.135512, 0.412686, 0.046519, 0.127669, 0.277615]"
Actor,client,7,5257,6,M0,H,evaluation,3,0,0.4671058654785156,0,0.8173993229866028,False,5,0.2,0,"[0.095281, 0.145984, 0.263716, 0.249082, 0.245938]"
Actor,client,7,5358,6,M0,H,evaluation,4,0,0.507128119468689,0,0.7520955204963684,False,5,0.2,0,"[0.036877, 0.069888, 0.310119, 0.324341, 0.258776]"
Actor,client,7,5425,6,M0,H,evaluation,2,0,0.28734055161476135,0,0.7345184683799744,False,1,0.0,0,"[0.139941, 0.210475, 0.178469, 0.267303, 0.203811]"
Actor,client,7,5456,6,M0,H,evaluation,2,0,0.4504707455635071,0,0.7345184683799744,False,2,0.5,0,"[0.127857, 0.206429, 0.253558, 0.275698, 0.136457]"
Actor,client,7,5461,6,M0,H,evaluation,2,0,0.40865787863731384,0,0.7345184683799744,False,3,0.3333333333333333,0,"[0.119393, 0.108284, 0.226923, 0.257051, 0.288349]"
Actor,client,7,5527,6,M0,H,evaluation,2,0,0.41601765155792236,0,0.7345184683799744,False,2,0.0,1,"[0.200131, 0.174057, 0.228334, 0.212901, 0.184576]"
Actor,client,7,5550,6,M0,H,evaluation,1,0,0.35472404956817627,0,0.6836628317832947,False,4,0.0,0,"[0.142972, 0.187589, 0.171598, 0.272236, 0.225605]"
Actor,client,7,5574,6,M0,H,evaluation,4,0,0.7285111546516418,0,0.7520955204963684,False,1,0.0,1,"[0.097289, 0.124302, 0.174996, 0.17018, 0.433233]"
Actor,client,7,5668,6,M0,H,evaluation,1,0,0.5274232029914856,0,0.6836628317832947,False,0,,0,"[0.066518, 0.230755, 0.214993, 0.297938, 0.189797]"
Actor,client,7,5702,6,M0,H,evaluation,2,0,0.27218952775001526,0,0.7345184683799744,False,1,0.0,0,"[0.022057, 0.125731, 0.173775, 0.201315, 0.477122]"
Actor,client,7,5728,6,M0,H,evaluation,2,0,0.29571905732154846,0,0.7345184683799744,False,3,0.6666666666666666,0,"[0.127898, 0.212898, 0.183291, 0.189936, 0.285977]"
Actor,client,7,5801,6,M0,H,evaluation,2,0,0.13297045230865479,0,0.7345184683799744,False,6,0.0,0,"[0.032547, 0.081745, 0.079722, 0.288249, 0.517738]"
Actor,client,7,5927,6,M0,H,evaluation,3,0,0.4127197563648224,0,0.8173993229866028,False,3,0.6666666666666666,1,"[0.175825, 0.198051, 0.185448, 0.228815, 0.211861]"
Actor,client,7,5951,6,M0,H,evaluation,2,0,0.3442190885543823,0,0.7345184683799744,False,3,1.0,0,"[0.106584, 0.172956, 0.205788, 0.311624, 0.203049]"
Actor,client,7,6001,6,M0,H,evaluation,2,0,0.35923343896865845,0,0.7345184683799744,False,1,0.0,0,"[0.164838, 0.202978, 0.20908, 0.208417, 0.214687]"
Actor,client,7,6007,6,M0,H,evaluation,2,0,0.5456674098968506,0,0.7345184683799744,False,1,0.0,1,"[0.122645, 0.174074, 0.292454, 0.25576, 0.155066]"
Actor,client,7,6011,6,M0,H,evaluation,1,0,0.2937738001346588,0,0.6836628317832947,False,2,0.5,0,"[0.263142, 0.202443, 0.1372, 0.151524, 0.245691]"
Actor,client,7,6025,6,M0,H,evaluation,1,0,0.299713134765625,0,0.6836628317832947,False,1,0.0,0,"[0.187856, 0.175394, 0.208194, 0.220038, 0.208518]"
Actor,client,7,6115,6,M0,H,evaluation,2,0,0.46934664249420166,0,0.7345184683799744,False,1,1.0,1,"[0.128639, 0.227672, 0.263449, 0.234738, 0.145502]"
Actor,client,7,6127,6,M0,H,evaluation,2,0,0.2227594554424286,0,0.7345184683799744,False,4,0.25,0,"[0.179224, 0.125758, 0.131855, 0.165011, 0.398152]"
Actor,client,7,6248,6,M0,H,evaluation,1,0,0.2218397557735443,0,0.6836628317832947,False,1,0.0,0,"[0.103569, 0.12562, 0.250657, 0.253749, 0.266406]"
Actor,client,7,6408,6,M0,H,evaluation,4,0,0.7339573502540588,0,0.7520955204963684,False,3,0.3333333333333333,1,"[0.03401, 0.038773, 0.131747, 0.245464, 0.550005]"
Actor,client,7,6502,6,M0,H,evaluation,0,0,0.4811258912086487,0,0.5450589656829834,False,1,0.0,0,"[0.194782, 0.219988, 0.187856, 0.192312, 0.205063]"
Actor,client,7,6529,6,M0,H,evaluation,4,0,0.6646541953086853,0,0.7520955204963684,False,3,0.3333333333333333,1,"[0.139236, 0.125112, 0.158133, 0.203063, 0.374456]"
Actor,client,7,6533,6,M0,H,evaluation,2,0,0.48849397897720337,0,0.7345184683799744,False,0,,0,"[0.16036, 0.152479, 0.260943, 0.150415, 0.275803]"
Actor,client,7,6700,6,M0,H,evaluation,4,0,0.5518697500228882,0,0.7520955204963684,False,6,0.16666666666666666,1,"[0.117231, 0.163653, 0.22154, 0.212155, 0.28542]"
Actor,client,7,6718,6,M0,H,evaluation,1,0,0.45195192098617554,0,0.6836628317832947,False,1,1.0,0,"[0.160126, 0.217359, 0.24969, 0.239576, 0.133249]"
Actor,client,7,6812,6,M0,H,evaluation,4,0,0.38515734672546387,0,0.7520955204963684,False,5,0.0,1,"[0.195551, 0.221282, 0.177133, 0.182149, 0.223885]"
Actor,client,7,6849,6,M0,H,evaluation,0,0,0.4507085084915161,0,0.5450589656829834,False,0,,0,"[0.213468, 0.261155, 0.226967, 0.183961, 0.114451]"
Actor,client,7,6867,6,M0,H,evaluation,1,0,0.2827877700328827,0,0.6836628317832947,False,4,0.25,0,"[0.126556, 0.163915, 0.220958, 0.22635, 0.262221]"
Actor,client,7,6903,6,M0,H,evaluation,4,0,0.47876980900764465,0,0.7520955204963684,False,0,,0,"[0.066719, 0.055272, 0.55582, 0.143768, 0.178421]"
Actor,client,7,6922,6,M0,H,evaluation,1,0,0.41332319378852844,0,0.6836628317832947,False,0,,0,"[0.089781, 0.192594, 0.278979, 0.262854, 0.175793]"
Actor,client,7,7106,6,M0,H,evaluation,4,0,0.2901250123977661,0,0.7520955204963684,False,1,0.0,0,"[0.12554, 0.191333, 0.264914, 0.238932, 0.179281]"
Actor,client,7,7142,6,M0,H,evaluation,0,0,0.4864862561225891,0,0.5450589656829834,False,1,0.0,0,"[0.23597, 0.277226, 0.196525, 0.201633, 0.088646]"
Actor,client,7,7212,6,M0,H,evaluation,2,0,0.2951156198978424,0,0.7345184683799744,False,1,1.0,0,"[0.08545, 0.141459, 0.182405, 0.390451, 0.200235]"
Actor,client,7,7217,6,M0,H,evaluation,4,0,0.5947921276092529,0,0.7520955204963684,False,2,0.0,1,"[0.163328, 0.178819, 0.150384, 0.180881, 0.326588]"
Actor,client,7,7298,6,M0,H,evaluation,2,0,0.23772041499614716,0,0.7345184683799744,False,1,0.0,0,"[0.038068, 0.165665, 0.158818, 0.370195, 0.267255]"
Actor,client,7,7337,6,M0,H,evaluation,0,0,0.4661545753479004,0,0.5450589656829834,False,3,0.0,0,"[0.168917, 0.165966, 0.216181, 0.185984, 0.262951]"
Actor,client,7,7392,6,M0,H,evaluation,4,0,0.5768207907676697,0,0.7520955204963684,False,0,,1,"[0.041018, 0.236376, 0.197506, 0.192657, 0.332442]"
Actor,client,7,7442,6,M0,H,evaluation,0,0,0.43318450450897217,0,0.5450589656829834,False,1,0.0,0,"[0.173836, 0.20759, 0.22188, 0.193159, 0.203535]"
Actor,client,7,7458,6,M0,H,evaluation,4,0,0.5594614148139954,0,0.7520955204963684,False,2,0.0,1,"[0.065848, 0.217039, 0.196113, 0.204709, 0.316291]"
Actor,client,7,7501,6,M0,H,evaluation,4,0,0.2992842495441437,0,0.7520955204963684,False,4,0.0,0,"[0.19192, 0.240444, 0.136947, 0.219343, 0.211346]"
Actor,client,7,7577,6,M0,H,evaluation,3,0,0.5556716322898865,0,0.8173993229866028,False,1,1.0,1,"[0.190432, 0.155307, 0.201248, 0.27755, 0.175463]"
Actor,client,7,7594,6,M0,H,evaluation,1,0,0.40911296010017395,0,0.6836628317832947,False,3,0.0,0,"[0.156905, 0.199142, 0.222463, 0.271509, 0.149981]"
Actor,client,7,6363,6,M0,H,evaluation,4,0,0.6048499345779419,0,0.7520955204963684,False,0,,1,"[0.067696, 0.060715, 0.087855, 0.336883, 0.446851]"
Actor,client,7,6430,6,M0,H,evaluation,1,0,0.4943435788154602,0,0.6836628317832947,False,0,,0,"[0.076441, 0.217301, 0.232037, 0.298775, 0.175446]"
Actor,client,7,6448,6,M0,H,evaluation,4,0,0.08981600403785706,0,0.7520955204963684,False,1,0.0,0,"[0.12322, 0.232478, 0.164223, 0.359361, 0.120719]"
Actor,client,7,6463,6,M0,H,evaluation,4,0,0.22224578261375427,0,0.7520955204963684,False,3,0.3333333333333333,0,"[0.217777, 0.246891, 0.215515, 0.16756, 0.152256]"
Actor,client,7,6470,6,M0,H,evaluation,2,0,0.2822002172470093,0,0.7345184683799744,False,0,,0,"[0.062258, 0.29143, 0.189828, 0.22973, 0.226754]"
Actor,client,7,6472,6,M0,H,evaluation,2,0,0.06722725927829742,0,0.7345184683799744,False,0,,0,"[0.020027, 0.179891, 0.012652, 0.527986, 0.259444]"
Actor,client,7,6474,6,M0,H,evaluation,1,0,0.49460986256599426,0,0.6836628317832947,False,0,,0,"[0.02178, 0.189927, 0.254298, 0.390328, 0.143666]"
Actor,client,7,6505,6,M0,H,evaluation,2,0,0.15272016823291779,0,0.7345184683799744,False,0,,0,"[0.186294, 0.149742, 0.087839, 0.322302, 0.253822]"
Actor,client,7,6564,6,M0,H,evaluation,3,0,0.7247568964958191,0,0.8173993229866028,False,0,,1,"[0.130456, 0.140425, 0.202159, 0.394914, 0.132046]"
Actor,client,7,6641,6,M0,H,evaluation,3,0,0.2696526050567627,0,0.8173993229866028,False,0,,0,"[0.067038, 0.244069, 0.07977, 0.210763, 0.39836]"
Actor,client,7,6663,6,M0,H,evaluation,1,0,0.48994049429893494,0,0.6836628317832947,False,0,,0,"[0.123656, 0.231952, 0.176472, 0.272895, 0.195026]"
Actor,client,7,6701,6,M0,H,evaluation,3,0,0.37641316652297974,0,0.8173993229866028,False,0,,0,"[0.190078, 0.22031, 0.19975, 0.213178, 0.176684]"
Actor,client,7,6719,6,M0,H,evaluation,2,0,0.5270179510116577,0,0.7345184683799744,False,1,0.0,1,"[0.114135, 0.181391, 0.285546, 0.236187, 0.182742]"
Actor,client,7,6738,6,M0,H,evaluation,4,0,0.44733431935310364,0,0.7520955204963684,False,0,,0,"[0.086379, 0.353631, 0.221119, 0.095594, 0.243277]"
Actor,client,7,6750,6,M0,H,evaluation,2,0,0.4564725458621979,0,0.7345184683799744,False,0,,0,"[0.167758, 0.293828, 0.259819, 0.11875, 0.159845]"
Actor,client,7,6754,6,M0,H,evaluation,1,0,0.5265024304389954,0,0.6836628317832947,False,0,,0,"[0.099234, 0.240538, 0.236257, 0.24781, 0.176162]"
Actor,client,7,6763,6,M0,H,evaluation,1,0,0.40443986654281616,0,0.6836628317832947,False,1,1.0,0,"[0.138884, 0.205132, 0.171042, 0.271173, 0.213769]"
Actor,client,7,6775,6,M0,H,evaluation,2,0,0.778113603591919,1,0.7345184683799744,False,0,,1,"[0.030747, 0.076371, 0.417654, 0.194295, 0.280932]"
Actor,client,7,6788,6,M0,H,evaluation,0,0,0.4450237452983856,0,0.5450589656829834,False,1,0.0,0,"[0.187015, 0.214676, 0.201169, 0.232723, 0.164416]"
Actor,client,7,6872,6,M0,H,evaluation,4,0,0.8050300478935242,1,0.7520955204963684,False,1,1.0,1,"[0.07145, 0.105146, 0.121103, 0.050014, 0.652287]"
Actor,client,7,6890,6,M0,H,evaluation,2,0,0.880161702632904,1,0.7345184683799744,False,1,1.0,1,"[0.020446, 0.052993, 0.51769, 0.257708, 0.151162]"
Actor,client,7,6908,6,M0,H,evaluation,3,0,0.7030724287033081,0,0.8173993229866028,False,0,,1,"[0.049936, 0.205863, 0.075889, 0.411517, 0.256796]"
Actor,client,7,6927,6,M0,H,evaluation,3,0,0.10101522505283356,0,0.8173993229866028,False,0,,0,"[0.043222, 0.208491, 0.281846, 0.102723, 0.363718]"
Actor,client,7,6978,6,M0,H,evaluation,4,0,0.17090483009815216,0,0.7520955204963684,False,0,,0,"[0.029476, 0.201413, 0.131228, 0.438169, 0.199713]"
Actor,client,7,6985,6,M0,H,evaluation,1,0,0.38179367780685425,0,0.6836628317832947,False,1,1.0,1,"[0.193324, 0.215679, 0.178473, 0.197989, 0.214534]"
Actor,client,7,7007,6,M0,H,evaluation,2,0,0.314889520406723,0,0.7345184683799744,False,0,,0,"[0.266363, 0.109333, 0.170612, 0.199552, 0.25414]"
Actor,client,7,7008,6,M0,H,evaluation,0,0,0.20627911388874054,0,0.5450589656829834,False,0,,0,"[0.05113, 0.123074, 0.416267, 0.19417, 0.215359]"
Actor,client,7,7025,6,M0,H,evaluation,3,0,0.5609643459320068,0,0.8173993229866028,False,0,,0,"[0.020632, 0.052264, 0.170097, 0.305894, 0.451113]"
Actor,client,7,7156,6,M0,H,evaluation,2,0,0.628075897693634,0,0.7345184683799744,False,0,,0,"[0.102272, 0.073966, 0.323042, 0.332456, 0.168264]"
Actor,client,7,7160,6,M0,H,evaluation,3,0,0.17807310819625854,0,0.8173993229866028,False,0,,0,"[0.147219, 0.269686, 0.168004, 0.149964, 0.265126]"
Actor,client,7,7195,6,M0,H,evaluation,1,0,0.28521278500556946,0,0.6836628317832947,False,0,,0,"[0.165366, 0.139269, 0.150321, 0.37661, 0.168434]"
Actor,client,7,7225,6,M0,H,evaluation,4,0,0.5658211708068848,0,0.7520955204963684,False,0,,1,"[0.112109, 0.216877, 0.117576, 0.200347, 0.353091]"
Actor,client,7,7229,6,M0,H,evaluation,0,0,0.48668885231018066,0,0.5450589656829834,False,1,0.0,0,"[0.072503, 0.086894, 0.113798, 0.12104, 0.605765]"
Actor,client,7,7233,6,M0,H,evaluation,2,0,0.24241995811462402,0,0.7345184683799744,False,1,0.0,0,"[0.261522, 0.198515, 0.142603, 0.284739, 0.112621]"
Actor,client,7,7252,6,M0,H,evaluation,2,0,0.3116936981678009,0,0.7345184683799744,False,0,,0,"[0.0121, 0.038673, 0.189121, 0.4893, 0.270806]"
Actor,client,7,7258,6,M0,H,evaluation,3,0,0.7960216403007507,0,0.8173993229866028,False,0,,1,"[0.139449, 0.128007, 0.090221, 0.503577, 0.138747]"
Actor,client,7,7278,6,M0,H,evaluation,2,0,0.13611845672130585,0,0.7345184683799744,False,1,0.0,0,"[0.203708, 0.179801, 0.075945, 0.432224, 0.108322]"
Actor,client,7,7291,6,M0,H,evaluation,3,0,0.30821970105171204,0,0.8173993229866028,False,0,,0,"[0.086373, 0.275331, 0.300388, 0.196271, 0.141638]"
Actor,client,7,7317,6,M0,H,evaluation,4,0,0.7671932578086853,1,0.7520955204963684,False,0,,1,"[0.027196, 0.076584, 0.094861, 0.131143, 0.670217]"
Actor,client,7,7366,6,M0,H,evaluation,1,0,0.3282962441444397,0,0.6836628317832947,False,0,,0,"[0.079938, 0.149579, 0.339101, 0.27803, 0.153352]"
Actor,client,7,7394,6,M0,H,evaluation,2,0,0.24175390601158142,0,0.7345184683799744,False,0,,0,"[0.162747, 0.123869, 0.145543, 0.331654, 0.236187]"
Actor,client,7,7419,6,M0,H,evaluation,2,0,0.21767394244670868,0,0.7345184683799744,False,0,,0,"[0.119897, 0.279324, 0.146776, 0.112359, 0.341644]"
Actor,client,7,7456,6,M0,H,evaluation,2,0,0.49244600534439087,0,0.7345184683799744,False,0,,1,"[0.117802, 0.27508, 0.279152, 0.220939, 0.107027]"
Actor,client,7,7462,6,M0,H,evaluation,3,0,0.7177913784980774,0,0.8173993229866028,False,0,,1,"[0.017601, 0.060908, 0.283916, 0.394226, 0.243349]"
Actor,client,7,7490,6,M0,H,evaluation,3,0,0.405211865901947,0,0.8173993229866028,False,0,,0,"[0.184085, 0.196266, 0.128884, 0.23172, 0.259044]"
Actor,client,7,7510,6,M0,H,evaluation,2,0,0.3337101936340332,0,0.7345184683799744,False,0,,0,"[0.113278, 0.201293, 0.201276, 0.125709, 0.358443]"
Actor,client,7,7520,6,M0,H,evaluation,2,0,0.165231853723526,0,0.7345184683799744,False,0,,0,"[0.127888, 0.100169, 0.096946, 0.156216, 0.518781]"
Actor,client,7,7547,6,M0,H,evaluation,4,0,0.5116839408874512,0,0.7520955204963684,False,0,,1,"[0.081985, 0.298392, 0.084399, 0.179344, 0.355879]"
Actor,client,7,7572,6,M0,H,evaluation,3,0,0.4093995690345764,0,0.8173993229866028,False,0,,0,"[0.008481, 0.03043, 0.053889, 0.26071, 0.64649]"
Actor,client,7,130,8,M0,H,evaluation,2,0,0.45885607600212097,0,0.7345184683799744,False,1,1.0,1,"[0.143298, 0.179419, 0.252709, 0.211122, 0.213451]"
Actor,client,7,269,8,M0,H,evaluation,0,0,0.5102843046188354,0,0.5450589656829834,False,0,,0,"[0.225107, 0.256276, 0.148114, 0.231492, 0.139011]"
Actor,client,7,290,8,M0,H,evaluation,4,0,0.5348512530326843,0,0.7520955204963684,False,2,0.5,1,"[0.126288, 0.141557, 0.234313, 0.225949, 0.271892]"
Actor,client,7,300,8,M0,H,evaluation,1,0,0.2239663302898407,0,0.6836628317832947,False,3,0.0,0,"[0.027714, 0.115753, 0.356966, 0.22566, 0.273906]"
Actor,client,7,346,8,M0,H,evaluation,3,0,0.5493640899658203,0,0.8173993229866028,False,3,0.0,1,"[0.083403, 0.196684, 0.21557, 0.294378, 0.209965]"
Actor,client,7,540,8,M0,H,evaluation,3,0,0.5616962909698486,0,0.8173993229866028,False,7,0.42857142857142855,0,"[0.084267, 0.094675, 0.15275, 0.300328, 0.36798]"
Actor,client,7,598,8,M0,H,evaluation,2,0,0.6338427066802979,0,0.7345184683799744,False,2,0.5,1,"[0.030941, 0.100164, 0.335125, 0.294049, 0.23972]"
Actor,client,7,787,8,M0,H,evaluation,2,0,0.34446418285369873,0,0.7345184683799744,False,2,0.0,0,"[0.109175, 0.138391, 0.202152, 0.260084, 0.290199]"
Actor,client,7,803,8,M0,H,evaluation,3,0,0.2145807445049286,0,0.8173993229866028,False,0,,0,"[0.018962, 0.016459, 0.262976, 0.1598, 0.541803]"
Actor,client,7,924,8,M0,H,evaluation,3,0,0.4250827729701996,0,0.8173993229866028,False,1,0.0,0,"[0.108007, 0.15209, 0.350339, 0.22091, 0.168654]"
Actor,client,7,944,8,M0,H,evaluation,1,0,0.6788561344146729,0,0.6836628317832947,False,1,0.0,1,"[0.096903, 0.313146, 0.171397, 0.211896, 0.206657]"
Actor,client,7,951,8,M0,H,evaluation,1,0,0.5029639005661011,0,0.6836628317832947,False,1,0.0,0,"[0.072807, 0.23596, 0.165794, 0.275869, 0.24957]"
Actor,client,7,1033,8,M0,H,evaluation,3,0,0.5216386318206787,0,0.8173993229866028,False,0,,1,"[0.247789, 0.175573, 0.144004, 0.261708, 0.170926]"
Actor,client,7,1043,8,M0,H,evaluation,0,0,0.632195770740509,1,0.5450589656829834,False,1,0.0,1,"[0.270785, 0.158137, 0.196368, 0.194144, 0.180566]"
Actor,client,7,1051,8,M0,H,evaluation,2,0,0.26011568307876587,0,0.7345184683799744,False,3,0.3333333333333333,0,"[0.122502, 0.180415, 0.163414, 0.258538, 0.275132]"
Actor,client,7,1103,8,M0,H,evaluation,2,0,0.20201286673545837,0,0.7345184683799744,False,1,1.0,0,"[0.086669, 0.190298, 0.134919, 0.328478, 0.259637]"
Actor,client,7,1173,8,M0,H,evaluation,3,0,0.19411702454090118,0,0.8173993229866028,False,0,,0,"[0.085316, 0.0551, 0.113894, 0.161422, 0.584268]"
Actor,client,7,1215,8,M0,H,evaluation,2,0,0.3204045593738556,0,0.7345184683799744,False,2,0.5,0,"[0.154845, 0.34433, 0.204133, 0.145031, 0.151662]"
Actor,client,7,1263,8,M0,H,evaluation,0,0,0.34849271178245544,0,0.5450589656829834,False,5,0.0,0,"[0.128892, 0.18922, 0.218739, 0.27153, 0.19162]"
Actor,client,7,1297,8,M0,H,evaluation,1,0,0.2575318217277527,0,0.6836628317832947,False,1,0.0,0,"[0.183711, 0.153561, 0.240833, 0.218049, 0.203845]"
Actor,client,7,1298,8,M0,H,evaluation,3,0,0.36026814579963684,0,0.8173993229866028,False,1,0.0,0,"[0.082964, 0.112992, 0.340644, 0.200515, 0.262885]"
Actor,client,7,1317,8,M0,H,evaluation,1,0,0.3177056610584259,0,0.6836628317832947,False,1,0.0,0,"[0.082804, 0.158887, 0.237081, 0.287947, 0.23328]"
Actor,client,7,1320,8,M0,H,evaluation,4,0,0.47220104932785034,0,0.7520955204963684,False,2,0.0,1,"[0.098193, 0.164776, 0.236754, 0.245295, 0.254982]"
Actor,client,7,1366,8,M0,H,evaluation,2,0,0.14770464599132538,0,0.7345184683799744,False,0,,0,"[0.044701, 0.263333, 0.107258, 0.417027, 0.167681]"
Actor,client,7,1375,8,M0,H,evaluation,1,0,0.3746633231639862,0,0.6836628317832947,False,2,0.0,0,"[0.150406, 0.20029, 0.218405, 0.221364, 0.209535]"
Actor,client,7,1409,8,M0,H,evaluation,3,0,0.5338961482048035,0,0.8173993229866028,False,1,0.0,1,"[0.133591, 0.130521, 0.215433, 0.274358, 0.246098]"
Actor,client,7,1427,8,M0,H,evaluation,3,0,0.4707193374633789,0,0.8173993229866028,False,2,0.5,0,"[0.102127, 0.158643, 0.193074, 0.25893, 0.287226]"
Actor,client,7,1453,8,M0,H,evaluation,0,0,0.6300736665725708,1,0.5450589656829834,False,0,,1,"[0.249491, 0.138891, 0.17646, 0.19822, 0.236939]"
Actor,client,7,1565,8,M0,H,evaluation,3,0,0.42317289113998413,0,0.8173993229866028,False,1,1.0,0,"[0.125458, 0.168499, 0.259534, 0.229737, 0.216771]"
Actor,client,7,1730,8,M0,H,evaluation,1,0,0.30595076084136963,0,0.6836628317832947,False,1,0.0,0,"[0.130955, 0.162576, 0.184861, 0.291227, 0.23038]"
Actor,client,7,1753,8,M0,H,evaluation,4,0,0.7737889289855957,1,0.7520955204963684,False,3,0.3333333333333333,1,"[0.125343, 0.126597, 0.115902, 0.09597, 0.536188]"
Actor,client,7,1787,8,M0,H,evaluation,1,0,0.5346282720565796,0,0.6836628317832947,False,0,,0,"[0.058419, 0.213567, 0.107927, 0.441044, 0.179043]"
Actor,client,7,1844,8,M0,H,evaluation,4,0,0.777482807636261,1,0.7520955204963684,False,2,0.5,1,"[0.011397, 0.019105, 0.008442, 0.062268, 0.898788]"
Actor,client,7,1864,8,M0,H,evaluation,1,0,0.32691144943237305,0,0.6836628317832947,False,2,0.0,0,"[0.105318, 0.17288, 0.294012, 0.21203, 0.215761]"
Actor,client,7,2004,8,M0,H,evaluation,4,0,0.48736199736595154,0,0.7520955204963684,False,10,0.4,1,"[0.086226, 0.163673, 0.160828, 0.286342, 0.302932]"
Actor,client,7,2022,8,M0,H,evaluation,1,0,0.3647916316986084,0,0.6836628317832947,False,1,0.0,0,"[0.108629, 0.18927, 0.300575, 0.197436, 0.204089]"
Actor,client,7,2282,8,M0,H,evaluation,2,0,0.18737252056598663,0,0.7345184683799744,False,1,0.0,0,"[0.166459, 0.138847, 0.111994, 0.151522, 0.431179]"
Actor,client,7,2288,8,M0,H,evaluation,3,0,0.48081153631210327,0,0.8173993229866028,False,2,0.5,0,"[0.043603, 0.07714, 0.292376, 0.2549, 0.331981]"
Actor,client,7,2391,8,M0,H,evaluation,0,0,0.46286189556121826,0,0.5450589656829834,False,2,0.0,0,"[0.107496, 0.084264, 0.138391, 0.255926, 0.413923]"
Actor,client,7,2659,8,M0,H,evaluation,0,0,0.454681396484375,0,0.5450589656829834,False,2,0.0,0,"[0.154847, 0.179168, 0.148639, 0.252373, 0.264973]"
Actor,client,7,2762,8,M0,H,evaluation,2,0,0.08435610681772232,0,0.7345184683799744,False,1,1.0,0,"[0.030735, 0.134971, 0.030846, 0.218262, 0.585185]"
Actor,client,7,2768,8,M0,H,evaluation,3,0,0.45492833852767944,0,0.8173993229866028,False,1,1.0,0,"[0.125641, 0.131914, 0.188097, 0.247914, 0.306433]"
Actor,client,7,2835,8,M0,H,evaluation,3,0,0.4022141098976135,0,0.8173993229866028,False,1,0.0,0,"[0.156244, 0.184552, 0.246837, 0.219736, 0.192632]"
Actor,client,7,2948,8,M0,H,evaluation,1,0,0.32062193751335144,0,0.6836628317832947,False,0,,0,"[0.110692, 0.163938, 0.319463, 0.223294, 0.182613]"
Actor,client,7,3067,8,M0,H,evaluation,3,0,0.24210599064826965,0,0.8173993229866028,False,0,,0,"[0.085641, 0.153113, 0.503785, 0.138219, 0.119241]"
Actor,client,7,3296,8,M0,H,evaluation,0,0,0.5547215342521667,1,0.5450589656829834,False,1,0.0,0,"[0.17323, 0.172124, 0.133627, 0.132242, 0.388776]"
Actor,client,7,3513,8,M0,H,evaluation,2,0,0.36768609285354614,0,0.7345184683799744,False,1,0.0,0,"[0.120534, 0.109506, 0.209316, 0.302682, 0.257962]"
Actor,client,7,3573,8,M0,H,evaluation,4,0,0.17059838771820068,0,0.7520955204963684,False,2,0.0,0,"[0.106902, 0.174356, 0.166563, 0.379479, 0.172699]"
Actor,client,7,3613,8,M0,H,evaluation,3,0,0.6584009528160095,0,0.8173993229866028,False,8,0.0,1,"[0.061004, 0.120231, 0.103649, 0.365003, 0.350112]"
Actor,client,7,3631,8,M0,H,evaluation,1,0,0.35280442237854004,0,0.6836628317832947,False,5,0.2,0,"[0.09469, 0.190694, 0.207595, 0.230717, 0.276304]"
Actor,client,7,3699,8,M0,H,evaluation,3,0,0.4947968125343323,0,0.8173993229866028,False,3,0.0,1,"[0.121432, 0.198288, 0.190653, 0.268029, 0.221598]"
Actor,client,7,3759,8,M0,H,evaluation,4,0,0.6855319738388062,0,0.7520955204963684,False,0,,1,"[0.089097, 0.244744, 0.250608, 0.077974, 0.337577]"
Actor,client,7,3768,8,M0,H,evaluation,2,0,0.3984924852848053,0,0.7345184683799744,False,1,1.0,1,"[0.147974, 0.202097, 0.22816, 0.216371, 0.205399]"
Actor,client,7,3775,8,M0,H,evaluation,4,0,0.143456369638443,0,0.7520955204963684,False,6,0.16666666666666666,0,"[0.076391, 0.202196, 0.166002, 0.392276, 0.163136]"
Actor,client,7,3872,8,M0,H,evaluation,4,0,0.6015619039535522,0,0.7520955204963684,False,1,0.0,0,"[0.067489, 0.117136, 0.332055, 0.210464, 0.272856]"
Actor,client,7,3889,8,M0,H,evaluation,4,0,0.15357635915279388,0,0.7520955204963684,False,2,0.0,0,"[0.090837, 0.226166, 0.174254, 0.34774, 0.161002]"
Actor,client,7,4055,8,M0,H,evaluation,1,0,0.2323458343744278,0,0.6836628317832947,False,1,0.0,0,"[0.032109, 0.107488, 0.317751, 0.299729, 0.242923]"
Actor,client,7,4077,8,M0,H,evaluation,2,0,0.29242488741874695,0,0.7345184683799744,False,3,0.0,0,"[0.134378, 0.174913, 0.178235, 0.246895, 0.265579]"
Actor,client,7,4232,8,M0,H,evaluation,1,0,0.25979360938072205,0,0.6836628317832947,False,0,,0,"[0.154297, 0.16317, 0.179726, 0.218506, 0.284301]"
Actor,client,7,4245,8,M0,H,evaluation,1,0,0.49666285514831543,0,0.6836628317832947,False,1,1.0,0,"[0.132726, 0.234118, 0.280776, 0.210103, 0.142277]"
Actor,client,7,4260,8,M0,H,evaluation,3,0,0.29411786794662476,0,0.8173993229866028,False,2,0.0,0,"[0.064118, 0.115922, 0.103496, 0.209662, 0.506802]"
Actor,client,7,4332,8,M0,H,evaluation,2,0,0.21106643974781036,0,0.7345184683799744,False,3,0.0,0,"[0.176251, 0.201745, 0.133308, 0.352838, 0.135857]"
Actor,client,7,4482,8,M0,H,evaluation,3,0,0.47479552030563354,0,0.8173993229866028,False,5,0.2,0,"[0.115769, 0.128518, 0.167476, 0.259393, 0.328845]"
Actor,client,7,4550,8,M0,H,evaluation,0,0,0.37072280049324036,0,0.5450589656829834,False,0,,0,"[0.162008, 0.274432, 0.187479, 0.235093, 0.140988]"
Actor,client,7,4567,8,M0,H,evaluation,1,0,0.324349582195282,0,0.6836628317832947,False,3,0.3333333333333333,0,"[0.084828, 0.163917, 0.204749, 0.297787, 0.248719]"
Actor,client,7,4629,8,M0,H,evaluation,4,0,0.47981756925582886,0,0.7520955204963684,False,2,0.0,1,"[0.123245, 0.174475, 0.14819, 0.260631, 0.293459]"
Actor,client,7,4655,8,M0,H,evaluation,2,0,0.3166169822216034,0,0.7345184683799744,False,1,0.0,0,"[0.073235, 0.328453, 0.209586, 0.280221, 0.108504]"
Actor,client,7,4658,8,M0,H,evaluation,3,0,0.5012853741645813,0,0.8173993229866028,False,1,0.0,0,"[0.033228, 0.078686, 0.116051, 0.286647, 0.485389]"
Actor,client,7,4712,8,M0,H,evaluation,3,0,0.25822386145591736,0,0.8173993229866028,False,0,,0,"[0.069499, 0.201886, 0.110841, 0.199551, 0.418224]"
Actor,client,7,4976,8,M0,H,evaluation,0,0,0.4890543222427368,0,0.5450589656829834,False,1,0.0,0,"[0.202017, 0.204197, 0.197315, 0.210751, 0.18572]"
Actor,client,7,4987,8,M0,H,evaluation,2,0,0.21241536736488342,0,0.7345184683799744,False,0,,0,"[0.186533, 0.266272, 0.137621, 0.24157, 0.168003]"
Actor,client,7,5040,8,M0,H,evaluation,3,0,0.42293357849121094,0,0.8173993229866028,False,1,1.0,0,"[0.0988, 0.139704, 0.124552, 0.249007, 0.387937]"
Actor,client,7,5041,8,M0,H,evaluation,3,0,0.41106894612312317,0,0.8173993229866028,False,3,0.6666666666666666,0,"[0.094789, 0.147842, 0.137627, 0.244276, 0.375467]"
Actor,client,7,5056,8,M0,H,evaluation,3,0,0.4043983519077301,0,0.8173993229866028,False,2,0.5,0,"[0.158265, 0.16747, 0.243719, 0.219494, 0.211052]"
Actor,client,7,5079,8,M0,H,evaluation,2,0,0.08882187306880951,0,0.7345184683799744,False,0,,0,"[0.04379, 0.145359, 0.036449, 0.217682, 0.556721]"
Actor,client,7,5084,8,M0,H,evaluation,4,0,0.4790392220020294,0,0.7520955204963684,False,0,,0,"[0.052101, 0.018617, 0.058946, 0.461919, 0.408418]"
Actor,client,7,5186,8,M0,H,evaluation,0,0,0.2592116594314575,0,0.5450589656829834,False,1,0.0,0,"[0.068153, 0.15527, 0.156025, 0.449546, 0.171006]"
Actor,client,7,5275,8,M0,H,evaluation,2,0,0.2901102602481842,0,0.7345184683799744,False,1,0.0,0,"[0.195936, 0.184699, 0.172495, 0.282619, 0.164251]"
Actor,client,7,5573,8,M0,H,evaluation,2,0,0.46110799908638,0,0.7345184683799744,False,2,0.5,1,"[0.164505, 0.186095, 0.252203, 0.190711, 0.206486]"
Actor,client,7,5717,8,M0,H,evaluation,3,0,0.45270368456840515,0,0.8173993229866028,False,1,0.0,0,"[0.105058, 0.17196, 0.190903, 0.25277, 0.27931]"
Actor,client,7,5732,8,M0,H,evaluation,4,0,0.36293140053749084,0,0.7520955204963684,False,2,0.0,0,"[0.173754, 0.167721, 0.202845, 0.240056, 0.215623]"
Actor,client,7,5735,8,M0,H,evaluation,4,0,0.38536903262138367,0,0.7520955204963684,False,2,0.5,1,"[0.156065, 0.193555, 0.203838, 0.22231, 0.224232]"
Actor,client,7,5761,8,M0,H,evaluation,1,0,0.23535026609897614,0,0.6836628317832947,False,1,0.0,0,"[0.120118, 0.140647, 0.264886, 0.210699, 0.26365]"
Actor,client,7,5764,8,M0,H,evaluation,4,0,0.45535585284233093,0,0.7520955204963684,False,1,1.0,0,"[0.135155, 0.103193, 0.116821, 0.340295, 0.304535]"
Actor,client,7,5810,8,M0,H,evaluation,2,0,0.28846389055252075,0,0.7345184683799744,False,5,0.0,0,"[0.126021, 0.186609, 0.178606, 0.310133, 0.198631]"
Actor,client,7,5841,8,M0,H,evaluation,2,0,0.27690204977989197,0,0.7345184683799744,False,4,0.25,0,"[0.086072, 0.173249, 0.175279, 0.302326, 0.263074]"
Actor,client,7,5906,8,M0,H,evaluation,3,0,0.6899964213371277,0,0.8173993229866028,False,0,,1,"[0.147516, 0.243218, 0.098437, 0.382195, 0.128635]"
Actor,client,7,5975,8,M0,H,evaluation,2,0,0.6719743609428406,0,0.7345184683799744,False,0,,1,"[0.05494, 0.172139, 0.35949, 0.142619, 0.270813]"
Actor,client,7,6118,8,M0,H,evaluation,3,0,0.4612784683704376,0,0.8173993229866028,False,3,0.3333333333333333,0,"[0.07782, 0.181887, 0.106827, 0.271619, 0.361846]"
Actor,client,7,6122,8,M0,H,evaluation,1,0,0.19557327032089233,0,0.6836628317832947,False,1,0.0,0,"[0.174744, 0.158209, 0.152743, 0.133846, 0.380457]"
Actor,client,7,6144,8,M0,H,evaluation,1,0,0.4205824136734009,0,0.6836628317832947,False,0,,1,"[0.20298, 0.246857, 0.218717, 0.103172, 0.228273]"
Actor,client,7,6172,8,M0,H,evaluation,1,0,0.3435114920139313,0,0.6836628317832947,False,0,,0,"[0.141033, 0.166415, 0.115901, 0.375355, 0.201296]"
Actor,client,7,6180,8,M0,H,evaluation,2,0,0.39043885469436646,0,0.7345184683799744,False,5,0.2,0,"[0.116085, 0.146669, 0.222395, 0.20564, 0.309211]"
Actor,client,7,6214,8,M0,H,evaluation,0,0,0.45963138341903687,0,0.5450589656829834,False,0,,0,"[0.200975, 0.176119, 0.291595, 0.163159, 0.168153]"
Actor,client,7,6240,8,M0,H,evaluation,3,0,0.2413601130247116,0,0.8173993229866028,False,3,0.0,0,"[0.146669, 0.192189, 0.178662, 0.171587, 0.310893]"
Actor,client,7,6346,8,M0,H,evaluation,2,0,0.5004163980484009,0,0.7345184683799744,False,0,,1,"[0.225014, 0.162227, 0.261394, 0.204059, 0.147305]"
Actor,client,7,6444,8,M0,H,evaluation,2,0,0.3884115219116211,0,0.7345184683799744,False,1,1.0,0,"[0.151616, 0.148479, 0.218157, 0.180489, 0.301259]"
Actor,client,7,6594,8,M0,H,evaluation,1,0,0.24292612075805664,0,0.6836628317832947,False,2,0.5,0,"[0.141941, 0.147317, 0.191981, 0.244419, 0.274342]"
Actor,client,7,6671,8,M0,H,evaluation,0,0,0.5216292142868042,0,0.5450589656829834,False,0,,0,"[0.235382, 0.309388, 0.134435, 0.169573, 0.151222]"
Actor,client,7,6684,8,M0,H,evaluation,3,0,0.5300610661506653,0,0.8173993229866028,False,1,1.0,1,"[0.068493, 0.214113, 0.234009, 0.287386, 0.195999]"
Actor,client,7,6905,8,M0,H,evaluation,4,0,0.6312719583511353,0,0.7520955204963684,False,1,0.0,1,"[0.131244, 0.139849, 0.116486, 0.222185, 0.390236]"
Actor,client,7,6916,8,M0,H,evaluation,4,0,0.31492525339126587,0,0.7520955204963684,False,1,0.0,0,"[0.168392, 0.195668, 0.18181, 0.246659, 0.207472]"
Actor,client,7,7128,8,M0,H,evaluation,0,0,0.3322722911834717,0,0.5450589656829834,False,1,0.0,0,"[0.110143, 0.184268, 0.17731, 0.32204, 0.206239]"
Actor,client,7,7313,8,M0,H,evaluation,1,0,0.5433840155601501,0,0.6836628317832947,False,1,0.0,0,"[0.139645, 0.245108, 0.20333, 0.275769, 0.136148]"
Actor,client,7,7374,8,M0,H,evaluation,2,0,0.4485997259616852,0,0.7345184683799744,False,1,0.0,1,"[0.130855, 0.200478, 0.25133, 0.196356, 0.220981]"
Actor,client,7,7408,8,M0,H,evaluation,1,0,0.3192317485809326,0,0.6836628317832947,False,1,0.0,0,"[0.144687, 0.173233, 0.285036, 0.20785, 0.189193]"
Actor,client,7,7449,8,M0,H,evaluation,4,0,0.42990922927856445,0,0.7520955204963684,False,1,1.0,0,"[0.171216, 0.151754, 0.152916, 0.263921, 0.260192]"
Actor,client,7,7460,8,M0,H,evaluation,4,0,0.3959454596042633,0,0.7520955204963684,False,0,,1,"[0.167364, 0.224452, 0.146199, 0.215057, 0.246928]"
Actor,client,7,7464,8,M0,H,evaluation,4,0,0.628711462020874,0,0.7520955204963684,False,1,0.0,1,"[0.069954, 0.107451, 0.1311, 0.278029, 0.413466]"
Actor,client,7,7587,8,M0,H,evaluation,2,0,0.2557665705680847,0,0.7345184683799744,False,1,0.0,0,"[0.072488, 0.135184, 0.161804, 0.251532, 0.378992]"
Actor,client,7,529,8,M0,H,evaluation,2,0,0.11532121151685715,0,0.7345184683799744,False,0,,0,"[0.005506, 0.029022, 0.058743, 0.09261, 0.81412]"
Actor,client,7,769,8,M0,H,evaluation,3,0,0.6247137188911438,0,0.8173993229866028,False,1,0.0,1,"[0.11358, 0.149945, 0.154928, 0.330878, 0.250669]"
Actor,client,7,1808,8,M0,H,evaluation,0,0,0.2913983464241028,0,0.5450589656829834,False,3,0.3333333333333333,0,"[0.073345, 0.116757, 0.151497, 0.454461, 0.20394]"
Actor,client,7,2932,8,M0,H,evaluation,1,0,0.362684041261673,0,0.6836628317832947,False,1,0.0,0,"[0.175893, 0.189968, 0.194817, 0.262582, 0.176741]"
Actor,client,7,2942,8,M0,H,evaluation,3,0,0.06863224506378174,0,0.8173993229866028,False,1,0.0,0,"[0.00513, 0.031156, 0.061005, 0.096185, 0.806524]"
Actor,client,7,3052,8,M0,H,evaluation,1,0,0.3014753758907318,0,0.6836628317832947,False,0,,0,"[0.088289, 0.144484, 0.227309, 0.327626, 0.212291]"
Actor,client,7,4030,8,M0,H,evaluation,4,0,0.2843250036239624,0,0.7520955204963684,False,2,0.5,0,"[0.178285, 0.206603, 0.242135, 0.198793, 0.174184]"
Actor,client,7,4417,8,M0,H,evaluation,2,0,0.43409308791160583,0,0.7345184683799744,False,1,0.0,0,"[0.182119, 0.126096, 0.233865, 0.281832, 0.176089]"
Actor,client,7,5021,8,M0,H,evaluation,1,0,0.34349748492240906,0,0.6836628317832947,False,2,0.0,0,"[0.211602, 0.218254, 0.140292, 0.157904, 0.271948]"
Actor,client,7,5332,8,M0,H,evaluation,4,0,0.4467622935771942,0,0.7520955204963684,False,4,0.5,0,"[0.092046, 0.150626, 0.312064, 0.224595, 0.22067]"
Actor,client,7,5643,8,M0,H,evaluation,4,0,0.3963709771633148,0,0.7520955204963684,False,2,0.0,0,"[0.12023, 0.137704, 0.291142, 0.243381, 0.207542]"
Actor,client,7,5833,8,M0,H,evaluation,1,0,0.1860491931438446,0,0.6836628317832947,False,0,,0,"[0.034046, 0.080084, 0.381872, 0.277637, 0.22636]"
Actor,client,7,6270,8,M0,H,evaluation,2,0,0.2927916646003723,0,0.7345184683799744,False,1,0.0,0,"[0.191743, 0.239234, 0.178634, 0.238485, 0.151905]"
Actor,client,7,6365,8,M0,H,evaluation,4,0,0.45544934272766113,0,0.7520955204963684,False,1,0.0,1,"[0.098518, 0.202971, 0.230899, 0.218556, 0.249056]"
Actor,client,7,7093,8,M0,H,evaluation,0,0,0.6459111571311951,1,0.5450589656829834,False,0,,1,"[0.271106, 0.225111, 0.133026, 0.150607, 0.22015]"
Actor,client,7,7149,8,M0,H,evaluation,0,0,0.38884541392326355,0,0.5450589656829834,False,4,0.0,0,"[0.160639, 0.196066, 0.246742, 0.227381, 0.169171]"
Actor,client,7,7255,8,M0,H,evaluation,4,0,0.779421329498291,1,0.7520955204963684,False,1,1.0,1,"[0.179782, 0.092004, 0.099431, 0.10788, 0.520903]"
Actor,client,7,7262,8,M0,H,evaluation,4,0,0.8085340857505798,1,0.7520955204963684,False,2,0.5,1,"[0.069098, 0.051739, 0.170134, 0.125631, 0.583397]"
Actor,client,7,1076,8,M0,H,evaluation,2,0,0.3980216681957245,0,0.7345184683799744,False,1,0.0,0,"[0.103555, 0.204003, 0.23259, 0.25857, 0.201283]"
Actor,client,7,1421,8,M0,H,evaluation,3,0,0.31147268414497375,0,0.8173993229866028,False,1,0.0,0,"[0.185034, 0.236924, 0.201712, 0.191651, 0.184679]"
Actor,client,7,2511,8,M0,H,evaluation,3,0,0.39281487464904785,0,0.8173993229866028,False,1,0.0,0,"[0.083786, 0.125763, 0.205354, 0.229692, 0.355405]"
Actor,client,7,2658,8,M0,H,evaluation,2,0,0.08533161878585815,0,0.7345184683799744,False,1,0.0,0,"[0.003875, 0.001754, 0.020399, 0.015443, 0.958529]"
Actor,client,7,2710,8,M0,H,evaluation,4,0,0.4891512095928192,0,0.7520955204963684,False,1,0.0,0,"[0.157952, 0.153904, 0.278172, 0.179183, 0.230789]"
Actor,client,7,4345,8,M0,H,evaluation,4,0,0.6047317385673523,0,0.7520955204963684,False,2,0.5,1,"[0.054233, 0.060998, 0.171582, 0.337161, 0.376026]"
Actor,client,7,4967,8,M0,H,evaluation,2,0,0.393564373254776,0,0.7345184683799744,False,1,0.0,0,"[0.185158, 0.195281, 0.221968, 0.226784, 0.170809]"
Actor,client,7,5490,8,M0,H,evaluation,0,0,0.5050837397575378,0,0.5450589656829834,False,1,0.0,0,"[0.199306, 0.187763, 0.176207, 0.230637, 0.206087]"
Actor,client,7,5694,8,M0,H,evaluation,4,0,0.4029781222343445,0,0.7520955204963684,False,3,0.3333333333333333,0,"[0.149544, 0.171729, 0.236148, 0.22219, 0.22039]"
Actor,client,7,6233,8,M0,H,evaluation,4,0,0.48000213503837585,0,0.7520955204963684,False,2,0.5,1,"[0.123958, 0.168608, 0.202651, 0.239074, 0.265709]"
Actor,client,7,6793,8,M0,H,evaluation,4,0,0.3686676621437073,0,0.7520955204963684,False,1,0.0,0,"[0.145301, 0.174276, 0.240993, 0.230509, 0.208921]"
Actor,client,7,191,8,M0,H,evaluation,3,0,0.4255932569503784,0,0.8173993229866028,False,2,0.5,1,"[0.144381, 0.18372, 0.202019, 0.23565, 0.234229]"
Actor,client,7,973,8,M0,H,evaluation,3,0,0.3627307415008545,0,0.8173993229866028,False,0,,0,"[0.115948, 0.178477, 0.157027, 0.223104, 0.325443]"
Actor,client,7,1918,8,M0,H,evaluation,0,0,0.23660413920879364,0,0.5450589656829834,False,1,0.0,0,"[0.091973, 0.310061, 0.216958, 0.23625, 0.144757]"
Actor,client,7,2134,8,M0,H,evaluation,4,0,0.3730733096599579,0,0.7520955204963684,False,1,0.0,0,"[0.164202, 0.179191, 0.195337, 0.238356, 0.222914]"
Actor,client,7,2176,8,M0,H,evaluation,3,0,0.8082593083381653,0,0.8173993229866028,False,1,0.0,1,"[0.042298, 0.091624, 0.159275, 0.544076, 0.162727]"
Actor,client,7,4688,8,M0,H,evaluation,2,0,0.18288414180278778,0,0.7345184683799744,False,0,,0,"[0.238717, 0.100062, 0.09955, 0.205848, 0.355823]"
Actor,client,7,5665,8,M0,H,evaluation,3,0,0.5939747095108032,0,0.8173993229866028,False,0,,1,"[0.03846, 0.312572, 0.132234, 0.34272, 0.174013]"
Actor,client,7,5837,8,M0,H,evaluation,4,0,0.05502486974000931,0,0.7520955204963684,False,1,0.0,0,"[0.033371, 0.064039, 0.069124, 0.689066, 0.1444]"
Actor,client,7,83,8,M0,H,evaluation,4,0,0.5236332416534424,0,0.7520955204963684,False,1,1.0,1,"[0.087484, 0.202993, 0.227598, 0.204006, 0.277919]"
Actor,client,7,1542,8,M0,H,evaluation,3,0,0.44583120942115784,0,0.8173993229866028,False,0,,0,"[0.12652, 0.154833, 0.216238, 0.242381, 0.260027]"
Actor,client,7,2627,8,M0,H,evaluation,3,0,0.49467384815216064,0,0.8173993229866028,False,2,1.0,0,"[0.066272, 0.095642, 0.358313, 0.249589, 0.230185]"
Actor,client,7,2760,8,M0,H,evaluation,4,0,0.2077404409646988,0,0.7520955204963684,False,1,0.0,0,"[0.094049, 0.275496, 0.189626, 0.265441, 0.175387]"
Actor,client,7,3451,8,M0,H,evaluation,3,0,0.3013138771057129,0,0.8173993229866028,False,0,,0,"[0.202474, 0.257829, 0.242352, 0.181321, 0.116023]"
Actor,client,7,3758,8,M0,H,evaluation,1,0,0.39546316862106323,0,0.6836628317832947,False,0,,0,"[0.193936, 0.209049, 0.257779, 0.194783, 0.144454]"
Actor,client,7,3772,8,M0,H,evaluation,4,0,0.4398985505104065,0,0.7520955204963684,False,7,0.0,0,"[0.046693, 0.11124, 0.489902, 0.170681, 0.181483]"
Actor,client,7,3882,8,M0,H,evaluation,1,0,0.3103768825531006,0,0.6836628317832947,False,2,0.5,0,"[0.077944, 0.166361, 0.236105, 0.246779, 0.272811]"
Actor,client,7,5364,8,M0,H,evaluation,2,0,0.7434456944465637,1,0.7345184683799744,False,1,1.0,1,"[0.085303, 0.15526, 0.397177, 0.146979, 0.215281]"
Actor,client,7,6892,8,M0,H,evaluation,1,0,0.4206686019897461,0,0.6836628317832947,False,1,1.0,0,"[0.231964, 0.230159, 0.201383, 0.182991, 0.153503]"
Actor,client,7,7355,8,M0,H,evaluation,1,0,0.3352406620979309,0,0.6836628317832947,False,3,0.3333333333333333,0,"[0.020903, 0.135058, 0.200197, 0.427954, 0.215887]"
Actor,client,7,7435,8,M0,H,evaluation,0,0,0.321504682302475,0,0.5450589656829834,False,0,,0,"[0.159062, 0.339603, 0.247389, 0.133929, 0.120016]"
Actor,client,7,7527,8,M0,H,evaluation,3,0,0.4077443778514862,0,0.8173993229866028,False,4,0.25,0,"[0.058927, 0.192063, 0.32578, 0.228318, 0.194912]"
Actor,client,7,889,8,M0,H,evaluation,4,0,0.7859926819801331,1,0.7520955204963684,False,1,1.0,1,"[0.000115, 0.000755, 0.000873, 0.034635, 0.963622]"
Actor,client,7,1175,8,M0,H,evaluation,4,0,0.2559283673763275,0,0.7520955204963684,False,1,0.0,0,"[0.168024, 0.17077, 0.160923, 0.303005, 0.197278]"
Actor,client,7,6008,8,M0,H,evaluation,4,0,0.114826999604702,0,0.7520955204963684,False,2,0.0,0,"[0.134484, 0.205257, 0.207642, 0.329302, 0.123315]"
Actor,client,7,7368,8,M0,H,evaluation,2,0,0.349454790353775,0,0.7345184683799744,False,0,,0,"[0.163733, 0.182859, 0.203845, 0.326666, 0.122896]"
Actor,client,7,7492,8,M0,H,evaluation,3,0,0.5640311241149902,0,0.8173993229866028,False,0,,1,"[0.115631, 0.313774, 0.019876, 0.327947, 0.222772]"
Actor,client,7,7548,8,M0,H,evaluation,0,0,0.5283774137496948,0,0.5450589656829834,False,0,,0,"[0.224005, 0.203022, 0.155493, 0.269242, 0.148238]"
Actor,client,7,7565,8,M0,H,evaluation,2,0,0.5738800168037415,0,0.7345184683799744,False,0,,1,"[0.164387, 0.131004, 0.296472, 0.175173, 0.232964]"
Actor,client,7,7570,8,M0,H,evaluation,4,0,0.6823665499687195,0,0.7520955204963684,False,0,,1,"[0.228893, 0.133443, 0.213204, 0.112013, 0.312447]"
Actor,client,7,7585,8,M0,H,evaluation,4,0,0.6588999629020691,0,0.7520955204963684,False,0,,1,"[0.299188, 0.074449, 0.102537, 0.177385, 0.346441]"
Actor,client,7,7597,8,M0,H,evaluation,2,0,0.21241536736488342,0,0.7345184683799744,False,0,,0,"[0.186533, 0.266272, 0.137621, 0.24157, 0.168003]"
Actor,client,7,1094,8,M0,H,evaluation,1,0,0.533193826675415,0,0.6836628317832947,False,1,0.0,0,"[0.101684, 0.234239, 0.165622, 0.325054, 0.173401]"
Actor,client,7,2921,8,M0,H,evaluation,2,0,0.08442841470241547,0,0.7345184683799744,False,2,0.0,0,"[0.018125, 0.209262, 0.039713, 0.342197, 0.390703]"
Actor,client,7,3160,8,M0,H,evaluation,1,0,0.395774781703949,0,0.6836628317832947,False,1,0.0,0,"[0.028641, 0.207466, 0.144715, 0.256496, 0.362683]"
Actor,client,7,3751,8,M0,H,evaluation,1,0,0.517250657081604,0,0.6836628317832947,False,0,,0,"[0.15803, 0.228362, 0.096756, 0.374842, 0.14201]"
Actor,client,7,6571,8,M0,H,evaluation,4,0,0.5751008987426758,0,0.7520955204963684,False,0,,1,"[0.005547, 0.199722, 0.029006, 0.244707, 0.521018]"
Actor,client,7,254,8,M0,H,evaluation,4,0,0.267355740070343,0,0.7520955204963684,False,2,0.5,0,"[0.093455, 0.173271, 0.210447, 0.325032, 0.197795]"
Actor,client,7,4756,8,M0,H,evaluation,1,0,0.4945726990699768,0,0.6836628317832947,False,1,0.0,0,"[0.108084, 0.225078, 0.20424, 0.287921, 0.174676]"
Actor,client,7,1841,8,M0,H,evaluation,1,0,0.4028194844722748,0,0.6836628317832947,False,3,0.3333333333333333,0,"[0.158399, 0.209563, 0.219164, 0.223395, 0.189478]"
Actor,client,7,7203,8,M0,H,evaluation,4,0,0.6679631471633911,0,0.7520955204963684,False,1,1.0,1,"[0.038944, 0.034647, 0.154378, 0.323988, 0.448043]"
Actor,client,7,3170,8,M0,H,evaluation,4,0,0.19805961847305298,0,0.7520955204963684,False,1,0.0,0,"[0.168038, 0.187367, 0.186942, 0.292475, 0.165178]"
Actor,client,7,4514,8,M0,H,evaluation,4,0,0.3346092104911804,0,0.7520955204963684,False,1,1.0,0,"[0.065187, 0.130263, 0.27088, 0.326416, 0.207254]"
Actor,client,7,4885,8,M0,H,evaluation,1,0,0.22277018427848816,0,0.6836628317832947,False,1,0.0,0,"[0.193867, 0.134501, 0.270383, 0.214189, 0.18706]"
Actor,client,7,7238,8,M0,H,evaluation,4,0,0.40030524134635925,0,0.7520955204963684,False,3,0.0,0,"[0.081092, 0.096857, 0.343115, 0.276561, 0.202376]"
Actor,client,7,4023,8,M0,H,evaluation,4,0,0.7777411341667175,1,0.7520955204963684,False,1,0.0,1,"[0.200073, 0.11653, 0.134236, 0.090767, 0.458393]"
Actor,client,7,5768,8,M0,H,evaluation,4,0,0.4962994158267975,0,0.7520955204963684,False,2,0.0,0,"[0.160425, 0.077905, 0.299376, 0.232552, 0.229743]"
Actor,client,7,6794,8,M0,H,evaluation,1,0,0.4520167410373688,0,0.6836628317832947,False,1,0.0,0,"[0.033635, 0.196673, 0.185468, 0.350727, 0.233497]"
Actor,client,7,3292,0,MR,attack_member,evaluation,0,1,0.4510739743709564,0,0.5450589656829834,False,1,0.0,0,"[0.186908, 0.203058, 0.232647, 0.187127, 0.190261]"
Actor,client,7,3301,0,MR,attack_member,evaluation,4,1,0.671700119972229,0,0.7520955204963684,False,1,1.0,1,"[0.089683, 0.122653, 0.168306, 0.222119, 0.397238]"
Actor,client,7,3314,0,MR,attack_member,evaluation,3,1,0.3538149893283844,0,0.8173993229866028,False,11,0.2727272727272727,0,"[0.12476, 0.188688, 0.149915, 0.220036, 0.316601]"
Actor,client,7,3322,0,MR,attack_member,evaluation,2,1,0.2693611681461334,0,0.7345184683799744,False,0,,0,"[0.041057, 0.15448, 0.173427, 0.242652, 0.388384]"
Actor,client,7,3350,0,MR,attack_member,evaluation,1,1,0.2589961886405945,0,0.6836628317832947,False,10,0.2,0,"[0.084166, 0.14088, 0.275401, 0.242557, 0.256997]"
Actor,client,7,3359,0,MR,attack_member,evaluation,3,1,0.36975544691085815,0,0.8173993229866028,False,1,0.0,0,"[0.181295, 0.195194, 0.181191, 0.213008, 0.229313]"
Actor,client,7,3392,0,MR,attack_member,evaluation,1,1,0.41881126165390015,0,0.6836628317832947,False,1,0.0,1,"[0.202796, 0.233119, 0.121219, 0.215038, 0.227829]"
Actor,client,7,3396,0,MR,attack_member,evaluation,2,1,0.5026460289955139,0,0.7345184683799744,False,0,,1,"[0.180544, 0.162483, 0.266415, 0.184036, 0.206522]"
Actor,client,7,3400,0,MR,attack_member,evaluation,3,1,0.5033537745475769,0,0.8173993229866028,False,4,0.5,0,"[0.109259, 0.139707, 0.190415, 0.269583, 0.291036]"
Actor,client,7,3461,0,MR,attack_member,evaluation,2,1,0.3136247992515564,0,0.7345184683799744,False,1,0.0,0,"[0.17448, 0.204363, 0.187281, 0.23234, 0.201535]"
Actor,client,7,3490,0,MR,attack_member,evaluation,3,1,0.5056461095809937,0,0.8173993229866028,False,0,,0,"[0.070763, 0.143526, 0.453258, 0.244673, 0.087779]"
Actor,client,7,3495,0,MR,attack_member,evaluation,2,1,0.38621360063552856,0,0.7345184683799744,False,1,1.0,0,"[0.148141, 0.153922, 0.218725, 0.272137, 0.207074]"
Actor,client,7,3510,0,MR,attack_member,evaluation,4,1,0.2290390282869339,0,0.7520955204963684,False,0,,0,"[0.233387, 0.235627, 0.164608, 0.19704, 0.169338]"
Actor,client,7,3580,0,MR,attack_member,evaluation,3,1,0.4438685476779938,0,0.8173993229866028,False,1,0.0,0,"[0.138545, 0.143927, 0.167884, 0.244976, 0.304668]"
Actor,client,7,3662,0,MR,attack_member,evaluation,3,1,0.7747595310211182,0,0.8173993229866028,False,0,,1,"[0.007942, 0.009168, 0.032789, 0.490153, 0.459948]"
Actor,client,7,3669,0,MR,attack_member,evaluation,4,1,0.5735669136047363,0,0.7520955204963684,False,2,0.5,1,"[0.081571, 0.177757, 0.138214, 0.242739, 0.359719]"
Actor,client,7,3754,0,MR,attack_member,evaluation,3,1,0.6069005727767944,0,0.8173993229866028,False,1,0.0,0,"[0.099853, 0.116724, 0.112795, 0.326227, 0.344401]"
Actor,client,7,3764,0,MR,attack_member,evaluation,1,1,0.2166343778371811,0,0.6836628317832947,False,1,0.0,0,"[0.131857, 0.12425, 0.233962, 0.261767, 0.248165]"
Actor,client,7,3778,0,MR,attack_member,evaluation,4,1,0.4091014564037323,0,0.7520955204963684,False,4,0.25,1,"[0.17043, 0.232744, 0.180654, 0.181227, 0.234946]"
Actor,client,7,3801,0,MR,attack_member,evaluation,1,1,0.47591719031333923,0,0.6836628317832947,False,2,0.0,0,"[0.089369, 0.256501, 0.202791, 0.137655, 0.313684]"
Actor,client,7,3826,0,MR,attack_member,evaluation,1,1,0.5665693879127502,0,0.6836628317832947,False,2,0.0,1,"[0.128575, 0.271489, 0.155876, 0.230101, 0.213958]"
Actor,client,7,3835,0,MR,attack_member,evaluation,2,1,0.3436771035194397,0,0.7345184683799744,False,1,1.0,0,"[0.158049, 0.164227, 0.199735, 0.284433, 0.193556]"
Actor,client,7,3861,0,MR,attack_member,evaluation,3,1,0.478450745344162,0,0.8173993229866028,False,1,0.0,1,"[0.096389, 0.260924, 0.141048, 0.276166, 0.225473]"
Actor,client,7,3897,0,MR,attack_member,evaluation,3,1,0.48436686396598816,0,0.8173993229866028,False,1,0.0,0,"[0.143705, 0.085681, 0.198598, 0.25171, 0.320306]"
Actor,client,7,3915,0,MR,attack_member,evaluation,3,1,0.5844321250915527,0,0.8173993229866028,False,3,0.3333333333333333,1,"[0.085759, 0.158586, 0.205636, 0.308994, 0.241026]"
Actor,client,7,3922,0,MR,attack_member,evaluation,4,1,0.5286484956741333,0,0.7520955204963684,False,6,0.3333333333333333,1,"[0.025804, 0.135457, 0.103696, 0.338363, 0.396681]"
Actor,client,7,3986,0,MR,attack_member,evaluation,3,1,0.4932112395763397,0,0.8173993229866028,False,1,0.0,0,"[0.137789, 0.19354, 0.26048, 0.255657, 0.152535]"
Actor,client,7,4056,0,MR,attack_member,evaluation,2,1,0.45485827326774597,0,0.7345184683799744,False,2,0.0,0,"[0.10925, 0.097145, 0.245901, 0.145601, 0.402103]"
Actor,client,7,4059,0,MR,attack_member,evaluation,3,1,0.446541965007782,0,0.8173993229866028,False,3,0.3333333333333333,0,"[0.078418, 0.165995, 0.126048, 0.262555, 0.366984]"
Actor,client,7,4082,0,MR,attack_member,evaluation,2,1,0.19789890944957733,0,0.7345184683799744,False,0,,0,"[0.132241, 0.340046, 0.139648, 0.227842, 0.160223]"
Actor,client,7,4111,0,MR,attack_member,evaluation,3,1,0.7892720699310303,0,0.8173993229866028,False,0,,1,"[0.155014, 0.083083, 0.165748, 0.473804, 0.122351]"
Actor,client,7,4137,0,MR,attack_member,evaluation,1,1,0.39122408628463745,0,0.6836628317832947,False,4,0.0,0,"[0.137314, 0.213343, 0.195009, 0.205317, 0.249017]"
Actor,client,7,4152,0,MR,attack_member,evaluation,3,1,0.21560212969779968,0,0.8173993229866028,False,0,,0,"[0.11925, 0.260372, 0.212656, 0.165101, 0.242622]"
Actor,client,7,4173,0,MR,attack_member,evaluation,2,1,0.5495437383651733,0,0.7345184683799744,False,2,0.0,1,"[0.090371, 0.153496, 0.295012, 0.233347, 0.227774]"
Actor,client,7,4188,0,MR,attack_member,evaluation,1,1,0.5174500942230225,0,0.6836628317832947,False,0,,1,"[0.181489, 0.254959, 0.227512, 0.191963, 0.144077]"
Actor,client,7,4200,0,MR,attack_member,evaluation,3,1,0.4150015413761139,0,0.8173993229866028,False,3,0.6666666666666666,0,"[0.143933, 0.181647, 0.272382, 0.222972, 0.179066]"
Actor,client,7,4221,0,MR,attack_member,evaluation,3,1,0.41733279824256897,0,0.8173993229866028,False,5,0.0,0,"[0.143939, 0.268287, 0.189793, 0.239686, 0.158295]"
Actor,client,7,4259,0,MR,attack_member,evaluation,4,1,0.3617275357246399,0,0.7520955204963684,False,5,0.0,0,"[0.087099, 0.112984, 0.234936, 0.339114, 0.225867]"
Actor,client,7,4274,0,MR,attack_member,evaluation,4,1,0.7228952646255493,0,0.7520955204963684,False,0,,1,"[0.006346, 0.025053, 0.040254, 0.216867, 0.711479]"
Actor,client,7,4349,0,MR,attack_member,evaluation,1,1,0.3328321874141693,0,0.6836628317832947,False,1,1.0,0,"[0.128125, 0.190256, 0.225481, 0.195105, 0.261033]"
Actor,client,7,4376,0,MR,attack_member,evaluation,0,1,0.27653518319129944,0,0.5450589656829834,False,4,0.0,0,"[0.037328, 0.056584, 0.215297, 0.373419, 0.317373]"
Actor,client,7,4387,0,MR,attack_member,evaluation,3,1,0.46052128076553345,0,0.8173993229866028,False,4,0.25,1,"[0.126938, 0.226869, 0.140168, 0.261983, 0.244042]"
Actor,client,7,4403,0,MR,attack_member,evaluation,3,1,0.5529837012290955,0,0.8173993229866028,False,3,0.3333333333333333,1,"[0.088303, 0.147968, 0.200189, 0.293607, 0.269933]"
Actor,client,7,4451,0,MR,attack_member,evaluation,3,1,0.8341436982154846,1,0.8173993229866028,False,0,,1,"[0.048088, 0.056338, 0.103194, 0.623964, 0.168416]"
Actor,client,7,4529,0,MR,attack_member,evaluation,3,1,0.43405094742774963,0,0.8173993229866028,False,2,0.0,1,"[0.080255, 0.233599, 0.210651, 0.251511, 0.223984]"
Actor,client,7,4554,0,MR,attack_member,evaluation,4,1,0.18016353249549866,0,0.7520955204963684,False,0,,0,"[0.139315, 0.190301, 0.124532, 0.360817, 0.185036]"
Actor,client,7,4585,0,MR,attack_member,evaluation,1,1,0.246958926320076,0,0.6836628317832947,False,4,0.0,0,"[0.158051, 0.162607, 0.178375, 0.199335, 0.301631]"
Actor,client,7,4615,0,MR,attack_member,evaluation,1,1,0.7105834484100342,1,0.6836628317832947,False,1,0.0,1,"[0.079784, 0.329936, 0.083704, 0.247272, 0.259304]"
Actor,client,7,4662,0,MR,attack_member,evaluation,3,1,0.5450599789619446,0,0.8173993229866028,False,0,,1,"[0.101721, 0.209069, 0.122366, 0.301624, 0.26522]"
Actor,client,7,4676,0,MR,attack_member,evaluation,2,1,0.3653062880039215,0,0.7345184683799744,False,0,,0,"[0.109549, 0.079844, 0.207435, 0.404859, 0.198314]"
Actor,client,7,4702,0,MR,attack_member,evaluation,1,1,0.3281205892562866,0,0.6836628317832947,False,3,0.0,0,"[0.175305, 0.181878, 0.194146, 0.245118, 0.203552]"
Actor,client,7,4715,0,MR,attack_member,evaluation,1,1,0.23618686199188232,0,0.6836628317832947,False,3,0.0,0,"[0.11879, 0.145137, 0.192441, 0.238832, 0.3048]"
Actor,client,7,4874,0,MR,attack_member,evaluation,0,1,0.6062620282173157,1,0.5450589656829834,False,0,,1,"[0.242619, 0.121311, 0.212748, 0.201179, 0.222143]"
Actor,client,7,4897,0,MR,attack_member,evaluation,1,1,0.29389986395835876,0,0.6836628317832947,False,1,1.0,0,"[0.180587, 0.176358, 0.219294, 0.199465, 0.224295]"
Actor,client,7,4901,0,MR,attack_member,evaluation,2,1,0.4461222290992737,0,0.7345184683799744,False,0,,0,"[0.022433, 0.146439, 0.256303, 0.336722, 0.238103]"
Actor,client,7,4914,0,MR,attack_member,evaluation,4,1,0.7595958113670349,1,0.7520955204963684,False,0,,1,"[0.077458, 0.117805, 0.182648, 0.148102, 0.473987]"
Actor,client,7,4933,0,MR,attack_member,evaluation,3,1,0.4076058864593506,0,0.8173993229866028,False,2,0.5,0,"[0.164277, 0.174379, 0.183777, 0.227582, 0.249985]"
Actor,client,7,4986,0,MR,attack_member,evaluation,2,1,0.5335675477981567,0,0.7345184683799744,False,1,0.0,1,"[0.142969, 0.214543, 0.288858, 0.199884, 0.153746]"
Actor,client,7,4998,0,MR,attack_member,evaluation,3,1,0.491874635219574,0,0.8173993229866028,False,2,0.0,1,"[0.163799, 0.185393, 0.147359, 0.264232, 0.239217]"
Actor,client,7,5009,0,MR,attack_member,evaluation,1,1,0.24635683000087738,0,0.6836628317832947,False,3,0.0,0,"[0.18582, 0.159044, 0.157604, 0.227763, 0.269769]"
Actor,client,7,5054,0,MR,attack_member,evaluation,4,1,0.4345737099647522,0,0.7520955204963684,False,1,0.0,1,"[0.129832, 0.182497, 0.165978, 0.257206, 0.264487]"
Actor,client,7,5123,0,MR,attack_member,evaluation,3,1,0.5923436880111694,0,0.8173993229866028,False,0,,1,"[0.062849, 0.21727, 0.181235, 0.324356, 0.21429]"
Actor,client,7,5126,0,MR,attack_member,evaluation,3,1,0.5889248847961426,0,0.8173993229866028,False,0,,0,"[0.088051, 0.039774, 0.040634, 0.322342, 0.509199]"
Actor,client,7,5192,0,MR,attack_member,evaluation,3,1,0.6050482392311096,0,0.8173993229866028,False,2,0.5,1,"[0.119905, 0.166736, 0.11463, 0.325173, 0.273557]"
Actor,client,7,5249,0,MR,attack_member,evaluation,1,1,0.45799773931503296,0,0.6836628317832947,False,0,,0,"[0.122398, 0.22756, 0.183133, 0.244258, 0.222652]"
Actor,client,7,5251,0,MR,attack_member,evaluation,3,1,0.7423283457756042,0,0.8173993229866028,False,0,,1,"[0.104114, 0.188425, 0.133471, 0.431589, 0.142401]"
Actor,client,7,5259,0,MR,attack_member,evaluation,2,1,0.5670045018196106,0,0.7345184683799744,False,4,0.0,1,"[0.064494, 0.1888, 0.308858, 0.220012, 0.217836]"
Actor,client,7,5294,0,MR,attack_member,evaluation,2,1,0.46862560510635376,0,0.7345184683799744,False,9,0.1111111111111111,1,"[0.107931, 0.222613, 0.264284, 0.193144, 0.212028]"
Actor,client,7,5342,0,MR,attack_member,evaluation,2,1,0.3577885329723358,0,0.7345184683799744,False,2,0.0,0,"[0.132489, 0.121714, 0.204772, 0.290837, 0.250188]"
Actor,client,7,5382,0,MR,attack_member,evaluation,2,1,0.37318456172943115,0,0.7345184683799744,False,1,0.0,0,"[0.034305, 0.143376, 0.223343, 0.362895, 0.236081]"
Actor,client,7,5384,0,MR,attack_member,evaluation,4,1,0.433971107006073,0,0.7520955204963684,False,2,0.5,1,"[0.14855, 0.164225, 0.17172, 0.257683, 0.257821]"
Actor,client,7,5389,0,MR,attack_member,evaluation,0,1,0.542123019695282,0,0.5450589656829834,False,0,,0,"[0.233387, 0.235627, 0.164608, 0.19704, 0.169338]"
Actor,client,7,5408,0,MR,attack_member,evaluation,0,1,0.3611416518688202,0,0.5450589656829834,False,1,0.0,0,"[0.148762, 0.235515, 0.217952, 0.230507, 0.167263]"
Actor,client,7,5449,0,MR,attack_member,evaluation,3,1,0.35938793420791626,0,0.8173993229866028,False,0,,0,"[0.232597, 0.18043, 0.177794, 0.200552, 0.208628]"
Actor,client,7,5450,0,MR,attack_member,evaluation,4,1,0.5058119297027588,0,0.7520955204963684,False,0,,1,"[0.156595, 0.237901, 0.220398, 0.131997, 0.253109]"
Actor,client,7,5493,0,MR,attack_member,evaluation,0,1,0.33261287212371826,0,0.5450589656829834,False,1,0.0,0,"[0.142969, 0.214543, 0.288858, 0.199884, 0.153746]"
Actor,client,7,5557,0,MR,attack_member,evaluation,3,1,0.6901587247848511,0,0.8173993229866028,False,1,0.0,1,"[0.131955, 0.14178, 0.225129, 0.361652, 0.139483]"
Actor,client,7,5571,0,MR,attack_member,evaluation,4,1,0.6066445708274841,0,0.7520955204963684,False,4,0.0,1,"[0.108861, 0.180584, 0.164952, 0.200482, 0.345122]"
Actor,client,7,5584,0,MR,attack_member,evaluation,1,1,0.7297167778015137,1,0.6836628317832947,False,0,,0,"[0.091274, 0.297693, 0.149849, 0.365271, 0.095913]"
Actor,client,7,5667,0,MR,attack_member,evaluation,2,1,0.41401100158691406,0,0.7345184683799744,False,1,0.0,0,"[0.14482, 0.180676, 0.233069, 0.190606, 0.250829]"
Actor,client,7,5685,0,MR,attack_member,evaluation,3,1,0.6272199153900146,0,0.8173993229866028,False,1,0.0,1,"[0.101709, 0.080914, 0.196493, 0.324176, 0.296707]"
Actor,client,7,5712,0,MR,attack_member,evaluation,1,1,0.5536989569664001,0,0.6836628317832947,False,1,0.0,1,"[0.181074, 0.273883, 0.150285, 0.212133, 0.182625]"
Actor,client,7,5729,0,MR,attack_member,evaluation,0,1,0.7263593673706055,1,0.5450589656829834,False,1,0.0,0,"[0.301733, 0.102433, 0.073158, 0.362352, 0.160323]"
Actor,client,7,5762,0,MR,attack_member,evaluation,0,1,0.3318183422088623,0,0.5450589656829834,False,1,0.0,0,"[0.071508, 0.068909, 0.208039, 0.340748, 0.310796]"
Actor,client,7,5882,0,MR,attack_member,evaluation,4,1,0.3220614790916443,0,0.7520955204963684,False,5,0.4,0,"[0.177165, 0.215893, 0.153526, 0.235956, 0.21746]"
Actor,client,7,5929,0,MR,attack_member,evaluation,4,1,0.5796159505844116,0,0.7520955204963684,False,4,0.0,1,"[0.154193, 0.182226, 0.17186, 0.181956, 0.309765]"
Actor,client,7,5934,0,MR,attack_member,evaluation,3,1,0.432199627161026,0,0.8173993229866028,False,3,0.3333333333333333,0,"[0.129564, 0.207059, 0.248808, 0.236179, 0.17839]"
Actor,client,7,5965,0,MR,attack_member,evaluation,4,1,0.46854743361473083,0,0.7520955204963684,False,6,0.16666666666666666,1,"[0.100172, 0.158877, 0.206925, 0.266905, 0.267122]"
Actor,client,7,5974,0,MR,attack_member,evaluation,3,1,0.2208518236875534,0,0.8173993229866028,False,0,,0,"[0.164159, 0.246055, 0.195041, 0.161579, 0.233166]"
Actor,client,7,5993,0,MR,attack_member,evaluation,2,1,0.2078494131565094,0,0.7345184683799744,False,1,0.0,0,"[0.082659, 0.113416, 0.133111, 0.404612, 0.266203]"
Actor,client,7,6013,0,MR,attack_member,evaluation,4,1,0.6000604033470154,0,0.7520955204963684,False,1,0.0,1,"[0.082154, 0.171865, 0.11917, 0.235388, 0.391421]"
Actor,client,7,6044,0,MR,attack_member,evaluation,4,1,0.5487174391746521,0,0.7520955204963684,False,2,0.5,1,"[0.080662, 0.087168, 0.10802, 0.343823, 0.380328]"
Actor,client,7,6079,0,MR,attack_member,evaluation,0,1,0.5091105699539185,0,0.5450589656829834,False,1,0.0,0,"[0.206896, 0.179212, 0.209283, 0.206581, 0.198028]"
Actor,client,7,6095,0,MR,attack_member,evaluation,3,1,0.5029734373092651,0,0.8173993229866028,False,2,0.5,1,"[0.137028, 0.210156, 0.1299, 0.276988, 0.245928]"
Actor,client,7,6096,0,MR,attack_member,evaluation,3,1,0.5660074353218079,0,0.8173993229866028,False,3,0.3333333333333333,1,"[0.059841, 0.126114, 0.215058, 0.301161, 0.297826]"
Actor,client,7,6112,0,MR,attack_member,evaluation,2,1,0.2937478721141815,0,0.7345184683799744,False,2,0.0,0,"[0.092012, 0.204703, 0.185205, 0.220982, 0.297097]"
Actor,client,7,6114,0,MR,attack_member,evaluation,3,1,0.5189276337623596,0,0.8173993229866028,False,2,0.0,1,"[0.138613, 0.201764, 0.22476, 0.270943, 0.16392]"
Actor,client,7,6160,0,MR,attack_member,evaluation,4,1,0.3565005362033844,0,0.7520955204963684,False,1,0.0,0,"[0.15628, 0.166036, 0.235556, 0.236663, 0.205465]"
Actor,client,7,6169,0,MR,attack_member,evaluation,0,1,0.3919987976551056,0,0.5450589656829834,False,1,0.0,0,"[0.164073, 0.192147, 0.263788, 0.210501, 0.169491]"
Actor,client,7,6194,0,MR,attack_member,evaluation,3,1,0.6437932252883911,0,0.8173993229866028,False,1,0.0,1,"[0.065389, 0.228702, 0.132329, 0.359951, 0.213629]"
Actor,client,7,6217,0,MR,attack_member,evaluation,4,1,0.50047367811203,0,0.7520955204963684,False,2,0.0,0,"[0.101665, 0.131343, 0.270098, 0.244947, 0.251947]"
Actor,client,7,6230,0,MR,attack_member,evaluation,1,1,0.26836657524108887,0,0.6836628317832947,False,11,0.2727272727272727,0,"[0.119241, 0.154303, 0.168563, 0.273096, 0.284797]"
Actor,client,7,6254,0,MR,attack_member,evaluation,4,1,0.3926808834075928,0,0.7520955204963684,False,2,0.5,1,"[0.227046, 0.180869, 0.162552, 0.201489, 0.228043]"
Actor,client,7,6259,0,MR,attack_member,evaluation,1,1,0.29956135153770447,0,0.6836628317832947,False,2,0.0,0,"[0.103127, 0.160498, 0.219018, 0.266282, 0.251075]"
Actor,client,7,6262,0,MR,attack_member,evaluation,2,1,0.38408225774765015,0,0.7345184683799744,False,4,0.25,0,"[0.126235, 0.168914, 0.220353, 0.164776, 0.319721]"
Actor,client,7,6280,0,MR,attack_member,evaluation,1,1,0.2552991211414337,0,0.6836628317832947,False,0,,0,"[0.183234, 0.167423, 0.136267, 0.222583, 0.290493]"
Actor,client,7,6353,0,MR,attack_member,evaluation,3,1,0.4242725670337677,0,0.8173993229866028,False,0,,1,"[0.201485, 0.224582, 0.20116, 0.22849, 0.144283]"
Actor,client,7,6422,0,MR,attack_member,evaluation,1,1,0.4676295220851898,0,0.6836628317832947,False,6,0.16666666666666666,0,"[0.117301, 0.246971, 0.151716, 0.198402, 0.285611]"
Actor,client,7,6434,0,MR,attack_member,evaluation,0,1,0.5229488015174866,0,0.5450589656829834,False,5,0.0,0,"[0.152615, 0.164549, 0.100696, 0.201273, 0.380866]"
Actor,client,7,6445,0,MR,attack_member,evaluation,3,1,0.4180023968219757,0,0.8173993229866028,False,1,0.0,1,"[0.218521, 0.219143, 0.148849, 0.22961, 0.183878]"
Actor,client,7,6486,0,MR,attack_member,evaluation,2,1,0.7037962079048157,0,0.7345184683799744,False,0,,1,"[0.024004, 0.034961, 0.366222, 0.328889, 0.245924]"
Actor,client,7,6495,0,MR,attack_member,evaluation,0,1,0.5684232115745544,1,0.5450589656829834,False,0,,1,"[0.245554, 0.198467, 0.195069, 0.191808, 0.169102]"
Actor,client,7,6573,0,MR,attack_member,evaluation,1,1,0.2784777879714966,0,0.6836628317832947,False,0,,0,"[0.094285, 0.149779, 0.255837, 0.25226, 0.247838]"
Actor,client,7,6614,0,MR,attack_member,evaluation,4,1,0.19543544948101044,0,0.7520955204963684,False,0,,0,"[0.160415, 0.339252, 0.135357, 0.192636, 0.172341]"
Actor,client,7,6832,0,MR,attack_member,evaluation,3,1,0.6314916610717773,0,0.8173993229866028,False,0,,1,"[0.192265, 0.110579, 0.223688, 0.309197, 0.16427]"
Actor,client,7,6850,0,MR,attack_member,evaluation,1,1,0.7187526226043701,1,0.6836628317832947,False,0,,1,"[0.146973, 0.349926, 0.216899, 0.11038, 0.175821]"
Actor,client,7,6851,0,MR,attack_member,evaluation,3,1,0.417614609003067,0,0.8173993229866028,False,2,0.0,0,"[0.152121, 0.128221, 0.213465, 0.226522, 0.279671]"
Actor,client,7,6896,0,MR,attack_member,evaluation,1,1,0.4537593722343445,0,0.6836628317832947,False,2,0.0,0,"[0.065787, 0.269541, 0.03691, 0.155412, 0.47235]"
Actor,client,7,6917,0,MR,attack_member,evaluation,4,1,0.7786677479743958,1,0.7520955204963684,False,1,1.0,1,"[0.052362, 0.031759, 0.116041, 0.17042, 0.629418]"
Actor,client,7,6952,0,MR,attack_member,evaluation,3,1,0.6654357314109802,0,0.8173993229866028,False,0,,0,"[0.146257, 0.037059, 0.117668, 0.345614, 0.353402]"
Actor,client,7,7083,0,MR,attack_member,evaluation,4,1,0.6737812757492065,0,0.7520955204963684,False,0,,1,"[0.031481, 0.171138, 0.02378, 0.154722, 0.618879]"
Actor,client,7,7144,0,MR,attack_member,evaluation,3,1,0.420134574174881,0,0.8173993229866028,False,0,,0,"[0.036685, 0.242546, 0.353268, 0.236359, 0.131142]"
Actor,client,7,7186,0,MR,attack_member,evaluation,3,1,0.35753995180130005,0,0.8173993229866028,False,1,0.0,0,"[0.158551, 0.1831, 0.176033, 0.212272, 0.270044]"
Actor,client,7,7199,0,MR,attack_member,evaluation,4,1,0.6588308811187744,0,0.7520955204963684,False,1,1.0,1,"[0.149111, 0.179174, 0.116577, 0.160187, 0.394951]"
Actor,client,7,7327,0,MR,attack_member,evaluation,2,1,0.49109122157096863,0,0.7345184683799744,False,1,0.0,1,"[0.164637, 0.246278, 0.271207, 0.201057, 0.116821]"
Actor,client,7,7345,0,MR,attack_member,evaluation,4,1,0.7916802763938904,1,0.7520955204963684,False,0,,1,"[0.145424, 0.050824, 0.065794, 0.10585, 0.632108]"
Actor,client,7,7365,0,MR,attack_member,evaluation,4,1,0.6869857311248779,0,0.7520955204963684,False,1,1.0,1,"[0.08832, 0.161982, 0.132612, 0.176493, 0.440592]"
Actor,client,7,7381,0,MR,attack_member,evaluation,3,1,0.34393006563186646,0,0.8173993229866028,False,1,0.0,0,"[0.074633, 0.268599, 0.135529, 0.231386, 0.289853]"
Actor,client,7,7416,0,MR,attack_member,evaluation,4,1,0.8109223246574402,1,0.7520955204963684,False,0,,1,"[0.027441, 0.121432, 0.170171, 0.043956, 0.636999]"
Actor,client,7,7447,0,MR,attack_member,evaluation,0,1,0.4145733714103699,0,0.5450589656829834,False,3,0.0,0,"[0.133648, 0.209797, 0.142996, 0.225555, 0.288003]"
Actor,client,7,7454,0,MR,attack_member,evaluation,0,1,0.7680389881134033,1,0.5450589656829834,False,0,,1,"[0.379242, 0.139463, 0.206065, 0.174683, 0.100547]"
Actor,client,7,7477,0,MR,attack_member,evaluation,1,1,0.23608823120594025,0,0.6836628317832947,False,14,0.07142857142857142,0,"[0.062829, 0.138431, 0.13489, 0.296852, 0.366998]"
Actor,client,7,7495,0,MR,attack_member,evaluation,1,1,0.33537065982818604,0,0.6836628317832947,False,3,0.3333333333333333,0,"[0.137431, 0.181118, 0.169442, 0.270973, 0.241037]"
Actor,client,7,7552,0,MR,attack_member,evaluation,1,1,0.41237953305244446,0,0.6836628317832947,False,2,0.0,0,"[0.166098, 0.229462, 0.162882, 0.192086, 0.249471]"
Actor,client,7,7566,0,MR,attack_member,evaluation,4,1,0.7902640104293823,1,0.7520955204963684,False,0,,1,"[0.067721, 0.033967, 0.132214, 0.157922, 0.608177]"
Actor,client,7,7584,0,MR,attack_member,evaluation,4,1,0.43357008695602417,0,0.7520955204963684,False,1,1.0,0,"[0.084864, 0.08336, 0.139448, 0.390846, 0.301482]"
Actor,client,7,12,1,MR,attack_member,evaluation,0,1,0.3622068762779236,0,0.5450589656829834,False,0,,0,"[0.141314, 0.193834, 0.209076, 0.288755, 0.167021]"
Actor,client,7,13,1,MR,attack_member,evaluation,0,1,0.35477206110954285,0,0.5450589656829834,False,1,0.0,0,"[0.121044, 0.192065, 0.154375, 0.329245, 0.203271]"
Actor,client,7,26,1,MR,attack_member,evaluation,3,1,0.5807269811630249,0,0.8173993229866028,False,3,0.6666666666666666,1,"[0.078858, 0.183091, 0.211743, 0.30942, 0.216888]"
Actor,client,7,29,1,MR,attack_member,evaluation,4,1,0.6390129923820496,0,0.7520955204963684,False,1,0.0,1,"[0.08938, 0.160627, 0.173941, 0.20827, 0.367782]"
Actor,client,7,134,1,MR,attack_member,evaluation,4,1,0.7881021499633789,1,0.7520955204963684,False,0,,1,"[0.002279, 0.024216, 0.008325, 0.015261, 0.949918]"
Actor,client,7,152,1,MR,attack_member,evaluation,1,1,0.5642006993293762,0,0.6836628317832947,False,0,,1,"[0.078646, 0.257345, 0.212544, 0.243484, 0.20798]"
Actor,client,7,170,1,MR,attack_member,evaluation,1,1,0.7968083620071411,1,0.6836628317832947,False,0,,1,"[0.027779, 0.338799, 0.151886, 0.321081, 0.160455]"
Actor,client,7,178,1,MR,attack_member,evaluation,0,1,0.4964272081851959,0,0.5450589656829834,False,2,0.0,0,"[0.141897, 0.095721, 0.080164, 0.37437, 0.307849]"
Actor,client,7,204,1,MR,attack_member,evaluation,4,1,0.711733341217041,0,0.7520955204963684,False,1,1.0,1,"[0.148218, 0.120012, 0.187271, 0.164934, 0.379565]"
Actor,client,7,211,1,MR,attack_member,evaluation,4,1,0.4698351323604584,0,0.7520955204963684,False,0,,0,"[0.107855, 0.251441, 0.225308, 0.164883, 0.250514]"
Actor,client,7,215,1,MR,attack_member,evaluation,4,1,0.7215024828910828,0,0.7520955204963684,False,0,,1,"[0.003912, 0.050365, 0.011241, 0.170644, 0.763839]"
Actor,client,7,270,1,MR,attack_member,evaluation,0,1,0.3951955735683441,0,0.5450589656829834,False,4,0.0,0,"[0.148101, 0.160832, 0.216366, 0.281265, 0.193437]"
Actor,client,7,298,1,MR,attack_member,evaluation,4,1,0.25770026445388794,0,0.7520955204963684,False,4,0.0,0,"[0.131376, 0.181703, 0.241637, 0.26959, 0.175693]"
Actor,client,7,317,1,MR,attack_member,evaluation,3,1,0.6306027173995972,0,0.8173993229866028,False,2,0.0,1,"[0.126473, 0.119488, 0.22205, 0.321451, 0.210538]"
Actor,client,7,425,1,MR,attack_member,evaluation,0,1,0.5735346674919128,1,0.5450589656829834,False,1,0.0,0,"[0.104409, 0.047218, 0.08586, 0.152685, 0.60983]"
Actor,client,7,478,1,MR,attack_member,evaluation,1,1,0.5074204802513123,0,0.6836628317832947,False,2,0.0,0,"[0.110244, 0.233344, 0.159895, 0.299138, 0.19738]"
Actor,client,7,541,1,MR,attack_member,evaluation,4,1,0.33342674374580383,0,0.7520955204963684,False,0,,0,"[0.036308, 0.051495, 0.071432, 0.518095, 0.322669]"
Actor,client,7,566,1,MR,attack_member,evaluation,4,1,0.36474326252937317,0,0.7520955204963684,False,2,0.5,0,"[0.147036, 0.163193, 0.112204, 0.314688, 0.26288]"
Actor,client,7,572,1,MR,attack_member,evaluation,4,1,0.4970112144947052,0,0.7520955204963684,False,0,,1,"[0.065443, 0.158947, 0.201988, 0.282548, 0.291075]"
Actor,client,7,600,1,MR,attack_member,evaluation,3,1,0.6061223745346069,0,0.8173993229866028,False,2,0.0,1,"[0.09309, 0.137744, 0.224507, 0.314972, 0.229688]"
Actor,client,7,633,1,MR,attack_member,evaluation,0,1,0.3777371644973755,0,0.5450589656829834,False,4,0.0,0,"[0.137987, 0.223168, 0.210177, 0.190327, 0.238341]"
Actor,client,7,694,1,MR,attack_member,evaluation,2,1,0.398029088973999,0,0.7345184683799744,False,2,0.0,0,"[0.114557, 0.146497, 0.226241, 0.255372, 0.257333]"
Actor,client,7,705,1,MR,attack_member,evaluation,1,1,0.5525171160697937,0,0.6836628317832947,False,1,0.0,1,"[0.175081, 0.267411, 0.171132, 0.222765, 0.16361]"
Actor,client,7,719,1,MR,attack_member,evaluation,4,1,0.29920944571495056,0,0.7520955204963684,False,1,0.0,0,"[0.186755, 0.160459, 0.241513, 0.230703, 0.180571]"
Actor,client,7,725,1,MR,attack_member,evaluation,2,1,0.3006473779678345,0,0.7345184683799744,False,1,0.0,0,"[0.072664, 0.123798, 0.183941, 0.29233, 0.327268]"
Actor,client,7,726,1,MR,attack_member,evaluation,3,1,0.11966393887996674,0,0.8173993229866028,False,0,,0,"[0.057046, 0.314586, 0.357659, 0.110299, 0.160409]"
Actor,client,7,833,1,MR,attack_member,evaluation,3,1,0.6367670893669128,0,0.8173993229866028,False,1,1.0,1,"[0.083419, 0.163515, 0.140147, 0.346228, 0.266691]"
Actor,client,7,841,1,MR,attack_member,evaluation,4,1,0.5849401950836182,0,0.7520955204963684,False,2,0.0,1,"[0.061688, 0.120922, 0.183256, 0.287057, 0.347078]"
Actor,client,7,843,1,MR,attack_member,evaluation,2,1,0.30215153098106384,0,0.7345184683799744,False,1,0.0,0,"[0.072896, 0.104681, 0.183213, 0.319393, 0.319817]"
Actor,client,7,913,1,MR,attack_member,evaluation,2,1,0.281741201877594,0,0.7345184683799744,False,2,0.5,0,"[0.189746, 0.143811, 0.164943, 0.237359, 0.264141]"
Actor,client,7,918,1,MR,attack_member,evaluation,3,1,0.4000409245491028,0,0.8173993229866028,False,3,0.0,0,"[0.206808, 0.183663, 0.162692, 0.22115, 0.225688]"
Actor,client,7,931,1,MR,attack_member,evaluation,0,1,0.3108352720737457,0,0.5450589656829834,False,1,0.0,0,"[0.088415, 0.163431, 0.288051, 0.159777, 0.300326]"
Actor,client,7,952,1,MR,attack_member,evaluation,4,1,0.7937371730804443,1,0.7520955204963684,False,0,,1,"[0.001293, 0.001025, 0.001771, 0.008538, 0.987373]"
Actor,client,7,962,1,MR,attack_member,evaluation,4,1,0.48327895998954773,0,0.7520955204963684,False,2,0.0,1,"[0.189422, 0.202638, 0.192491, 0.163893, 0.251556]"
Actor,client,7,1020,1,MR,attack_member,evaluation,1,1,0.37643393874168396,0,0.6836628317832947,False,1,0.0,0,"[0.128948, 0.1806, 0.261095, 0.274756, 0.154602]"
Actor,client,7,1101,1,MR,attack_member,evaluation,1,1,0.10454810410737991,0,0.6836628317832947,False,3,0.0,0,"[0.027256, 0.079126, 0.095863, 0.231238, 0.566517]"
Actor,client,7,1131,1,MR,attack_member,evaluation,4,1,0.5287190079689026,0,0.7520955204963684,False,1,0.0,1,"[0.179255, 0.182514, 0.149732, 0.195724, 0.292776]"
Actor,client,7,1141,1,MR,attack_member,evaluation,3,1,0.7657533288002014,0,0.8173993229866028,False,0,,1,"[0.036747, 0.139333, 0.228388, 0.461248, 0.134283]"
Actor,client,7,1143,1,MR,attack_member,evaluation,0,1,0.6606431007385254,1,0.5450589656829834,False,0,,0,"[0.172988, 0.07325, 0.073961, 0.155449, 0.524352]"
Actor,client,7,1149,1,MR,attack_member,evaluation,2,1,0.42747509479522705,0,0.7345184683799744,False,3,0.0,0,"[0.12651, 0.182362, 0.241666, 0.307898, 0.141563]"
Actor,client,7,1158,1,MR,attack_member,evaluation,3,1,0.6185697913169861,0,0.8173993229866028,False,1,0.0,1,"[0.076034, 0.237647, 0.115077, 0.345731, 0.225511]"
Actor,client,7,1159,1,MR,attack_member,evaluation,4,1,0.7282401323318481,0,0.7520955204963684,False,1,0.0,1,"[0.076098, 0.095922, 0.158645, 0.20166, 0.467675]"
Actor,client,7,1170,1,MR,attack_member,evaluation,3,1,0.5186250805854797,0,0.8173993229866028,False,3,0.0,1,"[0.101587, 0.179391, 0.150203, 0.284801, 0.284018]"
Actor,client,7,1244,1,MR,attack_member,evaluation,1,1,0.4667346477508545,0,0.6836628317832947,False,0,,1,"[0.222062, 0.24287, 0.199833, 0.193945, 0.14129]"
Actor,client,7,1276,1,MR,attack_member,evaluation,3,1,0.09802476316690445,0,0.8173993229866028,False,1,0.0,0,"[0.105012, 0.45912, 0.214313, 0.113617, 0.107938]"
Actor,client,7,1289,1,MR,attack_member,evaluation,1,1,0.10139686614274979,0,0.6836628317832947,False,2,0.0,0,"[0.071505, 0.06167, 0.129195, 0.27422, 0.46341]"
Actor,client,7,1307,1,MR,attack_member,evaluation,1,1,0.5843091011047363,0,0.6836628317832947,False,0,,1,"[0.221522, 0.29385, 0.228417, 0.131665, 0.124545]"
Actor,client,7,1358,1,MR,attack_member,evaluation,3,1,0.7957902550697327,0,0.8173993229866028,False,0,,1,"[0.036855, 0.073095, 0.14468, 0.5163, 0.22907]"
Actor,client,7,1373,1,MR,attack_member,evaluation,3,1,0.570569634437561,0,0.8173993229866028,False,1,1.0,1,"[0.115391, 0.164694, 0.151969, 0.304118, 0.263829]"
Actor,client,7,1387,1,MR,attack_member,evaluation,1,1,0.4529188871383667,0,0.6836628317832947,False,2,0.0,1,"[0.143995, 0.230742, 0.225053, 0.201167, 0.199044]"
Actor,client,7,1446,1,MR,attack_member,evaluation,4,1,0.7847654819488525,1,0.7520955204963684,False,0,,1,"[0.02049, 0.043574, 0.001586, 0.011259, 0.923091]"
Actor,client,7,1463,1,MR,attack_member,evaluation,3,1,0.3325710594654083,0,0.8173993229866028,False,2,0.0,0,"[0.140896, 0.267251, 0.209739, 0.207208, 0.174906]"
Actor,client,7,1522,1,MR,attack_member,evaluation,0,1,0.40417513251304626,0,0.5450589656829834,False,0,,0,"[0.181489, 0.254959, 0.227512, 0.191963, 0.144077]"
Actor,client,7,1566,1,MR,attack_member,evaluation,3,1,0.4470426142215729,0,0.8173993229866028,False,1,0.0,1,"[0.151962, 0.237208, 0.164439, 0.250424, 0.195967]"
Actor,client,7,1651,1,MR,attack_member,evaluation,4,1,0.7000705599784851,0,0.7520955204963684,False,2,1.0,1,"[0.048962, 0.106592, 0.183162, 0.228607, 0.432678]"
Actor,client,7,1736,1,MR,attack_member,evaluation,0,1,0.32318946719169617,0,0.5450589656829834,False,1,0.0,0,"[0.065252, 0.126182, 0.173269, 0.299043, 0.336255]"
Actor,client,7,1786,1,MR,attack_member,evaluation,2,1,0.3020595908164978,0,0.7345184683799744,False,1,0.0,0,"[0.234454, 0.171503, 0.173053, 0.216038, 0.204952]"
Actor,client,7,1820,1,MR,attack_member,evaluation,3,1,0.39554184675216675,0,0.8173993229866028,False,2,0.0,0,"[0.081939, 0.135948, 0.197472, 0.232596, 0.352046]"
Actor,client,7,1822,1,MR,attack_member,evaluation,2,1,0.3327462077140808,0,0.7345184683799744,False,3,0.3333333333333333,0,"[0.033082, 0.120232, 0.202289, 0.266797, 0.377602]"
Actor,client,7,1856,1,MR,attack_member,evaluation,3,1,0.716542661190033,0,0.8173993229866028,False,2,0.0,1,"[0.132469, 0.099586, 0.232025, 0.379535, 0.156385]"
Actor,client,7,1868,1,MR,attack_member,evaluation,3,1,0.6120447516441345,0,0.8173993229866028,False,2,0.5,0,"[0.040379, 0.14353, 0.080396, 0.34554, 0.390155]"
Actor,client,7,1873,1,MR,attack_member,evaluation,2,1,0.7519234418869019,1,0.7345184683799744,False,0,,1,"[0.085885, 0.275887, 0.417233, 0.16209, 0.058905]"
Actor,client,7,1882,1,MR,attack_member,evaluation,4,1,0.3985738754272461,0,0.7520955204963684,False,1,1.0,0,"[0.127965, 0.133729, 0.240349, 0.27319, 0.224767]"
Actor,client,7,1892,1,MR,attack_member,evaluation,1,1,0.4304468631744385,0,0.6836628317832947,False,0,,1,"[0.233387, 0.235627, 0.164608, 0.19704, 0.169338]"
Actor,client,7,1932,1,MR,attack_member,evaluation,3,1,0.6236105561256409,0,0.8173993229866028,False,7,0.2857142857142857,1,"[0.091522, 0.165352, 0.206827, 0.329108, 0.207192]"
Actor,client,7,2079,1,MR,attack_member,evaluation,3,1,0.5507793426513672,0,0.8173993229866028,False,1,0.0,0,"[0.090921, 0.095136, 0.313422, 0.274508, 0.226013]"
Actor,client,7,2082,1,MR,attack_member,evaluation,1,1,0.5682141780853271,0,0.6836628317832947,False,0,,0,"[0.112169, 0.296558, 0.120089, 0.153898, 0.317286]"
Actor,client,7,2114,1,MR,attack_member,evaluation,2,1,0.34901463985443115,0,0.7345184683799744,False,1,1.0,0,"[0.125032, 0.125067, 0.202006, 0.315942, 0.231953]"
Actor,client,7,2129,1,MR,attack_member,evaluation,1,1,0.6263958215713501,0,0.6836628317832947,False,3,0.3333333333333333,1,"[0.135372, 0.294151, 0.194066, 0.200165, 0.176246]"
Actor,client,7,2175,1,MR,attack_member,evaluation,2,1,0.3391647934913635,0,0.7345184683799744,False,1,1.0,0,"[0.21353, 0.166322, 0.192282, 0.237017, 0.190849]"
Actor,client,7,2196,1,MR,attack_member,evaluation,3,1,0.36675694584846497,0,0.8173993229866028,False,2,0.5,0,"[0.095669, 0.130943, 0.333849, 0.202727, 0.236812]"
Actor,client,7,2241,1,MR,attack_member,evaluation,1,1,0.6928930878639221,1,0.6836628317832947,False,4,0.0,1,"[0.099392, 0.312192, 0.187758, 0.227358, 0.173301]"
Actor,client,7,2270,1,MR,attack_member,evaluation,1,1,0.6412420868873596,0,0.6836628317832947,False,1,0.0,0,"[0.079613, 0.255401, 0.144464, 0.398494, 0.122028]"
Actor,client,7,2280,1,MR,attack_member,evaluation,2,1,0.393018901348114,0,0.7345184683799744,False,5,0.0,0,"[0.11282, 0.19304, 0.228498, 0.257176, 0.208466]"
Actor,client,7,2364,1,MR,attack_member,evaluation,1,1,0.7243102788925171,1,0.6836628317832947,False,0,,1,"[0.081043, 0.352071, 0.117798, 0.163615, 0.285473]"
Actor,client,7,2367,1,MR,attack_member,evaluation,1,1,0.37247931957244873,0,0.6836628317832947,False,2,0.0,0,"[0.165045, 0.208586, 0.187541, 0.205273, 0.233555]"
Actor,client,7,2536,1,MR,attack_member,evaluation,3,1,0.35608628392219543,0,0.8173993229866028,False,1,0.0,0,"[0.134633, 0.169894, 0.264011, 0.203792, 0.227669]"
Actor,client,7,2552,1,MR,attack_member,evaluation,2,1,0.2638160288333893,0,0.7345184683799744,False,8,0.25,0,"[0.064892, 0.233888, 0.175107, 0.235128, 0.290985]"
Actor,client,7,2554,1,MR,attack_member,evaluation,1,1,0.2726307213306427,0,0.6836628317832947,False,1,0.0,0,"[0.1105, 0.137335, 0.265731, 0.288093, 0.198341]"
Actor,client,7,2567,1,MR,attack_member,evaluation,2,1,0.3974491059780121,0,0.7345184683799744,False,1,1.0,0,"[0.176105, 0.174137, 0.222538, 0.222905, 0.204315]"
Actor,client,7,2614,1,MR,attack_member,evaluation,4,1,0.47733616828918457,0,0.7520955204963684,False,2,0.0,1,"[0.047157, 0.160834, 0.10957, 0.333142, 0.349296]"
Actor,client,7,2664,1,MR,attack_member,evaluation,2,1,0.42067208886146545,0,0.7345184683799744,False,2,0.5,1,"[0.185866, 0.215902, 0.235597, 0.209096, 0.153538]"
Actor,client,7,2666,1,MR,attack_member,evaluation,3,1,0.4074510335922241,0,0.8173993229866028,False,1,1.0,0,"[0.139866, 0.238646, 0.174864, 0.236736, 0.209888]"
Actor,client,7,2687,1,MR,attack_member,evaluation,2,1,0.3567648231983185,0,0.7345184683799744,False,1,0.0,0,"[0.04966, 0.190948, 0.21771, 0.224537, 0.317145]"
Actor,client,7,2755,1,MR,attack_member,evaluation,3,1,0.4220358431339264,0,0.8173993229866028,False,0,,0,"[0.034692, 0.15643, 0.422317, 0.223176, 0.163385]"
Actor,client,7,2841,1,MR,attack_member,evaluation,3,1,0.3820266127586365,0,0.8173993229866028,False,0,,0,"[0.032058, 0.023899, 0.035511, 0.24901, 0.659523]"
Actor,client,7,2866,1,MR,attack_member,evaluation,3,1,0.560394287109375,0,0.8173993229866028,False,1,1.0,1,"[0.16335, 0.196281, 0.18339, 0.289449, 0.16753]"
Actor,client,7,2886,1,MR,attack_member,evaluation,3,1,0.5994847416877747,0,0.8173993229866028,False,0,,1,"[0.108796, 0.241783, 0.164447, 0.323763, 0.161211]"
Actor,client,7,2934,1,MR,attack_member,evaluation,0,1,0.4490441381931305,0,0.5450589656829834,False,1,0.0,0,"[0.166463, 0.155583, 0.197836, 0.263324, 0.216794]"
Actor,client,7,2960,1,MR,attack_member,evaluation,4,1,0.4234412908554077,0,0.7520955204963684,False,4,0.25,1,"[0.066747, 0.21571, 0.223193, 0.245447, 0.248902]"
Actor,client,7,2968,1,MR,attack_member,evaluation,4,1,0.4192257523536682,0,0.7520955204963684,False,3,0.3333333333333333,0,"[0.151838, 0.193638, 0.275388, 0.169397, 0.209739]"
Actor,client,7,2975,1,MR,attack_member,evaluation,3,1,0.4031777083873749,0,0.8173993229866028,False,1,0.0,0,"[0.126066, 0.081046, 0.220212, 0.221806, 0.350869]"
Actor,client,7,3014,1,MR,attack_member,evaluation,0,1,0.40814539790153503,0,0.5450589656829834,False,1,1.0,0,"[0.164921, 0.168366, 0.252779, 0.235988, 0.177947]"
Actor,client,7,3042,1,MR,attack_member,evaluation,1,1,0.21420758962631226,0,0.6836628317832947,False,1,0.0,0,"[0.16181, 0.138085, 0.138518, 0.262172, 0.299416]"
Actor,client,7,3064,1,MR,attack_member,evaluation,3,1,0.3749792277812958,0,0.8173993229866028,False,1,0.0,0,"[0.135751, 0.210241, 0.214093, 0.219089, 0.220827]"
Actor,client,7,3082,1,MR,attack_member,evaluation,2,1,0.4858718812465668,0,0.7345184683799744,False,1,0.0,0,"[0.106171, 0.231247, 0.273398, 0.277004, 0.112179]"
Actor,client,7,3086,1,MR,attack_member,evaluation,4,1,0.40627321600914,0,0.7520955204963684,False,4,0.25,0,"[0.136407, 0.182725, 0.199319, 0.243464, 0.238084]"
Actor,client,7,3089,1,MR,attack_member,evaluation,2,1,0.4784564673900604,0,0.7345184683799744,False,4,0.25,1,"[0.145813, 0.191355, 0.262232, 0.22677, 0.173829]"
Actor,client,7,3099,1,MR,attack_member,evaluation,4,1,0.5580198764801025,0,0.7520955204963684,False,2,0.5,1,"[0.073113, 0.117093, 0.229913, 0.278444, 0.301438]"
Actor,client,7,3100,1,MR,attack_member,evaluation,2,1,0.4791988730430603,0,0.7345184683799744,False,0,,0,"[0.083366, 0.181694, 0.2682, 0.332914, 0.133827]"
Actor,client,7,3158,1,MR,attack_member,evaluation,3,1,0.63328617811203,0,0.8173993229866028,False,2,0.0,1,"[0.093278, 0.140758, 0.151656, 0.339206, 0.275102]"
Actor,client,7,3163,1,MR,attack_member,evaluation,3,1,0.8039044737815857,0,0.8173993229866028,False,0,,1,"[0.003933, 0.019594, 0.013873, 0.550266, 0.412333]"
Actor,client,7,3166,1,MR,attack_member,evaluation,0,1,0.47662845253944397,0,0.5450589656829834,False,1,0.0,0,"[0.189419, 0.179456, 0.204027, 0.228068, 0.199031]"
Actor,client,7,3181,1,MR,attack_member,evaluation,1,1,0.3494998514652252,0,0.6836628317832947,False,2,0.0,0,"[0.212226, 0.192306, 0.20245, 0.23268, 0.160339]"
Actor,client,7,3194,1,MR,attack_member,evaluation,2,1,0.47894057631492615,0,0.7345184683799744,False,2,0.0,1,"[0.094713, 0.261969, 0.27401, 0.213564, 0.155744]"
Actor,client,7,3224,1,MR,attack_member,evaluation,3,1,0.6158684492111206,0,0.8173993229866028,False,3,0.3333333333333333,1,"[0.128914, 0.150955, 0.212649, 0.316246, 0.191236]"
Actor,client,7,3231,1,MR,attack_member,evaluation,4,1,0.48579826951026917,0,0.7520955204963684,False,1,0.0,1,"[0.190936, 0.180791, 0.17897, 0.189766, 0.259538]"
Actor,client,7,3241,1,MR,attack_member,evaluation,1,1,0.33725324273109436,0,0.6836628317832947,False,6,0.16666666666666666,0,"[0.129326, 0.167875, 0.186076, 0.316178, 0.200545]"
Actor,client,7,3267,1,MR,attack_member,evaluation,2,1,0.589495062828064,0,0.7345184683799744,False,1,1.0,1,"[0.18671, 0.154408, 0.304073, 0.185806, 0.169003]"
Actor,client,7,3269,1,MR,attack_member,evaluation,3,1,0.5737283825874329,0,0.8173993229866028,False,0,,1,"[0.123138, 0.156452, 0.192, 0.298759, 0.229651]"
Actor,client,7,3272,1,MR,attack_member,evaluation,2,1,0.4321926236152649,0,0.7345184683799744,False,0,,0,"[0.112732, 0.123589, 0.239339, 0.285659, 0.23868]"
Actor,client,7,139,2,MR,attack_member,evaluation,2,1,0.8159791827201843,1,0.7345184683799744,False,1,0.0,1,"[0.095397, 0.195672, 0.456721, 0.138124, 0.114086]"
Actor,client,7,299,2,MR,attack_member,evaluation,4,1,0.46449628472328186,0,0.7520955204963684,False,1,0.0,0,"[0.088566, 0.241238, 0.301355, 0.143638, 0.225203]"
Actor,client,7,303,2,MR,attack_member,evaluation,3,1,0.28547054529190063,0,0.8173993229866028,False,1,1.0,0,"[0.135326, 0.165707, 0.385907, 0.162612, 0.150449]"
Actor,client,7,350,2,MR,attack_member,evaluation,4,1,0.5577680468559265,0,0.7520955204963684,False,1,0.0,0,"[0.078763, 0.18911, 0.334074, 0.148686, 0.249367]"
Actor,client,7,365,2,MR,attack_member,evaluation,4,1,0.6759516596794128,0,0.7520955204963684,False,5,0.0,1,"[0.071121, 0.122167, 0.210145, 0.220443, 0.376124]"
Actor,client,7,397,2,MR,attack_member,evaluation,3,1,0.26925691962242126,0,0.8173993229866028,False,1,1.0,0,"[0.094861, 0.163265, 0.440629, 0.155923, 0.145322]"
Actor,client,7,461,2,MR,attack_member,evaluation,0,1,0.40173447132110596,0,0.5450589656829834,False,1,0.0,0,"[0.153544, 0.155979, 0.247737, 0.242023, 0.200717]"
Actor,client,7,468,2,MR,attack_member,evaluation,2,1,0.5805963277816772,0,0.7345184683799744,False,1,0.0,1,"[0.076661, 0.14391, 0.30955, 0.245222, 0.224658]"
Actor,client,7,774,2,MR,attack_member,evaluation,3,1,0.45276594161987305,0,0.8173993229866028,False,2,0.5,0,"[0.04238, 0.118942, 0.382741, 0.235864, 0.220073]"
Actor,client,7,800,2,MR,attack_member,evaluation,4,1,0.570142924785614,0,0.7520955204963684,False,1,0.0,0,"[0.076931, 0.196549, 0.316701, 0.149663, 0.260155]"
Actor,client,7,813,2,MR,attack_member,evaluation,1,1,0.46257680654525757,0,0.6836628317832947,False,2,0.5,0,"[0.132785, 0.244712, 0.18953, 0.179052, 0.25392]"
Actor,client,7,877,2,MR,attack_member,evaluation,4,1,0.6560794115066528,0,0.7520955204963684,False,1,0.0,1,"[0.123002, 0.196752, 0.196814, 0.140288, 0.343144]"
Actor,client,7,940,2,MR,attack_member,evaluation,2,1,0.8272669911384583,1,0.7345184683799744,False,1,0.0,1,"[0.072167, 0.150947, 0.463961, 0.177195, 0.13573]"
Actor,client,7,965,2,MR,attack_member,evaluation,2,1,0.7202831506729126,0,0.7345184683799744,False,1,0.0,1,"[0.089414, 0.171745, 0.384039, 0.165873, 0.188928]"
Actor,client,7,989,2,MR,attack_member,evaluation,1,1,0.6023319959640503,0,0.6836628317832947,False,3,0.0,0,"[0.085028, 0.283297, 0.32046, 0.127657, 0.183558]"
Actor,client,7,1119,2,MR,attack_member,evaluation,4,1,0.25561442971229553,0,0.7520955204963684,False,1,0.0,0,"[0.10942, 0.186101, 0.413017, 0.160749, 0.130713]"
Actor,client,7,1137,2,MR,attack_member,evaluation,1,1,0.3966633379459381,0,0.6836628317832947,False,1,0.0,0,"[0.090374, 0.194339, 0.388652, 0.165587, 0.161048]"
Actor,client,7,1190,2,MR,attack_member,evaluation,0,1,0.24564975500106812,0,0.5450589656829834,False,1,0.0,0,"[0.107749, 0.194328, 0.393273, 0.178545, 0.126105]"
Actor,client,7,1254,2,MR,attack_member,evaluation,4,1,0.5042341947555542,0,0.7520955204963684,False,1,0.0,0,"[0.116084, 0.153903, 0.305487, 0.189401, 0.235126]"
Actor,client,7,1367,2,MR,attack_member,evaluation,3,1,0.2727512717247009,0,0.8173993229866028,False,1,1.0,0,"[0.097199, 0.218157, 0.365452, 0.169658, 0.149533]"
Actor,client,7,1400,2,MR,attack_member,evaluation,1,1,0.341234415769577,0,0.6836628317832947,False,1,0.0,0,"[0.068392, 0.160616, 0.518576, 0.1401, 0.112317]"
Actor,client,7,1562,2,MR,attack_member,evaluation,2,1,0.730486273765564,0,0.7345184683799744,False,1,0.0,1,"[0.084781, 0.179186, 0.391785, 0.188553, 0.155696]"
Actor,client,7,1575,2,MR,attack_member,evaluation,1,1,0.35514119267463684,0,0.6836628317832947,False,1,0.0,0,"[0.094486, 0.175506, 0.411553, 0.169095, 0.14936]"
Actor,client,7,1608,2,MR,attack_member,evaluation,3,1,0.22131654620170593,0,0.8173993229866028,False,1,1.0,0,"[0.083262, 0.204642, 0.292141, 0.159901, 0.260054]"
Actor,client,7,1652,2,MR,attack_member,evaluation,1,1,0.2775336503982544,0,0.6836628317832947,False,2,0.0,0,"[0.142499, 0.171853, 0.150277, 0.230514, 0.304856]"
Actor,client,7,1859,2,MR,attack_member,evaluation,4,1,0.2880277931690216,0,0.7520955204963684,False,3,0.0,0,"[0.080616, 0.174854, 0.419388, 0.180292, 0.144851]"
Actor,client,7,1919,2,MR,attack_member,evaluation,0,1,0.24316152930259705,0,0.5450589656829834,False,1,0.0,0,"[0.101489, 0.18711, 0.405316, 0.157843, 0.148242]"
Actor,client,7,1957,2,MR,attack_member,evaluation,3,1,0.37855231761932373,0,0.8173993229866028,False,1,1.0,0,"[0.092566, 0.203482, 0.36798, 0.207699, 0.128272]"
Actor,client,7,2158,2,MR,attack_member,evaluation,1,1,0.37692511081695557,0,0.6836628317832947,False,1,0.0,0,"[0.101489, 0.18711, 0.405316, 0.157843, 0.148242]"
Actor,client,7,2205,2,MR,attack_member,evaluation,1,1,0.6544854044914246,0,0.6836628317832947,False,4,0.5,1,"[0.140754, 0.31559, 0.256563, 0.119574, 0.16752]"
Actor,client,7,2289,2,MR,attack_member,evaluation,2,1,0.8199173212051392,1,0.7345184683799744,False,1,0.0,1,"[0.101448, 0.18179, 0.457968, 0.136288, 0.122506]"
Actor,client,7,2348,2,MR,attack_member,evaluation,4,1,0.47642600536346436,0,0.7520955204963684,False,1,1.0,1,"[0.201576, 0.123563, 0.175889, 0.239603, 0.259369]"
Actor,client,7,2470,2,MR,attack_member,evaluation,4,1,0.7325674891471863,0,0.7520955204963684,False,1,0.0,1,"[0.146936, 0.119615, 0.217693, 0.142941, 0.372815]"
Actor,client,7,2526,2,MR,attack_member,evaluation,3,1,0.45763036608695984,0,0.8173993229866028,False,1,1.0,0,"[0.081507, 0.148402, 0.324436, 0.240381, 0.205274]"
Actor,client,7,2606,2,MR,attack_member,evaluation,1,1,0.38543206453323364,0,0.6836628317832947,False,1,0.0,0,"[0.097758, 0.188139, 0.394163, 0.172175, 0.147765]"
Actor,client,7,2621,2,MR,attack_member,evaluation,4,1,0.35915377736091614,0,0.7520955204963684,False,1,0.0,0,"[0.073463, 0.18845, 0.352979, 0.201359, 0.183748]"
Actor,client,7,2729,2,MR,attack_member,evaluation,2,1,0.6627213358879089,0,0.7345184683799744,False,2,0.0,1,"[0.084134, 0.145525, 0.349365, 0.245535, 0.175441]"
Actor,client,7,2794,2,MR,attack_member,evaluation,1,1,0.42867711186408997,0,0.6836628317832947,False,1,0.0,0,"[0.085639, 0.202802, 0.440804, 0.142545, 0.128209]"
Actor,client,7,2809,2,MR,attack_member,evaluation,2,1,0.3282894492149353,0,0.7345184683799744,False,1,0.0,0,"[0.175226, 0.216918, 0.19559, 0.269797, 0.142469]"
Actor,client,7,2870,2,MR,attack_member,evaluation,0,1,0.23781487345695496,0,0.5450589656829834,False,1,0.0,0,"[0.100157, 0.194087, 0.410004, 0.149991, 0.145761]"
Actor,client,7,2873,2,MR,attack_member,evaluation,3,1,0.33259573578834534,0,0.8173993229866028,False,0,,0,"[0.109565, 0.230565, 0.271888, 0.202219, 0.185764]"
Actor,client,7,3206,2,MR,attack_member,evaluation,4,1,0.5164152979850769,0,0.7520955204963684,False,2,0.0,1,"[0.071423, 0.178552, 0.181034, 0.26173, 0.307262]"
Actor,client,7,3360,2,MR,attack_member,evaluation,4,1,0.5119510293006897,0,0.7520955204963684,False,2,0.0,0,"[0.11054, 0.182574, 0.324116, 0.151901, 0.23087]"
Actor,client,7,3365,2,MR,attack_member,evaluation,1,1,0.37599891424179077,0,0.6836628317832947,False,1,0.0,0,"[0.127319, 0.185554, 0.362393, 0.191557, 0.133177]"
Actor,client,7,3405,2,MR,attack_member,evaluation,2,1,0.4310467839241028,0,0.7345184683799744,False,1,0.0,0,"[0.065797, 0.129225, 0.243983, 0.315045, 0.245949]"
Actor,client,7,3474,2,MR,attack_member,evaluation,1,1,0.4503244161605835,0,0.6836628317832947,False,0,,0,"[0.09792, 0.193188, 0.245257, 0.331265, 0.132369]"
Actor,client,7,3493,2,MR,attack_member,evaluation,3,1,0.27531200647354126,0,0.8173993229866028,False,1,1.0,0,"[0.10942, 0.186101, 0.413017, 0.160749, 0.130713]"
Actor,client,7,3610,2,MR,attack_member,evaluation,2,1,0.842858076095581,1,0.7345184683799744,False,1,0.0,1,"[0.069282, 0.187315, 0.484652, 0.141715, 0.117036]"
Actor,client,7,3667,2,MR,attack_member,evaluation,3,1,0.3968840539455414,0,0.8173993229866028,False,1,0.0,0,"[0.109998, 0.190902, 0.267689, 0.223197, 0.208214]"
Actor,client,7,3779,2,MR,attack_member,evaluation,3,1,0.32501715421676636,0,0.8173993229866028,False,1,1.0,0,"[0.07086, 0.261162, 0.347447, 0.198118, 0.122413]"
Actor,client,7,3848,2,MR,attack_member,evaluation,4,1,0.46357443928718567,0,0.7520955204963684,False,1,0.0,0,"[0.080201, 0.188878, 0.329126, 0.181281, 0.220514]"
Actor,client,7,3852,2,MR,attack_member,evaluation,0,1,0.25260141491889954,0,0.5450589656829834,False,1,0.0,0,"[0.103352, 0.176835, 0.39364, 0.172677, 0.153496]"
Actor,client,7,4052,2,MR,attack_member,evaluation,3,1,0.3553190231323242,0,0.8173993229866028,False,2,0.0,0,"[0.045595, 0.178876, 0.181112, 0.228882, 0.365535]"
Actor,client,7,4213,2,MR,attack_member,evaluation,3,1,0.4159165322780609,0,0.8173993229866028,False,3,0.3333333333333333,0,"[0.131732, 0.193267, 0.185781, 0.236864, 0.252356]"
Actor,client,7,4234,2,MR,attack_member,evaluation,0,1,0.2119663506746292,0,0.5450589656829834,False,1,0.0,0,"[0.095397, 0.195672, 0.456721, 0.138124, 0.114086]"
Actor,client,7,4250,2,MR,attack_member,evaluation,4,1,0.431113064289093,0,0.7520955204963684,False,1,0.0,0,"[0.086219, 0.166586, 0.343769, 0.197128, 0.206298]"
Actor,client,7,4286,2,MR,attack_member,evaluation,3,1,0.2990987300872803,0,0.8173993229866028,False,2,0.5,0,"[0.091121, 0.173621, 0.349532, 0.179785, 0.20594]"
Actor,client,7,4342,2,MR,attack_member,evaluation,4,1,0.30609360337257385,0,0.7520955204963684,False,1,0.0,0,"[0.062654, 0.144466, 0.472613, 0.177503, 0.142763]"
Actor,client,7,4476,2,MR,attack_member,evaluation,0,1,0.2527107298374176,0,0.5450589656829834,False,1,0.0,0,"[0.109229, 0.176704, 0.416874, 0.15515, 0.142044]"
Actor,client,7,4537,2,MR,attack_member,evaluation,4,1,0.805632472038269,1,0.7520955204963684,False,2,0.5,1,"[0.014221, 0.041, 0.084424, 0.046547, 0.813809]"
Actor,client,7,4617,2,MR,attack_member,evaluation,2,1,0.7668254971504211,1,0.7345184683799744,False,1,0.0,1,"[0.090802, 0.179336, 0.41563, 0.16287, 0.151362]"
Actor,client,7,4719,2,MR,attack_member,evaluation,1,1,0.4904567301273346,0,0.6836628317832947,False,1,0.0,0,"[0.086689, 0.221987, 0.395142, 0.175956, 0.120226]"
Actor,client,7,4771,2,MR,attack_member,evaluation,1,1,0.2795896530151367,0,0.6836628317832947,False,2,0.0,0,"[0.093004, 0.138504, 0.456476, 0.174585, 0.13743]"
Actor,client,7,4805,2,MR,attack_member,evaluation,2,1,0.7503800988197327,1,0.7345184683799744,False,2,0.0,1,"[0.094669, 0.214968, 0.407988, 0.158968, 0.123407]"
Actor,client,7,4810,2,MR,attack_member,evaluation,3,1,0.278207391500473,0,0.8173993229866028,False,1,1.0,0,"[0.093169, 0.191165, 0.417542, 0.16417, 0.133954]"
Actor,client,7,4825,2,MR,attack_member,evaluation,1,1,0.21188801527023315,0,0.6836628317832947,False,2,0.0,0,"[0.075228, 0.136193, 0.193067, 0.224694, 0.370819]"
Actor,client,7,4910,2,MR,attack_member,evaluation,1,1,0.31766149401664734,0,0.6836628317832947,False,4,0.0,0,"[0.074115, 0.163973, 0.34916, 0.197234, 0.215519]"
Actor,client,7,4995,2,MR,attack_member,evaluation,1,1,0.3278650641441345,0,0.6836628317832947,False,1,0.0,0,"[0.090593, 0.167814, 0.353652, 0.195698, 0.192244]"
Actor,client,7,5161,2,MR,attack_member,evaluation,3,1,0.17935942113399506,0,0.8173993229866028,False,1,1.0,0,"[0.079797, 0.173467, 0.379514, 0.128889, 0.238333]"
Actor,client,7,5173,2,MR,attack_member,evaluation,0,1,0.25773680210113525,0,0.5450589656829834,False,1,0.0,0,"[0.097146, 0.135931, 0.428928, 0.150085, 0.187911]"
Actor,client,7,5210,2,MR,attack_member,evaluation,3,1,0.37076207995414734,0,0.8173993229866028,False,1,1.0,0,"[0.113768, 0.142883, 0.382285, 0.195872, 0.165193]"
Actor,client,7,5418,2,MR,attack_member,evaluation,1,1,0.3784646987915039,0,0.6836628317832947,False,1,0.0,0,"[0.098158, 0.200681, 0.319609, 0.158229, 0.223324]"
Actor,client,7,5488,2,MR,attack_member,evaluation,2,1,0.8206809163093567,1,0.7345184683799744,False,1,0.0,1,"[0.082416, 0.146529, 0.456219, 0.189615, 0.125222]"
Actor,client,7,5503,2,MR,attack_member,evaluation,3,1,0.35809141397476196,0,0.8173993229866028,False,1,1.0,0,"[0.075932, 0.142615, 0.348724, 0.201704, 0.231025]"
Actor,client,7,5538,2,MR,attack_member,evaluation,1,1,0.4175226390361786,0,0.6836628317832947,False,1,0.0,0,"[0.087139, 0.193092, 0.414541, 0.182738, 0.12249]"
Actor,client,7,5687,2,MR,attack_member,evaluation,3,1,0.5398715138435364,0,0.8173993229866028,False,0,,0,"[0.078533, 0.1036, 0.114082, 0.296969, 0.406816]"
Actor,client,7,5698,2,MR,attack_member,evaluation,4,1,0.6095577478408813,0,0.7520955204963684,False,0,,1,"[0.16515, 0.190613, 0.138028, 0.165946, 0.340263]"
Actor,client,7,5706,2,MR,attack_member,evaluation,4,1,0.17978854477405548,0,0.7520955204963684,False,2,0.0,0,"[0.047812, 0.151839, 0.274481, 0.373295, 0.152573]"
Actor,client,7,5806,2,MR,attack_member,evaluation,1,1,0.3790287673473358,0,0.6836628317832947,False,1,0.0,0,"[0.10942, 0.186101, 0.413017, 0.160749, 0.130713]"
Actor,client,7,5848,2,MR,attack_member,evaluation,4,1,0.3861762583255768,0,0.7520955204963684,False,1,0.0,0,"[0.145826, 0.16724, 0.308263, 0.186091, 0.19258]"
Actor,client,7,5908,2,MR,attack_member,evaluation,3,1,0.3461906909942627,0,0.8173993229866028,False,2,0.5,0,"[0.053357, 0.207409, 0.282821, 0.213396, 0.243017]"
Actor,client,7,6000,2,MR,attack_member,evaluation,2,1,0.8122718334197998,1,0.7345184683799744,False,1,0.0,1,"[0.065079, 0.177572, 0.454099, 0.144399, 0.158851]"
Actor,client,7,6080,2,MR,attack_member,evaluation,3,1,0.35791170597076416,0,0.8173993229866028,False,2,1.0,0,"[0.076635, 0.186518, 0.314843, 0.208508, 0.213496]"
Actor,client,7,6109,2,MR,attack_member,evaluation,4,1,0.38428646326065063,0,0.7520955204963684,False,1,0.0,0,"[0.088444, 0.183148, 0.376262, 0.169758, 0.182389]"
Actor,client,7,6191,2,MR,attack_member,evaluation,0,1,0.4621371328830719,0,0.5450589656829834,False,0,,0,"[0.195507, 0.152377, 0.266892, 0.2224, 0.162824]"
Actor,client,7,6207,2,MR,attack_member,evaluation,3,1,0.43193963170051575,0,0.8173993229866028,False,1,1.0,0,"[0.093111, 0.157102, 0.4005, 0.219932, 0.129355]"
Actor,client,7,6252,2,MR,attack_member,evaluation,2,1,0.7806401252746582,1,0.7345184683799744,False,1,0.0,1,"[0.104776, 0.193206, 0.426184, 0.157489, 0.118346]"
Actor,client,7,6351,2,MR,attack_member,evaluation,4,1,0.6268535852432251,0,0.7520955204963684,False,1,0.0,0,"[0.031529, 0.104442, 0.38552, 0.205792, 0.272717]"
Actor,client,7,6366,2,MR,attack_member,evaluation,2,1,0.6314425468444824,0,0.7345184683799744,False,2,0.5,1,"[0.100925, 0.205134, 0.338064, 0.235606, 0.120272]"
Actor,client,7,6368,2,MR,attack_member,evaluation,2,1,0.7914645671844482,1,0.7345184683799744,False,1,0.0,1,"[0.076535, 0.179695, 0.435802, 0.179972, 0.127997]"
Actor,client,7,6439,2,MR,attack_member,evaluation,2,1,0.5876340270042419,0,0.7345184683799744,False,1,0.0,1,"[0.116142, 0.136493, 0.308532, 0.276271, 0.162562]"
Actor,client,7,6461,2,MR,attack_member,evaluation,4,1,0.49316662549972534,0,0.7520955204963684,False,2,0.5,1,"[0.059037, 0.168819, 0.259201, 0.250073, 0.262871]"
Actor,client,7,6517,2,MR,attack_member,evaluation,2,1,0.8353515863418579,1,0.7345184683799744,False,1,0.0,1,"[0.06174, 0.147291, 0.472481, 0.171133, 0.147354]"
Actor,client,7,6581,2,MR,attack_member,evaluation,1,1,0.39124754071235657,0,0.6836628317832947,False,1,0.0,0,"[0.092626, 0.192353, 0.405118, 0.156106, 0.153797]"
Actor,client,7,6631,2,MR,attack_member,evaluation,1,1,0.578768253326416,0,0.6836628317832947,False,0,,0,"[0.092979, 0.252664, 0.212682, 0.282746, 0.158929]"
Actor,client,7,6699,2,MR,attack_member,evaluation,4,1,0.22413192689418793,0,0.7520955204963684,False,1,0.0,0,"[0.100017, 0.181621, 0.391907, 0.199943, 0.126512]"
Actor,client,7,6725,2,MR,attack_member,evaluation,2,1,0.7769275307655334,1,0.7345184683799744,False,1,0.0,1,"[0.090692, 0.191697, 0.42455, 0.157515, 0.135547]"
Actor,client,7,6767,2,MR,attack_member,evaluation,3,1,0.31918472051620483,0,0.8173993229866028,False,1,1.0,0,"[0.071509, 0.134946, 0.499152, 0.169044, 0.125349]"
Actor,client,7,6792,2,MR,attack_member,evaluation,0,1,0.2885863184928894,0,0.5450589656829834,False,2,0.0,0,"[0.114594, 0.217871, 0.295096, 0.20004, 0.172398]"
Actor,client,7,6843,2,MR,attack_member,evaluation,2,1,0.8375632762908936,1,0.7345184683799744,False,2,0.0,1,"[0.08115, 0.103556, 0.467281, 0.194158, 0.153855]"
Actor,client,7,7037,2,MR,attack_member,evaluation,0,1,0.2380797564983368,0,0.5450589656829834,False,1,0.0,0,"[0.097158, 0.236468, 0.35461, 0.155582, 0.156182]"
Actor,client,7,7046,2,MR,attack_member,evaluation,1,1,0.3819405138492584,0,0.6836628317832947,False,1,0.0,0,"[0.079753, 0.193265, 0.395855, 0.14415, 0.186978]"
Actor,client,7,7050,2,MR,attack_member,evaluation,2,1,0.7593485116958618,1,0.7345184683799744,False,1,0.0,1,"[0.063328, 0.194655, 0.414797, 0.162015, 0.165205]"
Actor,client,7,7158,2,MR,attack_member,evaluation,1,1,0.4354613423347473,0,0.6836628317832947,False,1,0.0,0,"[0.079012, 0.202204, 0.438644, 0.154786, 0.125354]"
Actor,client,7,7198,2,MR,attack_member,evaluation,4,1,0.41718560457229614,0,0.7520955204963684,False,1,0.0,0,"[0.091138, 0.135741, 0.342603, 0.227195, 0.203322]"
Actor,client,7,7213,2,MR,attack_member,evaluation,0,1,0.24316151440143585,0,0.5450589656829834,False,1,0.0,0,"[0.101489, 0.18711, 0.405316, 0.157842, 0.148242]"
Actor,client,7,7246,2,MR,attack_member,evaluation,1,1,0.391167551279068,0,0.6836628317832947,False,1,0.0,0,"[0.071741, 0.181192, 0.45504, 0.168136, 0.12389]"
Actor,client,7,7253,2,MR,attack_member,evaluation,4,1,0.5499141216278076,0,0.7520955204963684,False,1,0.0,0,"[0.081273, 0.178465, 0.351665, 0.147879, 0.240717]"
Actor,client,7,7267,2,MR,attack_member,evaluation,1,1,0.3991892635822296,0,0.6836628317832947,False,1,0.0,0,"[0.093169, 0.191165, 0.417542, 0.16417, 0.133954]"
Actor,client,7,7294,2,MR,attack_member,evaluation,3,1,0.3246716558933258,0,0.8173993229866028,False,1,1.0,0,"[0.069144, 0.174707, 0.340348, 0.193849, 0.221952]"
Actor,client,7,7380,2,MR,attack_member,evaluation,2,1,0.8232114911079407,1,0.7345184683799744,False,2,0.0,1,"[0.093004, 0.138504, 0.456476, 0.174585, 0.13743]"
Actor,client,7,45,3,MR,attack_member,evaluation,1,1,0.3435744345188141,0,0.6836628317832947,False,0,,0,"[0.210102, 0.193579, 0.136813, 0.259107, 0.2004]"
Actor,client,7,50,3,MR,attack_member,evaluation,4,1,0.5567977428436279,0,0.7520955204963684,False,0,,1,"[0.033841, 0.041524, 0.046987, 0.394685, 0.482964]"
Actor,client,7,79,3,MR,attack_member,evaluation,0,1,0.4492243230342865,0,0.5450589656829834,False,2,0.0,0,"[0.185694, 0.200243, 0.140808, 0.342935, 0.13032]"
Actor,client,7,87,3,MR,attack_member,evaluation,0,1,0.33163225650787354,0,0.5450589656829834,False,14,0.14285714285714285,0,"[0.055264, 0.103052, 0.161258, 0.303994, 0.376432]"
Actor,client,7,89,3,MR,attack_member,evaluation,4,1,0.6477667689323425,0,0.7520955204963684,False,0,,0,"[0.170078, 0.08398, 0.414159, 0.090583, 0.2412]"
Actor,client,7,165,3,MR,attack_member,evaluation,2,1,0.24565283954143524,0,0.7345184683799744,False,1,0.0,0,"[0.102898, 0.232885, 0.162743, 0.350558, 0.150915]"
Actor,client,7,177,3,MR,attack_member,evaluation,0,1,0.47420576214790344,0,0.5450589656829834,False,1,0.0,0,"[0.184501, 0.197965, 0.18168, 0.221897, 0.213957]"
Actor,client,7,197,3,MR,attack_member,evaluation,3,1,0.5704396963119507,0,0.8173993229866028,False,2,0.5,1,"[0.207991, 0.142792, 0.255785, 0.273615, 0.119817]"
Actor,client,7,229,3,MR,attack_member,evaluation,4,1,0.17091748118400574,0,0.7520955204963684,False,0,,0,"[0.221522, 0.29385, 0.228417, 0.131665, 0.124545]"
Actor,client,7,235,3,MR,attack_member,evaluation,2,1,0.3258691132068634,0,0.7345184683799744,False,2,0.0,0,"[0.11642, 0.188641, 0.197505, 0.280414, 0.21702]"
Actor,client,7,237,3,MR,attack_member,evaluation,4,1,0.36261019110679626,0,0.7520955204963684,False,2,0.0,0,"[0.14469, 0.211747, 0.197492, 0.22535, 0.220721]"
Actor,client,7,261,3,MR,attack_member,evaluation,1,1,0.6896319389343262,1,0.6836628317832947,False,0,,1,"[0.133157, 0.304726, 0.139179, 0.284332, 0.138606]"
Actor,client,7,275,3,MR,attack_member,evaluation,3,1,0.2588343322277069,0,0.8173993229866028,False,1,0.0,0,"[0.128384, 0.144234, 0.196489, 0.176231, 0.354662]"
Actor,client,7,277,3,MR,attack_member,evaluation,0,1,0.5060450434684753,0,0.5450589656829834,False,1,0.0,0,"[0.19632, 0.160234, 0.217449, 0.197727, 0.22827]"
Actor,client,7,311,3,MR,attack_member,evaluation,1,1,0.14417600631713867,0,0.6836628317832947,False,4,0.25,0,"[0.01511, 0.067233, 0.299207, 0.277893, 0.340557]"
Actor,client,7,347,3,MR,attack_member,evaluation,0,1,0.5042417049407959,0,0.5450589656829834,False,1,0.0,0,"[0.207272, 0.190612, 0.190911, 0.229353, 0.181852]"
Actor,client,7,387,3,MR,attack_member,evaluation,3,1,0.5920337438583374,0,0.8173993229866028,False,0,,1,"[0.169522, 0.185156, 0.139485, 0.308043, 0.197794]"
Actor,client,7,493,3,MR,attack_member,evaluation,3,1,0.6467578411102295,0,0.8173993229866028,False,3,0.6666666666666666,1,"[0.066026, 0.155998, 0.089136, 0.36113, 0.327711]"
Actor,client,7,513,3,MR,attack_member,evaluation,3,1,0.46830254793167114,0,0.8173993229866028,False,0,,0,"[0.117163, 0.206961, 0.059207, 0.275285, 0.341384]"
Actor,client,7,712,3,MR,attack_member,evaluation,2,1,0.2571713924407959,0,0.7345184683799744,False,0,,0,"[0.112544, 0.17821, 0.163231, 0.332051, 0.213965]"
Actor,client,7,767,3,MR,attack_member,evaluation,2,1,0.2141936719417572,0,0.7345184683799744,False,0,,0,"[0.297024, 0.205667, 0.123179, 0.239088, 0.135042]"
Actor,client,7,864,3,MR,attack_member,evaluation,2,1,0.170715793967247,0,0.7345184683799744,False,4,0.0,0,"[0.067834, 0.044828, 0.103429, 0.308539, 0.475371]"
Actor,client,7,876,3,MR,attack_member,evaluation,4,1,0.3987662196159363,0,0.7520955204963684,False,1,0.0,0,"[0.126629, 0.171395, 0.243116, 0.237346, 0.221514]"
Actor,client,7,901,3,MR,attack_member,evaluation,3,1,0.4290793836116791,0,0.8173993229866028,False,2,1.0,1,"[0.164041, 0.178914, 0.220604, 0.231049, 0.205392]"
Actor,client,7,916,3,MR,attack_member,evaluation,1,1,0.5303772687911987,0,0.6836628317832947,False,2,0.5,0,"[0.054262, 0.211987, 0.232508, 0.364909, 0.136334]"
Actor,client,7,943,3,MR,attack_member,evaluation,4,1,0.376079261302948,0,0.7520955204963684,False,1,0.0,0,"[0.09823, 0.184559, 0.211002, 0.273806, 0.232403]"
Actor,client,7,976,3,MR,attack_member,evaluation,1,1,0.4443088173866272,0,0.6836628317832947,False,3,0.3333333333333333,0,"[0.032149, 0.181459, 0.287739, 0.338613, 0.16004]"
Actor,client,7,1016,3,MR,attack_member,evaluation,2,1,0.2842758297920227,0,0.7345184683799744,False,3,0.0,0,"[0.063154, 0.164909, 0.179555, 0.206764, 0.385617]"
Actor,client,7,1080,3,MR,attack_member,evaluation,3,1,0.32579505443573,0,0.8173993229866028,False,2,0.0,0,"[0.217398, 0.209063, 0.179295, 0.192705, 0.201539]"
Actor,client,7,1188,3,MR,attack_member,evaluation,3,1,0.5358012318611145,0,0.8173993229866028,False,1,0.0,0,"[0.100345, 0.141526, 0.299822, 0.271208, 0.187099]"
Actor,client,7,1313,3,MR,attack_member,evaluation,3,1,0.6420601010322571,0,0.8173993229866028,False,4,0.0,1,"[0.073973, 0.203164, 0.193146, 0.347908, 0.181808]"
Actor,client,7,1321,3,MR,attack_member,evaluation,1,1,0.49479275941848755,0,0.6836628317832947,False,2,0.0,1,"[0.195214, 0.252194, 0.189883, 0.197438, 0.165272]"
Actor,client,7,1474,3,MR,attack_member,evaluation,4,1,0.27696555852890015,0,0.7520955204963684,False,1,0.0,0,"[0.170771, 0.214304, 0.182394, 0.239651, 0.192879]"
Actor,client,7,1518,3,MR,attack_member,evaluation,3,1,0.4044140875339508,0,0.8173993229866028,False,1,0.0,1,"[0.18249, 0.208937, 0.196563, 0.224052, 0.187958]"
Actor,client,7,1548,3,MR,attack_member,evaluation,3,1,0.452480286359787,0,0.8173993229866028,False,7,0.14285714285714285,1,"[0.155207, 0.201262, 0.212985, 0.243519, 0.187027]"
Actor,client,7,1557,3,MR,attack_member,evaluation,2,1,0.40823644399642944,0,0.7345184683799744,False,1,0.0,0,"[0.149955, 0.16739, 0.229402, 0.265942, 0.18731]"
Actor,client,7,1626,3,MR,attack_member,evaluation,2,1,0.22210323810577393,0,0.7345184683799744,False,2,0.0,0,"[0.162661, 0.190482, 0.13969, 0.291036, 0.216132]"
Actor,client,7,1628,3,MR,attack_member,evaluation,4,1,0.6440335512161255,0,0.7520955204963684,False,3,0.0,1,"[0.162293, 0.119669, 0.17531, 0.202343, 0.340385]"
Actor,client,7,1687,3,MR,attack_member,evaluation,2,1,0.3335495889186859,0,0.7345184683799744,False,2,0.0,0,"[0.118073, 0.186221, 0.200576, 0.262297, 0.232832]"
Actor,client,7,1704,3,MR,attack_member,evaluation,2,1,0.6579088568687439,0,0.7345184683799744,False,1,0.0,1,"[0.071303, 0.147854, 0.348065, 0.199562, 0.233216]"
Actor,client,7,1739,3,MR,attack_member,evaluation,2,1,0.2340259701013565,0,0.7345184683799744,False,1,0.0,0,"[0.140779, 0.226635, 0.151282, 0.247346, 0.233959]"
Actor,client,7,1745,3,MR,attack_member,evaluation,0,1,0.4268713593482971,0,0.5450589656829834,False,5,0.4,0,"[0.151764, 0.196633, 0.164644, 0.246338, 0.24062]"
Actor,client,7,1825,3,MR,attack_member,evaluation,4,1,0.4497900903224945,0,0.7520955204963684,False,1,0.0,1,"[0.17297, 0.146919, 0.112562, 0.27942, 0.288129]"
Actor,client,7,1834,3,MR,attack_member,evaluation,0,1,0.34150758385658264,0,0.5450589656829834,False,1,0.0,0,"[0.094461, 0.117167, 0.220386, 0.29294, 0.275046]"
Actor,client,7,1855,3,MR,attack_member,evaluation,1,1,0.3737395405769348,0,0.6836628317832947,False,1,1.0,0,"[0.181943, 0.198308, 0.261176, 0.204419, 0.154154]"
Actor,client,7,1917,3,MR,attack_member,evaluation,2,1,0.2527802586555481,0,0.7345184683799744,False,1,0.0,0,"[0.229933, 0.173723, 0.148565, 0.222307, 0.225472]"
Actor,client,7,1941,3,MR,attack_member,evaluation,3,1,0.5999951362609863,0,0.8173993229866028,False,0,,1,"[0.198405, 0.102083, 0.130792, 0.301976, 0.266744]"
Actor,client,7,1988,3,MR,attack_member,evaluation,3,1,0.4278784394264221,0,0.8173993229866028,False,1,0.0,0,"[0.152714, 0.168905, 0.194218, 0.235128, 0.249035]"
Actor,client,7,2007,3,MR,attack_member,evaluation,3,1,0.45709770917892456,0,0.8173993229866028,False,2,0.0,0,"[0.038783, 0.157212, 0.11249, 0.274203, 0.417311]"
Actor,client,7,2017,3,MR,attack_member,evaluation,0,1,0.8245612382888794,1,0.5450589656829834,False,0,,1,"[0.392767, 0.126661, 0.138982, 0.150209, 0.19138]"
Actor,client,7,2047,3,MR,attack_member,evaluation,4,1,0.5754662156105042,0,0.7520955204963684,False,13,0.15384615384615385,1,"[0.04957, 0.121798, 0.226002, 0.283043, 0.319587]"
Actor,client,7,2065,3,MR,attack_member,evaluation,3,1,0.4260824918746948,0,0.8173993229866028,False,1,0.0,1,"[0.166783, 0.179094, 0.222158, 0.229327, 0.202638]"
Actor,client,7,2149,3,MR,attack_member,evaluation,2,1,0.36132901906967163,0,0.7345184683799744,False,3,0.0,0,"[0.177731, 0.184287, 0.207269, 0.22588, 0.204833]"
Actor,client,7,2164,3,MR,attack_member,evaluation,3,1,0.6000494956970215,0,0.8173993229866028,False,2,0.5,1,"[0.189287, 0.147673, 0.256955, 0.291472, 0.114612]"
Actor,client,7,2257,3,MR,attack_member,evaluation,4,1,0.4949406087398529,0,0.7520955204963684,False,2,0.0,0,"[0.06795, 0.126806, 0.189419, 0.316786, 0.299039]"
Actor,client,7,2296,3,MR,attack_member,evaluation,2,1,0.35454535484313965,0,0.7345184683799744,False,1,1.0,0,"[0.119277, 0.196272, 0.211069, 0.268424, 0.204957]"
Actor,client,7,2417,3,MR,attack_member,evaluation,3,1,0.5844040513038635,0,0.8173993229866028,False,1,0.0,1,"[0.092035, 0.171807, 0.189822, 0.310774, 0.235563]"
Actor,client,7,2423,3,MR,attack_member,evaluation,1,1,0.331248015165329,0,0.6836628317832947,False,1,0.0,0,"[0.137983, 0.168404, 0.200187, 0.297204, 0.196222]"
Actor,client,7,2454,3,MR,attack_member,evaluation,3,1,0.33175623416900635,0,0.8173993229866028,False,2,1.0,0,"[0.053785, 0.247856, 0.253482, 0.214307, 0.230571]"
Actor,client,7,2539,3,MR,attack_member,evaluation,4,1,0.3743973970413208,0,0.7520955204963684,False,1,1.0,0,"[0.131262, 0.194972, 0.218052, 0.23502, 0.220694]"
Actor,client,7,2553,3,MR,attack_member,evaluation,2,1,0.2908308207988739,0,0.7345184683799744,False,5,0.2,0,"[0.160081, 0.20307, 0.177347, 0.227842, 0.23166]"
Actor,client,7,2645,3,MR,attack_member,evaluation,1,1,0.28580859303474426,0,0.6836628317832947,False,1,0.0,0,"[0.149432, 0.165838, 0.201771, 0.237211, 0.245748]"
Actor,client,7,2671,3,MR,attack_member,evaluation,3,1,0.11165090650320053,0,0.8173993229866028,False,4,0.25,0,"[0.066518, 0.111791, 0.132672, 0.120059, 0.56896]"
Actor,client,7,2680,3,MR,attack_member,evaluation,1,1,0.4474450647830963,0,0.6836628317832947,False,0,,0,"[0.144482, 0.213435, 0.217764, 0.267442, 0.156877]"
Actor,client,7,2716,3,MR,attack_member,evaluation,2,1,0.2421867698431015,0,0.7345184683799744,False,3,0.0,0,"[0.092258, 0.056628, 0.147573, 0.441855, 0.261685]"
Actor,client,7,2799,3,MR,attack_member,evaluation,3,1,0.373037725687027,0,0.8173993229866028,False,1,0.0,0,"[0.16739, 0.182941, 0.163741, 0.217845, 0.268083]"
Actor,client,7,2807,3,MR,attack_member,evaluation,2,1,0.5174871683120728,0,0.7345184683799744,False,10,0.2,1,"[0.044949, 0.16851, 0.286641, 0.2507, 0.2492]"
Actor,client,7,2891,3,MR,attack_member,evaluation,3,1,0.7789769768714905,0,0.8173993229866028,False,0,,1,"[0.033421, 0.06774, 0.200517, 0.478754, 0.219567]"
Actor,client,7,2895,3,MR,attack_member,evaluation,2,1,0.6833082437515259,0,0.7345184683799744,False,6,0.3333333333333333,1,"[0.018527, 0.079387, 0.359474, 0.227717, 0.314895]"
Actor,client,7,2914,3,MR,attack_member,evaluation,4,1,0.4004317820072174,0,0.7520955204963684,False,0,,0,"[0.190562, 0.164853, 0.242731, 0.192533, 0.209321]"
Actor,client,7,2974,3,MR,attack_member,evaluation,4,1,0.37039482593536377,0,0.7520955204963684,False,2,0.5,0,"[0.103227, 0.196176, 0.208798, 0.262416, 0.229383]"
Actor,client,7,3047,3,MR,attack_member,evaluation,4,1,0.7580206394195557,1,0.7520955204963684,False,0,,1,"[0.013974, 0.071353, 0.288004, 0.210304, 0.416364]"
Actor,client,7,3153,3,MR,attack_member,evaluation,0,1,0.3426678776741028,0,0.5450589656829834,False,3,0.0,0,"[0.126335, 0.165303, 0.233321, 0.293914, 0.181127]"
Actor,client,7,3308,3,MR,attack_member,evaluation,4,1,0.28812742233276367,0,0.7520955204963684,False,6,0.0,0,"[0.039146, 0.115201, 0.241991, 0.394738, 0.208925]"
Actor,client,7,3529,3,MR,attack_member,evaluation,3,1,0.5233905911445618,0,0.8173993229866028,False,6,0.0,0,"[0.073023, 0.3497, 0.182869, 0.299579, 0.094827]"
Actor,client,7,3602,3,MR,attack_member,evaluation,1,1,0.5870916247367859,0,0.6836628317832947,False,3,0.0,0,"[0.093456, 0.259589, 0.313283, 0.205344, 0.128327]"
Actor,client,7,3630,3,MR,attack_member,evaluation,0,1,0.46759697794914246,0,0.5450589656829834,False,0,,0,"[0.185107, 0.203699, 0.221349, 0.162441, 0.227403]"
Actor,client,7,3638,3,MR,attack_member,evaluation,4,1,0.6317905783653259,0,0.7520955204963684,False,3,0.3333333333333333,1,"[0.049826, 0.068519, 0.110056, 0.316874, 0.454724]"
Actor,client,7,3649,3,MR,attack_member,evaluation,2,1,0.3150698244571686,0,0.7345184683799744,False,1,0.0,0,"[0.180116, 0.153802, 0.182847, 0.217634, 0.265601]"
Actor,client,7,3958,3,MR,attack_member,evaluation,4,1,0.7309214472770691,0,0.7520955204963684,False,0,,1,"[0.152837, 0.073429, 0.100591, 0.191226, 0.481917]"
Actor,client,7,3995,3,MR,attack_member,evaluation,4,1,0.48218315839767456,0,0.7520955204963684,False,5,0.2,0,"[0.073268, 0.133509, 0.206491, 0.304308, 0.282424]"
Actor,client,7,4001,3,MR,attack_member,evaluation,4,1,0.5121981501579285,0,0.7520955204963684,False,2,0.5,1,"[0.09761, 0.157092, 0.218823, 0.248321, 0.278155]"
Actor,client,7,4015,3,MR,attack_member,evaluation,3,1,0.4379975199699402,0,0.8173993229866028,False,5,0.0,0,"[0.142037, 0.188403, 0.1634, 0.245679, 0.260481]"
Actor,client,7,4034,3,MR,attack_member,evaluation,0,1,0.2415998876094818,0,0.5450589656829834,False,3,0.0,0,"[0.048935, 0.159892, 0.159595, 0.421241, 0.210338]"
Actor,client,7,4045,3,MR,attack_member,evaluation,0,1,0.37873515486717224,0,0.5450589656829834,False,7,0.0,0,"[0.143243, 0.227828, 0.170134, 0.262347, 0.196448]"
Actor,client,7,4098,3,MR,attack_member,evaluation,2,1,0.20595592260360718,0,0.7345184683799744,False,4,0.0,0,"[0.080504, 0.155292, 0.134801, 0.306097, 0.323306]"
Actor,client,7,4099,3,MR,attack_member,evaluation,0,1,0.4616618752479553,0,0.5450589656829834,False,2,0.0,0,"[0.188608, 0.249433, 0.163288, 0.203824, 0.194848]"
Actor,client,7,4105,3,MR,attack_member,evaluation,3,1,0.5422731041908264,0,0.8173993229866028,False,2,0.5,1,"[0.099057, 0.202779, 0.204398, 0.290314, 0.203452]"
Actor,client,7,4151,3,MR,attack_member,evaluation,4,1,0.6189834475517273,0,0.7520955204963684,False,1,1.0,1,"[0.098331, 0.1498, 0.16825, 0.226653, 0.356966]"
Actor,client,7,4179,3,MR,attack_member,evaluation,1,1,0.49154841899871826,0,0.6836628317832947,False,2,0.0,1,"[0.213324, 0.250119, 0.196007, 0.199392, 0.141158]"
Actor,client,7,4261,3,MR,attack_member,evaluation,1,1,0.46242111921310425,0,0.6836628317832947,False,2,0.0,1,"[0.200494, 0.240839, 0.141891, 0.229657, 0.187119]"
Actor,client,7,4272,3,MR,attack_member,evaluation,3,1,0.4909534454345703,0,0.8173993229866028,False,1,0.0,1,"[0.136873, 0.187161, 0.159498, 0.267015, 0.249453]"
Actor,client,7,4273,3,MR,attack_member,evaluation,0,1,0.5001594424247742,0,0.5450589656829834,False,1,1.0,0,"[0.200922, 0.183216, 0.200719, 0.213782, 0.201361]"
Actor,client,7,4384,3,MR,attack_member,evaluation,3,1,0.35344213247299194,0,0.8173993229866028,False,2,0.5,0,"[0.221543, 0.173239, 0.20281, 0.196672, 0.205736]"
Actor,client,7,4386,3,MR,attack_member,evaluation,3,1,0.5016794800758362,0,0.8173993229866028,False,1,0.0,1,"[0.18024, 0.176756, 0.162497, 0.26288, 0.217626]"
Actor,client,7,4426,3,MR,attack_member,evaluation,0,1,0.46951520442962646,0,0.5450589656829834,False,0,,0,"[0.216892, 0.150609, 0.275574, 0.265415, 0.09151]"
Actor,client,7,4509,3,MR,attack_member,evaluation,4,1,0.2631854712963104,0,0.7520955204963684,False,0,,0,"[0.130313, 0.136098, 0.305836, 0.26702, 0.160734]"
Actor,client,7,4525,3,MR,attack_member,evaluation,1,1,0.767221987247467,1,0.6836628317832947,False,0,,0,"[0.100698, 0.326777, 0.126371, 0.333015, 0.113139]"
Actor,client,7,4557,3,MR,attack_member,evaluation,3,1,0.6203385591506958,0,0.8173993229866028,False,1,0.0,1,"[0.151706, 0.240274, 0.156415, 0.328227, 0.123378]"
Actor,client,7,4562,3,MR,attack_member,evaluation,4,1,0.7853002548217773,1,0.7520955204963684,False,1,0.0,1,"[0.059727, 0.035629, 0.090834, 0.135243, 0.678566]"
Actor,client,7,4627,3,MR,attack_member,evaluation,0,1,0.3862277567386627,0,0.5450589656829834,False,1,0.0,0,"[0.15178, 0.240807, 0.191926, 0.216334, 0.199152]"
Actor,client,7,4727,3,MR,attack_member,evaluation,4,1,0.5321906208992004,0,0.7520955204963684,False,2,0.0,1,"[0.086447, 0.185249, 0.168386, 0.24429, 0.315629]"
Actor,client,7,4749,3,MR,attack_member,evaluation,4,1,0.3341698944568634,0,0.7520955204963684,False,0,,0,"[0.057429, 0.181322, 0.072985, 0.388337, 0.299927]"
Actor,client,7,4762,3,MR,attack_member,evaluation,1,1,0.2914491891860962,0,0.6836628317832947,False,1,1.0,0,"[0.116828, 0.158082, 0.243753, 0.249019, 0.232317]"
Actor,client,7,4767,3,MR,attack_member,evaluation,4,1,0.6612256765365601,0,0.7520955204963684,False,1,0.0,1,"[0.077853, 0.117872, 0.205641, 0.2317, 0.366934]"
Actor,client,7,4912,3,MR,attack_member,evaluation,3,1,0.8010714650154114,0,0.8173993229866028,False,0,,1,"[0.005516, 0.076463, 0.117645, 0.538994, 0.261381]"
Actor,client,7,4932,3,MR,attack_member,evaluation,3,1,0.27177929878234863,0,0.8173993229866028,False,1,0.0,0,"[0.119044, 0.141661, 0.143997, 0.189082, 0.406217]"
Actor,client,7,4942,3,MR,attack_member,evaluation,4,1,0.5327436923980713,0,0.7520955204963684,False,4,0.25,1,"[0.068403, 0.11146, 0.167918, 0.322281, 0.329938]"
Actor,client,7,4969,3,MR,attack_member,evaluation,1,1,0.41522836685180664,0,0.6836628317832947,False,1,0.0,0,"[0.171649, 0.210467, 0.190995, 0.255093, 0.171796]"
Actor,client,7,5026,3,MR,attack_member,evaluation,1,1,0.4304468631744385,0,0.6836628317832947,False,0,,1,"[0.233387, 0.235627, 0.164608, 0.19704, 0.169338]"
Actor,client,7,5098,3,MR,attack_member,evaluation,0,1,0.38752201199531555,0,0.5450589656829834,False,2,0.0,0,"[0.139718, 0.200262, 0.189314, 0.246974, 0.223732]"
Actor,client,7,43,4,MR,attack_member,evaluation,2,1,0.25062960386276245,0,0.7345184683799744,False,1,0.0,0,"[0.064797, 0.335899, 0.177418, 0.300294, 0.121593]"
Actor,client,7,70,4,MR,attack_member,evaluation,0,1,0.5102375149726868,0,0.5450589656829834,False,1,0.0,0,"[0.203393, 0.188473, 0.154961, 0.267039, 0.186135]"
Actor,client,7,106,4,MR,attack_member,evaluation,2,1,0.6107690334320068,0,0.7345184683799744,False,2,0.5,1,"[0.11836, 0.169294, 0.322105, 0.175324, 0.214918]"
Actor,client,7,161,4,MR,attack_member,evaluation,4,1,0.5000738501548767,0,0.7520955204963684,False,3,0.0,1,"[0.171515, 0.101431, 0.140727, 0.290285, 0.296042]"
Actor,client,7,411,4,MR,attack_member,evaluation,3,1,0.5468751788139343,0,0.8173993229866028,False,1,0.0,1,"[0.123428, 0.160043, 0.204817, 0.285093, 0.22662]"
Actor,client,7,464,4,MR,attack_member,evaluation,4,1,0.33034974336624146,0,0.7520955204963684,False,3,0.0,0,"[0.163488, 0.22311, 0.124354, 0.253793, 0.235256]"
Actor,client,7,490,4,MR,attack_member,evaluation,3,1,0.3682458698749542,0,0.8173993229866028,False,1,1.0,0,"[0.128626, 0.233412, 0.268495, 0.212488, 0.15698]"
Actor,client,7,637,4,MR,attack_member,evaluation,3,1,0.7071306705474854,0,0.8173993229866028,False,0,,1,"[0.067757, 0.165523, 0.110188, 0.403985, 0.252546]"
Actor,client,7,865,4,MR,attack_member,evaluation,3,1,0.5186606049537659,0,0.8173993229866028,False,1,0.0,0,"[0.122065, 0.174817, 0.279174, 0.265069, 0.158876]"
Actor,client,7,1000,4,MR,attack_member,evaluation,2,1,0.3486923575401306,0,0.7345184683799744,False,1,0.0,0,"[0.114017, 0.127934, 0.203057, 0.304863, 0.250128]"
Actor,client,7,1153,4,MR,attack_member,evaluation,2,1,0.7884314656257629,1,0.7345184683799744,False,1,1.0,1,"[0.026839, 0.077693, 0.42637, 0.275299, 0.193799]"
Actor,client,7,1178,4,MR,attack_member,evaluation,4,1,0.7702516913414001,1,0.7520955204963684,False,0,,1,"[0.009538, 0.031708, 0.015679, 0.07921, 0.863865]"
Actor,client,7,1242,4,MR,attack_member,evaluation,1,1,0.4107120931148529,0,0.6836628317832947,False,1,0.0,0,"[0.148925, 0.208222, 0.214014, 0.241823, 0.187017]"
Actor,client,7,1341,4,MR,attack_member,evaluation,4,1,0.30053770542144775,0,0.7520955204963684,False,1,0.0,0,"[0.205462, 0.219531, 0.184469, 0.197777, 0.19276]"
Actor,client,7,1388,4,MR,attack_member,evaluation,1,1,0.2840363383293152,0,0.6836628317832947,False,1,0.0,0,"[0.154219, 0.165803, 0.269581, 0.192897, 0.217499]"
Actor,client,7,1420,4,MR,attack_member,evaluation,4,1,0.7547203302383423,1,0.7520955204963684,False,1,1.0,1,"[0.035848, 0.044597, 0.08649, 0.181437, 0.651629]"
Actor,client,7,1434,4,MR,attack_member,evaluation,0,1,0.4071081876754761,0,0.5450589656829834,False,0,,0,"[0.084708, 0.090669, 0.136651, 0.291927, 0.396045]"
Actor,client,7,1476,4,MR,attack_member,evaluation,0,1,0.5712549090385437,1,0.5450589656829834,False,1,1.0,0,"[0.248524, 0.169388, 0.186866, 0.260751, 0.134472]"
Actor,client,7,1480,4,MR,attack_member,evaluation,4,1,0.5664336085319519,0,0.7520955204963684,False,1,0.0,1,"[0.134561, 0.143987, 0.202695, 0.221945, 0.296812]"
Actor,client,7,1531,4,MR,attack_member,evaluation,4,1,0.5654651522636414,0,0.7520955204963684,False,1,1.0,1,"[0.188564, 0.141069, 0.245668, 0.163382, 0.261316]"
Actor,client,7,1540,4,MR,attack_member,evaluation,4,1,0.6052494049072266,0,0.7520955204963684,False,4,0.25,1,"[0.141252, 0.134149, 0.236621, 0.194029, 0.293949]"
Actor,client,7,1563,4,MR,attack_member,evaluation,4,1,0.35985255241394043,0,0.7520955204963684,False,3,0.0,0,"[0.136847, 0.184385, 0.24275, 0.229357, 0.206661]"
Actor,client,7,1710,4,MR,attack_member,evaluation,1,1,0.9894182085990906,1,0.6836628317832947,False,1,0.0,1,"[0.028985, 0.718007, 0.008472, 0.183042, 0.061494]"
Actor,client,7,1751,4,MR,attack_member,evaluation,3,1,0.38610824942588806,0,0.8173993229866028,False,7,0.2857142857142857,0,"[0.109219, 0.198961, 0.168378, 0.232385, 0.291058]"
Actor,client,7,1755,4,MR,attack_member,evaluation,4,1,0.7777224779129028,1,0.7520955204963684,False,1,1.0,1,"[0.05196, 0.022359, 0.0453, 0.121507, 0.758874]"
Actor,client,7,1870,4,MR,attack_member,evaluation,4,1,0.5121855735778809,0,0.7520955204963684,False,0,,0,"[0.044105, 0.027601, 0.136629, 0.429839, 0.361825]"
Actor,client,7,1903,4,MR,attack_member,evaluation,4,1,0.7857272624969482,1,0.7520955204963684,False,1,0.0,1,"[0.08622, 0.138058, 0.172571, 0.088752, 0.514398]"
Actor,client,7,1924,4,MR,attack_member,evaluation,4,1,0.491760790348053,0,0.7520955204963684,False,1,0.0,1,"[0.169805, 0.178563, 0.18869, 0.200025, 0.262916]"
Actor,client,7,1931,4,MR,attack_member,evaluation,4,1,0.6954405307769775,0,0.7520955204963684,False,1,0.0,1,"[0.117455, 0.113086, 0.199368, 0.195258, 0.374833]"
Actor,client,7,1958,4,MR,attack_member,evaluation,4,1,0.6875923871994019,0,0.7520955204963684,False,1,0.0,1,"[0.126888, 0.108867, 0.165399, 0.207006, 0.39184]"
Actor,client,7,1983,4,MR,attack_member,evaluation,3,1,0.5985855460166931,0,0.8173993229866028,False,1,0.0,0,"[0.016221, 0.033307, 0.082739, 0.334223, 0.53351]"
Actor,client,7,2019,4,MR,attack_member,evaluation,4,1,0.2735742926597595,0,0.7520955204963684,False,5,0.2,0,"[0.219787, 0.19157, 0.169515, 0.230555, 0.188572]"
Actor,client,7,2026,4,MR,attack_member,evaluation,2,1,0.30109158158302307,0,0.7345184683799744,False,0,,0,"[0.113068, 0.31908, 0.196811, 0.202748, 0.168293]"
Actor,client,7,2034,4,MR,attack_member,evaluation,4,1,0.46405747532844543,0,0.7520955204963684,False,1,0.0,1,"[0.20718, 0.226574, 0.191674, 0.134821, 0.239751]"
Actor,client,7,2060,4,MR,attack_member,evaluation,3,1,0.3659927248954773,0,0.8173993229866028,False,5,0.0,0,"[0.152693, 0.182635, 0.228057, 0.209672, 0.226943]"
Actor,client,7,2119,4,MR,attack_member,evaluation,2,1,0.38434484601020813,0,0.7345184683799744,False,0,,0,"[0.170737, 0.184225, 0.218379, 0.248042, 0.178617]"
Actor,client,7,2126,4,MR,attack_member,evaluation,0,1,0.39904865622520447,0,0.5450589656829834,False,2,0.0,0,"[0.156501, 0.182836, 0.201353, 0.287297, 0.172012]"
Actor,client,7,2182,4,MR,attack_member,evaluation,0,1,0.764987051486969,1,0.5450589656829834,False,1,0.0,0,"[0.291431, 0.164388, 0.019185, 0.190606, 0.334391]"
Actor,client,7,2295,4,MR,attack_member,evaluation,4,1,0.5108694434165955,0,0.7520955204963684,False,0,,1,"[0.020686, 0.279324, 0.13661, 0.217015, 0.346366]"
Actor,client,7,2297,4,MR,attack_member,evaluation,2,1,0.36031562089920044,0,0.7345184683799744,False,1,0.0,0,"[0.215139, 0.07862, 0.194096, 0.264848, 0.247298]"
Actor,client,7,2304,4,MR,attack_member,evaluation,4,1,0.6483304500579834,0,0.7520955204963684,False,2,0.0,1,"[0.080937, 0.16086, 0.191152, 0.202416, 0.364635]"
Actor,client,7,2405,4,MR,attack_member,evaluation,1,1,0.28968149423599243,0,0.6836628317832947,False,4,0.0,0,"[0.105897, 0.169125, 0.226166, 0.211527, 0.287286]"
Actor,client,7,2421,4,MR,attack_member,evaluation,4,1,0.5074345469474792,0,0.7520955204963684,False,1,0.0,0,"[0.028306, 0.059957, 0.134306, 0.412082, 0.365349]"
Actor,client,7,2551,4,MR,attack_member,evaluation,2,1,0.4097409248352051,0,0.7345184683799744,False,6,0.16666666666666666,0,"[0.131931, 0.179494, 0.232385, 0.202456, 0.253735]"
Actor,client,7,2631,4,MR,attack_member,evaluation,3,1,0.2973055839538574,0,0.8173993229866028,False,1,0.0,0,"[0.207644, 0.241624, 0.172916, 0.186779, 0.191038]"
Actor,client,7,2737,4,MR,attack_member,evaluation,4,1,0.33817750215530396,0,0.7520955204963684,False,2,0.0,0,"[0.160954, 0.195202, 0.195316, 0.237094, 0.211434]"
Actor,client,7,2791,4,MR,attack_member,evaluation,3,1,0.5580114126205444,0,0.8173993229866028,False,2,0.0,0,"[0.056949, 0.040004, 0.075671, 0.308965, 0.518411]"
Actor,client,7,2820,4,MR,attack_member,evaluation,2,1,0.620594322681427,0,0.7345184683799744,False,1,0.0,1,"[0.099881, 0.232244, 0.335051, 0.115674, 0.217151]"
Actor,client,7,2855,4,MR,attack_member,evaluation,1,1,0.235822394490242,0,0.6836628317832947,False,1,0.0,0,"[0.127547, 0.120625, 0.210543, 0.327035, 0.21425]"
Actor,client,7,2876,4,MR,attack_member,evaluation,3,1,0.6654327511787415,0,0.8173993229866028,False,0,,1,"[0.027882, 0.343828, 0.065009, 0.399167, 0.164114]"
Actor,client,7,2962,4,MR,attack_member,evaluation,2,1,0.4555266201496124,0,0.7345184683799744,False,1,0.0,1,"[0.181398, 0.124631, 0.242521, 0.214167, 0.237283]"
Actor,client,7,2983,4,MR,attack_member,evaluation,3,1,0.8160532712936401,0,0.8173993229866028,False,0,,1,"[0.045928, 0.086954, 0.059298, 0.573513, 0.234308]"
Actor,client,7,2986,4,MR,attack_member,evaluation,2,1,0.2623860239982605,0,0.7345184683799744,False,4,0.5,0,"[0.069137, 0.204989, 0.172249, 0.322156, 0.231469]"
Actor,client,7,3045,4,MR,attack_member,evaluation,2,1,0.16237781941890717,0,0.7345184683799744,False,4,0.0,0,"[0.06433, 0.050525, 0.095931, 0.10304, 0.686174]"
Actor,client,7,3079,4,MR,attack_member,evaluation,4,1,0.37816423177719116,0,0.7520955204963684,False,1,0.0,0,"[0.098822, 0.131969, 0.251248, 0.2971, 0.220861]"
Actor,client,7,3102,4,MR,attack_member,evaluation,2,1,0.7716177701950073,1,0.7345184683799744,False,2,0.0,1,"[0.055224, 0.074594, 0.410676, 0.280567, 0.178938]"
Actor,client,7,3109,4,MR,attack_member,evaluation,2,1,0.5029326677322388,0,0.7345184683799744,False,1,0.0,1,"[0.168288, 0.200102, 0.271202, 0.155347, 0.205062]"
Actor,client,7,3337,4,MR,attack_member,evaluation,0,1,0.44003599882125854,0,0.5450589656829834,False,1,1.0,0,"[0.176105, 0.223042, 0.196934, 0.199981, 0.203938]"
Actor,client,7,3376,4,MR,attack_member,evaluation,4,1,0.7417206168174744,0,0.7520955204963684,False,2,0.5,1,"[0.110476, 0.164615, 0.054814, 0.082139, 0.587955]"
Actor,client,7,3390,4,MR,attack_member,evaluation,4,1,0.6238604187965393,0,0.7520955204963684,False,0,,1,"[0.023226, 0.087272, 0.049948, 0.29959, 0.539964]"
Actor,client,7,3412,4,MR,attack_member,evaluation,4,1,0.5158349275588989,0,0.7520955204963684,False,1,0.0,1,"[0.151455, 0.181732, 0.197464, 0.197214, 0.272134]"
Actor,client,7,3441,4,MR,attack_member,evaluation,2,1,0.30436185002326965,0,0.7345184683799744,False,1,0.0,0,"[0.141377, 0.201112, 0.185638, 0.235786, 0.236086]"
Actor,client,7,3444,4,MR,attack_member,evaluation,1,1,0.2421506643295288,0,0.6836628317832947,False,1,0.0,0,"[0.205536, 0.16056, 0.150016, 0.220265, 0.263623]"
Actor,client,7,3499,4,MR,attack_member,evaluation,3,1,0.39340946078300476,0,0.8173993229866028,False,1,0.0,0,"[0.170765, 0.17851, 0.228034, 0.216193, 0.206498]"
Actor,client,7,3521,4,MR,attack_member,evaluation,3,1,0.26005303859710693,0,0.8173993229866028,False,1,0.0,0,"[0.220671, 0.185177, 0.207685, 0.163052, 0.223415]"
Actor,client,7,3524,4,MR,attack_member,evaluation,4,1,0.4614856243133545,0,0.7520955204963684,False,1,0.0,1,"[0.109164, 0.204514, 0.1082, 0.265789, 0.312334]"
Actor,client,7,3596,4,MR,attack_member,evaluation,3,1,0.4133895933628082,0,0.8173993229866028,False,0,,0,"[0.101468, 0.092727, 0.37511, 0.210861, 0.219835]"
Actor,client,7,3627,4,MR,attack_member,evaluation,3,1,0.2844204902648926,0,0.8173993229866028,False,0,,0,"[0.076844, 0.011423, 0.227223, 0.182268, 0.502242]"
Actor,client,7,3648,4,MR,attack_member,evaluation,1,1,0.43169131875038147,0,0.6836628317832947,False,1,1.0,0,"[0.133074, 0.214662, 0.229488, 0.233383, 0.189393]"
Actor,client,7,3655,4,MR,attack_member,evaluation,3,1,0.32643136382102966,0,0.8173993229866028,False,2,0.0,0,"[0.147776, 0.158367, 0.139495, 0.206023, 0.348339]"
Actor,client,7,3781,4,MR,attack_member,evaluation,4,1,0.6418622732162476,0,0.7520955204963684,False,1,0.0,1,"[0.148958, 0.140415, 0.210699, 0.178846, 0.321083]"
Actor,client,7,3851,4,MR,attack_member,evaluation,1,1,0.07979164272546768,0,0.6836628317832947,False,1,0.0,0,"[0.087678, 0.107658, 0.032917, 0.050774, 0.720973]"
Actor,client,7,3860,4,MR,attack_member,evaluation,0,1,0.45252135396003723,0,0.5450589656829834,False,1,0.0,0,"[0.173276, 0.175961, 0.198928, 0.241449, 0.210386]"
Actor,client,7,3895,4,MR,attack_member,evaluation,1,1,0.45133882761001587,0,0.6836628317832947,False,2,0.0,1,"[0.190222, 0.236432, 0.167171, 0.216112, 0.190063]"
Actor,client,7,3931,4,MR,attack_member,evaluation,2,1,0.2412036657333374,0,0.7345184683799744,False,1,0.0,0,"[0.224157, 0.157145, 0.140306, 0.111843, 0.36655]"
Actor,client,7,3957,4,MR,attack_member,evaluation,0,1,0.5484746694564819,1,0.5450589656829834,False,0,,1,"[0.234955, 0.163532, 0.224961, 0.212945, 0.163607]"
Actor,client,7,4033,4,MR,attack_member,evaluation,4,1,0.6039797067642212,0,0.7520955204963684,False,1,0.0,1,"[0.054333, 0.121496, 0.149769, 0.286729, 0.387672]"
Actor,client,7,4101,4,MR,attack_member,evaluation,1,1,0.6021825075149536,0,0.6836628317832947,False,1,0.0,1,"[0.121774, 0.299658, 0.205092, 0.137091, 0.236384]"
Actor,client,7,4350,4,MR,attack_member,evaluation,2,1,0.24277618527412415,0,0.7345184683799744,False,0,,0,"[0.216624, 0.260222, 0.151299, 0.172686, 0.199169]"
Actor,client,7,4388,4,MR,attack_member,evaluation,2,1,0.25794488191604614,0,0.7345184683799744,False,1,0.0,0,"[0.124044, 0.210891, 0.164641, 0.247496, 0.252927]"
Actor,client,7,4400,4,MR,attack_member,evaluation,3,1,0.14836464822292328,0,0.8173993229866028,False,0,,0,"[0.189501, 0.220457, 0.208533, 0.120132, 0.261378]"
Actor,client,7,4460,4,MR,attack_member,evaluation,4,1,0.7442445158958435,0,0.7520955204963684,False,1,0.0,1,"[0.036667, 0.087306, 0.12419, 0.182973, 0.568863]"
Actor,client,7,4478,4,MR,attack_member,evaluation,3,1,0.7676491141319275,0,0.8173993229866028,False,2,0.0,1,"[0.034029, 0.090182, 0.18367, 0.464734, 0.227384]"
Actor,client,7,4517,4,MR,attack_member,evaluation,1,1,0.5900018811225891,0,0.6836628317832947,False,5,0.2,0,"[0.117414, 0.261823, 0.139044, 0.30889, 0.172828]"
Actor,client,7,4584,4,MR,attack_member,evaluation,4,1,0.3886192739009857,0,0.7520955204963684,False,1,0.0,0,"[0.190711, 0.155035, 0.253846, 0.197654, 0.202753]"
Actor,client,7,4645,4,MR,attack_member,evaluation,2,1,0.3336179554462433,0,0.7345184683799744,False,1,0.0,0,"[0.125887, 0.231028, 0.20371, 0.240415, 0.198961]"
Actor,client,7,4800,4,MR,attack_member,evaluation,4,1,0.7671561241149902,1,0.7520955204963684,False,0,,1,"[0.118673, 0.122149, 0.038612, 0.065339, 0.655227]"
Actor,client,7,4980,4,MR,attack_member,evaluation,2,1,0.20090678334236145,0,0.7345184683799744,False,2,0.0,0,"[0.042057, 0.071669, 0.127433, 0.229468, 0.529372]"
Actor,client,7,4984,4,MR,attack_member,evaluation,3,1,0.7038502097129822,0,0.8173993229866028,False,7,0.14285714285714285,1,"[0.102978, 0.218574, 0.139029, 0.395399, 0.14402]"
Actor,client,7,5013,4,MR,attack_member,evaluation,4,1,0.7727957367897034,1,0.7520955204963684,False,2,0.5,1,"[0.009664, 0.011036, 0.035483, 0.115581, 0.828237]"
Actor,client,7,5052,4,MR,attack_member,evaluation,2,1,0.39081695675849915,0,0.7345184683799744,False,3,0.0,0,"[0.118416, 0.170383, 0.225002, 0.267657, 0.218542]"
Actor,client,7,5059,4,MR,attack_member,evaluation,4,1,0.5224620699882507,0,0.7520955204963684,False,1,0.0,0,"[0.095831, 0.175621, 0.269134, 0.20097, 0.258444]"
Actor,client,7,5083,4,MR,attack_member,evaluation,0,1,0.6478581428527832,1,0.5450589656829834,False,0,,1,"[0.274283, 0.178896, 0.165085, 0.183972, 0.197763]"
Actor,client,7,5099,4,MR,attack_member,evaluation,1,1,0.38886329531669617,0,0.6836628317832947,False,0,,0,"[0.25825, 0.22454, 0.185835, 0.173761, 0.157613]"
Actor,client,7,5279,4,MR,attack_member,evaluation,0,1,0.25627267360687256,0,0.5450589656829834,False,0,,0,"[0.078277, 0.20715, 0.206677, 0.323851, 0.184045]"
Actor,client,7,5360,4,MR,attack_member,evaluation,2,1,0.7939342856407166,1,0.7345184683799744,False,0,,1,"[0.039398, 0.077866, 0.429378, 0.252665, 0.200693]"
Actor,client,7,5426,4,MR,attack_member,evaluation,2,1,0.7121626138687134,0,0.7345184683799744,False,0,,1,"[0.134343, 0.131127, 0.370422, 0.207547, 0.156562]"
Actor,client,7,5567,4,MR,attack_member,evaluation,2,1,0.4090780019760132,0,0.7345184683799744,False,1,0.0,0,"[0.06446, 0.278438, 0.247904, 0.238791, 0.170407]"
Actor,client,7,5602,4,MR,attack_member,evaluation,2,1,0.21729040145874023,0,0.7345184683799744,False,3,0.0,0,"[0.060927, 0.239716, 0.149872, 0.229624, 0.319861]"
Actor,client,7,5657,4,MR,attack_member,evaluation,1,1,0.20563073456287384,0,0.6836628317832947,False,0,,0,"[0.097976, 0.142831, 0.169899, 0.201114, 0.388181]"
Actor,client,7,5751,4,MR,attack_member,evaluation,4,1,0.5955299139022827,0,0.7520955204963684,False,3,0.3333333333333333,0,"[0.062597, 0.094215, 0.296715, 0.258021, 0.288452]"
Actor,client,7,5834,4,MR,attack_member,evaluation,3,1,0.4916270077228546,0,0.8173993229866028,False,4,0.5,1,"[0.108804, 0.182009, 0.200895, 0.266535, 0.241758]"
Actor,client,7,5865,4,MR,attack_member,evaluation,1,1,0.2536563575267792,0,0.6836628317832947,False,1,0.0,0,"[0.084603, 0.101158, 0.268217, 0.398436, 0.147586]"
Actor,client,7,5866,4,MR,attack_member,evaluation,4,1,0.35964182019233704,0,0.7520955204963684,False,2,0.0,0,"[0.114096, 0.173027, 0.19201, 0.288971, 0.231895]"
Actor,client,7,5996,4,MR,attack_member,evaluation,2,1,0.23366229236125946,0,0.7345184683799744,False,1,0.0,0,"[0.148161, 0.265778, 0.153619, 0.236311, 0.196131]"
Actor,client,7,6060,4,MR,attack_member,evaluation,1,1,0.3460359573364258,0,0.6836628317832947,False,0,,0,"[0.086833, 0.190181, 0.187857, 0.234468, 0.300662]"
Actor,client,7,6151,4,MR,attack_member,evaluation,3,1,0.18794140219688416,0,0.8173993229866028,False,1,1.0,0,"[0.068092, 0.140255, 0.244928, 0.149821, 0.396903]"
Actor,client,7,6209,4,MR,attack_member,evaluation,3,1,0.4618392288684845,0,0.8173993229866028,False,1,0.0,1,"[0.222674, 0.21277, 0.093863, 0.251361, 0.219332]"
Actor,client,7,6243,4,MR,attack_member,evaluation,0,1,0.27073851227760315,0,0.5450589656829834,False,2,0.0,0,"[0.103118, 0.330804, 0.219718, 0.138417, 0.207942]"
Actor,client,7,6291,4,MR,attack_member,evaluation,3,1,0.577906608581543,0,0.8173993229866028,False,2,0.0,1,"[0.114626, 0.218515, 0.154062, 0.311396, 0.201401]"
Actor,client,7,6329,4,MR,attack_member,evaluation,1,1,0.3613945543766022,0,0.6836628317832947,False,1,0.0,0,"[0.122065, 0.174817, 0.279174, 0.265069, 0.158876]"
Actor,client,7,32,5,MR,attack_member,evaluation,4,1,0.5771639943122864,0,0.7520955204963684,False,5,0.0,1,"[0.10809, 0.194853, 0.185184, 0.19524, 0.316633]"
Actor,client,7,49,5,MR,attack_member,evaluation,2,1,0.13820360600948334,0,0.7345184683799744,False,5,0.2,0,"[0.024586, 0.095575, 0.083803, 0.088458, 0.707577]"
Actor,client,7,103,5,MR,attack_member,evaluation,1,1,0.31059232354164124,0,0.6836628317832947,False,3,0.0,0,"[0.165797, 0.181868, 0.220492, 0.201479, 0.230363]"
Actor,client,7,127,5,MR,attack_member,evaluation,0,1,0.46024712920188904,0,0.5450589656829834,False,2,0.0,0,"[0.168071, 0.196118, 0.162992, 0.231611, 0.241208]"
Actor,client,7,137,5,MR,attack_member,evaluation,1,1,0.23433203995227814,0,0.6836628317832947,False,3,0.0,0,"[0.085724, 0.158641, 0.134962, 0.21328, 0.407393]"
Actor,client,7,166,5,MR,attack_member,evaluation,4,1,0.7338242530822754,0,0.7520955204963684,False,2,0.5,1,"[0.125965, 0.093076, 0.252246, 0.167165, 0.361548]"
Actor,client,7,172,5,MR,attack_member,evaluation,4,1,0.36575543880462646,0,0.7520955204963684,False,1,0.0,0,"[0.123118, 0.172115, 0.171775, 0.292445, 0.240547]"
Actor,client,7,193,5,MR,attack_member,evaluation,4,1,0.4684012532234192,0,0.7520955204963684,False,3,0.3333333333333333,1,"[0.095503, 0.201455, 0.171408, 0.24862, 0.283014]"
Actor,client,7,236,5,MR,attack_member,evaluation,0,1,0.5344341993331909,0,0.5450589656829834,False,2,0.0,0,"[0.104338, 0.054002, 0.063271, 0.265216, 0.513174]"
Actor,client,7,248,5,MR,attack_member,evaluation,0,1,0.47239768505096436,0,0.5450589656829834,False,1,0.0,0,"[0.209398, 0.286347, 0.175481, 0.164394, 0.16438]"
Actor,client,7,284,5,MR,attack_member,evaluation,4,1,0.786811113357544,1,0.7520955204963684,False,0,,1,"[0.008938, 0.013283, 0.015069, 0.045148, 0.917562]"
Actor,client,7,328,5,MR,attack_member,evaluation,4,1,0.5036162734031677,0,0.7520955204963684,False,4,0.75,0,"[0.104565, 0.137177, 0.295941, 0.220354, 0.241964]"
Actor,client,7,357,5,MR,attack_member,evaluation,3,1,0.4158805012702942,0,0.8173993229866028,False,2,0.0,0,"[0.228924, 0.172312, 0.212208, 0.216256, 0.1703]"
Actor,client,7,434,5,MR,attack_member,evaluation,2,1,0.2065749317407608,0,0.7345184683799744,False,5,0.0,0,"[0.059942, 0.070447, 0.128739, 0.184006, 0.556866]"
Actor,client,7,455,5,MR,attack_member,evaluation,4,1,0.6813822984695435,0,0.7520955204963684,False,3,0.6666666666666666,1,"[0.105185, 0.141237, 0.096686, 0.191913, 0.464979]"
Actor,client,7,557,5,MR,attack_member,evaluation,0,1,0.4402119517326355,0,0.5450589656829834,False,1,0.0,0,"[0.166188, 0.234373, 0.163585, 0.201877, 0.233977]"
Actor,client,7,616,5,MR,attack_member,evaluation,4,1,0.5141049027442932,0,0.7520955204963684,False,8,0.125,1,"[0.129865, 0.200665, 0.185231, 0.201744, 0.282495]"
Actor,client,7,678,5,MR,attack_member,evaluation,0,1,0.2949987053871155,0,0.5450589656829834,False,6,0.0,0,"[0.094006, 0.219487, 0.256649, 0.17364, 0.256218]"
Actor,client,7,683,5,MR,attack_member,evaluation,2,1,0.34532368183135986,0,0.7345184683799744,False,2,0.0,0,"[0.158231, 0.225587, 0.205542, 0.227951, 0.182688]"
Actor,client,7,727,5,MR,attack_member,evaluation,2,1,0.29540708661079407,0,0.7345184683799744,False,0,,0,"[0.100657, 0.220164, 0.186727, 0.237664, 0.254787]"
Actor,client,7,779,5,MR,attack_member,evaluation,4,1,0.42819398641586304,0,0.7520955204963684,False,3,0.0,0,"[0.12868, 0.156885, 0.222838, 0.252411, 0.239186]"
Actor,client,7,781,5,MR,attack_member,evaluation,3,1,0.17165423929691315,0,0.8173993229866028,False,0,,0,"[0.042076, 0.15687, 0.326414, 0.136833, 0.337807]"
Actor,client,7,815,5,MR,attack_member,evaluation,1,1,0.3183356821537018,0,0.6836628317832947,False,1,0.0,0,"[0.194948, 0.189532, 0.161093, 0.221526, 0.232901]"
Actor,client,7,850,5,MR,attack_member,evaluation,4,1,0.648852527141571,0,0.7520955204963684,False,0,,1,"[0.225117, 0.130579, 0.190753, 0.143642, 0.309909]"
Actor,client,7,874,5,MR,attack_member,evaluation,4,1,0.32658645510673523,0,0.7520955204963684,False,1,1.0,0,"[0.115799, 0.153473, 0.265605, 0.270308, 0.194814]"
Actor,client,7,902,5,MR,attack_member,evaluation,3,1,0.2289484739303589,0,0.8173993229866028,False,5,0.4,0,"[0.065435, 0.166718, 0.205451, 0.174564, 0.387832]"
Actor,client,7,915,5,MR,attack_member,evaluation,4,1,0.36259445548057556,0,0.7520955204963684,False,2,0.0,0,"[0.128808, 0.129289, 0.170233, 0.329542, 0.242129]"
Actor,client,7,1066,5,MR,attack_member,evaluation,4,1,0.6169459819793701,0,0.7520955204963684,False,6,0.5,1,"[0.036689, 0.117434, 0.140285, 0.289974, 0.415617]"
Actor,client,7,1085,5,MR,attack_member,evaluation,2,1,0.32988303899765015,0,0.7345184683799744,False,2,0.0,0,"[0.163871, 0.229588, 0.197865, 0.188661, 0.220016]"
Actor,client,7,1090,5,MR,attack_member,evaluation,2,1,0.24216525256633759,0,0.7345184683799744,False,2,0.0,0,"[0.101664, 0.142827, 0.152904, 0.309888, 0.292717]"
Actor,client,7,1117,5,MR,attack_member,evaluation,4,1,0.529584527015686,0,0.7520955204963684,False,0,,0,"[0.065926, 0.369511, 0.131004, 0.10244, 0.331119]"
Actor,client,7,1150,5,MR,attack_member,evaluation,3,1,0.6396421790122986,0,0.8173993229866028,False,0,,1,"[0.130178, 0.129169, 0.219241, 0.327185, 0.194227]"
Actor,client,7,1168,5,MR,attack_member,evaluation,2,1,0.4187334477901459,0,0.7345184683799744,False,4,0.25,1,"[0.204665, 0.188528, 0.230099, 0.165133, 0.211575]"
Actor,client,7,1197,5,MR,attack_member,evaluation,2,1,0.3542519509792328,0,0.7345184683799744,False,2,0.0,0,"[0.045876, 0.089996, 0.207707, 0.203762, 0.45266]"
Actor,client,7,1266,5,MR,attack_member,evaluation,4,1,0.2504265010356903,0,0.7520955204963684,False,1,0.0,0,"[0.111329, 0.179879, 0.179358, 0.330241, 0.199192]"
Actor,client,7,1322,5,MR,attack_member,evaluation,4,1,0.7306975722312927,0,0.7520955204963684,False,5,0.0,1,"[0.06276, 0.115373, 0.111661, 0.171042, 0.539164]"
Actor,client,7,1372,5,MR,attack_member,evaluation,4,1,0.5762295722961426,0,0.7520955204963684,False,8,0.25,1,"[0.048509, 0.11354, 0.150581, 0.313165, 0.374204]"
Actor,client,7,1418,5,MR,attack_member,evaluation,3,1,0.4222913980484009,0,0.8173993229866028,False,1,1.0,1,"[0.145881, 0.204215, 0.184369, 0.237722, 0.227813]"
Actor,client,7,1419,5,MR,attack_member,evaluation,4,1,0.6797489523887634,0,0.7520955204963684,False,0,,1,"[0.128513, 0.057393, 0.059543, 0.254352, 0.500198]"
Actor,client,7,1430,5,MR,attack_member,evaluation,2,1,0.3533583879470825,0,0.7345184683799744,False,2,0.0,0,"[0.110007, 0.19651, 0.21151, 0.28044, 0.201532]"
Actor,client,7,1515,5,MR,attack_member,evaluation,4,1,0.43500256538391113,0,0.7520955204963684,False,4,0.75,0,"[0.087645, 0.13514, 0.230411, 0.296737, 0.250068]"
Actor,client,7,1526,5,MR,attack_member,evaluation,1,1,0.3710714876651764,0,0.6836628317832947,False,4,0.0,0,"[0.14632, 0.190314, 0.193711, 0.271201, 0.198454]"
Actor,client,7,1587,5,MR,attack_member,evaluation,2,1,0.7186713814735413,0,0.7345184683799744,False,1,1.0,1,"[0.07982, 0.18736, 0.385942, 0.210168, 0.136709]"
Actor,client,7,1611,5,MR,attack_member,evaluation,3,1,0.3572922646999359,0,0.8173993229866028,False,1,0.0,0,"[0.141112, 0.171401, 0.317096, 0.196603, 0.173788]"
Actor,client,7,1658,5,MR,attack_member,evaluation,3,1,0.5463961362838745,0,0.8173993229866028,False,2,0.5,0,"[0.068889, 0.129316, 0.307866, 0.279434, 0.214495]"
Actor,client,7,1689,5,MR,attack_member,evaluation,4,1,0.521446704864502,0,0.7520955204963684,False,0,,0,"[0.042718, 0.476895, 0.093529, 0.031291, 0.355567]"
Actor,client,7,1697,5,MR,attack_member,evaluation,3,1,0.5736243724822998,0,0.8173993229866028,False,1,0.0,1,"[0.118814, 0.161139, 0.174642, 0.301931, 0.243474]"
Actor,client,7,1698,5,MR,attack_member,evaluation,3,1,0.670983076095581,0,0.8173993229866028,False,0,,1,"[0.057642, 0.091963, 0.262909, 0.3529, 0.234587]"
Actor,client,7,1804,5,MR,attack_member,evaluation,1,1,0.7273761630058289,1,0.6836628317832947,False,0,,1,"[0.043875, 0.326904, 0.159723, 0.236621, 0.232877]"
Actor,client,7,1878,5,MR,attack_member,evaluation,2,1,0.09442880004644394,0,0.7345184683799744,False,0,,0,"[0.073948, 0.074385, 0.032715, 0.061779, 0.757172]"
Actor,client,7,1898,5,MR,attack_member,evaluation,1,1,0.31551072001457214,0,0.6836628317832947,False,1,0.0,0,"[0.1337, 0.172151, 0.234863, 0.236671, 0.222615]"
Actor,client,7,1963,5,MR,attack_member,evaluation,0,1,0.3969660699367523,0,0.5450589656829834,False,1,0.0,0,"[0.14935, 0.170106, 0.224217, 0.25284, 0.203488]"
Actor,client,7,1971,5,MR,attack_member,evaluation,3,1,0.3505362272262573,0,0.8173993229866028,False,11,0.09090909090909091,0,"[0.036904, 0.077259, 0.115436, 0.23046, 0.539941]"
Actor,client,7,2021,5,MR,attack_member,evaluation,4,1,0.4439477026462555,0,0.7520955204963684,False,1,0.0,0,"[0.124841, 0.131363, 0.169693, 0.302489, 0.271614]"
Actor,client,7,2052,5,MR,attack_member,evaluation,4,1,0.6343762874603271,0,0.7520955204963684,False,1,0.0,1,"[0.063274, 0.175739, 0.136327, 0.215058, 0.409602]"
Actor,client,7,2093,5,MR,attack_member,evaluation,0,1,0.47033238410949707,0,0.5450589656829834,False,3,0.0,0,"[0.147844, 0.223008, 0.118769, 0.168361, 0.342019]"
Actor,client,7,2100,5,MR,attack_member,evaluation,3,1,0.18651917576789856,0,0.8173993229866028,False,3,0.6666666666666666,0,"[0.093337, 0.135626, 0.126417, 0.159834, 0.484786]"
Actor,client,7,2102,5,MR,attack_member,evaluation,0,1,0.5524045825004578,1,0.5450589656829834,False,1,0.0,1,"[0.227649, 0.19789, 0.176961, 0.200869, 0.19663]"
Actor,client,7,2117,5,MR,attack_member,evaluation,3,1,0.5283737182617188,0,0.8173993229866028,False,1,0.0,0,"[0.090321, 0.11491, 0.293885, 0.268642, 0.232243]"
Actor,client,7,2212,5,MR,attack_member,evaluation,1,1,0.2456052154302597,0,0.6836628317832947,False,13,0.23076923076923078,0,"[0.092448, 0.153304, 0.123984, 0.262868, 0.367396]"
Actor,client,7,2252,5,MR,attack_member,evaluation,1,1,0.2467421442270279,0,0.6836628317832947,False,1,0.0,0,"[0.138404, 0.134317, 0.176231, 0.313404, 0.237644]"
Actor,client,7,2292,5,MR,attack_member,evaluation,2,1,0.2774233818054199,0,0.7345184683799744,False,0,,0,"[0.122968, 0.151198, 0.170152, 0.297023, 0.258659]"
Actor,client,7,2300,5,MR,attack_member,evaluation,2,1,0.29484307765960693,0,0.7345184683799744,False,2,0.0,0,"[0.236437, 0.114024, 0.164595, 0.250707, 0.234237]"
Actor,client,7,2331,5,MR,attack_member,evaluation,2,1,0.34267663955688477,0,0.7345184683799744,False,3,0.0,0,"[0.138575, 0.209324, 0.204545, 0.211068, 0.236488]"
Actor,client,7,2349,5,MR,attack_member,evaluation,0,1,0.26126763224601746,0,0.5450589656829834,False,2,0.0,0,"[0.08871, 0.180712, 0.276576, 0.278913, 0.17509]"
Actor,client,7,2366,5,MR,attack_member,evaluation,2,1,0.28588607907295227,0,0.7345184683799744,False,16,0.5,0,"[0.086418, 0.176376, 0.179988, 0.294822, 0.262396]"
Actor,client,7,2433,5,MR,attack_member,evaluation,1,1,0.4085007905960083,0,0.6836628317832947,False,2,0.5,0,"[0.168476, 0.215162, 0.246045, 0.193134, 0.177184]"
Actor,client,7,2443,5,MR,attack_member,evaluation,0,1,0.4676487445831299,0,0.5450589656829834,False,3,0.0,0,"[0.112485, 0.111229, 0.120351, 0.245512, 0.410424]"
Actor,client,7,2452,5,MR,attack_member,evaluation,3,1,0.42328330874443054,0,0.8173993229866028,False,3,0.6666666666666666,1,"[0.149901, 0.207905, 0.175067, 0.238816, 0.228311]"
Actor,client,7,2465,5,MR,attack_member,evaluation,4,1,0.353250116109848,0,0.7520955204963684,False,2,0.0,0,"[0.137137, 0.154909, 0.195031, 0.288378, 0.224545]"
Actor,client,7,2583,5,MR,attack_member,evaluation,4,1,0.52066969871521,0,0.7520955204963684,False,0,,1,"[0.044591, 0.166877, 0.170451, 0.29074, 0.327341]"
Actor,client,7,2629,5,MR,attack_member,evaluation,4,1,0.4181431829929352,0,0.7520955204963684,False,6,0.16666666666666666,1,"[0.123045, 0.193008, 0.212861, 0.232273, 0.238814]"
Actor,client,7,2688,5,MR,attack_member,evaluation,2,1,0.6264259815216064,0,0.7345184683799744,False,4,0.5,1,"[0.112725, 0.199918, 0.333773, 0.214884, 0.138699]"
Actor,client,7,2693,5,MR,attack_member,evaluation,1,1,0.8517096042633057,1,0.6836628317832947,False,0,,1,"[0.079784, 0.416877, 0.217316, 0.117777, 0.168247]"
Actor,client,7,2706,5,MR,attack_member,evaluation,0,1,0.3046813905239105,0,0.5450589656829834,False,12,0.0,0,"[0.105915, 0.256851, 0.201045, 0.214351, 0.221839]"
Actor,client,7,2719,5,MR,attack_member,evaluation,2,1,0.38465264439582825,0,0.7345184683799744,False,2,0.0,0,"[0.139397, 0.193157, 0.22205, 0.220948, 0.224449]"
Actor,client,7,2750,5,MR,attack_member,evaluation,4,1,0.353132963180542,0,0.7520955204963684,False,3,0.3333333333333333,0,"[0.091187, 0.238747, 0.151736, 0.270108, 0.248221]"
Actor,client,7,2857,5,MR,attack_member,evaluation,3,1,0.30187898874282837,0,0.8173993229866028,False,18,0.3888888888888889,0,"[0.031133, 0.100177, 0.076306, 0.220211, 0.572174]"
Actor,client,7,2938,5,MR,attack_member,evaluation,4,1,0.569944441318512,0,0.7520955204963684,False,7,0.2857142857142857,1,"[0.146826, 0.177224, 0.192534, 0.186316, 0.2971]"
Actor,client,7,2957,5,MR,attack_member,evaluation,3,1,0.41763919591903687,0,0.8173993229866028,False,3,0.3333333333333333,0,"[0.066275, 0.162821, 0.09988, 0.256984, 0.41404]"
Actor,client,7,2996,5,MR,attack_member,evaluation,4,1,0.6008800864219666,0,0.7520955204963684,False,7,0.2857142857142857,1,"[0.062895, 0.146935, 0.260623, 0.224629, 0.304918]"
Actor,client,7,3061,5,MR,attack_member,evaluation,2,1,0.8474327325820923,1,0.7345184683799744,False,0,,1,"[0.105689, 0.177599, 0.484678, 0.127313, 0.104722]"
Actor,client,7,3130,5,MR,attack_member,evaluation,2,1,0.3372495472431183,0,0.7345184683799744,False,3,0.0,0,"[0.148387, 0.178205, 0.198386, 0.217852, 0.25717]"
Actor,client,7,3135,5,MR,attack_member,evaluation,4,1,0.20978094637393951,0,0.7520955204963684,False,2,0.0,0,"[0.096267, 0.212245, 0.211373, 0.307354, 0.172761]"
Actor,client,7,3136,5,MR,attack_member,evaluation,4,1,0.3933328092098236,0,0.7520955204963684,False,3,0.3333333333333333,0,"[0.142349, 0.184137, 0.188462, 0.24817, 0.236882]"
Actor,client,7,3140,5,MR,attack_member,evaluation,1,1,0.21579931676387787,0,0.6836628317832947,False,2,0.0,0,"[0.098388, 0.152238, 0.187401, 0.17248, 0.389492]"
Actor,client,7,3157,5,MR,attack_member,evaluation,3,1,0.5205258727073669,0,0.8173993229866028,False,3,0.0,1,"[0.082053, 0.224544, 0.188826, 0.287287, 0.21729]"
Actor,client,7,3164,5,MR,attack_member,evaluation,2,1,0.6800200939178467,0,0.7345184683799744,False,2,0.0,1,"[0.089319, 0.12502, 0.355717, 0.203034, 0.226911]"
Actor,client,7,3184,5,MR,attack_member,evaluation,4,1,0.449211448431015,0,0.7520955204963684,False,2,0.5,1,"[0.190789, 0.165379, 0.214882, 0.195015, 0.233936]"
Actor,client,7,3188,5,MR,attack_member,evaluation,4,1,0.7154254913330078,0,0.7520955204963684,False,1,0.0,1,"[0.0901, 0.148304, 0.13482, 0.1612, 0.465576]"
Actor,client,7,3222,5,MR,attack_member,evaluation,4,1,0.44872337579727173,0,0.7520955204963684,False,3,0.0,0,"[0.165576, 0.193189, 0.241299, 0.172394, 0.227543]"
Actor,client,7,3293,5,MR,attack_member,evaluation,0,1,0.5030567646026611,0,0.5450589656829834,False,0,,0,"[0.208471, 0.160982, 0.232456, 0.218097, 0.179994]"
Actor,client,7,3294,5,MR,attack_member,evaluation,1,1,0.5109788179397583,0,0.6836628317832947,False,1,0.0,1,"[0.161721, 0.250794, 0.243582, 0.188227, 0.155676]"
Actor,client,7,3454,5,MR,attack_member,evaluation,4,1,0.3459866940975189,0,0.7520955204963684,False,2,0.5,0,"[0.149328, 0.225644, 0.159415, 0.236984, 0.228629]"
Actor,client,7,3588,5,MR,attack_member,evaluation,0,1,0.5189645290374756,0,0.5450589656829834,False,2,0.0,0,"[0.187889, 0.156449, 0.178605, 0.21298, 0.264077]"
Actor,client,7,3592,5,MR,attack_member,evaluation,4,1,0.6151814460754395,0,0.7520955204963684,False,6,0.8333333333333334,1,"[0.107225, 0.140586, 0.215087, 0.215924, 0.321178]"
Actor,client,7,3608,5,MR,attack_member,evaluation,4,1,0.3935807943344116,0,0.7520955204963684,False,3,0.3333333333333333,0,"[0.133609, 0.205027, 0.165748, 0.248125, 0.24749]"
Actor,client,7,3617,5,MR,attack_member,evaluation,2,1,0.20210668444633484,0,0.7345184683799744,False,4,0.25,0,"[0.047734, 0.081584, 0.129859, 0.372655, 0.368169]"
Actor,client,7,3767,5,MR,attack_member,evaluation,2,1,0.694850504398346,0,0.7345184683799744,False,4,0.25,1,"[0.056473, 0.13493, 0.367815, 0.106774, 0.334009]"
Actor,client,7,3825,5,MR,attack_member,evaluation,4,1,0.8064711689949036,1,0.7520955204963684,False,0,,1,"[0.01024, 0.019605, 0.044812, 0.010625, 0.914718]"
Actor,client,7,3893,5,MR,attack_member,evaluation,4,1,0.4214169383049011,0,0.7520955204963684,False,6,0.16666666666666666,0,"[0.098814, 0.24799, 0.219541, 0.194454, 0.239201]"
Actor,client,7,3896,5,MR,attack_member,evaluation,4,1,0.7843242883682251,1,0.7520955204963684,False,5,0.6,1,"[0.018427, 0.018765, 0.019526, 0.059941, 0.883341]"
Actor,client,7,3920,5,MR,attack_member,evaluation,2,1,0.3093319237232208,0,0.7345184683799744,False,2,0.5,0,"[0.165311, 0.23169, 0.188234, 0.20209, 0.212676]"
Actor,client,7,3940,5,MR,attack_member,evaluation,2,1,0.44737398624420166,0,0.7345184683799744,False,1,0.0,0,"[0.121127, 0.168689, 0.249133, 0.258609, 0.202442]"
Actor,client,7,3949,5,MR,attack_member,evaluation,2,1,0.6293520331382751,0,0.7345184683799744,False,0,,1,"[0.166465, 0.166066, 0.326513, 0.206821, 0.134135]"
Actor,client,7,3966,5,MR,attack_member,evaluation,3,1,0.4777474105358124,0,0.8173993229866028,False,6,0.16666666666666666,1,"[0.130651, 0.1795, 0.201937, 0.257139, 0.230772]"
Actor,client,7,3969,5,MR,attack_member,evaluation,3,1,0.5146200656890869,0,0.8173993229866028,False,2,0.5,1,"[0.13166, 0.172801, 0.1681, 0.27537, 0.252069]"
Actor,client,7,4166,5,MR,attack_member,evaluation,2,1,0.33026835322380066,0,0.7345184683799744,False,6,0.0,0,"[0.094492, 0.119484, 0.194862, 0.208241, 0.382922]"
Actor,client,7,4175,5,MR,attack_member,evaluation,1,1,0.7144930958747864,1,0.6836628317832947,False,0,,1,"[0.096563, 0.325435, 0.185626, 0.211027, 0.181349]"
Actor,client,7,4184,5,MR,attack_member,evaluation,4,1,0.6157811880111694,0,0.7520955204963684,False,1,0.0,1,"[0.160751, 0.172117, 0.185095, 0.165221, 0.316816]"
Actor,client,7,4195,5,MR,attack_member,evaluation,4,1,0.49973684549331665,0,0.7520955204963684,False,4,0.25,1,"[0.108846, 0.268973, 0.195894, 0.15328, 0.273007]"
Actor,client,7,4252,7,MR,attack_member,evaluation,0,1,0.4725809395313263,0,0.5450589656829834,False,4,0.25,0,"[0.180686, 0.180032, 0.21288, 0.192167, 0.234235]"
Actor,client,7,4457,7,MR,attack_member,evaluation,3,1,0.5475367307662964,0,0.8173993229866028,False,0,,0,"[0.139672, 0.099592, 0.083166, 0.293345, 0.384226]"
Actor,client,7,4491,7,MR,attack_member,evaluation,2,1,0.26085004210472107,0,0.7345184683799744,False,1,0.0,0,"[0.222664, 0.121085, 0.148805, 0.198826, 0.30862]"
Actor,client,7,4511,7,MR,attack_member,evaluation,4,1,0.6477866768836975,0,0.7520955204963684,False,1,1.0,1,"[0.131585, 0.092915, 0.133634, 0.25123, 0.390636]"
Actor,client,7,4513,7,MR,attack_member,evaluation,0,1,0.5369840264320374,0,0.5450589656829834,False,1,0.0,1,"[0.215206, 0.180845, 0.19395, 0.195439, 0.214561]"
Actor,client,7,4526,7,MR,attack_member,evaluation,4,1,0.6057835221290588,0,0.7520955204963684,False,1,0.0,1,"[0.130306, 0.139344, 0.181118, 0.220671, 0.328561]"
Actor,client,7,4527,7,MR,attack_member,evaluation,4,1,0.5120952725410461,0,0.7520955204963684,False,0,,0,"[0.035847, 0.124978, 0.321864, 0.26465, 0.252661]"
Actor,client,7,4528,7,MR,attack_member,evaluation,1,1,0.3061746656894684,0,0.6836628317832947,False,2,0.0,0,"[0.211589, 0.190054, 0.207791, 0.173296, 0.217269]"
Actor,client,7,4530,7,MR,attack_member,evaluation,3,1,0.8059939742088318,0,0.8173993229866028,False,0,,1,"[0.01645, 0.140133, 0.061239, 0.561214, 0.220965]"
Actor,client,7,4637,7,MR,attack_member,evaluation,1,1,0.309761106967926,0,0.6836628317832947,False,4,0.5,0,"[0.149092, 0.17325, 0.255674, 0.211818, 0.210166]"
Actor,client,7,4672,7,MR,attack_member,evaluation,2,1,0.5176478028297424,0,0.7345184683799744,False,4,0.25,0,"[0.068249, 0.090589, 0.276724, 0.221581, 0.342857]"
Actor,client,7,4720,7,MR,attack_member,evaluation,1,1,0.25926461815834045,0,0.6836628317832947,False,1,0.0,0,"[0.189215, 0.165498, 0.199877, 0.198527, 0.246883]"
Actor,client,7,4748,7,MR,attack_member,evaluation,3,1,0.6257571578025818,0,0.8173993229866028,False,1,0.0,1,"[0.122442, 0.129823, 0.222868, 0.320088, 0.20478]"
Actor,client,7,4782,7,MR,attack_member,evaluation,1,1,0.1799630969762802,0,0.6836628317832947,False,5,0.2,0,"[0.158707, 0.105361, 0.277451, 0.236212, 0.222269]"
Actor,client,7,4787,7,MR,attack_member,evaluation,3,1,0.496869295835495,0,0.8173993229866028,False,2,1.0,1,"[0.135263, 0.162114, 0.204781, 0.262333, 0.235509]"
Actor,client,7,4793,7,MR,attack_member,evaluation,3,1,0.506060779094696,0,0.8173993229866028,False,2,0.5,0,"[0.133399, 0.130648, 0.14648, 0.271415, 0.318058]"
Actor,client,7,4831,7,MR,attack_member,evaluation,4,1,0.7440608739852905,0,0.7520955204963684,False,0,,1,"[0.000899, 0.034939, 0.0332, 0.15737, 0.773592]"
Actor,client,7,4839,7,MR,attack_member,evaluation,4,1,0.8207017183303833,1,0.7520955204963684,False,1,1.0,1,"[0.143064, 0.120344, 0.252157, 0.048907, 0.435528]"
Actor,client,7,4846,7,MR,attack_member,evaluation,1,1,0.5178784132003784,0,0.6836628317832947,False,0,,0,"[0.120022, 0.240226, 0.288343, 0.207849, 0.143561]"
Actor,client,7,4858,7,MR,attack_member,evaluation,2,1,0.40396416187286377,0,0.7345184683799744,False,1,0.0,0,"[0.18778, 0.14621, 0.221899, 0.246727, 0.197384]"
Actor,client,7,4936,7,MR,attack_member,evaluation,2,1,0.5197230577468872,0,0.7345184683799744,False,0,,0,"[0.105409, 0.300389, 0.294389, 0.124787, 0.175026]"
Actor,client,7,4991,7,MR,attack_member,evaluation,4,1,0.7882881760597229,1,0.7520955204963684,False,0,,1,"[0.00085, 0.012898, 0.000274, 0.013664, 0.972315]"
Actor,client,7,4994,7,MR,attack_member,evaluation,4,1,0.3910829722881317,0,0.7520955204963684,False,3,0.3333333333333333,0,"[0.115161, 0.124706, 0.246467, 0.290079, 0.223586]"
Actor,client,7,5022,7,MR,attack_member,evaluation,0,1,0.5120986104011536,0,0.5450589656829834,False,1,0.0,0,"[0.209154, 0.223075, 0.167171, 0.201219, 0.199381]"
Actor,client,7,5111,7,MR,attack_member,evaluation,4,1,0.2628783881664276,0,0.7520955204963684,False,4,0.0,0,"[0.107443, 0.211986, 0.274042, 0.23708, 0.169448]"
Actor,client,7,5135,7,MR,attack_member,evaluation,3,1,0.34348469972610474,0,0.8173993229866028,False,0,,0,"[0.245554, 0.198467, 0.195069, 0.191808, 0.169102]"
Actor,client,7,5267,7,MR,attack_member,evaluation,4,1,0.6456214785575867,0,0.7520955204963684,False,3,0.0,1,"[0.092069, 0.186884, 0.181669, 0.176933, 0.362444]"
Actor,client,7,5276,7,MR,attack_member,evaluation,2,1,0.6152875423431396,0,0.7345184683799744,False,1,0.0,1,"[0.114797, 0.121518, 0.319893, 0.222761, 0.221031]"
Actor,client,7,5405,7,MR,attack_member,evaluation,2,1,0.45193570852279663,0,0.7345184683799744,False,0,,0,"[0.063743, 0.143432, 0.25434, 0.294064, 0.24442]"
Actor,client,7,5439,7,MR,attack_member,evaluation,1,1,0.35194694995880127,0,0.6836628317832947,False,1,0.0,0,"[0.195018, 0.196114, 0.208109, 0.215975, 0.184783]"
Actor,client,7,5444,7,MR,attack_member,evaluation,4,1,0.7728860378265381,1,0.7520955204963684,False,0,,1,"[0.07057, 0.03899, 0.057051, 0.13431, 0.699078]"
Actor,client,7,5467,7,MR,attack_member,evaluation,1,1,0.40832096338272095,0,0.6836628317832947,False,1,0.0,0,"[0.089108, 0.209552, 0.226479, 0.220328, 0.254533]"
Actor,client,7,5597,7,MR,attack_member,evaluation,1,1,0.41644036769866943,0,0.6836628317832947,False,0,,0,"[0.179198, 0.205908, 0.235245, 0.24846, 0.131189]"
Actor,client,7,5642,7,MR,attack_member,evaluation,3,1,0.343119740486145,0,0.8173993229866028,False,2,0.0,0,"[0.142445, 0.181433, 0.156015, 0.212168, 0.30794]"
Actor,client,7,5671,7,MR,attack_member,evaluation,0,1,0.5314118266105652,0,0.5450589656829834,False,0,,0,"[0.23246, 0.180434, 0.245478, 0.178072, 0.163555]"
Actor,client,7,5704,7,MR,attack_member,evaluation,4,1,0.6649853587150574,0,0.7520955204963684,False,2,1.0,1,"[0.087871, 0.165909, 0.142653, 0.191141, 0.412426]"
Actor,client,7,5738,7,MR,attack_member,evaluation,1,1,0.43796053528785706,0,0.6836628317832947,False,5,0.0,0,"[0.081702, 0.20982, 0.17341, 0.29097, 0.244097]"
Actor,client,7,5797,7,MR,attack_member,evaluation,4,1,0.4529198110103607,0,0.7520955204963684,False,4,0.0,1,"[0.153649, 0.175387, 0.1925, 0.225889, 0.252575]"
Actor,client,7,5870,7,MR,attack_member,evaluation,2,1,0.4925718903541565,0,0.7345184683799744,False,4,0.25,0,"[0.091365, 0.198526, 0.274572, 0.286405, 0.149132]"
Actor,client,7,5875,7,MR,attack_member,evaluation,4,1,0.5031269788742065,0,0.7520955204963684,False,6,0.0,1,"[0.126058, 0.138822, 0.250611, 0.230415, 0.254095]"
Actor,client,7,5896,7,MR,attack_member,evaluation,0,1,0.5961143970489502,1,0.5450589656829834,False,2,0.0,1,"[0.245087, 0.195795, 0.16254, 0.186853, 0.209725]"
Actor,client,7,5915,7,MR,attack_member,evaluation,2,1,0.4199404716491699,0,0.7345184683799744,False,0,,0,"[0.179198, 0.205908, 0.235245, 0.24846, 0.131189]"
Actor,client,7,5920,7,MR,attack_member,evaluation,4,1,0.7861102819442749,1,0.7520955204963684,False,0,,1,"[0.00364, 0.004634, 0.009265, 0.044603, 0.937858]"
Actor,client,7,5926,7,MR,attack_member,evaluation,3,1,0.4916456937789917,0,0.8173993229866028,False,0,,1,"[0.087187, 0.236503, 0.141731, 0.281199, 0.25338]"
Actor,client,7,6003,7,MR,attack_member,evaluation,0,1,0.5749664306640625,1,0.5450589656829834,False,0,,1,"[0.249008, 0.223036, 0.182495, 0.1659, 0.17956]"
Actor,client,7,6005,7,MR,attack_member,evaluation,1,1,0.26388436555862427,0,0.6836628317832947,False,3,0.0,0,"[0.110614, 0.137877, 0.180894, 0.323704, 0.246912]"
Actor,client,7,6009,7,MR,attack_member,evaluation,4,1,0.3815005123615265,0,0.7520955204963684,False,0,,0,"[0.254084, 0.280995, 0.195552, 0.069284, 0.200085]"
Actor,client,7,6015,7,MR,attack_member,evaluation,2,1,0.28389012813568115,0,0.7345184683799744,False,2,0.0,0,"[0.148156, 0.159165, 0.171736, 0.294788, 0.226155]"
Actor,client,7,6019,7,MR,attack_member,evaluation,4,1,0.6248777508735657,0,0.7520955204963684,False,1,0.0,1,"[0.108203, 0.058319, 0.141794, 0.306654, 0.38503]"
Actor,client,7,6097,7,MR,attack_member,evaluation,4,1,0.7326907515525818,0,0.7520955204963684,False,0,,1,"[0.118577, 0.04683, 0.129713, 0.226762, 0.478119]"
Actor,client,7,6135,7,MR,attack_member,evaluation,4,1,0.47784873843193054,0,0.7520955204963684,False,2,0.5,1,"[0.144695, 0.152433, 0.197971, 0.242275, 0.262626]"
Actor,client,7,6159,7,MR,attack_member,evaluation,3,1,0.7944963574409485,0,0.8173993229866028,False,0,,1,"[0.013984, 0.045823, 0.062927, 0.52498, 0.352286]"
Actor,client,7,6163,7,MR,attack_member,evaluation,2,1,0.3481939435005188,0,0.7345184683799744,False,1,1.0,0,"[0.14095, 0.231541, 0.208757, 0.197049, 0.221703]"
Actor,client,7,6202,7,MR,attack_member,evaluation,0,1,0.46724721789360046,0,0.5450589656829834,False,5,0.4,0,"[0.163699, 0.133061, 0.197407, 0.254224, 0.251608]"
Actor,client,7,6203,7,MR,attack_member,evaluation,2,1,0.358771413564682,0,0.7345184683799744,False,1,0.0,0,"[0.219319, 0.17027, 0.200944, 0.224122, 0.185344]"
Actor,client,7,6224,7,MR,attack_member,evaluation,1,1,0.33854812383651733,0,0.6836628317832947,False,7,0.0,0,"[0.17831, 0.195065, 0.198913, 0.204862, 0.22285]"
Actor,client,7,6319,7,MR,attack_member,evaluation,2,1,0.40063995122909546,0,0.7345184683799744,False,1,0.0,0,"[0.166962, 0.231374, 0.229536, 0.147055, 0.225074]"
Actor,client,7,6330,7,MR,attack_member,evaluation,2,1,0.38887012004852295,0,0.7345184683799744,False,1,0.0,0,"[0.175146, 0.170578, 0.218513, 0.221754, 0.214009]"
Actor,client,7,6409,7,MR,attack_member,evaluation,1,1,0.35344555974006653,0,0.6836628317832947,False,5,0.0,0,"[0.105445, 0.200982, 0.204445, 0.19311, 0.296018]"
Actor,client,7,6414,7,MR,attack_member,evaluation,3,1,0.7878211736679077,0,0.8173993229866028,False,0,,1,"[0.010951, 0.22369, 0.194272, 0.51805, 0.053036]"
Actor,client,7,6467,7,MR,attack_member,evaluation,3,1,0.39760076999664307,0,0.8173993229866028,False,1,0.0,1,"[0.1912, 0.197402, 0.211116, 0.217649, 0.182633]"
Actor,client,7,6476,7,MR,attack_member,evaluation,4,1,0.47736185789108276,0,0.7520955204963684,False,2,0.0,1,"[0.194888, 0.172467, 0.165219, 0.204854, 0.262572]"
Actor,client,7,6479,7,MR,attack_member,evaluation,1,1,0.7431545257568359,1,0.6836628317832947,False,4,0.0,0,"[0.041931, 0.312254, 0.150344, 0.325936, 0.169535]"
Actor,client,7,6528,7,MR,attack_member,evaluation,2,1,0.5678123831748962,0,0.7345184683799744,False,0,,1,"[0.120604, 0.20386, 0.30547, 0.213361, 0.156706]"
Actor,client,7,6535,7,MR,attack_member,evaluation,4,1,0.3612000346183777,0,0.7520955204963684,False,2,1.0,0,"[0.144806, 0.194238, 0.186938, 0.248299, 0.225719]"
Actor,client,7,6548,7,MR,attack_member,evaluation,1,1,0.45946961641311646,0,0.6836628317832947,False,5,0.0,0,"[0.111564, 0.215151, 0.234877, 0.263029, 0.175378]"
Actor,client,7,6580,7,MR,attack_member,evaluation,0,1,0.5023272633552551,0,0.5450589656829834,False,1,0.0,0,"[0.212856, 0.102114, 0.280425, 0.256336, 0.148268]"
Actor,client,7,6603,7,MR,attack_member,evaluation,3,1,0.6212788820266724,0,0.8173993229866028,False,4,0.5,0,"[0.110201, 0.076033, 0.31075, 0.305025, 0.19799]"
Actor,client,7,6678,7,MR,attack_member,evaluation,3,1,0.5514792799949646,0,0.8173993229866028,False,2,0.0,1,"[0.141899, 0.266809, 0.175426, 0.295115, 0.120751]"
Actor,client,7,6769,7,MR,attack_member,evaluation,4,1,0.6467869877815247,0,0.7520955204963684,False,1,0.0,0,"[0.040611, 0.086265, 0.419495, 0.186439, 0.267189]"
Actor,client,7,6798,7,MR,attack_member,evaluation,1,1,0.19742006063461304,0,0.6836628317832947,False,1,0.0,0,"[0.12364, 0.12843, 0.211342, 0.219068, 0.31752]"
Actor,client,7,6811,7,MR,attack_member,evaluation,0,1,0.42819905281066895,0,0.5450589656829834,False,12,0.08333333333333333,0,"[0.140714, 0.196765, 0.156349, 0.219936, 0.286236]"
Actor,client,7,6840,7,MR,attack_member,evaluation,4,1,0.16122053563594818,0,0.7520955204963684,False,4,0.25,0,"[0.118909, 0.238774, 0.156721, 0.320815, 0.164781]"
Actor,client,7,6863,7,MR,attack_member,evaluation,4,1,0.2780141234397888,0,0.7520955204963684,False,1,1.0,0,"[0.140368, 0.270881, 0.151519, 0.230288, 0.206944]"
Actor,client,7,6935,7,MR,attack_member,evaluation,3,1,0.5825003981590271,0,0.8173993229866028,False,0,,0,"[0.09469, 0.119848, 0.295226, 0.292674, 0.197563]"
Actor,client,7,6986,7,MR,attack_member,evaluation,0,1,0.3692978322505951,0,0.5450589656829834,False,2,0.0,0,"[0.124953, 0.16211, 0.215661, 0.261556, 0.23572]"
Actor,client,7,6991,7,MR,attack_member,evaluation,4,1,0.5032088160514832,0,0.7520955204963684,False,3,0.3333333333333333,1,"[0.142238, 0.135655, 0.221167, 0.238206, 0.262733]"
Actor,client,7,7021,7,MR,attack_member,evaluation,1,1,0.4059982895851135,0,0.6836628317832947,False,3,0.3333333333333333,0,"[0.076621, 0.204085, 0.232352, 0.234387, 0.252555]"
Actor,client,7,7038,7,MR,attack_member,evaluation,3,1,0.5131616592407227,0,0.8173993229866028,False,3,0.0,1,"[0.163665, 0.131892, 0.230716, 0.258823, 0.214905]"
Actor,client,7,7114,7,MR,attack_member,evaluation,3,1,0.6652947664260864,0,0.8173993229866028,False,0,,1,"[0.044903, 0.213192, 0.103734, 0.380259, 0.257912]"
Actor,client,7,7153,7,MR,attack_member,evaluation,4,1,0.41071102023124695,0,0.7520955204963684,False,3,0.3333333333333333,1,"[0.122798, 0.202448, 0.13428, 0.268218, 0.272257]"
Actor,client,7,7164,7,MR,attack_member,evaluation,4,1,0.7952362298965454,1,0.7520955204963684,False,0,,1,"[0.000494, 0.000297, 0.000429, 0.00094, 0.997841]"
Actor,client,7,7194,7,MR,attack_member,evaluation,1,1,0.4662493169307709,0,0.6836628317832947,False,0,,0,"[0.143004, 0.228942, 0.254817, 0.207603, 0.165635]"
Actor,client,7,7209,7,MR,attack_member,evaluation,4,1,0.5420588850975037,0,0.7520955204963684,False,1,0.0,1,"[0.16611, 0.124409, 0.236834, 0.208909, 0.263737]"
Actor,client,7,7223,7,MR,attack_member,evaluation,2,1,0.7236677408218384,0,0.7345184683799744,False,7,0.2857142857142857,1,"[0.076464, 0.0936, 0.378574, 0.181338, 0.270024]"
Actor,client,7,7302,7,MR,attack_member,evaluation,0,1,0.4379100799560547,0,0.5450589656829834,False,0,,0,"[0.153591, 0.230056, 0.133494, 0.22165, 0.261208]"
Actor,client,7,7316,7,MR,attack_member,evaluation,3,1,0.500023603439331,0,0.8173993229866028,False,4,0.25,0,"[0.105036, 0.117124, 0.281224, 0.256191, 0.240424]"
Actor,client,7,7426,7,MR,attack_member,evaluation,1,1,0.30877214670181274,0,0.6836628317832947,False,5,0.0,0,"[0.152617, 0.169391, 0.199011, 0.26115, 0.21783]"
Actor,client,7,7518,7,MR,attack_member,evaluation,3,1,0.3974550664424896,0,0.8173993229866028,False,2,0.5,0,"[0.132715, 0.191288, 0.204756, 0.227573, 0.243669]"
Actor,client,7,7531,7,MR,attack_member,evaluation,4,1,0.3639073967933655,0,0.7520955204963684,False,1,0.0,0,"[0.190908, 0.118499, 0.110708, 0.324788, 0.255098]"
Actor,client,7,7578,7,MR,attack_member,evaluation,2,1,0.3945898711681366,0,0.7345184683799744,False,5,0.2,0,"[0.110325, 0.184012, 0.228253, 0.213705, 0.263706]"
Actor,client,7,352,7,MR,attack_member,evaluation,1,1,0.6065692901611328,0,0.6836628317832947,False,3,0.6666666666666666,1,"[0.086982, 0.298624, 0.193722, 0.150513, 0.270159]"
Actor,client,7,1501,7,MR,attack_member,evaluation,4,1,0.6169529557228088,0,0.7520955204963684,False,2,0.5,1,"[0.123924, 0.166525, 0.179738, 0.194502, 0.33531]"
Actor,client,7,1831,7,MR,attack_member,evaluation,1,1,0.3189570903778076,0,0.6836628317832947,False,1,0.0,0,"[0.127493, 0.162342, 0.271492, 0.258308, 0.180365]"
Actor,client,7,2246,7,MR,attack_member,evaluation,3,1,0.37746763229370117,0,0.8173993229866028,False,4,0.25,0,"[0.188503, 0.245972, 0.167697, 0.219426, 0.178403]"
Actor,client,7,2487,7,MR,attack_member,evaluation,1,1,0.17968299984931946,0,0.6836628317832947,False,2,0.0,0,"[0.178246, 0.145978, 0.100765, 0.180858, 0.394152]"
Actor,client,7,2575,7,MR,attack_member,evaluation,4,1,0.2909555733203888,0,0.7520955204963684,False,1,0.0,0,"[0.17452, 0.186167, 0.220203, 0.233591, 0.185519]"
Actor,client,7,2602,7,MR,attack_member,evaluation,0,1,0.47515594959259033,0,0.5450589656829834,False,3,0.0,0,"[0.185333, 0.182273, 0.185974, 0.242728, 0.203692]"
Actor,client,7,2961,7,MR,attack_member,evaluation,4,1,0.5627532601356506,0,0.7520955204963684,False,1,0.0,1,"[0.100153, 0.119253, 0.198237, 0.270818, 0.311539]"
Actor,client,7,3053,7,MR,attack_member,evaluation,3,1,0.19319522380828857,0,0.8173993229866028,False,1,0.0,0,"[0.077486, 0.251492, 0.109273, 0.174344, 0.387405]"
Actor,client,7,3116,7,MR,attack_member,evaluation,3,1,0.130743145942688,0,0.8173993229866028,False,5,0.2,0,"[0.052591, 0.064279, 0.073123, 0.139405, 0.670603]"
Actor,client,7,4193,7,MR,attack_member,evaluation,0,1,0.36553865671157837,0,0.5450589656829834,False,1,1.0,0,"[0.133866, 0.175824, 0.238471, 0.239591, 0.212248]"
Actor,client,7,4638,7,MR,attack_member,evaluation,4,1,0.4979824721813202,0,0.7520955204963684,False,5,0.2,1,"[0.221682, 0.216182, 0.089989, 0.174422, 0.297726]"
Actor,client,7,4791,7,MR,attack_member,evaluation,0,1,0.3211452066898346,0,0.5450589656829834,False,1,0.0,0,"[0.129161, 0.171942, 0.228383, 0.351379, 0.119135]"
Actor,client,7,5133,7,MR,attack_member,evaluation,3,1,0.507632315158844,0,0.8173993229866028,False,2,0.5,1,"[0.126159, 0.136361, 0.248159, 0.261074, 0.228246]"
Actor,client,7,5200,7,MR,attack_member,evaluation,0,1,0.4031868577003479,0,0.5450589656829834,False,1,0.0,0,"[0.152987, 0.192944, 0.246702, 0.175022, 0.232345]"
Actor,client,7,5520,7,MR,attack_member,evaluation,4,1,0.4444921910762787,0,0.7520955204963684,False,6,0.16666666666666666,1,"[0.118324, 0.205004, 0.150289, 0.248736, 0.277648]"
Actor,client,7,6067,7,MR,attack_member,evaluation,1,1,0.3932340443134308,0,0.6836628317832947,False,3,0.0,0,"[0.178234, 0.223631, 0.172839, 0.184173, 0.241123]"
Actor,client,7,6456,7,MR,attack_member,evaluation,4,1,0.373477041721344,0,0.7520955204963684,False,2,0.5,0,"[0.16335, 0.153278, 0.200749, 0.259631, 0.222992]"
Actor,client,7,5112,9,MR,attack_member,evaluation,2,1,0.27410757541656494,0,0.7345184683799744,False,0,,0,"[0.233387, 0.235627, 0.164608, 0.19704, 0.169338]"
Actor,client,7,5166,9,MR,attack_member,evaluation,3,1,0.8553766012191772,1,0.8173993229866028,False,0,,1,"[0.052417, 0.029127, 0.06544, 0.722317, 0.130699]"
Actor,client,7,5230,9,MR,attack_member,evaluation,2,1,0.47324511408805847,0,0.7345184683799744,False,4,0.25,1,"[0.133315, 0.208604, 0.262607, 0.198046, 0.197428]"
Actor,client,7,5252,9,MR,attack_member,evaluation,1,1,0.45369577407836914,0,0.6836628317832947,False,0,,0,"[0.085795, 0.228073, 0.195674, 0.22554, 0.264918]"
Actor,client,7,5261,9,MR,attack_member,evaluation,3,1,0.5996161699295044,0,0.8173993229866028,False,1,0.0,1,"[0.10958, 0.177057, 0.25504, 0.307795, 0.150528]"
Actor,client,7,5345,9,MR,attack_member,evaluation,1,1,0.4239518344402313,0,0.6836628317832947,False,0,,0,"[0.183224, 0.21538, 0.179539, 0.255273, 0.166584]"
Actor,client,7,5347,9,MR,attack_member,evaluation,4,1,0.752281129360199,1,0.7520955204963684,False,4,0.5,1,"[0.126246, 0.082362, 0.109942, 0.165105, 0.516345]"
Actor,client,7,5699,9,MR,attack_member,evaluation,4,1,0.7802037000656128,1,0.7520955204963684,False,0,,1,"[0.002907, 0.003571, 0.008982, 0.064331, 0.920209]"
Actor,client,7,5720,9,MR,attack_member,evaluation,3,1,0.37133654952049255,0,0.8173993229866028,False,2,0.5,0,"[0.074058, 0.078175, 0.118246, 0.231529, 0.497993]"
Actor,client,7,5788,9,MR,attack_member,evaluation,1,1,0.17521552741527557,0,0.6836628317832947,False,3,0.0,0,"[0.073533, 0.110007, 0.159858, 0.272906, 0.383696]"
Actor,client,7,5854,9,MR,attack_member,evaluation,1,1,0.4172350764274597,0,0.6836628317832947,False,1,0.0,0,"[0.124565, 0.215839, 0.273606, 0.181413, 0.204577]"
Actor,client,7,5898,9,MR,attack_member,evaluation,1,1,0.6560968160629272,0,0.6836628317832947,False,0,,0,"[0.063427, 0.271016, 0.219354, 0.310859, 0.135345]"
Actor,client,7,5904,9,MR,attack_member,evaluation,3,1,0.38348501920700073,0,0.8173993229866028,False,0,,0,"[0.222896, 0.069217, 0.182354, 0.203112, 0.322421]"
Actor,client,7,6037,9,MR,attack_member,evaluation,1,1,0.3312232494354248,0,0.6836628317832947,False,3,0.6666666666666666,0,"[0.063527, 0.181738, 0.22662, 0.220875, 0.30724]"
Actor,client,7,6048,9,MR,attack_member,evaluation,0,1,0.4609755873680115,0,0.5450589656829834,False,0,,0,"[0.201485, 0.224582, 0.20116, 0.22849, 0.144283]"
Actor,client,7,6124,9,MR,attack_member,evaluation,3,1,0.6378597021102905,0,0.8173993229866028,False,1,0.0,1,"[0.127899, 0.147118, 0.218895, 0.327955, 0.178132]"
Actor,client,7,6278,9,MR,attack_member,evaluation,4,1,0.49819591641426086,0,0.7520955204963684,False,0,,0,"[0.044718, 0.030939, 0.1656, 0.425727, 0.333016]"
Actor,client,7,6293,9,MR,attack_member,evaluation,4,1,0.6567579507827759,0,0.7520955204963684,False,0,,1,"[0.141583, 0.099994, 0.069175, 0.235727, 0.453521]"
Actor,client,7,6324,9,MR,attack_member,evaluation,3,1,0.31579864025115967,0,0.8173993229866028,False,1,0.0,0,"[0.004934, 0.001783, 0.009007, 0.23183, 0.752445]"
Actor,client,7,6436,9,MR,attack_member,evaluation,4,1,0.23090560734272003,0,0.7520955204963684,False,2,0.0,0,"[0.202033, 0.225219, 0.218659, 0.195629, 0.158459]"
Actor,client,7,6488,9,MR,attack_member,evaluation,1,1,0.5301792621612549,0,0.6836628317832947,False,1,0.0,0,"[0.035533, 0.299281, 0.045573, 0.13038, 0.489234]"
Actor,client,7,6499,9,MR,attack_member,evaluation,4,1,0.14573904871940613,0,0.7520955204963684,False,0,,0,"[0.067492, 0.246372, 0.205422, 0.331516, 0.149198]"
Actor,client,7,6501,9,MR,attack_member,evaluation,4,1,0.21144244074821472,0,0.7520955204963684,False,1,0.0,0,"[0.330276, 0.159114, 0.164276, 0.194267, 0.152068]"
Actor,client,7,6539,9,MR,attack_member,evaluation,1,1,0.44095882773399353,0,0.6836628317832947,False,1,1.0,0,"[0.104881, 0.226068, 0.274424, 0.170094, 0.224533]"
Actor,client,7,6560,9,MR,attack_member,evaluation,4,1,0.6812708973884583,0,0.7520955204963684,False,1,1.0,1,"[0.034215, 0.105585, 0.037827, 0.210992, 0.611381]"
Actor,client,7,6623,9,MR,attack_member,evaluation,4,1,0.3368287682533264,0,0.7520955204963684,False,1,0.0,0,"[0.101762, 0.210673, 0.204943, 0.263535, 0.219087]"
Actor,client,7,6630,9,MR,attack_member,evaluation,4,1,0.2290390282869339,0,0.7520955204963684,False,0,,0,"[0.233387, 0.235627, 0.164608, 0.19704, 0.169338]"
Actor,client,7,6737,9,MR,attack_member,evaluation,2,1,0.6424014568328857,0,0.7345184683799744,False,2,0.0,1,"[0.09507, 0.156944, 0.338749, 0.191471, 0.217766]"
Actor,client,7,6758,9,MR,attack_member,evaluation,3,1,0.3850192427635193,0,0.8173993229866028,False,1,0.0,0,"[0.096811, 0.167359, 0.216674, 0.225995, 0.293161]"
Actor,client,7,6796,9,MR,attack_member,evaluation,3,1,0.524773359298706,0,0.8173993229866028,False,1,0.0,1,"[0.141291, 0.135435, 0.198474, 0.27163, 0.253169]"
Actor,client,7,6866,9,MR,attack_member,evaluation,0,1,0.5762677192687988,1,0.5450589656829834,False,0,,1,"[0.25267, 0.195366, 0.215894, 0.166834, 0.169236]"
Actor,client,7,6869,9,MR,attack_member,evaluation,4,1,0.18997833132743835,0,0.7520955204963684,False,1,0.0,0,"[0.090847, 0.185545, 0.190602, 0.358137, 0.174869]"
Actor,client,7,6879,9,MR,attack_member,evaluation,2,1,0.6958181262016296,0,0.7345184683799744,False,1,1.0,1,"[0.052688, 0.300838, 0.387701, 0.149616, 0.109157]"
Actor,client,7,7049,9,MR,attack_member,evaluation,1,1,0.3483152687549591,0,0.6836628317832947,False,2,0.0,0,"[0.065905, 0.177713, 0.378464, 0.168484, 0.209433]"
Actor,client,7,7068,9,MR,attack_member,evaluation,4,1,0.707493782043457,0,0.7520955204963684,False,0,,1,"[0.067306, 0.029241, 0.080514, 0.265169, 0.55777]"
Actor,client,7,7084,9,MR,attack_member,evaluation,4,1,0.15867440402507782,0,0.7520955204963684,False,1,0.0,0,"[0.027683, 0.11841, 0.17244, 0.49726, 0.184207]"
Actor,client,7,7103,9,MR,attack_member,evaluation,3,1,0.7795134782791138,0,0.8173993229866028,False,0,,1,"[0.049032, 0.169452, 0.174018, 0.489762, 0.117736]"
Actor,client,7,7125,9,MR,attack_member,evaluation,2,1,0.2859671413898468,0,0.7345184683799744,False,1,0.0,0,"[0.182172, 0.134314, 0.166653, 0.204083, 0.312779]"
Actor,client,7,7129,9,MR,attack_member,evaluation,2,1,0.2938447594642639,0,0.7345184683799744,False,3,0.3333333333333333,0,"[0.080983, 0.155362, 0.182587, 0.291674, 0.289393]"
Actor,client,7,7138,9,MR,attack_member,evaluation,3,1,0.42798689007759094,0,0.8173993229866028,False,0,,0,"[0.079484, 0.153854, 0.366017, 0.224838, 0.175807]"
Actor,client,7,7162,9,MR,attack_member,evaluation,4,1,0.6206483840942383,0,0.7520955204963684,False,1,0.0,1,"[0.084267, 0.112401, 0.215885, 0.252824, 0.334622]"
Actor,client,7,7170,9,MR,attack_member,evaluation,3,1,0.505535364151001,0,0.8173993229866028,False,1,0.0,1,"[0.171222, 0.183447, 0.189939, 0.262996, 0.192396]"
Actor,client,7,7219,9,MR,attack_member,evaluation,4,1,0.7264550924301147,0,0.7520955204963684,False,1,1.0,1,"[0.058204, 0.126825, 0.241529, 0.177633, 0.395809]"
Actor,client,7,7281,9,MR,attack_member,evaluation,4,1,0.49798649549484253,0,0.7520955204963684,False,2,0.0,1,"[0.153047, 0.112057, 0.209845, 0.26019, 0.264861]"
Actor,client,7,7330,9,MR,attack_member,evaluation,2,1,0.27410757541656494,0,0.7345184683799744,False,0,,0,"[0.233387, 0.235627, 0.164608, 0.19704, 0.169338]"
Actor,client,7,7432,9,MR,attack_member,evaluation,3,1,0.6139208078384399,0,0.8173993229866028,False,0,,1,"[0.140541, 0.098259, 0.144955, 0.317437, 0.298808]"
Actor,client,7,7434,9,MR,attack_member,evaluation,2,1,0.3829234838485718,0,0.7345184683799744,False,0,,0,"[0.154147, 0.161511, 0.217285, 0.256657, 0.2104]"
Actor,client,7,7445,9,MR,attack_member,evaluation,2,1,0.2833346724510193,0,0.7345184683799744,False,2,0.0,0,"[0.075419, 0.063585, 0.169493, 0.241097, 0.450406]"
Actor,client,7,7502,9,MR,attack_member,evaluation,3,1,0.41985586285591125,0,0.8173993229866028,False,1,0.0,1,"[0.212006, 0.199348, 0.157945, 0.228948, 0.201752]"
Actor,client,7,7549,9,MR,attack_member,evaluation,2,1,0.5362153649330139,0,0.7345184683799744,False,1,1.0,1,"[0.051763, 0.243738, 0.301734, 0.233327, 0.169439]"
Actor,client,7,7556,9,MR,attack_member,evaluation,1,1,0.2295961230993271,0,0.6836628317832947,False,2,0.0,0,"[0.081937, 0.11944, 0.210727, 0.316583, 0.271312]"
Actor,client,7,7583,9,MR,attack_member,evaluation,1,1,0.36143723130226135,0,0.6836628317832947,False,1,0.0,0,"[0.158863, 0.206507, 0.167214, 0.209895, 0.257521]"
Actor,client,7,456,9,MR,attack_member,evaluation,1,1,0.3320288360118866,0,0.6836628317832947,False,1,0.0,0,"[0.098931, 0.172177, 0.214854, 0.27086, 0.243178]"
Actor,client,7,554,9,MR,attack_member,evaluation,3,1,0.6684771776199341,0,0.8173993229866028,False,1,1.0,1,"[0.108196, 0.139189, 0.204587, 0.352435, 0.195594]"
Actor,client,7,651,9,MR,attack_member,evaluation,4,1,0.5373834371566772,0,0.7520955204963684,False,1,1.0,1,"[0.108073, 0.078058, 0.066187, 0.350233, 0.39745]"
Actor,client,7,1056,9,MR,attack_member,evaluation,4,1,0.36979708075523376,0,0.7520955204963684,False,2,0.5,1,"[0.222711, 0.202134, 0.12738, 0.213028, 0.234747]"
Actor,client,7,1415,9,MR,attack_member,evaluation,3,1,0.7804124355316162,0,0.8173993229866028,False,0,,1,"[0.04396, 0.07468, 0.22756, 0.47648, 0.177319]"
Actor,client,7,1998,9,MR,attack_member,evaluation,4,1,0.6722457408905029,0,0.7520955204963684,False,1,0.0,1,"[0.120128, 0.17893, 0.240317, 0.132856, 0.327769]"
Actor,client,7,2006,9,MR,attack_member,evaluation,2,1,0.40789371728897095,0,0.7345184683799744,False,1,0.0,1,"[0.186915, 0.193391, 0.227631, 0.187188, 0.204874]"
Actor,client,7,2027,9,MR,attack_member,evaluation,2,1,0.449902206659317,0,0.7345184683799744,False,3,0.3333333333333333,0,"[0.038648, 0.109693, 0.253054, 0.347301, 0.251304]"
Actor,client,7,2193,9,MR,attack_member,evaluation,3,1,0.3392517566680908,0,0.8173993229866028,False,1,0.0,0,"[0.067943, 0.134455, 0.164586, 0.218838, 0.414178]"
Actor,client,7,2361,9,MR,attack_member,evaluation,0,1,0.4769192039966583,0,0.5450589656829834,False,1,0.0,0,"[0.160716, 0.174837, 0.166162, 0.20255, 0.295735]"
Actor,client,7,2439,9,MR,attack_member,evaluation,0,1,0.4376119077205658,0,0.5450589656829834,False,1,0.0,0,"[0.18238, 0.24022, 0.203444, 0.185623, 0.188334]"
Actor,client,7,2652,9,MR,attack_member,evaluation,4,1,0.2557503879070282,0,0.7520955204963684,False,0,,0,"[0.143004, 0.228942, 0.254817, 0.207603, 0.165635]"
Actor,client,7,2665,9,MR,attack_member,evaluation,1,1,0.3416559398174286,0,0.6836628317832947,False,1,0.0,0,"[0.194861, 0.198527, 0.206746, 0.192117, 0.207749]"
Actor,client,7,3055,9,MR,attack_member,evaluation,4,1,0.3853326439857483,0,0.7520955204963684,False,1,0.0,0,"[0.151339, 0.186842, 0.25776, 0.197949, 0.20611]"
Actor,client,7,3344,9,MR,attack_member,evaluation,2,1,0.6156952977180481,0,0.7345184683799744,False,0,,1,"[0.206298, 0.063141, 0.305418, 0.222248, 0.202895]"
Actor,client,7,3624,9,MR,attack_member,evaluation,2,1,0.6079879403114319,0,0.7345184683799744,False,0,,1,"[0.09349, 0.255749, 0.332524, 0.223149, 0.095087]"
Actor,client,7,3859,9,MR,attack_member,evaluation,2,1,0.2617667019367218,0,0.7345184683799744,False,1,0.0,0,"[0.161073, 0.166057, 0.159915, 0.312298, 0.200658]"
Actor,client,7,3879,9,MR,attack_member,evaluation,4,1,0.4002017378807068,0,0.7520955204963684,False,1,1.0,0,"[0.0942, 0.089304, 0.06262, 0.420196, 0.333681]"
Actor,client,7,3890,9,MR,attack_member,evaluation,3,1,0.6601082682609558,0,0.8173993229866028,False,0,,1,"[0.132723, 0.134395, 0.275344, 0.333245, 0.124291]"
Actor,client,7,3944,9,MR,attack_member,evaluation,4,1,0.43028920888900757,0,0.7520955204963684,False,2,0.0,0,"[0.188013, 0.11926, 0.122753, 0.296658, 0.273316]"
Actor,client,7,4575,9,MR,attack_member,evaluation,4,1,0.6769254803657532,0,0.7520955204963684,False,1,0.0,1,"[0.076584, 0.152002, 0.147534, 0.198259, 0.425621]"
Actor,client,7,4586,9,MR,attack_member,evaluation,3,1,0.39690497517585754,0,0.8173993229866028,False,1,0.0,0,"[0.124703, 0.200385, 0.090143, 0.243558, 0.341212]"
Actor,client,7,4922,9,MR,attack_member,evaluation,4,1,0.4418964385986328,0,0.7520955204963684,False,2,0.0,0,"[0.061449, 0.104687, 0.287793, 0.308501, 0.23757]"
Actor,client,7,5035,9,MR,attack_member,evaluation,1,1,0.3335341513156891,0,0.6836628317832947,False,3,0.0,0,"[0.135536, 0.183061, 0.181795, 0.252666, 0.246942]"
Actor,client,7,5388,9,MR,attack_member,evaluation,2,1,0.5097644329071045,0,0.7345184683799744,False,1,1.0,1,"[0.106851, 0.171452, 0.277445, 0.206271, 0.237982]"
Actor,client,7,6036,9,MR,attack_member,evaluation,4,1,0.34059813618659973,0,0.7520955204963684,False,3,0.0,0,"[0.118479, 0.210361, 0.220397, 0.24001, 0.210753]"
Actor,client,7,6326,9,MR,attack_member,evaluation,1,1,0.3810426890850067,0,0.6836628317832947,False,1,0.0,0,"[0.132091, 0.187353, 0.192394, 0.296624, 0.191537]"
Actor,client,7,6576,9,MR,attack_member,evaluation,4,1,0.7740508317947388,1,0.7520955204963684,False,0,,1,"[0.010993, 0.005581, 0.002307, 0.078185, 0.902933]"
Actor,client,7,6679,9,MR,attack_member,evaluation,1,1,0.6897112131118774,1,0.6836628317832947,False,2,0.5,1,"[0.13392, 0.313664, 0.125947, 0.25775, 0.168719]"
Actor,client,7,6764,9,MR,attack_member,evaluation,0,1,0.39544329047203064,0,0.5450589656829834,False,3,0.0,0,"[0.147689, 0.190871, 0.206414, 0.244089, 0.210938]"
Actor,client,7,6857,9,MR,attack_member,evaluation,1,1,0.2958482801914215,0,0.6836628317832947,False,0,,0,"[0.09478, 0.144925, 0.417677, 0.199303, 0.143315]"
Actor,client,7,6956,9,MR,attack_member,evaluation,1,1,0.39201435446739197,0,0.6836628317832947,False,3,0.3333333333333333,0,"[0.155973, 0.21391, 0.18278, 0.213294, 0.234042]"
Actor,client,7,6982,9,MR,attack_member,evaluation,2,1,0.23011933267116547,0,0.7345184683799744,False,3,0.0,0,"[0.227104, 0.194227, 0.137889, 0.210389, 0.230391]"
Actor,client,7,6984,9,MR,attack_member,evaluation,4,1,0.34132876992225647,0,0.7520955204963684,False,1,1.0,0,"[0.035429, 0.101586, 0.117736, 0.454042, 0.291206]"
Actor,client,7,7003,9,MR,attack_member,evaluation,3,1,0.5550681352615356,0,0.8173993229866028,False,2,0.5,0,"[0.11615, 0.088472, 0.227214, 0.282232, 0.285933]"
Actor,client,7,7060,9,MR,attack_member,evaluation,0,1,0.4872986376285553,0,0.5450589656829834,False,1,0.0,0,"[0.168852, 0.224809, 0.130897, 0.178636, 0.296806]"
Actor,client,7,7086,9,MR,attack_member,evaluation,2,1,0.5451180934906006,0,0.7345184683799744,False,2,0.0,0,"[0.050677, 0.086079, 0.290659, 0.317862, 0.254723]"
Actor,client,7,7135,9,MR,attack_member,evaluation,0,1,0.33696499466896057,0,0.5450589656829834,False,1,0.0,0,"[0.136001, 0.248618, 0.214975, 0.227335, 0.173071]"
Actor,client,7,7301,9,MR,attack_member,evaluation,4,1,0.3566266894340515,0,0.7520955204963684,False,2,0.0,1,"[0.183018, 0.217488, 0.141706, 0.22539, 0.232397]"
Actor,client,7,7370,9,MR,attack_member,evaluation,2,1,0.21552154421806335,0,0.7345184683799744,False,1,0.0,0,"[0.068273, 0.133669, 0.140429, 0.362328, 0.295301]"
Actor,client,7,7386,9,MR,attack_member,evaluation,4,1,0.4339161813259125,0,0.7520955204963684,False,0,,0,"[0.15592, 0.086258, 0.194963, 0.311459, 0.2514]"
Actor,client,7,359,9,MR,attack_member,evaluation,1,1,0.29120364785194397,0,0.6836628317832947,False,1,0.0,0,"[0.187584, 0.174002, 0.195639, 0.219846, 0.222928]"
Actor,client,7,1048,9,MR,attack_member,evaluation,4,1,0.5775555968284607,0,0.7520955204963684,False,1,0.0,1,"[0.16227, 0.107116, 0.180996, 0.242685, 0.306932]"
Actor,client,7,1147,9,MR,attack_member,evaluation,2,1,0.6689509153366089,0,0.7345184683799744,False,0,,1,"[0.086487, 0.153261, 0.353618, 0.302955, 0.103678]"
Actor,client,7,1592,9,MR,attack_member,evaluation,1,1,0.48075252771377563,0,0.6836628317832947,False,3,0.3333333333333333,1,"[0.118804, 0.237345, 0.19582, 0.227112, 0.220918]"
Actor,client,7,2842,9,MR,attack_member,evaluation,1,1,0.28890088200569153,0,0.6836628317832947,False,0,,0,"[0.227414, 0.170264, 0.20506, 0.22867, 0.168591]"
Actor,client,7,2854,9,MR,attack_member,evaluation,1,1,0.1552560180425644,0,0.6836628317832947,False,4,0.0,0,"[0.026457, 0.10962, 0.049911, 0.289297, 0.524715]"
Actor,client,7,2889,9,MR,attack_member,evaluation,2,1,0.3851483166217804,0,0.7345184683799744,False,2,0.0,0,"[0.150617, 0.1781, 0.219653, 0.196989, 0.254641]"
Actor,client,7,2924,9,MR,attack_member,evaluation,4,1,0.6193076968193054,0,0.7520955204963684,False,1,0.0,1,"[0.09193, 0.161212, 0.148465, 0.223927, 0.374466]"
Actor,client,7,2994,9,MR,attack_member,evaluation,0,1,0.23834626376628876,0,0.5450589656829834,False,3,0.3333333333333333,0,"[0.095277, 0.272749, 0.254355, 0.245903, 0.131717]"
Actor,client,7,4020,9,MR,attack_member,evaluation,2,1,0.615788459777832,0,0.7345184683799744,False,1,1.0,1,"[0.09015, 0.171807, 0.327665, 0.212274, 0.198103]"
Actor,client,7,4072,9,MR,attack_member,evaluation,3,1,0.7209186553955078,0,0.8173993229866028,False,1,0.0,1,"[0.030624, 0.048567, 0.297772, 0.391922, 0.231115]"
Actor,client,7,4223,9,MR,attack_member,evaluation,4,1,0.42404067516326904,0,0.7520955204963684,False,1,0.0,1,"[0.161568, 0.181191, 0.183177, 0.229375, 0.244688]"
Actor,client,7,4395,9,MR,attack_member,evaluation,0,1,0.4697686433792114,0,0.5450589656829834,False,0,,0,"[0.115659, 0.065908, 0.183339, 0.226689, 0.408405]"
Actor,client,7,5091,9,MR,attack_member,evaluation,3,1,0.39334723353385925,0,0.8173993229866028,False,3,0.0,0,"[0.140584, 0.213223, 0.245989, 0.22105, 0.179155]"
Actor,client,7,5120,9,MR,attack_member,evaluation,3,1,0.6239078640937805,0,0.8173993229866028,False,1,0.0,1,"[0.100764, 0.197796, 0.230268, 0.327234, 0.143939]"
Actor,client,7,5272,9,MR,attack_member,evaluation,3,1,0.4013456702232361,0,0.8173993229866028,False,3,0.0,0,"[0.182908, 0.191453, 0.16242, 0.226046, 0.237173]"
Actor,client,7,5374,9,MR,attack_member,evaluation,2,1,0.3762068748474121,0,0.7345184683799744,False,2,0.0,0,"[0.142688, 0.169123, 0.215783, 0.220216, 0.25219]"
Actor,client,7,5544,9,MR,attack_member,evaluation,3,1,0.41787683963775635,0,0.8173993229866028,False,5,0.2,0,"[0.121886, 0.196711, 0.167634, 0.241676, 0.272093]"
Actor,client,7,5709,9,MR,attack_member,evaluation,0,1,0.4855685532093048,0,0.5450589656829834,False,1,0.0,0,"[0.180338, 0.199343, 0.189806, 0.167331, 0.263182]"
Actor,client,7,5825,9,MR,attack_member,evaluation,3,1,0.465519517660141,0,0.8173993229866028,False,2,0.0,0,"[0.141918, 0.140989, 0.191062, 0.249402, 0.276629]"
Actor,client,7,6504,9,MR,attack_member,evaluation,3,1,0.7843679189682007,0,0.8173993229866028,False,1,0.0,1,"[0.020756, 0.050354, 0.258346, 0.483012, 0.187531]"
Actor,client,7,7043,9,MR,attack_member,evaluation,3,1,0.7240027189254761,0,0.8173993229866028,False,0,,1,"[0.146282, 0.211464, 0.133397, 0.405449, 0.103409]"
Actor,client,7,3321,0,MR,attack_nonmember,evaluation,2,0,0.2599480152130127,0,0.7345184683799744,False,3,0.3333333333333333,0,"[0.150869, 0.217631, 0.163489, 0.214231, 0.253781]"
Actor,client,7,3447,0,MR,attack_nonmember,evaluation,1,0,0.38367652893066406,0,0.6836628317832947,False,2,0.0,0,"[0.245375, 0.219846, 0.180098, 0.187619, 0.167062]"
Actor,client,7,3460,0,MR,attack_nonmember,evaluation,3,0,0.344329297542572,0,0.8173993229866028,False,1,0.0,0,"[0.181292, 0.207056, 0.157286, 0.207745, 0.246622]"
Actor,client,7,3466,0,MR,attack_nonmember,evaluation,4,0,0.32335156202316284,0,0.7520955204963684,False,1,0.0,0,"[0.144507, 0.20603, 0.223362, 0.226974, 0.199126]"
Actor,client,7,3471,0,MR,attack_nonmember,evaluation,2,0,0.285331130027771,0,0.7345184683799744,False,0,,0,"[0.099701, 0.207767, 0.180748, 0.242013, 0.269771]"
Actor,client,7,3486,0,MR,attack_nonmember,evaluation,2,0,0.3375750780105591,0,0.7345184683799744,False,0,,0,"[0.130606, 0.235702, 0.204254, 0.090649, 0.338789]"
Actor,client,7,3547,0,MR,attack_nonmember,evaluation,1,0,0.1318645030260086,0,0.6836628317832947,False,4,0.0,0,"[0.121987, 0.088186, 0.170321, 0.245933, 0.373572]"
Actor,client,7,3633,0,MR,attack_nonmember,evaluation,0,0,0.38142022490501404,0,0.5450589656829834,False,0,,0,"[0.153893, 0.241466, 0.156609, 0.290152, 0.15788]"
Actor,client,7,3639,0,MR,attack_nonmember,evaluation,1,0,0.20828820765018463,0,0.6836628317832947,False,3,0.3333333333333333,0,"[0.057, 0.093141, 0.148288, 0.418367, 0.283204]"
Actor,client,7,3827,0,MR,attack_nonmember,evaluation,2,0,0.1616217941045761,0,0.7345184683799744,False,0,,0,"[0.192547, 0.191928, 0.09665, 0.228749, 0.290127]"
Actor,client,7,3840,0,MR,attack_nonmember,evaluation,4,0,0.7837365865707397,1,0.7520955204963684,False,0,,1,"[0.000652, 0.001497, 0.007004, 0.050548, 0.940299]"
Actor,client,7,3863,0,MR,attack_nonmember,evaluation,0,0,0.6277902722358704,1,0.5450589656829834,False,0,,0,"[0.265366, 0.195617, 0.090695, 0.301993, 0.146329]"
Actor,client,7,3878,0,MR,attack_nonmember,evaluation,3,0,0.7354890704154968,0,0.8173993229866028,False,0,,1,"[0.035634, 0.04293, 0.341635, 0.400424, 0.179378]"
Actor,client,7,3904,0,MR,attack_nonmember,evaluation,2,0,0.31767410039901733,0,0.7345184683799744,False,2,0.0,0,"[0.171361, 0.15432, 0.185374, 0.268792, 0.220152]"
Actor,client,7,3917,0,MR,attack_nonmember,evaluation,4,0,0.040824975818395615,0,0.7520955204963684,False,0,,0,"[0.018015, 0.100242, 0.198728, 0.598469, 0.084545]"
Actor,client,7,3939,0,MR,attack_nonmember,evaluation,2,0,0.48850324749946594,0,0.7345184683799744,False,3,0.0,1,"[0.145426, 0.163764, 0.264112, 0.249915, 0.176782]"
Actor,client,7,3989,0,MR,attack_nonmember,evaluation,1,0,0.3758767545223236,0,0.6836628317832947,False,0,,0,"[0.151988, 0.191352, 0.271027, 0.226654, 0.15898]"
Actor,client,7,4044,0,MR,attack_nonmember,evaluation,2,0,0.16163210570812225,0,0.7345184683799744,False,4,0.25,0,"[0.106277, 0.160811, 0.102801, 0.296691, 0.33342]"
Actor,client,7,4308,0,MR,attack_nonmember,evaluation,1,0,0.33943256735801697,0,0.6836628317832947,False,3,0.0,0,"[0.112203, 0.185095, 0.165991, 0.260917, 0.275794]"
Actor,client,7,4322,0,MR,attack_nonmember,evaluation,1,0,0.3209381103515625,0,0.6836628317832947,False,0,,0,"[0.032334, 0.157788, 0.181989, 0.327081, 0.300808]"
Actor,client,7,4339,0,MR,attack_nonmember,evaluation,1,0,0.45179370045661926,0,0.6836628317832947,False,0,,0,"[0.133636, 0.203645, 0.198794, 0.322995, 0.140931]"
Actor,client,7,4346,0,MR,attack_nonmember,evaluation,4,0,0.43699532747268677,0,0.7520955204963684,False,1,0.0,1,"[0.171161, 0.21181, 0.143425, 0.211241, 0.262363]"
Actor,client,7,4541,0,MR,attack_nonmember,evaluation,1,0,0.35039833188056946,0,0.6836628317832947,False,0,,0,"[0.147559, 0.185025, 0.289865, 0.203799, 0.173752]"
Actor,client,7,4610,0,MR,attack_nonmember,evaluation,3,0,0.6371825933456421,0,0.8173993229866028,False,4,0.0,1,"[0.081571, 0.174868, 0.07646, 0.355387, 0.311715]"
Actor,client,7,4650,0,MR,attack_nonmember,evaluation,2,0,0.37086161971092224,0,0.7345184683799744,False,1,1.0,0,"[0.119114, 0.183211, 0.21706, 0.243275, 0.237341]"
Actor,client,7,4651,0,MR,attack_nonmember,evaluation,4,0,0.5470195412635803,0,0.7520955204963684,False,5,0.4,1,"[0.075532, 0.194975, 0.107099, 0.251305, 0.371089]"
Actor,client,7,4654,0,MR,attack_nonmember,evaluation,0,0,0.18835781514644623,0,0.5450589656829834,False,0,,0,"[0.042008, 0.235576, 0.34764, 0.143152, 0.231623]"
Actor,client,7,4710,0,MR,attack_nonmember,evaluation,1,0,0.2833089828491211,0,0.6836628317832947,False,3,0.3333333333333333,0,"[0.14455, 0.16459, 0.1865, 0.247223, 0.257137]"
Actor,client,7,4740,0,MR,attack_nonmember,evaluation,1,0,0.37455376982688904,0,0.6836628317832947,False,2,0.5,0,"[0.132108, 0.184549, 0.236242, 0.271849, 0.175252]"
Actor,client,7,4882,0,MR,attack_nonmember,evaluation,3,0,0.3783068358898163,0,0.8173993229866028,False,2,0.0,0,"[0.088985, 0.264607, 0.156331, 0.23855, 0.251527]"
Actor,client,7,4900,0,MR,attack_nonmember,evaluation,1,0,0.7437161803245544,1,0.6836628317832947,False,1,0.0,1,"[0.144913, 0.35394, 0.140068, 0.182777, 0.178302]"
Actor,client,7,4972,0,MR,attack_nonmember,evaluation,4,0,0.5158394575119019,0,0.7520955204963684,False,2,0.5,1,"[0.140188, 0.193789, 0.191638, 0.197058, 0.277327]"
Actor,client,7,5003,0,MR,attack_nonmember,evaluation,4,0,0.6481717824935913,0,0.7520955204963684,False,1,1.0,1,"[0.112293, 0.163383, 0.190016, 0.183805, 0.350502]"
Actor,client,7,5010,0,MR,attack_nonmember,evaluation,4,0,0.35837042331695557,0,0.7520955204963684,False,1,1.0,0,"[0.142025, 0.222879, 0.163856, 0.238371, 0.23287]"
Actor,client,7,5032,0,MR,attack_nonmember,evaluation,2,0,0.4582540690898895,0,0.7345184683799744,False,1,0.0,0,"[0.10397, 0.079842, 0.246958, 0.246014, 0.323216]"
Actor,client,7,5042,0,MR,attack_nonmember,evaluation,2,0,0.23746754229068756,0,0.7345184683799744,False,2,0.5,0,"[0.083812, 0.19403, 0.155684, 0.241583, 0.324892]"
Actor,client,7,5144,0,MR,attack_nonmember,evaluation,2,0,0.4197682738304138,0,0.7345184683799744,False,1,1.0,1,"[0.166167, 0.192565, 0.23471, 0.191163, 0.215395]"
Actor,client,7,5308,0,MR,attack_nonmember,evaluation,4,0,0.3264937698841095,0,0.7520955204963684,False,0,,0,"[0.313146, 0.270642, 0.108797, 0.103403, 0.204012]"
Actor,client,7,5415,0,MR,attack_nonmember,evaluation,4,0,0.5695049166679382,0,0.7520955204963684,False,1,0.0,1,"[0.097264, 0.105214, 0.053447, 0.31056, 0.433515]"
Actor,client,7,5513,0,MR,attack_nonmember,evaluation,3,0,0.3895086944103241,0,0.8173993229866028,False,4,0.25,0,"[0.104624, 0.143378, 0.197453, 0.227211, 0.327335]"
Actor,client,7,5649,0,MR,attack_nonmember,evaluation,3,0,0.5109299421310425,0,0.8173993229866028,False,2,0.5,1,"[0.124797, 0.194527, 0.148432, 0.278936, 0.253308]"
Actor,client,7,5772,0,MR,attack_nonmember,evaluation,4,0,0.47109782695770264,0,0.7520955204963684,False,3,0.3333333333333333,1,"[0.13905, 0.142402, 0.199107, 0.257362, 0.262078]"
Actor,client,7,5811,0,MR,attack_nonmember,evaluation,4,0,0.6870976686477661,0,0.7520955204963684,False,10,0.6,1,"[0.047687, 0.120794, 0.162842, 0.22749, 0.441186]"
Actor,client,7,5880,0,MR,attack_nonmember,evaluation,0,0,0.43836337327957153,0,0.5450589656829834,False,1,0.0,0,"[0.181103, 0.171494, 0.257011, 0.210281, 0.180111]"
Actor,client,7,5948,0,MR,attack_nonmember,evaluation,1,0,0.3179379403591156,0,0.6836628317832947,False,2,0.5,0,"[0.105077, 0.179739, 0.267315, 0.18732, 0.260549]"
Actor,client,7,6075,0,MR,attack_nonmember,evaluation,3,0,0.4108255207538605,0,0.8173993229866028,False,2,1.0,0,"[0.112564, 0.191633, 0.210106, 0.235037, 0.25066]"
Actor,client,7,6078,0,MR,attack_nonmember,evaluation,2,0,0.29303401708602905,0,0.7345184683799744,False,0,,0,"[0.22449, 0.115779, 0.164964, 0.248581, 0.246187]"
Actor,client,7,6176,0,MR,attack_nonmember,evaluation,2,0,0.439985990524292,0,0.7345184683799744,False,0,,0,"[0.055123, 0.298436, 0.26428, 0.235038, 0.147122]"
Actor,client,7,6255,0,MR,attack_nonmember,evaluation,1,0,0.3841470777988434,0,0.6836628317832947,False,0,,0,"[0.253803, 0.225133, 0.197832, 0.157063, 0.166169]"
Actor,client,7,6258,0,MR,attack_nonmember,evaluation,3,0,0.15049856901168823,0,0.8173993229866028,False,5,0.4,0,"[0.070639, 0.264764, 0.12111, 0.153566, 0.389921]"
Actor,client,7,6279,0,MR,attack_nonmember,evaluation,4,0,0.4288157522678375,0,0.7520955204963684,False,1,0.0,1,"[0.186089, 0.217429, 0.045085, 0.24224, 0.309157]"
Actor,client,7,6323,0,MR,attack_nonmember,evaluation,3,0,0.32378873229026794,0,0.8173993229866028,False,3,0.0,0,"[0.176897, 0.225629, 0.201079, 0.196784, 0.199611]"
Actor,client,7,6371,0,MR,attack_nonmember,evaluation,3,0,0.4468725919723511,0,0.8173993229866028,False,5,0.2,1,"[0.144949, 0.190678, 0.190918, 0.245194, 0.228261]"
Actor,client,7,6423,0,MR,attack_nonmember,evaluation,4,0,0.44350025057792664,0,0.7520955204963684,False,2,0.5,0,"[0.116869, 0.168382, 0.149585, 0.283931, 0.281232]"
Actor,client,7,6468,0,MR,attack_nonmember,evaluation,2,0,0.5015853643417358,0,0.7345184683799744,False,4,0.25,1,"[0.130291, 0.200965, 0.274881, 0.25237, 0.141493]"
Actor,client,7,6644,0,MR,attack_nonmember,evaluation,2,0,0.46944209933280945,0,0.7345184683799744,False,2,0.0,0,"[0.118314, 0.170384, 0.25863, 0.192846, 0.259826]"
Actor,client,7,6766,0,MR,attack_nonmember,evaluation,3,0,0.5051388740539551,0,0.8173993229866028,False,2,0.0,1,"[0.109378, 0.189558, 0.172177, 0.275918, 0.252969]"
Actor,client,7,6777,0,MR,attack_nonmember,evaluation,4,0,0.49884870648384094,0,0.7520955204963684,False,2,0.5,1,"[0.203221, 0.207257, 0.151422, 0.166473, 0.271627]"
Actor,client,7,6797,0,MR,attack_nonmember,evaluation,2,0,0.11634445190429688,0,0.7345184683799744,False,1,0.0,0,"[0.094537, 0.071127, 0.05668, 0.210026, 0.56763]"
Actor,client,7,6820,0,MR,attack_nonmember,evaluation,3,0,0.5544072985649109,0,0.8173993229866028,False,1,0.0,1,"[0.140885, 0.187813, 0.131228, 0.296444, 0.243631]"
Actor,client,7,6954,0,MR,attack_nonmember,evaluation,1,0,0.4667346477508545,0,0.6836628317832947,False,0,,1,"[0.222062, 0.24287, 0.199833, 0.193945, 0.14129]"
Actor,client,7,6992,0,MR,attack_nonmember,evaluation,0,0,0.29305198788642883,0,0.5450589656829834,False,0,,0,"[0.123551, 0.268732, 0.247797, 0.207731, 0.152188]"
Actor,client,7,7072,0,MR,attack_nonmember,evaluation,4,0,0.35312312841415405,0,0.7520955204963684,False,6,0.0,0,"[0.151177, 0.164761, 0.204687, 0.262487, 0.216888]"
Actor,client,7,7094,0,MR,attack_nonmember,evaluation,2,0,0.306027889251709,0,0.7345184683799744,False,0,,0,"[0.131776, 0.193901, 0.187052, 0.276727, 0.210544]"
Actor,client,7,7249,0,MR,attack_nonmember,evaluation,3,0,0.44448554515838623,0,0.8173993229866028,False,2,0.0,1,"[0.196655, 0.180476, 0.213806, 0.232233, 0.17683]"
Actor,client,7,7307,0,MR,attack_nonmember,evaluation,2,0,0.47584623098373413,0,0.7345184683799744,False,1,0.0,1,"[0.103092, 0.232618, 0.269387, 0.269286, 0.125617]"
Actor,client,7,7334,0,MR,attack_nonmember,evaluation,4,0,0.44896167516708374,0,0.7520955204963684,False,2,0.0,1,"[0.154174, 0.237642, 0.183247, 0.174358, 0.25058]"
Actor,client,7,7422,0,MR,attack_nonmember,evaluation,1,0,0.6486997008323669,0,0.6836628317832947,False,2,0.5,1,"[0.113755, 0.297277, 0.162129, 0.236764, 0.190075]"
Actor,client,7,0,1,MR,attack_nonmember,evaluation,3,0,0.5700305104255676,0,0.8173993229866028,False,2,0.5,1,"[0.114838, 0.229419, 0.1861, 0.304436, 0.165207]"
Actor,client,7,11,1,MR,attack_nonmember,evaluation,1,0,0.3610283434391022,0,0.6836628317832947,False,1,1.0,0,"[0.151837, 0.192848, 0.196669, 0.245456, 0.21319]"
Actor,client,7,84,1,MR,attack_nonmember,evaluation,3,0,0.5615732073783875,0,0.8173993229866028,False,4,0.5,1,"[0.089241, 0.176626, 0.198809, 0.299576, 0.235747]"
Actor,client,7,209,1,MR,attack_nonmember,evaluation,4,0,0.7524322271347046,1,0.7520955204963684,False,0,,1,"[0.01789, 0.073575, 0.059151, 0.13272, 0.716663]"
Actor,client,7,282,1,MR,attack_nonmember,evaluation,2,0,0.4315128028392792,0,0.7345184683799744,False,3,0.0,0,"[0.117915, 0.143784, 0.240503, 0.293719, 0.204078]"
Actor,client,7,301,1,MR,attack_nonmember,evaluation,2,0,0.19862663745880127,0,0.7345184683799744,False,0,,0,"[0.383028, 0.17904, 0.102239, 0.142384, 0.193309]"
Actor,client,7,369,1,MR,attack_nonmember,evaluation,1,0,0.49020886421203613,0,0.6836628317832947,False,0,,0,"[0.13708, 0.255857, 0.270318, 0.122272, 0.214474]"
Actor,client,7,491,1,MR,attack_nonmember,evaluation,2,0,0.47554120421409607,0,0.7345184683799744,False,2,0.0,0,"[0.058284, 0.093142, 0.260373, 0.3113, 0.276902]"
Actor,client,7,500,1,MR,attack_nonmember,evaluation,2,0,0.26126232743263245,0,0.7345184683799744,False,3,0.6666666666666666,0,"[0.076535, 0.167807, 0.168688, 0.433438, 0.153532]"
Actor,client,7,530,1,MR,attack_nonmember,evaluation,1,0,0.4853452146053314,0,0.6836628317832947,False,0,,0,"[0.071576, 0.222724, 0.205969, 0.280896, 0.218835]"
Actor,client,7,559,1,MR,attack_nonmember,evaluation,2,0,0.40993350744247437,0,0.7345184683799744,False,2,0.0,0,"[0.130408, 0.168126, 0.232494, 0.327073, 0.141899]"
Actor,client,7,581,1,MR,attack_nonmember,evaluation,1,0,0.47379356622695923,0,0.6836628317832947,False,0,,0,"[0.103785, 0.23019, 0.288068, 0.188597, 0.18936]"
Actor,client,7,614,1,MR,attack_nonmember,evaluation,2,0,0.6246882081031799,0,0.7345184683799744,False,5,0.6,1,"[0.135727, 0.162274, 0.326921, 0.247346, 0.127733]"
Actor,client,7,698,1,MR,attack_nonmember,evaluation,2,0,0.5253836512565613,0,0.7345184683799744,False,0,,1,"[0.140564, 0.123093, 0.276457, 0.217278, 0.242608]"
Actor,client,7,711,1,MR,attack_nonmember,evaluation,4,0,0.30612000823020935,0,0.7520955204963684,False,2,0.0,0,"[0.160456, 0.164688, 0.197359, 0.274808, 0.202689]"
Actor,client,7,960,1,MR,attack_nonmember,evaluation,2,0,0.37808525562286377,0,0.7345184683799744,False,4,0.25,0,"[0.084346, 0.156039, 0.221765, 0.334115, 0.203736]"
Actor,client,7,966,1,MR,attack_nonmember,evaluation,0,0,0.4135090708732605,0,0.5450589656829834,False,1,0.0,0,"[0.149359, 0.160535, 0.233296, 0.217679, 0.23913]"
Actor,client,7,1005,1,MR,attack_nonmember,evaluation,2,0,0.27471214532852173,0,0.7345184683799744,False,0,,0,"[0.04253, 0.125848, 0.174485, 0.344909, 0.312227]"
Actor,client,7,1015,1,MR,attack_nonmember,evaluation,1,0,0.3247571289539337,0,0.6836628317832947,False,0,,0,"[0.14769, 0.159648, 0.144323, 0.358033, 0.190306]"
Actor,client,7,1034,1,MR,attack_nonmember,evaluation,2,0,0.3491179049015045,0,0.7345184683799744,False,2,0.0,0,"[0.174919, 0.182144, 0.20193, 0.24322, 0.197787]"
Actor,client,7,1106,1,MR,attack_nonmember,evaluation,4,0,0.2783181667327881,0,0.7520955204963684,False,1,0.0,0,"[0.148545, 0.199131, 0.256079, 0.222622, 0.173623]"
Actor,client,7,1138,1,MR,attack_nonmember,evaluation,0,0,0.3068026006221771,0,0.5450589656829834,False,4,0.0,0,"[0.116837, 0.159739, 0.312319, 0.231976, 0.17913]"
Actor,client,7,1180,1,MR,attack_nonmember,evaluation,4,0,0.7958109974861145,1,0.7520955204963684,False,1,1.0,1,"[0.062169, 0.06022, 0.158591, 0.136984, 0.582036]"
Actor,client,7,1189,1,MR,attack_nonmember,evaluation,2,0,0.33046185970306396,0,0.7345184683799744,False,1,0.0,0,"[0.102417, 0.1449, 0.197364, 0.315762, 0.239556]"
Actor,client,7,1207,1,MR,attack_nonmember,evaluation,3,0,0.5504806041717529,0,0.8173993229866028,False,0,,0,"[0.116872, 0.086877, 0.071845, 0.29905, 0.425357]"
Actor,client,7,1223,1,MR,attack_nonmember,evaluation,1,0,0.15702903270721436,0,0.6836628317832947,False,1,0.0,0,"[0.081132, 0.081461, 0.231281, 0.301349, 0.304777]"
Actor,client,7,1238,1,MR,attack_nonmember,evaluation,2,0,0.34475165605545044,0,0.7345184683799744,False,0,,0,"[0.201485, 0.224582, 0.20116, 0.22849, 0.144283]"
Actor,client,7,1260,1,MR,attack_nonmember,evaluation,4,0,0.0932772159576416,0,0.7520955204963684,False,0,,0,"[0.063628, 0.160522, 0.162198, 0.474726, 0.138926]"
Actor,client,7,1576,1,MR,attack_nonmember,evaluation,2,0,0.40052732825279236,0,0.7345184683799744,False,3,0.0,0,"[0.152582, 0.152173, 0.224187, 0.240087, 0.230972]"
Actor,client,7,1595,1,MR,attack_nonmember,evaluation,4,0,0.5980522632598877,0,0.7520955204963684,False,1,1.0,1,"[0.090142, 0.111701, 0.154102, 0.280787, 0.363268]"
Actor,client,7,1654,1,MR,attack_nonmember,evaluation,2,0,0.18898895382881165,0,0.7345184683799744,False,1,0.0,0,"[0.272249, 0.173553, 0.105442, 0.092363, 0.356393]"
Actor,client,7,1743,1,MR,attack_nonmember,evaluation,2,0,0.2677442729473114,0,0.7345184683799744,False,5,0.2,0,"[0.106813, 0.143867, 0.165817, 0.269224, 0.314279]"
Actor,client,7,1759,1,MR,attack_nonmember,evaluation,3,0,0.6068429350852966,0,0.8173993229866028,False,0,,1,"[0.013822, 0.267302, 0.270545, 0.333805, 0.114526]"
Actor,client,7,1788,1,MR,attack_nonmember,evaluation,1,0,0.26863551139831543,0,0.6836628317832947,False,2,0.0,0,"[0.199349, 0.190459, 0.147068, 0.146936, 0.316188]"
Actor,client,7,1969,1,MR,attack_nonmember,evaluation,3,0,0.3383335471153259,0,0.8173993229866028,False,3,0.3333333333333333,0,"[0.131153, 0.222147, 0.247707, 0.203305, 0.195688]"
Actor,client,7,1975,1,MR,attack_nonmember,evaluation,2,0,0.49272066354751587,0,0.7345184683799744,False,1,0.0,1,"[0.095535, 0.215449, 0.27501, 0.154716, 0.259289]"
Actor,client,7,2062,1,MR,attack_nonmember,evaluation,1,0,0.2050129771232605,0,0.6836628317832947,False,0,,0,"[0.028959, 0.071316, 0.211181, 0.458807, 0.229738]"
Actor,client,7,2069,1,MR,attack_nonmember,evaluation,0,0,0.40417513251304626,0,0.5450589656829834,False,0,,0,"[0.181489, 0.254959, 0.227512, 0.191963, 0.144077]"
Actor,client,7,2109,1,MR,attack_nonmember,evaluation,4,0,0.5685811042785645,0,0.7520955204963684,False,1,0.0,1,"[0.10721, 0.242907, 0.167467, 0.162492, 0.319923]"
Actor,client,7,2118,1,MR,attack_nonmember,evaluation,4,0,0.15377576649188995,0,0.7520955204963684,False,1,0.0,0,"[0.143743, 0.208786, 0.172645, 0.321289, 0.153537]"
Actor,client,7,2130,1,MR,attack_nonmember,evaluation,3,0,0.5825614929199219,0,0.8173993229866028,False,1,1.0,1,"[0.125569, 0.163204, 0.170738, 0.305679, 0.23481]"
Actor,client,7,2204,1,MR,attack_nonmember,evaluation,1,0,0.2821163833141327,0,0.6836628317832947,False,2,0.0,0,"[0.219603, 0.165317, 0.168369, 0.259633, 0.187079]"
Actor,client,7,2237,1,MR,attack_nonmember,evaluation,1,0,0.27355605363845825,0,0.6836628317832947,False,1,0.0,0,"[0.117484, 0.151354, 0.227286, 0.257306, 0.246571]"
Actor,client,7,2380,1,MR,attack_nonmember,evaluation,3,0,0.3217785656452179,0,0.8173993229866028,False,0,,0,"[0.098552, 0.245911, 0.246493, 0.204223, 0.20482]"
Actor,client,7,2455,1,MR,attack_nonmember,evaluation,3,0,0.3379174768924713,0,0.8173993229866028,False,3,0.0,0,"[0.148128, 0.239925, 0.241454, 0.202293, 0.1682]"
Actor,client,7,2485,1,MR,attack_nonmember,evaluation,2,0,0.5271486639976501,0,0.7345184683799744,False,0,,0,"[0.112462, 0.096516, 0.277972, 0.321027, 0.192023]"
Actor,client,7,2515,1,MR,attack_nonmember,evaluation,2,0,0.25063565373420715,0,0.7345184683799744,False,3,0.3333333333333333,0,"[0.176894, 0.101624, 0.146221, 0.225302, 0.349959]"
Actor,client,7,2519,1,MR,attack_nonmember,evaluation,4,0,0.7753424048423767,1,0.7520955204963684,False,0,,1,"[0.022247, 0.060696, 0.145035, 0.163902, 0.60812]"
Actor,client,7,2578,1,MR,attack_nonmember,evaluation,4,0,0.450984925031662,0,0.7520955204963684,False,0,,1,"[0.051835, 0.177496, 0.112999, 0.32769, 0.32998]"
Actor,client,7,2593,1,MR,attack_nonmember,evaluation,4,0,0.772932231426239,1,0.7520955204963684,False,2,1.0,1,"[0.066614, 0.093269, 0.112275, 0.124185, 0.603658]"
Actor,client,7,2789,1,MR,attack_nonmember,evaluation,4,0,0.7149345874786377,0,0.7520955204963684,False,1,0.0,1,"[0.016909, 0.058733, 0.113385, 0.246117, 0.564855]"
Actor,client,7,2869,1,MR,attack_nonmember,evaluation,4,0,0.7255148887634277,0,0.7520955204963684,False,0,,1,"[0.038903, 0.206856, 0.303987, 0.094734, 0.35552]"
Actor,client,7,2973,1,MR,attack_nonmember,evaluation,3,0,0.5257536172866821,0,0.8173993229866028,False,3,0.3333333333333333,1,"[0.096413, 0.192958, 0.133922, 0.291621, 0.285086]"
Actor,client,7,3077,1,MR,attack_nonmember,evaluation,3,0,0.7233405709266663,0,0.8173993229866028,False,4,0.5,1,"[0.069561, 0.180499, 0.232169, 0.405977, 0.111794]"
Actor,client,7,3230,1,MR,attack_nonmember,evaluation,4,0,0.2767021059989929,0,0.7520955204963684,False,0,,0,"[0.268125, 0.190326, 0.239596, 0.143535, 0.158418]"
Actor,client,7,3283,1,MR,attack_nonmember,evaluation,4,0,0.3536693751811981,0,0.7520955204963684,False,1,0.0,0,"[0.134505, 0.234474, 0.284874, 0.157869, 0.188277]"
Actor,client,7,77,2,MR,attack_nonmember,evaluation,3,0,0.3783230781555176,0,0.8173993229866028,False,1,0.0,0,"[0.131638, 0.159885, 0.268023, 0.211043, 0.229411]"
Actor,client,7,363,2,MR,attack_nonmember,evaluation,3,0,0.31747788190841675,0,0.8173993229866028,False,1,1.0,0,"[0.096018, 0.19931, 0.397867, 0.181178, 0.125627]"
Actor,client,7,414,2,MR,attack_nonmember,evaluation,0,0,0.19763539731502533,0,0.5450589656829834,False,2,0.0,0,"[0.048967, 0.126916, 0.392684, 0.246307, 0.185126]"
Actor,client,7,839,2,MR,attack_nonmember,evaluation,3,0,0.31807711720466614,0,0.8173993229866028,False,2,0.5,0,"[0.094293, 0.168366, 0.367936, 0.183556, 0.185849]"
Actor,client,7,972,2,MR,attack_nonmember,evaluation,0,0,0.43830013275146484,0,0.5450589656829834,False,1,0.0,0,"[0.044755, 0.041795, 0.079501, 0.265091, 0.568858]"
Actor,client,7,1011,2,MR,attack_nonmember,evaluation,4,0,0.4537534713745117,0,0.7520955204963684,False,1,1.0,1,"[0.181309, 0.144223, 0.22347, 0.215409, 0.23559]"
Actor,client,7,1024,2,MR,attack_nonmember,evaluation,0,0,0.23781491816043854,0,0.5450589656829834,False,1,0.0,0,"[0.100157, 0.194087, 0.410004, 0.149991, 0.145761]"
Actor,client,7,1057,2,MR,attack_nonmember,evaluation,2,0,0.27132129669189453,0,0.7345184683799744,False,1,0.0,0,"[0.13255, 0.217371, 0.171094, 0.20977, 0.269215]"
Actor,client,7,1129,2,MR,attack_nonmember,evaluation,0,0,0.28945112228393555,0,0.5450589656829834,False,1,0.0,0,"[0.121581, 0.197695, 0.348039, 0.170419, 0.162265]"
Actor,client,7,1151,2,MR,attack_nonmember,evaluation,3,0,0.3746874928474426,0,0.8173993229866028,False,2,0.5,0,"[0.070226, 0.159082, 0.298361, 0.215899, 0.256432]"
Actor,client,7,1232,2,MR,attack_nonmember,evaluation,1,0,0.20090270042419434,0,0.6836628317832947,False,2,0.0,0,"[0.044063, 0.103231, 0.384045, 0.214895, 0.253766]"
Actor,client,7,1274,2,MR,attack_nonmember,evaluation,2,0,0.7326247096061707,0,0.7345184683799744,False,2,0.0,1,"[0.094174, 0.136502, 0.387381, 0.201339, 0.180603]"
Actor,client,7,1606,2,MR,attack_nonmember,evaluation,3,0,0.21025913953781128,0,0.8173993229866028,False,1,1.0,0,"[0.067763, 0.201787, 0.479375, 0.133802, 0.117273]"
Actor,client,7,1675,2,MR,attack_nonmember,evaluation,2,0,0.6900352239608765,0,0.7345184683799744,False,1,0.0,1,"[0.066151, 0.147847, 0.365944, 0.193969, 0.226088]"
Actor,client,7,1715,2,MR,attack_nonmember,evaluation,0,0,0.2337629646062851,0,0.5450589656829834,False,1,0.0,0,"[0.092672, 0.199525, 0.395094, 0.151575, 0.161133]"
Actor,client,7,1894,2,MR,attack_nonmember,evaluation,3,0,0.3089924454689026,0,0.8173993229866028,False,1,0.0,0,"[0.117649, 0.203716, 0.297226, 0.187555, 0.193855]"
Actor,client,7,2120,2,MR,attack_nonmember,evaluation,4,0,0.2586131989955902,0,0.7520955204963684,False,1,0.0,0,"[0.10354, 0.200525, 0.397737, 0.162635, 0.135563]"
Actor,client,7,2220,2,MR,attack_nonmember,evaluation,2,0,0.49229222536087036,0,0.7345184683799744,False,1,0.0,1,"[0.135674, 0.16995, 0.266839, 0.186393, 0.241144]"
Actor,client,7,2224,2,MR,attack_nonmember,evaluation,1,0,0.37808048725128174,0,0.6836628317832947,False,0,,0,"[0.249008, 0.223036, 0.182495, 0.1659, 0.17956]"
Actor,client,7,2395,2,MR,attack_nonmember,evaluation,4,0,0.184331476688385,0,0.7520955204963684,False,2,0.0,0,"[0.088163, 0.241228, 0.299969, 0.236355, 0.134286]"
Actor,client,7,2408,2,MR,attack_nonmember,evaluation,4,0,0.7758176922798157,1,0.7520955204963684,False,0,,1,"[0.003531, 0.006832, 0.010087, 0.076719, 0.90283]"
Actor,client,7,2469,2,MR,attack_nonmember,evaluation,3,0,0.22223874926567078,0,0.8173993229866028,False,1,1.0,0,"[0.083617, 0.191008, 0.457379, 0.13854, 0.129456]"
Actor,client,7,2557,2,MR,attack_nonmember,evaluation,4,0,0.47253918647766113,0,0.7520955204963684,False,1,0.0,0,"[0.078432, 0.275122, 0.250137, 0.14909, 0.247218]"
Actor,client,7,2686,2,MR,attack_nonmember,evaluation,3,0,0.25730669498443604,0,0.8173993229866028,False,1,1.0,0,"[0.086133, 0.234293, 0.344609, 0.169084, 0.165881]"
Actor,client,7,3080,2,MR,attack_nonmember,evaluation,4,0,0.4083447754383087,0,0.7520955204963684,False,1,0.0,0,"[0.089912, 0.171652, 0.316621, 0.214914, 0.2069]"
Actor,client,7,3144,2,MR,attack_nonmember,evaluation,4,0,0.39555028080940247,0,0.7520955204963684,False,4,0.0,0,"[0.132602, 0.316923, 0.171348, 0.141732, 0.237394]"
Actor,client,7,3247,2,MR,attack_nonmember,evaluation,4,0,0.24222534894943237,0,0.7520955204963684,False,1,0.0,0,"[0.098114, 0.116107, 0.496598, 0.176753, 0.112428]"
Actor,client,7,3345,2,MR,attack_nonmember,evaluation,3,0,0.31255239248275757,0,0.8173993229866028,False,1,1.0,0,"[0.100976, 0.18031, 0.34929, 0.183553, 0.185872]"
Actor,client,7,4351,2,MR,attack_nonmember,evaluation,2,0,0.413310170173645,0,0.7345184683799744,False,1,0.0,1,"[0.182477, 0.215833, 0.232617, 0.200044, 0.16903]"
Actor,client,7,4424,2,MR,attack_nonmember,evaluation,3,0,0.3285055458545685,0,0.8173993229866028,False,1,1.0,0,"[0.099103, 0.163298, 0.364934, 0.186609, 0.186055]"
Actor,client,7,4483,2,MR,attack_nonmember,evaluation,1,0,0.4200935363769531,0,0.6836628317832947,False,1,0.0,0,"[0.09437, 0.200925, 0.386597, 0.172697, 0.145411]"
Actor,client,7,4590,2,MR,attack_nonmember,evaluation,3,0,0.3204490840435028,0,0.8173993229866028,False,1,1.0,0,"[0.071301, 0.169903, 0.422646, 0.181319, 0.154832]"
Actor,client,7,4656,2,MR,attack_nonmember,evaluation,2,0,0.730486273765564,0,0.7345184683799744,False,1,0.0,1,"[0.084781, 0.179186, 0.391785, 0.188553, 0.155696]"
Actor,client,7,4726,2,MR,attack_nonmember,evaluation,4,0,0.18356572091579437,0,0.7520955204963684,False,0,,0,"[0.202154, 0.233286, 0.22137, 0.204005, 0.139185]"
Actor,client,7,4731,2,MR,attack_nonmember,evaluation,3,0,0.3878854215145111,0,0.8173993229866028,False,2,0.5,0,"[0.08115, 0.103556, 0.467281, 0.194158, 0.153855]"
Actor,client,7,4908,2,MR,attack_nonmember,evaluation,4,0,0.28122958540916443,0,0.7520955204963684,False,1,0.0,0,"[0.076314, 0.206225, 0.298136, 0.245228, 0.174096]"
Actor,client,7,5273,2,MR,attack_nonmember,evaluation,3,0,0.16765785217285156,0,0.8173993229866028,False,1,1.0,0,"[0.098841, 0.234793, 0.381277, 0.123504, 0.161586]"
Actor,client,7,5564,2,MR,attack_nonmember,evaluation,1,0,0.39134302735328674,0,0.6836628317832947,False,1,0.0,0,"[0.094466, 0.189047, 0.401179, 0.172098, 0.143211]"
Actor,client,7,5607,2,MR,attack_nonmember,evaluation,3,0,0.1468050628900528,0,0.8173993229866028,False,1,1.0,0,"[0.079701, 0.226349, 0.333486, 0.121086, 0.239377]"
Actor,client,7,5711,2,MR,attack_nonmember,evaluation,4,0,0.13998405635356903,0,0.7520955204963684,False,1,0.0,0,"[0.20221, 0.276149, 0.097203, 0.267257, 0.157182]"
Actor,client,7,5746,2,MR,attack_nonmember,evaluation,1,0,0.33585119247436523,0,0.6836628317832947,False,1,1.0,0,"[0.152771, 0.173056, 0.209535, 0.280743, 0.183896]"
Actor,client,7,5747,2,MR,attack_nonmember,evaluation,3,0,0.19284820556640625,0,0.8173993229866028,False,1,1.0,0,"[0.071421, 0.20344, 0.419355, 0.133204, 0.17258]"
Actor,client,7,5879,2,MR,attack_nonmember,evaluation,4,0,0.5611990690231323,0,0.7520955204963684,False,1,0.0,1,"[0.181957, 0.186987, 0.191192, 0.157176, 0.282688]"
Actor,client,7,6148,2,MR,attack_nonmember,evaluation,2,0,0.5502661466598511,0,0.7345184683799744,False,2,0.0,1,"[0.102855, 0.190403, 0.297642, 0.194278, 0.214823]"
Actor,client,7,6166,2,MR,attack_nonmember,evaluation,1,0,0.2183460146188736,0,0.6836628317832947,False,4,0.0,0,"[0.061452, 0.141613, 0.258598, 0.173675, 0.364662]"
Actor,client,7,6328,2,MR,attack_nonmember,evaluation,1,0,0.4046437740325928,0,0.6836628317832947,False,1,0.0,0,"[0.106516, 0.195696, 0.42882, 0.147651, 0.121316]"
Actor,client,7,6629,2,MR,attack_nonmember,evaluation,4,0,0.4213956296443939,0,0.7520955204963684,False,1,0.0,0,"[0.129604, 0.182807, 0.324918, 0.162785, 0.199886]"
Actor,client,7,6645,2,MR,attack_nonmember,evaluation,2,0,0.8003610968589783,1,0.7345184683799744,False,1,0.0,1,"[0.080806, 0.194328, 0.444396, 0.149808, 0.130662]"
Actor,client,7,6702,2,MR,attack_nonmember,evaluation,4,0,0.0921936109662056,0,0.7520955204963684,False,0,,0,"[0.027882, 0.343828, 0.065009, 0.399167, 0.164114]"
Actor,client,7,6778,2,MR,attack_nonmember,evaluation,1,0,0.3769250810146332,0,0.6836628317832947,False,1,0.0,0,"[0.101489, 0.18711, 0.405316, 0.157843, 0.148242]"
Actor,client,7,6785,2,MR,attack_nonmember,evaluation,4,0,0.42591002583503723,0,0.7520955204963684,False,1,0.0,0,"[0.071508, 0.179794, 0.391819, 0.163459, 0.193419]"
Actor,client,7,6893,2,MR,attack_nonmember,evaluation,2,0,0.4895492494106293,0,0.7345184683799744,False,1,0.0,1,"[0.129809, 0.18994, 0.268274, 0.206065, 0.205912]"
Actor,client,7,6894,2,MR,attack_nonmember,evaluation,1,0,0.35516348481178284,0,0.6836628317832947,False,1,0.0,0,"[0.072217, 0.171706, 0.478546, 0.140947, 0.136584]"
Actor,client,7,7085,2,MR,attack_nonmember,evaluation,0,0,0.23724472522735596,0,0.5450589656829834,False,1,0.0,0,"[0.102051, 0.18569, 0.424468, 0.149237, 0.138554]"
Actor,client,7,7185,2,MR,attack_nonmember,evaluation,2,0,0.7716576457023621,1,0.7345184683799744,False,1,0.0,1,"[0.079913, 0.217829, 0.42485, 0.160255, 0.117154]"
Actor,client,7,7234,2,MR,attack_nonmember,evaluation,1,0,0.34910300374031067,0,0.6836628317832947,False,2,0.0,0,"[0.062558, 0.163517, 0.367025, 0.233631, 0.173268]"
Actor,client,7,699,3,MR,attack_nonmember,evaluation,4,0,0.4346248507499695,0,0.7520955204963684,False,1,0.0,0,"[0.058762, 0.187362, 0.228148, 0.270899, 0.25483]"
Actor,client,7,777,3,MR,attack_nonmember,evaluation,0,0,0.28408700227737427,0,0.5450589656829834,False,0,,0,"[0.012206, 0.03333, 0.080777, 0.523622, 0.350064]"
Actor,client,7,844,3,MR,attack_nonmember,evaluation,4,0,0.7827165126800537,1,0.7520955204963684,False,0,,1,"[0.000124, 0.000884, 0.000991, 0.045957, 0.952044]"
Actor,client,7,974,3,MR,attack_nonmember,evaluation,4,0,0.5330007672309875,0,0.7520955204963684,False,1,1.0,1,"[0.098469, 0.157827, 0.139605, 0.271644, 0.332454]"
Actor,client,7,994,3,MR,attack_nonmember,evaluation,4,0,0.7549181580543518,1,0.7520955204963684,False,1,1.0,1,"[0.006224, 0.020444, 0.046291, 0.16124, 0.7658]"
Actor,client,7,1047,3,MR,attack_nonmember,evaluation,1,0,0.46458059549331665,0,0.6836628317832947,False,1,1.0,0,"[0.09841, 0.19871, 0.263104, 0.316997, 0.122778]"
Actor,client,7,1466,3,MR,attack_nonmember,evaluation,3,0,0.5826708078384399,0,0.8173993229866028,False,3,0.0,0,"[0.031784, 0.051641, 0.131716, 0.318886, 0.465974]"
Actor,client,7,1488,3,MR,attack_nonmember,evaluation,2,0,0.388149231672287,0,0.7345184683799744,False,1,0.0,1,"[0.157908, 0.22342, 0.224508, 0.200016, 0.194147]"
Actor,client,7,1502,3,MR,attack_nonmember,evaluation,3,0,0.4102720618247986,0,0.8173993229866028,False,1,0.0,0,"[0.203996, 0.123217, 0.237913, 0.21203, 0.222844]"
Actor,client,7,1555,3,MR,attack_nonmember,evaluation,2,0,0.15633170306682587,0,0.7345184683799744,False,0,,0,"[0.047054, 0.166859, 0.104642, 0.284786, 0.396659]"
Actor,client,7,1721,3,MR,attack_nonmember,evaluation,3,0,0.35532450675964355,0,0.8173993229866028,False,1,0.0,0,"[0.201181, 0.202231, 0.236273, 0.198221, 0.162094]"
Actor,client,7,1777,3,MR,attack_nonmember,evaluation,3,0,0.2661932110786438,0,0.8173993229866028,False,2,0.0,0,"[0.187037, 0.288695, 0.161338, 0.182756, 0.180173]"
Actor,client,7,1830,3,MR,attack_nonmember,evaluation,0,0,0.46383634209632874,0,0.5450589656829834,False,2,0.0,0,"[0.175764, 0.193177, 0.155159, 0.267327, 0.208574]"
Actor,client,7,2003,3,MR,attack_nonmember,evaluation,3,0,0.6374093294143677,0,0.8173993229866028,False,2,0.0,1,"[0.114308, 0.185343, 0.230866, 0.331674, 0.137809]"
Actor,client,7,2513,3,MR,attack_nonmember,evaluation,4,0,0.4357127249240875,0,0.7520955204963684,False,4,0.0,0,"[0.134243, 0.157048, 0.144067, 0.287782, 0.27686]"
Actor,client,7,2590,3,MR,attack_nonmember,evaluation,2,0,0.4679628908634186,0,0.7345184683799744,False,0,,1,"[0.196205, 0.182813, 0.251795, 0.175144, 0.194043]"
Actor,client,7,2592,3,MR,attack_nonmember,evaluation,3,0,0.3024906814098358,0,0.8173993229866028,False,1,1.0,0,"[0.185486, 0.209568, 0.283762, 0.176347, 0.144837]"
Actor,client,7,2608,3,MR,attack_nonmember,evaluation,3,0,0.33549070358276367,0,0.8173993229866028,False,0,,0,"[0.233387, 0.235627, 0.164608, 0.19704, 0.169338]"
Actor,client,7,2667,3,MR,attack_nonmember,evaluation,2,0,0.5986584424972534,0,0.7345184683799744,False,0,,0,"[0.012246, 0.042706, 0.315731, 0.508707, 0.120609]"
Actor,client,7,2837,3,MR,attack_nonmember,evaluation,3,0,0.410843163728714,0,0.8173993229866028,False,3,0.3333333333333333,1,"[0.130331, 0.215876, 0.206995, 0.234062, 0.212735]"
Actor,client,7,2847,3,MR,attack_nonmember,evaluation,3,0,0.3755713701248169,0,0.8173993229866028,False,2,0.5,1,"[0.209078, 0.194858, 0.175, 0.2113, 0.209765]"
Actor,client,7,2883,3,MR,attack_nonmember,evaluation,1,0,0.3200676739215851,0,0.6836628317832947,False,1,0.0,0,"[0.103972, 0.181652, 0.148056, 0.256268, 0.310051]"
Actor,client,7,2977,3,MR,attack_nonmember,evaluation,4,0,0.399839848279953,0,0.7520955204963684,False,2,0.5,0,"[0.103653, 0.200059, 0.214286, 0.245552, 0.23645]"
Actor,client,7,3018,3,MR,attack_nonmember,evaluation,4,0,0.7931192517280579,1,0.7520955204963684,False,1,0.0,1,"[0.036059, 0.025087, 0.04989, 0.074153, 0.814811]"
Actor,client,7,3038,3,MR,attack_nonmember,evaluation,4,0,0.6339666247367859,0,0.7520955204963684,False,1,0.0,1,"[0.147345, 0.135669, 0.231711, 0.178508, 0.306766]"
Actor,client,7,3063,3,MR,attack_nonmember,evaluation,1,0,0.3131943643093109,0,0.6836628317832947,False,3,0.3333333333333333,0,"[0.110656, 0.162299, 0.205506, 0.289098, 0.232442]"
Actor,client,7,3098,3,MR,attack_nonmember,evaluation,3,0,0.7010425329208374,0,0.8173993229866028,False,2,0.0,1,"[0.051609, 0.133314, 0.262115, 0.381088, 0.171875]"
Actor,client,7,3297,3,MR,attack_nonmember,evaluation,3,0,0.48642173409461975,0,0.8173993229866028,False,1,0.0,1,"[0.135265, 0.168615, 0.199256, 0.25934, 0.237524]"
Actor,client,7,3383,3,MR,attack_nonmember,evaluation,2,0,0.25659558176994324,0,0.7345184683799744,False,0,,0,"[0.069787, 0.170033, 0.165962, 0.304226, 0.289992]"
Actor,client,7,3452,3,MR,attack_nonmember,evaluation,1,0,0.24335543811321259,0,0.6836628317832947,False,1,0.0,0,"[0.204348, 0.155953, 0.231411, 0.190681, 0.217607]"
Actor,client,7,3552,3,MR,attack_nonmember,evaluation,4,0,0.22639429569244385,0,0.7520955204963684,False,1,0.0,0,"[0.145637, 0.137112, 0.236017, 0.314179, 0.167055]"
Actor,client,7,3556,3,MR,attack_nonmember,evaluation,4,0,0.5407014489173889,0,0.7520955204963684,False,4,0.0,1,"[0.152698, 0.162394, 0.133312, 0.23331, 0.318285]"
Actor,client,7,3601,3,MR,attack_nonmember,evaluation,4,0,0.5584521293640137,0,0.7520955204963684,False,3,0.3333333333333333,1,"[0.039119, 0.141362, 0.152026, 0.302554, 0.364938]"
Actor,client,7,3634,3,MR,attack_nonmember,evaluation,1,0,0.31089821457862854,0,0.6836628317832947,False,0,,0,"[0.121325, 0.159754, 0.211244, 0.293186, 0.214491]"
Actor,client,7,3659,3,MR,attack_nonmember,evaluation,2,0,0.32054904103279114,0,0.7345184683799744,False,6,0.5,0,"[0.068404, 0.151038, 0.196386, 0.309549, 0.274622]"
Actor,client,7,3724,3,MR,attack_nonmember,evaluation,1,0,0.4349490702152252,0,0.6836628317832947,False,1,0.0,0,"[0.149473, 0.218857, 0.189772, 0.246801, 0.195096]"
Actor,client,7,3892,3,MR,attack_nonmember,evaluation,2,0,0.3025016486644745,0,0.7345184683799744,False,0,,0,"[0.247236, 0.203039, 0.174901, 0.221983, 0.15284]"
Actor,client,7,4006,3,MR,attack_nonmember,evaluation,4,0,0.18185104429721832,0,0.7520955204963684,False,0,,0,"[0.222062, 0.24287, 0.199833, 0.193945, 0.14129]"
Actor,client,7,4021,3,MR,attack_nonmember,evaluation,4,0,0.7587223052978516,1,0.7520955204963684,False,4,0.75,1,"[0.017955, 0.06028, 0.20248, 0.215705, 0.503579]"
Actor,client,7,4123,3,MR,attack_nonmember,evaluation,4,0,0.3876105546951294,0,0.7520955204963684,False,1,0.0,0,"[0.111482, 0.195046, 0.183697, 0.265893, 0.243882]"
Actor,client,7,4180,3,MR,attack_nonmember,evaluation,3,0,0.5410771369934082,0,0.8173993229866028,False,1,0.0,0,"[0.205534, 0.173951, 0.277647, 0.260411, 0.082457]"
Actor,client,7,4198,3,MR,attack_nonmember,evaluation,2,0,0.18249985575675964,0,0.7345184683799744,False,5,0.0,0,"[0.081471, 0.266682, 0.128669, 0.28953, 0.233648]"
Actor,client,7,4277,3,MR,attack_nonmember,evaluation,0,0,0.4689617156982422,0,0.5450589656829834,False,1,0.0,0,"[0.198249, 0.245216, 0.16537, 0.223708, 0.167456]"
Actor,client,7,4363,3,MR,attack_nonmember,evaluation,1,0,0.6166989207267761,0,0.6836628317832947,False,1,1.0,1,"[0.171348, 0.286772, 0.167279, 0.235427, 0.139175]"
Actor,client,7,4502,3,MR,attack_nonmember,evaluation,1,0,0.3363954424858093,0,0.6836628317832947,False,2,0.0,0,"[0.162476, 0.18427, 0.130336, 0.28594, 0.236979]"
Actor,client,7,4522,3,MR,attack_nonmember,evaluation,4,0,0.7737193703651428,1,0.7520955204963684,False,1,1.0,1,"[0.071401, 0.098218, 0.077904, 0.094699, 0.657778]"
Actor,client,7,4533,3,MR,attack_nonmember,evaluation,1,0,0.12892098724842072,0,0.6836628317832947,False,5,0.0,0,"[0.090511, 0.085894, 0.18103, 0.237439, 0.405127]"
Actor,client,7,4549,3,MR,attack_nonmember,evaluation,2,0,0.43503883481025696,0,0.7345184683799744,False,4,0.25,0,"[0.054397, 0.117726, 0.246705, 0.446946, 0.134226]"
Actor,client,7,4566,3,MR,attack_nonmember,evaluation,3,0,0.09120069444179535,0,0.8173993229866028,False,3,0.0,0,"[0.078621, 0.051429, 0.121542, 0.100309, 0.648099]"
Actor,client,7,4609,3,MR,attack_nonmember,evaluation,2,0,0.4871067404747009,0,0.7345184683799744,False,0,,0,"[0.132712, 0.059283, 0.254867, 0.275315, 0.277823]"
Actor,client,7,4671,3,MR,attack_nonmember,evaluation,0,0,0.1916676014661789,0,0.5450589656829834,False,0,,0,"[0.058661, 0.191821, 0.403339, 0.173502, 0.172676]"
Actor,client,7,4773,3,MR,attack_nonmember,evaluation,4,0,0.43115708231925964,0,0.7520955204963684,False,2,0.5,0,"[0.142949, 0.169221, 0.162128, 0.263163, 0.26254]"
Actor,client,7,4790,3,MR,attack_nonmember,evaluation,1,0,0.4421892762184143,0,0.6836628317832947,False,0,,0,"[0.089953, 0.196169, 0.129116, 0.379227, 0.205534]"
Actor,client,7,4946,3,MR,attack_nonmember,evaluation,4,0,0.36683210730552673,0,0.7520955204963684,False,2,0.0,0,"[0.125781, 0.177629, 0.254299, 0.234825, 0.207466]"
Actor,client,7,5036,3,MR,attack_nonmember,evaluation,1,0,0.35502392053604126,0,0.6836628317832947,False,1,0.0,0,"[0.186825, 0.193758, 0.223131, 0.219916, 0.17637]"
Actor,client,7,5069,3,MR,attack_nonmember,evaluation,3,0,0.3647693395614624,0,0.8173993229866028,False,2,0.0,0,"[0.170769, 0.252626, 0.238383, 0.209366, 0.128856]"
Actor,client,7,260,4,MR,attack_nonmember,evaluation,2,0,0.26659923791885376,0,0.7345184683799744,False,2,0.5,0,"[0.170268, 0.208509, 0.164272, 0.200215, 0.256736]"
Actor,client,7,263,4,MR,attack_nonmember,evaluation,4,0,0.7401216626167297,0,0.7520955204963684,False,0,,1,"[0.023402, 0.039888, 0.106134, 0.222384, 0.608192]"
Actor,client,7,326,4,MR,attack_nonmember,evaluation,3,0,0.5241683721542358,0,0.8173993229866028,False,2,0.0,0,"[0.112928, 0.133809, 0.19987, 0.275925, 0.277467]"
Actor,client,7,333,4,MR,attack_nonmember,evaluation,2,0,0.31595537066459656,0,0.7345184683799744,False,1,0.0,0,"[0.143825, 0.199832, 0.190834, 0.230348, 0.235162]"
Actor,client,7,453,4,MR,attack_nonmember,evaluation,1,0,0.14720794558525085,0,0.6836628317832947,False,1,0.0,0,"[0.10377, 0.09789, 0.097097, 0.293427, 0.407816]"
Actor,client,7,663,4,MR,attack_nonmember,evaluation,1,0,0.4184055030345917,0,0.6836628317832947,False,1,0.0,1,"[0.219503, 0.230328, 0.186976, 0.18693, 0.176263]"
Actor,client,7,770,4,MR,attack_nonmember,evaluation,3,0,0.6295377612113953,0,0.8173993229866028,False,8,0.0,1,"[0.065684, 0.177712, 0.181506, 0.341258, 0.23384]"
Actor,client,7,860,4,MR,attack_nonmember,evaluation,3,0,0.7469233870506287,0,0.8173993229866028,False,8,0.125,1,"[0.042016, 0.066246, 0.205406, 0.430263, 0.256069]"
Actor,client,7,919,4,MR,attack_nonmember,evaluation,3,0,0.20668983459472656,0,0.8173993229866028,False,2,1.0,0,"[0.204672, 0.337458, 0.095748, 0.167, 0.195122]"
Actor,client,7,1012,4,MR,attack_nonmember,evaluation,4,0,0.6672363877296448,0,0.7520955204963684,False,1,0.0,1,"[0.14535, 0.150603, 0.089537, 0.182384, 0.432126]"
Actor,client,7,1098,4,MR,attack_nonmember,evaluation,4,0,0.5826177000999451,0,0.7520955204963684,False,1,1.0,1,"[0.225598, 0.203014, 0.112383, 0.139494, 0.319512]"
Actor,client,7,1620,4,MR,attack_nonmember,evaluation,1,0,0.43998995423316956,0,0.6836628317832947,False,3,0.3333333333333333,0,"[0.132209, 0.218571, 0.24005, 0.222275, 0.186896]"
Actor,client,7,1677,4,MR,attack_nonmember,evaluation,4,0,0.531430721282959,0,0.7520955204963684,False,2,0.5,1,"[0.139083, 0.156884, 0.216027, 0.213628, 0.274378]"
Actor,client,7,1760,4,MR,attack_nonmember,evaluation,1,0,0.8491708636283875,1,0.6836628317832947,False,0,,1,"[0.091137, 0.432558, 0.129987, 0.106108, 0.240209]"
Actor,client,7,1775,4,MR,attack_nonmember,evaluation,3,0,0.4759412109851837,0,0.8173993229866028,False,1,1.0,0,"[0.117312, 0.114372, 0.216148, 0.252602, 0.299566]"
Actor,client,7,1819,4,MR,attack_nonmember,evaluation,4,0,0.5508347749710083,0,0.7520955204963684,False,3,0.3333333333333333,1,"[0.118577, 0.156275, 0.153301, 0.24817, 0.323678]"
Actor,client,7,2209,4,MR,attack_nonmember,evaluation,2,0,0.23024295270442963,0,0.7345184683799744,False,2,0.0,0,"[0.061501, 0.111698, 0.147452, 0.325398, 0.353951]"
Actor,client,7,2291,4,MR,attack_nonmember,evaluation,3,0,0.7557046413421631,0,0.8173993229866028,False,0,,1,"[0.039729, 0.090231, 0.078256, 0.458644, 0.33314]"
Actor,client,7,2357,4,MR,attack_nonmember,evaluation,3,0,0.3319290578365326,0,0.8173993229866028,False,0,,0,"[0.161883, 0.237428, 0.217259, 0.200812, 0.182618]"
Actor,client,7,2446,4,MR,attack_nonmember,evaluation,3,0,0.5040797591209412,0,0.8173993229866028,False,3,0.6666666666666666,0,"[0.072316, 0.121948, 0.276246, 0.2643, 0.26519]"
Actor,client,7,2566,4,MR,attack_nonmember,evaluation,3,0,0.4415779709815979,0,0.8173993229866028,False,7,0.14285714285714285,0,"[0.068023, 0.079498, 0.114496, 0.258244, 0.479739]"
Actor,client,7,2596,4,MR,attack_nonmember,evaluation,2,0,0.38020312786102295,0,0.7345184683799744,False,6,0.5,0,"[0.1009, 0.125186, 0.218384, 0.337341, 0.218189]"
Actor,client,7,2630,4,MR,attack_nonmember,evaluation,3,0,0.48326805233955383,0,0.8173993229866028,False,3,0.6666666666666666,1,"[0.189713, 0.176417, 0.204549, 0.248841, 0.18048]"
Actor,client,7,2651,4,MR,attack_nonmember,evaluation,0,0,0.3743876516819,0,0.5450589656829834,False,1,0.0,0,"[0.152266, 0.23488, 0.216072, 0.215799, 0.180982]"
Actor,client,7,2684,4,MR,attack_nonmember,evaluation,4,0,0.5801755785942078,0,0.7520955204963684,False,3,0.3333333333333333,1,"[0.083705, 0.131866, 0.274532, 0.226263, 0.283633]"
Actor,client,7,2954,4,MR,attack_nonmember,evaluation,0,0,0.19709092378616333,0,0.5450589656829834,False,0,,0,"[0.078935, 0.284891, 0.381062, 0.101801, 0.153311]"
Actor,client,7,3046,4,MR,attack_nonmember,evaluation,4,0,0.7112624049186707,0,0.7520955204963684,False,0,,1,"[0.068919, 0.17178, 0.204099, 0.1503, 0.404901]"
Actor,client,7,3049,4,MR,attack_nonmember,evaluation,3,0,0.171425461769104,0,0.8173993229866028,False,5,0.0,0,"[0.058083, 0.145039, 0.117483, 0.159839, 0.519556]"
Actor,client,7,3091,4,MR,attack_nonmember,evaluation,4,0,0.31692835688591003,0,0.7520955204963684,False,1,0.0,0,"[0.159316, 0.200011, 0.241302, 0.210826, 0.188546]"
Actor,client,7,3220,4,MR,attack_nonmember,evaluation,4,0,0.2836053669452667,0,0.7520955204963684,False,5,0.0,0,"[0.134732, 0.143989, 0.14381, 0.354135, 0.223335]"
Actor,client,7,3245,4,MR,attack_nonmember,evaluation,3,0,0.48051127791404724,0,0.8173993229866028,False,1,0.0,1,"[0.181612, 0.165057, 0.2097, 0.247746, 0.195885]"
Actor,client,7,3253,4,MR,attack_nonmember,evaluation,4,0,0.05798517167568207,0,0.7520955204963684,False,1,0.0,0,"[0.157597, 0.186107, 0.122634, 0.430249, 0.103413]"
Actor,client,7,3287,4,MR,attack_nonmember,evaluation,4,0,0.19648712873458862,0,0.7520955204963684,False,2,0.0,0,"[0.114976, 0.238985, 0.154373, 0.309551, 0.182115]"
Actor,client,7,3527,4,MR,attack_nonmember,evaluation,2,0,0.7050360441207886,0,0.7345184683799744,False,2,1.0,1,"[0.063782, 0.121989, 0.372131, 0.243864, 0.198235]"
Actor,client,7,3605,4,MR,attack_nonmember,evaluation,3,0,0.39219558238983154,0,0.8173993229866028,False,1,0.0,1,"[0.216049, 0.196738, 0.166532, 0.217207, 0.203474]"
Actor,client,7,3658,4,MR,attack_nonmember,evaluation,2,0,0.28496354818344116,0,0.7345184683799744,False,1,0.0,0,"[0.157978, 0.186728, 0.173402, 0.253187, 0.228705]"
Actor,client,7,3803,4,MR,attack_nonmember,evaluation,2,0,0.34626999497413635,0,0.7345184683799744,False,0,,0,"[0.033717, 0.082392, 0.206965, 0.497905, 0.179022]"
Actor,client,7,4269,4,MR,attack_nonmember,evaluation,3,0,0.03533725067973137,0,0.8173993229866028,False,3,0.3333333333333333,0,"[0.033262, 0.735248, 0.008563, 0.086032, 0.136895]"
Actor,client,7,4381,4,MR,attack_nonmember,evaluation,2,0,0.5505711436271667,0,0.7345184683799744,False,1,1.0,1,"[0.055808, 0.264554, 0.310154, 0.258919, 0.110566]"
Actor,client,7,4454,4,MR,attack_nonmember,evaluation,3,0,0.675616979598999,0,0.8173993229866028,False,1,1.0,1,"[0.060403, 0.196664, 0.165605, 0.375994, 0.201333]"
Actor,client,7,4494,4,MR,attack_nonmember,evaluation,4,0,0.3954218327999115,0,0.7520955204963684,False,4,0.0,0,"[0.136955, 0.189567, 0.323189, 0.159077, 0.191211]"
Actor,client,7,4519,4,MR,attack_nonmember,evaluation,4,0,0.6259816288948059,0,0.7520955204963684,False,2,0.0,1,"[0.110858, 0.125904, 0.195778, 0.229239, 0.338222]"
Actor,client,7,4547,4,MR,attack_nonmember,evaluation,1,0,0.23919980227947235,0,0.6836628317832947,False,7,0.2857142857142857,0,"[0.089084, 0.137395, 0.189772, 0.275045, 0.308704]"
Actor,client,7,4636,4,MR,attack_nonmember,evaluation,2,0,0.6021748185157776,0,0.7345184683799744,False,1,1.0,1,"[0.031255, 0.075508, 0.317232, 0.288021, 0.287985]"
Actor,client,7,4891,4,MR,attack_nonmember,evaluation,1,0,0.09064427763223648,0,0.6836628317832947,False,3,0.0,0,"[0.040847, 0.088499, 0.052288, 0.165066, 0.653299]"
Actor,client,7,5006,4,MR,attack_nonmember,evaluation,1,0,0.3862999975681305,0,0.6836628317832947,False,0,,0,"[0.215398, 0.192426, 0.143686, 0.320646, 0.127844]"
Actor,client,7,5346,4,MR,attack_nonmember,evaluation,4,0,0.4033278822898865,0,0.7520955204963684,False,2,0.0,0,"[0.184823, 0.109922, 0.124274, 0.316284, 0.264697]"
Actor,client,7,5463,4,MR,attack_nonmember,evaluation,4,0,0.5395386815071106,0,0.7520955204963684,False,8,0.125,1,"[0.058607, 0.107709, 0.160936, 0.330223, 0.342525]"
Actor,client,7,5499,4,MR,attack_nonmember,evaluation,4,0,0.6151396632194519,0,0.7520955204963684,False,3,0.0,1,"[0.112193, 0.124411, 0.284382, 0.193906, 0.285108]"
Actor,client,7,5510,4,MR,attack_nonmember,evaluation,2,0,0.1707083284854889,0,0.7345184683799744,False,2,0.0,0,"[0.091779, 0.14512, 0.109396, 0.289245, 0.364461]"
Actor,client,7,5722,4,MR,attack_nonmember,evaluation,4,0,0.6386888027191162,0,0.7520955204963684,False,3,0.0,1,"[0.088607, 0.139159, 0.199156, 0.221699, 0.35138]"
Actor,client,7,5970,4,MR,attack_nonmember,evaluation,2,0,0.44315770268440247,0,0.7345184683799744,False,1,0.0,1,"[0.200423, 0.122988, 0.235255, 0.21223, 0.229104]"
Actor,client,7,6021,4,MR,attack_nonmember,evaluation,2,0,0.17142489552497864,0,0.7345184683799744,False,0,,0,"[0.024711, 0.164095, 0.119703, 0.522229, 0.169261]"
Actor,client,7,6141,4,MR,attack_nonmember,evaluation,1,0,0.3690820634365082,0,0.6836628317832947,False,6,0.16666666666666666,0,"[0.142405, 0.207196, 0.178527, 0.20961, 0.262262]"
Actor,client,7,6251,4,MR,attack_nonmember,evaluation,4,0,0.419556587934494,0,0.7520955204963684,False,2,0.0,1,"[0.161969, 0.18256, 0.220063, 0.207349, 0.22806]"
Actor,client,7,6310,4,MR,attack_nonmember,evaluation,3,0,0.3707384169101715,0,0.8173993229866028,False,0,,0,"[0.092089, 0.130375, 0.076439, 0.236863, 0.464234]"
Actor,client,7,24,5,MR,attack_nonmember,evaluation,4,0,0.5222104787826538,0,0.7520955204963684,False,2,0.0,1,"[0.128559, 0.132892, 0.133176, 0.283256, 0.322118]"
Actor,client,7,39,5,MR,attack_nonmember,evaluation,4,0,0.16245441138744354,0,0.7520955204963684,False,1,0.0,0,"[0.145137, 0.193221, 0.196776, 0.314458, 0.150408]"
Actor,client,7,75,5,MR,attack_nonmember,evaluation,3,0,0.36673876643180847,0,0.8173993229866028,False,0,,0,"[0.134744, 0.251612, 0.300731, 0.208049, 0.104865]"
Actor,client,7,115,5,MR,attack_nonmember,evaluation,4,0,0.7086219787597656,0,0.7520955204963684,False,0,,1,"[0.081135, 0.079451, 0.032555, 0.194224, 0.612634]"
Actor,client,7,258,5,MR,attack_nonmember,evaluation,3,0,0.14199267327785492,0,0.8173993229866028,False,4,0.5,0,"[0.078482, 0.139065, 0.127113, 0.139543, 0.515797]"
Actor,client,7,354,5,MR,attack_nonmember,evaluation,3,0,0.3275044858455658,0,0.8173993229866028,False,4,0.25,0,"[0.092562, 0.179251, 0.182364, 0.2112, 0.334623]"
Actor,client,7,401,5,MR,attack_nonmember,evaluation,0,0,0.518264651298523,0,0.5450589656829834,False,1,0.0,0,"[0.204152, 0.148779, 0.197637, 0.250161, 0.19927]"
Actor,client,7,555,5,MR,attack_nonmember,evaluation,2,0,0.6572526097297668,0,0.7345184683799744,False,2,0.0,1,"[0.055089, 0.168847, 0.351467, 0.186861, 0.237737]"
Actor,client,7,604,5,MR,attack_nonmember,evaluation,3,0,0.4959791302680969,0,0.8173993229866028,False,2,0.0,1,"[0.130081, 0.17359, 0.233001, 0.260126, 0.203202]"
Actor,client,7,628,5,MR,attack_nonmember,evaluation,4,0,0.4195695221424103,0,0.7520955204963684,False,6,0.16666666666666666,0,"[0.131493, 0.236577, 0.22073, 0.180162, 0.231039]"
Actor,client,7,730,5,MR,attack_nonmember,evaluation,4,0,0.38924160599708557,0,0.7520955204963684,False,2,0.0,0,"[0.136913, 0.172009, 0.173493, 0.273306, 0.24428]"
Actor,client,7,884,5,MR,attack_nonmember,evaluation,3,0,0.4101256728172302,0,0.8173993229866028,False,1,1.0,0,"[0.13824, 0.122274, 0.160186, 0.232383, 0.346917]"
Actor,client,7,923,5,MR,attack_nonmember,evaluation,0,0,0.3013499677181244,0,0.5450589656829834,False,2,0.0,0,"[0.10811, 0.194667, 0.272131, 0.22175, 0.203341]"
Actor,client,7,927,5,MR,attack_nonmember,evaluation,3,0,0.1841619610786438,0,0.8173993229866028,False,0,,0,"[0.075254, 0.196594, 0.304879, 0.142663, 0.28061]"
Actor,client,7,990,5,MR,attack_nonmember,evaluation,4,0,0.26143190264701843,0,0.7520955204963684,False,1,0.0,0,"[0.184298, 0.207733, 0.219127, 0.21583, 0.173012]"
Actor,client,7,1100,5,MR,attack_nonmember,evaluation,4,0,0.4637981057167053,0,0.7520955204963684,False,3,0.3333333333333333,1,"[0.154093, 0.19133, 0.162424, 0.223167, 0.268987]"
Actor,client,7,1167,5,MR,attack_nonmember,evaluation,4,0,0.336222767829895,0,0.7520955204963684,False,1,0.0,0,"[0.059382, 0.149493, 0.318451, 0.280809, 0.191865]"
Actor,client,7,1209,5,MR,attack_nonmember,evaluation,0,0,0.3647928833961487,0,0.5450589656829834,False,1,0.0,0,"[0.110731, 0.18127, 0.204184, 0.210369, 0.293446]"
Actor,client,7,1295,5,MR,attack_nonmember,evaluation,2,0,0.31850579380989075,0,0.7345184683799744,False,0,,0,"[0.024852, 0.09255, 0.193962, 0.265849, 0.422787]"
Actor,client,7,1619,5,MR,attack_nonmember,evaluation,3,0,0.5803186893463135,0,0.8173993229866028,False,1,0.0,1,"[0.154618, 0.152468, 0.246726, 0.289398, 0.15679]"
Actor,client,7,1637,5,MR,attack_nonmember,evaluation,2,0,0.5557699203491211,0,0.7345184683799744,False,0,,1,"[0.107044, 0.137378, 0.294681, 0.241511, 0.219386]"
Actor,client,7,1691,5,MR,attack_nonmember,evaluation,2,0,0.514483630657196,0,0.7345184683799744,False,0,,0,"[0.107579, 0.091967, 0.271853, 0.231815, 0.296787]"
Actor,client,7,1802,5,MR,attack_nonmember,evaluation,0,0,0.37352028489112854,0,0.5450589656829834,False,2,0.5,0,"[0.148422, 0.185749, 0.223654, 0.27676, 0.165415]"
Actor,client,7,1847,5,MR,attack_nonmember,evaluation,2,0,0.3695891797542572,0,0.7345184683799744,False,2,0.0,0,"[0.121248, 0.116965, 0.210816, 0.308984, 0.241986]"
Actor,client,7,1902,5,MR,attack_nonmember,evaluation,4,0,0.732319712638855,0,0.7520955204963684,False,1,0.0,1,"[0.134726, 0.09417, 0.202002, 0.176492, 0.392609]"
Actor,client,7,1947,5,MR,attack_nonmember,evaluation,1,0,0.3162676990032196,0,0.6836628317832947,False,1,0.0,0,"[0.114269, 0.180992, 0.191812, 0.227097, 0.28583]"
Actor,client,7,2084,5,MR,attack_nonmember,evaluation,4,0,0.6648853421211243,0,0.7520955204963684,False,6,0.3333333333333333,1,"[0.036354, 0.173587, 0.239968, 0.189636, 0.360455]"
Actor,client,7,2139,5,MR,attack_nonmember,evaluation,4,0,0.7791470289230347,1,0.7520955204963684,False,2,0.5,0,"[0.065883, 0.096737, 0.432778, 0.083023, 0.321579]"
Actor,client,7,2273,5,MR,attack_nonmember,evaluation,4,0,0.4194556474685669,0,0.7520955204963684,False,2,0.0,0,"[0.059776, 0.146012, 0.20484, 0.326208, 0.263164]"
Actor,client,7,2360,5,MR,attack_nonmember,evaluation,0,0,0.5150734782218933,0,0.5450589656829834,False,5,0.4,0,"[0.14909, 0.139515, 0.111644, 0.231948, 0.367802]"
Actor,client,7,2493,5,MR,attack_nonmember,evaluation,3,0,0.39936110377311707,0,0.8173993229866028,False,1,1.0,0,"[0.168078, 0.181816, 0.168587, 0.226386, 0.255134]"
Actor,client,7,2618,5,MR,attack_nonmember,evaluation,2,0,0.2466689497232437,0,0.7345184683799744,False,3,0.0,0,"[0.103138, 0.187042, 0.158323, 0.233957, 0.31754]"
Actor,client,7,2634,5,MR,attack_nonmember,evaluation,4,0,0.5506599545478821,0,0.7520955204963684,False,3,0.6666666666666666,1,"[0.184593, 0.15573, 0.152708, 0.206656, 0.300313]"
Actor,client,7,2640,5,MR,attack_nonmember,evaluation,3,0,0.1556263267993927,0,0.8173993229866028,False,14,0.0,0,"[0.062385, 0.263315, 0.142609, 0.154828, 0.376863]"
Actor,client,7,2892,5,MR,attack_nonmember,evaluation,4,0,0.19541454315185547,0,0.7520955204963684,False,1,0.0,0,"[0.189646, 0.220507, 0.202476, 0.234484, 0.152887]"
Actor,client,7,2931,5,MR,attack_nonmember,evaluation,4,0,0.8013271689414978,1,0.7520955204963684,False,1,1.0,1,"[0.13335, 0.066606, 0.174615, 0.125602, 0.499827]"
Actor,client,7,2979,5,MR,attack_nonmember,evaluation,2,0,0.41151419281959534,0,0.7345184683799744,False,0,,0,"[0.203902, 0.194317, 0.228046, 0.231261, 0.142475]"
Actor,client,7,3087,5,MR,attack_nonmember,evaluation,4,0,0.6506165266036987,0,0.7520955204963684,False,27,0.3333333333333333,1,"[0.020111, 0.084022, 0.04023, 0.269802, 0.585835]"
Actor,client,7,3090,5,MR,attack_nonmember,evaluation,0,0,0.21831315755844116,0,0.5450589656829834,False,2,0.0,0,"[0.05758, 0.147477, 0.370358, 0.208341, 0.216245]"
Actor,client,7,3123,5,MR,attack_nonmember,evaluation,1,0,0.2557204067707062,0,0.6836628317832947,False,3,0.0,0,"[0.107197, 0.157583, 0.200129, 0.217659, 0.317432]"
Actor,client,7,3278,5,MR,attack_nonmember,evaluation,1,0,0.30812868475914,0,0.6836628317832947,False,1,0.0,0,"[0.156147, 0.191262, 0.142098, 0.207237, 0.303256]"
Actor,client,7,3316,5,MR,attack_nonmember,evaluation,4,0,0.26558974385261536,0,0.7520955204963684,False,6,0.3333333333333333,0,"[0.088302, 0.186273, 0.204978, 0.321135, 0.199313]"
Actor,client,7,3354,5,MR,attack_nonmember,evaluation,3,0,0.5227029323577881,0,0.8173993229866028,False,0,,0,"[0.053544, 0.171311, 0.09725, 0.300665, 0.37723]"
Actor,client,7,3358,5,MR,attack_nonmember,evaluation,3,0,0.7624369859695435,0,0.8173993229866028,False,6,0.3333333333333333,1,"[0.044464, 0.082218, 0.092533, 0.464325, 0.31646]"
Actor,client,7,3380,5,MR,attack_nonmember,evaluation,0,0,0.4389983117580414,0,0.5450589656829834,False,2,0.0,0,"[0.158107, 0.185782, 0.173999, 0.244399, 0.237713]"
Actor,client,7,3479,5,MR,attack_nonmember,evaluation,4,0,0.7489591836929321,0,0.7520955204963684,False,1,1.0,1,"[0.074115, 0.147498, 0.19769, 0.135119, 0.445577]"
Actor,client,7,3554,5,MR,attack_nonmember,evaluation,0,0,0.4267672300338745,0,0.5450589656829834,False,0,,0,"[0.186926, 0.230236, 0.190397, 0.263288, 0.129154]"
Actor,client,7,3740,5,MR,attack_nonmember,evaluation,0,0,0.3987515866756439,0,0.5450589656829834,False,1,0.0,0,"[0.151583, 0.233973, 0.202415, 0.182179, 0.22985]"
Actor,client,7,3773,5,MR,attack_nonmember,evaluation,3,0,0.3648695945739746,0,0.8173993229866028,False,2,0.0,0,"[0.107656, 0.22177, 0.273385, 0.213353, 0.183836]"
Actor,client,7,3806,5,MR,attack_nonmember,evaluation,1,0,0.1385020911693573,0,0.6836628317832947,False,2,0.0,0,"[0.079055, 0.095424, 0.228747, 0.196074, 0.400701]"
Actor,client,7,3937,5,MR,attack_nonmember,evaluation,1,0,0.2607039511203766,0,0.6836628317832947,False,1,0.0,0,"[0.170589, 0.150741, 0.214903, 0.249975, 0.213792]"
Actor,client,7,4080,5,MR,attack_nonmember,evaluation,0,0,0.32239967584609985,0,0.5450589656829834,False,0,,0,"[0.145237, 0.332538, 0.148183, 0.257307, 0.116735]"
Actor,client,7,4119,5,MR,attack_nonmember,evaluation,4,0,0.3095317482948303,0,0.7520955204963684,False,4,0.25,0,"[0.107284, 0.25248, 0.16267, 0.255082, 0.222485]"
Actor,client,7,4154,5,MR,attack_nonmember,evaluation,1,0,0.4283933937549591,0,0.6836628317832947,False,10,0.1,0,"[0.103606, 0.211856, 0.174266, 0.271464, 0.238808]"
Actor,client,7,4202,5,MR,attack_nonmember,evaluation,3,0,0.500122606754303,0,0.8173993229866028,False,4,0.25,1,"[0.145922, 0.201082, 0.20898, 0.263935, 0.180081]"
Actor,client,7,4211,5,MR,attack_nonmember,evaluation,2,0,0.4217212498188019,0,0.7345184683799744,False,0,,0,"[0.116023, 0.126063, 0.235493, 0.385256, 0.137164]"
Actor,client,7,4262,7,MR,attack_nonmember,evaluation,3,0,0.37241479754447937,0,0.8173993229866028,False,1,0.0,0,"[0.188031, 0.191692, 0.222319, 0.207485, 0.190472]"
Actor,client,7,4278,7,MR,attack_nonmember,evaluation,2,0,0.7237245440483093,0,0.7345184683799744,False,1,1.0,0,"[0.052162, 0.048015, 0.375571, 0.087406, 0.436846]"
Actor,client,7,4294,7,MR,attack_nonmember,evaluation,1,0,0.32492610812187195,0,0.6836628317832947,False,0,,0,"[0.078379, 0.153757, 0.331008, 0.261034, 0.175822]"
Actor,client,7,4532,7,MR,attack_nonmember,evaluation,1,0,0.36778607964515686,0,0.6836628317832947,False,2,0.5,0,"[0.20652, 0.211309, 0.225414, 0.168099, 0.188658]"
Actor,client,7,4561,7,MR,attack_nonmember,evaluation,0,0,0.38901200890541077,0,0.5450589656829834,False,0,,0,"[0.162243, 0.233458, 0.191599, 0.2579, 0.154801]"
Actor,client,7,4582,7,MR,attack_nonmember,evaluation,3,0,0.3039689064025879,0,0.8173993229866028,False,2,0.5,0,"[0.255169, 0.183768, 0.176852, 0.177603, 0.206608]"
Actor,client,7,4583,7,MR,attack_nonmember,evaluation,4,0,0.5240009427070618,0,0.7520955204963684,False,1,0.0,1,"[0.2055, 0.170512, 0.154828, 0.187912, 0.281248]"
Actor,client,7,4844,7,MR,attack_nonmember,evaluation,2,0,0.3790152966976166,0,0.7345184683799744,False,4,0.0,0,"[0.088501, 0.152244, 0.220689, 0.238426, 0.30014]"
Actor,client,7,4859,7,MR,attack_nonmember,evaluation,2,0,0.564058780670166,0,0.7345184683799744,False,3,1.0,1,"[0.041917, 0.216702, 0.312857, 0.280339, 0.148186]"
Actor,client,7,4879,7,MR,attack_nonmember,evaluation,1,0,0.29984399676322937,0,0.6836628317832947,False,1,0.0,0,"[0.101561, 0.168773, 0.182738, 0.255545, 0.291383]"
Actor,client,7,4970,7,MR,attack_nonmember,evaluation,3,0,0.38958740234375,0,0.8173993229866028,False,0,,0,"[0.132299, 0.130811, 0.212198, 0.220094, 0.304598]"
Actor,client,7,5089,7,MR,attack_nonmember,evaluation,2,0,0.3139747381210327,0,0.7345184683799744,False,3,0.3333333333333333,0,"[0.145202, 0.187208, 0.188459, 0.208995, 0.270136]"
Actor,client,7,5131,7,MR,attack_nonmember,evaluation,1,0,0.31558528542518616,0,0.6836628317832947,False,0,,0,"[0.162954, 0.159578, 0.208854, 0.305949, 0.162665]"
Actor,client,7,5132,7,MR,attack_nonmember,evaluation,4,0,0.38004812598228455,0,0.7520955204963684,False,3,0.0,0,"[0.175098, 0.150064, 0.215579, 0.242185, 0.217073]"
Actor,client,7,5175,7,MR,attack_nonmember,evaluation,0,0,0.42583075165748596,0,0.5450589656829834,False,4,0.25,0,"[0.077497, 0.12724, 0.111204, 0.205631, 0.478428]"
Actor,client,7,5184,7,MR,attack_nonmember,evaluation,2,0,0.23624424636363983,0,0.7345184683799744,False,1,0.0,0,"[0.108203, 0.058319, 0.141794, 0.306654, 0.38503]"
Actor,client,7,5313,7,MR,attack_nonmember,evaluation,4,0,0.5184330344200134,0,0.7520955204963684,False,1,0.0,0,"[0.097675, 0.147718, 0.302218, 0.206933, 0.245455]"
Actor,client,7,5373,7,MR,attack_nonmember,evaluation,3,0,0.5417636036872864,0,0.8173993229866028,False,0,,0,"[0.09751, 0.066572, 0.413386, 0.255049, 0.167483]"
Actor,client,7,5435,7,MR,attack_nonmember,evaluation,2,0,0.26248350739479065,0,0.7345184683799744,False,1,0.0,0,"[0.216432, 0.189998, 0.156624, 0.248018, 0.188928]"
Actor,client,7,5569,7,MR,attack_nonmember,evaluation,2,0,0.5248875617980957,0,0.7345184683799744,False,2,0.0,1,"[0.161939, 0.113056, 0.273559, 0.264249, 0.187196]"
Actor,client,7,5598,7,MR,attack_nonmember,evaluation,0,0,0.38313552737236023,0,0.5450589656829834,False,2,0.5,0,"[0.124599, 0.154356, 0.205583, 0.25857, 0.256892]"
Actor,client,7,5634,7,MR,attack_nonmember,evaluation,3,0,0.48250943422317505,0,0.8173993229866028,False,1,1.0,0,"[0.139885, 0.137158, 0.216599, 0.252802, 0.253557]"
Actor,client,7,5669,7,MR,attack_nonmember,evaluation,2,0,0.3020366430282593,0,0.7345184683799744,False,0,,0,"[0.141828, 0.33659, 0.196066, 0.190594, 0.134923]"
Actor,client,7,5715,7,MR,attack_nonmember,evaluation,4,0,0.6444087028503418,0,0.7520955204963684,False,2,0.0,1,"[0.137768, 0.133678, 0.287437, 0.153273, 0.287843]"
Actor,client,7,5784,7,MR,attack_nonmember,evaluation,1,0,0.28334468603134155,0,0.6836628317832947,False,4,0.25,0,"[0.142394, 0.176327, 0.127886, 0.235723, 0.317671]"
Actor,client,7,5822,7,MR,attack_nonmember,evaluation,1,0,0.3714892566204071,0,0.6836628317832947,False,0,,0,"[0.196757, 0.203612, 0.1233, 0.266009, 0.210322]"
Actor,client,7,5932,7,MR,attack_nonmember,evaluation,2,0,0.33044809103012085,0,0.7345184683799744,False,5,0.0,0,"[0.108718, 0.170438, 0.198445, 0.244047, 0.278353]"
Actor,client,7,6140,7,MR,attack_nonmember,evaluation,4,0,0.6554606556892395,0,0.7520955204963684,False,9,0.2222222222222222,1,"[0.112418, 0.101584, 0.293828, 0.19279, 0.29938]"
Actor,client,7,6261,7,MR,attack_nonmember,evaluation,3,0,0.4979439675807953,0,0.8173993229866028,False,1,0.0,0,"[0.079951, 0.176967, 0.292253, 0.262266, 0.188563]"
Actor,client,7,6267,7,MR,attack_nonmember,evaluation,0,0,0.42330121994018555,0,0.5450589656829834,False,1,0.0,0,"[0.166265, 0.182216, 0.222143, 0.233219, 0.196157]"
Actor,client,7,6276,7,MR,attack_nonmember,evaluation,1,0,0.293702095746994,0,0.6836628317832947,False,0,,0,"[0.29662, 0.170326, 0.07646, 0.320899, 0.135695]"
Actor,client,7,6429,7,MR,attack_nonmember,evaluation,4,0,0.46474355459213257,0,0.7520955204963684,False,1,0.0,0,"[0.156896, 0.125207, 0.208852, 0.256821, 0.252224]"
Actor,client,7,6650,7,MR,attack_nonmember,evaluation,4,0,0.34692174196243286,0,0.7520955204963684,False,2,1.0,0,"[0.12825, 0.169002, 0.278928, 0.230534, 0.193284]"
Actor,client,7,6714,7,MR,attack_nonmember,evaluation,1,0,0.4483650028705597,0,0.6836628317832947,False,2,0.5,0,"[0.109209, 0.216073, 0.266281, 0.225203, 0.183234]"
Actor,client,7,6799,7,MR,attack_nonmember,evaluation,0,0,0.5183134078979492,0,0.5450589656829834,False,5,0.2,0,"[0.205948, 0.202052, 0.176455, 0.198244, 0.217302]"
Actor,client,7,6990,7,MR,attack_nonmember,evaluation,0,0,0.42658936977386475,0,0.5450589656829834,False,0,,0,"[0.169937, 0.217134, 0.177669, 0.250816, 0.184444]"
Actor,client,7,7058,7,MR,attack_nonmember,evaluation,3,0,0.5158912539482117,0,0.8173993229866028,False,1,0.0,1,"[0.150423, 0.218906, 0.182307, 0.274099, 0.174264]"
Actor,client,7,7148,7,MR,attack_nonmember,evaluation,0,0,0.481268048286438,0,0.5450589656829834,False,0,,0,"[0.201003, 0.21271, 0.098624, 0.372001, 0.115661]"
Actor,client,7,7221,7,MR,attack_nonmember,evaluation,2,0,0.28740522265434265,0,0.7345184683799744,False,1,0.0,0,"[0.184813, 0.140124, 0.167516, 0.191353, 0.316194]"
Actor,client,7,7273,7,MR,attack_nonmember,evaluation,3,0,0.5750895142555237,0,0.8173993229866028,False,0,,1,"[0.171284, 0.197097, 0.164612, 0.297272, 0.169736]"
Actor,client,7,7285,7,MR,attack_nonmember,evaluation,1,0,0.24389594793319702,0,0.6836628317832947,False,0,,0,"[0.16365, 0.1342, 0.133932, 0.336876, 0.231342]"
Actor,client,7,7331,7,MR,attack_nonmember,evaluation,4,0,0.5239629149436951,0,0.7520955204963684,False,3,0.0,1,"[0.109675, 0.117362, 0.201636, 0.280663, 0.290665]"
Actor,client,7,7403,7,MR,attack_nonmember,evaluation,3,0,0.2939136028289795,0,0.8173993229866028,False,0,,0,"[0.256751, 0.162648, 0.223636, 0.16656, 0.190405]"
Actor,client,7,7450,7,MR,attack_nonmember,evaluation,4,0,0.3724987804889679,0,0.7520955204963684,False,2,0.0,0,"[0.172968, 0.166275, 0.174692, 0.256057, 0.230008]"
Actor,client,7,7488,7,MR,attack_nonmember,evaluation,1,0,0.4667346477508545,0,0.6836628317832947,False,0,,1,"[0.222062, 0.24287, 0.199833, 0.193945, 0.14129]"
Actor,client,7,7561,7,MR,attack_nonmember,evaluation,3,0,0.8140531182289124,0,0.8173993229866028,False,0,,1,"[0.04124, 0.041533, 0.11944, 0.557661, 0.240125]"
Actor,client,7,755,7,MR,attack_nonmember,evaluation,2,0,0.2565970718860626,0,0.7345184683799744,False,1,1.0,0,"[0.085184, 0.23708, 0.170663, 0.34778, 0.159293]"
Actor,client,7,1459,7,MR,attack_nonmember,evaluation,2,0,0.3168507516384125,0,0.7345184683799744,False,0,,0,"[0.138993, 0.261162, 0.197919, 0.323333, 0.078593]"
Actor,client,7,2732,7,MR,attack_nonmember,evaluation,0,0,0.4402446150779724,0,0.5450589656829834,False,1,0.0,0,"[0.158543, 0.19884, 0.169604, 0.227835, 0.245177]"
Actor,client,7,2885,7,MR,attack_nonmember,evaluation,3,0,0.32978764176368713,0,0.8173993229866028,False,2,0.5,0,"[0.181363, 0.177477, 0.199205, 0.195501, 0.246453]"
Actor,client,7,3145,7,MR,attack_nonmember,evaluation,4,0,0.6993134021759033,0,0.7520955204963684,False,7,0.2857142857142857,1,"[0.100874, 0.188848, 0.089152, 0.130865, 0.490261]"
Actor,client,7,4580,7,MR,attack_nonmember,evaluation,0,0,0.4416041374206543,0,0.5450589656829834,False,3,0.0,0,"[0.036343, 0.030582, 0.065343, 0.27141, 0.596321]"
Actor,client,7,4717,7,MR,attack_nonmember,evaluation,3,0,0.44141024351119995,0,0.8173993229866028,False,7,0.14285714285714285,0,"[0.118229, 0.208557, 0.151269, 0.253698, 0.268247]"
Actor,client,7,5122,7,MR,attack_nonmember,evaluation,2,0,0.23737940192222595,0,0.7345184683799744,False,1,0.0,0,"[0.153888, 0.219083, 0.150886, 0.201934, 0.274209]"
Actor,client,7,5705,7,MR,attack_nonmember,evaluation,4,0,0.6404116749763489,0,0.7520955204963684,False,0,,1,"[0.016281, 0.012987, 0.057214, 0.35085, 0.562669]"
Actor,client,7,5236,9,MR,attack_nonmember,evaluation,4,0,0.46380141377449036,0,0.7520955204963684,False,0,,1,"[0.064602, 0.199866, 0.058757, 0.306246, 0.370528]"
Actor,client,7,5282,9,MR,attack_nonmember,evaluation,4,0,0.58338463306427,0,0.7520955204963684,False,0,,1,"[0.022774, 0.088285, 0.203655, 0.332848, 0.352438]"
Actor,client,7,5452,9,MR,attack_nonmember,evaluation,4,0,0.2742493748664856,0,0.7520955204963684,False,0,,0,"[0.004636, 0.023786, 0.339875, 0.448349, 0.183354]"
Actor,client,7,5495,9,MR,attack_nonmember,evaluation,4,0,0.481571763753891,0,0.7520955204963684,False,1,0.0,0,"[0.063327, 0.131498, 0.314971, 0.252192, 0.238012]"
Actor,client,7,5585,9,MR,attack_nonmember,evaluation,3,0,0.4320179224014282,0,0.8173993229866028,False,0,,0,"[0.188301, 0.071561, 0.129998, 0.232551, 0.377589]"
Actor,client,7,5612,9,MR,attack_nonmember,evaluation,4,0,0.35861465334892273,0,0.7520955204963684,False,0,,0,"[0.051058, 0.304577, 0.09581, 0.261825, 0.28673]"
Actor,client,7,5638,9,MR,attack_nonmember,evaluation,4,0,0.7362527251243591,0,0.7520955204963684,False,0,,1,"[0.017631, 0.106705, 0.143196, 0.185565, 0.546904]"
Actor,client,7,5886,9,MR,attack_nonmember,evaluation,4,0,0.7204791307449341,0,0.7520955204963684,False,0,,1,"[0.095669, 0.162807, 0.037458, 0.105859, 0.598206]"
Actor,client,7,5914,9,MR,attack_nonmember,evaluation,4,0,0.2000187188386917,0,0.7520955204963684,False,2,0.5,0,"[0.06818, 0.205677, 0.22167, 0.333472, 0.171001]"
Actor,client,7,6235,9,MR,attack_nonmember,evaluation,3,0,0.5857036113739014,0,0.8173993229866028,False,1,1.0,1,"[0.082503, 0.110728, 0.273516, 0.298403, 0.234851]"
Actor,client,7,6298,9,MR,attack_nonmember,evaluation,2,0,0.5442599058151245,0,0.7345184683799744,False,0,,1,"[0.137698, 0.229575, 0.295386, 0.15036, 0.186981]"
Actor,client,7,6357,9,MR,attack_nonmember,evaluation,2,0,0.5200909376144409,0,0.7345184683799744,False,1,1.0,1,"[0.120957, 0.229264, 0.286128, 0.159381, 0.20427]"
Actor,client,7,6774,9,MR,attack_nonmember,evaluation,0,0,0.361956924200058,0,0.5450589656829834,False,0,,0,"[0.136044, 0.333858, 0.12401, 0.170107, 0.235981]"
Actor,client,7,6878,9,MR,attack_nonmember,evaluation,1,0,0.18624605238437653,0,0.6836628317832947,False,0,,0,"[0.069696, 0.105243, 0.313939, 0.221231, 0.289892]"
Actor,client,7,6971,9,MR,attack_nonmember,evaluation,4,0,0.5417428612709045,0,0.7520955204963684,False,2,0.0,1,"[0.10553, 0.187482, 0.195944, 0.214395, 0.29665]"
Actor,client,7,6977,9,MR,attack_nonmember,evaluation,2,0,0.34475165605545044,0,0.7345184683799744,False,0,,0,"[0.201485, 0.224582, 0.20116, 0.22849, 0.144283]"
Actor,client,7,7013,9,MR,attack_nonmember,evaluation,4,0,0.5382149815559387,0,0.7520955204963684,False,0,,1,"[0.264088, 0.061324, 0.040973, 0.287383, 0.346233]"
Actor,client,7,7015,9,MR,attack_nonmember,evaluation,2,0,0.2382822334766388,0,0.7345184683799744,False,0,,0,"[0.03056, 0.193768, 0.160766, 0.21394, 0.400966]"
Actor,client,7,7026,9,MR,attack_nonmember,evaluation,2,0,0.29818597435951233,0,0.7345184683799744,False,0,,0,"[0.309127, 0.161636, 0.163382, 0.227536, 0.13832]"
Actor,client,7,7089,9,MR,attack_nonmember,evaluation,0,0,0.36743658781051636,0,0.5450589656829834,False,1,0.0,0,"[0.081469, 0.078143, 0.191838, 0.301906, 0.346644]"
Actor,client,7,7166,9,MR,attack_nonmember,evaluation,1,0,0.15296670794487,0,0.6836628317832947,False,1,0.0,0,"[0.076061, 0.061058, 0.157511, 0.41888, 0.28649]"
Actor,client,7,7173,9,MR,attack_nonmember,evaluation,4,0,0.1500755399465561,0,0.7520955204963684,False,0,,0,"[0.21315, 0.059919, 0.155065, 0.415404, 0.156462]"
Actor,client,7,7180,9,MR,attack_nonmember,evaluation,3,0,0.4798605144023895,0,0.8173993229866028,False,0,,0,"[0.054988, 0.048238, 0.473202, 0.2282, 0.195372]"
Actor,client,7,7474,9,MR,attack_nonmember,evaluation,3,0,0.39745205640792847,0,0.8173993229866028,False,2,0.5,0,"[0.150528, 0.181088, 0.253051, 0.217974, 0.197359]"
Actor,client,7,764,9,MR,attack_nonmember,evaluation,1,0,0.21905186772346497,0,0.6836628317832947,False,7,0.14285714285714285,0,"[0.051828, 0.146637, 0.160994, 0.214221, 0.426319]"
Actor,client,7,1291,9,MR,attack_nonmember,evaluation,1,0,0.25145262479782104,0,0.6836628317832947,False,2,0.0,0,"[0.07541, 0.105294, 0.312224, 0.349847, 0.157225]"
Actor,client,7,1449,9,MR,attack_nonmember,evaluation,2,0,0.149114727973938,0,0.7345184683799744,False,1,0.0,0,"[0.072314, 0.104545, 0.093274, 0.485478, 0.244389]"
Actor,client,7,1520,9,MR,attack_nonmember,evaluation,1,0,0.35710734128952026,0,0.6836628317832947,False,1,1.0,0,"[0.107773, 0.168147, 0.220948, 0.320529, 0.182603]"
Actor,client,7,1945,9,MR,attack_nonmember,evaluation,3,0,0.7168832421302795,0,0.8173993229866028,False,2,0.0,1,"[0.071357, 0.058748, 0.17747, 0.394898, 0.297527]"
Actor,client,7,3192,9,MR,attack_nonmember,evaluation,0,0,0.29463496804237366,0,0.5450589656829834,False,2,0.5,0,"[0.104925, 0.174762, 0.27217, 0.261844, 0.186299]"
Actor,client,7,4002,9,MR,attack_nonmember,evaluation,2,0,0.3347233831882477,0,0.7345184683799744,False,1,0.0,0,"[0.067318, 0.176011, 0.205606, 0.344148, 0.206917]"
Actor,client,7,4490,9,MR,attack_nonmember,evaluation,1,0,0.2115979790687561,0,0.6836628317832947,False,1,0.0,0,"[0.20763, 0.137693, 0.14136, 0.260357, 0.252959]"
Actor,client,7,4670,9,MR,attack_nonmember,evaluation,4,0,0.7707437872886658,1,0.7520955204963684,False,2,0.5,1,"[0.004304, 0.019196, 0.003148, 0.071459, 0.901893]"
Actor,client,7,4696,9,MR,attack_nonmember,evaluation,3,0,0.37590453028678894,0,0.8173993229866028,False,1,0.0,1,"[0.194634, 0.200306, 0.177785, 0.213757, 0.213519]"
Actor,client,7,4978,9,MR,attack_nonmember,evaluation,1,0,0.2858618497848511,0,0.6836628317832947,False,1,0.0,0,"[0.073926, 0.164024, 0.18415, 0.249293, 0.328607]"
Actor,client,7,5420,9,MR,attack_nonmember,evaluation,4,0,0.6433648467063904,0,0.7520955204963684,False,1,0.0,1,"[0.033426, 0.124153, 0.161011, 0.265004, 0.416405]"
Actor,client,7,5821,9,MR,attack_nonmember,evaluation,1,0,0.14729174971580505,0,0.6836628317832947,False,0,,0,"[0.11769, 0.08174, 0.148607, 0.328855, 0.323107]"
Actor,client,7,5973,9,MR,attack_nonmember,evaluation,3,0,0.5271044969558716,0,0.8173993229866028,False,1,0.0,0,"[0.075692, 0.141522, 0.190555, 0.285197, 0.307033]"
Actor,client,7,6103,9,MR,attack_nonmember,evaluation,3,0,0.6843607425689697,0,0.8173993229866028,False,1,1.0,1,"[0.105465, 0.173533, 0.206469, 0.367137, 0.147396]"
Actor,client,7,6441,9,MR,attack_nonmember,evaluation,1,0,0.2987499535083771,0,0.6836628317832947,False,3,0.3333333333333333,0,"[0.087996, 0.160502, 0.241892, 0.249609, 0.26]"
Actor,client,7,7065,9,MR,attack_nonmember,evaluation,4,0,0.637511670589447,0,0.7520955204963684,False,2,1.0,1,"[0.022641, 0.069965, 0.066972, 0.307055, 0.533368]"
Actor,client,7,7369,9,MR,attack_nonmember,evaluation,4,0,0.09219495952129364,0,0.7520955204963684,False,2,0.5,0,"[0.054194, 0.131478, 0.186699, 0.493948, 0.133681]"
Actor,client,7,7466,9,MR,attack_nonmember,evaluation,4,0,0.46340715885162354,0,0.7520955204963684,False,1,0.0,1,"[0.113744, 0.182414, 0.120329, 0.277625, 0.305887]"
Actor,client,7,475,9,MR,attack_nonmember,evaluation,2,0,0.3943575620651245,0,0.7345184683799744,False,2,0.0,0,"[0.11114, 0.172961, 0.227218, 0.234337, 0.254344]"
Actor,client,7,975,9,MR,attack_nonmember,evaluation,2,0,0.364134281873703,0,0.7345184683799744,False,1,0.0,0,"[0.070089, 0.188235, 0.219301, 0.273419, 0.248955]"
Actor,client,7,1202,9,MR,attack_nonmember,evaluation,4,0,0.446267306804657,0,0.7520955204963684,False,1,0.0,1,"[0.129866, 0.165411, 0.193314, 0.254436, 0.256973]"
Actor,client,7,1293,9,MR,attack_nonmember,evaluation,2,0,0.35569480061531067,0,0.7345184683799744,False,2,0.0,0,"[0.172971, 0.221565, 0.208489, 0.219253, 0.177723]"
Actor,client,7,1707,9,MR,attack_nonmember,evaluation,4,0,0.666161835193634,0,0.7520955204963684,False,2,0.0,1,"[0.126969, 0.160123, 0.241907, 0.148685, 0.322315]"
Actor,client,7,2708,9,MR,attack_nonmember,evaluation,1,0,0.3913448750972748,0,0.6836628317832947,False,3,0.0,0,"[0.097922, 0.199908, 0.233129, 0.232472, 0.23657]"
Actor,client,7,2771,9,MR,attack_nonmember,evaluation,2,0,0.38704630732536316,0,0.7345184683799744,False,1,0.0,0,"[0.129014, 0.250384, 0.229255, 0.206716, 0.184631]"
Actor,client,7,3965,9,MR,attack_nonmember,evaluation,2,0,0.7232274413108826,0,0.7345184683799744,False,1,1.0,1,"[0.075475, 0.301077, 0.402138, 0.116561, 0.104749]"
Actor,client,7,4328,9,MR,attack_nonmember,evaluation,2,0,0.171123206615448,0,0.7345184683799744,False,7,0.2857142857142857,0,"[0.042498, 0.197932, 0.118229, 0.249782, 0.39156]"
Actor,client,7,4362,9,MR,attack_nonmember,evaluation,2,0,0.2345656156539917,0,0.7345184683799744,False,3,0.6666666666666666,0,"[0.166043, 0.180125, 0.145466, 0.268585, 0.239781]"
Actor,client,7,5587,9,MR,attack_nonmember,evaluation,3,0,0.6513888835906982,0,0.8173993229866028,False,2,0.0,0,"[0.378448, 0.067672, 0.092021, 0.29999, 0.161869]"
Actor,client,7,6726,9,MR,attack_nonmember,evaluation,2,0,0.18351051211357117,0,0.7345184683799744,False,1,0.0,0,"[0.191515, 0.180402, 0.11068, 0.164733, 0.35267]"
Actor,client,7,6871,9,MR,attack_nonmember,evaluation,1,0,0.4738422632217407,0,0.6836628317832947,False,1,1.0,1,"[0.162221, 0.244774, 0.169105, 0.208878, 0.215023]"
Actor,client,7,7169,9,MR,attack_nonmember,evaluation,4,0,0.40735942125320435,0,0.7520955204963684,False,1,0.0,0,"[0.103451, 0.20509, 0.156611, 0.269798, 0.265051]"
Actor,client,7,7425,9,MR,attack_nonmember,evaluation,3,0,0.34910649061203003,0,0.8173993229866028,False,2,0.5,0,"[0.143041, 0.180421, 0.21407, 0.206865, 0.255602]"
Actor,client,7,34,6,MR,F,evaluation,4,0,0.5245389342308044,0,0.7520955204963684,False,1,0.0,1,"[0.098183, 0.142329, 0.114736, 0.29696, 0.347792]"
Actor,client,7,98,6,MR,F,evaluation,4,0,0.7422585487365723,0,0.7520955204963684,False,0,,1,"[0.003864, 0.006864, 0.035242, 0.190606, 0.763424]"
Actor,client,7,111,6,MR,F,evaluation,3,0,0.3030743896961212,0,0.8173993229866028,False,1,0.0,0,"[0.206882, 0.204843, 0.175478, 0.186457, 0.22634]"
Actor,client,7,140,6,MR,F,evaluation,2,0,0.23853172361850739,0,0.7345184683799744,False,0,,0,"[0.057099, 0.18529, 0.159717, 0.436732, 0.161162]"
Actor,client,7,201,6,MR,F,evaluation,3,0,0.41953158378601074,0,0.8173993229866028,False,2,1.0,0,"[0.151227, 0.158209, 0.201131, 0.230808, 0.258625]"
Actor,client,7,230,6,MR,F,evaluation,3,0,0.3841843605041504,0,0.8173993229866028,False,4,0.5,0,"[0.138708, 0.188589, 0.243063, 0.216899, 0.212742]"
Actor,client,7,256,6,MR,F,evaluation,2,0,0.21825775504112244,0,0.7345184683799744,False,1,0.0,0,"[0.076837, 0.032104, 0.1313, 0.214618, 0.545141]"
Actor,client,7,268,6,MR,F,evaluation,2,0,0.3350166976451874,0,0.7345184683799744,False,1,0.0,0,"[0.10379, 0.152795, 0.199816, 0.287279, 0.256321]"
Actor,client,7,271,6,MR,F,evaluation,1,0,0.1517653614282608,0,0.6836628317832947,False,4,0.0,0,"[0.10347, 0.076448, 0.206947, 0.325002, 0.288133]"
Actor,client,7,286,6,MR,F,evaluation,3,0,0.39673468470573425,0,0.8173993229866028,False,12,0.25,0,"[0.059443, 0.129211, 0.330073, 0.219709, 0.261564]"
Actor,client,7,292,6,MR,F,evaluation,1,0,0.4673405885696411,0,0.6836628317832947,False,1,0.0,1,"[0.142151, 0.237364, 0.189913, 0.21518, 0.215391]"
Actor,client,7,309,6,MR,F,evaluation,4,0,0.5902593731880188,0,0.7520955204963684,False,1,0.0,1,"[0.070119, 0.083634, 0.215495, 0.302797, 0.327955]"
Actor,client,7,393,6,MR,F,evaluation,3,0,0.2500396966934204,0,0.8173993229866028,False,0,,0,"[0.264478, 0.175553, 0.171548, 0.156208, 0.232212]"
Actor,client,7,394,6,MR,F,evaluation,2,0,0.3288779556751251,0,0.7345184683799744,False,2,0.5,0,"[0.166828, 0.222657, 0.196737, 0.217398, 0.19638]"
Actor,client,7,404,6,MR,F,evaluation,4,0,0.5941320657730103,0,0.7520955204963684,False,3,0.0,1,"[0.169051, 0.146802, 0.172132, 0.19843, 0.313586]"
Actor,client,7,443,6,MR,F,evaluation,3,0,0.40795424580574036,0,0.8173993229866028,False,2,0.0,0,"[0.169371, 0.188628, 0.227844, 0.222272, 0.191885]"
Actor,client,7,516,6,MR,F,evaluation,2,0,0.5280624628067017,0,0.7345184683799744,False,2,1.0,1,"[0.097316, 0.217109, 0.291414, 0.275955, 0.118205]"
Actor,client,7,522,6,MR,F,evaluation,4,0,0.627419650554657,0,0.7520955204963684,False,2,0.5,1,"[0.05963, 0.157022, 0.251776, 0.208739, 0.322833]"
Actor,client,7,526,6,MR,F,evaluation,4,0,0.7907460331916809,1,0.7520955204963684,False,0,,1,"[0.0073, 0.015047, 0.052215, 0.077251, 0.848187]"
Actor,client,7,532,6,MR,F,evaluation,1,0,0.04290612041950226,0,0.6836628317832947,False,5,0.2,0,"[0.023247, 0.038487, 0.053989, 0.081968, 0.80231]"
Actor,client,7,546,6,MR,F,evaluation,4,0,0.483163058757782,0,0.7520955204963684,False,2,0.5,1,"[0.160388, 0.240062, 0.168748, 0.163595, 0.267207]"
Actor,client,7,589,6,MR,F,evaluation,4,0,0.22541865706443787,0,0.7520955204963684,False,3,0.3333333333333333,0,"[0.161329, 0.178994, 0.126784, 0.333209, 0.199684]"
Actor,client,7,596,6,MR,F,evaluation,4,0,0.638808012008667,0,0.7520955204963684,False,2,0.0,1,"[0.055678, 0.102881, 0.110641, 0.279035, 0.451764]"
Actor,client,7,608,6,MR,F,evaluation,4,0,0.2360418140888214,0,0.7520955204963684,False,1,0.0,0,"[0.199102, 0.276418, 0.162824, 0.185912, 0.175745]"
Actor,client,7,625,6,MR,F,evaluation,4,0,0.6372078657150269,0,0.7520955204963684,False,0,,1,"[0.012587, 0.032711, 0.014364, 0.317147, 0.623191]"
Actor,client,7,627,6,MR,F,evaluation,1,0,0.3071754574775696,0,0.6836628317832947,False,1,0.0,0,"[0.180382, 0.173851, 0.221381, 0.229175, 0.195211]"
Actor,client,7,639,6,MR,F,evaluation,2,0,0.10519541054964066,0,0.7345184683799744,False,0,,0,"[0.178371, 0.410604, 0.063877, 0.135496, 0.211652]"
Actor,client,7,641,6,MR,F,evaluation,0,0,0.3325080871582031,0,0.5450589656829834,False,3,0.0,0,"[0.073602, 0.116905, 0.151854, 0.35442, 0.303218]"
Actor,client,7,653,6,MR,F,evaluation,4,0,0.32678720355033875,0,0.7520955204963684,False,1,0.0,0,"[0.150026, 0.183179, 0.193771, 0.261473, 0.211551]"
Actor,client,7,655,6,MR,F,evaluation,1,0,0.5537137985229492,0,0.6836628317832947,False,1,1.0,1,"[0.189652, 0.28088, 0.24343, 0.128967, 0.157071]"
Actor,client,7,668,6,MR,F,evaluation,3,0,0.30021119117736816,0,0.8173993229866028,False,2,0.0,0,"[0.126211, 0.178013, 0.28099, 0.18346, 0.231327]"
Actor,client,7,674,6,MR,F,evaluation,1,0,0.23530533909797668,0,0.6836628317832947,False,5,0.2,0,"[0.030508, 0.102039, 0.146043, 0.433366, 0.288044]"
Actor,client,7,676,6,MR,F,evaluation,2,0,0.42845696210861206,0,0.7345184683799744,False,2,1.0,1,"[0.16991, 0.163829, 0.235614, 0.214502, 0.216145]"
Actor,client,7,680,6,MR,F,evaluation,4,0,0.34343263506889343,0,0.7520955204963684,False,2,0.0,0,"[0.155331, 0.207711, 0.191829, 0.230393, 0.214736]"
Actor,client,7,707,6,MR,F,evaluation,0,0,0.32736238837242126,0,0.5450589656829834,False,2,0.5,0,"[0.092585, 0.196526, 0.230808, 0.169012, 0.311069]"
Actor,client,7,805,6,MR,F,evaluation,4,0,0.5241387486457825,0,0.7520955204963684,False,2,0.5,1,"[0.050192, 0.211133, 0.21264, 0.228585, 0.297449]"
Actor,client,7,814,6,MR,F,evaluation,3,0,0.4565717875957489,0,0.8173993229866028,False,3,0.0,0,"[0.150535, 0.162196, 0.247568, 0.238966, 0.200734]"
Actor,client,7,879,6,MR,F,evaluation,3,0,0.46390271186828613,0,0.8173993229866028,False,6,0.16666666666666666,0,"[0.113925, 0.141846, 0.195608, 0.252946, 0.295674]"
Actor,client,7,985,6,MR,F,evaluation,4,0,0.5742007493972778,0,0.7520955204963684,False,1,0.0,1,"[0.057681, 0.147806, 0.258193, 0.239964, 0.296357]"
Actor,client,7,999,6,MR,F,evaluation,1,0,0.41644036769866943,0,0.6836628317832947,False,0,,0,"[0.179198, 0.205908, 0.235245, 0.24846, 0.131189]"
Actor,client,7,1009,6,MR,F,evaluation,1,0,0.46415531635284424,0,0.6836628317832947,False,1,0.0,0,"[0.135048, 0.249532, 0.164153, 0.1777, 0.273567]"
Actor,client,7,1014,6,MR,F,evaluation,4,0,0.29085949063301086,0,0.7520955204963684,False,1,1.0,0,"[0.187181, 0.196073, 0.242874, 0.198748, 0.175124]"
Actor,client,7,1022,6,MR,F,evaluation,4,0,0.7070901393890381,0,0.7520955204963684,False,3,0.3333333333333333,1,"[0.0186, 0.027412, 0.09238, 0.27484, 0.586769]"
Actor,client,7,1102,6,MR,F,evaluation,2,0,0.3724520206451416,0,0.7345184683799744,False,1,0.0,0,"[0.115978, 0.149137, 0.214761, 0.217521, 0.302603]"
Actor,client,7,1118,6,MR,F,evaluation,3,0,0.48929065465927124,0,0.8173993229866028,False,1,1.0,1,"[0.166112, 0.150003, 0.245971, 0.248238, 0.189676]"
Actor,client,7,1194,6,MR,F,evaluation,2,0,0.18113833665847778,0,0.7345184683799744,False,4,0.5,0,"[0.151817, 0.196579, 0.114761, 0.226967, 0.309876]"
Actor,client,7,1227,6,MR,F,evaluation,0,0,0.30504846572875977,0,0.5450589656829834,False,5,0.0,0,"[0.019125, 0.075368, 0.059413, 0.456823, 0.38927]"
Actor,client,7,1286,6,MR,F,evaluation,4,0,0.5448346138000488,0,0.7520955204963684,False,1,0.0,1,"[0.069051, 0.224923, 0.217189, 0.192776, 0.296061]"
Actor,client,7,1324,6,MR,F,evaluation,0,0,0.4019854664802551,0,0.5450589656829834,False,5,0.0,0,"[0.15468, 0.215075, 0.181774, 0.251289, 0.197183]"
Actor,client,7,1343,6,MR,F,evaluation,3,0,0.09652824699878693,0,0.8173993229866028,False,2,1.0,0,"[0.061512, 0.120756, 0.136461, 0.109567, 0.571704]"
Actor,client,7,1353,6,MR,F,evaluation,3,0,0.6781447529792786,0,0.8173993229866028,False,0,,1,"[0.097473, 0.127025, 0.16836, 0.364715, 0.242427]"
Actor,client,7,1354,6,MR,F,evaluation,1,0,0.5233826637268066,0,0.6836628317832947,False,2,0.0,0,"[0.175826, 0.239304, 0.174797, 0.29332, 0.116753]"
Actor,client,7,1355,6,MR,F,evaluation,2,0,0.38025352358818054,0,0.7345184683799744,False,3,0.3333333333333333,0,"[0.156251, 0.15583, 0.21502, 0.209662, 0.263238]"
Actor,client,7,1359,6,MR,F,evaluation,4,0,0.27741384506225586,0,0.7520955204963684,False,2,0.5,0,"[0.205849, 0.125249, 0.25521, 0.245276, 0.168417]"
Actor,client,7,1398,6,MR,F,evaluation,3,0,0.2818828225135803,0,0.8173993229866028,False,1,0.0,0,"[0.255186, 0.068081, 0.033018, 0.180702, 0.463013]"
Actor,client,7,1403,6,MR,F,evaluation,4,0,0.5154283046722412,0,0.7520955204963684,False,1,0.0,1,"[0.214413, 0.170653, 0.133349, 0.195047, 0.286538]"
Actor,client,7,1432,6,MR,F,evaluation,1,0,0.2145584523677826,0,0.6836628317832947,False,1,1.0,0,"[0.123725, 0.146987, 0.156994, 0.212229, 0.360064]"
Actor,client,7,1469,6,MR,F,evaluation,3,0,0.46551063656806946,0,0.8173993229866028,False,3,0.3333333333333333,1,"[0.105631, 0.192678, 0.200607, 0.257671, 0.243413]"
Actor,client,7,1494,6,MR,F,evaluation,0,0,0.4222489893436432,0,0.5450589656829834,False,0,,0,"[0.193581, 0.250379, 0.214832, 0.220337, 0.120872]"
Actor,client,7,1553,6,MR,F,evaluation,3,0,0.7724137306213379,0,0.8173993229866028,False,0,,1,"[0.079742, 0.086123, 0.201232, 0.459289, 0.173613]"
Actor,client,7,1582,6,MR,F,evaluation,3,0,0.352626234292984,0,0.8173993229866028,False,1,0.0,0,"[0.239989, 0.246175, 0.134126, 0.206501, 0.173208]"
Actor,client,7,1599,6,MR,F,evaluation,4,0,0.5920917391777039,0,0.7520955204963684,False,2,0.5,1,"[0.107319, 0.178127, 0.112521, 0.223914, 0.37812]"
Actor,client,7,1613,6,MR,F,evaluation,2,0,0.2592889964580536,0,0.7345184683799744,False,1,0.0,0,"[0.188073, 0.147498, 0.154808, 0.35209, 0.157531]"
Actor,client,7,1621,6,MR,F,evaluation,3,0,0.3684680759906769,0,0.8173993229866028,False,5,0.4,0,"[0.123006, 0.159074, 0.218766, 0.215065, 0.284089]"
Actor,client,7,1630,6,MR,F,evaluation,1,0,0.30859023332595825,0,0.6836628317832947,False,0,,0,"[0.184459, 0.174994, 0.230331, 0.221573, 0.188645]"
Actor,client,7,1657,6,MR,F,evaluation,4,0,0.09778764843940735,0,0.7520955204963684,False,2,0.0,0,"[0.060131, 0.126266, 0.31234, 0.403918, 0.097344]"
Actor,client,7,1711,6,MR,F,evaluation,4,0,0.7599558234214783,1,0.7520955204963684,False,0,,1,"[0.033936, 0.140757, 0.093592, 0.08672, 0.644996]"
Actor,client,7,1718,6,MR,F,evaluation,3,0,0.22350044548511505,0,0.8173993229866028,False,0,,0,"[0.149079, 0.200605, 0.333208, 0.144966, 0.172143]"
Actor,client,7,1733,6,MR,F,evaluation,2,0,0.36011287569999695,0,0.7345184683799744,False,0,,0,"[0.130402, 0.20216, 0.212617, 0.209275, 0.245546]"
Actor,client,7,1770,6,MR,F,evaluation,1,0,0.27307960391044617,0,0.6836628317832947,False,2,0.0,0,"[0.172569, 0.163152, 0.134169, 0.270702, 0.259408]"
Actor,client,7,1792,6,MR,F,evaluation,0,0,0.36046504974365234,0,0.5450589656829834,False,5,0.4,0,"[0.030451, 0.04517, 0.136956, 0.291359, 0.496064]"
Actor,client,7,1913,6,MR,F,evaluation,3,0,0.31526514887809753,0,0.8173993229866028,False,2,1.0,0,"[0.186772, 0.190346, 0.240539, 0.185032, 0.197311]"
Actor,client,7,1939,6,MR,F,evaluation,4,0,0.41791456937789917,0,0.7520955204963684,False,3,0.0,1,"[0.183506, 0.181019, 0.195148, 0.207766, 0.232561]"
Actor,client,7,1996,6,MR,F,evaluation,1,0,0.2405686378479004,0,0.6836628317832947,False,3,0.0,0,"[0.118905, 0.14278, 0.248394, 0.221766, 0.268155]"
Actor,client,7,2008,6,MR,F,evaluation,1,0,0.2829148471355438,0,0.6836628317832947,False,2,0.5,0,"[0.133271, 0.166141, 0.231769, 0.211419, 0.257401]"
Actor,client,7,2012,6,MR,F,evaluation,0,0,0.3326922357082367,0,0.5450589656829834,False,5,0.4,0,"[0.107857, 0.165263, 0.244436, 0.238257, 0.244186]"
Actor,client,7,2018,6,MR,F,evaluation,4,0,0.5984472632408142,0,0.7520955204963684,False,8,0.25,1,"[0.076537, 0.18904, 0.179151, 0.210804, 0.344469]"
Actor,client,7,2054,6,MR,F,evaluation,0,0,0.5712729692459106,1,0.5450589656829834,False,1,0.0,0,"[0.223518, 0.176373, 0.19495, 0.151731, 0.253429]"
Actor,client,7,2087,6,MR,F,evaluation,2,0,0.24740135669708252,0,0.7345184683799744,False,1,0.0,0,"[0.196387, 0.135506, 0.145001, 0.167089, 0.356018]"
Actor,client,7,2092,6,MR,F,evaluation,3,0,0.4232618808746338,0,0.8173993229866028,False,1,0.0,1,"[0.152937, 0.198986, 0.228447, 0.231077, 0.188553]"
Actor,client,7,2116,6,MR,F,evaluation,3,0,0.5750629901885986,0,0.8173993229866028,False,5,0.2,0,"[0.072116, 0.128774, 0.141384, 0.312524, 0.345202]"
Actor,client,7,2141,6,MR,F,evaluation,3,0,0.35369348526000977,0,0.8173993229866028,False,1,0.0,0,"[0.228019, 0.228942, 0.195841, 0.200018, 0.14718]"
Actor,client,7,2142,6,MR,F,evaluation,1,0,0.1577686369419098,0,0.6836628317832947,False,2,0.0,0,"[0.225049, 0.121926, 0.088825, 0.237102, 0.327097]"
Actor,client,7,2166,6,MR,F,evaluation,1,0,0.47467195987701416,0,0.6836628317832947,False,1,0.0,0,"[0.083298, 0.217782, 0.199136, 0.29189, 0.207893]"
Actor,client,7,2186,6,MR,F,evaluation,1,0,0.29233798384666443,0,0.6836628317832947,False,1,0.0,0,"[0.189113, 0.183797, 0.154653, 0.2075, 0.264937]"
Actor,client,7,2188,6,MR,F,evaluation,4,0,0.07370561361312866,0,0.7520955204963684,False,2,0.5,0,"[0.078773, 0.051747, 0.21001, 0.546451, 0.113018]"
Actor,client,7,2221,6,MR,F,evaluation,1,0,0.37746360898017883,0,0.6836628317832947,False,1,0.0,0,"[0.19337, 0.198937, 0.177906, 0.259343, 0.170444]"
Actor,client,7,2231,6,MR,F,evaluation,0,0,0.38928139209747314,0,0.5450589656829834,False,1,0.0,0,"[0.134843, 0.192487, 0.157228, 0.291906, 0.223537]"
Actor,client,7,2242,6,MR,F,evaluation,3,0,0.5140550136566162,0,0.8173993229866028,False,0,,1,"[0.13294, 0.246187, 0.096622, 0.288774, 0.235477]"
Actor,client,7,2265,6,MR,F,evaluation,4,0,0.5222067832946777,0,0.7520955204963684,False,15,0.2,1,"[0.006522, 0.031626, 0.072967, 0.440596, 0.44829]"
Actor,client,7,2313,6,MR,F,evaluation,0,0,0.37694790959358215,0,0.5450589656829834,False,0,,0,"[0.147212, 0.184509, 0.273442, 0.186071, 0.208767]"
Actor,client,7,2332,6,MR,F,evaluation,3,0,0.4182532727718353,0,0.8173993229866028,False,3,0.0,1,"[0.185954, 0.204559, 0.203562, 0.227294, 0.178631]"
Actor,client,7,2362,6,MR,F,evaluation,4,0,0.48063138127326965,0,0.7520955204963684,False,6,0.0,0,"[0.071162, 0.129994, 0.113738, 0.344846, 0.340261]"
Actor,client,7,2371,6,MR,F,evaluation,2,0,0.4645739495754242,0,0.7345184683799744,False,2,0.0,0,"[0.246811, 0.123715, 0.240257, 0.221922, 0.167295]"
Actor,client,7,2377,6,MR,F,evaluation,3,0,0.6485055088996887,0,0.8173993229866028,False,2,0.0,1,"[0.110114, 0.151172, 0.244369, 0.334994, 0.159351]"
Actor,client,7,2388,6,MR,F,evaluation,0,0,0.5684232115745544,1,0.5450589656829834,False,0,,1,"[0.245554, 0.198467, 0.195069, 0.191808, 0.169102]"
Actor,client,7,2451,6,MR,F,evaluation,3,0,0.6345434188842773,0,0.8173993229866028,False,0,,1,"[0.057425, 0.140701, 0.131441, 0.34892, 0.321513]"
Actor,client,7,2472,6,MR,F,evaluation,1,0,0.4140487313270569,0,0.6836628317832947,False,3,0.0,0,"[0.079782, 0.197742, 0.23711, 0.268081, 0.217286]"
Actor,client,7,2473,6,MR,F,evaluation,4,0,0.7048172950744629,0,0.7520955204963684,False,1,0.0,1,"[0.255186, 0.068081, 0.033018, 0.180702, 0.463013]"
Actor,client,7,2496,6,MR,F,evaluation,3,0,0.21628497540950775,0,0.8173993229866028,False,0,,0,"[0.113199, 0.066453, 0.352396, 0.13732, 0.330632]"
Actor,client,7,2548,6,MR,F,evaluation,3,0,0.7369590997695923,0,0.8173993229866028,False,0,,1,"[0.054516, 0.108687, 0.332609, 0.405224, 0.098963]"
Actor,client,7,2617,6,MR,F,evaluation,1,0,0.07332716137170792,0,0.6836628317832947,False,2,0.0,0,"[0.143737, 0.08124, 0.060405, 0.116252, 0.598367]"
Actor,client,7,2655,6,MR,F,evaluation,1,0,0.45898252725601196,0,0.6836628317832947,False,1,1.0,0,"[0.146292, 0.216313, 0.226624, 0.265926, 0.144845]"
Actor,client,7,2676,6,MR,F,evaluation,4,0,0.5534882545471191,0,0.7520955204963684,False,3,0.0,1,"[0.222704, 0.224276, 0.053821, 0.154454, 0.344744]"
Actor,client,7,2682,6,MR,F,evaluation,1,0,0.17582884430885315,0,0.6836628317832947,False,0,,0,"[0.335339, 0.161185, 0.086194, 0.130332, 0.286949]"
Actor,client,7,2689,6,MR,F,evaluation,1,0,0.11775532364845276,0,0.6836628317832947,False,2,0.5,0,"[0.075788, 0.115078, 0.132878, 0.110349, 0.565906]"
Actor,client,7,2704,6,MR,F,evaluation,2,0,0.3981512486934662,0,0.7345184683799744,False,9,0.2222222222222222,0,"[0.074499, 0.188106, 0.234206, 0.300233, 0.202957]"
Actor,client,7,2757,6,MR,F,evaluation,3,0,0.07091774791479111,0,0.8173993229866028,False,0,,0,"[0.126037, 0.279269, 0.04334, 0.096504, 0.45485]"
Actor,client,7,2759,6,MR,F,evaluation,3,0,0.35853251814842224,0,0.8173993229866028,False,1,0.0,0,"[0.137971, 0.135793, 0.143339, 0.217112, 0.365785]"
Actor,client,7,2777,6,MR,F,evaluation,2,0,0.42496153712272644,0,0.7345184683799744,False,1,0.0,1,"[0.17562, 0.19248, 0.23638, 0.231407, 0.164114]"
Actor,client,7,2792,6,MR,F,evaluation,4,0,0.0638054832816124,0,0.7520955204963684,False,0,,0,"[0.096317, 0.032814, 0.31714, 0.486379, 0.067351]"
Actor,client,7,2804,6,MR,F,evaluation,4,0,0.23282265663146973,0,0.7520955204963684,False,2,0.5,0,"[0.122809, 0.159783, 0.228844, 0.314266, 0.174298]"
Actor,client,7,2824,6,MR,F,evaluation,1,0,0.31679829955101013,0,0.6836628317832947,False,1,1.0,0,"[0.240063, 0.20119, 0.191252, 0.157531, 0.209963]"
Actor,client,7,2836,6,MR,F,evaluation,4,0,0.613563060760498,0,0.7520955204963684,False,1,1.0,1,"[0.150417, 0.08417, 0.206045, 0.24509, 0.314278]"
Actor,client,7,2848,6,MR,F,evaluation,0,0,0.3660733103752136,0,0.5450589656829834,False,3,0.0,0,"[0.138087, 0.183278, 0.181684, 0.331208, 0.165743]"
Actor,client,7,2888,6,MR,F,evaluation,2,0,0.34367668628692627,0,0.7345184683799744,False,1,0.0,0,"[0.204208, 0.174828, 0.196115, 0.252284, 0.172566]"
Actor,client,7,2923,6,MR,F,evaluation,1,0,0.3303048610687256,0,0.6836628317832947,False,2,0.5,0,"[0.211871, 0.208656, 0.228371, 0.122724, 0.228379]"
Actor,client,7,2926,6,MR,F,evaluation,4,0,0.46631112694740295,0,0.7520955204963684,False,1,0.0,1,"[0.204556, 0.174685, 0.191324, 0.18455, 0.244886]"
Actor,client,7,2947,6,MR,F,evaluation,3,0,0.4204101264476776,0,0.8173993229866028,False,2,0.0,0,"[0.152511, 0.149491, 0.226859, 0.227147, 0.243992]"
Actor,client,7,2956,6,MR,F,evaluation,4,0,0.5055601000785828,0,0.7520955204963684,False,1,1.0,1,"[0.122151, 0.160375, 0.207548, 0.236278, 0.273648]"
Actor,client,7,2995,6,MR,F,evaluation,2,0,0.45239654183387756,0,0.7345184683799744,False,1,0.0,1,"[0.169382, 0.212008, 0.250551, 0.204454, 0.163605]"
Actor,client,7,3000,6,MR,F,evaluation,2,0,0.5325067639350891,0,0.7345184683799744,False,2,0.0,1,"[0.099053, 0.145529, 0.285821, 0.235078, 0.234519]"
Actor,client,7,3015,6,MR,F,evaluation,2,0,0.4265298545360565,0,0.7345184683799744,False,1,0.0,1,"[0.184931, 0.14907, 0.232121, 0.231914, 0.201965]"
Actor,client,7,3076,6,MR,F,evaluation,4,0,0.6333017349243164,0,0.7520955204963684,False,1,0.0,1,"[0.143568, 0.175997, 0.173833, 0.167823, 0.338779]"
Actor,client,7,3129,6,MR,F,evaluation,3,0,0.3885582685470581,0,0.8173993229866028,False,0,,0,"[0.079402, 0.180812, 0.090249, 0.246715, 0.402821]"
Actor,client,7,3138,6,MR,F,evaluation,3,0,0.4326576292514801,0,0.8173993229866028,False,4,0.25,0,"[0.090215, 0.126812, 0.244877, 0.238158, 0.299939]"
Actor,client,7,3148,6,MR,F,evaluation,4,0,0.24571223556995392,0,0.7520955204963684,False,2,0.0,0,"[0.178985, 0.204588, 0.19867, 0.242104, 0.175654]"
Actor,client,7,3159,6,MR,F,evaluation,2,0,0.44760701060295105,0,0.7345184683799744,False,5,0.0,1,"[0.128934, 0.166034, 0.247954, 0.217325, 0.239752]"
Actor,client,7,3173,6,MR,F,evaluation,2,0,0.4935968816280365,0,0.7345184683799744,False,3,0.0,0,"[0.114563, 0.16875, 0.270006, 0.29493, 0.15175]"
Actor,client,7,3183,6,MR,F,evaluation,1,0,0.3096989095211029,0,0.6836628317832947,False,1,0.0,0,"[0.129895, 0.172735, 0.229717, 0.228253, 0.239399]"
Actor,client,7,3202,6,MR,F,evaluation,4,0,0.27630171179771423,0,0.7520955204963684,False,1,0.0,0,"[0.269814, 0.073347, 0.168004, 0.299563, 0.189272]"
Actor,client,7,3239,6,MR,F,evaluation,4,0,0.7000475525856018,0,0.7520955204963684,False,1,1.0,1,"[0.106802, 0.113767, 0.097309, 0.197867, 0.484255]"
Actor,client,7,3242,6,MR,F,evaluation,1,0,0.34097182750701904,0,0.6836628317832947,False,1,0.0,0,"[0.154036, 0.18721, 0.22826, 0.219866, 0.210628]"
Actor,client,7,3258,6,MR,F,evaluation,1,0,0.2937449812889099,0,0.6836628317832947,False,5,0.2,0,"[0.146232, 0.171698, 0.19972, 0.227291, 0.255058]"
Actor,client,7,3268,6,MR,F,evaluation,2,0,0.2724272608757019,0,0.7345184683799744,False,1,0.0,0,"[0.147131, 0.18164, 0.167435, 0.234535, 0.269259]"
Actor,client,7,3291,6,MR,F,evaluation,3,0,0.400130957365036,0,0.8173993229866028,False,5,0.2,0,"[0.127993, 0.187711, 0.178875, 0.232308, 0.273114]"
Actor,client,7,3317,6,MR,F,evaluation,2,0,0.2786760628223419,0,0.7345184683799744,False,2,0.0,0,"[0.161876, 0.189689, 0.169913, 0.229531, 0.24899]"
Actor,client,7,3325,6,MR,F,evaluation,1,0,0.1169651672244072,0,0.6836628317832947,False,2,0.0,0,"[0.195529, 0.105994, 0.141157, 0.149118, 0.408202]"
Actor,client,7,3346,6,MR,F,evaluation,3,0,0.37782546877861023,0,0.8173993229866028,False,0,,0,"[0.027338, 0.165352, 0.171546, 0.240252, 0.395512]"
Actor,client,7,3373,6,MR,F,evaluation,0,0,0.4869830310344696,0,0.5450589656829834,False,5,0.0,0,"[0.157468, 0.189046, 0.15457, 0.164274, 0.334642]"
Actor,client,7,3408,6,MR,F,evaluation,1,0,0.39388445019721985,0,0.6836628317832947,False,1,0.0,0,"[0.109452, 0.198345, 0.208539, 0.258359, 0.225305]"
Actor,client,7,3423,6,MR,F,evaluation,3,0,0.38014641404151917,0,0.8173993229866028,False,1,0.0,0,"[0.201449, 0.216342, 0.18876, 0.213775, 0.179674]"
Actor,client,7,3470,6,MR,F,evaluation,3,0,0.6785404682159424,0,0.8173993229866028,False,3,0.3333333333333333,1,"[0.151519, 0.131907, 0.177614, 0.354058, 0.184902]"
Actor,client,7,3504,6,MR,F,evaluation,3,0,0.5067003965377808,0,0.8173993229866028,False,1,1.0,1,"[0.15597, 0.142645, 0.181164, 0.264377, 0.255844]"
Actor,client,7,3511,6,MR,F,evaluation,0,0,0.39956483244895935,0,0.5450589656829834,False,2,0.0,0,"[0.119374, 0.303317, 0.087626, 0.140767, 0.348917]"
Actor,client,7,3543,6,MR,F,evaluation,0,0,0.44349944591522217,0,0.5450589656829834,False,7,0.14285714285714285,0,"[0.141827, 0.149752, 0.180495, 0.23173, 0.296196]"
Actor,client,7,3591,6,MR,F,evaluation,4,0,0.2290390282869339,0,0.7520955204963684,False,0,,0,"[0.233387, 0.235627, 0.164608, 0.19704, 0.169338]"
Actor,client,7,3618,6,MR,F,evaluation,2,0,0.32117050886154175,0,0.7345184683799744,False,2,0.0,0,"[0.20024, 0.189001, 0.186961, 0.214891, 0.208907]"
Actor,client,7,3619,6,MR,F,evaluation,3,0,0.4580395221710205,0,0.8173993229866028,False,1,0.0,0,"[0.210964, 0.157391, 0.139209, 0.242649, 0.249786]"
Actor,client,7,3651,6,MR,F,evaluation,1,0,0.603910505771637,0,0.6836628317832947,False,0,,1,"[0.157819, 0.293729, 0.256662, 0.135068, 0.156722]"
Actor,client,7,3688,6,MR,F,evaluation,3,0,0.3183482885360718,0,0.8173993229866028,False,1,0.0,0,"[0.236174, 0.170333, 0.187382, 0.183667, 0.222444]"
Actor,client,7,3766,6,MR,F,evaluation,1,0,0.3741389214992523,0,0.6836628317832947,False,3,0.0,0,"[0.139518, 0.195928, 0.219345, 0.236612, 0.208597]"
Actor,client,7,3776,6,MR,F,evaluation,3,0,0.5212514996528625,0,0.8173993229866028,False,2,0.5,0,"[0.059104, 0.163228, 0.147901, 0.292312, 0.337454]"
Actor,client,7,3816,6,MR,F,evaluation,4,0,0.3267183303833008,0,0.7520955204963684,False,1,0.0,0,"[0.06549, 0.206973, 0.151048, 0.328169, 0.24832]"
Actor,client,7,3822,6,MR,F,evaluation,4,0,0.5965631008148193,0,0.7520955204963684,False,3,0.0,1,"[0.119626, 0.154603, 0.236432, 0.193461, 0.295879]"
Actor,client,7,3887,6,MR,F,evaluation,4,0,0.6092393398284912,0,0.7520955204963684,False,1,0.0,1,"[0.174826, 0.101124, 0.265323, 0.183727, 0.274999]"
Actor,client,7,3921,6,MR,F,evaluation,4,0,0.4489119350910187,0,0.7520955204963684,False,4,0.25,0,"[0.107077, 0.186029, 0.278637, 0.200811, 0.227447]"
Actor,client,7,3936,6,MR,F,evaluation,0,0,0.41556262969970703,0,0.5450589656829834,False,2,0.0,0,"[0.175482, 0.211234, 0.243795, 0.195309, 0.17418]"
Actor,client,7,4010,6,MR,F,evaluation,2,0,0.31338411569595337,0,0.7345184683799744,False,2,0.0,0,"[0.165478, 0.174761, 0.185865, 0.290287, 0.183609]"
Actor,client,7,4094,6,MR,F,evaluation,0,0,0.3027119040489197,0,0.5450589656829834,False,3,0.0,0,"[0.087684, 0.162761, 0.153135, 0.393649, 0.202771]"
Actor,client,7,4107,6,MR,F,evaluation,2,0,0.1877402812242508,0,0.7345184683799744,False,4,0.0,0,"[0.210266, 0.219512, 0.115509, 0.211653, 0.243059]"
Actor,client,7,4109,6,MR,F,evaluation,3,0,0.4571933448314667,0,0.8173993229866028,False,2,0.0,1,"[0.173411, 0.207044, 0.147672, 0.250755, 0.221118]"
Actor,client,7,4127,6,MR,F,evaluation,1,0,0.4304468631744385,0,0.6836628317832947,False,0,,1,"[0.233387, 0.235627, 0.164608, 0.19704, 0.169338]"
Actor,client,7,4132,6,MR,F,evaluation,2,0,0.42417940497398376,0,0.7345184683799744,False,1,1.0,0,"[0.112221, 0.189576, 0.24221, 0.302921, 0.153073]"
Actor,client,7,4136,6,MR,F,evaluation,2,0,0.439640074968338,0,0.7345184683799744,False,1,0.0,1,"[0.196871, 0.205276, 0.241559, 0.170635, 0.18566]"
Actor,client,7,4218,6,MR,F,evaluation,4,0,0.7123669385910034,0,0.7520955204963684,False,3,0.0,1,"[0.049371, 0.121927, 0.2198, 0.201118, 0.407784]"
Actor,client,7,4225,6,MR,F,evaluation,3,0,0.4048558473587036,0,0.8173993229866028,False,2,0.0,1,"[0.208068, 0.20255, 0.18576, 0.220965, 0.182658]"
Actor,client,7,4230,6,MR,F,evaluation,1,0,0.3750251233577728,0,0.6836628317832947,False,2,0.0,0,"[0.142432, 0.198911, 0.18653, 0.246314, 0.225813]"
Actor,client,7,4321,6,MR,F,evaluation,4,0,0.43207263946533203,0,0.7520955204963684,False,2,0.0,0,"[0.169435, 0.133274, 0.18034, 0.266715, 0.250236]"
Actor,client,7,4336,6,MR,F,evaluation,3,0,0.36822181940078735,0,0.8173993229866028,False,0,,0,"[0.064589, 0.120054, 0.32094, 0.209238, 0.285178]"
Actor,client,7,4352,6,MR,F,evaluation,2,0,0.4310091435909271,0,0.7345184683799744,False,4,0.25,0,"[0.105228, 0.144079, 0.241055, 0.234105, 0.275533]"
Actor,client,7,4397,6,MR,F,evaluation,2,0,0.33007171750068665,0,0.7345184683799744,False,6,0.0,0,"[0.056986, 0.121819, 0.19943, 0.321928, 0.299837]"
Actor,client,7,4410,6,MR,F,evaluation,1,0,0.48763203620910645,0,0.6836628317832947,False,1,0.0,1,"[0.175228, 0.2475, 0.157409, 0.224539, 0.195323]"
Actor,client,7,4441,6,MR,F,evaluation,4,0,0.6015065312385559,0,0.7520955204963684,False,3,0.3333333333333333,1,"[0.178287, 0.13662, 0.132055, 0.213347, 0.33969]"
Actor,client,7,4442,6,MR,F,evaluation,4,0,0.736016035079956,0,0.7520955204963684,False,0,,1,"[0.009654, 0.115261, 0.14712, 0.179771, 0.548194]"
Actor,client,7,4466,6,MR,F,evaluation,4,0,0.4714312255382538,0,0.7520955204963684,False,2,0.0,1,"[0.152231, 0.163527, 0.123579, 0.265141, 0.295522]"
Actor,client,7,4536,6,MR,F,evaluation,0,0,0.3754466772079468,0,0.5450589656829834,False,4,0.0,0,"[0.091104, 0.152436, 0.176732, 0.21403, 0.365699]"
Actor,client,7,4565,6,MR,F,evaluation,1,0,0.502780556678772,0,0.6836628317832947,False,1,1.0,1,"[0.203134, 0.26158, 0.157495, 0.191339, 0.186452]"
Actor,client,7,4597,6,MR,F,evaluation,3,0,0.4870471656322479,0,0.8173993229866028,False,1,0.0,1,"[0.110856, 0.178828, 0.208717, 0.263199, 0.2384]"
Actor,client,7,4624,6,MR,F,evaluation,2,0,0.23952136933803558,0,0.7345184683799744,False,1,0.0,0,"[0.208605, 0.262292, 0.150728, 0.20714, 0.171234]"
Actor,client,7,4635,6,MR,F,evaluation,4,0,0.5990954637527466,0,0.7520955204963684,False,10,0.2,1,"[0.08045, 0.167195, 0.252676, 0.198865, 0.300814]"
Actor,client,7,4681,6,MR,F,evaluation,1,0,0.13768188655376434,0,0.6836628317832947,False,0,,0,"[0.254461, 0.076322, 0.182195, 0.313406, 0.173616]"
Actor,client,7,4686,6,MR,F,evaluation,2,0,0.5367682576179504,0,0.7345184683799744,False,2,0.5,1,"[0.113486, 0.182376, 0.29006, 0.239392, 0.174686]"
Actor,client,7,4728,6,MR,F,evaluation,2,0,0.293423593044281,0,0.7345184683799744,False,1,0.0,0,"[0.193919, 0.217907, 0.176519, 0.19764, 0.214015]"
Actor,client,7,4736,6,MR,F,evaluation,1,0,0.30509084463119507,0,0.6836628317832947,False,5,0.0,0,"[0.142468, 0.161368, 0.187113, 0.294325, 0.214726]"
Actor,client,7,4742,6,MR,F,evaluation,1,0,0.501297116279602,0,0.6836628317832947,False,0,,1,"[0.177757, 0.246752, 0.241581, 0.194281, 0.13963]"
Actor,client,7,4753,6,MR,F,evaluation,1,0,0.17663724720478058,0,0.6836628317832947,False,0,,0,"[0.107248, 0.142708, 0.193168, 0.124582, 0.432294]"
Actor,client,7,4806,6,MR,F,evaluation,2,0,0.3468981087207794,0,0.7345184683799744,False,1,1.0,0,"[0.07591, 0.0793, 0.201825, 0.347033, 0.295932]"
Actor,client,7,4818,6,MR,F,evaluation,4,0,0.7814590930938721,1,0.7520955204963684,False,1,1.0,1,"[0.006458, 0.022867, 0.012477, 0.047853, 0.910344]"
Actor,client,7,4834,6,MR,F,evaluation,1,0,0.5586978793144226,0,0.6836628317832947,False,3,0.0,0,"[0.122575, 0.260457, 0.154714, 0.263306, 0.198946]"
Actor,client,7,4875,6,MR,F,evaluation,2,0,0.3291071057319641,0,0.7345184683799744,False,2,0.0,0,"[0.091337, 0.151798, 0.198698, 0.355363, 0.202804]"
Actor,client,7,4888,6,MR,F,evaluation,4,0,0.48443254828453064,0,0.7520955204963684,False,1,1.0,1,"[0.15016, 0.129859, 0.177407, 0.267586, 0.274989]"
Actor,client,7,4889,6,MR,F,evaluation,0,0,0.5012049078941345,0,0.5450589656829834,False,2,0.5,0,"[0.201535, 0.202301, 0.200225, 0.180923, 0.215017]"
Actor,client,7,4924,6,MR,F,evaluation,4,0,0.5065898895263672,0,0.7520955204963684,False,1,0.0,1,"[0.152656, 0.165454, 0.198171, 0.214345, 0.269373]"
Actor,client,7,4930,6,MR,F,evaluation,3,0,0.5526745915412903,0,0.8173993229866028,False,4,0.25,0,"[0.091931, 0.178398, 0.290225, 0.283901, 0.155545]"
Actor,client,7,4971,6,MR,F,evaluation,3,0,0.6876611709594727,0,0.8173993229866028,False,0,,1,"[0.080073, 0.046343, 0.192706, 0.36564, 0.315238]"
Actor,client,7,4975,6,MR,F,evaluation,2,0,0.38241076469421387,0,0.7345184683799744,False,1,0.0,0,"[0.102573, 0.176966, 0.223431, 0.275706, 0.221324]"
Actor,client,7,4989,6,MR,F,evaluation,4,0,0.4841666519641876,0,0.7520955204963684,False,2,0.0,1,"[0.187397, 0.168936, 0.153566, 0.217223, 0.272878]"
Actor,client,7,5001,6,MR,F,evaluation,3,0,0.23950107395648956,0,0.8173993229866028,False,1,0.0,0,"[0.216699, 0.213268, 0.187838, 0.159827, 0.222367]"
Actor,client,7,5081,6,MR,F,evaluation,0,0,0.38530877232551575,0,0.5450589656829834,False,1,0.0,0,"[0.156298, 0.21284, 0.232294, 0.215731, 0.182835]"
Actor,client,7,5113,6,MR,F,evaluation,2,0,0.37414661049842834,0,0.7345184683799744,False,2,0.0,0,"[0.175322, 0.231967, 0.217635, 0.227754, 0.147322]"
Actor,client,7,5127,6,MR,F,evaluation,1,0,0.41190600395202637,0,0.6836628317832947,False,2,1.0,1,"[0.170059, 0.219343, 0.189513, 0.215895, 0.205191]"
Actor,client,7,5128,6,MR,F,evaluation,3,0,0.37842434644699097,0,0.8173993229866028,False,2,0.5,0,"[0.186322, 0.202999, 0.239829, 0.208401, 0.16245]"
Actor,client,7,5199,6,MR,F,evaluation,3,0,0.2948644459247589,0,0.8173993229866028,False,1,0.0,0,"[0.256181, 0.178471, 0.132366, 0.179416, 0.253567]"
Actor,client,7,5216,6,MR,F,evaluation,3,0,0.3865479826927185,0,0.8173993229866028,False,5,0.0,0,"[0.217094, 0.217458, 0.118584, 0.222333, 0.224532]"
Actor,client,7,5221,6,MR,F,evaluation,3,0,0.6015040874481201,0,0.8173993229866028,False,3,0.0,1,"[0.140872, 0.185569, 0.194892, 0.311196, 0.167471]"
Actor,client,7,5224,6,MR,F,evaluation,0,0,0.34991729259490967,0,0.5450589656829834,False,1,0.0,0,"[0.067188, 0.154928, 0.209664, 0.135515, 0.432705]"
Actor,client,7,5233,6,MR,F,evaluation,4,0,0.7770187854766846,1,0.7520955204963684,False,0,,1,"[0.006932, 0.02766, 0.017613, 0.063964, 0.883831]"
Actor,client,7,5247,6,MR,F,evaluation,2,0,0.14709962904453278,0,0.7345184683799744,False,5,0.2,0,"[0.123057, 0.229655, 0.095525, 0.286493, 0.26527]"
Actor,client,7,5253,6,MR,F,evaluation,0,0,0.3848777115345001,0,0.5450589656829834,False,1,0.0,0,"[0.143332, 0.173063, 0.280916, 0.162395, 0.240294]"
Actor,client,7,5254,6,MR,F,evaluation,3,0,0.5241190195083618,0,0.8173993229866028,False,2,0.5,1,"[0.14674, 0.184545, 0.251637, 0.267216, 0.149862]"
Actor,client,7,5255,6,MR,F,evaluation,2,0,0.1191149428486824,0,0.7345184683799744,False,0,,0,"[0.167578, 0.274604, 0.068888, 0.16756, 0.32137]"
Actor,client,7,5311,6,MR,F,evaluation,3,0,0.30142727494239807,0,0.8173993229866028,False,2,0.5,0,"[0.186781, 0.209014, 0.161074, 0.19114, 0.251991]"
Actor,client,7,5319,6,MR,F,evaluation,3,0,0.3329412639141083,0,0.8173993229866028,False,2,0.0,0,"[0.151, 0.235988, 0.201869, 0.204772, 0.20637]"
Actor,client,7,5329,6,MR,F,evaluation,3,0,0.6309707164764404,0,0.8173993229866028,False,0,,1,"[0.215398, 0.192426, 0.143686, 0.320646, 0.127844]"
Actor,client,7,5336,6,MR,F,evaluation,4,0,0.4838680326938629,0,0.7520955204963684,False,1,0.0,1,"[0.154468, 0.177755, 0.191628, 0.21309, 0.263058]"
Actor,client,7,5412,6,MR,F,evaluation,0,0,0.28641968965530396,0,0.5450589656829834,False,3,0.3333333333333333,0,"[0.08863, 0.18004, 0.200361, 0.333822, 0.197147]"
Actor,client,7,5422,6,MR,F,evaluation,4,0,0.5788591504096985,0,0.7520955204963684,False,1,0.0,1,"[0.065144, 0.201961, 0.147755, 0.224198, 0.360943]"
Actor,client,7,5428,6,MR,F,evaluation,4,0,0.39557740092277527,0,0.7520955204963684,False,3,0.3333333333333333,0,"[0.14416, 0.143901, 0.216574, 0.266693, 0.228672]"
Actor,client,7,5433,6,MR,F,evaluation,4,0,0.528035581111908,0,0.7520955204963684,False,1,0.0,1,"[0.156487, 0.089418, 0.151312, 0.295677, 0.307105]"
Actor,client,7,5466,6,MR,F,evaluation,3,0,0.038698405027389526,0,0.8173993229866028,False,0,,0,"[0.121951, 0.148634, 0.052844, 0.039299, 0.637272]"
Actor,client,7,5481,6,MR,F,evaluation,1,0,0.2716308534145355,0,0.6836628317832947,False,1,0.0,0,"[0.167975, 0.155974, 0.231506, 0.236856, 0.207689]"
Actor,client,7,5497,6,MR,F,evaluation,3,0,0.475545734167099,0,0.8173993229866028,False,1,0.0,1,"[0.137753, 0.232298, 0.166002, 0.263074, 0.200873]"
Actor,client,7,5516,6,MR,F,evaluation,3,0,0.23673658072948456,0,0.8173993229866028,False,2,0.0,0,"[0.147972, 0.17371, 0.145077, 0.17266, 0.360581]"
Actor,client,7,5546,6,MR,F,evaluation,1,0,0.41309139132499695,0,0.6836628317832947,False,1,0.0,0,"[0.09265, 0.193228, 0.257188, 0.273654, 0.183279]"
Actor,client,7,5583,6,MR,F,evaluation,1,0,0.31089821457862854,0,0.6836628317832947,False,0,,0,"[0.121325, 0.159754, 0.211244, 0.293186, 0.214491]"
Actor,client,7,5595,6,MR,F,evaluation,2,0,0.4499658942222595,0,0.7345184683799744,False,0,,1,"[0.209637, 0.222547, 0.246252, 0.132095, 0.189469]"
Actor,client,7,5599,6,MR,F,evaluation,3,0,0.25676020979881287,0,0.8173993229866028,False,1,0.0,0,"[0.236392, 0.213708, 0.130328, 0.170713, 0.24886]"
Actor,client,7,5681,6,MR,F,evaluation,3,0,0.35022932291030884,0,0.8173993229866028,False,2,0.0,0,"[0.157326, 0.188607, 0.190933, 0.208357, 0.254777]"
Actor,client,7,5725,6,MR,F,evaluation,3,0,0.6947217583656311,0,0.8173993229866028,False,0,,1,"[0.04665, 0.077587, 0.13005, 0.387673, 0.358039]"
Actor,client,7,5726,6,MR,F,evaluation,0,0,0.4208495616912842,0,0.5450589656829834,False,2,0.0,0,"[0.139406, 0.203678, 0.1937, 0.158825, 0.304391]"
Actor,client,7,5770,6,MR,F,evaluation,0,0,0.4711727499961853,0,0.5450589656829834,False,1,0.0,0,"[0.211517, 0.276685, 0.156277, 0.222897, 0.132625]"
Actor,client,7,5798,6,MR,F,evaluation,4,0,0.6702708601951599,0,0.7520955204963684,False,2,0.0,1,"[0.150676, 0.136283, 0.171904, 0.179963, 0.361175]"
Actor,client,7,5816,6,MR,F,evaluation,3,0,0.5886324644088745,0,0.8173993229866028,False,0,,1,"[0.105966, 0.210889, 0.170074, 0.315708, 0.197364]"
Actor,client,7,5831,6,MR,F,evaluation,1,0,0.5338886380195618,0,0.6836628317832947,False,1,0.0,1,"[0.19559, 0.271788, 0.209466, 0.159653, 0.163503]"
Actor,client,7,5856,6,MR,F,evaluation,2,0,0.3304237127304077,0,0.7345184683799744,False,1,0.0,0,"[0.168798, 0.2101, 0.196392, 0.246249, 0.178462]"
Actor,client,7,5897,6,MR,F,evaluation,2,0,0.5575186014175415,0,0.7345184683799744,False,1,1.0,0,"[0.045328, 0.074815, 0.295624, 0.324761, 0.259473]"
Actor,client,7,5903,6,MR,F,evaluation,2,0,0.2245214730501175,0,0.7345184683799744,False,4,0.0,0,"[0.061341, 0.062726, 0.139311, 0.247896, 0.488726]"
Actor,client,7,5950,6,MR,F,evaluation,0,0,0.5197646021842957,0,0.5450589656829834,False,1,0.0,0,"[0.189113, 0.183797, 0.154653, 0.2075, 0.264937]"
Actor,client,7,5976,6,MR,F,evaluation,4,0,0.39984962344169617,0,0.7520955204963684,False,3,0.0,0,"[0.019994, 0.06496, 0.12285, 0.468208, 0.323988]"
Actor,client,7,6047,6,MR,F,evaluation,3,0,0.1679821014404297,0,0.8173993229866028,False,1,0.0,0,"[0.19283, 0.281742, 0.217444, 0.132298, 0.175685]"
Actor,client,7,6064,6,MR,F,evaluation,4,0,0.27948957681655884,0,0.7520955204963684,False,1,0.0,0,"[0.144193, 0.188847, 0.28988, 0.211987, 0.165093]"
Actor,client,7,6133,6,MR,F,evaluation,2,0,0.26993080973625183,0,0.7345184683799744,False,3,0.3333333333333333,0,"[0.10323, 0.242565, 0.175871, 0.275663, 0.202671]"
Actor,client,7,6157,6,MR,F,evaluation,0,0,0.2751692533493042,0,0.5450589656829834,False,0,,0,"[0.130724, 0.164896, 0.450562, 0.129744, 0.124074]"
Actor,client,7,6177,6,MR,F,evaluation,3,0,0.3328554034233093,0,0.8173993229866028,False,1,0.0,0,"[0.104604, 0.20194, 0.138909, 0.218015, 0.336533]"
Actor,client,7,6211,6,MR,F,evaluation,1,0,0.4704603850841522,0,0.6836628317832947,False,2,0.5,1,"[0.158394, 0.242829, 0.17134, 0.210428, 0.217009]"
Actor,client,7,6227,6,MR,F,evaluation,4,0,0.4694359302520752,0,0.7520955204963684,False,4,0.25,1,"[0.104396, 0.17263, 0.207873, 0.250357, 0.264744]"
Actor,client,7,6263,6,MR,F,evaluation,1,0,0.27759191393852234,0,0.6836628317832947,False,3,0.3333333333333333,0,"[0.17958, 0.180336, 0.159675, 0.193556, 0.286853]"
Actor,client,7,6265,6,MR,F,evaluation,1,0,0.3958681523799896,0,0.6836628317832947,False,4,0.0,0,"[0.163409, 0.214513, 0.187677, 0.213843, 0.220558]"
Actor,client,7,6275,6,MR,F,evaluation,0,0,0.4046378433704376,0,0.5450589656829834,False,7,0.0,0,"[0.077767, 0.179942, 0.06948, 0.230299, 0.442512]"
Actor,client,7,6281,6,MR,F,evaluation,4,0,0.3865289092063904,0,0.7520955204963684,False,3,0.3333333333333333,0,"[0.148478, 0.171517, 0.232695, 0.230435, 0.216875]"
Actor,client,7,6299,6,MR,F,evaluation,4,0,0.21979539096355438,0,0.7520955204963684,False,3,0.3333333333333333,0,"[0.155872, 0.299479, 0.129197, 0.227106, 0.188346]"
Actor,client,7,6317,6,MR,F,evaluation,2,0,0.3593377470970154,0,0.7345184683799744,False,2,0.5,0,"[0.168829, 0.209085, 0.209387, 0.218003, 0.194696]"
Actor,client,7,6340,6,MR,F,evaluation,1,0,0.481584370136261,0,0.6836628317832947,False,1,0.0,1,"[0.133533, 0.249688, 0.181986, 0.188992, 0.245801]"
Actor,client,7,6341,6,MR,F,evaluation,0,0,0.39878028631210327,0,0.5450589656829834,False,3,0.0,0,"[0.125007, 0.14822, 0.189268, 0.261896, 0.275609]"
Actor,client,7,6372,6,MR,F,evaluation,1,0,0.44126322865486145,0,0.6836628317832947,False,2,0.5,0,"[0.097566, 0.205219, 0.243027, 0.27243, 0.181758]"
Actor,client,7,6376,6,MR,F,evaluation,0,0,0.39232105016708374,0,0.5450589656829834,False,1,0.0,0,"[0.128602, 0.166068, 0.197629, 0.24422, 0.263481]"
Actor,client,7,6393,6,MR,F,evaluation,0,0,0.46321535110473633,0,0.5450589656829834,False,3,0.3333333333333333,0,"[0.179712, 0.214485, 0.189604, 0.188132, 0.228067]"
Actor,client,7,6428,6,MR,F,evaluation,1,0,0.3294782042503357,0,0.6836628317832947,False,3,0.3333333333333333,0,"[0.124784, 0.178812, 0.184427, 0.261236, 0.25074]"
Actor,client,7,6485,6,MR,F,evaluation,0,0,0.39654988050460815,0,0.5450589656829834,False,1,0.0,0,"[0.138458, 0.2112, 0.191496, 0.200327, 0.258519]"
Actor,client,7,6489,6,MR,F,evaluation,2,0,0.14282485842704773,0,0.7345184683799744,False,6,0.16666666666666666,0,"[0.012754, 0.04643, 0.087243, 0.310271, 0.543302]"
Actor,client,7,6494,6,MR,F,evaluation,3,0,0.3344508111476898,0,0.8173993229866028,False,0,,0,"[0.033926, 0.183649, 0.075183, 0.236806, 0.470436]"
Actor,client,7,6549,6,MR,F,evaluation,3,0,0.2851603925228119,0,0.8173993229866028,False,1,1.0,0,"[0.082972, 0.181202, 0.226708, 0.191841, 0.317276]"
Actor,client,7,6554,6,MR,F,evaluation,2,0,0.3835340440273285,0,0.7345184683799744,False,1,0.0,0,"[0.137795, 0.119834, 0.215352, 0.265228, 0.261791]"
Actor,client,7,6595,6,MR,F,evaluation,2,0,0.17670387029647827,0,0.7345184683799744,False,2,1.0,0,"[0.174621, 0.306637, 0.117639, 0.12888, 0.272223]"
Actor,client,7,6607,6,MR,F,evaluation,1,0,0.2941586673259735,0,0.6836628317832947,False,1,0.0,0,"[0.144317, 0.169084, 0.190435, 0.244083, 0.252081]"
Actor,client,7,6611,6,MR,F,evaluation,2,0,0.8192392587661743,1,0.7345184683799744,False,0,,1,"[0.196157, 0.118712, 0.440064, 0.093416, 0.15165]"
Actor,client,7,6639,6,MR,F,evaluation,3,0,0.21005065739154816,0,0.8173993229866028,False,2,1.0,0,"[0.199512, 0.184709, 0.225441, 0.143979, 0.24636]"
Actor,client,7,6642,6,MR,F,evaluation,1,0,0.42787909507751465,0,0.6836628317832947,False,0,,0,"[0.140297, 0.219247, 0.187681, 0.236254, 0.216521]"
Actor,client,7,6664,6,MR,F,evaluation,3,0,0.15742535889148712,0,0.8173993229866028,False,0,,0,"[0.165319, 0.075039, 0.120185, 0.131475, 0.507982]"
Actor,client,7,6675,6,MR,F,evaluation,4,0,0.3044266104698181,0,0.7520955204963684,False,3,0.3333333333333333,0,"[0.172961, 0.206618, 0.185417, 0.234025, 0.200979]"
Actor,client,7,6694,6,MR,F,evaluation,2,0,0.2725251317024231,0,0.7345184683799744,False,2,0.0,0,"[0.152688, 0.19447, 0.167645, 0.186625, 0.298571]"
Actor,client,7,6695,6,MR,F,evaluation,2,0,0.3986979126930237,0,0.7345184683799744,False,2,0.0,0,"[0.145773, 0.155874, 0.22443, 0.248813, 0.225109]"
Actor,client,7,6708,6,MR,F,evaluation,1,0,0.052320875227451324,0,0.6836628317832947,False,7,0.42857142857142855,0,"[0.016588, 0.040456, 0.069898, 0.14055, 0.732509]"
Actor,client,7,6731,6,MR,F,evaluation,1,0,0.3628671169281006,0,0.6836628317832947,False,1,0.0,0,"[0.17627, 0.200687, 0.229595, 0.198451, 0.194997]"
Actor,client,7,6733,6,MR,F,evaluation,3,0,0.3280738890171051,0,0.8173993229866028,False,1,1.0,0,"[0.18695, 0.164933, 0.082428, 0.207857, 0.357833]"
Actor,client,7,6748,6,MR,F,evaluation,4,0,0.38674286007881165,0,0.7520955204963684,False,4,0.0,0,"[0.141901, 0.206795, 0.249116, 0.192071, 0.210116]"
Actor,client,7,6749,6,MR,F,evaluation,0,0,0.5808230042457581,1,0.5450589656829834,False,1,0.0,0,"[0.217901, 0.16797, 0.175995, 0.158447, 0.279687]"
Actor,client,7,6915,6,MR,F,evaluation,2,0,0.36377689242362976,0,0.7345184683799744,False,6,0.16666666666666666,0,"[0.152543, 0.213509, 0.212822, 0.15677, 0.264356]"
Actor,client,7,6929,6,MR,F,evaluation,4,0,0.42538347840309143,0,0.7520955204963684,False,4,0.25,0,"[0.100704, 0.15035, 0.131531, 0.326267, 0.291149]"
Actor,client,7,6931,6,MR,F,evaluation,4,0,0.3254854679107666,0,0.7520955204963684,False,3,0.0,0,"[0.184156, 0.228303, 0.194203, 0.192609, 0.200729]"
Actor,client,7,6958,6,MR,F,evaluation,2,0,0.3589312434196472,0,0.7345184683799744,False,2,0.5,0,"[0.090688, 0.151832, 0.211866, 0.287354, 0.258259]"
Actor,client,7,6989,6,MR,F,evaluation,3,0,0.29902052879333496,0,0.8173993229866028,False,2,0.0,0,"[0.114756, 0.15504, 0.13511, 0.201779, 0.393314]"
Actor,client,7,6997,6,MR,F,evaluation,2,0,0.18422716856002808,0,0.7345184683799744,False,4,0.0,0,"[0.170152, 0.198516, 0.114929, 0.189783, 0.32662]"
Actor,client,7,7024,6,MR,F,evaluation,3,0,0.6798332929611206,0,0.8173993229866028,False,1,0.0,1,"[0.188073, 0.147498, 0.154808, 0.35209, 0.157531]"
Actor,client,7,7031,6,MR,F,evaluation,3,0,0.5307906270027161,0,0.8173993229866028,False,1,0.0,0,"[0.052821, 0.103199, 0.271422, 0.278061, 0.294497]"
Actor,client,7,7095,6,MR,F,evaluation,1,0,0.1454555094242096,0,0.6836628317832947,False,3,0.0,0,"[0.102973, 0.101411, 0.207196, 0.206205, 0.382215]"
Actor,client,7,7110,6,MR,F,evaluation,1,0,0.25639188289642334,0,0.6836628317832947,False,1,0.0,0,"[0.139391, 0.169805, 0.162702, 0.194979, 0.333122]"
Actor,client,7,7112,6,MR,F,evaluation,2,0,0.15412843227386475,0,0.7345184683799744,False,3,0.0,0,"[0.020663, 0.032413, 0.093547, 0.227193, 0.626183]"
Actor,client,7,7172,6,MR,F,evaluation,1,0,0.3225572407245636,0,0.6836628317832947,False,1,0.0,0,"[0.162237, 0.182624, 0.220292, 0.216534, 0.218313]"
Actor,client,7,7232,6,MR,F,evaluation,3,0,0.2691168189048767,0,0.8173993229866028,False,1,0.0,0,"[0.166243, 0.172661, 0.213202, 0.173724, 0.274171]"
Actor,client,7,7251,6,MR,F,evaluation,3,0,0.36285215616226196,0,0.8173993229866028,False,0,,0,"[0.148665, 0.238388, 0.271279, 0.207265, 0.134403]"
Actor,client,7,7272,6,MR,F,evaluation,1,0,0.27816998958587646,0,0.6836628317832947,False,2,0.0,0,"[0.213914, 0.188562, 0.190156, 0.145303, 0.262065]"
Actor,client,7,7296,6,MR,F,evaluation,3,0,0.5214094519615173,0,0.8173993229866028,False,2,0.0,0,"[0.043196, 0.180091, 0.088165, 0.30361, 0.384937]"
Actor,client,7,7322,6,MR,F,evaluation,2,0,0.37056225538253784,0,0.7345184683799744,False,2,0.0,0,"[0.162704, 0.265476, 0.219965, 0.187587, 0.164269]"
Actor,client,7,7323,6,MR,F,evaluation,4,0,0.6917223930358887,0,0.7520955204963684,False,1,0.0,1,"[0.02378, 0.068067, 0.088969, 0.256773, 0.562412]"
Actor,client,7,7384,6,MR,F,evaluation,3,0,0.3292329013347626,0,0.8173993229866028,False,2,1.0,0,"[0.179468, 0.186025, 0.223899, 0.193033, 0.217575]"
Actor,client,7,7389,6,MR,F,evaluation,1,0,0.4212506413459778,0,0.6836628317832947,False,3,0.6666666666666666,0,"[0.162263, 0.210509, 0.205704, 0.253184, 0.168339]"
Actor,client,7,7395,6,MR,F,evaluation,3,0,0.5224449038505554,0,0.8173993229866028,False,2,0.0,1,"[0.17643, 0.193755, 0.197472, 0.268788, 0.163556]"
Actor,client,7,7410,6,MR,F,evaluation,1,0,0.41415640711784363,0,0.6836628317832947,False,1,1.0,0,"[0.236519, 0.230751, 0.190706, 0.17877, 0.163254]"
Actor,client,7,7455,6,MR,F,evaluation,3,0,0.424636572599411,0,0.8173993229866028,False,9,0.3333333333333333,0,"[0.023624, 0.056061, 0.107187, 0.25876, 0.554369]"
Actor,client,7,7505,6,MR,F,evaluation,3,0,0.12660065293312073,0,0.8173993229866028,False,0,,0,"[0.065653, 0.15279, 0.205344, 0.12332, 0.452894]"
Actor,client,7,7509,6,MR,F,evaluation,4,0,0.322909951210022,0,0.7520955204963684,False,3,0.3333333333333333,0,"[0.1423, 0.212828, 0.175264, 0.25263, 0.216978]"
Actor,client,7,7521,6,MR,F,evaluation,4,0,0.47930076718330383,0,0.7520955204963684,False,1,0.0,1,"[0.06316, 0.202898, 0.158802, 0.269477, 0.305663]"
Actor,client,7,6348,6,MR,F,evaluation,3,0,0.13862892985343933,0,0.8173993229866028,False,0,,0,"[0.194276, 0.299536, 0.146844, 0.126237, 0.233107]"
Actor,client,7,6350,6,MR,F,evaluation,3,0,0.5325188636779785,0,0.8173993229866028,False,1,1.0,1,"[0.193572, 0.159855, 0.179478, 0.269983, 0.197112]"
Actor,client,7,6380,6,MR,F,evaluation,3,0,0.40472620725631714,0,0.8173993229866028,False,0,,0,"[0.175825, 0.085764, 0.214072, 0.215293, 0.309046]"
Actor,client,7,6384,6,MR,F,evaluation,3,0,0.7288051247596741,0,0.8173993229866028,False,1,0.0,1,"[0.228332, 0.196743, 0.054773, 0.401517, 0.118636]"
Actor,client,7,6394,6,MR,F,evaluation,1,0,0.31419649720191956,0,0.6836628317832947,False,0,,0,"[0.188189, 0.1817, 0.205138, 0.21905, 0.205923]"
Actor,client,7,6399,6,MR,F,evaluation,4,0,0.35587629675865173,0,0.7520955204963684,False,0,,0,"[0.071623, 0.142051, 0.182243, 0.356008, 0.248076]"
Actor,client,7,6449,6,MR,F,evaluation,3,0,0.5438154339790344,0,0.8173993229866028,False,0,,0,"[0.079114, 0.149878, 0.050692, 0.309595, 0.410722]"
Actor,client,7,6465,6,MR,F,evaluation,1,0,0.49916601181030273,0,0.6836628317832947,False,0,,0,"[0.154852, 0.236957, 0.161631, 0.27701, 0.169549]"
Actor,client,7,6481,6,MR,F,evaluation,1,0,0.3071141242980957,0,0.6836628317832947,False,0,,0,"[0.099796, 0.145359, 0.443312, 0.199632, 0.1119]"
Actor,client,7,6497,6,MR,F,evaluation,4,0,0.8366839289665222,1,0.7520955204963684,False,0,,1,"[0.124824, 0.077787, 0.296779, 0.067377, 0.433232]"
Actor,client,7,6510,6,MR,F,evaluation,2,0,0.5311795473098755,0,0.7345184683799744,False,2,0.5,1,"[0.146123, 0.098543, 0.276198, 0.236799, 0.242336]"
Actor,client,7,6511,6,MR,F,evaluation,4,0,0.2258102148771286,0,0.7520955204963684,False,1,0.0,0,"[0.208981, 0.228699, 0.144386, 0.237811, 0.180123]"
Actor,client,7,6531,6,MR,F,evaluation,4,0,0.18185104429721832,0,0.7520955204963684,False,0,,0,"[0.222062, 0.24287, 0.199833, 0.193945, 0.14129]"
Actor,client,7,6541,6,MR,F,evaluation,3,0,0.4354102313518524,0,0.8173993229866028,False,0,,0,"[0.144976, 0.111791, 0.262949, 0.226906, 0.253379]"
Actor,client,7,6556,6,MR,F,evaluation,2,0,0.13200247287750244,0,0.7345184683799744,False,2,0.0,0,"[0.011496, 0.153792, 0.088599, 0.484242, 0.26187]"
Actor,client,7,6587,6,MR,F,evaluation,0,0,0.40417513251304626,0,0.5450589656829834,False,0,,0,"[0.181489, 0.254959, 0.227512, 0.191963, 0.144077]"
Actor,client,7,6589,6,MR,F,evaluation,2,0,0.20812375843524933,0,0.7345184683799744,False,0,,0,"[0.038719, 0.099063, 0.135383, 0.317927, 0.408908]"
Actor,client,7,6593,6,MR,F,evaluation,4,0,0.7590754628181458,1,0.7520955204963684,False,0,,1,"[0.086133, 0.118737, 0.167699, 0.143834, 0.483597]"
Actor,client,7,6621,6,MR,F,evaluation,3,0,0.5188179016113281,0,0.8173993229866028,False,5,0.4,0,"[0.095487, 0.151153, 0.163724, 0.282314, 0.307322]"
Actor,client,7,6622,6,MR,F,evaluation,2,0,0.4388713836669922,0,0.7345184683799744,False,0,,0,"[0.238112, 0.153178, 0.232624, 0.197356, 0.17873]"
Actor,client,7,6646,6,MR,F,evaluation,4,0,0.7763023376464844,1,0.7520955204963684,False,1,1.0,1,"[0.112082, 0.18869, 0.178763, 0.052939, 0.467526]"
Actor,client,7,6651,6,MR,F,evaluation,4,0,0.2902584373950958,0,0.7520955204963684,False,0,,0,"[0.053793, 0.071872, 0.19385, 0.451265, 0.22922]"
Actor,client,7,6653,6,MR,F,evaluation,1,0,0.4304468631744385,0,0.6836628317832947,False,0,,1,"[0.233387, 0.235627, 0.164608, 0.19704, 0.169338]"
Actor,client,7,6670,6,MR,F,evaluation,4,0,0.7856319546699524,1,0.7520955204963684,False,0,,1,"[0.01649, 0.017875, 0.001186, 0.031053, 0.933396]"
Actor,client,7,6712,6,MR,F,evaluation,0,0,0.26730412244796753,0,0.5450589656829834,False,1,0.0,0,"[0.046425, 0.126572, 0.253692, 0.24923, 0.324082]"
Actor,client,7,6730,6,MR,F,evaluation,4,0,0.778410792350769,1,0.7520955204963684,False,0,,1,"[0.088032, 0.157281, 0.198924, 0.086817, 0.468945]"
Actor,client,7,6806,6,MR,F,evaluation,3,0,0.40196308493614197,0,0.8173993229866028,False,0,,0,"[0.02408, 0.161492, 0.364974, 0.225086, 0.224367]"
Actor,client,7,6808,6,MR,F,evaluation,3,0,0.5761801600456238,0,0.8173993229866028,False,0,,1,"[0.236733, 0.207637, 0.127416, 0.29169, 0.136523]"
Actor,client,7,6813,6,MR,F,evaluation,4,0,0.739596962928772,0,0.7520955204963684,False,0,,1,"[0.015721, 0.022437, 0.034593, 0.184727, 0.742522]"
Actor,client,7,6814,6,MR,F,evaluation,2,0,0.2771502137184143,0,0.7345184683799744,False,0,,0,"[0.217712, 0.284442, 0.17172, 0.176411, 0.149715]"
Actor,client,7,6817,6,MR,F,evaluation,2,0,0.41960999369621277,0,0.7345184683799744,False,0,,0,"[0.026293, 0.050084, 0.235286, 0.288455, 0.399883]"
Actor,client,7,6829,6,MR,F,evaluation,3,0,0.6102027893066406,0,0.8173993229866028,False,0,,1,"[0.030864, 0.284155, 0.137203, 0.350115, 0.197663]"
Actor,client,7,6845,6,MR,F,evaluation,1,0,0.25460389256477356,0,0.6836628317832947,False,0,,0,"[0.110417, 0.118595, 0.346094, 0.283222, 0.141671]"
Actor,client,7,6902,6,MR,F,evaluation,3,0,0.4388182461261749,0,0.8173993229866028,False,2,0.0,1,"[0.163387, 0.19998, 0.189459, 0.239954, 0.20722]"
Actor,client,7,6906,6,MR,F,evaluation,3,0,0.33549070358276367,0,0.8173993229866028,False,0,,0,"[0.233387, 0.235627, 0.164608, 0.19704, 0.169338]"
Actor,client,7,6912,6,MR,F,evaluation,2,0,0.6684555411338806,0,0.7345184683799744,False,1,0.0,1,"[0.110835, 0.102101, 0.34477, 0.164114, 0.27818]"
Actor,client,7,6923,6,MR,F,evaluation,3,0,0.2825281620025635,0,0.8173993229866028,False,0,,0,"[0.283429, 0.22045, 0.236728, 0.159932, 0.09946]"
Actor,client,7,6928,6,MR,F,evaluation,4,0,0.07467743754386902,0,0.7520955204963684,False,0,,0,"[0.087847, 0.156671, 0.209617, 0.440741, 0.105123]"
Actor,client,7,6965,6,MR,F,evaluation,4,0,0.12777946889400482,0,0.7520955204963684,False,0,,0,"[0.122449, 0.244349, 0.42599, 0.140449, 0.066762]"
Actor,client,7,6966,6,MR,F,evaluation,4,0,0.0350949801504612,0,0.7520955204963684,False,0,,0,"[0.054297, 0.106618, 0.215171, 0.560293, 0.063621]"
Actor,client,7,6969,6,MR,F,evaluation,3,0,0.2557898461818695,0,0.8173993229866028,False,0,,0,"[0.176036, 0.147524, 0.086924, 0.181446, 0.408071]"
Actor,client,7,6980,6,MR,F,evaluation,3,0,0.8043776750564575,0,0.8173993229866028,False,0,,1,"[0.028514, 0.080109, 0.033003, 0.550076, 0.308298]"
Actor,client,7,6988,6,MR,F,evaluation,3,0,0.5406529307365417,0,0.8173993229866028,False,0,,0,"[0.016453, 0.213554, 0.337054, 0.288287, 0.144653]"
Actor,client,7,7000,6,MR,F,evaluation,4,0,0.2895471751689911,0,0.7520955204963684,False,2,0.5,0,"[0.125342, 0.233343, 0.189283, 0.249613, 0.202418]"
Actor,client,7,7001,6,MR,F,evaluation,4,0,0.7433135509490967,0,0.7520955204963684,False,0,,1,"[0.062549, 0.062765, 0.132489, 0.20941, 0.532787]"
Actor,client,7,7004,6,MR,F,evaluation,4,0,0.5863823890686035,0,0.7520955204963684,False,0,,1,"[0.09557, 0.111066, 0.034027, 0.291601, 0.467735]"
Actor,client,7,7009,6,MR,F,evaluation,4,0,0.3593606948852539,0,0.7520955204963684,False,1,1.0,0,"[0.115787, 0.231244, 0.238024, 0.205522, 0.209424]"
Actor,client,7,7010,6,MR,F,evaluation,0,0,0.4609755873680115,0,0.5450589656829834,False,0,,0,"[0.201485, 0.224582, 0.20116, 0.22849, 0.144283]"
Actor,client,7,7040,6,MR,F,evaluation,2,0,0.8688557147979736,1,0.7345184683799744,False,0,,1,"[0.024013, 0.059032, 0.503179, 0.294375, 0.1194]"
Actor,client,7,7044,6,MR,F,evaluation,0,0,0.43285071849823,0,0.5450589656829834,False,2,0.0,0,"[0.14906, 0.175844, 0.185726, 0.22562, 0.26375]"
Actor,client,7,7081,6,MR,F,evaluation,1,0,0.37710097432136536,0,0.6836628317832947,False,0,,0,"[0.167403, 0.190616, 0.332019, 0.194997, 0.114964]"
Actor,client,7,7087,6,MR,F,evaluation,4,0,0.20934933423995972,0,0.7520955204963684,False,1,0.0,0,"[0.077307, 0.191967, 0.137012, 0.387872, 0.205842]"
Actor,client,7,7088,6,MR,F,evaluation,0,0,0.24396726489067078,0,0.5450589656829834,False,1,0.0,0,"[0.086503, 0.325015, 0.120313, 0.324003, 0.144166]"
Actor,client,7,7092,6,MR,F,evaluation,3,0,0.662483274936676,0,0.8173993229866028,False,0,,1,"[0.100043, 0.281543, 0.107572, 0.373086, 0.137755]"
Actor,client,7,7121,6,MR,F,evaluation,0,0,0.6004114151000977,1,0.5450589656829834,False,2,0.5,1,"[0.25716, 0.14228, 0.221018, 0.211297, 0.168246]"
Actor,client,7,7157,6,MR,F,evaluation,2,0,0.5349798798561096,0,0.7345184683799744,False,1,0.0,1,"[0.096878, 0.247905, 0.296881, 0.152295, 0.206041]"
Actor,client,7,7176,6,MR,F,evaluation,3,0,0.4797140955924988,0,0.8173993229866028,False,2,0.5,0,"[0.148931, 0.279174, 0.154031, 0.267438, 0.150427]"
Actor,client,7,7205,6,MR,F,evaluation,1,0,0.29141128063201904,0,0.6836628317832947,False,2,0.0,0,"[0.185702, 0.169915, 0.206397, 0.229887, 0.2081]"
Actor,client,7,7224,6,MR,F,evaluation,4,0,0.33253180980682373,0,0.7520955204963684,False,0,,0,"[0.030296, 0.303009, 0.114286, 0.280682, 0.271726]"
Actor,client,7,7226,6,MR,F,evaluation,4,0,0.06113090738654137,0,0.7520955204963684,False,0,,0,"[0.074162, 0.036064, 0.211818, 0.575799, 0.102156]"
Actor,client,7,7240,6,MR,F,evaluation,1,0,0.6386502981185913,0,0.6836628317832947,False,0,,0,"[0.018914, 0.253542, 0.189326, 0.369149, 0.169069]"
Actor,client,7,7242,6,MR,F,evaluation,4,0,0.7612895369529724,1,0.7520955204963684,False,0,,1,"[0.013228, 0.011115, 0.10334, 0.207526, 0.66479]"
Actor,client,7,7320,6,MR,F,evaluation,2,0,0.3430483341217041,0,0.7345184683799744,False,0,,0,"[0.222062, 0.24287, 0.199833, 0.193945, 0.14129]"
Actor,client,7,7325,6,MR,F,evaluation,3,0,0.42884787917137146,0,0.8173993229866028,False,0,,0,"[0.05277, 0.131248, 0.254304, 0.242055, 0.319623]"
Actor,client,7,7379,6,MR,F,evaluation,4,0,0.2290390282869339,0,0.7520955204963684,False,0,,0,"[0.233387, 0.235627, 0.164608, 0.19704, 0.169338]"
Actor,client,7,7415,6,MR,F,evaluation,1,0,0.7732219099998474,1,0.6836628317832947,False,0,,1,"[0.034279, 0.329636, 0.329268, 0.203905, 0.102911]"
Actor,client,7,7441,6,MR,F,evaluation,1,0,0.4492942690849304,0,0.6836628317832947,False,1,1.0,1,"[0.247201, 0.252573, 0.15003, 0.165198, 0.184997]"
Actor,client,7,7480,6,MR,F,evaluation,3,0,0.2016489952802658,0,0.8173993229866028,False,1,0.0,0,"[0.032383, 0.216008, 0.184165, 0.173745, 0.393697]"
Actor,client,7,7482,6,MR,F,evaluation,3,0,0.6730565428733826,0,0.8173993229866028,False,0,,1,"[0.052535, 0.130729, 0.08173, 0.380173, 0.354833]"
Actor,client,7,7506,6,MR,F,evaluation,4,0,0.8179375529289246,1,0.7520955204963684,False,0,,1,"[0.021295, 0.026344, 0.146718, 0.093861, 0.711782]"
Actor,client,7,7537,6,MR,F,evaluation,2,0,0.39337867498397827,0,0.7345184683799744,False,0,,0,"[0.181489, 0.254959, 0.227512, 0.191963, 0.144077]"
Actor,client,7,7555,6,MR,F,evaluation,2,0,0.3764418363571167,0,0.7345184683799744,False,1,0.0,0,"[0.156833, 0.177203, 0.215164, 0.202266, 0.248533]"
Actor,client,7,7588,6,MR,F,evaluation,2,0,0.15973308682441711,0,0.7345184683799744,False,0,,0,"[0.083363, 0.077197, 0.095242, 0.173667, 0.570531]"
Actor,client,7,7595,6,MR,F,evaluation,3,0,0.46900317072868347,0,0.8173993229866028,False,0,,0,"[0.19773, 0.088634, 0.082406, 0.251503, 0.379727]"
Actor,client,7,14,8,MR,F,evaluation,2,0,0.3697998821735382,0,0.7345184683799744,False,4,0.25,0,"[0.062916, 0.140253, 0.21825, 0.283242, 0.295339]"
Actor,client,7,27,8,MR,F,evaluation,1,0,0.32099974155426025,0,0.6836628317832947,False,1,0.0,0,"[0.165751, 0.187466, 0.228596, 0.189842, 0.228345]"
Actor,client,7,85,8,MR,F,evaluation,1,0,0.2523922324180603,0,0.6836628317832947,False,2,0.5,0,"[0.160253, 0.164099, 0.202537, 0.188195, 0.284916]"
Actor,client,7,96,8,MR,F,evaluation,4,0,0.6831086277961731,0,0.7520955204963684,False,1,0.0,0,"[0.119332, 0.059945, 0.33309, 0.192742, 0.29489]"
Actor,client,7,100,8,MR,F,evaluation,2,0,0.4469811022281647,0,0.7345184683799744,False,0,,0,"[0.157819, 0.293729, 0.256662, 0.135068, 0.156722]"
Actor,client,7,107,8,MR,F,evaluation,1,0,0.32105085253715515,0,0.6836628317832947,False,1,0.0,0,"[0.062617, 0.147257, 0.229491, 0.342969, 0.217665]"
Actor,client,7,110,8,MR,F,evaluation,2,0,0.18066002428531647,0,0.7345184683799744,False,4,0.0,0,"[0.041383, 0.083098, 0.116284, 0.337806, 0.421429]"
Actor,client,7,187,8,MR,F,evaluation,3,0,0.8140971064567566,0,0.8173993229866028,False,0,,1,"[0.106858, 0.067276, 0.130639, 0.542092, 0.153134]"
Actor,client,7,319,8,MR,F,evaluation,0,0,0.4010714888572693,0,0.5450589656829834,False,2,0.0,0,"[0.149425, 0.222776, 0.214254, 0.169715, 0.243829]"
Actor,client,7,324,8,MR,F,evaluation,2,0,0.24964632093906403,0,0.7345184683799744,False,3,0.3333333333333333,0,"[0.13994, 0.156231, 0.154336, 0.283729, 0.265764]"
Actor,client,7,371,8,MR,F,evaluation,2,0,0.29440852999687195,0,0.7345184683799744,False,4,0.0,0,"[0.067401, 0.15099, 0.18301, 0.208737, 0.389861]"
Actor,client,7,373,8,MR,F,evaluation,3,0,0.527982234954834,0,0.8173993229866028,False,1,1.0,1,"[0.154098, 0.179257, 0.179187, 0.276178, 0.21128]"
Actor,client,7,381,8,MR,F,evaluation,4,0,0.3714168965816498,0,0.7520955204963684,False,6,0.16666666666666666,0,"[0.047326, 0.157913, 0.211119, 0.338042, 0.2456]"
Actor,client,7,438,8,MR,F,evaluation,4,0,0.7183923125267029,0,0.7520955204963684,False,1,0.0,1,"[0.060907, 0.089231, 0.148014, 0.220248, 0.481599]"
Actor,client,7,511,8,MR,F,evaluation,4,0,0.42721202969551086,0,0.7520955204963684,False,1,0.0,0,"[0.088249, 0.168049, 0.232742, 0.267021, 0.243939]"
Actor,client,7,512,8,MR,F,evaluation,3,0,0.6195787191390991,0,0.8173993229866028,False,0,,1,"[0.089713, 0.143156, 0.23264, 0.32233, 0.212162]"
Actor,client,7,578,8,MR,F,evaluation,4,0,0.471994012594223,0,0.7520955204963684,False,4,0.0,0,"[0.090378, 0.174135, 0.308981, 0.198094, 0.228412]"
Actor,client,7,629,8,MR,F,evaluation,4,0,0.5387292504310608,0,0.7520955204963684,False,0,,1,"[0.076678, 0.208994, 0.260861, 0.182475, 0.270991]"
Actor,client,7,671,8,MR,F,evaluation,3,0,0.6674697399139404,0,0.8173993229866028,False,1,1.0,1,"[0.087695, 0.170253, 0.162694, 0.363137, 0.21622]"
Actor,client,7,695,8,MR,F,evaluation,3,0,0.379631370306015,0,0.8173993229866028,False,1,0.0,0,"[0.120921, 0.15889, 0.188789, 0.223101, 0.3083]"
Actor,client,7,756,8,MR,F,evaluation,3,0,0.3362530469894409,0,0.8173993229866028,False,1,0.0,0,"[0.087822, 0.246734, 0.270071, 0.208277, 0.187096]"
Actor,client,7,763,8,MR,F,evaluation,4,0,0.77508544921875,1,0.7520955204963684,False,0,,1,"[0.011884, 0.025644, 0.005085, 0.059132, 0.898255]"
Actor,client,7,831,8,MR,F,evaluation,4,0,0.08355012536048889,0,0.7520955204963684,False,0,,0,"[0.017248, 0.247991, 0.206488, 0.410053, 0.118219]"
Actor,client,7,855,8,MR,F,evaluation,2,0,0.42601630091667175,0,0.7345184683799744,False,2,0.0,0,"[0.129621, 0.170821, 0.239369, 0.268207, 0.191983]"
Actor,client,7,869,8,MR,F,evaluation,1,0,0.41534632444381714,0,0.6836628317832947,False,1,0.0,0,"[0.11406, 0.216933, 0.240669, 0.193787, 0.234551]"
Actor,client,7,904,8,MR,F,evaluation,3,0,0.33549070358276367,0,0.8173993229866028,False,0,,0,"[0.233387, 0.235627, 0.164608, 0.19704, 0.169338]"
Actor,client,7,934,8,MR,F,evaluation,0,0,0.4619916081428528,0,0.5450589656829834,False,1,0.0,0,"[0.185016, 0.161132, 0.206483, 0.272994, 0.174374]"
Actor,client,7,987,8,MR,F,evaluation,2,0,0.3144001066684723,0,0.7345184683799744,False,1,0.0,0,"[0.132949, 0.17124, 0.189304, 0.318128, 0.188378]"
Actor,client,7,1010,8,MR,F,evaluation,4,0,0.7935330867767334,1,0.7520955204963684,False,1,0.0,1,"[0.179704, 0.076733, 0.031682, 0.057872, 0.65401]"
Actor,client,7,1097,8,MR,F,evaluation,3,0,0.3688199818134308,0,0.8173993229866028,False,3,0.3333333333333333,0,"[0.178503, 0.229822, 0.136868, 0.220833, 0.233974]"
Actor,client,7,1112,8,MR,F,evaluation,2,0,0.3541378378868103,0,0.7345184683799744,False,1,1.0,0,"[0.103342, 0.268492, 0.218355, 0.199081, 0.21073]"
Actor,client,7,1113,8,MR,F,evaluation,4,0,0.7686944603919983,1,0.7520955204963684,False,1,1.0,1,"[0.092492, 0.158349, 0.281479, 0.086149, 0.381531]"
Actor,client,7,1217,8,MR,F,evaluation,3,0,0.2456015646457672,0,0.8173993229866028,False,3,0.3333333333333333,0,"[0.136025, 0.224432, 0.194372, 0.174897, 0.270274]"
Actor,client,7,1251,8,MR,F,evaluation,4,0,0.388640433549881,0,0.7520955204963684,False,1,0.0,0,"[0.222259, 0.198382, 0.201459, 0.166103, 0.211797]"
Actor,client,7,1257,8,MR,F,evaluation,3,0,0.2539132535457611,0,0.8173993229866028,False,0,,0,"[0.198282, 0.265015, 0.057203, 0.187908, 0.291592]"
Actor,client,7,1262,8,MR,F,evaluation,3,0,0.6206644177436829,0,0.8173993229866028,False,5,0.2,0,"[0.038553, 0.158771, 0.099236, 0.34955, 0.353891]"
Actor,client,7,1338,8,MR,F,evaluation,4,0,0.6351115107536316,0,0.7520955204963684,False,2,0.5,1,"[0.148552, 0.139158, 0.154976, 0.203628, 0.353685]"
Actor,client,7,1342,8,MR,F,evaluation,4,0,0.48147666454315186,0,0.7520955204963684,False,0,,0,"[0.117817, 0.307126, 0.148854, 0.141837, 0.284367]"
Actor,client,7,1361,8,MR,F,evaluation,2,0,0.2770973742008209,0,0.7345184683799744,False,9,0.1111111111111111,0,"[0.074531, 0.146334, 0.174514, 0.347985, 0.256637]"
Actor,client,7,1442,8,MR,F,evaluation,4,0,0.48807239532470703,0,0.7520955204963684,False,1,0.0,1,"[0.150047, 0.125956, 0.112207, 0.298361, 0.313429]"
Actor,client,7,1465,8,MR,F,evaluation,1,0,0.47256961464881897,0,0.6836628317832947,False,3,0.3333333333333333,0,"[0.166691, 0.237346, 0.160909, 0.242138, 0.192916]"
Actor,client,7,1467,8,MR,F,evaluation,0,0,0.39758870005607605,0,0.5450589656829834,False,4,0.25,0,"[0.144231, 0.170651, 0.223796, 0.234175, 0.227147]"
Actor,client,7,1499,8,MR,F,evaluation,3,0,0.3825753927230835,0,0.8173993229866028,False,1,0.0,0,"[0.095785, 0.239852, 0.209992, 0.230702, 0.223669]"
Actor,client,7,1513,8,MR,F,evaluation,4,0,0.5148152112960815,0,0.7520955204963684,False,3,0.0,1,"[0.108673, 0.170953, 0.197794, 0.237335, 0.285245]"
Actor,client,7,1591,8,MR,F,evaluation,2,0,0.38281458616256714,0,0.7345184683799744,False,1,0.0,0,"[0.112552, 0.147143, 0.218523, 0.096684, 0.425098]"
Actor,client,7,1594,8,MR,F,evaluation,1,0,0.30262234807014465,0,0.6836628317832947,False,1,0.0,0,"[0.134857, 0.171252, 0.212074, 0.23455, 0.247267]"
Actor,client,7,1643,8,MR,F,evaluation,2,0,0.24364355206489563,0,0.7345184683799744,False,3,0.0,0,"[0.061758, 0.076629, 0.151175, 0.243502, 0.466936]"
Actor,client,7,1683,8,MR,F,evaluation,4,0,0.39748504757881165,0,0.7520955204963684,False,2,0.0,0,"[0.077106, 0.158973, 0.2531, 0.281456, 0.229365]"
Actor,client,7,1720,8,MR,F,evaluation,1,0,0.5101591348648071,0,0.6836628317832947,False,2,0.0,0,"[0.145961, 0.264449, 0.104338, 0.216527, 0.268724]"
Actor,client,7,1728,8,MR,F,evaluation,2,0,0.5122431516647339,0,0.7345184683799744,False,1,0.0,0,"[0.106754, 0.132551, 0.275515, 0.321517, 0.163663]"
Actor,client,7,1785,8,MR,F,evaluation,4,0,0.6694035530090332,0,0.7520955204963684,False,4,0.5,1,"[0.072563, 0.134458, 0.171064, 0.220015, 0.401901]"
Actor,client,7,1798,8,MR,F,evaluation,2,0,0.4087742269039154,0,0.7345184683799744,False,1,0.0,0,"[0.104355, 0.207123, 0.23746, 0.249388, 0.201674]"
Actor,client,7,1896,8,MR,F,evaluation,1,0,0.29418739676475525,0,0.6836628317832947,False,8,0.125,0,"[0.069669, 0.149302, 0.171348, 0.329719, 0.279962]"
Actor,client,7,2076,8,MR,F,evaluation,0,0,0.49166133999824524,0,0.5450589656829834,False,1,0.0,0,"[0.205809, 0.205854, 0.202526, 0.205992, 0.179819]"
Actor,client,7,2081,8,MR,F,evaluation,4,0,0.3813142478466034,0,0.7520955204963684,False,0,,0,"[0.107807, 0.163676, 0.155989, 0.314432, 0.258095]"
Actor,client,7,2112,8,MR,F,evaluation,0,0,0.5316034555435181,0,0.5450589656829834,False,2,0.5,0,"[0.182659, 0.224675, 0.113065, 0.157627, 0.321974]"
Actor,client,7,2140,8,MR,F,evaluation,3,0,0.5525335669517517,0,0.8173993229866028,False,4,0.0,1,"[0.090791, 0.183804, 0.202909, 0.295174, 0.227323]"
Actor,client,7,2160,8,MR,F,evaluation,3,0,0.4068746864795685,0,0.8173993229866028,False,1,0.0,0,"[0.136671, 0.143561, 0.175734, 0.23089, 0.313143]"
Actor,client,7,2184,8,MR,F,evaluation,2,0,0.3905167579650879,0,0.7345184683799744,False,1,0.0,0,"[0.149599, 0.144296, 0.219134, 0.211723, 0.275247]"
Actor,client,7,2251,8,MR,F,evaluation,3,0,0.32428938150405884,0,0.8173993229866028,False,2,0.0,0,"[0.10019, 0.184423, 0.326906, 0.190993, 0.197488]"
Actor,client,7,2277,8,MR,F,evaluation,2,0,0.5995200872421265,0,0.7345184683799744,False,4,0.5,1,"[0.121347, 0.136481, 0.313172, 0.202078, 0.226921]"
Actor,client,7,2286,8,MR,F,evaluation,2,0,0.4837251305580139,0,0.7345184683799744,False,0,,0,"[0.025328, 0.10699, 0.268433, 0.330548, 0.268701]"
Actor,client,7,2317,8,MR,F,evaluation,2,0,0.5567051768302917,0,0.7345184683799744,False,0,,1,"[0.21364, 0.193207, 0.289769, 0.067853, 0.235531]"
Actor,client,7,2343,8,MR,F,evaluation,3,0,0.48291391134262085,0,0.8173993229866028,False,1,1.0,1,"[0.119334, 0.208304, 0.164306, 0.267635, 0.240422]"
Actor,client,7,2374,8,MR,F,evaluation,2,0,0.48773762583732605,0,0.7345184683799744,False,1,1.0,1,"[0.126545, 0.209265, 0.269617, 0.197256, 0.197317]"
Actor,client,7,2381,8,MR,F,evaluation,4,0,0.7698203921318054,1,0.7520955204963684,False,1,0.0,1,"[0.032104, 0.093707, 0.085302, 0.102801, 0.686086]"
Actor,client,7,2436,8,MR,F,evaluation,0,0,0.3125156760215759,0,0.5450589656829834,False,2,0.0,0,"[0.081082, 0.174258, 0.175774, 0.292268, 0.276619]"
Actor,client,7,2534,8,MR,F,evaluation,0,0,0.3921051323413849,0,0.5450589656829834,False,7,0.0,0,"[0.102694, 0.11522, 0.178397, 0.276076, 0.327613]"
Actor,client,7,2656,8,MR,F,evaluation,1,0,0.2496558129787445,0,0.6836628317832947,False,0,,0,"[0.151099, 0.134583, 0.329252, 0.223493, 0.161573]"
Actor,client,7,2705,8,MR,F,evaluation,1,0,0.2634298503398895,0,0.6836628317832947,False,6,0.0,0,"[0.082389, 0.156109, 0.197886, 0.236306, 0.32731]"
Actor,client,7,2753,8,MR,F,evaluation,4,0,0.4990662634372711,0,0.7520955204963684,False,1,0.0,0,"[0.078984, 0.23943, 0.258988, 0.16771, 0.254888]"
Actor,client,7,2774,8,MR,F,evaluation,3,0,0.4611433148384094,0,0.8173993229866028,False,1,1.0,0,"[0.105512, 0.110914, 0.173214, 0.25406, 0.356299]"
Actor,client,7,2778,8,MR,F,evaluation,4,0,0.4115489423274994,0,0.7520955204963684,False,2,0.0,1,"[0.150178, 0.185457, 0.219635, 0.21655, 0.22818]"
Actor,client,7,2786,8,MR,F,evaluation,0,0,0.5005635023117065,0,0.5450589656829834,False,1,0.0,0,"[0.197962, 0.167475, 0.196486, 0.237627, 0.20045]"
Actor,client,7,2795,8,MR,F,evaluation,3,0,0.6414348483085632,0,0.8173993229866028,False,2,1.0,1,"[0.107388, 0.186811, 0.135225, 0.347088, 0.223488]"
Actor,client,7,2843,8,MR,F,evaluation,2,0,0.4615461826324463,0,0.7345184683799744,False,1,0.0,1,"[0.14958, 0.163344, 0.25177, 0.214082, 0.221223]"
Actor,client,7,2846,8,MR,F,evaluation,3,0,0.4536473751068115,0,0.8173993229866028,False,1,0.0,0,"[0.110094, 0.157507, 0.107133, 0.26174, 0.363527]"
Actor,client,7,2897,8,MR,F,evaluation,2,0,0.28145694732666016,0,0.7345184683799744,False,1,0.0,0,"[0.054314, 0.2606, 0.188651, 0.364043, 0.132393]"
Actor,client,7,2989,8,MR,F,evaluation,4,0,0.5670639276504517,0,0.7520955204963684,False,1,0.0,1,"[0.120243, 0.165539, 0.215018, 0.205539, 0.29366]"
Actor,client,7,3161,8,MR,F,evaluation,3,0,0.5621180534362793,0,0.8173993229866028,False,0,,1,"[0.120769, 0.186401, 0.256833, 0.2879, 0.148098]"
Actor,client,7,3203,8,MR,F,evaluation,2,0,0.3439089357852936,0,0.7345184683799744,False,2,0.0,0,"[0.112205, 0.166471, 0.20438, 0.291566, 0.225378]"
Actor,client,7,3351,8,MR,F,evaluation,3,0,0.6369673609733582,0,0.8173993229866028,False,0,,1,"[0.053901, 0.20177, 0.178839, 0.350077, 0.215413]"
Actor,client,7,3393,8,MR,F,evaluation,3,0,0.4186578691005707,0,0.8173993229866028,False,5,0.0,0,"[0.164831, 0.12426, 0.123891, 0.235726, 0.351292]"
Actor,client,7,3456,8,MR,F,evaluation,4,0,0.4036315083503723,0,0.7520955204963684,False,3,0.0,1,"[0.206502, 0.183806, 0.171739, 0.205839, 0.232114]"
Actor,client,7,3462,8,MR,F,evaluation,4,0,0.46331822872161865,0,0.7520955204963684,False,1,1.0,0,"[0.072192, 0.125515, 0.196166, 0.324486, 0.281641]"
Actor,client,7,3472,8,MR,F,evaluation,2,0,0.19685964286327362,0,0.7345184683799744,False,7,0.14285714285714285,0,"[0.083532, 0.079376, 0.12187, 0.247486, 0.467735]"
Actor,client,7,3506,8,MR,F,evaluation,2,0,0.5024542212486267,0,0.7345184683799744,False,1,0.0,0,"[0.129859, 0.186864, 0.274186, 0.292469, 0.116622]"
Actor,client,7,3519,8,MR,F,evaluation,2,0,0.11886020749807358,0,0.7345184683799744,False,0,,0,"[0.230841, 0.061389, 0.044334, 0.094225, 0.569211]"
Actor,client,7,3593,8,MR,F,evaluation,2,0,0.33233726024627686,0,0.7345184683799744,False,0,,0,"[0.197445, 0.156353, 0.189758, 0.239895, 0.216549]"
Actor,client,7,3612,8,MR,F,evaluation,0,0,0.2335517555475235,0,0.5450589656829834,False,4,0.25,0,"[0.044898, 0.139381, 0.242058, 0.335478, 0.238185]"
Actor,client,7,3687,8,MR,F,evaluation,4,0,0.22044700384140015,0,0.7520955204963684,False,5,0.2,0,"[0.027812, 0.199085, 0.345066, 0.279765, 0.148272]"
Actor,client,7,3720,8,MR,F,evaluation,4,0,0.2097472846508026,0,0.7520955204963684,False,0,,0,"[0.017253, 0.064476, 0.093438, 0.572939, 0.251895]"
Actor,client,7,3729,8,MR,F,evaluation,0,0,0.21877774596214294,0,0.5450589656829834,False,3,0.3333333333333333,0,"[0.031782, 0.223254, 0.104463, 0.412479, 0.228022]"
Actor,client,7,3749,8,MR,F,evaluation,4,0,0.5808010697364807,0,0.7520955204963684,False,1,0.0,1,"[0.10873, 0.147276, 0.234391, 0.215197, 0.294406]"
Actor,client,7,3807,8,MR,F,evaluation,2,0,0.5064522624015808,0,0.7345184683799744,False,1,1.0,1,"[0.110857, 0.184095, 0.277156, 0.250319, 0.177574]"
Actor,client,7,3824,8,MR,F,evaluation,0,0,0.33463141322135925,0,0.5450589656829834,False,3,0.0,0,"[0.086442, 0.147606, 0.210284, 0.247022, 0.308646]"
Actor,client,7,3865,8,MR,F,evaluation,0,0,0.37761634588241577,0,0.5450589656829834,False,1,0.0,0,"[0.125126, 0.154674, 0.211645, 0.26242, 0.246135]"
Actor,client,7,3916,8,MR,F,evaluation,1,0,0.3214438557624817,0,0.6836628317832947,False,1,0.0,0,"[0.131819, 0.172966, 0.247985, 0.234132, 0.213099]"
Actor,client,7,3924,8,MR,F,evaluation,1,0,0.32704392075538635,0,0.6836628317832947,False,1,0.0,0,"[0.087234, 0.185799, 0.196822, 0.218623, 0.311521]"
Actor,client,7,3938,8,MR,F,evaluation,3,0,0.28806912899017334,0,0.8173993229866028,False,0,,0,"[0.117417, 0.302689, 0.207327, 0.197197, 0.17537]"
Actor,client,7,3981,8,MR,F,evaluation,0,0,0.33146539330482483,0,0.5450589656829834,False,2,0.0,0,"[0.109492, 0.200227, 0.207462, 0.246575, 0.236243]"
Actor,client,7,3984,8,MR,F,evaluation,2,0,0.3736834228038788,0,0.7345184683799744,False,2,0.0,0,"[0.17794, 0.173627, 0.211812, 0.224288, 0.212332]"
Actor,client,7,4018,8,MR,F,evaluation,1,0,0.26389405131340027,0,0.6836628317832947,False,2,0.0,0,"[0.125552, 0.134595, 0.262895, 0.287437, 0.189521]"
Actor,client,7,4040,8,MR,F,evaluation,2,0,0.1676522195339203,0,0.7345184683799744,False,1,1.0,0,"[0.203578, 0.128457, 0.094727, 0.222255, 0.350983]"
Actor,client,7,4049,8,MR,F,evaluation,1,0,0.39962440729141235,0,0.6836628317832947,False,2,0.5,0,"[0.164622, 0.214278, 0.159936, 0.237057, 0.224107]"
Actor,client,7,4102,8,MR,F,evaluation,3,0,0.6453066468238831,0,0.8173993229866028,False,2,0.5,1,"[0.138734, 0.139446, 0.234087, 0.32806, 0.159673]"
Actor,client,7,4116,8,MR,F,evaluation,2,0,0.2397262305021286,0,0.7345184683799744,False,0,,0,"[0.160533, 0.139701, 0.145349, 0.259814, 0.294603]"
Actor,client,7,4194,8,MR,F,evaluation,3,0,0.3668355345726013,0,0.8173993229866028,False,0,,0,"[0.121145, 0.084204, 0.149559, 0.218787, 0.426304]"
Actor,client,7,4212,8,MR,F,evaluation,2,0,0.292866051197052,0,0.7345184683799744,False,2,0.5,0,"[0.08994, 0.311563, 0.194072, 0.190071, 0.214354]"
Actor,client,7,4282,8,MR,F,evaluation,1,0,0.2911556363105774,0,0.6836628317832947,False,2,0.0,0,"[0.078744, 0.167238, 0.143148, 0.270453, 0.340417]"
Actor,client,7,4295,8,MR,F,evaluation,3,0,0.7016763687133789,0,0.8173993229866028,False,3,0.3333333333333333,1,"[0.053079, 0.177444, 0.19027, 0.393691, 0.185517]"
Actor,client,7,4341,8,MR,F,evaluation,4,0,0.6053013205528259,0,0.7520955204963684,False,1,0.0,1,"[0.057312, 0.099788, 0.185087, 0.297124, 0.360689]"
Actor,client,7,4344,8,MR,F,evaluation,3,0,0.5007655024528503,0,0.8173993229866028,False,2,0.5,1,"[0.111379, 0.191275, 0.155155, 0.276034, 0.266157]"
Actor,client,7,4347,8,MR,F,evaluation,4,0,0.48930296301841736,0,0.7520955204963684,False,1,0.0,0,"[0.044206, 0.085991, 0.119057, 0.393225, 0.357522]"
Actor,client,7,4355,8,MR,F,evaluation,4,0,0.6346982717514038,0,0.7520955204963684,False,0,,1,"[0.011224, 0.023837, 0.021885, 0.331777, 0.611277]"
Actor,client,7,4369,8,MR,F,evaluation,1,0,0.3795803487300873,0,0.6836628317832947,False,1,0.0,0,"[0.212282, 0.207633, 0.216263, 0.205566, 0.158256]"
Actor,client,7,4390,8,MR,F,evaluation,3,0,0.3790834844112396,0,0.8173993229866028,False,2,0.0,0,"[0.170776, 0.173842, 0.221982, 0.211578, 0.221822]"
Actor,client,7,4411,8,MR,F,evaluation,4,0,0.4907909333705902,0,0.7520955204963684,False,4,0.5,1,"[0.094817, 0.186553, 0.192621, 0.244141, 0.281867]"
Actor,client,7,4453,8,MR,F,evaluation,1,0,0.3326108157634735,0,0.6836628317832947,False,1,0.0,0,"[0.151241, 0.177429, 0.275842, 0.217272, 0.178215]"
Actor,client,7,4531,8,MR,F,evaluation,0,0,0.2400726079940796,0,0.5450589656829834,False,3,0.0,0,"[0.04687, 0.15322, 0.260254, 0.271121, 0.268535]"
Actor,client,7,4559,8,MR,F,evaluation,0,0,0.3666359484195709,0,0.5450589656829834,False,1,0.0,0,"[0.128928, 0.226691, 0.169598, 0.245055, 0.229728]"
Actor,client,7,4572,8,MR,F,evaluation,2,0,0.2182127982378006,0,0.7345184683799744,False,2,0.5,0,"[0.234843, 0.12834, 0.125194, 0.271268, 0.240355]"
Actor,client,7,4604,8,MR,F,evaluation,2,0,0.11914841830730438,0,0.7345184683799744,False,7,0.42857142857142855,0,"[0.042602, 0.065724, 0.06447, 0.273605, 0.553599]"
Actor,client,7,4697,8,MR,F,evaluation,4,0,0.5722793340682983,0,0.7520955204963684,False,0,,1,"[0.052134, 0.206739, 0.059958, 0.235847, 0.445322]"
Actor,client,7,4706,8,MR,F,evaluation,3,0,0.405963271856308,0,0.8173993229866028,False,1,0.0,1,"[0.209451, 0.185896, 0.173071, 0.221665, 0.209918]"
Actor,client,7,4741,8,MR,F,evaluation,4,0,0.44500112533569336,0,0.7520955204963684,False,3,0.3333333333333333,0,"[0.093839, 0.162932, 0.194433, 0.282575, 0.266221]"
Actor,client,7,4743,8,MR,F,evaluation,4,0,0.7665639519691467,1,0.7520955204963684,False,3,0.3333333333333333,1,"[0.050441, 0.024278, 0.030603, 0.131544, 0.763134]"
Actor,client,7,4795,8,MR,F,evaluation,1,0,0.39733821153640747,0,0.6836628317832947,False,1,0.0,0,"[0.123303, 0.201183, 0.219552, 0.246146, 0.209815]"
Actor,client,7,4796,8,MR,F,evaluation,2,0,0.5450001955032349,0,0.7345184683799744,False,2,0.5,0,"[0.124925, 0.125199, 0.286517, 0.170899, 0.292461]"
Actor,client,7,4813,8,MR,F,evaluation,1,0,0.6031895875930786,0,0.6836628317832947,False,0,,0,"[0.05972, 0.233097, 0.158759, 0.423538, 0.124886]"
Actor,client,7,4847,8,MR,F,evaluation,0,0,0.4345051646232605,0,0.5450589656829834,False,2,0.0,0,"[0.154055, 0.152071, 0.180173, 0.288521, 0.225179]"
Actor,client,7,4863,8,MR,F,evaluation,0,0,0.28649240732192993,0,0.5450589656829834,False,2,0.0,0,"[0.082577, 0.210212, 0.206086, 0.253553, 0.247572]"
Actor,client,7,4870,8,MR,F,evaluation,1,0,0.3087410032749176,0,0.6836628317832947,False,8,0.0,0,"[0.09072, 0.173818, 0.150159, 0.268172, 0.31713]"
Actor,client,7,4909,8,MR,F,evaluation,4,0,0.2743181884288788,0,0.7520955204963684,False,0,,0,"[0.071594, 0.1664, 0.203755, 0.350317, 0.207935]"
Actor,client,7,4931,8,MR,F,evaluation,2,0,0.18165169656276703,0,0.7345184683799744,False,0,,0,"[0.176498, 0.12237, 0.107983, 0.375942, 0.217208]"
Actor,client,7,5033,8,MR,F,evaluation,1,0,0.23012402653694153,0,0.6836628317832947,False,3,0.3333333333333333,0,"[0.110271, 0.13925, 0.277475, 0.198019, 0.274985]"
Actor,client,7,5080,8,MR,F,evaluation,0,0,0.4961671829223633,0,0.5450589656829834,False,1,0.0,0,"[0.171962, 0.198263, 0.157763, 0.171407, 0.300604]"
Actor,client,7,5116,8,MR,F,evaluation,1,0,0.22811099886894226,0,0.6836628317832947,False,4,0.0,0,"[0.116656, 0.127716, 0.127478, 0.334389, 0.293762]"
Actor,client,7,5193,8,MR,F,evaluation,3,0,0.5212458968162537,0,0.8173993229866028,False,4,0.25,1,"[0.140835, 0.200774, 0.195965, 0.275024, 0.187402]"
Actor,client,7,5240,8,MR,F,evaluation,0,0,0.5846691727638245,1,0.5450589656829834,False,0,,1,"[0.237072, 0.161047, 0.177252, 0.223546, 0.201084]"
Actor,client,7,5299,8,MR,F,evaluation,3,0,0.5821382999420166,0,0.8173993229866028,False,2,0.0,0,"[0.029833, 0.114174, 0.23205, 0.311245, 0.312699]"
Actor,client,7,5302,8,MR,F,evaluation,4,0,0.2683280110359192,0,0.7520955204963684,False,2,0.0,0,"[0.035118, 0.186376, 0.466673, 0.177433, 0.1344]"
Actor,client,7,5317,8,MR,F,evaluation,3,0,0.45613378286361694,0,0.8173993229866028,False,5,0.4,0,"[0.207397, 0.152721, 0.158473, 0.239837, 0.241571]"
Actor,client,7,5331,8,MR,F,evaluation,4,0,0.5496982932090759,0,0.7520955204963684,False,3,0.3333333333333333,1,"[0.14148, 0.158422, 0.228089, 0.197347, 0.274662]"
Actor,client,7,5349,8,MR,F,evaluation,2,0,0.33667081594467163,0,0.7345184683799744,False,0,,0,"[0.122357, 0.248069, 0.20684, 0.221582, 0.201153]"
Actor,client,7,5421,8,MR,F,evaluation,4,0,0.5027031302452087,0,0.7520955204963684,False,2,0.5,1,"[0.114052, 0.261018, 0.20566, 0.150783, 0.268486]"
Actor,client,7,5436,8,MR,F,evaluation,1,0,0.3100951611995697,0,0.6836628317832947,False,9,0.0,0,"[0.069853, 0.162125, 0.249317, 0.254622, 0.264084]"
Actor,client,7,5501,8,MR,F,evaluation,2,0,0.32229119539260864,0,0.7345184683799744,False,1,0.0,0,"[0.130661, 0.188388, 0.194902, 0.334096, 0.151953]"
Actor,client,7,5514,8,MR,F,evaluation,1,0,0.36891379952430725,0,0.6836628317832947,False,1,0.0,0,"[0.13946, 0.215438, 0.164102, 0.184891, 0.296108]"
Actor,client,7,5526,8,MR,F,evaluation,4,0,0.36823660135269165,0,0.7520955204963684,False,6,0.3333333333333333,0,"[0.052278, 0.111296, 0.131097, 0.417233, 0.288095]"
Actor,client,7,5536,8,MR,F,evaluation,4,0,0.5733746290206909,0,0.7520955204963684,False,1,0.0,1,"[0.184692, 0.134288, 0.178779, 0.205326, 0.296915]"
Actor,client,7,5575,8,MR,F,evaluation,3,0,0.1883143186569214,0,0.8173993229866028,False,2,0.0,0,"[0.172459, 0.15126, 0.164958, 0.144271, 0.367052]"
Actor,client,7,5594,8,MR,F,evaluation,2,0,0.44022101163864136,0,0.7345184683799744,False,1,1.0,0,"[0.09843, 0.266536, 0.256981, 0.191925, 0.186128]"
Actor,client,7,5610,8,MR,F,evaluation,4,0,0.7063379287719727,0,0.7520955204963684,False,4,0.5,1,"[0.032135, 0.101677, 0.080145, 0.203236, 0.582808]"
Actor,client,7,5624,8,MR,F,evaluation,2,0,0.33036351203918457,0,0.7345184683799744,False,3,0.3333333333333333,0,"[0.124712, 0.184263, 0.198164, 0.246005, 0.246857]"
Actor,client,7,5684,8,MR,F,evaluation,1,0,0.11108995974063873,0,0.6836628317832947,False,3,0.0,0,"[0.031253, 0.063154, 0.065397, 0.338945, 0.501251]"
Actor,client,7,5707,8,MR,F,evaluation,3,0,0.46812963485717773,0,0.8173993229866028,False,1,0.0,1,"[0.171299, 0.159634, 0.208032, 0.244604, 0.216432]"
Actor,client,7,5716,8,MR,F,evaluation,2,0,0.38358911871910095,0,0.7345184683799744,False,1,0.0,0,"[0.15553, 0.169334, 0.217802, 0.209924, 0.24741]"
Actor,client,7,5718,8,MR,F,evaluation,0,0,0.4310208559036255,0,0.5450589656829834,False,1,0.0,0,"[0.166539, 0.231426, 0.154292, 0.243395, 0.204349]"
Actor,client,7,5790,8,MR,F,evaluation,3,0,0.582096517086029,0,0.8173993229866028,False,4,0.5,1,"[0.114006, 0.171421, 0.163632, 0.308949, 0.241992]"
Actor,client,7,5838,8,MR,F,evaluation,2,0,0.542153000831604,0,0.7345184683799744,False,3,0.6666666666666666,1,"[0.127634, 0.162946, 0.288934, 0.198614, 0.221871]"
Actor,client,7,5842,8,MR,F,evaluation,1,0,0.32515355944633484,0,0.6836628317832947,False,1,0.0,0,"[0.188934, 0.181367, 0.220921, 0.227361, 0.181417]"
Actor,client,7,5846,8,MR,F,evaluation,4,0,0.43913695216178894,0,0.7520955204963684,False,5,0.2,0,"[0.079251, 0.185672, 0.156455, 0.292213, 0.286408]"
Actor,client,7,5881,8,MR,F,evaluation,2,0,0.197142094373703,0,0.7345184683799744,False,0,,0,"[0.221094, 0.17686, 0.117998, 0.313665, 0.170383]"
Actor,client,7,5928,8,MR,F,evaluation,4,0,0.35509446263313293,0,0.7520955204963684,False,5,0.0,0,"[0.112469, 0.204698, 0.214859, 0.248738, 0.219237]"
Actor,client,7,5936,8,MR,F,evaluation,0,0,0.4300541281700134,0,0.5450589656829834,False,2,0.0,0,"[0.122107, 0.139768, 0.191568, 0.194167, 0.35239]"
Actor,client,7,5972,8,MR,F,evaluation,4,0,0.5896706581115723,0,0.7520955204963684,False,2,0.5,1,"[0.190272, 0.165038, 0.181049, 0.165457, 0.298184]"
Actor,client,7,6042,8,MR,F,evaluation,1,0,0.2837935984134674,0,0.6836628317832947,False,1,0.0,0,"[0.132785, 0.161073, 0.26519, 0.212605, 0.228347]"
Actor,client,7,6059,8,MR,F,evaluation,1,0,0.48864227533340454,0,0.6836628317832947,False,0,,0,"[0.118014, 0.227741, 0.303928, 0.209415, 0.140902]"
Actor,client,7,6081,8,MR,F,evaluation,3,0,0.5763503909111023,0,0.8173993229866028,False,4,0.25,1,"[0.099145, 0.193073, 0.210838, 0.304552, 0.192392]"
Actor,client,7,6108,8,MR,F,evaluation,2,0,0.3900238871574402,0,0.7345184683799744,False,5,0.4,0,"[0.11788, 0.164701, 0.223734, 0.210358, 0.283327]"
Actor,client,7,6257,8,MR,F,evaluation,4,0,0.5628858208656311,0,0.7520955204963684,False,1,1.0,1,"[0.103549, 0.16069, 0.183079, 0.236749, 0.315933]"
Actor,client,7,6289,8,MR,F,evaluation,3,0,0.1922428458929062,0,0.8173993229866028,False,0,,0,"[0.01504, 0.079624, 0.321855, 0.146896, 0.436585]"
Actor,client,7,6300,8,MR,F,evaluation,3,0,0.41410771012306213,0,0.8173993229866028,False,3,0.3333333333333333,0,"[0.15094, 0.122947, 0.188224, 0.228274, 0.309616]"
Actor,client,7,6321,8,MR,F,evaluation,4,0,0.4709605574607849,0,0.7520955204963684,False,1,0.0,1,"[0.113392, 0.154409, 0.214888, 0.256408, 0.260903]"
Actor,client,7,6364,8,MR,F,evaluation,0,0,0.3663233816623688,0,0.5450589656829834,False,5,0.0,0,"[0.06016, 0.087482, 0.153464, 0.279002, 0.419892]"
Actor,client,7,6421,8,MR,F,evaluation,3,0,0.5559295415878296,0,0.8173993229866028,False,3,0.0,1,"[0.154026, 0.174766, 0.178771, 0.288089, 0.204347]"
Actor,client,7,6457,8,MR,F,evaluation,4,0,0.5947807431221008,0,0.7520955204963684,False,0,,1,"[0.05315, 0.159885, 0.139996, 0.259866, 0.387103]"
Actor,client,7,6473,8,MR,F,evaluation,1,0,0.2618568241596222,0,0.6836628317832947,False,0,,0,"[0.306529, 0.194748, 0.119391, 0.143806, 0.235526]"
Actor,client,7,6478,8,MR,F,evaluation,4,0,0.4137648046016693,0,0.7520955204963684,False,2,0.0,0,"[0.105755, 0.249871, 0.203048, 0.199651, 0.241675]"
Actor,client,7,6519,8,MR,F,evaluation,1,0,0.44761550426483154,0,0.6836628317832947,False,3,0.3333333333333333,0,"[0.069895, 0.18937, 0.130296, 0.411272, 0.199167]"
Actor,client,7,6584,8,MR,F,evaluation,3,0,0.4648922383785248,0,0.8173993229866028,False,1,0.0,1,"[0.16251, 0.186573, 0.18188, 0.249867, 0.21917]"
Actor,client,7,6590,8,MR,F,evaluation,2,0,0.18499872088432312,0,0.7345184683799744,False,0,,0,"[0.137202, 0.277195, 0.124967, 0.181285, 0.279352]"
Actor,client,7,6604,8,MR,F,evaluation,0,0,0.4944670498371124,0,0.5450589656829834,False,1,0.0,0,"[0.206397, 0.181636, 0.244564, 0.173537, 0.193866]"
Actor,client,7,6605,8,MR,F,evaluation,2,0,0.26624155044555664,0,0.7345184683799744,False,5,0.4,0,"[0.122514, 0.167136, 0.165532, 0.263859, 0.280959]"
Actor,client,7,6620,8,MR,F,evaluation,1,0,0.4027925431728363,0,0.6836628317832947,False,1,0.0,1,"[0.175238, 0.21646, 0.211994, 0.20168, 0.194627]"
Actor,client,7,6635,8,MR,F,evaluation,3,0,0.4837433695793152,0,0.8173993229866028,False,3,0.6666666666666666,0,"[0.145256, 0.141884, 0.192954, 0.255626, 0.26428]"
Actor,client,7,6649,8,MR,F,evaluation,4,0,0.4676230549812317,0,0.7520955204963684,False,1,0.0,1,"[0.122281, 0.181757, 0.184017, 0.242253, 0.269692]"
Actor,client,7,6665,8,MR,F,evaluation,4,0,0.6355944871902466,0,0.7520955204963684,False,3,0.3333333333333333,1,"[0.021505, 0.043593, 0.037644, 0.320535, 0.576723]"
Actor,client,7,6666,8,MR,F,evaluation,2,0,0.2693351209163666,0,0.7345184683799744,False,4,0.25,0,"[0.064572, 0.172249, 0.172103, 0.172031, 0.419046]"
Actor,client,7,6667,8,MR,F,evaluation,2,0,0.2796752154827118,0,0.7345184683799744,False,3,0.6666666666666666,0,"[0.096917, 0.081957, 0.166516, 0.162308, 0.492303]"
Actor,client,7,6703,8,MR,F,evaluation,4,0,0.25561127066612244,0,0.7520955204963684,False,1,0.0,0,"[0.221046, 0.212737, 0.173906, 0.213041, 0.179269]"
Actor,client,7,6727,8,MR,F,evaluation,3,0,0.257975697517395,0,0.8173993229866028,False,0,,0,"[0.07858, 0.266122, 0.32029, 0.175519, 0.159489]"
Actor,client,7,6745,8,MR,F,evaluation,1,0,0.41817507147789,0,0.6836628317832947,False,1,0.0,0,"[0.236948, 0.233508, 0.170565, 0.185615, 0.173365]"
Actor,client,7,6780,8,MR,F,evaluation,2,0,0.4307219684123993,0,0.7345184683799744,False,1,1.0,0,"[0.10083, 0.109067, 0.238571, 0.298745, 0.252787]"
Actor,client,7,6816,8,MR,F,evaluation,4,0,0.3200836777687073,0,0.7520955204963684,False,2,0.0,0,"[0.115531, 0.240426, 0.234123, 0.212126, 0.197794]"
Actor,client,7,6822,8,MR,F,evaluation,4,0,0.7793371081352234,1,0.7520955204963684,False,5,0.2,1,"[0.04354, 0.063057, 0.239742, 0.186856, 0.466806]"
Actor,client,7,6853,8,MR,F,evaluation,3,0,0.14609526097774506,0,0.8173993229866028,False,2,0.0,0,"[0.282267, 0.098974, 0.055248, 0.116538, 0.446974]"
Actor,client,7,6899,8,MR,F,evaluation,4,0,0.39783963561058044,0,0.7520955204963684,False,5,0.4,0,"[0.046225, 0.099643, 0.143004, 0.41453, 0.296598]"
Actor,client,7,6904,8,MR,F,evaluation,4,0,0.6206562519073486,0,0.7520955204963684,False,1,0.0,1,"[0.149302, 0.155618, 0.136466, 0.201261, 0.357352]"
Actor,client,7,6995,8,MR,F,evaluation,2,0,0.36612674593925476,0,0.7345184683799744,False,3,0.3333333333333333,0,"[0.133312, 0.165354, 0.21154, 0.187134, 0.30266]"
Actor,client,7,7109,8,MR,F,evaluation,2,0,0.22306929528713226,0,0.7345184683799744,False,6,0.16666666666666666,0,"[0.127686, 0.142578, 0.139483, 0.292799, 0.297454]"
Actor,client,7,7193,8,MR,F,evaluation,3,0,0.43383437395095825,0,0.8173993229866028,False,1,0.0,0,"[0.128274, 0.190607, 0.26831, 0.233496, 0.179314]"
Actor,client,7,7210,8,MR,F,evaluation,2,0,0.5114921927452087,0,0.7345184683799744,False,1,1.0,0,"[0.160714, 0.132755, 0.26911, 0.167454, 0.269967]"
Actor,client,7,7215,8,MR,F,evaluation,3,0,0.4576103389263153,0,0.8173993229866028,False,2,1.0,1,"[0.159645, 0.158674, 0.224171, 0.240523, 0.216987]"
Actor,client,7,7231,8,MR,F,evaluation,4,0,0.6110481023788452,0,0.7520955204963684,False,7,0.2857142857142857,0,"[0.066497, 0.101839, 0.344826, 0.21424, 0.272598]"
Actor,client,7,7254,8,MR,F,evaluation,4,0,0.5534162521362305,0,0.7520955204963684,False,1,0.0,1,"[0.175246, 0.116008, 0.140867, 0.252901, 0.314977]"
Actor,client,7,7284,8,MR,F,evaluation,2,0,0.373256653547287,0,0.7345184683799744,False,5,0.4,0,"[0.093818, 0.238913, 0.225092, 0.18291, 0.259268]"
Actor,client,7,7318,8,MR,F,evaluation,0,0,0.5193834900856018,0,0.5450589656829834,False,1,0.0,0,"[0.219646, 0.22042, 0.182894, 0.198149, 0.178891]"
Actor,client,7,7421,8,MR,F,evaluation,2,0,0.7034088969230652,0,0.7345184683799744,False,1,0.0,1,"[0.1175, 0.136993, 0.367502, 0.198337, 0.179668]"
Actor,client,7,7427,8,MR,F,evaluation,2,0,0.34917256236076355,0,0.7345184683799744,False,7,0.0,0,"[0.139795, 0.107179, 0.198608, 0.254659, 0.299759]"
Actor,client,7,7463,8,MR,F,evaluation,4,0,0.5986863970756531,0,0.7520955204963684,False,1,0.0,1,"[0.162858, 0.195127, 0.151502, 0.163977, 0.326537]"
Actor,client,7,7470,8,MR,F,evaluation,3,0,0.3351649045944214,0,0.8173993229866028,False,0,,0,"[0.125134, 0.060039, 0.291399, 0.187727, 0.335701]"
Actor,client,7,112,8,MR,F,evaluation,4,0,0.5209235548973083,0,0.7520955204963684,False,2,0.0,1,"[0.106748, 0.20727, 0.155522, 0.221411, 0.309049]"
Actor,client,7,173,8,MR,F,evaluation,2,0,0.2475450485944748,0,0.7345184683799744,False,1,0.0,0,"[0.156525, 0.232975, 0.157968, 0.255527, 0.197006]"
Actor,client,7,189,8,MR,F,evaluation,1,0,0.2317456305027008,0,0.6836628317832947,False,0,,0,"[0.078784, 0.14186, 0.224363, 0.220933, 0.33406]"
Actor,client,7,436,8,MR,F,evaluation,1,0,0.45162203907966614,0,0.6836628317832947,False,1,1.0,1,"[0.130205, 0.228056, 0.224162, 0.209436, 0.208141]"
Actor,client,7,542,8,MR,F,evaluation,2,0,0.34463953971862793,0,0.7345184683799744,False,1,0.0,0,"[0.099405, 0.095299, 0.198624, 0.178723, 0.427951]"
Actor,client,7,964,8,MR,F,evaluation,0,0,0.46705734729766846,0,0.5450589656829834,False,1,0.0,0,"[0.169243, 0.177179, 0.210417, 0.17518, 0.267981]"
Actor,client,7,1213,8,MR,F,evaluation,3,0,0.23878586292266846,0,0.8173993229866028,False,0,,0,"[0.079566, 0.154245, 0.208889, 0.175145, 0.382154]"
Actor,client,7,1483,8,MR,F,evaluation,1,0,0.37576964497566223,0,0.6836628317832947,False,0,,0,"[0.221142, 0.21046, 0.137083, 0.238285, 0.193031]"
Actor,client,7,2431,8,MR,F,evaluation,2,0,0.378203421831131,0,0.7345184683799744,False,2,0.0,0,"[0.124478, 0.130222, 0.215735, 0.335425, 0.19414]"
Actor,client,7,2781,8,MR,F,evaluation,4,0,0.22658444941043854,0,0.7520955204963684,False,1,0.0,0,"[0.084259, 0.157451, 0.309161, 0.295421, 0.153708]"
Actor,client,7,2853,8,MR,F,evaluation,3,0,0.1562396138906479,0,0.8173993229866028,False,0,,0,"[0.052691, 0.124683, 0.252248, 0.134796, 0.435582]"
Actor,client,7,2879,8,MR,F,evaluation,0,0,0.20077063143253326,0,0.5450589656829834,False,1,0.0,0,"[0.032405, 0.084519, 0.31303, 0.376718, 0.193327]"
Actor,client,7,3240,8,MR,F,evaluation,1,0,0.25018373131752014,0,0.6836628317832947,False,0,,0,"[0.124906, 0.135798, 0.351911, 0.203321, 0.184064]"
Actor,client,7,3496,8,MR,F,evaluation,4,0,0.6080572605133057,0,0.7520955204963684,False,1,1.0,1,"[0.215471, 0.234061, 0.082424, 0.1143, 0.353744]"
Actor,client,7,3784,8,MR,F,evaluation,0,0,0.3038104176521301,0,0.5450589656829834,False,2,0.0,0,"[0.109792, 0.190448, 0.168042, 0.394139, 0.137579]"
Actor,client,7,3942,8,MR,F,evaluation,0,0,0.3658640384674072,0,0.5450589656829834,False,1,1.0,0,"[0.135006, 0.140334, 0.242564, 0.296552, 0.185544]"
Actor,client,7,4220,8,MR,F,evaluation,1,0,0.2692861258983612,0,0.6836628317832947,False,4,0.5,0,"[0.063585, 0.1248, 0.363921, 0.268425, 0.179268]"
Actor,client,7,4244,8,MR,F,evaluation,2,0,0.24973618984222412,0,0.7345184683799744,False,3,0.3333333333333333,0,"[0.132819, 0.212721, 0.160199, 0.319926, 0.174335]"
Actor,client,7,4255,8,MR,F,evaluation,4,0,0.8025599122047424,1,0.7520955204963684,False,2,1.0,1,"[0.167827, 0.079302, 0.102195, 0.082407, 0.568269]"
Actor,client,7,4722,8,MR,F,evaluation,4,0,0.246753990650177,0,0.7520955204963684,False,4,0.5,0,"[0.173469, 0.193854, 0.253183, 0.219401, 0.160093]"
Actor,client,7,4892,8,MR,F,evaluation,2,0,0.20531728863716125,0,0.7345184683799744,False,0,,0,"[0.080324, 0.125502, 0.132622, 0.384952, 0.276601]"
Actor,client,7,5055,8,MR,F,evaluation,3,0,0.3707332909107208,0,0.8173993229866028,False,1,1.0,0,"[0.074056, 0.201145, 0.258753, 0.221461, 0.244586]"
Actor,client,7,5073,8,MR,F,evaluation,1,0,0.30256080627441406,0,0.6836628317832947,False,1,0.0,0,"[0.128093, 0.177476, 0.244152, 0.188942, 0.261337]"
Actor,client,7,5256,8,MR,F,evaluation,3,0,0.5836877226829529,0,0.8173993229866028,False,0,,1,"[0.243603, 0.129653, 0.21266, 0.278015, 0.136068]"
Actor,client,7,5472,8,MR,F,evaluation,3,0,0.3454057276248932,0,0.8173993229866028,False,1,0.0,0,"[0.233867, 0.222263, 0.176115, 0.198209, 0.169546]"
Actor,client,7,5789,8,MR,F,evaluation,2,0,0.1651334911584854,0,0.7345184683799744,False,0,,0,"[0.230014, 0.244681, 0.098831, 0.11102, 0.315453]"
Actor,client,7,6051,8,MR,F,evaluation,3,0,0.7761334180831909,0,0.8173993229866028,False,6,0.0,1,"[0.061274, 0.169853, 0.163291, 0.482426, 0.123156]"
Actor,client,7,6188,8,MR,F,evaluation,0,0,0.43784356117248535,0,0.5450589656829834,False,1,0.0,0,"[0.136543, 0.158798, 0.139248, 0.277969, 0.287442]"
Actor,client,7,6647,8,MR,F,evaluation,3,0,0.588845431804657,0,0.8173993229866028,False,3,0.0,1,"[0.102604, 0.146542, 0.148587, 0.314315, 0.287952]"
Actor,client,7,6697,8,MR,F,evaluation,1,0,0.3147099018096924,0,0.6836628317832947,False,0,,0,"[0.09635, 0.144745, 0.295156, 0.305638, 0.15811]"
Actor,client,7,7097,8,MR,F,evaluation,2,0,0.1178206279873848,0,0.7345184683799744,False,2,0.0,0,"[0.195834, 0.243925, 0.06173, 0.106241, 0.39227]"
Actor,client,7,7310,8,MR,F,evaluation,4,0,0.32540467381477356,0,0.7520955204963684,False,1,0.0,0,"[0.126246, 0.154934, 0.187959, 0.310182, 0.220679]"
Actor,client,7,7498,8,MR,F,evaluation,4,0,0.2640889585018158,0,0.7520955204963684,False,2,0.5,0,"[0.165784, 0.168328, 0.252567, 0.244266, 0.169055]"
Actor,client,7,7558,8,MR,F,evaluation,2,0,0.3950435221195221,0,0.7345184683799744,False,4,0.0,0,"[0.075711, 0.122045, 0.226934, 0.333175, 0.242135]"
Actor,client,7,41,8,MR,F,evaluation,4,0,0.5562961101531982,0,0.7520955204963684,False,0,,0,"[0.03342, 0.03685, 0.197994, 0.389297, 0.342439]"
Actor,client,7,1045,8,MR,F,evaluation,4,0,0.3885336220264435,0,0.7520955204963684,False,8,0.0,0,"[0.102499, 0.178467, 0.263179, 0.240037, 0.215818]"
Actor,client,7,1640,8,MR,F,evaluation,3,0,0.3798169791698456,0,0.8173993229866028,False,1,0.0,0,"[0.214376, 0.181448, 0.210077, 0.206708, 0.187391]"
Actor,client,7,1836,8,MR,F,evaluation,2,0,0.24886895716190338,0,0.7345184683799744,False,2,0.0,0,"[0.180121, 0.1702, 0.150967, 0.239846, 0.258867]"
Actor,client,7,1997,8,MR,F,evaluation,1,0,0.3395765721797943,0,0.6836628317832947,False,0,,0,"[0.128997, 0.164474, 0.192675, 0.32919, 0.184665]"
Actor,client,7,2121,8,MR,F,evaluation,2,0,0.40471863746643066,0,0.7345184683799744,False,1,0.0,1,"[0.163111, 0.190147, 0.228424, 0.222807, 0.195512]"
Actor,client,7,2136,8,MR,F,evaluation,2,0,0.4535936713218689,0,0.7345184683799744,False,2,0.5,1,"[0.107479, 0.201545, 0.255964, 0.2222, 0.212813]"
Actor,client,7,2185,8,MR,F,evaluation,3,0,0.4364098608493805,0,0.8173993229866028,False,3,0.0,0,"[0.182084, 0.17224, 0.139083, 0.240468, 0.266126]"
Actor,client,7,2411,8,MR,F,evaluation,0,0,0.4094231128692627,0,0.5450589656829834,False,1,0.0,0,"[0.170481, 0.163024, 0.30696, 0.17144, 0.188096]"
Actor,client,7,2698,8,MR,F,evaluation,4,0,0.7241551876068115,0,0.7520955204963684,False,1,0.0,1,"[0.179433, 0.094115, 0.161263, 0.169475, 0.395714]"
Actor,client,7,3723,8,MR,F,evaluation,2,0,0.42280012369155884,0,0.7345184683799744,False,1,1.0,1,"[0.115318, 0.203539, 0.242126, 0.23485, 0.204166]"
Actor,client,7,3735,8,MR,F,evaluation,2,0,0.25610461831092834,0,0.7345184683799744,False,2,0.0,0,"[0.186902, 0.179109, 0.154952, 0.234928, 0.244109]"
Actor,client,7,3804,8,MR,F,evaluation,4,0,0.8138303756713867,1,0.7520955204963684,False,0,,1,"[0.008105, 0.003947, 0.074315, 0.03791, 0.875724]"
Actor,client,7,4134,8,MR,F,evaluation,2,0,0.5906733274459839,0,0.7345184683799744,False,1,0.0,1,"[0.170481, 0.163024, 0.30696, 0.17144, 0.188096]"
Actor,client,7,4215,8,MR,F,evaluation,1,0,0.30203941464424133,0,0.6836628317832947,False,2,0.5,0,"[0.139437, 0.166312, 0.265953, 0.220644, 0.207655]"
Actor,client,7,4620,8,MR,F,evaluation,1,0,0.3790111541748047,0,0.6836628317832947,False,5,0.2,0,"[0.08973, 0.182359, 0.224188, 0.290696, 0.213028]"
Actor,client,7,4735,8,MR,F,evaluation,3,0,0.4505544602870941,0,0.8173993229866028,False,1,0.0,1,"[0.133003, 0.172722, 0.239228, 0.24136, 0.213687]"
Actor,client,7,4845,8,MR,F,evaluation,1,0,0.33012354373931885,0,0.6836628317832947,False,9,0.3333333333333333,0,"[0.093809, 0.170226, 0.291614, 0.228051, 0.2163]"
Actor,client,7,4886,8,MR,F,evaluation,3,0,0.43248993158340454,0,0.8173993229866028,False,6,0.16666666666666666,0,"[0.105316, 0.17875, 0.259733, 0.237103, 0.219098]"
Actor,client,7,5338,8,MR,F,evaluation,3,0,0.43455255031585693,0,0.8173993229866028,False,7,0.14285714285714285,0,"[0.102707, 0.175881, 0.265388, 0.237403, 0.218622]"
Actor,client,7,6142,8,MR,F,evaluation,1,0,0.3191133737564087,0,0.6836628317832947,False,1,0.0,0,"[0.187857, 0.197511, 0.170384, 0.184263, 0.259986]"
Actor,client,7,6183,8,MR,F,evaluation,1,0,0.4304468631744385,0,0.6836628317832947,False,0,,1,"[0.233387, 0.235627, 0.164608, 0.19704, 0.169338]"
Actor,client,7,6557,8,MR,F,evaluation,3,0,0.4443937838077545,0,0.8173993229866028,False,1,0.0,0,"[0.156881, 0.295275, 0.145406, 0.254792, 0.147646]"
Actor,client,7,7141,8,MR,F,evaluation,3,0,0.41349777579307556,0,0.8173993229866028,False,3,0.0,1,"[0.143308, 0.178091, 0.223232, 0.228446, 0.226923]"
Actor,client,7,7182,8,MR,F,evaluation,4,0,0.46852657198905945,0,0.7520955204963684,False,3,0.0,1,"[0.17401, 0.167032, 0.138416, 0.241503, 0.279039]"
Actor,client,7,7354,8,MR,F,evaluation,4,0,0.39673957228660583,0,0.7520955204963684,False,1,0.0,1,"[0.156893, 0.190851, 0.207545, 0.21835, 0.22636]"
Actor,client,7,7476,8,MR,F,evaluation,2,0,0.29584094882011414,0,0.7345184683799744,False,1,0.0,0,"[0.246674, 0.209335, 0.172056, 0.200137, 0.171798]"
Actor,client,7,86,8,MR,F,evaluation,1,0,0.3380070924758911,0,0.6836628317832947,False,2,0.5,0,"[0.116824, 0.172174, 0.244466, 0.262913, 0.203623]"
Actor,client,7,239,8,MR,F,evaluation,3,0,0.493065744638443,0,0.8173993229866028,False,0,,1,"[0.17535, 0.096689, 0.242783, 0.245019, 0.24016]"
Actor,client,7,1725,8,MR,F,evaluation,3,0,0.7524566650390625,0,0.8173993229866028,False,1,0.0,1,"[0.076716, 0.124409, 0.138105, 0.442996, 0.217773]"
Actor,client,7,1899,8,MR,F,evaluation,3,0,0.7749054431915283,0,0.8173993229866028,False,2,0.5,1,"[0.015319, 0.130882, 0.136482, 0.489887, 0.22743]"
Actor,client,7,1970,8,MR,F,evaluation,4,0,0.7250902652740479,0,0.7520955204963684,False,0,,1,"[0.140626, 0.17719, 0.189338, 0.105315, 0.387531]"
Actor,client,7,1991,8,MR,F,evaluation,3,0,0.8109404444694519,0,0.8173993229866028,False,0,,1,"[0.047437, 0.090459, 0.086021, 0.557032, 0.219051]"
Actor,client,7,2181,8,MR,F,evaluation,2,0,0.34809446334838867,0,0.7345184683799744,False,1,0.0,0,"[0.071017, 0.106806, 0.205488, 0.375127, 0.241562]"
Actor,client,7,2208,8,MR,F,evaluation,1,0,0.23766040802001953,0,0.6836628317832947,False,2,0.5,0,"[0.159764, 0.141565, 0.200744, 0.254147, 0.24378]"
Actor,client,7,2415,8,MR,F,evaluation,1,0,0.26173314452171326,0,0.6836628317832947,False,2,0.0,0,"[0.035661, 0.146947, 0.147003, 0.298074, 0.372316]"
Actor,client,7,2830,8,MR,F,evaluation,3,0,0.3866828978061676,0,0.8173993229866028,False,1,1.0,0,"[0.132579, 0.18164, 0.275171, 0.214333, 0.196278]"
Actor,client,7,2864,8,MR,F,evaluation,0,0,0.357677161693573,0,0.5450589656829834,False,2,0.0,0,"[0.115477, 0.132458, 0.241403, 0.265638, 0.245025]"
Actor,client,7,3151,8,MR,F,evaluation,3,0,0.3584374487400055,0,0.8173993229866028,False,2,0.5,0,"[0.239505, 0.175583, 0.076613, 0.211466, 0.296834]"
Actor,client,7,5101,8,MR,F,evaluation,4,0,0.4255872070789337,0,0.7520955204963684,False,2,0.5,0,"[0.086063, 0.118065, 0.139646, 0.361783, 0.294444]"
Actor,client,7,5828,8,MR,F,evaluation,0,0,0.4979712665081024,0,0.5450589656829834,False,1,1.0,0,"[0.201009, 0.221069, 0.175294, 0.195146, 0.207483]"
Actor,client,7,5869,8,MR,F,evaluation,4,0,0.7979723811149597,1,0.7520955204963684,False,0,,1,"[0.001402, 0.004339, 0.012862, 0.005515, 0.975882]"
Actor,client,7,6225,8,MR,F,evaluation,1,0,0.34219682216644287,0,0.6836628317832947,False,0,,0,"[0.142975, 0.175268, 0.253012, 0.253501, 0.175244]"
Actor,client,7,6568,8,MR,F,evaluation,1,0,0.2659754753112793,0,0.6836628317832947,False,1,0.0,0,"[0.014712, 0.083772, 0.076986, 0.601944, 0.222586]"
Actor,client,7,6983,8,MR,F,evaluation,0,0,0.15065619349479675,0,0.5450589656829834,False,0,,0,"[0.041412, 0.393557, 0.233316, 0.199758, 0.131957]"
Actor,client,7,7075,8,MR,F,evaluation,1,0,0.15161961317062378,0,0.6836628317832947,False,4,0.0,0,"[0.130693, 0.133303, 0.078464, 0.173553, 0.483987]"
Actor,client,7,7546,8,MR,F,evaluation,3,0,0.7660439610481262,0,0.8173993229866028,False,1,0.0,1,"[0.023857, 0.137379, 0.146561, 0.473607, 0.218596]"
Actor,client,7,673,8,MR,F,evaluation,2,0,0.8511838316917419,1,0.7345184683799744,False,4,0.25,1,"[0.052913, 0.112128, 0.485694, 0.188678, 0.160588]"
Actor,client,7,1218,8,MR,F,evaluation,3,0,0.19942344725131989,0,0.8173993229866028,False,0,,0,"[0.052769, 0.161232, 0.432737, 0.13495, 0.218312]"
Actor,client,7,1618,8,MR,F,evaluation,1,0,0.39838114380836487,0,0.6836628317832947,False,0,,0,"[0.070589, 0.185615, 0.163597, 0.339945, 0.240254]"
Actor,client,7,3311,8,MR,F,evaluation,3,0,0.1722778081893921,0,0.8173993229866028,False,0,,0,"[0.040337, 0.053788, 0.196261, 0.147807, 0.561807]"
Actor,client,7,4789,8,MR,F,evaluation,1,0,0.33424174785614014,0,0.6836628317832947,False,3,0.0,0,"[0.089511, 0.159019, 0.358547, 0.23751, 0.155412]"
Actor,client,7,5478,8,MR,F,evaluation,4,0,0.12915736436843872,0,0.7520955204963684,False,2,0.5,0,"[0.004409, 0.015147, 0.138828, 0.648511, 0.193106]"
Actor,client,7,5884,8,MR,F,evaluation,1,0,0.22164548933506012,0,0.6836628317832947,False,2,0.0,0,"[0.062736, 0.108876, 0.456924, 0.189119, 0.182346]"
Actor,client,7,6562,8,MR,F,evaluation,2,0,0.34528934955596924,0,0.7345184683799744,False,1,0.0,0,"[0.038405, 0.056747, 0.200751, 0.128638, 0.57546]"
Actor,client,7,7055,8,MR,F,evaluation,4,0,0.22032471001148224,0,0.7520955204963684,False,1,1.0,0,"[0.062601, 0.119563, 0.196906, 0.425389, 0.195542]"
Actor,client,7,7373,8,MR,F,evaluation,2,0,0.8268654346466064,1,0.7345184683799744,False,0,,1,"[0.057192, 0.109566, 0.459869, 0.183843, 0.18953]"
Actor,client,7,305,8,MR,F,evaluation,3,0,0.7960358262062073,0,0.8173993229866028,False,0,,1,"[0.043396, 0.076617, 0.155938, 0.514376, 0.209673]"
Actor,client,7,967,8,MR,F,evaluation,3,0,0.4880358874797821,0,0.8173993229866028,False,1,0.0,1,"[0.198427, 0.201509, 0.068371, 0.267779, 0.263914]"
Actor,client,7,2603,8,MR,F,evaluation,3,0,0.7525761127471924,0,0.8173993229866028,False,1,1.0,1,"[0.051727, 0.060673, 0.169226, 0.438813, 0.279561]"
Actor,client,7,3522,8,MR,F,evaluation,1,0,0.518500804901123,0,0.6836628317832947,False,0,,1,"[0.193581, 0.250379, 0.214832, 0.220337, 0.120872]"
Actor,client,7,3609,8,MR,F,evaluation,2,0,0.15695470571517944,0,0.7345184683799744,False,0,,0,"[0.263454, 0.247604, 0.09094, 0.219553, 0.178449]"
Actor,client,7,3679,8,MR,F,evaluation,3,0,0.189564049243927,0,0.8173993229866028,False,0,,0,"[0.175248, 0.163685, 0.241676, 0.135462, 0.283929]"
Actor,client,7,4026,8,MR,F,evaluation,3,0,0.33549070358276367,0,0.8173993229866028,False,0,,0,"[0.233387, 0.235627, 0.164608, 0.19704, 0.169338]"
Actor,client,7,4312,8,MR,F,evaluation,3,0,0.07370882481336594,0,0.8173993229866028,False,2,0.5,0,"[0.123334, 0.151327, 0.274785, 0.06334, 0.387214]"
Actor,client,7,4855,8,MR,F,evaluation,1,0,0.4067201018333435,0,0.6836628317832947,False,1,0.0,0,"[0.298354, 0.238336, 0.099044, 0.200203, 0.164062]"
Actor,client,7,4881,8,MR,F,evaluation,3,0,0.03948216885328293,0,0.8173993229866028,False,6,0.5,0,"[0.004493, 0.016125, 0.034713, 0.053948, 0.890721]"
Actor,client,7,5335,8,MR,F,evaluation,1,0,0.04138108715415001,0,0.6836628317832947,False,5,0.2,0,"[0.006273, 0.02653, 0.048377, 0.120054, 0.798767]"
Actor,client,7,5795,8,MR,F,evaluation,0,0,0.37951233983039856,0,0.5450589656829834,False,0,,0,"[0.158701, 0.286958, 0.174447, 0.203723, 0.176172]"
Actor,client,7,6911,8,MR,F,evaluation,2,0,0.17817698419094086,0,0.7345184683799744,False,0,,0,"[0.237525, 0.301685, 0.113281, 0.213154, 0.134355]"
Actor,client,7,7159,8,MR,F,evaluation,1,0,0.3336349427700043,0,0.6836628317832947,False,1,0.0,0,"[0.123395, 0.169875, 0.257796, 0.258045, 0.190889]"
Actor,client,7,7481,8,MR,F,evaluation,1,0,0.4648360311985016,0,0.6836628317832947,False,0,,0,"[0.121294, 0.195576, 0.099838, 0.432158, 0.151134]"
Actor,client,7,7491,8,MR,F,evaluation,1,0,0.38018032908439636,0,0.6836628317832947,False,0,,0,"[0.112154, 0.265663, 0.040684, 0.072456, 0.509042]"
Actor,client,7,7499,8,MR,F,evaluation,3,0,0.30832037329673767,0,0.8173993229866028,False,0,,0,"[0.036957, 0.110654, 0.499985, 0.169067, 0.183337]"
Actor,client,7,7513,8,MR,F,evaluation,3,0,0.6572990417480469,0,0.8173993229866028,False,0,,1,"[0.103043, 0.143752, 0.289173, 0.335983, 0.128049]"
Actor,client,7,7559,8,MR,F,evaluation,1,0,0.3991774022579193,0,0.6836628317832947,False,0,,0,"[0.148414, 0.207747, 0.24322, 0.210017, 0.190602]"
Actor,client,7,7567,8,MR,F,evaluation,0,0,0.40330758690834045,0,0.5450589656829834,False,0,,0,"[0.173593, 0.163567, 0.229591, 0.321652, 0.111597]"
Actor,client,7,7568,8,MR,F,evaluation,2,0,0.27410757541656494,0,0.7345184683799744,False,0,,0,"[0.233387, 0.235627, 0.164608, 0.19704, 0.169338]"
Actor,client,7,64,8,MR,F,evaluation,3,0,0.6376962065696716,0,0.8173993229866028,False,3,0.0,1,"[0.068964, 0.259083, 0.10516, 0.361185, 0.205608]"
Actor,client,7,741,8,MR,F,evaluation,3,0,0.6121769547462463,0,0.8173993229866028,False,4,0.25,0,"[0.033595, 0.11261, 0.186294, 0.331659, 0.335843]"
Actor,client,7,2460,8,MR,F,evaluation,3,0,0.3362579047679901,0,0.8173993229866028,False,1,1.0,0,"[0.312021, 0.218172, 0.108334, 0.190633, 0.170839]"
Actor,client,7,4623,8,MR,F,evaluation,3,0,0.4972367286682129,0,0.8173993229866028,False,1,0.0,0,"[0.099059, 0.133867, 0.242927, 0.261961, 0.262186]"
Actor,client,7,4820,8,MR,F,evaluation,3,0,0.3936084806919098,0,0.8173993229866028,False,1,1.0,0,"[0.203115, 0.243272, 0.169592, 0.222367, 0.161655]"
Actor,client,7,5177,8,MR,F,evaluation,2,0,0.5761528611183167,0,0.7345184683799744,False,0,,1,"[0.031381, 0.204089, 0.31833, 0.310464, 0.135737]"
Actor,client,7,5957,8,MR,F,evaluation,4,0,0.7609109282493591,1,0.7520955204963684,False,0,,1,"[0.090581, 0.039006, 0.110053, 0.194647, 0.565714]"
Actor,client,7,788,8,MR,F,evaluation,0,0,0.4141615629196167,0,0.5450589656829834,False,0,,0,"[0.154147, 0.161511, 0.217285, 0.256657, 0.2104]"
Actor,client,7,1136,8,MR,F,evaluation,2,0,0.2577727735042572,0,0.7345184683799744,False,1,0.0,0,"[0.145662, 0.264441, 0.166399, 0.166216, 0.257282]"
Actor,client,7,1973,8,MR,F,evaluation,0,0,0.4715445637702942,0,0.5450589656829834,False,1,0.0,0,"[0.181005, 0.20978, 0.181972, 0.195059, 0.232184]"
Actor,client,7,3149,8,MR,F,evaluation,4,0,0.7455676794052124,0,0.7520955204963684,False,2,0.5,1,"[0.031473, 0.055098, 0.145997, 0.220068, 0.547364]"
Actor,client,7,3475,8,MR,F,evaluation,1,0,0.4695938527584076,0,0.6836628317832947,False,0,,1,"[0.176105, 0.239677, 0.158229, 0.231472, 0.194518]"
Actor,client,7,4145,8,MR,F,evaluation,4,0,0.7755113244056702,1,0.7520955204963684,False,0,,1,"[0.01683, 0.042423, 0.098685, 0.145009, 0.697053]"
Actor,client,7,4915,8,MR,F,evaluation,3,0,0.49222350120544434,0,0.8173993229866028,False,1,0.0,1,"[0.126375, 0.238568, 0.177248, 0.270553, 0.187257]"
Actor,client,7,6838,8,MR,F,evaluation,4,0,0.4619789719581604,0,0.7520955204963684,False,2,1.0,1,"[0.115456, 0.159524, 0.188805, 0.267159, 0.269056]"
Actor,client,7,661,8,MR,F,evaluation,4,0,0.7501781582832336,0,0.7520955204963684,False,0,,1,"[0.042114, 0.011462, 0.092893, 0.225199, 0.628332]"
Actor,client,7,1294,8,MR,F,evaluation,2,0,0.3617726266384125,0,0.7345184683799744,False,1,0.0,0,"[0.207987, 0.1733, 0.20359, 0.218591, 0.196533]"
Actor,client,7,2394,8,MR,F,evaluation,2,0,0.348082959651947,0,0.7345184683799744,False,1,0.0,0,"[0.214897, 0.140078, 0.193789, 0.224512, 0.226724]"
Actor,client,7,3919,8,MR,F,evaluation,3,0,0.32145795226097107,0,0.8173993229866028,False,1,0.0,0,"[0.205757, 0.243566, 0.225695, 0.189305, 0.135677]"
Actor,client,7,4174,8,MR,F,evaluation,1,0,0.19709448516368866,0,0.6836628317832947,False,1,0.0,0,"[0.228967, 0.139342, 0.168255, 0.208691, 0.254745]"
Actor,client,7,5392,8,MR,F,evaluation,4,0,0.7089591026306152,0,0.7520955204963684,False,1,1.0,1,"[0.023685, 0.00669, 0.089261, 0.289209, 0.591156]"
Actor,client,7,5940,8,MR,F,evaluation,2,0,0.3497183620929718,0,0.7345184683799744,False,3,0.0,0,"[0.187652, 0.225251, 0.204656, 0.211004, 0.171437]"
Actor,client,7,1396,8,MR,F,evaluation,3,0,0.39627042412757874,0,0.8173993229866028,False,1,0.0,0,"[0.202607, 0.186004, 0.235743, 0.211513, 0.164133]"
Actor,client,7,2670,8,MR,F,evaluation,4,0,0.32786062359809875,0,0.7520955204963684,False,1,1.0,0,"[0.170445, 0.154888, 0.259313, 0.22846, 0.186894]"
Actor,client,7,4256,8,MR,F,evaluation,3,0,0.3925113081932068,0,0.8173993229866028,False,4,0.25,0,"[0.163053, 0.258993, 0.224411, 0.222669, 0.130874]"
Actor,client,7,6443,8,MR,F,evaluation,3,0,0.4553452730178833,0,0.8173993229866028,False,1,1.0,0,"[0.159222, 0.256359, 0.172986, 0.252515, 0.158919]"
Actor,client,7,928,8,MR,F,evaluation,4,0,0.5116060972213745,0,0.7520955204963684,False,1,0.0,1,"[0.156416, 0.171386, 0.183631, 0.211933, 0.276634]"
Actor,client,7,3487,8,MR,F,evaluation,2,0,0.3695065677165985,0,0.7345184683799744,False,1,0.0,0,"[0.101237, 0.110166, 0.212421, 0.357252, 0.218925]"
Actor,client,7,5708,8,MR,F,evaluation,3,0,0.5532669425010681,0,0.8173993229866028,False,2,1.0,1,"[0.115398, 0.132394, 0.210873, 0.28664, 0.254695]"
Actor,client,7,7006,8,MR,F,evaluation,3,0,0.5953713655471802,0,0.8173993229866028,False,3,0.0,1,"[0.103916, 0.119868, 0.193861, 0.309889, 0.272466]"
Actor,client,7,2258,8,MR,F,evaluation,0,0,0.492384135723114,0,0.5450589656829834,False,1,0.0,0,"[0.19959, 0.186599, 0.246709, 0.143166, 0.223935]"
Actor,client,7,5608,8,MR,F,evaluation,4,0,0.5837677717208862,0,0.7520955204963684,False,0,,1,"[0.117647, 0.295821, 0.146911, 0.107655, 0.331965]"
Actor,client,7,5966,8,MR,F,evaluation,4,0,0.5956768989562988,0,0.7520955204963684,False,1,1.0,1,"[0.0921, 0.29939, 0.11415, 0.119491, 0.37487]"
Actor,client,7,2132,8,MR,F,evaluation,2,0,0.49293920397758484,0,0.7345184683799744,False,1,0.0,1,"[0.189767, 0.09115, 0.254802, 0.240248, 0.224033]"
Actor,client,7,7070,8,MR,F,evaluation,3,0,0.4917946755886078,0,0.8173993229866028,False,1,0.0,0,"[0.189767, 0.09115, 0.254802, 0.240248, 0.224033]"
Actor,client,7,7563,8,MR,F,evaluation,3,0,0.5335091948509216,0,0.8173993229866028,False,0,,0,"[0.082796, 0.149121, 0.30503, 0.273115, 0.189938]"
Actor,client,7,1818,8,MR,F,evaluation,1,0,0.09861507266759872,0,0.6836628317832947,False,0,,0,"[0.050065, 0.068457, 0.17138, 0.207998, 0.5021]"
Actor,client,7,3023,8,MR,F,evaluation,0,0,0.3524983823299408,0,0.5450589656829834,False,1,0.0,0,"[0.0446, 0.071901, 0.189963, 0.226715, 0.466821]"
Actor,client,7,5734,8,MR,F,evaluation,0,0,0.3917529582977295,0,0.5450589656829834,False,1,0.0,0,"[0.048201, 0.074324, 0.148564, 0.212181, 0.51673]"
Actor,client,7,634,8,MR,F,evaluation,2,0,0.4199404716491699,0,0.7345184683799744,False,0,,0,"[0.179198, 0.205908, 0.235245, 0.24846, 0.131189]"
Actor,client,7,3088,8,MR,F,evaluation,3,0,0.14295761287212372,0,0.8173993229866028,False,0,,0,"[0.255743, 0.052369, 0.196388, 0.098485, 0.397015]"
Actor,client,7,2467,8,MR,F,evaluation,1,0,0.49304020404815674,0,0.6836628317832947,False,1,0.0,0,"[0.059961, 0.211795, 0.246845, 0.308532, 0.172868]"
Actor,client,7,1184,8,MR,F,evaluation,2,0,0.6371528506278992,0,0.7345184683799744,False,0,,0,"[0.027529, 0.102149, 0.338539, 0.470561, 0.061222]"
Actor,client,7,5393,8,MR,F,evaluation,4,0,0.06588026881217957,0,0.7520955204963684,False,2,0.0,0,"[0.013736, 0.129579, 0.269868, 0.4954, 0.091417]"
Actor,client,7,3054,8,MR,F,evaluation,1,0,0.3223443329334259,0,0.6836628317832947,False,1,0.0,0,"[0.153787, 0.183574, 0.252832, 0.191582, 0.218226]"
Actor,client,7,3179,8,MR,F,evaluation,4,0,0.42121589183807373,0,0.7520955204963684,False,1,0.0,0,"[0.153787, 0.183574, 0.252832, 0.191582, 0.218226]"
Actor,client,7,176,6,MR,H,evaluation,2,0,0.3822855055332184,0,0.7345184683799744,False,0,,0,"[0.129838, 0.166183, 0.219306, 0.206773, 0.2779]"
Actor,client,7,207,6,MR,H,evaluation,2,0,0.11361368000507355,0,0.7345184683799744,False,1,0.0,0,"[0.103064, 0.148698, 0.057344, 0.038257, 0.652638]"
Actor,client,7,289,6,MR,H,evaluation,2,0,0.2676730453968048,0,0.7345184683799744,False,3,0.0,0,"[0.096051, 0.15806, 0.167466, 0.210283, 0.36814]"
Actor,client,7,310,6,MR,H,evaluation,4,0,0.15644139051437378,0,0.7520955204963684,False,2,0.0,0,"[0.076058, 0.181184, 0.278996, 0.329701, 0.13406]"
Actor,client,7,392,6,MR,H,evaluation,1,0,0.20005494356155396,0,0.6836628317832947,False,2,0.0,0,"[0.182879, 0.122282, 0.219434, 0.249135, 0.22627]"
Actor,client,7,410,6,MR,H,evaluation,3,0,0.5913840532302856,0,0.8173993229866028,False,1,0.0,1,"[0.170212, 0.135329, 0.136749, 0.304314, 0.253396]"
Actor,client,7,509,6,MR,H,evaluation,4,0,0.7011632323265076,0,0.7520955204963684,False,0,,1,"[0.007331, 0.033227, 0.045865, 0.250099, 0.663477]"
Actor,client,7,565,6,MR,H,evaluation,3,0,0.3633696138858795,0,0.8173993229866028,False,4,0.25,0,"[0.143217, 0.155955, 0.216362, 0.210087, 0.274378]"
Actor,client,7,576,6,MR,H,evaluation,0,0,0.3689216673374176,0,0.5450589656829834,False,1,0.0,0,"[0.16162, 0.252443, 0.176942, 0.292559, 0.116436]"
Actor,client,7,584,6,MR,H,evaluation,3,0,0.4194295406341553,0,0.8173993229866028,False,1,0.0,1,"[0.179907, 0.223135, 0.14066, 0.237748, 0.21855]"
Actor,client,7,588,6,MR,H,evaluation,4,0,0.26178473234176636,0,0.7520955204963684,False,1,0.0,0,"[0.149299, 0.216015, 0.245136, 0.219122, 0.170427]"
Actor,client,7,664,6,MR,H,evaluation,4,0,0.5953459143638611,0,0.7520955204963684,False,6,0.3333333333333333,1,"[0.02552, 0.049907, 0.072582, 0.363896, 0.488096]"
Actor,client,7,728,6,MR,H,evaluation,2,0,0.2848215103149414,0,0.7345184683799744,False,1,0.0,0,"[0.163248, 0.164501, 0.170862, 0.248437, 0.252952]"
Actor,client,7,743,6,MR,H,evaluation,2,0,0.3546397089958191,0,0.7345184683799744,False,2,0.0,0,"[0.149094, 0.184208, 0.206968, 0.234168, 0.225561]"
Actor,client,7,775,6,MR,H,evaluation,4,0,0.6854441165924072,0,0.7520955204963684,False,8,0.0,1,"[0.077062, 0.139749, 0.20332, 0.196379, 0.38349]"
Actor,client,7,851,6,MR,H,evaluation,0,0,0.3316243886947632,0,0.5450589656829834,False,15,0.13333333333333333,0,"[0.053307, 0.112517, 0.180467, 0.250903, 0.402806]"
Actor,client,7,866,6,MR,H,evaluation,2,0,0.37982314825057983,0,0.7345184683799744,False,6,0.0,0,"[0.093395, 0.158492, 0.221283, 0.253904, 0.272925]"
Actor,client,7,885,6,MR,H,evaluation,4,0,0.2266811579465866,0,0.7520955204963684,False,2,0.0,0,"[0.170353, 0.196149, 0.254298, 0.226037, 0.153163]"
Actor,client,7,995,6,MR,H,evaluation,4,0,0.5438665151596069,0,0.7520955204963684,False,1,0.0,1,"[0.132403, 0.137517, 0.22835, 0.22526, 0.276469]"
Actor,client,7,1053,6,MR,H,evaluation,2,0,0.10153145343065262,0,0.7345184683799744,False,1,0.0,0,"[0.113466, 0.211263, 0.049209, 0.089981, 0.536081]"
Actor,client,7,1096,6,MR,H,evaluation,4,0,0.5785000920295715,0,0.7520955204963684,False,0,,1,"[0.133207, 0.310194, 0.064364, 0.108251, 0.383984]"
Actor,client,7,1107,6,MR,H,evaluation,0,0,0.47261911630630493,0,0.5450589656829834,False,1,0.0,0,"[0.003305, 0.006285, 0.035735, 0.180298, 0.774377]"
Actor,client,7,1140,6,MR,H,evaluation,2,0,0.43370673060417175,0,0.7345184683799744,False,1,1.0,0,"[0.089128, 0.081975, 0.237972, 0.236744, 0.35418]"
Actor,client,7,1181,6,MR,H,evaluation,2,0,0.18097755312919617,0,0.7345184683799744,False,0,,0,"[0.205455, 0.238682, 0.112177, 0.134752, 0.308934]"
Actor,client,7,1328,6,MR,H,evaluation,4,0,0.2751930356025696,0,0.7520955204963684,False,2,0.0,0,"[0.098799, 0.184545, 0.199406, 0.31449, 0.202759]"
Actor,client,7,1336,6,MR,H,evaluation,4,0,0.46528878808021545,0,0.7520955204963684,False,1,0.0,0,"[0.144414, 0.1689, 0.292618, 0.173413, 0.220654]"
Actor,client,7,1381,6,MR,H,evaluation,3,0,0.7155529856681824,0,0.8173993229866028,False,0,,1,"[0.061506, 0.053292, 0.131658, 0.400522, 0.353023]"
Actor,client,7,1407,6,MR,H,evaluation,4,0,0.35462063550949097,0,0.7520955204963684,False,2,0.0,0,"[0.114737, 0.205602, 0.193086, 0.259406, 0.227169]"
Actor,client,7,1411,6,MR,H,evaluation,1,0,0.4056871235370636,0,0.6836628317832947,False,1,0.0,0,"[0.154566, 0.200741, 0.202857, 0.272295, 0.16954]"
Actor,client,7,1436,6,MR,H,evaluation,4,0,0.3035784065723419,0,0.7520955204963684,False,4,0.0,0,"[0.036435, 0.119398, 0.199694, 0.412431, 0.232041]"
Actor,client,7,1452,6,MR,H,evaluation,4,0,0.46039602160453796,0,0.7520955204963684,False,0,,1,"[0.063709, 0.316752, 0.053373, 0.206138, 0.360027]"
Actor,client,7,1478,6,MR,H,evaluation,3,0,0.10186849534511566,0,0.8173993229866028,False,1,1.0,0,"[0.06609, 0.138754, 0.148747, 0.112528, 0.53388]"
Actor,client,7,1489,6,MR,H,evaluation,4,0,0.4351724684238434,0,0.7520955204963684,False,1,0.0,0,"[0.102297, 0.155554, 0.126892, 0.318459, 0.296798]"
Actor,client,7,1543,6,MR,H,evaluation,0,0,0.2742164731025696,0,0.5450589656829834,False,1,0.0,0,"[0.050292, 0.11923, 0.202854, 0.336557, 0.291066]"
Actor,client,7,1584,6,MR,H,evaluation,4,0,0.6931562423706055,0,0.7520955204963684,False,1,0.0,1,"[0.181508, 0.108669, 0.191545, 0.168215, 0.350063]"
Actor,client,7,1623,6,MR,H,evaluation,0,0,0.3131394684314728,0,0.5450589656829834,False,0,,0,"[0.107082, 0.209903, 0.166764, 0.331298, 0.184953]"
Actor,client,7,1761,6,MR,H,evaluation,0,0,0.3315116763114929,0,0.5450589656829834,False,3,0.6666666666666666,0,"[0.122735, 0.156733, 0.244165, 0.305547, 0.170821]"
Actor,client,7,1776,6,MR,H,evaluation,4,0,0.4479033648967743,0,0.7520955204963684,False,2,0.0,0,"[0.081867, 0.161105, 0.224743, 0.275692, 0.256593]"
Actor,client,7,1783,6,MR,H,evaluation,3,0,0.19627124071121216,0,0.8173993229866028,False,1,0.0,0,"[0.201857, 0.235645, 0.234304, 0.13943, 0.188764]"
Actor,client,7,1866,6,MR,H,evaluation,3,0,0.5772312879562378,0,0.8173993229866028,False,3,0.0,1,"[0.13044, 0.177489, 0.083126, 0.314003, 0.294942]"
Actor,client,7,1933,6,MR,H,evaluation,3,0,0.28452450037002563,0,0.8173993229866028,False,1,1.0,0,"[0.142912, 0.138229, 0.219871, 0.180306, 0.318683]"
Actor,client,7,2037,6,MR,H,evaluation,4,0,0.45164167881011963,0,0.7520955204963684,False,3,0.6666666666666666,1,"[0.118234, 0.167236, 0.18107, 0.265732, 0.267727]"
Actor,client,7,2038,6,MR,H,evaluation,1,0,0.5843091011047363,0,0.6836628317832947,False,0,,1,"[0.221522, 0.29385, 0.228417, 0.131665, 0.124545]"
Actor,client,7,2041,6,MR,H,evaluation,3,0,0.5482959151268005,0,0.8173993229866028,False,2,0.0,1,"[0.145688, 0.153113, 0.160467, 0.286862, 0.253869]"
Actor,client,7,2150,6,MR,H,evaluation,1,0,0.3384173512458801,0,0.6836628317832947,False,1,0.0,0,"[0.138391, 0.196632, 0.199212, 0.194759, 0.271004]"
Actor,client,7,2201,6,MR,H,evaluation,1,0,0.3860495686531067,0,0.6836628317832947,False,2,0.5,0,"[0.18774, 0.21426, 0.229738, 0.177618, 0.190644]"
Actor,client,7,2260,6,MR,H,evaluation,4,0,0.4107668399810791,0,0.7520955204963684,False,3,0.6666666666666666,0,"[0.167671, 0.24618, 0.16712, 0.178161, 0.240867]"
Actor,client,7,2477,6,MR,H,evaluation,1,0,0.2547459006309509,0,0.6836628317832947,False,4,0.0,0,"[0.044746, 0.183368, 0.136003, 0.145527, 0.490356]"
Actor,client,7,2502,6,MR,H,evaluation,1,0,0.3153725862503052,0,0.6836628317832947,False,3,0.3333333333333333,0,"[0.126754, 0.189337, 0.187671, 0.195658, 0.30058]"
Actor,client,7,2654,6,MR,H,evaluation,4,0,0.35735854506492615,0,0.7520955204963684,False,2,0.0,0,"[0.13196, 0.208734, 0.199397, 0.238562, 0.221347]"
Actor,client,7,2758,6,MR,H,evaluation,2,0,0.07488983124494553,0,0.7345184683799744,False,1,0.0,0,"[0.00829, 0.026305, 0.010179, 0.24195, 0.713276]"
Actor,client,7,2772,6,MR,H,evaluation,4,0,0.763809859752655,1,0.7520955204963684,False,1,1.0,1,"[0.02376, 0.119334, 0.066809, 0.072915, 0.717183]"
Actor,client,7,2803,6,MR,H,evaluation,2,0,0.2933706045150757,0,0.7345184683799744,False,4,0.5,0,"[0.123433, 0.173659, 0.179416, 0.224492, 0.298999]"
Actor,client,7,2913,6,MR,H,evaluation,4,0,0.5148986577987671,0,0.7520955204963684,False,1,0.0,1,"[0.220968, 0.168473, 0.176819, 0.170305, 0.263434]"
Actor,client,7,2945,6,MR,H,evaluation,3,0,0.7918245792388916,0,0.8173993229866028,False,0,,1,"[0.012811, 0.05605, 0.15128, 0.5115, 0.268358]"
Actor,client,7,2946,6,MR,H,evaluation,2,0,0.3069625198841095,0,0.7345184683799744,False,1,0.0,0,"[0.15594, 0.222047, 0.187751, 0.278855, 0.155407]"
Actor,client,7,3003,6,MR,H,evaluation,3,0,0.6801349520683289,0,0.8173993229866028,False,3,0.0,1,"[0.086397, 0.224403, 0.1908, 0.373718, 0.124682]"
Actor,client,7,3062,6,MR,H,evaluation,2,0,0.29164403676986694,0,0.7345184683799744,False,1,0.0,0,"[0.170658, 0.226539, 0.178622, 0.204694, 0.219487]"
Actor,client,7,3083,6,MR,H,evaluation,0,0,0.41900891065597534,0,0.5450589656829834,False,1,1.0,0,"[0.157245, 0.193648, 0.204849, 0.221345, 0.222913]"
Actor,client,7,3162,6,MR,H,evaluation,4,0,0.7583000659942627,1,0.7520955204963684,False,1,0.0,1,"[0.076837, 0.032104, 0.1313, 0.214618, 0.545141]"
Actor,client,7,3204,6,MR,H,evaluation,3,0,0.37740558385849,0,0.8173993229866028,False,2,0.5,0,"[0.068913, 0.309706, 0.079665, 0.253929, 0.287788]"
Actor,client,7,3232,6,MR,H,evaluation,3,0,0.3476599156856537,0,0.8173993229866028,False,1,0.0,0,"[0.192124, 0.200348, 0.194903, 0.202048, 0.210577]"
Actor,client,7,3540,6,MR,H,evaluation,0,0,0.44909918308258057,0,0.5450589656829834,False,3,0.0,0,"[0.18565, 0.246173, 0.177195, 0.204197, 0.186786]"
Actor,client,7,3584,6,MR,H,evaluation,0,0,0.34568002820014954,0,0.5450589656829834,False,3,0.3333333333333333,0,"[0.114736, 0.213364, 0.206554, 0.209563, 0.255783]"
Actor,client,7,3635,6,MR,H,evaluation,2,0,0.6627355813980103,0,0.7345184683799744,False,1,1.0,1,"[0.073468, 0.171878, 0.353417, 0.276557, 0.124681]"
Actor,client,7,3731,6,MR,H,evaluation,3,0,0.35890862345695496,0,0.8173993229866028,False,4,0.0,0,"[0.121303, 0.198217, 0.244448, 0.211167, 0.224866]"
Actor,client,7,3868,6,MR,H,evaluation,3,0,0.5186078548431396,0,0.8173993229866028,False,1,0.0,1,"[0.14771, 0.171552, 0.188339, 0.271698, 0.220701]"
Actor,client,7,3952,6,MR,H,evaluation,4,0,0.36670225858688354,0,0.7520955204963684,False,2,0.0,0,"[0.148903, 0.17669, 0.246118, 0.222643, 0.205645]"
Actor,client,7,4017,6,MR,H,evaluation,3,0,0.4618338346481323,0,0.8173993229866028,False,1,0.0,1,"[0.146917, 0.218304, 0.156229, 0.256588, 0.221962]"
Actor,client,7,4084,6,MR,H,evaluation,2,0,0.39438533782958984,0,0.7345184683799744,False,0,,0,"[0.069852, 0.096407, 0.224978, 0.347349, 0.261415]"
Actor,client,7,4121,6,MR,H,evaluation,3,0,0.42234864830970764,0,0.8173993229866028,False,4,0.0,0,"[0.079719, 0.157006, 0.312637, 0.229609, 0.221029]"
Actor,client,7,4205,6,MR,H,evaluation,3,0,0.3163803815841675,0,0.8173993229866028,False,1,0.0,0,"[0.098424, 0.119272, 0.096715, 0.213311, 0.472279]"
Actor,client,7,4208,6,MR,H,evaluation,3,0,0.4586459696292877,0,0.8173993229866028,False,0,,1,"[0.188817, 0.219879, 0.156327, 0.2485, 0.186476]"
Actor,client,7,4433,6,MR,H,evaluation,4,0,0.4317871332168579,0,0.7520955204963684,False,2,0.5,0,"[0.189575, 0.110514, 0.12231, 0.303218, 0.274383]"
Actor,client,7,4461,6,MR,H,evaluation,4,0,0.6186104416847229,0,0.7520955204963684,False,1,0.0,1,"[0.101591, 0.142643, 0.228783, 0.210145, 0.316838]"
Actor,client,7,4486,6,MR,H,evaluation,1,0,0.4000597894191742,0,0.6836628317832947,False,2,0.5,0,"[0.167802, 0.217977, 0.184013, 0.208378, 0.221829]"
Actor,client,7,4496,6,MR,H,evaluation,1,0,0.255948007106781,0,0.6836628317832947,False,2,0.5,0,"[0.113954, 0.162255, 0.180396, 0.211841, 0.331553]"
Actor,client,7,4539,6,MR,H,evaluation,3,0,0.27919936180114746,0,0.8173993229866028,False,8,0.125,0,"[0.041819, 0.059099, 0.100135, 0.204684, 0.594263]"
Actor,client,7,4544,6,MR,H,evaluation,3,0,0.5275887846946716,0,0.8173993229866028,False,0,,1,"[0.191131, 0.194825, 0.220673, 0.265631, 0.12774]"
Actor,client,7,4552,6,MR,H,evaluation,1,0,0.504686176776886,0,0.6836628317832947,False,2,0.5,1,"[0.170902, 0.255469, 0.181387, 0.200308, 0.191934]"
Actor,client,7,4594,6,MR,H,evaluation,2,0,0.37533172965049744,0,0.7345184683799744,False,1,0.0,0,"[0.15379, 0.191235, 0.216198, 0.197518, 0.24126]"
Actor,client,7,4622,6,MR,H,evaluation,2,0,0.34483087062835693,0,0.7345184683799744,False,3,0.3333333333333333,0,"[0.159337, 0.188891, 0.201899, 0.227338, 0.222535]"
Actor,client,7,4643,6,MR,H,evaluation,0,0,0.3855479061603546,0,0.5450589656829834,False,3,0.0,0,"[0.125793, 0.179212, 0.193307, 0.234568, 0.267121]"
Actor,client,7,4657,6,MR,H,evaluation,0,0,0.280446857213974,0,0.5450589656829834,False,0,,0,"[0.067313, 0.171652, 0.200463, 0.292319, 0.268253]"
Actor,client,7,4745,6,MR,H,evaluation,2,0,0.21770212054252625,0,0.7345184683799744,False,0,,0,"[0.286177, 0.191098, 0.124713, 0.199342, 0.198669]"
Actor,client,7,4750,6,MR,H,evaluation,2,0,0.37592998147010803,0,0.7345184683799744,False,3,0.3333333333333333,0,"[0.103324, 0.107678, 0.213822, 0.22826, 0.346916]"
Actor,client,7,4752,6,MR,H,evaluation,1,0,0.3490884304046631,0,0.6836628317832947,False,1,0.0,0,"[0.212976, 0.215064, 0.182674, 0.153004, 0.236282]"
Actor,client,7,4770,6,MR,H,evaluation,2,0,0.46008047461509705,0,0.7345184683799744,False,1,1.0,1,"[0.122765, 0.244646, 0.261565, 0.229627, 0.141398]"
Actor,client,7,4777,6,MR,H,evaluation,1,0,0.3428195118904114,0,0.6836628317832947,False,2,0.0,0,"[0.070497, 0.174589, 0.182225, 0.294711, 0.277978]"
Actor,client,7,4927,6,MR,H,evaluation,3,0,0.518134355545044,0,0.8173993229866028,False,8,0.375,0,"[0.071604, 0.102493, 0.17563, 0.281294, 0.368978]"
Actor,client,7,5005,6,MR,H,evaluation,1,0,0.40549927949905396,0,0.6836628317832947,False,0,,0,"[0.081013, 0.201988, 0.068662, 0.34298, 0.305358]"
Actor,client,7,5074,6,MR,H,evaluation,2,0,0.3943822979927063,0,0.7345184683799744,False,2,0.5,1,"[0.188517, 0.222097, 0.224272, 0.196146, 0.168968]"
Actor,client,7,5100,6,MR,H,evaluation,2,0,0.474445104598999,0,0.7345184683799744,False,3,0.3333333333333333,1,"[0.151195, 0.173106, 0.258233, 0.228075, 0.189391]"
Actor,client,7,5115,6,MR,H,evaluation,2,0,0.5114181637763977,0,0.7345184683799744,False,1,1.0,1,"[0.152651, 0.148198, 0.271736, 0.22688, 0.200536]"
Actor,client,7,5147,6,MR,H,evaluation,0,0,0.5404617190361023,0,0.5450589656829834,False,3,0.0,1,"[0.23269, 0.194704, 0.199142, 0.212285, 0.161178]"
Actor,client,7,5169,6,MR,H,evaluation,4,0,0.2383219599723816,0,0.7520955204963684,False,0,,0,"[0.060589, 0.158905, 0.119023, 0.428424, 0.233058]"
Actor,client,7,5237,6,MR,H,evaluation,3,0,0.07327575981616974,0,0.8173993229866028,False,0,,0,"[0.126709, 0.067553, 0.040542, 0.086854, 0.678342]"
Actor,client,7,5257,6,MR,H,evaluation,3,0,0.4406001567840576,0,0.8173993229866028,False,5,0.2,0,"[0.115877, 0.135801, 0.247753, 0.237055, 0.263515]"
Actor,client,7,5358,6,MR,H,evaluation,4,0,0.5993070602416992,0,0.7520955204963684,False,5,0.2,0,"[0.0371, 0.064251, 0.294963, 0.30259, 0.301096]"
Actor,client,7,5425,6,MR,H,evaluation,2,0,0.28097498416900635,0,0.7345184683799744,False,1,0.0,0,"[0.148227, 0.196765, 0.173334, 0.271626, 0.210048]"
Actor,client,7,5456,6,MR,H,evaluation,2,0,0.3712977170944214,0,0.7345184683799744,False,2,0.5,0,"[0.124386, 0.207902, 0.219251, 0.273253, 0.175207]"
Actor,client,7,5461,6,MR,H,evaluation,2,0,0.1802644580602646,0,0.7345184683799744,False,3,0.3333333333333333,0,"[0.097397, 0.104798, 0.112137, 0.284631, 0.401036]"
Actor,client,7,5527,6,MR,H,evaluation,2,0,0.40265581011772156,0,0.7345184683799744,False,2,0.0,1,"[0.19317, 0.179453, 0.223612, 0.20823, 0.195534]"
Actor,client,7,5550,6,MR,H,evaluation,1,0,0.34295132756233215,0,0.6836628317832947,False,4,0.0,0,"[0.119786, 0.192572, 0.15902, 0.240884, 0.287738]"
Actor,client,7,5574,6,MR,H,evaluation,4,0,0.725517988204956,0,0.7520955204963684,False,1,0.0,1,"[0.121238, 0.128637, 0.184073, 0.159208, 0.406844]"
Actor,client,7,5668,6,MR,H,evaluation,1,0,0.5328625440597534,0,0.6836628317832947,False,0,,0,"[0.061356, 0.227857, 0.183065, 0.33572, 0.192001]"
Actor,client,7,5702,6,MR,H,evaluation,2,0,0.32151710987091064,0,0.7345184683799744,False,1,0.0,0,"[0.021175, 0.120591, 0.197757, 0.217816, 0.442661]"
Actor,client,7,5728,6,MR,H,evaluation,2,0,0.28356751799583435,0,0.7345184683799744,False,3,0.6666666666666666,0,"[0.114761, 0.212593, 0.178542, 0.204163, 0.289941]"
Actor,client,7,5801,6,MR,H,evaluation,2,0,0.13904167711734772,0,0.7345184683799744,False,6,0.0,0,"[0.033701, 0.08994, 0.086322, 0.364848, 0.425189]"
Actor,client,7,5927,6,MR,H,evaluation,3,0,0.37583592534065247,0,0.8173993229866028,False,3,0.6666666666666666,0,"[0.166159, 0.194043, 0.183217, 0.217292, 0.239289]"
Actor,client,7,5951,6,MR,H,evaluation,2,0,0.276022732257843,0,0.7345184683799744,False,3,1.0,0,"[0.096848, 0.154856, 0.172649, 0.351072, 0.224576]"
Actor,client,7,6001,6,MR,H,evaluation,2,0,0.3604798913002014,0,0.7345184683799744,False,1,0.0,0,"[0.168968, 0.193708, 0.208367, 0.202035, 0.226922]"
Actor,client,7,6007,6,MR,H,evaluation,2,0,0.581755518913269,0,0.7345184683799744,False,1,0.0,1,"[0.121827, 0.167676, 0.308261, 0.24356, 0.158676]"
Actor,client,7,6011,6,MR,H,evaluation,1,0,0.17036990821361542,0,0.6836628317832947,False,2,0.5,0,"[0.293576, 0.153427, 0.11161, 0.130315, 0.311072]"
Actor,client,7,6025,6,MR,H,evaluation,1,0,0.28718507289886475,0,0.6836628317832947,False,1,0.0,0,"[0.181953, 0.169378, 0.216003, 0.219002, 0.213664]"
Actor,client,7,6115,6,MR,H,evaluation,2,0,0.4755115211009979,0,0.7345184683799744,False,1,1.0,1,"[0.125105, 0.2332, 0.266877, 0.215918, 0.1589]"
Actor,client,7,6127,6,MR,H,evaluation,2,0,0.20104148983955383,0,0.7345184683799744,False,4,0.25,0,"[0.137943, 0.137977, 0.123486, 0.158408, 0.442186]"
Actor,client,7,6248,6,MR,H,evaluation,1,0,0.22275814414024353,0,0.6836628317832947,False,1,0.0,0,"[0.1088, 0.127553, 0.210461, 0.273013, 0.280173]"
Actor,client,7,6408,6,MR,H,evaluation,4,0,0.7109912633895874,0,0.7520955204963684,False,3,0.3333333333333333,1,"[0.016716, 0.028247, 0.087307, 0.266035, 0.601694]"
Actor,client,7,6502,6,MR,H,evaluation,0,0,0.5418895483016968,0,0.5450589656829834,False,1,0.0,0,"[0.21323, 0.201642, 0.16397, 0.191933, 0.229224]"
Actor,client,7,6529,6,MR,H,evaluation,4,0,0.5954604744911194,0,0.7520955204963684,False,3,0.3333333333333333,1,"[0.139999, 0.157478, 0.167424, 0.208146, 0.326953]"
Actor,client,7,6533,6,MR,H,evaluation,2,0,0.5333029627799988,0,0.7345184683799744,False,0,,1,"[0.169482, 0.147913, 0.279189, 0.136317, 0.2671]"
Actor,client,7,6700,6,MR,H,evaluation,4,0,0.6139180660247803,0,0.7520955204963684,False,6,0.16666666666666666,1,"[0.129913, 0.14735, 0.213609, 0.196513, 0.312615]"
Actor,client,7,6718,6,MR,H,evaluation,1,0,0.3606198728084564,0,0.6836628317832947,False,1,1.0,0,"[0.156791, 0.182216, 0.258257, 0.250065, 0.152671]"
Actor,client,7,6812,6,MR,H,evaluation,4,0,0.4569524824619293,0,0.7520955204963684,False,5,0.0,1,"[0.217011, 0.201193, 0.173718, 0.1637, 0.244379]"
Actor,client,7,6849,6,MR,H,evaluation,0,0,0.49409767985343933,0,0.5450589656829834,False,0,,0,"[0.222062, 0.24287, 0.199833, 0.193945, 0.14129]"
Actor,client,7,6867,6,MR,H,evaluation,1,0,0.25531497597694397,0,0.6836628317832947,False,4,0.25,0,"[0.114499, 0.150297, 0.222537, 0.233224, 0.279443]"
Actor,client,7,6903,6,MR,H,evaluation,4,0,0.5221275091171265,0,0.7520955204963684,False,0,,0,"[0.080964, 0.062262, 0.503787, 0.154946, 0.198042]"
Actor,client,7,6922,6,MR,H,evaluation,1,0,0.3959510028362274,0,0.6836628317832947,False,0,,0,"[0.092081, 0.183169, 0.266051, 0.285229, 0.17347]"
Actor,client,7,7106,6,MR,H,evaluation,4,0,0.2687164545059204,0,0.7520955204963684,False,1,0.0,0,"[0.110758, 0.166493, 0.304723, 0.253665, 0.164359]"
Actor,client,7,7142,6,MR,H,evaluation,0,0,0.4751148819923401,0,0.5450589656829834,False,1,0.0,0,"[0.215888, 0.280394, 0.146757, 0.23798, 0.118981]"
Actor,client,7,7212,6,MR,H,evaluation,2,0,0.26409101486206055,0,0.7345184683799744,False,1,1.0,0,"[0.092312, 0.130148, 0.165316, 0.414272, 0.197952]"
Actor,client,7,7217,6,MR,H,evaluation,4,0,0.6366307139396667,0,0.7520955204963684,False,2,0.0,1,"[0.191484, 0.162196, 0.175814, 0.148755, 0.321751]"
Actor,client,7,7298,6,MR,H,evaluation,2,0,0.24191030859947205,0,0.7345184683799744,False,1,0.0,0,"[0.046397, 0.173413, 0.160643, 0.325639, 0.293908]"
Actor,client,7,7337,6,MR,H,evaluation,0,0,0.4630153775215149,0,0.5450589656829834,False,3,0.0,0,"[0.145994, 0.161309, 0.179725, 0.184579, 0.328393]"
Actor,client,7,7392,6,MR,H,evaluation,4,0,0.5851584672927856,0,0.7520955204963684,False,0,,1,"[0.039706, 0.22031, 0.225082, 0.193848, 0.321054]"
Actor,client,7,7442,6,MR,H,evaluation,0,0,0.4248427152633667,0,0.5450589656829834,False,1,0.0,0,"[0.163229, 0.19772, 0.211054, 0.211193, 0.216804]"
Actor,client,7,7458,6,MR,H,evaluation,4,0,0.5912838578224182,0,0.7520955204963684,False,2,0.0,1,"[0.051266, 0.168309, 0.182556, 0.246347, 0.351522]"
Actor,client,7,7501,6,MR,H,evaluation,4,0,0.37419018149375916,0,0.7520955204963684,False,4,0.0,1,"[0.210266, 0.219512, 0.115509, 0.211653, 0.243059]"
Actor,client,7,7577,6,MR,H,evaluation,3,0,0.5377051830291748,0,0.8173993229866028,False,1,1.0,1,"[0.20119, 0.16164, 0.164857, 0.272807, 0.199506]"
Actor,client,7,7594,6,MR,H,evaluation,1,0,0.421485960483551,0,0.6836628317832947,False,3,0.0,0,"[0.129877, 0.196247, 0.212242, 0.303716, 0.157919]"
Actor,client,7,6363,6,MR,H,evaluation,4,0,0.6736422777175903,0,0.7520955204963684,False,0,,1,"[0.069274, 0.042328, 0.101289, 0.296824, 0.490286]"
Actor,client,7,6430,6,MR,H,evaluation,1,0,0.5624537467956543,0,0.6836628317832947,False,0,,0,"[0.066609, 0.239723, 0.286214, 0.264936, 0.142518]"
Actor,client,7,6448,6,MR,H,evaluation,4,0,0.14182579517364502,0,0.7520955204963684,False,1,0.0,0,"[0.143215, 0.275839, 0.180167, 0.260338, 0.140441]"
Actor,client,7,6463,6,MR,H,evaluation,4,0,0.2842320203781128,0,0.7520955204963684,False,3,0.3333333333333333,0,"[0.221296, 0.231235, 0.22133, 0.154536, 0.171603]"
Actor,client,7,6470,6,MR,H,evaluation,2,0,0.2944137454032898,0,0.7345184683799744,False,0,,0,"[0.047992, 0.270453, 0.194533, 0.130936, 0.356086]"
Actor,client,7,6472,6,MR,H,evaluation,2,0,0.06719911098480225,0,0.7345184683799744,False,0,,0,"[0.037497, 0.248825, 0.015866, 0.417331, 0.280481]"
Actor,client,7,6474,6,MR,H,evaluation,1,0,0.4073977470397949,0,0.6836628317832947,False,0,,0,"[0.011234, 0.146426, 0.246659, 0.453894, 0.141788]"
Actor,client,7,6505,6,MR,H,evaluation,2,0,0.14329911768436432,0,0.7345184683799744,False,0,,0,"[0.235525, 0.169125, 0.076988, 0.296554, 0.221807]"
Actor,client,7,6564,6,MR,H,evaluation,3,0,0.6601082682609558,0,0.8173993229866028,False,0,,1,"[0.132723, 0.134395, 0.275344, 0.333245, 0.124291]"
Actor,client,7,6641,6,MR,H,evaluation,3,0,0.11459214985370636,0,0.8173993229866028,False,0,,0,"[0.089321, 0.303181, 0.075113, 0.136854, 0.395531]"
Actor,client,7,6663,6,MR,H,evaluation,1,0,0.5240182876586914,0,0.6836628317832947,False,0,,0,"[0.099946, 0.235275, 0.168743, 0.306825, 0.189212]"
Actor,client,7,6701,6,MR,H,evaluation,3,0,0.4008404612541199,0,0.8173993229866028,False,0,,1,"[0.188189, 0.1817, 0.205138, 0.21905, 0.205923]"
Actor,client,7,6719,6,MR,H,evaluation,2,0,0.47403275966644287,0,0.7345184683799744,False,1,0.0,1,"[0.11248, 0.184177, 0.262937, 0.256479, 0.183926]"
Actor,client,7,6738,6,MR,H,evaluation,4,0,0.3830309510231018,0,0.7520955204963684,False,0,,0,"[0.097173, 0.385541, 0.206061, 0.088445, 0.222779]"
Actor,client,7,6750,6,MR,H,evaluation,2,0,0.4760814905166626,0,0.7345184683799744,False,0,,0,"[0.174083, 0.271461, 0.265652, 0.115914, 0.172891]"
Actor,client,7,6754,6,MR,H,evaluation,1,0,0.41764751076698303,0,0.6836628317832947,False,0,,0,"[0.095584, 0.202496, 0.221031, 0.265128, 0.215762]"
Actor,client,7,6763,6,MR,H,evaluation,1,0,0.4461272656917572,0,0.6836628317832947,False,1,1.0,0,"[0.109531, 0.214919, 0.167956, 0.2872, 0.220395]"
Actor,client,7,6775,6,MR,H,evaluation,2,0,0.8010860085487366,1,0.7345184683799744,False,0,,1,"[0.037675, 0.083314, 0.435724, 0.177674, 0.265613]"
Actor,client,7,6788,6,MR,H,evaluation,0,0,0.4590514898300171,0,0.5450589656829834,False,1,0.0,0,"[0.182088, 0.17925, 0.209799, 0.232854, 0.196009]"
Actor,client,7,6872,6,MR,H,evaluation,4,0,0.7763023376464844,1,0.7520955204963684,False,1,1.0,1,"[0.112082, 0.18869, 0.178763, 0.052939, 0.467526]"
Actor,client,7,6890,6,MR,H,evaluation,2,0,0.8386191725730896,1,0.7345184683799744,False,1,1.0,1,"[0.015082, 0.043407, 0.468034, 0.330421, 0.143056]"
Actor,client,7,6908,6,MR,H,evaluation,3,0,0.7057499289512634,0,0.8173993229866028,False,0,,1,"[0.057206, 0.216292, 0.066561, 0.414462, 0.245479]"
Actor,client,7,6927,6,MR,H,evaluation,3,0,0.12131591141223907,0,0.8173993229866028,False,0,,0,"[0.081583, 0.163223, 0.29673, 0.106521, 0.351943]"
Actor,client,7,6978,6,MR,H,evaluation,4,0,0.35068002343177795,0,0.7520955204963684,False,0,,0,"[0.023125, 0.146391, 0.171177, 0.394382, 0.264925]"
Actor,client,7,6985,6,MR,H,evaluation,1,0,0.32219168543815613,0,0.6836628317832947,False,1,1.0,0,"[0.210122, 0.197287, 0.160268, 0.197964, 0.234359]"
Actor,client,7,7007,6,MR,H,evaluation,2,0,0.29970666766166687,0,0.7345184683799744,False,0,,0,"[0.217723, 0.120706, 0.168616, 0.169968, 0.322986]"
Actor,client,7,7008,6,MR,H,evaluation,0,0,0.24307285249233246,0,0.5450589656829834,False,0,,0,"[0.059204, 0.14826, 0.287458, 0.268984, 0.236095]"
Actor,client,7,7025,6,MR,H,evaluation,3,0,0.663932204246521,0,0.8173993229866028,False,0,,0,"[0.018637, 0.036507, 0.145253, 0.36496, 0.434642]"
Actor,client,7,7156,6,MR,H,evaluation,2,0,0.617871105670929,0,0.7345184683799744,False,0,,0,"[0.080531, 0.066133, 0.319531, 0.357686, 0.176119]"
Actor,client,7,7160,6,MR,H,evaluation,3,0,0.14162248373031616,0,0.8173993229866028,False,0,,0,"[0.160634, 0.29894, 0.148026, 0.133069, 0.259331]"
Actor,client,7,7195,6,MR,H,evaluation,1,0,0.20699472725391388,0,0.6836628317832947,False,0,,0,"[0.164981, 0.11291, 0.159378, 0.337317, 0.225415]"
Actor,client,7,7225,6,MR,H,evaluation,4,0,0.5626792311668396,0,0.7520955204963684,False,0,,1,"[0.123783, 0.211893, 0.12506, 0.198045, 0.34122]"
Actor,client,7,7229,6,MR,H,evaluation,0,0,0.4562731683254242,0,0.5450589656829834,False,1,0.0,0,"[0.088251, 0.103444, 0.16318, 0.131733, 0.513392]"
Actor,client,7,7233,6,MR,H,evaluation,2,0,0.33552542328834534,0,0.7345184683799744,False,1,0.0,0,"[0.266151, 0.247604, 0.192588, 0.186823, 0.106835]"
Actor,client,7,7252,6,MR,H,evaluation,2,0,0.21670813858509064,0,0.7345184683799744,False,0,,0,"[0.010008, 0.030206, 0.13852, 0.443792, 0.377473]"
Actor,client,7,7258,6,MR,H,evaluation,3,0,0.4223572611808777,0,0.8173993229866028,False,0,,1,"[0.193991, 0.221153, 0.152083, 0.234936, 0.197837]"
Actor,client,7,7278,6,MR,H,evaluation,2,0,0.11467614769935608,0,0.7345184683799744,False,1,0.0,0,"[0.228332, 0.196743, 0.054773, 0.401517, 0.118636]"
Actor,client,7,7291,6,MR,H,evaluation,3,0,0.257975697517395,0,0.8173993229866028,False,0,,0,"[0.07858, 0.266122, 0.32029, 0.175519, 0.159489]"
Actor,client,7,7317,6,MR,H,evaluation,4,0,0.7698315978050232,1,0.7520955204963684,False,0,,1,"[0.02321, 0.079403, 0.085382, 0.113532, 0.698474]"
Actor,client,7,7366,6,MR,H,evaluation,1,0,0.39194008708000183,0,0.6836628317832947,False,0,,0,"[0.062525, 0.161021, 0.285787, 0.354135, 0.136531]"
Actor,client,7,7394,6,MR,H,evaluation,2,0,0.29474908113479614,0,0.7345184683799744,False,0,,0,"[0.155042, 0.115688, 0.172745, 0.301155, 0.25537]"
Actor,client,7,7419,6,MR,H,evaluation,2,0,0.1776602417230606,0,0.7345184683799744,False,0,,0,"[0.12388, 0.314485, 0.123302, 0.098825, 0.339508]"
Actor,client,7,7456,6,MR,H,evaluation,2,0,0.37499135732650757,0,0.7345184683799744,False,0,,0,"[0.132984, 0.266066, 0.225069, 0.224282, 0.151599]"
Actor,client,7,7462,6,MR,H,evaluation,3,0,0.7746164202690125,0,0.8173993229866028,False,0,,1,"[0.017294, 0.039603, 0.276249, 0.463882, 0.202972]"
Actor,client,7,7490,6,MR,H,evaluation,3,0,0.3901738226413727,0,0.8173993229866028,False,0,,0,"[0.192547, 0.191928, 0.09665, 0.228749, 0.290127]"
Actor,client,7,7510,6,MR,H,evaluation,2,0,0.3187691569328308,0,0.7345184683799744,False,0,,0,"[0.09089, 0.212427, 0.197252, 0.122311, 0.377119]"
Actor,client,7,7520,6,MR,H,evaluation,2,0,0.1491416096687317,0,0.7345184683799744,False,0,,0,"[0.137638, 0.084113, 0.082136, 0.135124, 0.560989]"
Actor,client,7,7547,6,MR,H,evaluation,4,0,0.462035596370697,0,0.7520955204963684,False,0,,1,"[0.085619, 0.318108, 0.0873, 0.184147, 0.324827]"
Actor,client,7,7572,6,MR,H,evaluation,3,0,0.28446170687675476,0,0.8173993229866028,False,0,,0,"[0.007506, 0.020656, 0.05062, 0.215964, 0.705255]"
Actor,client,7,130,8,MR,H,evaluation,2,0,0.4287409782409668,0,0.7345184683799744,False,1,1.0,1,"[0.14745, 0.196504, 0.240927, 0.217317, 0.1978]"
Actor,client,7,269,8,MR,H,evaluation,0,0,0.546199381351471,1,0.5450589656829834,False,0,,0,"[0.221142, 0.21046, 0.137083, 0.238285, 0.193031]"
Actor,client,7,290,8,MR,H,evaluation,4,0,0.5173552632331848,0,0.7520955204963684,False,2,0.5,1,"[0.107823, 0.141103, 0.219722, 0.253596, 0.277756]"
Actor,client,7,300,8,MR,H,evaluation,1,0,0.24891576170921326,0,0.6836628317832947,False,3,0.0,0,"[0.018393, 0.12433, 0.349188, 0.240844, 0.267245]"
Actor,client,7,346,8,MR,H,evaluation,3,0,0.5671699643135071,0,0.8173993229866028,False,3,0.0,1,"[0.08026, 0.21081, 0.192291, 0.307025, 0.209614]"
Actor,client,7,540,8,MR,H,evaluation,3,0,0.5711201429367065,0,0.8173993229866028,False,7,0.42857142857142855,0,"[0.056732, 0.089779, 0.175868, 0.306317, 0.371304]"
Actor,client,7,598,8,MR,H,evaluation,2,0,0.5945112705230713,0,0.7345184683799744,False,2,0.5,1,"[0.019006, 0.089978, 0.316213, 0.280316, 0.294486]"
Actor,client,7,787,8,MR,H,evaluation,2,0,0.37973925471305847,0,0.7345184683799744,False,2,0.0,0,"[0.096192, 0.151774, 0.220257, 0.239171, 0.292607]"
Actor,client,7,803,8,MR,H,evaluation,3,0,0.38119760155677795,0,0.8173993229866028,False,0,,0,"[0.026255, 0.024487, 0.297006, 0.217118, 0.435134]"
Actor,client,7,924,8,MR,H,evaluation,3,0,0.42392125725746155,0,0.8173993229866028,False,1,0.0,0,"[0.112788, 0.118781, 0.391111, 0.212463, 0.164857]"
Actor,client,7,944,8,MR,H,evaluation,1,0,0.7475481629371643,1,0.6836628317832947,False,1,0.0,1,"[0.097581, 0.352938, 0.145218, 0.184949, 0.219314]"
Actor,client,7,951,8,MR,H,evaluation,1,0,0.4348164498806,0,0.6836628317832947,False,1,0.0,0,"[0.065672, 0.189287, 0.167508, 0.371404, 0.206129]"
Actor,client,7,1033,8,MR,H,evaluation,3,0,0.5514294505119324,0,0.8173993229866028,False,0,,1,"[0.185177, 0.18322, 0.133927, 0.286818, 0.210859]"
Actor,client,7,1043,8,MR,H,evaluation,0,0,0.6292836666107178,1,0.5450589656829834,False,1,0.0,1,"[0.271657, 0.155226, 0.208919, 0.187418, 0.17678]"
Actor,client,7,1051,8,MR,H,evaluation,2,0,0.21540971100330353,0,0.7345184683799744,False,3,0.3333333333333333,0,"[0.121021, 0.193412, 0.139656, 0.26939, 0.276521]"
Actor,client,7,1103,8,MR,H,evaluation,2,0,0.20221246778964996,0,0.7345184683799744,False,1,1.0,0,"[0.091197, 0.212304, 0.136001, 0.278068, 0.28243]"
Actor,client,7,1173,8,MR,H,evaluation,3,0,0.19242769479751587,0,0.8173993229866028,False,0,,0,"[0.080193, 0.050181, 0.107423, 0.161988, 0.600215]"
Actor,client,7,1215,8,MR,H,evaluation,2,0,0.3197340965270996,0,0.7345184683799744,False,2,0.5,0,"[0.145755, 0.295347, 0.200296, 0.150971, 0.207631]"
Actor,client,7,1263,8,MR,H,evaluation,0,0,0.32575786113739014,0,0.5450589656829834,False,5,0.0,0,"[0.118983, 0.211649, 0.198346, 0.287016, 0.184007]"
Actor,client,7,1297,8,MR,H,evaluation,1,0,0.2249792367219925,0,0.6836628317832947,False,1,0.0,0,"[0.201696, 0.143889, 0.2342, 0.203447, 0.216768]"
Actor,client,7,1298,8,MR,H,evaluation,3,0,0.5089845061302185,0,0.8173993229866028,False,1,0.0,0,"[0.168915, 0.146124, 0.138172, 0.268662, 0.278127]"
Actor,client,7,1317,8,MR,H,evaluation,1,0,0.31450486183166504,0,0.6836628317832947,False,1,0.0,0,"[0.055061, 0.152971, 0.236497, 0.305043, 0.250428]"
Actor,client,7,1320,8,MR,H,evaluation,4,0,0.44506242871284485,0,0.7520955204963684,False,2,0.0,0,"[0.106171, 0.166971, 0.213775, 0.259531, 0.253553]"
Actor,client,7,1366,8,MR,H,evaluation,2,0,0.14813408255577087,0,0.7345184683799744,False,0,,0,"[0.021457, 0.255622, 0.109532, 0.466194, 0.147195]"
Actor,client,7,1375,8,MR,H,evaluation,1,0,0.34793806076049805,0,0.6836628317832947,False,2,0.0,0,"[0.143183, 0.186878, 0.222288, 0.234118, 0.213533]"
Actor,client,7,1409,8,MR,H,evaluation,3,0,0.3967341482639313,0,0.8173993229866028,False,1,0.0,0,"[0.159168, 0.144097, 0.203891, 0.22012, 0.272725]"
Actor,client,7,1427,8,MR,H,evaluation,3,0,0.4016937017440796,0,0.8173993229866028,False,2,0.5,0,"[0.110906, 0.168657, 0.177281, 0.234654, 0.308504]"
Actor,client,7,1453,8,MR,H,evaluation,0,0,0.6204483509063721,1,0.5450589656829834,False,0,,1,"[0.247898, 0.153303, 0.180175, 0.183979, 0.234646]"
Actor,client,7,1565,8,MR,H,evaluation,3,0,0.4324537515640259,0,0.8173993229866028,False,1,1.0,0,"[0.115279, 0.171435, 0.255323, 0.235519, 0.222444]"
Actor,client,7,1730,8,MR,H,evaluation,1,0,0.3253088891506195,0,0.6836628317832947,False,1,0.0,0,"[0.129659, 0.164595, 0.172122, 0.32031, 0.213314]"
Actor,client,7,1753,8,MR,H,evaluation,4,0,0.7719219923019409,1,0.7520955204963684,False,3,0.3333333333333333,1,"[0.124317, 0.127527, 0.099311, 0.090824, 0.55802]"
Actor,client,7,1787,8,MR,H,evaluation,1,0,0.575729250907898,0,0.6836628317832947,False,0,,0,"[0.068485, 0.236502, 0.093073, 0.413858, 0.188081]"
Actor,client,7,1844,8,MR,H,evaluation,4,0,0.7629117369651794,1,0.7520955204963684,False,2,0.5,1,"[0.023776, 0.043834, 0.010272, 0.088923, 0.833194]"
Actor,client,7,1864,8,MR,H,evaluation,1,0,0.3585193455219269,0,0.6836628317832947,False,2,0.0,0,"[0.10019, 0.184423, 0.326906, 0.190993, 0.197488]"
Actor,client,7,2004,8,MR,H,evaluation,4,0,0.509068489074707,0,0.7520955204963684,False,10,0.4,1,"[0.066574, 0.169788, 0.145191, 0.288945, 0.329503]"
Actor,client,7,2022,8,MR,H,evaluation,1,0,0.30585530400276184,0,0.6836628317832947,False,1,0.0,0,"[0.104944, 0.171141, 0.298243, 0.18426, 0.241412]"
Actor,client,7,2282,8,MR,H,evaluation,2,0,0.2053273320198059,0,0.7345184683799744,False,1,0.0,0,"[0.14167, 0.11089, 0.123808, 0.184169, 0.439463]"
Actor,client,7,2288,8,MR,H,evaluation,3,0,0.21995142102241516,0,0.8173993229866028,False,2,0.5,0,"[0.039055, 0.080548, 0.20516, 0.169944, 0.505294]"
Actor,client,7,2391,8,MR,H,evaluation,0,0,0.6714950799942017,1,0.5450589656829834,False,2,0.0,0,"[0.191589, 0.090773, 0.090565, 0.131916, 0.495158]"
Actor,client,7,2659,8,MR,H,evaluation,0,0,0.44343775510787964,0,0.5450589656829834,False,2,0.0,0,"[0.14607, 0.162633, 0.156197, 0.263523, 0.271577]"
Actor,client,7,2762,8,MR,H,evaluation,2,0,0.08150579780340195,0,0.7345184683799744,False,1,1.0,0,"[0.021938, 0.079697, 0.024013, 0.301456, 0.572896]"
Actor,client,7,2768,8,MR,H,evaluation,3,0,0.49081331491470337,0,0.8173993229866028,False,1,1.0,0,"[0.133753, 0.142009, 0.181611, 0.261724, 0.280903]"
Actor,client,7,2835,8,MR,H,evaluation,3,0,0.4343598783016205,0,0.8173993229866028,False,1,0.0,1,"[0.171645, 0.173973, 0.215844, 0.231991, 0.206546]"
Actor,client,7,2948,8,MR,H,evaluation,1,0,0.25018373131752014,0,0.6836628317832947,False,0,,0,"[0.124906, 0.135798, 0.351911, 0.203321, 0.184064]"
Actor,client,7,3067,8,MR,H,evaluation,3,0,0.2958855926990509,0,0.8173993229866028,False,0,,0,"[0.08865, 0.154075, 0.500619, 0.158751, 0.097905]"
Actor,client,7,3296,8,MR,H,evaluation,0,0,0.4995800852775574,0,0.5450589656829834,False,1,0.0,0,"[0.140071, 0.147602, 0.149478, 0.158753, 0.404096]"
Actor,client,7,3513,8,MR,H,evaluation,2,0,0.3257332742214203,0,0.7345184683799744,False,1,0.0,0,"[0.132032, 0.118583, 0.189953, 0.301538, 0.257894]"
Actor,client,7,3573,8,MR,H,evaluation,4,0,0.20470352470874786,0,0.7520955204963684,False,2,0.0,0,"[0.115031, 0.175081, 0.169845, 0.355389, 0.184655]"
Actor,client,7,3613,8,MR,H,evaluation,3,0,0.7353596687316895,0,0.8173993229866028,False,8,0.0,1,"[0.053391, 0.161997, 0.114801, 0.433971, 0.235841]"
Actor,client,7,3631,8,MR,H,evaluation,1,0,0.3412819802761078,0,0.6836628317832947,False,5,0.2,0,"[0.085207, 0.189083, 0.187041, 0.232316, 0.306353]"
Actor,client,7,3699,8,MR,H,evaluation,3,0,0.4847185015678406,0,0.8173993229866028,False,3,0.0,1,"[0.11669, 0.195826, 0.188059, 0.265005, 0.23442]"
Actor,client,7,3759,8,MR,H,evaluation,4,0,0.46239036321640015,0,0.7520955204963684,False,0,,0,"[0.101633, 0.383799, 0.194866, 0.066008, 0.253694]"
Actor,client,7,3768,8,MR,H,evaluation,2,0,0.3736346960067749,0,0.7345184683799744,False,1,1.0,0,"[0.148623, 0.20288, 0.217082, 0.209745, 0.22167]"
Actor,client,7,3775,8,MR,H,evaluation,4,0,0.17088015377521515,0,0.7520955204963684,False,6,0.16666666666666666,0,"[0.073867, 0.21246, 0.14681, 0.383328, 0.183535]"
Actor,client,7,3872,8,MR,H,evaluation,4,0,0.4657045304775238,0,0.7520955204963684,False,1,0.0,1,"[0.122627, 0.150708, 0.143935, 0.290123, 0.292607]"
Actor,client,7,3889,8,MR,H,evaluation,4,0,0.22310923039913177,0,0.7520955204963684,False,2,0.0,0,"[0.094563, 0.225125, 0.155602, 0.326863, 0.197848]"
Actor,client,7,4055,8,MR,H,evaluation,1,0,0.20386087894439697,0,0.6836628317832947,False,1,0.0,0,"[0.021116, 0.100558, 0.291075, 0.288122, 0.29913]"
Actor,client,7,4077,8,MR,H,evaluation,2,0,0.2989840805530548,0,0.7345184683799744,False,3,0.0,0,"[0.129405, 0.173176, 0.181804, 0.250491, 0.265124]"
Actor,client,7,4232,8,MR,H,evaluation,1,0,0.20422807335853577,0,0.6836628317832947,False,0,,0,"[0.150493, 0.139425, 0.197594, 0.199112, 0.313376]"
Actor,client,7,4245,8,MR,H,evaluation,1,0,0.5185886025428772,0,0.6836628317832947,False,1,1.0,1,"[0.149499, 0.247174, 0.238779, 0.214298, 0.15025]"
Actor,client,7,4260,8,MR,H,evaluation,3,0,0.4211898446083069,0,0.8173993229866028,False,2,0.0,0,"[0.04169, 0.146481, 0.10987, 0.260024, 0.441935]"
Actor,client,7,4332,8,MR,H,evaluation,2,0,0.16870756447315216,0,0.7345184683799744,False,3,0.0,0,"[0.142607, 0.217285, 0.110167, 0.396262, 0.133679]"
Actor,client,7,4482,8,MR,H,evaluation,3,0,0.4935881793498993,0,0.8173993229866028,False,5,0.2,0,"[0.115253, 0.144618, 0.157014, 0.269146, 0.313969]"
Actor,client,7,4550,8,MR,H,evaluation,0,0,0.38852158188819885,0,0.5450589656829834,False,0,,0,"[0.154852, 0.236957, 0.161631, 0.27701, 0.169549]"
Actor,client,7,4567,8,MR,H,evaluation,1,0,0.2974810302257538,0,0.6836628317832947,False,3,0.3333333333333333,0,"[0.091433, 0.154073, 0.209944, 0.293612, 0.250937]"
Actor,client,7,4629,8,MR,H,evaluation,4,0,0.44199201464653015,0,0.7520955204963684,False,2,0.0,1,"[0.11492, 0.181527, 0.151278, 0.273041, 0.279234]"
Actor,client,7,4655,8,MR,H,evaluation,2,0,0.18882054090499878,0,0.7345184683799744,False,1,0.0,0,"[0.064287, 0.252439, 0.134691, 0.446624, 0.101959]"
Actor,client,7,4658,8,MR,H,evaluation,3,0,0.6984535455703735,0,0.8173993229866028,False,1,0.0,1,"[0.044206, 0.085991, 0.119057, 0.393225, 0.357522]"
Actor,client,7,4712,8,MR,H,evaluation,3,0,0.2721668779850006,0,0.8173993229866028,False,0,,0,"[0.092178, 0.21115, 0.100524, 0.20313, 0.393018]"
Actor,client,7,4976,8,MR,H,evaluation,0,0,0.4831143021583557,0,0.5450589656829834,False,1,0.0,0,"[0.200728, 0.213405, 0.19189, 0.212446, 0.18153]"
Actor,client,7,4987,8,MR,H,evaluation,2,0,0.27410757541656494,0,0.7345184683799744,False,0,,0,"[0.233387, 0.235627, 0.164608, 0.19704, 0.169338]"
Actor,client,7,5040,8,MR,H,evaluation,3,0,0.44573974609375,0,0.8173993229866028,False,1,1.0,0,"[0.105032, 0.146545, 0.133695, 0.25563, 0.359099]"
Actor,client,7,5041,8,MR,H,evaluation,3,0,0.5731467008590698,0,0.8173993229866028,False,3,0.6666666666666666,1,"[0.067346, 0.183806, 0.146931, 0.315741, 0.286177]"
Actor,client,7,5056,8,MR,H,evaluation,3,0,0.3712809979915619,0,0.8173993229866028,False,2,0.5,0,"[0.178478, 0.152429, 0.237179, 0.204334, 0.227579]"
Actor,client,7,5079,8,MR,H,evaluation,2,0,0.08581019192934036,0,0.7345184683799744,False,0,,0,"[0.031935, 0.093006, 0.030038, 0.291073, 0.553949]"
Actor,client,7,5084,8,MR,H,evaluation,4,0,0.364767462015152,0,0.7520955204963684,False,0,,0,"[0.049499, 0.013976, 0.068761, 0.528585, 0.339179]"
Actor,client,7,5186,8,MR,H,evaluation,0,0,0.22281192243099213,0,0.5450589656829834,False,1,0.0,0,"[0.051602, 0.211034, 0.182424, 0.363359, 0.191581]"
Actor,client,7,5275,8,MR,H,evaluation,2,0,0.293435275554657,0,0.7345184683799744,False,1,0.0,0,"[0.201173, 0.173746, 0.172565, 0.267015, 0.185501]"
Actor,client,7,5573,8,MR,H,evaluation,2,0,0.37729841470718384,0,0.7345184683799744,False,2,0.5,0,"[0.173833, 0.181415, 0.214273, 0.192955, 0.237523]"
Actor,client,7,5717,8,MR,H,evaluation,3,0,0.4676228165626526,0,0.8173993229866028,False,1,0.0,0,"[0.100406, 0.177585, 0.172577, 0.261831, 0.287601]"
Actor,client,7,5732,8,MR,H,evaluation,4,0,0.34616848826408386,0,0.7520955204963684,False,2,0.0,0,"[0.183591, 0.173658, 0.180032, 0.24614, 0.216579]"
Actor,client,7,5735,8,MR,H,evaluation,4,0,0.33342790603637695,0,0.7520955204963684,False,2,0.5,0,"[0.148697, 0.207785, 0.204092, 0.231115, 0.20831]"
Actor,client,7,5761,8,MR,H,evaluation,1,0,0.2560892105102539,0,0.6836628317832947,False,1,0.0,0,"[0.137478, 0.152613, 0.244667, 0.21332, 0.251922]"
Actor,client,7,5764,8,MR,H,evaluation,4,0,0.4659045338630676,0,0.7520955204963684,False,1,1.0,0,"[0.109465, 0.091852, 0.125882, 0.359145, 0.313655]"
Actor,client,7,5810,8,MR,H,evaluation,2,0,0.2535731792449951,0,0.7345184683799744,False,5,0.0,0,"[0.116816, 0.20376, 0.162988, 0.318751, 0.197685]"
Actor,client,7,5841,8,MR,H,evaluation,2,0,0.36539027094841003,0,0.7345184683799744,False,4,0.25,0,"[0.09432, 0.216137, 0.219945, 0.248293, 0.221305]"
Actor,client,7,5906,8,MR,H,evaluation,3,0,0.7384973168373108,0,0.8173993229866028,False,0,,1,"[0.107961, 0.268524, 0.07371, 0.440977, 0.108828]"
Actor,client,7,5975,8,MR,H,evaluation,2,0,0.7327288389205933,0,0.7345184683799744,False,0,,1,"[0.03956, 0.198708, 0.399711, 0.158867, 0.203153]"
Actor,client,7,6118,8,MR,H,evaluation,3,0,0.5050942301750183,0,0.8173993229866028,False,3,0.3333333333333333,0,"[0.087937, 0.138914, 0.093051, 0.285857, 0.394241]"
Actor,client,7,6122,8,MR,H,evaluation,1,0,0.15770791471004486,0,0.6836628317832947,False,1,0.0,0,"[0.156852, 0.129147, 0.174218, 0.149489, 0.390294]"
Actor,client,7,6144,8,MR,H,evaluation,1,0,0.30588477849960327,0,0.6836628317832947,False,0,,0,"[0.233297, 0.209495, 0.186498, 0.10951, 0.261201]"
Actor,client,7,6172,8,MR,H,evaluation,1,0,0.21995703876018524,0,0.6836628317832947,False,0,,0,"[0.125859, 0.115591, 0.118272, 0.374387, 0.265892]"
Actor,client,7,6180,8,MR,H,evaluation,2,0,0.396072119474411,0,0.7345184683799744,False,5,0.2,0,"[0.096132, 0.143181, 0.226603, 0.230172, 0.303913]"
Actor,client,7,6214,8,MR,H,evaluation,0,0,0.5523014068603516,1,0.5450589656829834,False,0,,0,"[0.227905, 0.148731, 0.259866, 0.147194, 0.216304]"
Actor,client,7,6240,8,MR,H,evaluation,3,0,0.2777319550514221,0,0.8173993229866028,False,3,0.0,0,"[0.123082, 0.17438, 0.174706, 0.188784, 0.339049]"
Actor,client,7,6346,8,MR,H,evaluation,2,0,0.4179992973804474,0,0.7345184683799744,False,0,,0,"[0.234955, 0.163532, 0.224961, 0.212945, 0.163607]"
Actor,client,7,6444,8,MR,H,evaluation,2,0,0.3523010313510895,0,0.7345184683799744,False,1,1.0,0,"[0.166557, 0.137767, 0.199828, 0.201308, 0.29454]"
Actor,client,7,6594,8,MR,H,evaluation,1,0,0.22105056047439575,0,0.6836628317832947,False,2,0.5,0,"[0.128503, 0.13622, 0.211655, 0.235335, 0.288287]"
Actor,client,7,6671,8,MR,H,evaluation,0,0,0.48574313521385193,0,0.5450589656829834,False,0,,0,"[0.209451, 0.329309, 0.109061, 0.170444, 0.181735]"
Actor,client,7,6684,8,MR,H,evaluation,3,0,0.4184000790119171,0,0.8173993229866028,False,1,1.0,0,"[0.061204, 0.229897, 0.257505, 0.242806, 0.208588]"
Actor,client,7,6905,8,MR,H,evaluation,4,0,0.5978034138679504,0,0.7520955204963684,False,1,0.0,1,"[0.129073, 0.166068, 0.126437, 0.217757, 0.360665]"
Actor,client,7,6916,8,MR,H,evaluation,4,0,0.26162946224212646,0,0.7520955204963684,False,1,0.0,0,"[0.162599, 0.210856, 0.186512, 0.252019, 0.188013]"
Actor,client,7,7128,8,MR,H,evaluation,0,0,0.2785736620426178,0,0.5450589656829834,False,1,0.0,0,"[0.091001, 0.199998, 0.194574, 0.337572, 0.176856]"
Actor,client,7,7313,8,MR,H,evaluation,1,0,0.5896716117858887,0,0.6836628317832947,False,1,0.0,0,"[0.112471, 0.261459, 0.198381, 0.273226, 0.154464]"
Actor,client,7,7374,8,MR,H,evaluation,2,0,0.46148908138275146,0,0.7345184683799744,False,1,0.0,1,"[0.140149, 0.184206, 0.254408, 0.183561, 0.237677]"
Actor,client,7,7408,8,MR,H,evaluation,1,0,0.3601870834827423,0,0.6836628317832947,False,1,0.0,0,"[0.143295, 0.187282, 0.276707, 0.216563, 0.176152]"
Actor,client,7,7449,8,MR,H,evaluation,4,0,0.4457971453666687,0,0.7520955204963684,False,1,1.0,0,"[0.137369, 0.145278, 0.159366, 0.285308, 0.272678]"
Actor,client,7,7460,8,MR,H,evaluation,4,0,0.5187627077102661,0,0.7520955204963684,False,0,,1,"[0.140422, 0.19848, 0.138861, 0.215506, 0.306731]"
Actor,client,7,7464,8,MR,H,evaluation,4,0,0.5599892139434814,0,0.7520955204963684,False,1,0.0,1,"[0.064536, 0.113897, 0.108533, 0.320941, 0.392093]"
Actor,client,7,7587,8,MR,H,evaluation,2,0,0.16501231491565704,0,0.7345184683799744,False,1,0.0,0,"[0.051429, 0.116655, 0.106665, 0.292627, 0.432623]"
Actor,client,7,529,8,MR,H,evaluation,2,0,0.1905204802751541,0,0.7345184683799744,False,0,,0,"[0.010237, 0.071209, 0.122464, 0.119979, 0.67611]"
Actor,client,7,769,8,MR,H,evaluation,3,0,0.6346278190612793,0,0.8173993229866028,False,1,0.0,1,"[0.10807, 0.142283, 0.165482, 0.33575, 0.248416]"
Actor,client,7,1808,8,MR,H,evaluation,0,0,0.24815455079078674,0,0.5450589656829834,False,3,0.3333333333333333,0,"[0.056555, 0.128702, 0.107418, 0.563695, 0.143631]"
Actor,client,7,2932,8,MR,H,evaluation,1,0,0.31956031918525696,0,0.6836628317832947,False,1,0.0,0,"[0.170727, 0.17992, 0.219983, 0.22379, 0.20558]"
Actor,client,7,2942,8,MR,H,evaluation,3,0,0.10897130519151688,0,0.8173993229866028,False,1,0.0,0,"[0.009996, 0.081081, 0.13169, 0.125345, 0.651888]"
Actor,client,7,3052,8,MR,H,evaluation,1,0,0.24236737191677094,0,0.6836628317832947,False,0,,0,"[0.033181, 0.105132, 0.311138, 0.331739, 0.218809]"
Actor,client,7,4030,8,MR,H,evaluation,4,0,0.2599252164363861,0,0.7520955204963684,False,2,0.5,0,"[0.195352, 0.206788, 0.237158, 0.195826, 0.164875]"
Actor,client,7,4417,8,MR,H,evaluation,2,0,0.5240693092346191,0,0.7345184683799744,False,1,0.0,0,"[0.136966, 0.105426, 0.274987, 0.29177, 0.190852]"
Actor,client,7,5021,8,MR,H,evaluation,1,0,0.25765058398246765,0,0.6836628317832947,False,2,0.0,0,"[0.210667, 0.18037, 0.147089, 0.169781, 0.292092]"
Actor,client,7,5332,8,MR,H,evaluation,4,0,0.5726357698440552,0,0.7520955204963684,False,4,0.5,0,"[0.10381, 0.171332, 0.29789, 0.164218, 0.262751]"
Actor,client,7,5643,8,MR,H,evaluation,4,0,0.42011556029319763,0,0.7520955204963684,False,2,0.0,0,"[0.118145, 0.118864, 0.272716, 0.267686, 0.222589]"
Actor,client,7,5833,8,MR,H,evaluation,1,0,0.15279963612556458,0,0.6836628317832947,False,0,,0,"[0.031705, 0.066894, 0.366948, 0.261066, 0.273387]"
Actor,client,7,6270,8,MR,H,evaluation,2,0,0.3640025854110718,0,0.7345184683799744,False,1,0.0,0,"[0.179418, 0.25501, 0.214411, 0.179869, 0.171291]"
Actor,client,7,6365,8,MR,H,evaluation,4,0,0.6079378724098206,0,0.7520955204963684,False,1,0.0,1,"[0.067861, 0.137438, 0.185889, 0.25557, 0.353242]"
Actor,client,7,7093,8,MR,H,evaluation,0,0,0.6204580068588257,1,0.5450589656829834,False,0,,1,"[0.253292, 0.233783, 0.118265, 0.164277, 0.230383]"
Actor,client,7,7149,8,MR,H,evaluation,0,0,0.41718852519989014,0,0.5450589656829834,False,4,0.0,0,"[0.174588, 0.193394, 0.245874, 0.216126, 0.170018]"
Actor,client,7,7255,8,MR,H,evaluation,4,0,0.7328788042068481,0,0.7520955204963684,False,1,1.0,1,"[0.252816, 0.124941, 0.117019, 0.106562, 0.398662]"
Actor,client,7,7262,8,MR,H,evaluation,4,0,0.7935040593147278,1,0.7520955204963684,False,2,0.5,1,"[0.104813, 0.076685, 0.162316, 0.12845, 0.527736]"
Actor,client,7,1076,8,MR,H,evaluation,2,0,0.39877474308013916,0,0.7345184683799744,False,1,0.0,0,"[0.109697, 0.192753, 0.231181, 0.242108, 0.224261]"
Actor,client,7,1421,8,MR,H,evaluation,3,0,0.32464599609375,0,0.8173993229866028,False,1,0.0,0,"[0.181206, 0.208354, 0.212923, 0.193856, 0.203661]"
Actor,client,7,2511,8,MR,H,evaluation,3,0,0.3096846342086792,0,0.8173993229866028,False,1,0.0,0,"[0.098123, 0.126022, 0.187291, 0.200018, 0.388546]"
Actor,client,7,2658,8,MR,H,evaluation,2,0,0.12328063696622849,0,0.7345184683799744,False,1,0.0,0,"[0.005096, 0.00317, 0.0636, 0.030876, 0.897259]"
Actor,client,7,2710,8,MR,H,evaluation,4,0,0.5221461057662964,0,0.7520955204963684,False,1,0.0,0,"[0.167877, 0.153695, 0.275775, 0.162964, 0.239689]"
Actor,client,7,4345,8,MR,H,evaluation,4,0,0.511147141456604,0,0.7520955204963684,False,2,0.5,0,"[0.062311, 0.070313, 0.222509, 0.35109, 0.293777]"
Actor,client,7,4967,8,MR,H,evaluation,2,0,0.4156310260295868,0,0.7345184683799744,False,1,0.0,1,"[0.178263, 0.20129, 0.232715, 0.207435, 0.180296]"
Actor,client,7,5490,8,MR,H,evaluation,0,0,0.5076947808265686,0,0.5450589656829834,False,1,0.0,0,"[0.197871, 0.190046, 0.17056, 0.225601, 0.215924]"
Actor,client,7,5694,8,MR,H,evaluation,4,0,0.3980763852596283,0,0.7520955204963684,False,3,0.3333333333333333,0,"[0.147582, 0.170384, 0.241693, 0.222955, 0.217387]"
Actor,client,7,6233,8,MR,H,evaluation,4,0,0.43012288212776184,0,0.7520955204963684,False,2,0.5,0,"[0.121493, 0.172286, 0.209907, 0.250436, 0.245878]"
Actor,client,7,6793,8,MR,H,evaluation,4,0,0.4211682975292206,0,0.7520955204963684,False,1,0.0,0,"[0.135196, 0.165434, 0.246905, 0.226934, 0.225532]"
Actor,client,7,191,8,MR,H,evaluation,3,0,0.4061891734600067,0,0.8173993229866028,False,2,0.5,0,"[0.148167, 0.186549, 0.176589, 0.231384, 0.257311]"
Actor,client,7,973,8,MR,H,evaluation,3,0,0.44339045882225037,0,0.8173993229866028,False,0,,0,"[0.132853, 0.165881, 0.217838, 0.240948, 0.24248]"
Actor,client,7,1918,8,MR,H,evaluation,0,0,0.29873520135879517,0,0.5450589656829834,False,1,0.0,0,"[0.113328, 0.186349, 0.274992, 0.255299, 0.170032]"
Actor,client,7,2134,8,MR,H,evaluation,4,0,0.3898349106311798,0,0.7520955204963684,False,1,0.0,1,"[0.166577, 0.19113, 0.179588, 0.229532, 0.233172]"
Actor,client,7,2176,8,MR,H,evaluation,3,0,0.7769825458526611,0,0.8173993229866028,False,1,0.0,1,"[0.045782, 0.100304, 0.151996, 0.481339, 0.220579]"
Actor,client,7,4688,8,MR,H,evaluation,2,0,0.17966099083423615,0,0.7345184683799744,False,0,,0,"[0.262592, 0.101646, 0.094938, 0.175491, 0.365333]"
Actor,client,7,5665,8,MR,H,evaluation,3,0,0.7973707914352417,0,0.8173993229866028,False,0,,1,"[0.025043, 0.13223, 0.107814, 0.533253, 0.20166]"
Actor,client,7,5837,8,MR,H,evaluation,4,0,0.1153758093714714,0,0.7520955204963684,False,1,0.0,0,"[0.027188, 0.076736, 0.068605, 0.625522, 0.20195]"
Actor,client,7,83,8,MR,H,evaluation,4,0,0.4227139949798584,0,0.7520955204963684,False,1,1.0,1,"[0.109653, 0.202275, 0.216128, 0.230355, 0.241589]"
Actor,client,7,1542,8,MR,H,evaluation,3,0,0.5024580955505371,0,0.8173993229866028,False,0,,0,"[0.12125, 0.118293, 0.213943, 0.262844, 0.283669]"
Actor,client,7,2627,8,MR,H,evaluation,3,0,0.2518094778060913,0,0.8173993229866028,False,2,1.0,0,"[0.061505, 0.106622, 0.245475, 0.175729, 0.410668]"
Actor,client,7,2760,8,MR,H,evaluation,4,0,0.18631196022033691,0,0.7520955204963684,False,1,0.0,0,"[0.108826, 0.313605, 0.161606, 0.245221, 0.170742]"
Actor,client,7,3451,8,MR,H,evaluation,3,0,0.3166922330856323,0,0.8173993229866028,False,0,,0,"[0.181489, 0.254959, 0.227512, 0.191963, 0.144077]"
Actor,client,7,3758,8,MR,H,evaluation,1,0,0.32261350750923157,0,0.6836628317832947,False,0,,0,"[0.177984, 0.17379, 0.300841, 0.2037, 0.143685]"
Actor,client,7,3772,8,MR,H,evaluation,4,0,0.5382487773895264,0,0.7520955204963684,False,7,0.0,0,"[0.040231, 0.097156, 0.46433, 0.18108, 0.217203]"
Actor,client,7,3882,8,MR,H,evaluation,1,0,0.238993838429451,0,0.6836628317832947,False,2,0.5,0,"[0.063354, 0.12553, 0.238566, 0.290524, 0.282027]"
Actor,client,7,5364,8,MR,H,evaluation,2,0,0.8142961859703064,1,0.7345184683799744,False,1,1.0,1,"[0.072806, 0.107981, 0.446566, 0.180892, 0.191755]"
Actor,client,7,6892,8,MR,H,evaluation,1,0,0.4077959656715393,0,0.6836628317832947,False,1,1.0,0,"[0.234471, 0.22575, 0.202058, 0.182891, 0.154831]"
Actor,client,7,7355,8,MR,H,evaluation,1,0,0.27102628350257874,0,0.6836628317832947,False,3,0.3333333333333333,0,"[0.023077, 0.120723, 0.28107, 0.336067, 0.239062]"
Actor,client,7,7435,8,MR,H,evaluation,0,0,0.2809695601463318,0,0.5450589656829834,False,0,,0,"[0.134141, 0.348044, 0.240507, 0.151788, 0.12552]"
Actor,client,7,7527,8,MR,H,evaluation,3,0,0.5434640049934387,0,0.8173993229866028,False,4,0.25,0,"[0.056015, 0.188137, 0.317494, 0.283302, 0.155051]"
Actor,client,7,889,8,MR,H,evaluation,4,0,0.7905505895614624,1,0.7520955204963684,False,1,1.0,1,"[3.2e-05, 0.000144, 0.00087, 0.018895, 0.98006]"
Actor,client,7,1175,8,MR,H,evaluation,4,0,0.3277539610862732,0,0.7520955204963684,False,1,0.0,0,"[0.17215, 0.17105, 0.15734, 0.277101, 0.222359]"
Actor,client,7,6008,8,MR,H,evaluation,4,0,0.21306125819683075,0,0.7520955204963684,False,2,0.0,0,"[0.167786, 0.185553, 0.175128, 0.296259, 0.175275]"
Actor,client,7,7368,8,MR,H,evaluation,2,0,0.31978392601013184,0,0.7345184683799744,False,0,,0,"[0.164668, 0.175604, 0.189336, 0.325415, 0.144977]"
Actor,client,7,7492,8,MR,H,evaluation,3,0,0.4667370319366455,0,0.8173993229866028,False,0,,0,"[0.108696, 0.28521, 0.013782, 0.286935, 0.305377]"
Actor,client,7,7548,8,MR,H,evaluation,0,0,0.512157678604126,0,0.5450589656829834,False,0,,0,"[0.197395, 0.181544, 0.147174, 0.267973, 0.205914]"
Actor,client,7,7565,8,MR,H,evaluation,2,0,0.5801264643669128,0,0.7345184683799744,False,0,,1,"[0.185199, 0.125097, 0.296735, 0.165712, 0.227257]"
Actor,client,7,7570,8,MR,H,evaluation,4,0,0.6207789182662964,0,0.7520955204963684,False,0,,1,"[0.261871, 0.145731, 0.201141, 0.109991, 0.281267]"
Actor,client,7,7585,8,MR,H,evaluation,4,0,0.5173284411430359,0,0.7520955204963684,False,0,,0,"[0.326865, 0.090444, 0.112555, 0.197294, 0.272842]"
Actor,client,7,7597,8,MR,H,evaluation,2,0,0.27410757541656494,0,0.7345184683799744,False,0,,0,"[0.233387, 0.235627, 0.164608, 0.19704, 0.169338]"
Actor,client,7,1094,8,MR,H,evaluation,1,0,0.45334506034851074,0,0.6836628317832947,False,1,0.0,0,"[0.097585, 0.209212, 0.145094, 0.332545, 0.215564]"
Actor,client,7,2921,8,MR,H,evaluation,2,0,0.08483384549617767,0,0.7345184683799744,False,2,0.0,0,"[0.031382, 0.261453, 0.042282, 0.250395, 0.414488]"
Actor,client,7,3160,8,MR,H,evaluation,1,0,0.42207789421081543,0,0.6836628317832947,False,1,0.0,0,"[0.036115, 0.217544, 0.145135, 0.25212, 0.349087]"
Actor,client,7,3751,8,MR,H,evaluation,1,0,0.632239043712616,0,0.6836628317832947,False,0,,0,"[0.13802, 0.280616, 0.091301, 0.324156, 0.165907]"
Actor,client,7,6571,8,MR,H,evaluation,4,0,0.5540933609008789,0,0.7520955204963684,False,0,,1,"[0.008071, 0.28192, 0.031699, 0.192489, 0.485821]"
Actor,client,7,254,8,MR,H,evaluation,4,0,0.21523581445217133,0,0.7520955204963684,False,2,0.5,0,"[0.092922, 0.196143, 0.18187, 0.341815, 0.18725]"
Actor,client,7,4756,8,MR,H,evaluation,1,0,0.6113545298576355,0,0.6836628317832947,False,1,0.0,1,"[0.12036, 0.276304, 0.161761, 0.267373, 0.174203]"
Actor,client,7,1841,8,MR,H,evaluation,1,0,0.4314850866794586,0,0.6836628317832947,False,3,0.3333333333333333,1,"[0.187652, 0.225251, 0.204656, 0.211004, 0.171437]"
Actor,client,7,7203,8,MR,H,evaluation,4,0,0.4577837288379669,0,0.7520955204963684,False,1,1.0,0,"[0.060828, 0.051109, 0.185025, 0.407356, 0.295682]"
Actor,client,7,3170,8,MR,H,evaluation,4,0,0.2195962518453598,0,0.7520955204963684,False,1,0.0,0,"[0.184733, 0.223277, 0.20786, 0.223155, 0.160975]"
Actor,client,7,4514,8,MR,H,evaluation,4,0,0.22908803820610046,0,0.7520955204963684,False,1,1.0,0,"[0.068668, 0.132275, 0.203843, 0.401027, 0.194187]"
Actor,client,7,4885,8,MR,H,evaluation,1,0,0.17993682622909546,0,0.6836628317832947,False,1,0.0,0,"[0.218248, 0.119455, 0.263196, 0.192016, 0.207085]"
Actor,client,7,7238,8,MR,H,evaluation,4,0,0.46835047006607056,0,0.7520955204963684,False,3,0.0,0,"[0.111354, 0.088084, 0.328029, 0.251012, 0.221521]"
Actor,client,7,4023,8,MR,H,evaluation,4,0,0.8150916695594788,1,0.7520955204963684,False,1,0.0,1,"[0.031269, 0.042586, 0.148081, 0.092052, 0.686012]"
Actor,client,7,5768,8,MR,H,evaluation,4,0,0.6937616467475891,0,0.7520955204963684,False,2,0.0,1,"[0.19512, 0.079546, 0.277227, 0.147296, 0.30081]"
Actor,client,7,6794,8,MR,H,evaluation,1,0,0.48414871096611023,0,0.6836628317832947,False,1,0.0,0,"[0.032925, 0.199192, 0.217712, 0.36291, 0.187261]"
