dataset,scenario,seed,global_node_id,client_id,stage,subset,pool_role,true_class,membership_label,mia_score,decision,threshold,fallback_status,local_degree,local_label_agreement,correct_prediction,prob_vector
Squirrel,client,99,549,0,M0,attack_member,evaluation,2,1,0.7930792570114136,0,0.8680669665336609,False,8,0.125,1,"[0.041472, 0.208007, 0.493402, 0.170507, 0.086611]"
Squirrel,client,99,552,0,M0,attack_member,evaluation,0,1,0.3477000594139099,0,0.7096081972122192,False,4,0.25,1,"[0.246886, 0.154774, 0.190616, 0.194101, 0.213621]"
Squirrel,client,99,566,0,M0,attack_member,evaluation,0,1,0.43834415078163147,0,0.7096081972122192,False,1,0.0,1,"[0.402487, 0.202159, 0.147352, 0.192023, 0.055979]"
Squirrel,client,99,571,0,M0,attack_member,evaluation,1,1,0.4408872723579407,0,0.6344954967498779,False,17,0.23529411764705882,0,"[0.074807, 0.236095, 0.251591, 0.236182, 0.201325]"
Squirrel,client,99,573,0,M0,attack_member,evaluation,0,1,0.31006935238838196,0,0.7096081972122192,False,6,0.0,1,"[0.263352, 0.204996, 0.24311, 0.165464, 0.123078]"
Squirrel,client,99,578,0,M0,attack_member,evaluation,1,1,0.501362681388855,0,0.6344954967498779,False,2,0.0,0,"[0.353909, 0.275985, 0.186614, 0.106043, 0.07745]"
Squirrel,client,99,586,0,M0,attack_member,evaluation,1,1,0.5054687857627869,0,0.6344954967498779,False,3,0.0,0,"[0.133553, 0.215621, 0.264344, 0.321764, 0.064719]"
Squirrel,client,99,595,0,M0,attack_member,evaluation,0,1,0.252811074256897,0,0.7096081972122192,False,4,0.0,0,"[0.235923, 0.044749, 0.478046, 0.077827, 0.163456]"
Squirrel,client,99,613,0,M0,attack_member,evaluation,1,1,0.7583467364311218,1,0.6344954967498779,False,4,0.0,0,"[0.105951, 0.177738, 0.660362, 0.020291, 0.035658]"
Squirrel,client,99,645,0,M0,attack_member,evaluation,3,1,0.3582138121128082,0,0.6256242990493774,True,5,0.4,1,"[0.162309, 0.097237, 0.121612, 0.342914, 0.275929]"
Squirrel,client,99,660,0,M0,attack_member,evaluation,3,1,0.33683255314826965,0,0.6256242990493774,True,10,0.3,1,"[0.017766, 0.020844, 0.128631, 0.528232, 0.304527]"
Squirrel,client,99,676,0,M0,attack_member,evaluation,4,1,0.16772735118865967,0,0.5929431915283203,False,2,0.5,0,"[0.129181, 0.330154, 0.090975, 0.312807, 0.136883]"
Squirrel,client,99,678,0,M0,attack_member,evaluation,4,1,0.5614550709724426,0,0.5929431915283203,False,24,0.3333333333333333,1,"[0.032353, 0.1853, 0.190476, 0.215943, 0.375929]"
Squirrel,client,99,699,0,M0,attack_member,evaluation,1,1,0.05649783834815025,0,0.6344954967498779,False,4,0.0,0,"[0.039842, 0.045415, 0.011586, 0.163675, 0.739482]"
Squirrel,client,99,711,0,M0,attack_member,evaluation,0,1,0.3216734528541565,0,0.7096081972122192,False,1,0.0,0,"[0.199903, 0.128352, 0.177835, 0.29865, 0.19526]"
Squirrel,client,99,721,0,M0,attack_member,evaluation,2,1,0.4100804030895233,0,0.8680669665336609,False,3,0.0,0,"[0.250892, 0.275358, 0.183133, 0.197714, 0.092902]"
Squirrel,client,99,727,0,M0,attack_member,evaluation,0,1,0.34846872091293335,0,0.7096081972122192,False,5,0.4,1,"[0.251882, 0.148067, 0.196914, 0.199736, 0.2034]"
Squirrel,client,99,730,0,M0,attack_member,evaluation,1,1,0.44896769523620605,0,0.6344954967498779,False,14,0.14285714285714285,1,"[0.080535, 0.249689, 0.242041, 0.228633, 0.199102]"
Squirrel,client,99,733,0,M0,attack_member,evaluation,1,1,0.3043515980243683,0,0.6344954967498779,False,2,0.0,0,"[0.127312, 0.187799, 0.136186, 0.330104, 0.218598]"
Squirrel,client,99,750,0,M0,attack_member,evaluation,4,1,0.23999257385730743,0,0.5929431915283203,False,15,0.2,0,"[0.128839, 0.164212, 0.251474, 0.259342, 0.196134]"
Squirrel,client,99,752,0,M0,attack_member,evaluation,2,1,0.44635412096977234,0,0.8680669665336609,False,7,0.2857142857142857,0,"[0.113057, 0.181183, 0.240254, 0.296886, 0.16862]"
Squirrel,client,99,784,0,M0,attack_member,evaluation,1,1,0.4371350109577179,0,0.6344954967498779,False,2,0.5,1,"[0.192624, 0.326278, 0.136882, 0.124832, 0.219384]"
Squirrel,client,99,789,0,M0,attack_member,evaluation,3,1,0.38878926634788513,0,0.6256242990493774,True,6,0.16666666666666666,0,"[0.186814, 0.093185, 0.327196, 0.194639, 0.198167]"
Squirrel,client,99,793,0,M0,attack_member,evaluation,0,1,0.42162683606147766,0,0.7096081972122192,False,2,0.0,0,"[0.23682, 0.107583, 0.092415, 0.208235, 0.354947]"
Squirrel,client,99,803,0,M0,attack_member,evaluation,0,1,0.5793243646621704,0,0.7096081972122192,False,1,0.0,1,"[0.586359, 0.282862, 0.066693, 0.022758, 0.041329]"
Squirrel,client,99,881,0,M0,attack_member,evaluation,1,1,0.6411239504814148,1,0.6344954967498779,False,4,0.0,1,"[0.026492, 0.404604, 0.162702, 0.380487, 0.025715]"
Squirrel,client,99,902,0,M0,attack_member,evaluation,0,1,0.1958748698234558,0,0.7096081972122192,False,11,0.09090909090909091,0,"[0.079852, 0.199201, 0.26182, 0.321484, 0.137643]"
Squirrel,client,99,919,0,M0,attack_member,evaluation,2,1,0.5679194927215576,0,0.8680669665336609,False,17,0.11764705882352941,0,"[0.07065, 0.264732, 0.255886, 0.190902, 0.21783]"
Squirrel,client,99,925,0,M0,attack_member,evaluation,2,1,0.8350641131401062,0,0.8680669665336609,False,2,0.0,1,"[0.121877, 0.125347, 0.526528, 0.135226, 0.091022]"
Squirrel,client,99,953,0,M0,attack_member,evaluation,1,1,0.4134545922279358,0,0.6344954967498779,False,10,0.3,1,"[0.085439, 0.295373, 0.18948, 0.152141, 0.277567]"
Squirrel,client,99,967,0,M0,attack_member,evaluation,0,1,0.5809177160263062,0,0.7096081972122192,False,1,0.0,1,"[0.578579, 0.20384, 0.096042, 0.0817, 0.039839]"
Squirrel,client,99,980,0,M0,attack_member,evaluation,1,1,0.5228804349899292,0,0.6344954967498779,False,2,0.0,1,"[0.209967, 0.309671, 0.20641, 0.144478, 0.129474]"
Squirrel,client,99,1000,0,M0,attack_member,evaluation,4,1,0.3043968975543976,0,0.5929431915283203,False,4,0.5,0,"[0.078923, 0.078181, 0.169659, 0.344963, 0.328274]"
Squirrel,client,99,1009,0,M0,attack_member,evaluation,4,1,0.8385756015777588,1,0.5929431915283203,False,7,0.42857142857142855,1,"[0.031189, 0.038887, 0.033325, 0.215998, 0.680601]"
Squirrel,client,99,1018,0,M0,attack_member,evaluation,0,1,0.5038447380065918,0,0.7096081972122192,False,0,,1,"[0.39772, 0.266301, 0.043376, 0.030686, 0.261917]"
Squirrel,client,99,1033,0,M0,attack_member,evaluation,0,1,0.25349995493888855,0,0.7096081972122192,False,0,,0,"[0.253343, 0.351545, 0.269362, 0.057096, 0.068654]"
Squirrel,client,99,1073,0,M0,attack_member,evaluation,1,1,0.3559012711048126,0,0.6344954967498779,False,5,0.2,0,"[0.176403, 0.139049, 0.264955, 0.225746, 0.193848]"
Squirrel,client,99,1083,0,M0,attack_member,evaluation,1,1,0.48146453499794006,0,0.6344954967498779,False,2,0.0,0,"[0.317895, 0.273718, 0.18421, 0.118923, 0.105254]"
Squirrel,client,99,1095,0,M0,attack_member,evaluation,0,1,0.582348644733429,0,0.7096081972122192,False,0,,1,"[0.589229, 0.240708, 0.090873, 0.030667, 0.048523]"
Squirrel,client,99,1096,0,M0,attack_member,evaluation,1,1,0.4157383441925049,0,0.6344954967498779,False,22,0.22727272727272727,0,"[0.335466, 0.230452, 0.169368, 0.142815, 0.121898]"
Squirrel,client,99,1110,0,M0,attack_member,evaluation,2,1,0.4669499695301056,0,0.8680669665336609,False,0,,0,"[0.362035, 0.314828, 0.172276, 0.07397, 0.07689]"
Squirrel,client,99,1117,0,M0,attack_member,evaluation,3,1,0.38556408882141113,0,0.6256242990493774,True,18,0.2222222222222222,1,"[0.138225, 0.207468, 0.134019, 0.266273, 0.254015]"
Squirrel,client,99,1146,0,M0,attack_member,evaluation,0,1,0.5661907196044922,0,0.7096081972122192,False,3,0.6666666666666666,1,"[0.494524, 0.004345, 0.154008, 0.215274, 0.13185]"
Squirrel,client,99,1185,0,M0,attack_member,evaluation,4,1,0.8976470828056335,1,0.5929431915283203,False,4,0.5,1,"[0.029605, 0.017203, 0.009489, 0.182464, 0.76124]"
Squirrel,client,99,1192,0,M0,attack_member,evaluation,2,1,0.5213313698768616,0,0.8680669665336609,False,6,0.16666666666666666,0,"[0.077208, 0.260689, 0.231724, 0.203504, 0.226875]"
Squirrel,client,99,1204,0,M0,attack_member,evaluation,1,1,0.42494651675224304,0,0.6344954967498779,False,0,,0,"[0.482093, 0.244934, 0.118021, 0.092322, 0.062629]"
Squirrel,client,99,1252,0,M0,attack_member,evaluation,1,1,0.49777641892433167,0,0.6344954967498779,False,2,0.0,0,"[0.167023, 0.136658, 0.438198, 0.090075, 0.168047]"
Squirrel,client,99,1282,0,M0,attack_member,evaluation,1,1,0.16750356554985046,0,0.6344954967498779,False,3,0.0,0,"[0.014489, 0.195026, 0.054939, 0.250562, 0.484984]"
Squirrel,client,99,1285,0,M0,attack_member,evaluation,3,1,0.4696185290813446,0,0.6256242990493774,True,8,0.0,0,"[0.557043, 0.178471, 0.15488, 0.074999, 0.034606]"
Squirrel,client,99,1303,0,M0,attack_member,evaluation,3,1,0.441874623298645,0,0.6256242990493774,True,3,0.3333333333333333,0,"[0.277548, 0.131144, 0.362497, 0.107636, 0.121175]"
Squirrel,client,99,1305,0,M0,attack_member,evaluation,0,1,0.2411990463733673,0,0.7096081972122192,False,14,0.21428571428571427,0,"[0.188648, 0.309657, 0.219515, 0.194797, 0.087383]"
Squirrel,client,99,1315,0,M0,attack_member,evaluation,1,1,0.4199501872062683,0,0.6344954967498779,False,2,0.0,0,"[0.20268, 0.187319, 0.264378, 0.182104, 0.163519]"
Squirrel,client,99,1321,0,M0,attack_member,evaluation,3,1,0.3556968867778778,0,0.6256242990493774,True,5,0.0,1,"[0.174177, 0.082047, 0.191909, 0.447474, 0.104394]"
Squirrel,client,99,1325,0,M0,attack_member,evaluation,3,1,0.3438858389854431,0,0.6256242990493774,True,3,0.6666666666666666,1,"[0.230144, 0.087763, 0.222665, 0.371478, 0.08795]"
Squirrel,client,99,1332,0,M0,attack_member,evaluation,2,1,0.6308149695396423,0,0.8680669665336609,False,2,0.0,0,"[0.279179, 0.111516, 0.264384, 0.125536, 0.219384]"
Squirrel,client,99,1338,0,M0,attack_member,evaluation,2,1,0.582526683807373,0,0.8680669665336609,False,13,0.15384615384615385,1,"[0.173382, 0.124331, 0.257301, 0.190032, 0.254954]"
Squirrel,client,99,1355,0,M0,attack_member,evaluation,0,1,0.32914912700653076,0,0.7096081972122192,False,2,0.0,0,"[0.180371, 0.09585, 0.156418, 0.344206, 0.223155]"
Squirrel,client,99,1422,0,M0,attack_member,evaluation,4,1,0.13916659355163574,0,0.5929431915283203,False,3,0.3333333333333333,0,"[0.38809, 0.17546, 0.156566, 0.194813, 0.085071]"
Squirrel,client,99,1443,0,M0,attack_member,evaluation,2,1,0.5904195308685303,0,0.8680669665336609,False,13,0.15384615384615385,0,"[0.129454, 0.132827, 0.263423, 0.197362, 0.276934]"
Squirrel,client,99,1457,0,M0,attack_member,evaluation,0,1,0.2866021990776062,0,0.7096081972122192,False,3,0.0,0,"[0.221351, 0.256654, 0.206231, 0.174601, 0.141162]"
Squirrel,client,99,1477,0,M0,attack_member,evaluation,3,1,0.34270942211151123,0,0.6256242990493774,True,1,0.0,1,"[0.154937, 0.139165, 0.222267, 0.313829, 0.169802]"
Squirrel,client,99,1491,0,M0,attack_member,evaluation,2,1,0.7485154867172241,0,0.8680669665336609,False,0,,1,"[0.311066, 0.259729, 0.386631, 0.025717, 0.016858]"
Squirrel,client,99,1520,0,M0,attack_member,evaluation,4,1,0.8452280759811401,1,0.5929431915283203,False,3,1.0,1,"[0.103031, 0.044142, 0.107565, 0.137072, 0.60819]"
Squirrel,client,99,1522,0,M0,attack_member,evaluation,1,1,0.49942561984062195,0,0.6344954967498779,False,2,0.0,1,"[0.055039, 0.321162, 0.224379, 0.180824, 0.218596]"
Squirrel,client,99,1544,0,M0,attack_member,evaluation,1,1,0.8305886387825012,1,0.6344954967498779,False,5,0.6,1,"[0.041097, 0.743392, 0.081104, 0.066901, 0.067506]"
Squirrel,client,99,1561,0,M0,attack_member,evaluation,2,1,0.275025337934494,0,0.8680669665336609,False,0,,0,"[0.599886, 0.115197, 0.104509, 0.131108, 0.0493]"
Squirrel,client,99,1588,0,M0,attack_member,evaluation,0,1,0.5854180455207825,0,0.7096081972122192,False,0,,1,"[0.535005, 0.115155, 0.067429, 0.249428, 0.032983]"
Squirrel,client,99,1597,0,M0,attack_member,evaluation,0,1,0.2933933138847351,0,0.7096081972122192,False,2,0.0,0,"[0.017427, 0.046653, 0.111246, 0.339291, 0.485383]"
Squirrel,client,99,1618,0,M0,attack_member,evaluation,2,1,0.16964350640773773,0,0.8680669665336609,False,5,0.2,0,"[0.141452, 0.051533, 0.134582, 0.455177, 0.217257]"
Squirrel,client,99,1638,0,M0,attack_member,evaluation,0,1,0.28929564356803894,0,0.7096081972122192,False,1,0.0,0,"[0.072306, 0.027263, 0.079759, 0.648246, 0.172425]"
Squirrel,client,99,1650,0,M0,attack_member,evaluation,2,1,0.6059122085571289,0,0.8680669665336609,False,2,0.0,1,"[0.257582, 0.210903, 0.283853, 0.146384, 0.101278]"
Squirrel,client,99,1681,0,M0,attack_member,evaluation,4,1,0.2651505172252655,0,0.5929431915283203,False,8,0.625,0,"[0.192354, 0.064843, 0.133146, 0.316976, 0.292683]"
Squirrel,client,99,1742,0,M0,attack_member,evaluation,3,1,0.32724741101264954,0,0.6256242990493774,True,6,0.3333333333333333,0,"[0.039093, 0.009254, 0.117566, 0.398021, 0.436067]"
Squirrel,client,99,1761,0,M0,attack_member,evaluation,2,1,0.7282232642173767,0,0.8680669665336609,False,14,0.21428571428571427,1,"[0.226281, 0.192225, 0.339404, 0.089144, 0.152946]"
Squirrel,client,99,1800,0,M0,attack_member,evaluation,4,1,0.9796959161758423,1,0.5929431915283203,False,0,,1,"[0.007314, 0.018736, 0.041163, 0.003379, 0.929409]"
Squirrel,client,99,1824,0,M0,attack_member,evaluation,3,1,0.3694045841693878,0,0.6256242990493774,True,5,0.4,0,"[0.057525, 0.068547, 0.126455, 0.288375, 0.459097]"
Squirrel,client,99,1881,0,M0,attack_member,evaluation,2,1,0.10455471277236938,0,0.8680669665336609,False,2,0.5,0,"[0.011429, 0.07789, 0.070925, 0.456052, 0.383704]"
Squirrel,client,99,1901,0,M0,attack_member,evaluation,2,1,0.7078077793121338,0,0.8680669665336609,False,2,0.0,1,"[0.263951, 0.194172, 0.340802, 0.096996, 0.104079]"
Squirrel,client,99,1913,0,M0,attack_member,evaluation,4,1,0.3800364136695862,0,0.5929431915283203,False,1,0.0,0,"[0.493936, 0.107921, 0.094443, 0.075535, 0.228165]"
Squirrel,client,99,1934,0,M0,attack_member,evaluation,1,1,0.34928983449935913,0,0.6344954967498779,False,0,,0,"[0.602633, 0.210585, 0.060456, 0.063367, 0.062959]"
Squirrel,client,99,1936,0,M0,attack_member,evaluation,3,1,0.5085238814353943,0,0.6256242990493774,True,4,0.0,0,"[0.035421, 0.16633, 0.089592, 0.15023, 0.558427]"
Squirrel,client,99,1969,0,M0,attack_member,evaluation,0,1,0.6991207003593445,0,0.7096081972122192,False,1,0.0,1,"[0.655964, 0.064484, 0.035977, 0.057626, 0.185949]"
Squirrel,client,99,1986,0,M0,attack_member,evaluation,2,1,0.6281986236572266,0,0.8680669665336609,False,1,0.0,0,"[0.05257, 0.53527, 0.317959, 0.091888, 0.002312]"
Squirrel,client,99,2041,0,M0,attack_member,evaluation,0,1,0.6677752733230591,0,0.7096081972122192,False,1,1.0,1,"[0.662546, 0.033217, 0.086416, 0.208782, 0.009039]"
Squirrel,client,99,2062,0,M0,attack_member,evaluation,1,1,0.5160413384437561,0,0.6344954967498779,False,0,,1,"[0.222123, 0.349126, 0.158538, 0.120251, 0.149962]"
Squirrel,client,99,2088,0,M0,attack_member,evaluation,3,1,0.5161625742912292,0,0.6256242990493774,True,2,0.0,0,"[0.250993, 0.166841, 0.451329, 0.046493, 0.084344]"
Squirrel,client,99,2098,0,M0,attack_member,evaluation,3,1,0.2968403995037079,0,0.6256242990493774,True,0,,1,"[0.062129, 0.098525, 0.392967, 0.414296, 0.032082]"
Squirrel,client,99,2107,0,M0,attack_member,evaluation,0,1,0.6105179190635681,0,0.7096081972122192,False,0,,1,"[0.563582, 0.00274, 0.137557, 0.205123, 0.090999]"
Squirrel,client,99,2135,0,M0,attack_member,evaluation,0,1,0.4336913824081421,0,0.7096081972122192,False,0,,1,"[0.405473, 0.379969, 0.076867, 0.037231, 0.10046]"
Squirrel,client,99,2147,0,M0,attack_member,evaluation,0,1,0.4413498044013977,0,0.7096081972122192,False,0,,1,"[0.372822, 0.289746, 0.049075, 0.204273, 0.084084]"
Squirrel,client,99,700,1,M0,attack_member,evaluation,1,1,0.565324604511261,0,0.6344954967498779,False,6,0.16666666666666666,1,"[0.376624, 0.447847, 0.044731, 0.041462, 0.089336]"
Squirrel,client,99,706,1,M0,attack_member,evaluation,1,1,0.3745424151420593,0,0.6344954967498779,False,11,0.18181818181818182,0,"[0.527057, 0.180367, 0.128573, 0.114526, 0.049478]"
Squirrel,client,99,722,1,M0,attack_member,evaluation,1,1,0.36104732751846313,0,0.6344954967498779,False,2,0.0,0,"[0.312807, 0.183077, 0.181862, 0.170023, 0.152231]"
Squirrel,client,99,754,1,M0,attack_member,evaluation,3,1,0.3542197048664093,0,0.6256242990493774,True,13,0.07692307692307693,1,"[0.113382, 0.149526, 0.164419, 0.395229, 0.177445]"
Squirrel,client,99,786,1,M0,attack_member,evaluation,1,1,0.5064889788627625,0,0.6344954967498779,False,15,0.26666666666666666,1,"[0.277923, 0.34223, 0.101483, 0.202435, 0.075929]"
Squirrel,client,99,831,1,M0,attack_member,evaluation,2,1,0.4181545078754425,0,0.8680669665336609,False,9,0.1111111111111111,0,"[0.329836, 0.165641, 0.178637, 0.184693, 0.141193]"
Squirrel,client,99,853,1,M0,attack_member,evaluation,2,1,0.4316726326942444,0,0.8680669665336609,False,6,0.16666666666666666,0,"[0.337374, 0.295366, 0.180582, 0.135319, 0.051358]"
Squirrel,client,99,887,1,M0,attack_member,evaluation,0,1,0.6161952018737793,0,0.7096081972122192,False,1,1.0,1,"[0.584501, 0.17029, 0.055773, 0.106837, 0.082599]"
Squirrel,client,99,903,1,M0,attack_member,evaluation,0,1,0.4400345981121063,0,0.7096081972122192,False,8,0.125,1,"[0.395472, 0.204865, 0.154542, 0.134601, 0.110519]"
Squirrel,client,99,910,1,M0,attack_member,evaluation,0,1,0.304677277803421,0,0.7096081972122192,False,7,0.14285714285714285,0,"[0.248476, 0.300604, 0.187984, 0.106136, 0.156799]"
Squirrel,client,99,931,1,M0,attack_member,evaluation,0,1,0.36501532793045044,0,0.7096081972122192,False,20,0.3,1,"[0.336528, 0.264104, 0.179706, 0.137811, 0.081851]"
Squirrel,client,99,947,1,M0,attack_member,evaluation,0,1,0.5485089421272278,0,0.7096081972122192,False,2,0.0,1,"[0.516934, 0.166434, 0.124533, 0.088404, 0.103696]"
Squirrel,client,99,962,1,M0,attack_member,evaluation,3,1,0.36784154176712036,0,0.6256242990493774,True,6,0.16666666666666666,1,"[0.076939, 0.135408, 0.087244, 0.411303, 0.289107]"
Squirrel,client,99,966,1,M0,attack_member,evaluation,0,1,0.38151273131370544,0,0.7096081972122192,False,1,0.0,1,"[0.312662, 0.255791, 0.124872, 0.17624, 0.130435]"
Squirrel,client,99,1056,1,M0,attack_member,evaluation,0,1,0.2647954821586609,0,0.7096081972122192,False,1,0.0,0,"[0.25917, 0.233768, 0.330801, 0.084486, 0.091776]"
Squirrel,client,99,1086,1,M0,attack_member,evaluation,0,1,0.5351625084877014,0,0.7096081972122192,False,1,1.0,1,"[0.507458, 0.200761, 0.105442, 0.119122, 0.067218]"
Squirrel,client,99,1090,1,M0,attack_member,evaluation,2,1,0.7065125703811646,0,0.8680669665336609,False,7,0.14285714285714285,1,"[0.281633, 0.147889, 0.359768, 0.126859, 0.083851]"
Squirrel,client,99,1100,1,M0,attack_member,evaluation,3,1,0.54237300157547,0,0.6256242990493774,True,11,0.2727272727272727,0,"[0.421256, 0.303816, 0.028014, 0.085215, 0.161699]"
Squirrel,client,99,1112,1,M0,attack_member,evaluation,0,1,0.27461013197898865,0,0.7096081972122192,False,2,0.0,0,"[0.149953, 0.194795, 0.173032, 0.284239, 0.197981]"
Squirrel,client,99,1125,1,M0,attack_member,evaluation,1,1,0.37968093156814575,0,0.6344954967498779,False,2,0.0,0,"[0.313589, 0.202401, 0.175683, 0.163631, 0.144695]"
Squirrel,client,99,1197,1,M0,attack_member,evaluation,4,1,0.9397429823875427,1,0.5929431915283203,False,4,0.25,1,"[0.14127, 0.062308, 0.071368, 0.022455, 0.702599]"
Squirrel,client,99,1209,1,M0,attack_member,evaluation,0,1,0.6004399061203003,0,0.7096081972122192,False,0,,1,"[0.6039, 0.220843, 0.08173, 0.042382, 0.051145]"
Squirrel,client,99,1245,1,M0,attack_member,evaluation,3,1,0.5658103823661804,0,0.6256242990493774,True,43,0.20930232558139536,0,"[0.805434, 0.143469, 0.021454, 0.02028, 0.009364]"
Squirrel,client,99,1257,1,M0,attack_member,evaluation,1,1,0.6784844398498535,1,0.6344954967498779,False,5,0.0,1,"[0.064222, 0.44888, 0.229313, 0.131489, 0.126096]"
Squirrel,client,99,1265,1,M0,attack_member,evaluation,0,1,0.31790655851364136,0,0.7096081972122192,False,3,0.0,0,"[0.240943, 0.271612, 0.161064, 0.160149, 0.166231]"
Squirrel,client,99,1304,1,M0,attack_member,evaluation,0,1,0.48742151260375977,0,0.7096081972122192,False,1,0.0,1,"[0.422521, 0.166606, 0.125899, 0.148961, 0.136014]"
Squirrel,client,99,1309,1,M0,attack_member,evaluation,0,1,0.26305830478668213,0,0.7096081972122192,False,4,0.25,0,"[0.217532, 0.245524, 0.252352, 0.186711, 0.09788]"
Squirrel,client,99,1333,1,M0,attack_member,evaluation,4,1,0.2654719054698944,0,0.5929431915283203,False,3,0.0,0,"[0.448968, 0.126667, 0.046806, 0.169919, 0.207641]"
Squirrel,client,99,1349,1,M0,attack_member,evaluation,0,1,0.5819733142852783,0,0.7096081972122192,False,0,,1,"[0.574527, 0.167479, 0.117636, 0.076688, 0.06367]"
Squirrel,client,99,1407,1,M0,attack_member,evaluation,0,1,0.416137158870697,0,0.7096081972122192,False,24,0.20833333333333334,1,"[0.39602, 0.259444, 0.155923, 0.127014, 0.061599]"
Squirrel,client,99,1434,1,M0,attack_member,evaluation,0,1,0.2979588508605957,0,0.7096081972122192,False,2,0.5,0,"[0.279383, 0.349214, 0.21254, 0.045671, 0.113191]"
Squirrel,client,99,1471,1,M0,attack_member,evaluation,0,1,0.3701910972595215,0,0.7096081972122192,False,1,0.0,1,"[0.317158, 0.238913, 0.170275, 0.144148, 0.129506]"
Squirrel,client,99,1476,1,M0,attack_member,evaluation,0,1,0.6419457197189331,0,0.7096081972122192,False,2,0.5,1,"[0.614962, 0.148382, 0.052503, 0.090234, 0.093918]"
Squirrel,client,99,1481,1,M0,attack_member,evaluation,0,1,0.5299139022827148,0,0.7096081972122192,False,1,0.0,1,"[0.533546, 0.31793, 0.073377, 0.049128, 0.02602]"
Squirrel,client,99,1483,1,M0,attack_member,evaluation,2,1,0.38266992568969727,0,0.8680669665336609,False,1,0.0,0,"[0.111825, 0.089378, 0.197417, 0.302206, 0.299173]"
Squirrel,client,99,1525,1,M0,attack_member,evaluation,1,1,0.6495154500007629,1,0.6344954967498779,False,14,0.2857142857142857,1,"[0.154039, 0.452102, 0.134398, 0.200435, 0.059026]"
Squirrel,client,99,1580,1,M0,attack_member,evaluation,3,1,0.5068073272705078,0,0.6256242990493774,True,3,0.0,0,"[0.354089, 0.372987, 0.095812, 0.12709, 0.050021]"
Squirrel,client,99,1652,1,M0,attack_member,evaluation,0,1,0.4142109453678131,0,0.7096081972122192,False,14,0.21428571428571427,1,"[0.399829, 0.270368, 0.156193, 0.121383, 0.052226]"
Squirrel,client,99,1702,1,M0,attack_member,evaluation,2,1,0.5280691981315613,0,0.8680669665336609,False,2,0.0,0,"[0.254877, 0.285971, 0.213286, 0.117986, 0.12788]"
Squirrel,client,99,1758,1,M0,attack_member,evaluation,2,1,0.3883545398712158,0,0.8680669665336609,False,13,0.07692307692307693,0,"[0.401574, 0.254236, 0.156048, 0.132146, 0.055996]"
Squirrel,client,99,1786,1,M0,attack_member,evaluation,2,1,0.45958399772644043,0,0.8680669665336609,False,3,0.0,0,"[0.109989, 0.413401, 0.172934, 0.141572, 0.162103]"
Squirrel,client,99,1796,1,M0,attack_member,evaluation,2,1,0.5372768044471741,0,0.8680669665336609,False,2,0.5,0,"[0.318287, 0.156238, 0.246735, 0.167573, 0.111167]"
Squirrel,client,99,1798,1,M0,attack_member,evaluation,0,1,0.2924065887928009,0,0.7096081972122192,False,1,0.0,0,"[0.216293, 0.303772, 0.138992, 0.224459, 0.116484]"
Squirrel,client,99,1830,1,M0,attack_member,evaluation,0,1,0.609995424747467,0,0.7096081972122192,False,0,,1,"[0.578146, 0.168313, 0.06897, 0.085351, 0.099221]"
Squirrel,client,99,1832,1,M0,attack_member,evaluation,4,1,0.10124015808105469,0,0.5929431915283203,False,19,0.10526315789473684,0,"[0.871612, 0.056121, 0.028666, 0.030113, 0.013488]"
Squirrel,client,99,1862,1,M0,attack_member,evaluation,3,1,0.465610533952713,0,0.6256242990493774,True,9,0.2222222222222222,0,"[0.444497, 0.250619, 0.129641, 0.134636, 0.040606]"
Squirrel,client,99,1865,1,M0,attack_member,evaluation,3,1,0.6245172619819641,0,0.6256242990493774,True,4,0.0,0,"[0.016215, 0.796818, 0.031407, 0.125208, 0.030351]"
Squirrel,client,99,1914,1,M0,attack_member,evaluation,0,1,0.7436597347259521,1,0.7096081972122192,False,0,,1,"[0.804207, 0.052878, 0.05453, 0.035819, 0.052566]"
Squirrel,client,99,1950,1,M0,attack_member,evaluation,1,1,0.4374323785305023,0,0.6344954967498779,False,7,0.14285714285714285,0,"[0.533414, 0.255775, 0.094862, 0.086766, 0.029183]"
Squirrel,client,99,2013,1,M0,attack_member,evaluation,1,1,0.8656715154647827,1,0.6344954967498779,False,0,,1,"[0.003699, 0.869771, 0.026002, 0.014297, 0.086231]"
Squirrel,client,99,2018,1,M0,attack_member,evaluation,0,1,0.23466838896274567,0,0.7096081972122192,False,1,0.0,0,"[0.19497, 0.414485, 0.212634, 0.043042, 0.134868]"
Squirrel,client,99,2025,1,M0,attack_member,evaluation,3,1,0.5156575441360474,0,0.6256242990493774,True,0,,0,"[0.816907, 0.014658, 0.026288, 0.121646, 0.020502]"
Squirrel,client,99,2035,1,M0,attack_member,evaluation,1,1,0.7551895976066589,1,0.6344954967498779,False,0,,1,"[0.183274, 0.612233, 0.061597, 0.123611, 0.019285]"
Squirrel,client,99,2044,1,M0,attack_member,evaluation,3,1,0.43889278173446655,0,0.6256242990493774,True,1,1.0,0,"[0.504837, 0.156887, 0.142032, 0.150426, 0.045818]"
Squirrel,client,99,2057,1,M0,attack_member,evaluation,0,1,0.568075954914093,0,0.7096081972122192,False,0,,1,"[0.55632, 0.225318, 0.088876, 0.067466, 0.06202]"
Squirrel,client,99,2197,1,M0,attack_member,evaluation,0,1,0.5270251631736755,0,0.7096081972122192,False,0,,1,"[0.509436, 0.234161, 0.116405, 0.052127, 0.08787]"
Squirrel,client,99,5,2,M0,attack_member,evaluation,0,1,0.6600440144538879,0,0.7096081972122192,False,0,,1,"[0.692202, 0.183686, 0.067885, 0.034477, 0.021751]"
Squirrel,client,99,36,2,M0,attack_member,evaluation,0,1,0.5038586258888245,0,0.7096081972122192,False,13,0.5384615384615384,1,"[0.499194, 0.334989, 0.0741, 0.050564, 0.041153]"
Squirrel,client,99,67,2,M0,attack_member,evaluation,0,1,0.568075954914093,0,0.7096081972122192,False,0,,1,"[0.55632, 0.225318, 0.088876, 0.067466, 0.06202]"
Squirrel,client,99,68,2,M0,attack_member,evaluation,2,1,0.9483094811439514,1,0.8680669665336609,False,1,0.0,1,"[0.005459, 0.004229, 0.959491, 0.022476, 0.008346]"
Squirrel,client,99,141,2,M0,attack_member,evaluation,2,1,0.9446607232093811,1,0.8680669665336609,False,0,,1,"[0.034077, 0.012997, 0.931262, 0.020442, 0.001223]"
Squirrel,client,99,210,2,M0,attack_member,evaluation,3,1,0.6073060631752014,0,0.6256242990493774,True,3,0.3333333333333333,1,"[0.062942, 0.023159, 0.017957, 0.88543, 0.010511]"
Squirrel,client,99,214,2,M0,attack_member,evaluation,0,1,0.7938262224197388,1,0.7096081972122192,False,0,,1,"[0.920523, 0.012328, 0.025254, 0.029395, 0.0125]"
Squirrel,client,99,244,2,M0,attack_member,evaluation,0,1,0.7305222749710083,1,0.7096081972122192,False,0,,1,"[0.796928, 0.073556, 0.069909, 0.024477, 0.03513]"
Squirrel,client,99,255,2,M0,attack_member,evaluation,0,1,0.5253056883811951,0,0.7096081972122192,False,0,,1,"[0.493835, 0.234625, 0.098261, 0.077999, 0.09528]"
Squirrel,client,99,259,2,M0,attack_member,evaluation,0,1,0.4542243182659149,0,0.7096081972122192,False,1,0.0,1,"[0.413569, 0.287584, 0.08031, 0.158756, 0.059781]"
Squirrel,client,99,265,2,M0,attack_member,evaluation,0,1,0.7621293067932129,1,0.7096081972122192,False,0,,1,"[0.834376, 0.02636, 0.037217, 0.074367, 0.027679]"
Squirrel,client,99,329,2,M0,attack_member,evaluation,0,1,0.4973820447921753,0,0.7096081972122192,False,0,,1,"[0.479992, 0.246908, 0.118009, 0.094037, 0.061054]"
Squirrel,client,99,342,2,M0,attack_member,evaluation,0,1,0.6832379698753357,0,0.7096081972122192,False,0,,1,"[0.726204, 0.088463, 0.104503, 0.057962, 0.022867]"
Squirrel,client,99,351,2,M0,attack_member,evaluation,0,1,0.4148848354816437,0,0.7096081972122192,False,4,0.5,0,"[0.394719, 0.398554, 0.067551, 0.088413, 0.050764]"
Squirrel,client,99,406,2,M0,attack_member,evaluation,0,1,0.5132599472999573,0,0.7096081972122192,False,0,,1,"[0.492179, 0.267346, 0.093942, 0.075068, 0.071464]"
Squirrel,client,99,419,2,M0,attack_member,evaluation,0,1,0.5980295538902283,0,0.7096081972122192,False,0,,1,"[0.571236, 0.225664, 0.056031, 0.044616, 0.102454]"
Squirrel,client,99,443,2,M0,attack_member,evaluation,2,1,0.39446982741355896,0,0.8680669665336609,False,1,0.0,0,"[0.1159, 0.133619, 0.283554, 0.412094, 0.054833]"
Squirrel,client,99,456,2,M0,attack_member,evaluation,1,1,0.7361533641815186,1,0.6344954967498779,False,2,0.5,1,"[0.132398, 0.616803, 0.037886, 0.172071, 0.040842]"
Squirrel,client,99,483,2,M0,attack_member,evaluation,2,1,0.4395477771759033,0,0.8680669665336609,False,0,,0,"[0.409826, 0.265706, 0.175348, 0.099543, 0.049577]"
Squirrel,client,99,493,2,M0,attack_member,evaluation,1,1,0.902337372303009,1,0.6344954967498779,False,1,1.0,1,"[0.013244, 0.944946, 0.009138, 0.018251, 0.014422]"
Squirrel,client,99,537,2,M0,attack_member,evaluation,3,1,0.43670225143432617,0,0.6256242990493774,True,1,0.0,0,"[0.230067, 0.322783, 0.122787, 0.233224, 0.091139]"
Squirrel,client,99,553,2,M0,attack_member,evaluation,0,1,0.5827593207359314,0,0.7096081972122192,False,1,1.0,1,"[0.581684, 0.227599, 0.087238, 0.052026, 0.051453]"
Squirrel,client,99,560,2,M0,attack_member,evaluation,1,1,0.5334737300872803,0,0.6344954967498779,False,4,0.5,0,"[0.503829, 0.386647, 0.027767, 0.071895, 0.009862]"
Squirrel,client,99,564,2,M0,attack_member,evaluation,1,1,0.48897504806518555,0,0.6344954967498779,False,0,,0,"[0.400553, 0.346953, 0.060268, 0.132519, 0.059708]"
Squirrel,client,99,570,2,M0,attack_member,evaluation,1,1,0.6702051162719727,1,0.6344954967498779,False,0,,1,"[0.299097, 0.357959, 0.277606, 0.023361, 0.041978]"
Squirrel,client,99,577,2,M0,attack_member,evaluation,0,1,0.6401061415672302,0,0.7096081972122192,False,0,,1,"[0.659561, 0.175717, 0.084178, 0.042978, 0.037566]"
Squirrel,client,99,621,2,M0,attack_member,evaluation,1,1,0.7448399066925049,1,0.6344954967498779,False,0,,1,"[0.232269, 0.606677, 0.058848, 0.069768, 0.032438]"
Squirrel,client,99,622,2,M0,attack_member,evaluation,0,1,0.512687087059021,0,0.7096081972122192,False,0,,1,"[0.493285, 0.261097, 0.088498, 0.114347, 0.042773]"
Squirrel,client,99,686,2,M0,attack_member,evaluation,0,1,0.568075954914093,0,0.7096081972122192,False,0,,1,"[0.55632, 0.225318, 0.088876, 0.067466, 0.06202]"
Squirrel,client,99,39,3,M0,attack_member,evaluation,2,1,0.2701069414615631,0,0.8680669665336609,False,3,0.0,0,"[0.621865, 0.220872, 0.069502, 0.044661, 0.043099]"
Squirrel,client,99,48,3,M0,attack_member,evaluation,0,1,0.7722342610359192,1,0.7096081972122192,False,2,1.0,1,"[0.874663, 0.064891, 0.026, 0.016207, 0.018238]"
Squirrel,client,99,184,3,M0,attack_member,evaluation,0,1,0.39848417043685913,0,0.7096081972122192,False,2,0.0,1,"[0.353702, 0.202344, 0.187616, 0.130779, 0.125558]"
Squirrel,client,99,204,3,M0,attack_member,evaluation,0,1,0.39096009731292725,0,0.7096081972122192,False,2,0.5,1,"[0.413507, 0.266155, 0.230391, 0.054952, 0.034994]"
Squirrel,client,99,261,3,M0,attack_member,evaluation,4,1,0.9385732412338257,1,0.5929431915283203,False,0,,1,"[0.030545, 0.016862, 0.173085, 0.057398, 0.722109]"
Squirrel,client,99,319,3,M0,attack_member,evaluation,2,1,0.8337790966033936,0,0.8680669665336609,False,0,,1,"[0.209179, 0.159298, 0.467665, 0.05374, 0.110118]"
Squirrel,client,99,336,3,M0,attack_member,evaluation,0,1,0.6543172001838684,0,0.7096081972122192,False,0,,1,"[0.675685, 0.073906, 0.125126, 0.092978, 0.032304]"
Squirrel,client,99,337,3,M0,attack_member,evaluation,0,1,0.6236246228218079,0,0.7096081972122192,False,1,1.0,1,"[0.638705, 0.186791, 0.087875, 0.054211, 0.032418]"
Squirrel,client,99,350,3,M0,attack_member,evaluation,0,1,0.3483540713787079,0,0.7096081972122192,False,1,0.0,1,"[0.366193, 0.311919, 0.224808, 0.059628, 0.037453]"
Squirrel,client,99,411,3,M0,attack_member,evaluation,0,1,0.44145867228507996,0,0.7096081972122192,False,4,0.0,1,"[0.395387, 0.154587, 0.171911, 0.188244, 0.089871]"
Squirrel,client,99,433,3,M0,attack_member,evaluation,0,1,0.7874050140380859,1,0.7096081972122192,False,2,1.0,1,"[0.908506, 0.021068, 0.033452, 0.016741, 0.020233]"
Squirrel,client,99,500,3,M0,attack_member,evaluation,0,1,0.610313355922699,0,0.7096081972122192,False,0,,1,"[0.620083, 0.163436, 0.113807, 0.052136, 0.050539]"
Squirrel,client,99,534,3,M0,attack_member,evaluation,0,1,0.530348539352417,0,0.7096081972122192,False,0,,1,"[0.498594, 0.183788, 0.12171, 0.106189, 0.089719]"
Squirrel,client,99,669,3,M0,attack_member,evaluation,3,1,0.39660099148750305,0,0.6256242990493774,True,5,0.2,0,"[0.320821, 0.149923, 0.149827, 0.305872, 0.073556]"
Squirrel,client,99,688,3,M0,attack_member,evaluation,0,1,0.48991575837135315,0,0.7096081972122192,False,0,,1,"[0.409831, 0.250358, 0.060973, 0.116225, 0.162614]"
Squirrel,client,99,838,3,M0,attack_member,evaluation,0,1,0.5309252142906189,0,0.7096081972122192,False,0,,1,"[0.541789, 0.27446, 0.109644, 0.047814, 0.026293]"
Squirrel,client,99,918,3,M0,attack_member,evaluation,1,1,0.5973570942878723,0,0.6344954967498779,False,1,0.0,0,"[0.359374, 0.315635, 0.232404, 0.051086, 0.0415]"
Squirrel,client,99,923,3,M0,attack_member,evaluation,0,1,0.6237389445304871,0,0.7096081972122192,False,0,,1,"[0.614661, 0.201468, 0.058188, 0.05698, 0.068703]"
Squirrel,client,99,943,3,M0,attack_member,evaluation,2,1,0.5635151267051697,0,0.8680669665336609,False,0,,0,"[0.319949, 0.253228, 0.227483, 0.086326, 0.113014]"
Squirrel,client,99,958,3,M0,attack_member,evaluation,0,1,0.3317704498767853,0,0.7096081972122192,False,7,0.0,0,"[0.390013, 0.141872, 0.410291, 0.031498, 0.026326]"
Squirrel,client,99,1032,3,M0,attack_member,evaluation,1,1,0.639354944229126,1,0.6344954967498779,False,0,,1,"[0.231686, 0.380733, 0.226195, 0.087092, 0.074294]"
Squirrel,client,99,1047,3,M0,attack_member,evaluation,0,1,0.7632294297218323,1,0.7096081972122192,False,0,,1,"[0.842512, 0.060214, 0.030485, 0.019949, 0.046841]"
Squirrel,client,99,1124,3,M0,attack_member,evaluation,2,1,0.6585450768470764,0,0.8680669665336609,False,0,,1,"[0.275265, 0.132354, 0.356125, 0.184122, 0.052135]"
Squirrel,client,99,1155,3,M0,attack_member,evaluation,2,1,0.6070733070373535,0,0.8680669665336609,False,0,,0,"[0.489023, 0.0838, 0.258252, 0.065494, 0.103432]"
Squirrel,client,99,1189,3,M0,attack_member,evaluation,1,1,0.6266077160835266,0,0.6344954967498779,False,1,1.0,1,"[0.329551, 0.460589, 0.068832, 0.110898, 0.03013]"
Squirrel,client,99,1194,3,M0,attack_member,evaluation,0,1,0.6211794018745422,0,0.7096081972122192,False,0,,1,"[0.643812, 0.117348, 0.142564, 0.057868, 0.038408]"
Squirrel,client,99,1206,3,M0,attack_member,evaluation,1,1,0.77497798204422,1,0.6344954967498779,False,1,0.0,1,"[0.192626, 0.568155, 0.158577, 0.056824, 0.023819]"
Squirrel,client,99,1210,3,M0,attack_member,evaluation,2,1,0.5596806406974792,0,0.8680669665336609,False,1,1.0,0,"[0.213461, 0.49108, 0.229459, 0.044658, 0.021341]"
Squirrel,client,99,1215,3,M0,attack_member,evaluation,2,1,0.5016114711761475,0,0.8680669665336609,False,0,,0,"[0.192583, 0.511448, 0.19702, 0.070478, 0.028471]"
Squirrel,client,99,64,5,M0,attack_member,evaluation,0,1,0.23145438730716705,0,0.7096081972122192,False,98,0.09183673469387756,0,"[0.145802, 0.190526, 0.299351, 0.167917, 0.196405]"
Squirrel,client,99,111,5,M0,attack_member,evaluation,0,1,0.3140428960323334,0,0.7096081972122192,False,3,0.0,1,"[0.236672, 0.195162, 0.213497, 0.182201, 0.172468]"
Squirrel,client,99,295,5,M0,attack_member,evaluation,2,1,0.6493639945983887,0,0.8680669665336609,False,92,0.30434782608695654,1,"[0.143755, 0.190265, 0.301815, 0.16792, 0.196245]"
Squirrel,client,99,311,5,M0,attack_member,evaluation,1,1,0.4589727520942688,0,0.6344954967498779,False,143,0.2517482517482518,0,"[0.155139, 0.193996, 0.315806, 0.15857, 0.176488]"
Squirrel,client,99,334,5,M0,attack_member,evaluation,3,1,0.41326799988746643,0,0.6256242990493774,True,136,0.20588235294117646,0,"[0.142853, 0.181094, 0.314907, 0.172967, 0.18818]"
Squirrel,client,99,510,5,M0,attack_member,evaluation,0,1,0.4021427631378174,0,0.7096081972122192,False,5,0.0,1,"[0.374204, 0.258437, 0.172486, 0.087874, 0.106999]"
Squirrel,client,99,519,5,M0,attack_member,evaluation,4,1,0.3210361897945404,0,0.5929431915283203,False,125,0.128,0,"[0.132962, 0.178867, 0.321056, 0.174667, 0.192447]"
Squirrel,client,99,624,5,M0,attack_member,evaluation,2,1,0.6660149097442627,0,0.8680669665336609,False,116,0.27586206896551724,1,"[0.139202, 0.183669, 0.318015, 0.171377, 0.187737]"
Squirrel,client,99,637,5,M0,attack_member,evaluation,2,1,0.6731351613998413,0,0.8680669665336609,False,114,0.2807017543859649,1,"[0.132446, 0.179698, 0.324071, 0.173449, 0.190336]"
Squirrel,client,99,641,5,M0,attack_member,evaluation,1,1,0.4384639859199524,0,0.6344954967498779,False,75,0.18666666666666668,0,"[0.138108, 0.188851, 0.309984, 0.167374, 0.195684]"
Squirrel,client,99,661,5,M0,attack_member,evaluation,0,1,0.2888505756855011,0,0.7096081972122192,False,3,0.0,0,"[0.207493, 0.191572, 0.232676, 0.190312, 0.177948]"
Squirrel,client,99,742,5,M0,attack_member,evaluation,0,1,0.23426617681980133,0,0.7096081972122192,False,79,0.06329113924050633,0,"[0.159715, 0.19678, 0.303883, 0.160699, 0.178922]"
Squirrel,client,99,815,5,M0,attack_member,evaluation,1,1,0.44171658158302307,0,0.6344954967498779,False,74,0.1891891891891892,0,"[0.138261, 0.189007, 0.312114, 0.167568, 0.193051]"
Squirrel,client,99,946,5,M0,attack_member,evaluation,3,1,0.4105946123600006,0,0.6256242990493774,True,92,0.21739130434782608,0,"[0.129456, 0.173016, 0.325244, 0.179661, 0.192623]"
Squirrel,client,99,950,5,M0,attack_member,evaluation,1,1,0.42449936270713806,0,0.6344954967498779,False,82,0.21951219512195122,0,"[0.10852, 0.172927, 0.316592, 0.201487, 0.200474]"
Squirrel,client,99,1026,5,M0,attack_member,evaluation,0,1,0.20979295670986176,0,0.7096081972122192,False,88,0.10227272727272728,0,"[0.122009, 0.176321, 0.334477, 0.175104, 0.192089]"
Squirrel,client,99,1234,5,M0,attack_member,evaluation,1,1,0.44899317622184753,0,0.6344954967498779,False,73,0.1780821917808219,0,"[0.118755, 0.174717, 0.340068, 0.174812, 0.191648]"
Squirrel,client,99,1249,5,M0,attack_member,evaluation,2,1,0.6501636505126953,0,0.8680669665336609,False,66,0.2878787878787879,1,"[0.103704, 0.170516, 0.32045, 0.204358, 0.200971]"
Squirrel,client,99,1266,5,M0,attack_member,evaluation,0,1,0.2153821736574173,0,0.7096081972122192,False,50,0.02,0,"[0.129832, 0.185597, 0.32528, 0.164825, 0.194466]"
Squirrel,client,99,1277,5,M0,attack_member,evaluation,3,1,0.41918858885765076,0,0.6256242990493774,True,65,0.24615384615384617,0,"[0.117056, 0.174176, 0.34346, 0.173858, 0.19145]"
Squirrel,client,99,1317,5,M0,attack_member,evaluation,4,1,0.30644235014915466,0,0.5929431915283203,False,60,0.18333333333333332,0,"[0.102168, 0.170017, 0.318985, 0.206172, 0.202657]"
Squirrel,client,99,1459,5,M0,attack_member,evaluation,4,1,0.32421183586120605,0,0.5929431915283203,False,50,0.14,0,"[0.113433, 0.170788, 0.358171, 0.168932, 0.188676]"
Squirrel,client,99,1461,5,M0,attack_member,evaluation,3,1,0.4261512756347656,0,0.6256242990493774,True,49,0.24489795918367346,0,"[0.113203, 0.17024, 0.359597, 0.168435, 0.188525]"
Squirrel,client,99,1473,5,M0,attack_member,evaluation,2,1,0.7179803848266602,0,0.8680669665336609,False,48,0.3541666666666667,1,"[0.122026, 0.171962, 0.361329, 0.165832, 0.178852]"
Squirrel,client,99,1495,5,M0,attack_member,evaluation,2,1,0.7321094870567322,0,0.8680669665336609,False,45,0.3333333333333333,1,"[0.136256, 0.186844, 0.365883, 0.142668, 0.168349]"
Squirrel,client,99,1715,5,M0,attack_member,evaluation,2,1,0.7668405771255493,0,0.8680669665336609,False,17,0.35294117647058826,1,"[0.115728, 0.164802, 0.390425, 0.136369, 0.192677]"
Squirrel,client,99,1736,5,M0,attack_member,evaluation,2,1,0.7721174359321594,0,0.8680669665336609,False,18,0.2777777777777778,1,"[0.10563, 0.158075, 0.39974, 0.14312, 0.193436]"
Squirrel,client,99,1751,5,M0,attack_member,evaluation,0,1,0.3949867784976959,0,0.7096081972122192,False,1,0.0,1,"[0.431157, 0.122901, 0.354849, 0.019296, 0.071797]"
Squirrel,client,99,1883,5,M0,attack_member,evaluation,1,1,0.4458470940589905,0,0.6344954967498779,False,0,,0,"[0.529151, 0.25507, 0.124524, 0.03823, 0.053025]"
Squirrel,client,99,119,7,M0,attack_member,evaluation,1,1,0.3620394170284271,0,0.6344954967498779,False,26,0.07692307692307693,0,"[0.39816, 0.197885, 0.138283, 0.146914, 0.118758]"
Squirrel,client,99,121,7,M0,attack_member,evaluation,1,1,0.32319965958595276,0,0.6344954967498779,False,121,0.2396694214876033,0,"[0.625291, 0.172487, 0.070456, 0.074464, 0.057302]"
Squirrel,client,99,253,7,M0,attack_member,evaluation,0,1,0.6241771578788757,0,0.7096081972122192,False,114,0.4298245614035088,1,"[0.61768, 0.174027, 0.072784, 0.078229, 0.05728]"
Squirrel,client,99,256,7,M0,attack_member,evaluation,0,1,0.38287800550460815,0,0.7096081972122192,False,4,0.0,1,"[0.320835, 0.201577, 0.174913, 0.160401, 0.142273]"
Squirrel,client,99,257,7,M0,attack_member,evaluation,0,1,0.5169541835784912,0,0.7096081972122192,False,136,0.27941176470588236,1,"[0.479215, 0.194094, 0.116873, 0.116419, 0.093398]"
Squirrel,client,99,333,7,M0,attack_member,evaluation,0,1,0.6118028163909912,0,0.7096081972122192,False,114,0.39473684210526316,1,"[0.600569, 0.180178, 0.076823, 0.079839, 0.06259]"
Squirrel,client,99,355,7,M0,attack_member,evaluation,0,1,0.6276413798332214,0,0.7096081972122192,False,106,0.4056603773584906,1,"[0.620858, 0.168135, 0.072645, 0.079628, 0.058734]"
Squirrel,client,99,378,7,M0,attack_member,evaluation,1,1,0.3266000747680664,0,0.6344954967498779,False,108,0.24074074074074073,0,"[0.611123, 0.174304, 0.075457, 0.078724, 0.060391]"
Squirrel,client,99,598,7,M0,attack_member,evaluation,0,1,0.6198066473007202,0,0.7096081972122192,False,96,0.375,1,"[0.610148, 0.17138, 0.075392, 0.082563, 0.060517]"
Squirrel,client,99,626,7,M0,attack_member,evaluation,0,1,0.34296292066574097,0,0.7096081972122192,False,11,0.0,1,"[0.26707, 0.197235, 0.193212, 0.170181, 0.172302]"
Squirrel,client,99,656,7,M0,attack_member,evaluation,0,1,0.6283512711524963,0,0.7096081972122192,False,91,0.38461538461538464,1,"[0.62166, 0.166666, 0.072694, 0.080703, 0.058277]"
Squirrel,client,99,682,7,M0,attack_member,evaluation,1,1,0.3319220542907715,0,0.6344954967498779,False,95,0.2631578947368421,0,"[0.607658, 0.179315, 0.075589, 0.078214, 0.059224]"
Squirrel,client,99,757,7,M0,attack_member,evaluation,0,1,0.42754337191581726,0,0.7096081972122192,False,20,0.1,1,"[0.377158, 0.210697, 0.154824, 0.132703, 0.124618]"
Squirrel,client,99,764,7,M0,attack_member,evaluation,0,1,0.4275641143321991,0,0.7096081972122192,False,3,0.0,1,"[0.382519, 0.14177, 0.214659, 0.116436, 0.144618]"
Squirrel,client,99,960,7,M0,attack_member,evaluation,0,1,0.5949834585189819,0,0.7096081972122192,False,67,0.2835820895522388,1,"[0.575817, 0.177255, 0.085189, 0.092271, 0.069469]"
Squirrel,client,99,988,7,M0,attack_member,evaluation,0,1,0.3790750801563263,0,0.7096081972122192,False,7,0.2857142857142857,1,"[0.312338, 0.199309, 0.174573, 0.162451, 0.151329]"
Squirrel,client,99,1001,7,M0,attack_member,evaluation,3,1,0.5006545782089233,0,0.6256242990493774,True,74,0.10810810810810811,0,"[0.603223, 0.171641, 0.078081, 0.085715, 0.061339]"
Squirrel,client,99,1012,7,M0,attack_member,evaluation,0,1,0.4088980555534363,0,0.7096081972122192,False,4,0.25,1,"[0.350962, 0.201545, 0.162504, 0.151063, 0.133927]"
Squirrel,client,99,1190,7,M0,attack_member,evaluation,0,1,0.6090279221534729,0,0.7096081972122192,False,66,0.3181818181818182,1,"[0.595204, 0.174359, 0.079293, 0.087864, 0.063281]"
Squirrel,client,99,1201,7,M0,attack_member,evaluation,0,1,0.6156461238861084,0,0.7096081972122192,False,63,0.31746031746031744,1,"[0.603785, 0.170668, 0.077202, 0.086661, 0.061684]"
Squirrel,client,99,1390,7,M0,attack_member,evaluation,4,1,0.17004981637001038,0,0.5929431915283203,False,56,0.26785714285714285,0,"[0.559845, 0.177843, 0.096765, 0.091648, 0.073899]"
Squirrel,client,99,1413,7,M0,attack_member,evaluation,0,1,0.607557475566864,0,0.7096081972122192,False,46,0.2391304347826087,1,"[0.592147, 0.17157, 0.080287, 0.09186, 0.064136]"
Squirrel,client,99,1512,7,M0,attack_member,evaluation,0,1,0.5811300873756409,0,0.7096081972122192,False,44,0.18181818181818182,1,"[0.557982, 0.183319, 0.088417, 0.099354, 0.070929]"
Squirrel,client,99,1589,7,M0,attack_member,evaluation,1,1,0.3591615855693817,0,0.6344954967498779,False,39,0.2564102564102564,0,"[0.525739, 0.203841, 0.094206, 0.100077, 0.076138]"
Squirrel,client,99,1641,7,M0,attack_member,evaluation,1,1,0.40886759757995605,0,0.6344954967498779,False,10,0.1,0,"[0.291551, 0.236578, 0.175087, 0.142929, 0.153855]"
Squirrel,client,99,1940,7,M0,attack_member,evaluation,4,1,0.20286498963832855,0,0.5929431915283203,False,15,0.3333333333333333,0,"[0.470675, 0.225913, 0.104457, 0.105954, 0.093001]"
Squirrel,client,99,2130,7,M0,attack_member,evaluation,4,1,0.26009276509284973,0,0.5929431915283203,False,7,0.2857142857142857,0,"[0.38012, 0.257866, 0.121783, 0.113653, 0.126578]"
Squirrel,client,99,2157,7,M0,attack_member,evaluation,3,1,0.4341525733470917,0,0.6256242990493774,True,20,0.15,0,"[0.209923, 0.271799, 0.198556, 0.152452, 0.167269]"
Squirrel,client,99,1921,7,M0,attack_member,evaluation,1,1,0.385729044675827,0,0.6344954967498779,False,36,0.05555555555555555,0,"[0.167256, 0.19496, 0.238924, 0.192247, 0.206613]"
Squirrel,client,99,2014,7,M0,attack_member,evaluation,3,1,0.3976837396621704,0,0.6256242990493774,True,37,0.2972972972972973,0,"[0.154178, 0.205304, 0.235843, 0.197797, 0.206877]"
Squirrel,client,99,2127,7,M0,attack_member,evaluation,3,1,0.40737438201904297,0,0.6256242990493774,True,21,0.2857142857142857,0,"[0.134924, 0.232778, 0.246508, 0.18727, 0.198521]"
Squirrel,client,99,2198,7,M0,attack_member,evaluation,4,1,0.3725479543209076,0,0.5929431915283203,False,7,0.42857142857142855,0,"[0.183494, 0.250086, 0.209083, 0.151536, 0.205801]"
Squirrel,client,99,2218,7,M0,attack_member,evaluation,3,1,0.42982596158981323,0,0.6256242990493774,True,1,0.0,0,"[0.210295, 0.225989, 0.17963, 0.161485, 0.222602]"
Squirrel,client,99,574,0,M0,attack_nonmember,evaluation,1,0,0.6018838882446289,0,0.6344954967498779,False,13,0.0,0,"[0.13402, 0.076985, 0.629114, 0.028507, 0.131374]"
Squirrel,client,99,684,0,M0,attack_nonmember,evaluation,0,0,0.28928259015083313,0,0.7096081972122192,False,4,0.0,0,"[0.235456, 0.187045, 0.270399, 0.161743, 0.145358]"
Squirrel,client,99,715,0,M0,attack_nonmember,evaluation,2,0,0.438957542181015,0,0.8680669665336609,False,4,0.0,0,"[0.161568, 0.180842, 0.19076, 0.221529, 0.245302]"
Squirrel,client,99,737,0,M0,attack_nonmember,evaluation,4,0,0.2649557292461395,0,0.5929431915283203,False,10,0.3,0,"[0.057297, 0.197401, 0.339657, 0.229435, 0.176209]"
Squirrel,client,99,758,0,M0,attack_nonmember,evaluation,2,0,0.8164999485015869,0,0.8680669665336609,False,3,0.6666666666666666,1,"[0.289458, 0.121113, 0.47627, 0.067868, 0.045291]"
Squirrel,client,99,811,0,M0,attack_nonmember,evaluation,0,0,0.24272646009922028,0,0.7096081972122192,False,4,0.0,0,"[0.136375, 0.237901, 0.132891, 0.460767, 0.032067]"
Squirrel,client,99,825,0,M0,attack_nonmember,evaluation,2,0,0.03830226883292198,0,0.8680669665336609,False,4,0.25,0,"[0.085576, 0.00917, 0.096411, 0.785504, 0.023339]"
Squirrel,client,99,861,0,M0,attack_nonmember,evaluation,4,0,0.11160283535718918,0,0.5929431915283203,False,5,0.2,0,"[0.03927, 0.246109, 0.397909, 0.278979, 0.037734]"
Squirrel,client,99,868,0,M0,attack_nonmember,evaluation,0,0,0.30883336067199707,0,0.7096081972122192,False,3,0.3333333333333333,0,"[0.24537, 0.242641, 0.165541, 0.272099, 0.074349]"
Squirrel,client,99,889,0,M0,attack_nonmember,evaluation,0,0,0.2812904119491577,0,0.7096081972122192,False,2,0.5,0,"[0.27356, 0.162004, 0.353551, 0.119538, 0.091348]"
Squirrel,client,99,957,0,M0,attack_nonmember,evaluation,2,0,0.5576733350753784,0,0.8680669665336609,False,5,0.0,1,"[0.153589, 0.097391, 0.264374, 0.233859, 0.250787]"
Squirrel,client,99,1002,0,M0,attack_nonmember,evaluation,2,0,0.5436078906059265,0,0.8680669665336609,False,3,0.3333333333333333,0,"[0.040644, 0.588978, 0.211567, 0.071503, 0.087308]"
Squirrel,client,99,1016,0,M0,attack_nonmember,evaluation,3,0,0.39332541823387146,0,0.6256242990493774,True,15,0.13333333333333333,0,"[0.259863, 0.068776, 0.182301, 0.195003, 0.294057]"
Squirrel,client,99,1049,0,M0,attack_nonmember,evaluation,0,0,0.1083734929561615,0,0.7096081972122192,False,1,0.0,0,"[0.043061, 0.534121, 0.342711, 0.077722, 0.002386]"
Squirrel,client,99,1177,0,M0,attack_nonmember,evaluation,3,0,0.4391491115093231,0,0.6256242990493774,True,3,0.0,0,"[0.26659, 0.313182, 0.176286, 0.158011, 0.085931]"
Squirrel,client,99,1187,0,M0,attack_nonmember,evaluation,2,0,0.260827898979187,0,0.8680669665336609,False,1,1.0,0,"[0.419698, 0.228454, 0.019621, 0.047281, 0.284946]"
Squirrel,client,99,1198,0,M0,attack_nonmember,evaluation,2,0,0.4006160795688629,0,0.8680669665336609,False,0,,0,"[0.370705, 0.134335, 0.119314, 0.096989, 0.278657]"
Squirrel,client,99,1298,0,M0,attack_nonmember,evaluation,2,0,0.8201909065246582,0,0.8680669665336609,False,10,0.2,1,"[0.111923, 0.134693, 0.464364, 0.12786, 0.16116]"
Squirrel,client,99,1420,0,M0,attack_nonmember,evaluation,1,0,0.3283056914806366,0,0.6344954967498779,False,14,0.14285714285714285,0,"[0.041011, 0.248787, 0.17496, 0.19928, 0.335961]"
Squirrel,client,99,1431,0,M0,attack_nonmember,evaluation,3,0,0.41766393184661865,0,0.6256242990493774,True,2,0.5,0,"[0.414744, 0.166734, 0.191907, 0.143097, 0.083517]"
Squirrel,client,99,1448,0,M0,attack_nonmember,evaluation,0,0,0.17286454141139984,0,0.7096081972122192,False,3,0.0,0,"[0.085414, 0.660697, 0.079062, 0.038771, 0.136056]"
Squirrel,client,99,1460,0,M0,attack_nonmember,evaluation,2,0,0.27581217885017395,0,0.8680669665336609,False,2,0.0,0,"[0.029122, 0.411125, 0.181331, 0.364554, 0.013868]"
Squirrel,client,99,1486,0,M0,attack_nonmember,evaluation,1,0,0.6079855561256409,0,0.6344954967498779,False,0,,1,"[0.15281, 0.439161, 0.191914, 0.019325, 0.196791]"
Squirrel,client,99,1719,0,M0,attack_nonmember,evaluation,3,0,0.3739571273326874,0,0.6256242990493774,True,2,0.0,0,"[0.432832, 0.005633, 0.169054, 0.31007, 0.082411]"
Squirrel,client,99,1765,0,M0,attack_nonmember,evaluation,4,0,0.4020954668521881,0,0.5929431915283203,False,4,1.0,1,"[0.02243, 0.239362, 0.194211, 0.255759, 0.288238]"
Squirrel,client,99,1791,0,M0,attack_nonmember,evaluation,1,0,0.6205300092697144,0,0.6344954967498779,False,0,,0,"[0.006424, 0.101857, 0.531268, 0.3507, 0.009751]"
Squirrel,client,99,1823,0,M0,attack_nonmember,evaluation,4,0,0.06215595826506615,0,0.5929431915283203,False,3,0.3333333333333333,0,"[0.006899, 0.095726, 0.094532, 0.605179, 0.197664]"
Squirrel,client,99,1869,0,M0,attack_nonmember,evaluation,1,0,0.5017397999763489,0,0.6344954967498779,False,4,0.5,0,"[0.132189, 0.286096, 0.169545, 0.338244, 0.073926]"
Squirrel,client,99,1926,0,M0,attack_nonmember,evaluation,1,0,0.09964722394943237,0,0.6344954967498779,False,0,,0,"[0.0543, 0.16218, 0.033651, 0.070943, 0.678926]"
Squirrel,client,99,1971,0,M0,attack_nonmember,evaluation,0,0,0.36775702238082886,0,0.7096081972122192,False,0,,1,"[0.34306, 0.290478, 0.153409, 0.162965, 0.050088]"
Squirrel,client,99,2005,0,M0,attack_nonmember,evaluation,4,0,0.08889482170343399,0,0.5929431915283203,False,0,,0,"[0.151055, 0.08317, 0.330214, 0.343084, 0.092478]"
Squirrel,client,99,2024,0,M0,attack_nonmember,evaluation,2,0,0.5327149033546448,0,0.8680669665336609,False,2,0.0,0,"[0.02619, 0.631686, 0.240856, 0.097164, 0.004104]"
Squirrel,client,99,2045,0,M0,attack_nonmember,evaluation,3,0,0.5991762280464172,0,0.6256242990493774,True,0,,0,"[0.165301, 0.138571, 0.613548, 0.014194, 0.068387]"
Squirrel,client,99,2093,0,M0,attack_nonmember,evaluation,4,0,0.15551036596298218,0,0.5929431915283203,False,5,0.4,0,"[0.020656, 0.245027, 0.05479, 0.449563, 0.229964]"
Squirrel,client,99,2118,0,M0,attack_nonmember,evaluation,0,0,0.42129382491111755,0,0.7096081972122192,False,1,1.0,1,"[0.358112, 0.326573, 0.042087, 0.199949, 0.073279]"
Squirrel,client,99,2205,0,M0,attack_nonmember,evaluation,3,0,0.4903903901576996,0,0.6256242990493774,True,0,,1,"[0.205856, 0.268008, 0.021413, 0.394222, 0.1105]"
Squirrel,client,99,2216,0,M0,attack_nonmember,evaluation,4,0,0.5825563073158264,0,0.5929431915283203,False,0,,1,"[0.011648, 0.052821, 0.104064, 0.31837, 0.513097]"
Squirrel,client,99,2222,0,M0,attack_nonmember,evaluation,1,0,0.3661702871322632,0,0.6344954967498779,False,0,,0,"[0.580917, 0.070195, 0.273846, 0.018512, 0.05653]"
Squirrel,client,99,713,1,M0,attack_nonmember,evaluation,0,0,0.3045097589492798,0,0.7096081972122192,False,5,0.0,0,"[0.229124, 0.259594, 0.202718, 0.10181, 0.206753]"
Squirrel,client,99,724,1,M0,attack_nonmember,evaluation,0,0,0.4881654977798462,0,0.7096081972122192,False,1,0.0,1,"[0.477592, 0.345181, 0.076224, 0.041828, 0.059176]"
Squirrel,client,99,780,1,M0,attack_nonmember,evaluation,1,0,0.4026781916618347,0,0.6344954967498779,False,3,0.3333333333333333,0,"[0.381557, 0.232072, 0.146159, 0.123006, 0.117206]"
Squirrel,client,99,802,1,M0,attack_nonmember,evaluation,0,0,0.5465283393859863,0,0.7096081972122192,False,4,0.5,1,"[0.50504, 0.22606, 0.068902, 0.112804, 0.087193]"
Squirrel,client,99,836,1,M0,attack_nonmember,evaluation,0,0,0.3495078682899475,0,0.7096081972122192,False,5,0.0,1,"[0.276554, 0.18882, 0.196188, 0.17229, 0.166149]"
Squirrel,client,99,865,1,M0,attack_nonmember,evaluation,3,0,0.49209728837013245,0,0.6256242990493774,True,4,0.0,0,"[0.463121, 0.225457, 0.240535, 0.023856, 0.047031]"
Squirrel,client,99,1013,1,M0,attack_nonmember,evaluation,0,0,0.4027917683124542,0,0.7096081972122192,False,3,0.3333333333333333,1,"[0.353298, 0.209991, 0.163382, 0.166203, 0.107126]"
Squirrel,client,99,1055,1,M0,attack_nonmember,evaluation,0,0,0.46115079522132874,0,0.7096081972122192,False,2,0.0,1,"[0.426028, 0.253826, 0.12346, 0.097925, 0.098761]"
Squirrel,client,99,1081,1,M0,attack_nonmember,evaluation,0,0,0.42738452553749084,0,0.7096081972122192,False,0,,1,"[0.346113, 0.307187, 0.041053, 0.184436, 0.121212]"
Squirrel,client,99,1145,1,M0,attack_nonmember,evaluation,0,0,0.31127670407295227,0,0.7096081972122192,False,3,0.0,0,"[0.272101, 0.494748, 0.061915, 0.080407, 0.090828]"
Squirrel,client,99,1159,1,M0,attack_nonmember,evaluation,3,0,0.5633534789085388,0,0.6256242990493774,True,3,0.0,0,"[0.418649, 0.296655, 0.02376, 0.051633, 0.209303]"
Squirrel,client,99,1166,1,M0,attack_nonmember,evaluation,0,0,0.40001535415649414,0,0.7096081972122192,False,2,0.0,1,"[0.331469, 0.191609, 0.16783, 0.148045, 0.161048]"
Squirrel,client,99,1169,1,M0,attack_nonmember,evaluation,2,0,0.48686060309410095,0,0.8680669665336609,False,3,0.0,0,"[0.262132, 0.184952, 0.207763, 0.176474, 0.168679]"
Squirrel,client,99,1222,1,M0,attack_nonmember,evaluation,2,0,0.2835838198661804,0,0.8680669665336609,False,4,0.0,0,"[0.179117, 0.203201, 0.183403, 0.367481, 0.066798]"
Squirrel,client,99,1412,1,M0,attack_nonmember,evaluation,2,0,0.42018285393714905,0,0.8680669665336609,False,2,0.0,0,"[0.295058, 0.285183, 0.162265, 0.141568, 0.115925]"
Squirrel,client,99,1475,1,M0,attack_nonmember,evaluation,3,0,0.521786093711853,0,0.6256242990493774,True,5,0.2,0,"[0.795799, 0.053786, 0.027307, 0.08408, 0.039028]"
Squirrel,client,99,1494,1,M0,attack_nonmember,evaluation,1,0,0.5308644771575928,0,0.6344954967498779,False,0,,0,"[0.352285, 0.198317, 0.300571, 0.112858, 0.035969]"
Squirrel,client,99,1501,1,M0,attack_nonmember,evaluation,3,0,0.5513930916786194,0,0.6256242990493774,True,30,0.13333333333333333,0,"[0.557605, 0.299213, 0.061815, 0.054547, 0.026821]"
Squirrel,client,99,1594,1,M0,attack_nonmember,evaluation,1,0,0.34614789485931396,0,0.6344954967498779,False,1,0.0,0,"[0.278714, 0.100278, 0.274421, 0.194894, 0.151693]"
Squirrel,client,99,1653,1,M0,attack_nonmember,evaluation,0,0,0.46388402581214905,0,0.7096081972122192,False,1,0.0,1,"[0.422509, 0.206491, 0.143461, 0.119813, 0.107726]"
Squirrel,client,99,1717,1,M0,attack_nonmember,evaluation,3,0,0.444338858127594,0,0.6256242990493774,True,12,0.25,0,"[0.144841, 0.370244, 0.118825, 0.209173, 0.156917]"
Squirrel,client,99,1856,1,M0,attack_nonmember,evaluation,1,0,0.3532639741897583,0,0.6344954967498779,False,0,,0,"[0.339186, 0.124305, 0.223892, 0.198507, 0.11411]"
Squirrel,client,99,1877,1,M0,attack_nonmember,evaluation,0,0,0.3003573715686798,0,0.7096081972122192,False,1,0.0,0,"[0.213853, 0.281392, 0.121459, 0.277007, 0.106289]"
Squirrel,client,99,6,2,M0,attack_nonmember,evaluation,0,0,0.34502625465393066,0,0.7096081972122192,False,0,,0,"[0.294065, 0.455149, 0.062486, 0.051438, 0.136862]"
Squirrel,client,99,91,2,M0,attack_nonmember,evaluation,0,0,0.4211258292198181,0,0.7096081972122192,False,8,0.375,1,"[0.396897, 0.330045, 0.108748, 0.090735, 0.073575]"
Squirrel,client,99,112,2,M0,attack_nonmember,evaluation,1,0,0.7748779058456421,1,0.6344954967498779,False,2,0.0,1,"[0.161228, 0.515265, 0.235636, 0.053535, 0.034337]"
Squirrel,client,99,147,2,M0,attack_nonmember,evaluation,0,0,0.5273346304893494,0,0.7096081972122192,False,0,,1,"[0.513603, 0.258437, 0.099643, 0.060804, 0.067512]"
Squirrel,client,99,165,2,M0,attack_nonmember,evaluation,0,0,0.5214524865150452,0,0.7096081972122192,False,1,0.0,1,"[0.49012, 0.065801, 0.181733, 0.21091, 0.051436]"
Squirrel,client,99,386,2,M0,attack_nonmember,evaluation,3,0,0.5079284906387329,0,0.6256242990493774,True,3,0.0,0,"[0.130574, 0.469035, 0.049348, 0.320603, 0.03044]"
Squirrel,client,99,402,2,M0,attack_nonmember,evaluation,1,0,0.9007220268249512,1,0.6344954967498779,False,2,1.0,1,"[0.013722, 0.940409, 0.008495, 0.022888, 0.014486]"
Squirrel,client,99,448,2,M0,attack_nonmember,evaluation,4,0,0.22741110622882843,0,0.5929431915283203,False,1,0.0,0,"[0.116612, 0.444863, 0.177517, 0.184973, 0.076035]"
Squirrel,client,99,464,2,M0,attack_nonmember,evaluation,3,0,0.5771622061729431,0,0.6256242990493774,True,0,,1,"[0.048484, 0.04552, 0.042921, 0.8453, 0.017774]"
Squirrel,client,99,481,2,M0,attack_nonmember,evaluation,0,0,0.6185857653617859,0,0.7096081972122192,False,0,,1,"[0.584146, 0.150772, 0.069345, 0.089811, 0.105926]"
Squirrel,client,99,514,2,M0,attack_nonmember,evaluation,1,0,0.8559560179710388,1,0.6344954967498779,False,0,,1,"[0.04063, 0.747275, 0.13466, 0.0187, 0.058735]"
Squirrel,client,99,551,2,M0,attack_nonmember,evaluation,2,0,0.3453008234500885,0,0.8680669665336609,False,1,0.0,0,"[0.172159, 0.500679, 0.108626, 0.131262, 0.087274]"
Squirrel,client,99,22,3,M0,attack_nonmember,evaluation,0,0,0.4325961768627167,0,0.7096081972122192,False,0,,1,"[0.398051, 0.253129, 0.138564, 0.118775, 0.091481]"
Squirrel,client,99,73,3,M0,attack_nonmember,evaluation,1,0,0.47009167075157166,0,0.6344954967498779,False,4,0.5,1,"[0.247954, 0.288555, 0.190872, 0.110043, 0.162576]"
Squirrel,client,99,127,3,M0,attack_nonmember,evaluation,1,0,0.5613699555397034,0,0.6344954967498779,False,1,0.0,0,"[0.368771, 0.284937, 0.231951, 0.065026, 0.049314]"
Squirrel,client,99,203,3,M0,attack_nonmember,evaluation,2,0,0.23097731173038483,0,0.8680669665336609,False,0,,0,"[0.547545, 0.128265, 0.065985, 0.144348, 0.113858]"
Squirrel,client,99,498,3,M0,attack_nonmember,evaluation,3,0,0.48228612542152405,0,0.6256242990493774,True,12,0.08333333333333333,0,"[0.438986, 0.214635, 0.289849, 0.026722, 0.029809]"
Squirrel,client,99,596,3,M0,attack_nonmember,evaluation,0,0,0.31467604637145996,0,0.7096081972122192,False,3,0.0,0,"[0.313517, 0.368824, 0.195335, 0.055599, 0.066725]"
Squirrel,client,99,705,3,M0,attack_nonmember,evaluation,3,0,0.46411028504371643,0,0.6256242990493774,True,3,0.3333333333333333,1,"[0.067749, 0.391328, 0.100686, 0.415776, 0.024461]"
Squirrel,client,99,743,3,M0,attack_nonmember,evaluation,1,0,0.4478973150253296,0,0.6344954967498779,False,0,,1,"[0.239538, 0.298992, 0.145004, 0.156996, 0.159471]"
Squirrel,client,99,801,3,M0,attack_nonmember,evaluation,1,0,0.38409221172332764,0,0.6344954967498779,False,0,,0,"[0.55632, 0.225318, 0.088876, 0.067466, 0.06202]"
Squirrel,client,99,1074,3,M0,attack_nonmember,evaluation,2,0,0.22428104281425476,0,0.8680669665336609,False,0,,0,"[0.703131, 0.161878, 0.047813, 0.045928, 0.04125]"
Squirrel,client,99,1148,3,M0,attack_nonmember,evaluation,0,0,0.6223264932632446,0,0.7096081972122192,False,2,1.0,1,"[0.644843, 0.147471, 0.122625, 0.050997, 0.034064]"
Squirrel,client,99,1170,3,M0,attack_nonmember,evaluation,2,0,0.480922669172287,0,0.8680669665336609,False,3,0.6666666666666666,0,"[0.249325, 0.511614, 0.171228, 0.03965, 0.028183]"
Squirrel,client,99,46,5,M0,attack_nonmember,evaluation,1,0,0.39088642597198486,0,0.6344954967498779,False,4,0.5,0,"[0.283986, 0.215043, 0.18292, 0.160641, 0.15741]"
Squirrel,client,99,178,5,M0,attack_nonmember,evaluation,0,0,0.2244269698858261,0,0.7096081972122192,False,146,0.15753424657534246,0,"[0.138838, 0.180304, 0.313831, 0.174422, 0.192606]"
Squirrel,client,99,273,5,M0,attack_nonmember,evaluation,3,0,0.4133877754211426,0,0.6256242990493774,True,141,0.20567375886524822,0,"[0.137422, 0.180017, 0.315432, 0.174589, 0.192539]"
Squirrel,client,99,747,5,M0,attack_nonmember,evaluation,3,0,0.420225590467453,0,0.6256242990493774,True,74,0.28378378378378377,0,"[0.137798, 0.188674, 0.310431, 0.167403, 0.195693]"
Squirrel,client,99,1030,5,M0,attack_nonmember,evaluation,2,0,0.5075214505195618,0,0.8680669665336609,False,19,0.3157894736842105,1,"[0.195126, 0.19957, 0.225816, 0.19689, 0.182597]"
Squirrel,client,99,1273,5,M0,attack_nonmember,evaluation,1,0,0.47800934314727783,0,0.6344954967498779,False,67,0.1791044776119403,0,"[0.137815, 0.190817, 0.343463, 0.153193, 0.174712]"
Squirrel,client,99,1506,5,M0,attack_nonmember,evaluation,4,0,0.3258155584335327,0,0.5929431915283203,False,43,0.13953488372093023,0,"[0.111613, 0.166786, 0.367364, 0.166113, 0.188124]"
Squirrel,client,99,1524,5,M0,attack_nonmember,evaluation,3,0,0.43847569823265076,0,0.6256242990493774,True,30,0.3,0,"[0.123492, 0.176133, 0.355528, 0.15386, 0.190987]"
Squirrel,client,99,1575,5,M0,attack_nonmember,evaluation,3,0,0.4334254264831543,0,0.6256242990493774,True,39,0.20512820512820512,0,"[0.109928, 0.164744, 0.374348, 0.163381, 0.1876]"
Squirrel,client,99,1689,5,M0,attack_nonmember,evaluation,1,0,0.47971007227897644,0,0.6344954967498779,False,27,0.2962962962962963,0,"[0.105965, 0.160721, 0.394777, 0.152712, 0.185825]"
Squirrel,client,99,1735,5,M0,attack_nonmember,evaluation,3,0,0.4742327630519867,0,0.6256242990493774,True,20,0.15,0,"[0.142052, 0.186443, 0.394343, 0.114941, 0.162221]"
Squirrel,client,99,1840,5,M0,attack_nonmember,evaluation,1,0,0.4891943335533142,0,0.6344954967498779,False,7,0.14285714285714285,0,"[0.102704, 0.135358, 0.457645, 0.096615, 0.207678]"
Squirrel,client,99,94,7,M0,attack_nonmember,evaluation,0,0,0.38645991683006287,0,0.7096081972122192,False,9,0.1111111111111111,1,"[0.318298, 0.192572, 0.172312, 0.16388, 0.152937]"
Squirrel,client,99,166,7,M0,attack_nonmember,evaluation,0,0,0.6126642823219299,0,0.7096081972122192,False,119,0.4369747899159664,1,"[0.601252, 0.177701, 0.077054, 0.081607, 0.062387]"
Squirrel,client,99,185,7,M0,attack_nonmember,evaluation,0,0,0.41009190678596497,0,0.7096081972122192,False,12,0.08333333333333333,1,"[0.352927, 0.205604, 0.160685, 0.146884, 0.1339]"
Squirrel,client,99,779,7,M0,attack_nonmember,evaluation,0,0,0.6277739405632019,0,0.7096081972122192,False,82,0.36585365853658536,1,"[0.620547, 0.165783, 0.073185, 0.081797, 0.058688]"
Squirrel,client,99,937,7,M0,attack_nonmember,evaluation,0,0,0.601025402545929,0,0.7096081972122192,False,82,0.3048780487804878,1,"[0.588143, 0.188632, 0.07966, 0.081422, 0.062144]"
Squirrel,client,99,982,7,M0,attack_nonmember,evaluation,3,0,0.4617499113082886,0,0.6256242990493774,True,110,0.2,0,"[0.473515, 0.192841, 0.120348, 0.11993, 0.093366]"
Squirrel,client,99,1296,7,M0,attack_nonmember,evaluation,0,0,0.5824786424636841,0,0.7096081972122192,False,57,0.21052631578947367,1,"[0.562006, 0.189835, 0.087119, 0.091247, 0.069793]"
Squirrel,client,99,1464,7,M0,attack_nonmember,evaluation,1,0,0.33708012104034424,0,0.6344954967498779,False,45,0.3111111111111111,0,"[0.560776, 0.182334, 0.087711, 0.098685, 0.070494]"
Squirrel,client,99,1571,7,M0,attack_nonmember,evaluation,1,0,0.33549144864082336,0,0.6344954967498779,False,37,0.2972972972972973,0,"[0.572562, 0.181924, 0.083217, 0.095369, 0.066929]"
Squirrel,client,99,1847,7,M0,attack_nonmember,evaluation,1,0,0.3538387715816498,0,0.6344954967498779,False,20,0.2,0,"[0.529821, 0.19862, 0.094267, 0.100544, 0.076748]"
Squirrel,client,99,1911,7,M0,attack_nonmember,evaluation,0,0,0.3338170647621155,0,0.7096081972122192,False,1,0.0,1,"[0.27287, 0.2377, 0.192414, 0.145061, 0.151955]"
Squirrel,client,99,2052,7,M0,attack_nonmember,evaluation,2,0,0.43211424350738525,0,0.8680669665336609,False,4,0.25,0,"[0.272741, 0.201427, 0.176536, 0.177535, 0.171762]"
Squirrel,client,99,2204,7,M0,attack_nonmember,evaluation,2,0,0.40878722071647644,0,0.8680669665336609,False,1,0.0,0,"[0.306904, 0.234037, 0.146189, 0.137187, 0.175683]"
Squirrel,client,99,2146,7,M0,attack_nonmember,evaluation,4,0,0.33203551173210144,0,0.5929431915283203,False,19,0.3157894736842105,0,"[0.133359, 0.235253, 0.247469, 0.185331, 0.198587]"
Squirrel,client,99,8,4,M0,F,evaluation,3,1,0.60509192943573,0,0.6256242990493774,True,0,,1,"[0.141949, 0.022586, 0.004185, 0.814364, 0.016916]"
Squirrel,client,99,9,4,M0,F,evaluation,2,1,0.9425005316734314,1,0.8680669665336609,False,3,0.0,1,"[0.020666, 0.061241, 0.906672, 0.002725, 0.008696]"
Squirrel,client,99,17,4,M0,F,evaluation,0,1,0.7700033187866211,1,0.7096081972122192,False,1,0.0,1,"[0.844073, 0.014144, 0.044671, 0.0123, 0.084813]"
Squirrel,client,99,20,4,M0,F,evaluation,1,1,0.8707453012466431,1,0.6344954967498779,False,0,,1,"[0.106411, 0.822935, 0.042599, 0.024894, 0.003162]"
Squirrel,client,99,24,4,M0,F,evaluation,0,1,0.4982241988182068,0,0.7096081972122192,False,0,,1,"[0.491741, 0.262126, 0.126177, 0.059276, 0.06068]"
Squirrel,client,99,27,4,M0,F,evaluation,4,1,0.6802790760993958,1,0.5929431915283203,False,1,0.0,0,"[0.420028, 0.065406, 0.096122, 0.032495, 0.385949]"
Squirrel,client,99,37,4,M0,F,evaluation,0,1,0.3874273896217346,0,0.7096081972122192,False,1,0.0,0,"[0.289124, 0.105911, 0.135401, 0.391051, 0.078512]"
Squirrel,client,99,53,4,M0,F,evaluation,0,1,0.7104266881942749,1,0.7096081972122192,False,2,0.5,1,"[0.773627, 0.148136, 0.052096, 0.016583, 0.009559]"
Squirrel,client,99,56,4,M0,F,evaluation,1,1,0.7980559468269348,1,0.6344954967498779,False,1,0.0,0,"[0.044122, 0.258413, 0.604781, 0.087885, 0.004799]"
Squirrel,client,99,60,4,M0,F,evaluation,4,1,0.5243192911148071,0,0.5929431915283203,False,9,0.1111111111111111,0,"[0.09889, 0.06008, 0.446325, 0.106327, 0.288377]"
Squirrel,client,99,66,4,M0,F,evaluation,0,1,0.5250206589698792,0,0.7096081972122192,False,2,0.0,1,"[0.515898, 0.031226, 0.220953, 0.213652, 0.018271]"
Squirrel,client,99,74,4,M0,F,evaluation,0,1,0.5345816612243652,0,0.7096081972122192,False,1,0.0,1,"[0.434487, 0.041288, 0.091343, 0.345929, 0.086953]"
Squirrel,client,99,75,4,M0,F,evaluation,3,1,0.42172345519065857,0,0.6256242990493774,True,1,0.0,1,"[0.103496, 0.175398, 0.123134, 0.515212, 0.08276]"
Squirrel,client,99,83,4,M0,F,evaluation,0,1,0.571716845035553,0,0.7096081972122192,False,0,,1,"[0.54221, 0.168525, 0.105681, 0.086021, 0.097563]"
Squirrel,client,99,87,4,M0,F,evaluation,0,1,0.18480293452739716,0,0.7096081972122192,False,2,0.5,0,"[0.098262, 0.147224, 0.444065, 0.038996, 0.271454]"
Squirrel,client,99,105,4,M0,F,evaluation,0,1,0.45865821838378906,0,0.7096081972122192,False,0,,1,"[0.4335, 0.141753, 0.208675, 0.117114, 0.098958]"
Squirrel,client,99,115,4,M0,F,evaluation,0,1,0.7567253112792969,1,0.7096081972122192,False,0,,1,"[0.844455, 0.052223, 0.051403, 0.029575, 0.022344]"
Squirrel,client,99,118,4,M0,F,evaluation,3,1,0.6353685259819031,1,0.6256242990493774,True,0,,1,"[0.00467, 0.001411, 0.001825, 0.986428, 0.005667]"
Squirrel,client,99,123,4,M0,F,evaluation,0,1,0.4501168429851532,0,0.7096081972122192,False,0,,1,"[0.443341, 0.358839, 0.092661, 0.057428, 0.047732]"
Squirrel,client,99,128,4,M0,F,evaluation,1,1,0.47372108697891235,0,0.6344954967498779,False,0,,0,"[0.370808, 0.234522, 0.20702, 0.110847, 0.076803]"
Squirrel,client,99,133,4,M0,F,evaluation,2,1,0.893412172794342,1,0.8680669665336609,False,1,0.0,1,"[0.004853, 0.237887, 0.705114, 0.040567, 0.011578]"
Squirrel,client,99,138,4,M0,F,evaluation,2,1,0.6738629937171936,0,0.8680669665336609,False,0,,0,"[0.388957, 0.148067, 0.327784, 0.086916, 0.048276]"
Squirrel,client,99,148,4,M0,F,evaluation,4,1,0.5624510049819946,0,0.5929431915283203,False,2,0.0,0,"[0.117222, 0.17116, 0.420922, 0.044292, 0.246404]"
Squirrel,client,99,149,4,M0,F,evaluation,1,1,0.38409221172332764,0,0.6344954967498779,False,0,,0,"[0.55632, 0.225318, 0.088876, 0.067466, 0.06202]"
Squirrel,client,99,154,4,M0,F,evaluation,2,1,0.924674391746521,1,0.8680669665336609,False,0,,1,"[0.060601, 0.031052, 0.810027, 0.075708, 0.022612]"
Squirrel,client,99,156,4,M0,F,evaluation,0,1,0.76314777135849,1,0.7096081972122192,False,1,1.0,1,"[0.84775, 0.069261, 0.025746, 0.032034, 0.025209]"
Squirrel,client,99,163,4,M0,F,evaluation,3,1,0.6092664003372192,0,0.6256242990493774,True,0,,1,"[0.005706, 0.009841, 0.025969, 0.947442, 0.011041]"
Squirrel,client,99,164,4,M0,F,evaluation,2,1,0.8460717797279358,0,0.8680669665336609,False,0,,1,"[0.303502, 0.078897, 0.540108, 0.062729, 0.014764]"
Squirrel,client,99,171,4,M0,F,evaluation,2,1,0.7553649544715881,0,0.8680669665336609,False,0,,1,"[0.066691, 0.168967, 0.501705, 0.233591, 0.029045]"
Squirrel,client,99,175,4,M0,F,evaluation,0,1,0.6789018511772156,0,0.7096081972122192,False,2,0.5,1,"[0.699618, 0.09474, 0.083759, 0.081278, 0.040605]"
Squirrel,client,99,176,4,M0,F,evaluation,3,1,0.6382442712783813,1,0.6256242990493774,True,0,,1,"[0.002748, 0.000787, 0.001193, 0.993503, 0.00177]"
Squirrel,client,99,191,4,M0,F,evaluation,2,1,0.8971850872039795,1,0.8680669665336609,False,0,,1,"[0.140271, 0.129893, 0.580456, 0.020019, 0.129361]"
Squirrel,client,99,196,4,M0,F,evaluation,3,1,0.6397788524627686,1,0.6256242990493774,True,0,,1,"[0.000162, 0.000329, 0.000473, 0.998322, 0.000715]"
Squirrel,client,99,213,4,M0,F,evaluation,1,1,0.8761157989501953,1,0.6344954967498779,False,0,,1,"[0.027757, 0.874621, 0.01509, 0.051301, 0.031231]"
Squirrel,client,99,215,4,M0,F,evaluation,0,1,0.7565581798553467,1,0.7096081972122192,False,0,,1,"[0.831659, 0.065596, 0.036051, 0.023344, 0.043351]"
Squirrel,client,99,238,4,M0,F,evaluation,0,1,0.5920924544334412,0,0.7096081972122192,False,0,,1,"[0.633206, 0.078204, 0.217052, 0.042996, 0.028542]"
Squirrel,client,99,242,4,M0,F,evaluation,0,1,0.7317385673522949,1,0.7096081972122192,False,0,,1,"[0.817609, 0.061268, 0.09064, 0.018663, 0.01182]"
Squirrel,client,99,248,4,M0,F,evaluation,1,1,0.877738356590271,1,0.6344954967498779,False,1,0.0,1,"[0.073185, 0.838367, 0.051722, 0.024496, 0.01223]"
Squirrel,client,99,250,4,M0,F,evaluation,0,1,0.5267787575721741,0,0.7096081972122192,False,0,,1,"[0.530928, 0.179831, 0.158837, 0.100267, 0.030137]"
Squirrel,client,99,254,4,M0,F,evaluation,0,1,0.4074583351612091,0,0.7096081972122192,False,1,0.0,1,"[0.383092, 0.236581, 0.183596, 0.100611, 0.096121]"
Squirrel,client,99,260,4,M0,F,evaluation,2,1,0.3734439015388489,0,0.8680669665336609,False,1,1.0,0,"[0.410519, 0.228349, 0.12683, 0.108234, 0.126068]"
Squirrel,client,99,262,4,M0,F,evaluation,2,1,0.9429663419723511,1,0.8680669665336609,False,1,0.0,1,"[0.002791, 0.00587, 0.939141, 0.048798, 0.0034]"
Squirrel,client,99,264,4,M0,F,evaluation,2,1,0.9027100205421448,1,0.8680669665336609,False,0,,1,"[0.101841, 0.099907, 0.651907, 0.059102, 0.087243]"
Squirrel,client,99,275,4,M0,F,evaluation,0,1,0.6090838313102722,0,0.7096081972122192,False,0,,1,"[0.588049, 0.197859, 0.06419, 0.063034, 0.086868]"
Squirrel,client,99,277,4,M0,F,evaluation,0,1,0.6673339009284973,0,0.7096081972122192,False,0,,1,"[0.686034, 0.165683, 0.060819, 0.03576, 0.051704]"
Squirrel,client,99,280,4,M0,F,evaluation,0,1,0.5342860817909241,0,0.7096081972122192,False,0,,1,"[0.445417, 0.195035, 0.049747, 0.150924, 0.158878]"
Squirrel,client,99,282,4,M0,F,evaluation,1,1,0.7572516798973083,1,0.6344954967498779,False,0,,1,"[0.077436, 0.59017, 0.12729, 0.140252, 0.064853]"
Squirrel,client,99,287,4,M0,F,evaluation,1,1,0.8898126482963562,1,0.6344954967498779,False,0,,1,"[0.040707, 0.886729, 0.033527, 0.025232, 0.013805]"
Squirrel,client,99,292,4,M0,F,evaluation,1,1,0.8233047127723694,1,0.6344954967498779,False,0,,0,"[0.005254, 0.240229, 0.692352, 0.047665, 0.014499]"
Squirrel,client,99,294,4,M0,F,evaluation,0,1,0.7374820709228516,1,0.7096081972122192,False,0,,1,"[0.796367, 0.093017, 0.036274, 0.043057, 0.031285]"
Squirrel,client,99,296,4,M0,F,evaluation,0,1,0.6388350129127502,0,0.7096081972122192,False,1,0.0,1,"[0.658513, 0.08669, 0.138417, 0.071637, 0.044744]"
Squirrel,client,99,300,4,M0,F,evaluation,4,1,0.9797318577766418,1,0.5929431915283203,False,0,,1,"[0.003127, 0.002168, 0.003396, 0.025153, 0.966156]"
Squirrel,client,99,303,4,M0,F,evaluation,1,1,0.8465204834938049,1,0.6344954967498779,False,0,,1,"[0.029782, 0.728944, 0.127838, 0.063306, 0.05013]"
Squirrel,client,99,313,4,M0,F,evaluation,3,1,0.5382516384124756,0,0.6256242990493774,True,0,,1,"[0.081776, 0.152529, 0.052845, 0.684622, 0.028229]"
Squirrel,client,99,316,4,M0,F,evaluation,0,1,0.6298096776008606,0,0.7096081972122192,False,0,,1,"[0.631943, 0.16415, 0.076709, 0.091928, 0.03527]"
Squirrel,client,99,321,4,M0,F,evaluation,1,1,0.769872784614563,1,0.6344954967498779,False,0,,1,"[0.223875, 0.642269, 0.049681, 0.062941, 0.021234]"
Squirrel,client,99,323,4,M0,F,evaluation,2,1,0.7940955758094788,0,0.8680669665336609,False,0,,1,"[0.099109, 0.271117, 0.505462, 0.113536, 0.010776]"
Squirrel,client,99,331,4,M0,F,evaluation,1,1,0.38409221172332764,0,0.6344954967498779,False,0,,0,"[0.55632, 0.225318, 0.088876, 0.067466, 0.06202]"
Squirrel,client,99,343,4,M0,F,evaluation,1,1,0.5268440246582031,0,0.6344954967498779,False,0,,0,"[0.321698, 0.289832, 0.16579, 0.193391, 0.029289]"
Squirrel,client,99,347,4,M0,F,evaluation,0,1,0.6094985604286194,0,0.7096081972122192,False,0,,1,"[0.530668, 0.056192, 0.127132, 0.02079, 0.265218]"
Squirrel,client,99,362,4,M0,F,evaluation,1,1,0.7657340168952942,1,0.6344954967498779,False,0,,1,"[0.146164, 0.575771, 0.153846, 0.068804, 0.055415]"
Squirrel,client,99,364,4,M0,F,evaluation,1,1,0.38409221172332764,0,0.6344954967498779,False,0,,0,"[0.55632, 0.225318, 0.088876, 0.067466, 0.06202]"
Squirrel,client,99,377,4,M0,F,evaluation,0,1,0.7152040004730225,1,0.7096081972122192,False,2,0.0,1,"[0.784948, 0.122311, 0.068607, 0.007674, 0.01646]"
Squirrel,client,99,380,4,M0,F,evaluation,1,1,0.7833145260810852,1,0.6344954967498779,False,0,,1,"[0.171661, 0.521994, 0.235794, 0.046229, 0.024322]"
Squirrel,client,99,384,4,M0,F,evaluation,1,1,0.7607907652854919,1,0.6344954967498779,False,0,,1,"[0.134025, 0.510953, 0.209544, 0.120455, 0.025023]"
Squirrel,client,99,385,4,M0,F,evaluation,2,1,0.5922232866287231,0,0.8680669665336609,False,0,,0,"[0.211221, 0.475812, 0.25035, 0.03855, 0.024067]"
Squirrel,client,99,394,4,M0,F,evaluation,1,1,0.6702030897140503,1,0.6344954967498779,False,0,,1,"[0.324559, 0.518794, 0.062153, 0.052128, 0.042366]"
Squirrel,client,99,396,4,M0,F,evaluation,2,1,0.9530957937240601,1,0.8680669665336609,False,0,,1,"[0.0015, 0.000371, 0.978362, 0.001631, 0.018135]"
Squirrel,client,99,398,4,M0,F,evaluation,1,1,0.6420652270317078,1,0.6344954967498779,False,1,0.0,0,"[0.015944, 0.102379, 0.686308, 0.014069, 0.181299]"
Squirrel,client,99,399,4,M0,F,evaluation,3,1,0.5678938627243042,0,0.6256242990493774,True,0,,1,"[0.050086, 0.089393, 0.041496, 0.794695, 0.02433]"
Squirrel,client,99,404,4,M0,F,evaluation,0,1,0.772881805896759,1,0.7096081972122192,False,0,,1,"[0.858448, 0.05764, 0.014779, 0.031315, 0.037818]"
Squirrel,client,99,409,4,M0,F,evaluation,4,1,0.3508286476135254,0,0.5929431915283203,False,1,0.0,0,"[0.287471, 0.23154, 0.238382, 0.083331, 0.159276]"
Squirrel,client,99,422,4,M0,F,evaluation,1,1,0.6500577926635742,1,0.6344954967498779,False,0,,1,"[0.222243, 0.527629, 0.048257, 0.121826, 0.080045]"
Squirrel,client,99,432,4,M0,F,evaluation,2,1,0.9143893718719482,1,0.8680669665336609,False,0,,1,"[0.021586, 0.153876, 0.636961, 0.026614, 0.160963]"
Squirrel,client,99,440,4,M0,F,evaluation,0,1,0.6454952955245972,0,0.7096081972122192,False,0,,1,"[0.541545, 0.010817, 0.085266, 0.080226, 0.282146]"
Squirrel,client,99,444,4,M0,F,evaluation,2,1,0.5714097619056702,0,0.8680669665336609,False,1,0.0,0,"[0.672428, 0.018417, 0.264803, 0.039611, 0.004741]"
Squirrel,client,99,450,4,M0,F,evaluation,1,1,0.6459712982177734,1,0.6344954967498779,False,0,,1,"[0.313075, 0.48331, 0.083425, 0.0652, 0.05499]"
Squirrel,client,99,452,4,M0,F,evaluation,0,1,0.5783644914627075,0,0.7096081972122192,False,0,,1,"[0.565915, 0.206342, 0.082684, 0.102114, 0.042945]"
Squirrel,client,99,455,4,M0,F,evaluation,2,1,0.7985497713088989,0,0.8680669665336609,False,0,,1,"[0.267804, 0.159179, 0.432287, 0.061605, 0.079125]"
Squirrel,client,99,474,4,M0,F,evaluation,2,1,0.8752752542495728,1,0.8680669665336609,False,0,,1,"[0.081629, 0.130749, 0.439136, 0.022571, 0.325914]"
Squirrel,client,99,475,4,M0,F,evaluation,1,1,0.8091543316841125,1,0.6344954967498779,False,0,,0,"[0.082065, 0.307984, 0.572267, 0.016838, 0.020846]"
Squirrel,client,99,477,4,M0,F,evaluation,2,1,0.9251468181610107,1,0.8680669665336609,False,0,,1,"[0.042711, 0.010073, 0.770367, 0.097193, 0.079656]"
Squirrel,client,99,488,4,M0,F,evaluation,4,1,0.981000542640686,1,0.5929431915283203,False,0,,1,"[0.026237, 0.003528, 0.00535, 0.005761, 0.959124]"
Squirrel,client,99,490,4,M0,F,evaluation,0,1,0.35834598541259766,0,0.7096081972122192,False,0,,1,"[0.348641, 0.1778, 0.278599, 0.097022, 0.097938]"
Squirrel,client,99,492,4,M0,F,evaluation,1,1,0.7441591024398804,1,0.6344954967498779,False,0,,1,"[0.078833, 0.641099, 0.053456, 0.137967, 0.088645]"
Squirrel,client,99,496,4,M0,F,evaluation,2,1,0.947695255279541,1,0.8680669665336609,False,0,,1,"[0.01776, 0.016319, 0.945473, 0.011289, 0.009158]"
Squirrel,client,99,507,4,M0,F,evaluation,0,1,0.6123951077461243,0,0.7096081972122192,False,0,,1,"[0.667247, 0.040514, 0.229566, 0.054024, 0.008649]"
Squirrel,client,99,508,4,M0,F,evaluation,1,1,0.3892279267311096,0,0.6344954967498779,False,1,0.0,0,"[0.670357, 0.227069, 0.056782, 0.032223, 0.013568]"
Squirrel,client,99,509,4,M0,F,evaluation,0,1,0.6504741907119751,0,0.7096081972122192,False,0,,1,"[0.692945, 0.172593, 0.09698, 0.024054, 0.013428]"
Squirrel,client,99,521,4,M0,F,evaluation,1,1,0.8616716861724854,1,0.6344954967498779,False,0,,1,"[0.004695, 0.838426, 0.020064, 0.102951, 0.033864]"
Squirrel,client,99,524,4,M0,F,evaluation,3,1,0.6304987668991089,1,0.6256242990493774,True,0,,1,"[0.003827, 0.005039, 0.002458, 0.975392, 0.013283]"
Squirrel,client,99,526,4,M0,F,evaluation,2,1,0.9459863901138306,1,0.8680669665336609,False,0,,1,"[0.060501, 0.003873, 0.913092, 0.009594, 0.012939]"
Squirrel,client,99,530,4,M0,F,evaluation,1,1,0.4136369228363037,0,0.6344954967498779,False,0,,0,"[0.633622, 0.259394, 0.060595, 0.012858, 0.033531]"
Squirrel,client,99,535,4,M0,F,evaluation,4,1,0.940643846988678,1,0.5929431915283203,False,0,,1,"[0.119701, 0.072865, 0.10127, 0.015264, 0.6909]"
Squirrel,client,99,539,4,M0,F,evaluation,1,1,0.5483589768409729,0,0.6344954967498779,False,0,,1,"[0.365875, 0.372148, 0.111916, 0.079174, 0.070887]"
Squirrel,client,99,541,4,M0,F,evaluation,0,1,0.4306027889251709,0,0.7096081972122192,False,0,,1,"[0.420518, 0.304605, 0.130286, 0.098704, 0.045888]"
Squirrel,client,99,1275,6,M0,F,evaluation,2,1,0.4176105558872223,0,0.8680669665336609,False,2,0.5,0,"[0.343977, 0.145949, 0.19, 0.201658, 0.118417]"
Squirrel,client,99,1292,6,M0,F,evaluation,0,1,0.5439409017562866,0,0.7096081972122192,False,4,0.0,1,"[0.536534, 0.219117, 0.119628, 0.059063, 0.065658]"
Squirrel,client,99,1293,6,M0,F,evaluation,1,1,0.28992798924446106,0,0.6344954967498779,False,1,0.0,0,"[0.446518, 0.161242, 0.119866, 0.101599, 0.170774]"
Squirrel,client,99,1306,6,M0,F,evaluation,1,1,0.3629198372364044,0,0.6344954967498779,False,8,0.375,0,"[0.552289, 0.187877, 0.118665, 0.068921, 0.072248]"
Squirrel,client,99,1307,6,M0,F,evaluation,1,1,0.382931649684906,0,0.6344954967498779,False,3,0.0,0,"[0.590661, 0.193843, 0.120759, 0.045959, 0.048777]"
Squirrel,client,99,1313,6,M0,F,evaluation,0,1,0.5962162613868713,0,0.7096081972122192,False,1,0.0,1,"[0.595624, 0.197532, 0.097997, 0.044646, 0.064201]"
Squirrel,client,99,1344,6,M0,F,evaluation,1,1,0.34546855092048645,0,0.6344954967498779,False,3,0.0,0,"[0.366758, 0.188329, 0.160431, 0.121684, 0.162797]"
Squirrel,client,99,1348,6,M0,F,evaluation,2,1,0.6275316476821899,0,0.8680669665336609,False,1,0.0,1,"[0.213305, 0.188987, 0.300804, 0.166966, 0.129937]"
Squirrel,client,99,1374,6,M0,F,evaluation,1,1,0.35574105381965637,0,0.6344954967498779,False,15,0.2,0,"[0.622957, 0.195632, 0.084568, 0.041645, 0.055198]"
Squirrel,client,99,1380,6,M0,F,evaluation,0,1,0.5583831071853638,0,0.7096081972122192,False,1,0.0,1,"[0.518002, 0.096864, 0.137153, 0.160241, 0.08774]"
Squirrel,client,99,1382,6,M0,F,evaluation,0,1,0.5943718552589417,0,0.7096081972122192,False,1,0.0,1,"[0.558387, 0.149166, 0.097162, 0.072984, 0.1223]"
Squirrel,client,99,1383,6,M0,F,evaluation,2,1,0.6743004322052002,0,0.8680669665336609,False,2,0.5,1,"[0.254365, 0.200274, 0.328282, 0.124098, 0.092981]"
Squirrel,client,99,1392,6,M0,F,evaluation,1,1,0.45605334639549255,0,0.6344954967498779,False,2,0.0,0,"[0.313469, 0.2527, 0.186271, 0.133585, 0.113975]"
Squirrel,client,99,1406,6,M0,F,evaluation,0,1,0.5844863057136536,0,0.7096081972122192,False,3,0.0,1,"[0.564954, 0.189187, 0.092769, 0.069025, 0.084065]"
Squirrel,client,99,1429,6,M0,F,evaluation,0,1,0.656953752040863,0,0.7096081972122192,False,5,0.0,1,"[0.681425, 0.165344, 0.078316, 0.033572, 0.041343]"
Squirrel,client,99,1440,6,M0,F,evaluation,0,1,0.4458175003528595,0,0.7096081972122192,False,2,0.0,1,"[0.398985, 0.179659, 0.172907, 0.114514, 0.133936]"
Squirrel,client,99,1446,6,M0,F,evaluation,0,1,0.5755935311317444,0,0.7096081972122192,False,6,0.16666666666666666,1,"[0.53821, 0.102314, 0.12416, 0.149084, 0.086232]"
Squirrel,client,99,1450,6,M0,F,evaluation,4,1,0.41576942801475525,0,0.5929431915283203,False,4,0.75,1,"[0.203402, 0.126247, 0.249609, 0.156831, 0.263911]"
Squirrel,client,99,1478,6,M0,F,evaluation,0,1,0.5643883347511292,0,0.7096081972122192,False,1,0.0,1,"[0.520315, 0.144987, 0.115877, 0.088722, 0.130099]"
Squirrel,client,99,1499,6,M0,F,evaluation,0,1,0.6701609492301941,0,0.7096081972122192,False,2,0.0,1,"[0.708989, 0.148413, 0.08691, 0.023862, 0.031825]"
Squirrel,client,99,1508,6,M0,F,evaluation,2,1,0.37916892766952515,0,0.8680669665336609,False,4,0.0,0,"[0.524431, 0.185055, 0.132821, 0.073949, 0.083743]"
Squirrel,client,99,1517,6,M0,F,evaluation,4,1,0.2279280573129654,0,0.5929431915283203,False,5,0.4,0,"[0.410483, 0.156054, 0.140434, 0.145666, 0.147363]"
Squirrel,client,99,1537,6,M0,F,evaluation,2,1,0.6137688755989075,0,0.8680669665336609,False,2,0.5,0,"[0.288884, 0.200855, 0.285564, 0.13174, 0.092957]"
Squirrel,client,99,1538,6,M0,F,evaluation,3,1,0.4319521188735962,0,0.6256242990493774,True,1,0.0,0,"[0.398032, 0.144091, 0.081547, 0.220321, 0.156009]"
Squirrel,client,99,1540,6,M0,F,evaluation,2,1,0.6533695459365845,0,0.8680669665336609,False,3,0.0,1,"[0.227051, 0.216995, 0.285427, 0.109773, 0.160753]"
Squirrel,client,99,1541,6,M0,F,evaluation,2,1,0.25114375352859497,0,0.8680669665336609,False,18,0.3888888888888889,0,"[0.681211, 0.183822, 0.060447, 0.034864, 0.039656]"
Squirrel,client,99,1550,6,M0,F,evaluation,0,1,0.594085693359375,0,0.7096081972122192,False,4,0.0,1,"[0.591276, 0.158826, 0.12444, 0.046483, 0.078975]"
Squirrel,client,99,1557,6,M0,F,evaluation,1,1,0.5488519072532654,0,0.6344954967498779,False,2,0.0,1,"[0.163596, 0.401322, 0.086403, 0.25886, 0.089819]"
Squirrel,client,99,1560,6,M0,F,evaluation,0,1,0.5568353533744812,0,0.7096081972122192,False,1,0.0,1,"[0.501176, 0.124951, 0.121393, 0.107755, 0.144724]"
Squirrel,client,99,1578,6,M0,F,evaluation,0,1,0.5658012628555298,0,0.7096081972122192,False,1,0.0,1,"[0.524697, 0.138592, 0.120981, 0.090687, 0.125043]"
Squirrel,client,99,1581,6,M0,F,evaluation,0,1,0.46800652146339417,0,0.7096081972122192,False,2,0.0,1,"[0.421711, 0.177738, 0.161072, 0.106331, 0.133149]"
Squirrel,client,99,1593,6,M0,F,evaluation,0,1,0.7175437808036804,1,0.7096081972122192,False,5,0.0,1,"[0.771996, 0.101523, 0.065231, 0.018528, 0.042722]"
Squirrel,client,99,1599,6,M0,F,evaluation,1,1,0.8541846871376038,1,0.6344954967498779,False,0,,1,"[0.132212, 0.777936, 0.060995, 0.011285, 0.017572]"
Squirrel,client,99,1609,6,M0,F,evaluation,0,1,0.3899255394935608,0,0.7096081972122192,False,1,0.0,1,"[0.354175, 0.264319, 0.16168, 0.114834, 0.104993]"
Squirrel,client,99,1617,6,M0,F,evaluation,4,1,0.19538523256778717,0,0.5929431915283203,False,12,0.3333333333333333,0,"[0.658881, 0.106332, 0.085781, 0.050316, 0.09869]"
Squirrel,client,99,1619,6,M0,F,evaluation,3,1,0.49067234992980957,0,0.6256242990493774,True,4,0.0,0,"[0.526447, 0.196304, 0.063435, 0.140975, 0.07284]"
Squirrel,client,99,1628,6,M0,F,evaluation,1,1,0.3791300356388092,0,0.6344954967498779,False,3,0.3333333333333333,0,"[0.469882, 0.232205, 0.103652, 0.090553, 0.103708]"
Squirrel,client,99,1632,6,M0,F,evaluation,1,1,0.32364264130592346,0,0.6344954967498779,False,5,0.0,0,"[0.571869, 0.147269, 0.130561, 0.060791, 0.089509]"
Squirrel,client,99,1642,6,M0,F,evaluation,0,1,0.6108424067497253,0,0.7096081972122192,False,3,0.0,1,"[0.623515, 0.175442, 0.10883, 0.046583, 0.04563]"
Squirrel,client,99,1647,6,M0,F,evaluation,2,1,0.35563600063323975,0,0.8680669665336609,False,10,0.4,0,"[0.573697, 0.197711, 0.119222, 0.051936, 0.057434]"
Squirrel,client,99,1648,6,M0,F,evaluation,0,1,0.6297276020050049,0,0.7096081972122192,False,1,0.0,1,"[0.611593, 0.166795, 0.050992, 0.122351, 0.048269]"
Squirrel,client,99,1654,6,M0,F,evaluation,0,1,0.5406468510627747,0,0.7096081972122192,False,1,0.0,1,"[0.499758, 0.172771, 0.120314, 0.083444, 0.123712]"
Squirrel,client,99,1673,6,M0,F,evaluation,2,1,0.3272753953933716,0,0.8680669665336609,False,6,0.5,0,"[0.645599, 0.142446, 0.106038, 0.043138, 0.062779]"
Squirrel,client,99,1704,6,M0,F,evaluation,1,1,0.4700758159160614,0,0.6344954967498779,False,12,0.16666666666666666,0,"[0.240596, 0.201962, 0.272484, 0.172938, 0.11202]"
Squirrel,client,99,1720,6,M0,F,evaluation,0,1,0.648656964302063,0,0.7096081972122192,False,2,0.0,1,"[0.673554, 0.163096, 0.08862, 0.037863, 0.036867]"
Squirrel,client,99,1739,6,M0,F,evaluation,1,1,0.4786244332790375,0,0.6344954967498779,False,3,0.0,1,"[0.221837, 0.333998, 0.105948, 0.221189, 0.117028]"
Squirrel,client,99,1768,6,M0,F,evaluation,0,1,0.5481272339820862,0,0.7096081972122192,False,3,0.0,1,"[0.525977, 0.298705, 0.055877, 0.032232, 0.087208]"
Squirrel,client,99,1778,6,M0,F,evaluation,3,1,0.4999788999557495,0,0.6256242990493774,True,0,,0,"[0.571109, 0.191022, 0.063929, 0.124357, 0.049583]"
Squirrel,client,99,1784,6,M0,F,evaluation,0,1,0.5330954790115356,0,0.7096081972122192,False,2,0.0,1,"[0.511249, 0.260005, 0.084978, 0.068409, 0.075359]"
Squirrel,client,99,1789,6,M0,F,evaluation,0,1,0.6750226616859436,0,0.7096081972122192,False,0,,1,"[0.698816, 0.19977, 0.0356, 0.022964, 0.04285]"
Squirrel,client,99,1795,6,M0,F,evaluation,0,1,0.560057520866394,0,0.7096081972122192,False,1,0.0,1,"[0.513503, 0.148915, 0.113255, 0.094091, 0.130236]"
Squirrel,client,99,1827,6,M0,F,evaluation,0,1,0.47646892070770264,0,0.7096081972122192,False,2,0.0,1,"[0.405067, 0.141338, 0.129086, 0.205671, 0.118838]"
Squirrel,client,99,1858,6,M0,F,evaluation,1,1,0.5084141492843628,0,0.6344954967498779,False,2,0.0,1,"[0.282626, 0.304373, 0.17466, 0.136666, 0.101676]"
Squirrel,client,99,1879,6,M0,F,evaluation,3,1,0.4794367253780365,0,0.6256242990493774,True,0,,0,"[0.09355, 0.442074, 0.059414, 0.321465, 0.083497]"
Squirrel,client,99,1909,6,M0,F,evaluation,2,1,0.4924444556236267,0,0.8680669665336609,False,5,0.0,0,"[0.340395, 0.218502, 0.194361, 0.11667, 0.130073]"
Squirrel,client,99,1935,6,M0,F,evaluation,1,1,0.593238353729248,0,0.6344954967498779,False,0,,1,"[0.308636, 0.438283, 0.053895, 0.167772, 0.031414]"
Squirrel,client,99,1937,6,M0,F,evaluation,2,1,0.32207566499710083,0,0.8680669665336609,False,9,0.2222222222222222,0,"[0.643503, 0.163629, 0.104443, 0.041851, 0.046574]"
Squirrel,client,99,1945,6,M0,F,evaluation,0,1,0.6718797087669373,0,0.7096081972122192,False,2,0.0,1,"[0.694528, 0.124389, 0.087371, 0.029565, 0.064146]"
Squirrel,client,99,1953,6,M0,F,evaluation,1,1,0.7618811726570129,1,0.6344954967498779,False,0,,1,"[0.219792, 0.572115, 0.123705, 0.067944, 0.016443]"
Squirrel,client,99,1962,6,M0,F,evaluation,2,1,0.7239758372306824,0,0.8680669665336609,False,1,0.0,1,"[0.118368, 0.072706, 0.334566, 0.163807, 0.310553]"
Squirrel,client,99,1967,6,M0,F,evaluation,0,1,0.47417375445365906,0,0.7096081972122192,False,2,0.0,1,"[0.424356, 0.191475, 0.145551, 0.100142, 0.138475]"
Squirrel,client,99,1968,6,M0,F,evaluation,1,1,0.294011652469635,0,0.6344954967498779,False,1,0.0,0,"[0.513503, 0.148915, 0.113255, 0.094091, 0.130236]"
Squirrel,client,99,1974,6,M0,F,evaluation,0,1,0.49883171916007996,0,0.7096081972122192,False,1,0.0,1,"[0.448358, 0.11933, 0.156846, 0.171024, 0.104442]"
Squirrel,client,99,1991,6,M0,F,evaluation,0,1,0.4803938567638397,0,0.7096081972122192,False,2,0.0,1,"[0.426872, 0.181607, 0.142671, 0.107418, 0.141432]"
Squirrel,client,99,2002,6,M0,F,evaluation,3,1,0.4572497010231018,0,0.6256242990493774,True,1,0.0,1,"[0.235929, 0.181888, 0.076626, 0.429958, 0.075599]"
Squirrel,client,99,2004,6,M0,F,evaluation,1,1,0.36598923802375793,0,0.6344954967498779,False,7,0.14285714285714285,0,"[0.453921, 0.186033, 0.15456, 0.094523, 0.110962]"
Squirrel,client,99,2015,6,M0,F,evaluation,0,1,0.560057520866394,0,0.7096081972122192,False,1,0.0,1,"[0.513503, 0.148915, 0.113255, 0.094091, 0.130236]"
Squirrel,client,99,2054,6,M0,F,evaluation,2,1,0.4349285364151001,0,0.8680669665336609,False,5,0.2,0,"[0.28152, 0.152258, 0.217235, 0.24149, 0.107497]"
Squirrel,client,99,2080,6,M0,F,evaluation,2,1,0.47215935587882996,0,0.8680669665336609,False,7,0.14285714285714285,0,"[0.337118, 0.15862, 0.202532, 0.165324, 0.136405]"
Squirrel,client,99,2087,6,M0,F,evaluation,0,1,0.5079888701438904,0,0.7096081972122192,False,2,0.0,1,"[0.447897, 0.109314, 0.158082, 0.140552, 0.144155]"
Squirrel,client,99,2089,6,M0,F,evaluation,4,1,0.1768621802330017,0,0.5929431915283203,False,8,0.375,0,"[0.465528, 0.174894, 0.222944, 0.078481, 0.058152]"
Squirrel,client,99,2117,6,M0,F,evaluation,1,1,0.36789658665657043,0,0.6344954967498779,False,3,0.0,0,"[0.401555, 0.190586, 0.165828, 0.110965, 0.131066]"
Squirrel,client,99,2121,6,M0,F,evaluation,2,1,0.24093720316886902,0,0.8680669665336609,False,5,0.2,0,"[0.758868, 0.126399, 0.058365, 0.020652, 0.035716]"
Squirrel,client,99,2143,6,M0,F,evaluation,2,1,0.9064531922340393,1,0.8680669665336609,False,0,,1,"[0.171054, 0.071981, 0.666991, 0.036087, 0.053886]"
Squirrel,client,99,2149,6,M0,F,evaluation,2,1,0.6990433931350708,0,0.8680669665336609,False,0,,1,"[0.318789, 0.2233, 0.344986, 0.071041, 0.041883]"
Squirrel,client,99,2156,6,M0,F,evaluation,3,1,0.4119228720664978,0,0.6256242990493774,True,2,0.0,0,"[0.379772, 0.165394, 0.210474, 0.144531, 0.09983]"
Squirrel,client,99,2159,6,M0,F,evaluation,0,1,0.6807704567909241,0,0.7096081972122192,False,1,0.0,1,"[0.72282, 0.135359, 0.085284, 0.020675, 0.035863]"
Squirrel,client,99,2178,6,M0,F,evaluation,1,1,0.5667394995689392,0,0.6344954967498779,False,0,,1,"[0.411065, 0.429205, 0.05832, 0.030739, 0.070671]"
Squirrel,client,99,2185,6,M0,F,evaluation,3,1,0.3747497498989105,0,0.6256242990493774,True,4,0.25,0,"[0.212013, 0.023134, 0.037374, 0.356055, 0.371424]"
Squirrel,client,99,2190,6,M0,F,evaluation,1,1,0.40146082639694214,0,0.6344954967498779,False,0,,0,"[0.531257, 0.257311, 0.07446, 0.067077, 0.069896]"
Squirrel,client,99,2192,6,M0,F,evaluation,1,1,0.31679651141166687,0,0.6344954967498779,False,1,0.0,0,"[0.44535, 0.12526, 0.164566, 0.157214, 0.107609]"
Squirrel,client,99,2194,6,M0,F,evaluation,3,1,0.37420737743377686,0,0.6256242990493774,True,1,0.0,0,"[0.379219, 0.083426, 0.184973, 0.280903, 0.071479]"
Squirrel,client,99,2196,6,M0,F,evaluation,1,1,0.7183250188827515,1,0.6344954967498779,False,0,,1,"[0.254062, 0.549067, 0.109121, 0.027971, 0.059779]"
Squirrel,client,99,2202,6,M0,F,evaluation,4,1,0.968207836151123,1,0.5929431915283203,False,0,,1,"[0.029263, 0.003141, 0.002962, 0.061669, 0.902965]"
Squirrel,client,99,2214,6,M0,F,evaluation,0,1,0.7339217066764832,1,0.7096081972122192,False,0,,1,"[0.784673, 0.112236, 0.025821, 0.035337, 0.041933]"
Squirrel,client,99,7,4,M0,H,evaluation,0,0,0.31985747814178467,0,0.7096081972122192,False,1,0.0,0,"[0.148547, 0.045674, 0.083646, 0.641131, 0.081002]"
Squirrel,client,99,18,4,M0,H,evaluation,0,0,0.12064237892627716,0,0.7096081972122192,False,1,0.0,0,"[0.089184, 0.068543, 0.697454, 0.056052, 0.088767]"
Squirrel,client,99,25,4,M0,H,evaluation,0,0,0.12466709315776825,0,0.7096081972122192,False,1,0.0,0,"[0.074603, 0.199352, 0.524475, 0.175648, 0.025922]"
Squirrel,client,99,26,4,M0,H,evaluation,3,0,0.4573993384838104,0,0.6256242990493774,True,5,0.2,0,"[0.103126, 0.130465, 0.324216, 0.154804, 0.287389]"
Squirrel,client,99,38,4,M0,H,evaluation,0,0,0.157795250415802,0,0.7096081972122192,False,0,,0,"[0.032607, 0.39908, 0.150973, 0.385509, 0.03183]"
Squirrel,client,99,59,4,M0,H,evaluation,1,0,0.24379052221775055,0,0.6344954967498779,False,5,0.2,0,"[0.734396, 0.008667, 0.127525, 0.124813, 0.004599]"
Squirrel,client,99,69,4,M0,H,evaluation,3,0,0.6004395484924316,0,0.6256242990493774,True,0,,1,"[0.000506, 0.000277, 0.043147, 0.955322, 0.000748]"
Squirrel,client,99,71,4,M0,H,evaluation,2,0,0.42717045545578003,0,0.8680669665336609,False,2,0.0,0,"[0.351898, 0.391077, 0.147846, 0.061883, 0.047296]"
Squirrel,client,99,126,4,M0,H,evaluation,2,0,0.6080578565597534,0,0.8680669665336609,False,0,,0,"[0.003208, 0.653577, 0.279997, 0.050734, 0.012485]"
Squirrel,client,99,129,4,M0,H,evaluation,1,0,0.3469623029232025,0,0.6344954967498779,False,3,0.0,0,"[0.642628, 0.145344, 0.13974, 0.019341, 0.052947]"
Squirrel,client,99,144,4,M0,H,evaluation,3,0,0.654492199420929,1,0.6256242990493774,True,5,0.0,0,"[0.034717, 0.116928, 0.743544, 0.014807, 0.090004]"
Squirrel,client,99,146,4,M0,H,evaluation,1,0,0.4571656882762909,0,0.6344954967498779,False,0,,0,"[0.427823, 0.300404, 0.111993, 0.059704, 0.100075]"
Squirrel,client,99,169,4,M0,H,evaluation,2,0,0.2848345935344696,0,0.8680669665336609,False,0,,0,"[0.590913, 0.121014, 0.099758, 0.114037, 0.074279]"
Squirrel,client,99,179,4,M0,H,evaluation,1,0,0.6092664003372192,0,0.6344954967498779,False,3,0.0,0,"[0.157334, 0.210408, 0.394595, 0.192099, 0.045565]"
Squirrel,client,99,220,4,M0,H,evaluation,1,0,0.26399075984954834,0,0.6344954967498779,False,0,,0,"[0.719411, 0.067311, 0.109396, 0.062328, 0.041553]"
Squirrel,client,99,227,4,M0,H,evaluation,3,0,0.5582903027534485,0,0.6256242990493774,True,1,0.0,0,"[0.388419, 0.418916, 0.051772, 0.090297, 0.050597]"
Squirrel,client,99,235,4,M0,H,evaluation,0,0,0.16795608401298523,0,0.7096081972122192,False,1,0.0,0,"[0.025603, 0.077331, 0.399648, 0.255771, 0.241646]"
Squirrel,client,99,270,4,M0,H,evaluation,4,0,0.05630869418382645,0,0.5929431915283203,False,0,,0,"[0.03283, 0.009081, 0.206372, 0.576235, 0.175481]"
Squirrel,client,99,293,4,M0,H,evaluation,2,0,0.1343025267124176,0,0.8680669665336609,False,0,,0,"[0.585294, 0.035954, 0.004291, 0.197663, 0.176799]"
Squirrel,client,99,317,4,M0,H,evaluation,2,0,0.8686450123786926,1,0.8680669665336609,False,1,0.0,1,"[0.110285, 0.204728, 0.587371, 0.050247, 0.04737]"
Squirrel,client,99,324,4,M0,H,evaluation,2,0,0.21971115469932556,0,0.8680669665336609,False,3,0.0,0,"[0.731037, 0.119648, 0.058853, 0.067403, 0.02306]"
Squirrel,client,99,327,4,M0,H,evaluation,4,0,0.01728985086083412,0,0.5929431915283203,False,0,,0,"[0.024742, 0.15362, 0.050259, 0.726828, 0.044552]"
Squirrel,client,99,332,4,M0,H,evaluation,2,0,0.33117952942848206,0,0.8680669665336609,False,0,,0,"[0.543779, 0.026194, 0.167007, 0.21001, 0.05301]"
Squirrel,client,99,345,4,M0,H,evaluation,0,0,0.10672885924577713,0,0.7096081972122192,False,2,0.0,0,"[0.015793, 0.093417, 0.682031, 0.011778, 0.196981]"
Squirrel,client,99,348,4,M0,H,evaluation,4,0,0.1887994110584259,0,0.5929431915283203,False,2,0.0,0,"[0.251827, 0.060188, 0.068227, 0.356967, 0.26279]"
Squirrel,client,99,363,4,M0,H,evaluation,0,0,0.06954029202461243,0,0.7096081972122192,False,1,0.0,0,"[0.01231, 0.013995, 0.96315, 0.006294, 0.00425]"
Squirrel,client,99,365,4,M0,H,evaluation,1,0,0.8059424161911011,1,0.6344954967498779,False,2,0.5,0,"[0.025097, 0.063418, 0.897172, 0.003818, 0.010494]"
Squirrel,client,99,368,4,M0,H,evaluation,0,0,0.4020078480243683,0,0.7096081972122192,False,0,,0,"[0.343042, 0.348057, 0.053683, 0.168325, 0.086893]"
Squirrel,client,99,370,4,M0,H,evaluation,0,0,0.7694105505943298,1,0.7096081972122192,False,1,1.0,1,"[0.851333, 0.054506, 0.023246, 0.022492, 0.048422]"
Squirrel,client,99,407,4,M0,H,evaluation,3,0,0.44292280077934265,0,0.6256242990493774,True,0,,0,"[0.412839, 0.195954, 0.108985, 0.225137, 0.057085]"
Squirrel,client,99,449,4,M0,H,evaluation,2,0,0.4432074725627899,0,0.8680669665336609,False,0,,0,"[0.161519, 0.540537, 0.166949, 0.097151, 0.033844]"
Squirrel,client,99,454,4,M0,H,evaluation,1,0,0.13514088094234467,0,0.6344954967498779,False,0,,0,"[0.397743, 0.036383, 0.11949, 0.077625, 0.36876]"
Squirrel,client,99,460,4,M0,H,evaluation,0,0,0.4873287081718445,0,0.7096081972122192,False,0,,1,"[0.506238, 0.227145, 0.175169, 0.078281, 0.013167]"
Squirrel,client,99,461,4,M0,H,evaluation,0,0,0.5261209607124329,0,0.7096081972122192,False,0,,1,"[0.481786, 0.161022, 0.10906, 0.179351, 0.068781]"
Squirrel,client,99,471,4,M0,H,evaluation,0,0,0.4478020668029785,0,0.7096081972122192,False,1,0.0,0,"[0.01682, 0.002457, 0.00255, 0.005499, 0.972674]"
Squirrel,client,99,473,4,M0,H,evaluation,0,0,0.4847320020198822,0,0.7096081972122192,False,0,,1,"[0.427012, 0.236052, 0.084505, 0.14764, 0.104791]"
Squirrel,client,99,487,4,M0,H,evaluation,1,0,0.32444828748703003,0,0.6344954967498779,False,0,,0,"[0.27651, 0.113128, 0.203021, 0.284247, 0.123095]"
Squirrel,client,99,512,4,M0,H,evaluation,4,0,0.8684826493263245,1,0.5929431915283203,False,0,,1,"[0.028673, 0.130898, 0.195997, 0.08431, 0.560122]"
Squirrel,client,99,513,4,M0,H,evaluation,0,0,0.6200917959213257,0,0.7096081972122192,False,0,,1,"[0.598968, 0.177874, 0.056459, 0.101621, 0.065079]"
Squirrel,client,99,528,4,M0,H,evaluation,3,0,0.500806450843811,0,0.6256242990493774,True,0,,0,"[0.743447, 0.080645, 0.069325, 0.081173, 0.025411]"
Squirrel,client,99,544,4,M0,H,evaluation,4,0,0.056694600731134415,0,0.5929431915283203,False,0,,0,"[0.060276, 0.468852, 0.013322, 0.450594, 0.006957]"
Squirrel,client,99,1246,6,M0,H,evaluation,0,0,0.26225027441978455,0,0.7096081972122192,False,14,0.07142857142857142,0,"[0.204562, 0.199165, 0.268412, 0.211353, 0.116509]"
Squirrel,client,99,1280,6,M0,H,evaluation,0,0,0.5822956562042236,0,0.7096081972122192,False,17,0.23529411764705882,1,"[0.566314, 0.16031, 0.118025, 0.067629, 0.087722]"
Squirrel,client,99,1318,6,M0,H,evaluation,0,0,0.5055540800094604,0,0.7096081972122192,False,2,0.0,1,"[0.449761, 0.173956, 0.131196, 0.094897, 0.150191]"
Squirrel,client,99,1357,6,M0,H,evaluation,1,0,0.30042538046836853,0,0.6344954967498779,False,8,0.125,0,"[0.702375, 0.116907, 0.101407, 0.036068, 0.043244]"
Squirrel,client,99,1364,6,M0,H,evaluation,0,0,0.507483720779419,0,0.7096081972122192,False,14,0.07142857142857142,1,"[0.480759, 0.202208, 0.138794, 0.078997, 0.099241]"
Squirrel,client,99,1368,6,M0,H,evaluation,2,0,0.34664979577064514,0,0.8680669665336609,False,4,0.0,0,"[0.494879, 0.199474, 0.109118, 0.081558, 0.114971]"
Squirrel,client,99,1379,6,M0,H,evaluation,0,0,0.5031096935272217,0,0.7096081972122192,False,1,0.0,1,"[0.448883, 0.197313, 0.104071, 0.140144, 0.109588]"
Squirrel,client,99,1387,6,M0,H,evaluation,0,0,0.6489885449409485,0,0.7096081972122192,False,3,0.0,1,"[0.663159, 0.104543, 0.115971, 0.051766, 0.064562]"
Squirrel,client,99,1425,6,M0,H,evaluation,1,0,0.33370986580848694,0,0.6344954967498779,False,2,0.0,0,"[0.422681, 0.182593, 0.139139, 0.109238, 0.14635]"
Squirrel,client,99,1472,6,M0,H,evaluation,0,0,0.560057520866394,0,0.7096081972122192,False,1,0.0,1,"[0.513503, 0.148915, 0.113255, 0.094091, 0.130236]"
Squirrel,client,99,1487,6,M0,H,evaluation,0,0,0.5138534903526306,0,0.7096081972122192,False,1,0.0,1,"[0.481151, 0.219226, 0.112085, 0.094729, 0.092809]"
Squirrel,client,99,1516,6,M0,H,evaluation,4,0,0.150823175907135,0,0.5929431915283203,False,25,0.16,0,"[0.677333, 0.198372, 0.067132, 0.031788, 0.025375]"
Squirrel,client,99,1554,6,M0,H,evaluation,1,0,0.2875513434410095,0,0.6344954967498779,False,5,0.0,0,"[0.214244, 0.146147, 0.157241, 0.280747, 0.201621]"
Squirrel,client,99,1640,6,M0,H,evaluation,1,0,0.2836429476737976,0,0.6344954967498779,False,2,0.0,0,"[0.243641, 0.155176, 0.176042, 0.174579, 0.250562]"
Squirrel,client,99,1643,6,M0,H,evaluation,3,0,0.45495545864105225,0,0.6256242990493774,True,5,0.0,0,"[0.323485, 0.281184, 0.154165, 0.133095, 0.108071]"
Squirrel,client,99,1667,6,M0,H,evaluation,1,0,0.4488977789878845,0,0.6344954967498779,False,0,,0,"[0.439869, 0.238682, 0.164381, 0.086332, 0.070736]"
Squirrel,client,99,1671,6,M0,H,evaluation,0,0,0.47642984986305237,0,0.7096081972122192,False,1,0.0,1,"[0.42434, 0.118391, 0.17415, 0.166521, 0.116599]"
Squirrel,client,99,1676,6,M0,H,evaluation,2,0,0.40941426157951355,0,0.8680669665336609,False,8,0.25,0,"[0.452644, 0.200064, 0.146758, 0.091175, 0.109359]"
Squirrel,client,99,1688,6,M0,H,evaluation,0,0,0.5801407098770142,0,0.7096081972122192,False,1,0.0,1,"[0.570769, 0.242526, 0.068047, 0.068004, 0.050654]"
Squirrel,client,99,1690,6,M0,H,evaluation,1,0,0.3774518370628357,0,0.6344954967498779,False,5,0.0,0,"[0.443202, 0.195221, 0.151414, 0.107927, 0.102236]"
Squirrel,client,99,1695,6,M0,H,evaluation,0,0,0.6196926236152649,0,0.7096081972122192,False,0,,1,"[0.592608, 0.21538, 0.036302, 0.065343, 0.090367]"
Squirrel,client,99,1788,6,M0,H,evaluation,1,0,0.36807766556739807,0,0.6344954967498779,False,2,0.0,0,"[0.501351, 0.176866, 0.153765, 0.079057, 0.088961]"
Squirrel,client,99,1794,6,M0,H,evaluation,2,0,0.47924187779426575,0,0.8680669665336609,False,0,,0,"[0.376492, 0.124255, 0.167488, 0.10033, 0.231435]"
Squirrel,client,99,1818,6,M0,H,evaluation,3,0,0.5652947425842285,0,0.6256242990493774,True,2,0.0,0,"[0.581039, 0.28242, 0.05037, 0.030104, 0.056067]"
Squirrel,client,99,1821,6,M0,H,evaluation,3,0,0.5528950095176697,0,0.6256242990493774,True,2,0.0,0,"[0.104848, 0.014572, 0.011132, 0.118632, 0.750816]"
Squirrel,client,99,1826,6,M0,H,evaluation,0,0,0.5513056516647339,0,0.7096081972122192,False,1,0.0,1,"[0.505069, 0.155997, 0.112454, 0.105905, 0.120575]"
Squirrel,client,99,1853,6,M0,H,evaluation,4,0,0.14091059565544128,0,0.5929431915283203,False,10,0.4,0,"[0.267285, 0.161117, 0.260719, 0.221188, 0.089692]"
Squirrel,client,99,1904,6,M0,H,evaluation,2,0,0.6830262541770935,0,0.8680669665336609,False,8,0.375,0,"[0.446716, 0.136447, 0.310268, 0.039388, 0.067181]"
Squirrel,client,99,2006,6,M0,H,evaluation,0,0,0.5211640000343323,0,0.7096081972122192,False,1,0.0,1,"[0.462577, 0.099836, 0.149012, 0.163823, 0.124751]"
Squirrel,client,99,2058,6,M0,H,evaluation,3,0,0.4540058374404907,0,0.6256242990493774,True,2,0.0,0,"[0.388087, 0.218301, 0.156013, 0.113933, 0.123666]"
Squirrel,client,99,2063,6,M0,H,evaluation,2,0,0.4465792179107666,0,0.8680669665336609,False,4,0.0,0,"[0.394092, 0.204499, 0.168035, 0.107895, 0.125479]"
Squirrel,client,99,2136,6,M0,H,evaluation,1,0,0.4104056656360626,0,0.6344954967498779,False,0,,0,"[0.493898, 0.198762, 0.155132, 0.099042, 0.053166]"
Squirrel,client,99,2174,6,M0,H,evaluation,2,0,0.3449796438217163,0,0.8680669665336609,False,0,,0,"[0.609004, 0.217037, 0.114315, 0.03337, 0.026274]"
Squirrel,client,99,2201,6,M0,H,evaluation,2,0,0.4240032136440277,0,0.8680669665336609,False,0,,0,"[0.393326, 0.116245, 0.189445, 0.184373, 0.116611]"
Squirrel,client,99,2206,6,M0,H,evaluation,1,0,0.2979326844215393,0,0.6344954967498779,False,1,0.0,0,"[0.726915, 0.134759, 0.074643, 0.017343, 0.046339]"
Squirrel,client,99,2208,6,M0,H,evaluation,2,0,0.3199668824672699,0,0.8680669665336609,False,0,,0,"[0.668956, 0.153022, 0.10025, 0.027924, 0.049848]"
Squirrel,client,99,549,0,MR,attack_member,evaluation,2,1,0.7730982899665833,0,0.8680669665336609,False,8,0.125,1,"[0.058149, 0.168721, 0.494533, 0.211845, 0.066752]"
Squirrel,client,99,552,0,MR,attack_member,evaluation,0,1,0.34085825085639954,0,0.7096081972122192,False,4,0.25,1,"[0.247503, 0.153223, 0.201513, 0.201341, 0.19642]"
Squirrel,client,99,566,0,MR,attack_member,evaluation,0,1,0.37321409583091736,0,0.7096081972122192,False,1,0.0,0,"[0.290916, 0.183119, 0.116695, 0.348595, 0.060675]"
Squirrel,client,99,571,0,MR,attack_member,evaluation,1,1,0.6247649192810059,0,0.6344954967498779,False,17,0.23529411764705882,1,"[0.068768, 0.363157, 0.263067, 0.184878, 0.120131]"
Squirrel,client,99,573,0,MR,attack_member,evaluation,0,1,0.3144800364971161,0,0.7096081972122192,False,6,0.0,1,"[0.270705, 0.22012, 0.231659, 0.162436, 0.115081]"
Squirrel,client,99,578,0,MR,attack_member,evaluation,1,1,0.4317476749420166,0,0.6344954967498779,False,2,0.0,0,"[0.32155, 0.240611, 0.164352, 0.168308, 0.105179]"
Squirrel,client,99,586,0,MR,attack_member,evaluation,1,1,0.4388347566127777,0,0.6344954967498779,False,3,0.0,0,"[0.175801, 0.244655, 0.140902, 0.367721, 0.070922]"
Squirrel,client,99,595,0,MR,attack_member,evaluation,0,1,0.3710353374481201,0,0.7096081972122192,False,4,0.0,1,"[0.358452, 0.058458, 0.356416, 0.087802, 0.138872]"
Squirrel,client,99,613,0,MR,attack_member,evaluation,1,1,0.6948369145393372,1,0.6344954967498779,False,4,0.0,0,"[0.16807, 0.220606, 0.511177, 0.043534, 0.056612]"
Squirrel,client,99,645,0,MR,attack_member,evaluation,3,1,0.3736132085323334,0,0.6256242990493774,True,5,0.4,1,"[0.268359, 0.098236, 0.131522, 0.295828, 0.206056]"
Squirrel,client,99,660,0,MR,attack_member,evaluation,3,1,0.3461429178714752,0,0.6256242990493774,True,10,0.3,1,"[0.041956, 0.046824, 0.126321, 0.510757, 0.274142]"
Squirrel,client,99,676,0,MR,attack_member,evaluation,4,1,0.20452770590782166,0,0.5929431915283203,False,2,0.5,0,"[0.160061, 0.337898, 0.111146, 0.25563, 0.135266]"
Squirrel,client,99,678,0,MR,attack_member,evaluation,4,1,0.4108668863773346,0,0.5929431915283203,False,24,0.3333333333333333,0,"[0.033711, 0.377323, 0.198672, 0.181038, 0.209257]"
Squirrel,client,99,699,0,MR,attack_member,evaluation,1,1,0.08233918249607086,0,0.6344954967498779,False,4,0.0,0,"[0.062075, 0.104643, 0.013626, 0.174264, 0.645392]"
Squirrel,client,99,711,0,MR,attack_member,evaluation,0,1,0.33260881900787354,0,0.7096081972122192,False,1,0.0,0,"[0.213793, 0.117229, 0.171018, 0.325419, 0.172541]"
Squirrel,client,99,721,0,MR,attack_member,evaluation,2,1,0.37698832154273987,0,0.8680669665336609,False,3,0.0,0,"[0.223735, 0.276628, 0.166393, 0.215717, 0.117527]"
Squirrel,client,99,727,0,MR,attack_member,evaluation,0,1,0.34732189774513245,0,0.7096081972122192,False,5,0.4,1,"[0.253465, 0.143279, 0.198976, 0.214463, 0.189818]"
Squirrel,client,99,730,0,MR,attack_member,evaluation,1,1,0.6350638270378113,1,0.6344954967498779,False,14,0.14285714285714285,1,"[0.071502, 0.383037, 0.249819, 0.176649, 0.118993]"
Squirrel,client,99,733,0,MR,attack_member,evaluation,1,1,0.20122845470905304,0,0.6344954967498779,False,2,0.0,0,"[0.147496, 0.127064, 0.090419, 0.341987, 0.293034]"
Squirrel,client,99,750,0,MR,attack_member,evaluation,4,1,0.21832013130187988,0,0.5929431915283203,False,15,0.2,0,"[0.171676, 0.188723, 0.221467, 0.247721, 0.170412]"
Squirrel,client,99,752,0,MR,attack_member,evaluation,2,1,0.41154342889785767,0,0.8680669665336609,False,7,0.2857142857142857,0,"[0.14684, 0.222217, 0.211089, 0.275147, 0.144707]"
Squirrel,client,99,784,0,MR,attack_member,evaluation,1,1,0.3766496777534485,0,0.6344954967498779,False,2,0.5,1,"[0.185684, 0.298319, 0.123694, 0.131045, 0.261258]"
Squirrel,client,99,789,0,MR,attack_member,evaluation,3,1,0.3754751980304718,0,0.6256242990493774,True,6,0.16666666666666666,0,"[0.243112, 0.097725, 0.277267, 0.200813, 0.181083]"
Squirrel,client,99,793,0,MR,attack_member,evaluation,0,1,0.4283362627029419,0,0.7096081972122192,False,2,0.0,0,"[0.243253, 0.107228, 0.074743, 0.248993, 0.325782]"
Squirrel,client,99,803,0,MR,attack_member,evaluation,0,1,0.568917989730835,0,0.7096081972122192,False,1,0.0,1,"[0.57487, 0.240198, 0.101999, 0.03255, 0.050383]"
Squirrel,client,99,881,0,MR,attack_member,evaluation,1,1,0.7188249230384827,1,0.6344954967498779,False,4,0.0,1,"[0.037135, 0.471452, 0.184263, 0.292657, 0.014492]"
Squirrel,client,99,902,0,MR,attack_member,evaluation,0,1,0.2137436717748642,0,0.7096081972122192,False,11,0.09090909090909091,0,"[0.096765, 0.279846, 0.188168, 0.280806, 0.154414]"
Squirrel,client,99,919,0,MR,attack_member,evaluation,2,1,0.5925961136817932,0,0.8680669665336609,False,17,0.11764705882352941,0,"[0.056864, 0.418394, 0.270044, 0.138034, 0.116665]"
Squirrel,client,99,925,0,MR,attack_member,evaluation,2,1,0.7628412842750549,0,0.8680669665336609,False,2,0.0,1,"[0.217728, 0.13137, 0.433723, 0.146939, 0.070239]"
Squirrel,client,99,953,0,MR,attack_member,evaluation,1,1,0.651434600353241,1,0.6344954967498779,False,10,0.3,1,"[0.061491, 0.4668, 0.193954, 0.111731, 0.166025]"
Squirrel,client,99,967,0,MR,attack_member,evaluation,0,1,0.5503382682800293,0,0.7096081972122192,False,1,0.0,1,"[0.539558, 0.200594, 0.113587, 0.096975, 0.049287]"
Squirrel,client,99,980,0,MR,attack_member,evaluation,1,1,0.6143251061439514,0,0.6344954967498779,False,2,0.0,1,"[0.211729, 0.380881, 0.200433, 0.120033, 0.086925]"
Squirrel,client,99,1000,0,MR,attack_member,evaluation,4,1,0.19554395973682404,0,0.5929431915283203,False,4,0.5,0,"[0.160065, 0.102691, 0.163153, 0.340349, 0.233742]"
Squirrel,client,99,1009,0,MR,attack_member,evaluation,4,1,0.6917148232460022,1,0.5929431915283203,False,7,0.42857142857142855,1,"[0.049229, 0.072384, 0.024281, 0.27984, 0.574266]"
Squirrel,client,99,1018,0,MR,attack_member,evaluation,0,1,0.444667249917984,0,0.7096081972122192,False,0,,1,"[0.350414, 0.318251, 0.057005, 0.035502, 0.238828]"
Squirrel,client,99,1033,0,MR,attack_member,evaluation,0,1,0.28264814615249634,0,0.7096081972122192,False,0,,0,"[0.253401, 0.304464, 0.237735, 0.084435, 0.119965]"
Squirrel,client,99,1073,0,MR,attack_member,evaluation,1,1,0.3672110438346863,0,0.6344954967498779,False,5,0.2,0,"[0.207339, 0.128974, 0.269622, 0.234718, 0.159346]"
Squirrel,client,99,1083,0,MR,attack_member,evaluation,1,1,0.44690170884132385,0,0.6344954967498779,False,2,0.0,0,"[0.320922, 0.235484, 0.195287, 0.137924, 0.110383]"
Squirrel,client,99,1095,0,MR,attack_member,evaluation,0,1,0.5835063457489014,0,0.7096081972122192,False,0,,1,"[0.585248, 0.243603, 0.079664, 0.045061, 0.046424]"
Squirrel,client,99,1096,0,MR,attack_member,evaluation,1,1,0.3757588565349579,0,0.6344954967498779,False,22,0.22727272727272727,0,"[0.423459, 0.200733, 0.141735, 0.131413, 0.10266]"
Squirrel,client,99,1110,0,MR,attack_member,evaluation,2,1,0.49421587586402893,0,0.8680669665336609,False,0,,0,"[0.271766, 0.284302, 0.198513, 0.126442, 0.118977]"
Squirrel,client,99,1117,0,MR,attack_member,evaluation,3,1,0.40822580456733704,0,0.6256242990493774,True,18,0.2222222222222222,0,"[0.1988, 0.260558, 0.12781, 0.255408, 0.157424]"
Squirrel,client,99,1146,0,MR,attack_member,evaluation,0,1,0.4825438857078552,0,0.7096081972122192,False,3,0.6666666666666666,1,"[0.411597, 0.006617, 0.198247, 0.283338, 0.100201]"
Squirrel,client,99,1185,0,MR,attack_member,evaluation,4,1,0.7741051912307739,1,0.5929431915283203,False,4,0.5,1,"[0.052819, 0.036791, 0.012909, 0.255423, 0.642057]"
Squirrel,client,99,1192,0,MR,attack_member,evaluation,2,1,0.492105096578598,0,0.8680669665336609,False,6,0.16666666666666666,0,"[0.108677, 0.305232, 0.212259, 0.189071, 0.184761]"
Squirrel,client,99,1204,0,MR,attack_member,evaluation,1,1,0.4008958339691162,0,0.6344954967498779,False,0,,0,"[0.407166, 0.219635, 0.138247, 0.148393, 0.08656]"
Squirrel,client,99,1252,0,MR,attack_member,evaluation,1,1,0.5636998414993286,0,0.6344954967498779,False,2,0.0,0,"[0.141762, 0.129685, 0.495102, 0.1171, 0.116352]"
Squirrel,client,99,1282,0,MR,attack_member,evaluation,1,1,0.19165034592151642,0,0.6344954967498779,False,3,0.0,0,"[0.028297, 0.250758, 0.027584, 0.216511, 0.476849]"
Squirrel,client,99,1285,0,MR,attack_member,evaluation,3,1,0.43384310603141785,0,0.6256242990493774,True,8,0.0,0,"[0.511967, 0.133256, 0.142197, 0.147236, 0.065344]"
Squirrel,client,99,1303,0,MR,attack_member,evaluation,3,1,0.4281950294971466,0,0.6256242990493774,True,3,0.3333333333333333,0,"[0.401729, 0.104571, 0.252277, 0.10262, 0.138803]"
Squirrel,client,99,1305,0,MR,attack_member,evaluation,0,1,0.22129784524440765,0,0.7096081972122192,False,14,0.21428571428571427,0,"[0.18214, 0.362989, 0.221316, 0.181434, 0.052121]"
Squirrel,client,99,1315,0,MR,attack_member,evaluation,1,1,0.38693931698799133,0,0.6344954967498779,False,2,0.0,0,"[0.234538, 0.174894, 0.228841, 0.209276, 0.152451]"
Squirrel,client,99,1321,0,MR,attack_member,evaluation,3,1,0.40168139338493347,0,0.6256242990493774,True,5,0.0,1,"[0.162236, 0.084201, 0.15148, 0.528111, 0.073971]"
Squirrel,client,99,1325,0,MR,attack_member,evaluation,3,1,0.3667159080505371,0,0.6256242990493774,True,3,0.6666666666666666,1,"[0.250771, 0.099319, 0.191812, 0.392364, 0.065734]"
Squirrel,client,99,1332,0,MR,attack_member,evaluation,2,1,0.5112047791481018,0,0.8680669665336609,False,2,0.0,0,"[0.339758, 0.096751, 0.189406, 0.120863, 0.253222]"
Squirrel,client,99,1338,0,MR,attack_member,evaluation,2,1,0.5715751051902771,0,0.8680669665336609,False,13,0.15384615384615385,1,"[0.211809, 0.129024, 0.27131, 0.208718, 0.17914]"
Squirrel,client,99,1355,0,MR,attack_member,evaluation,0,1,0.3330417275428772,0,0.7096081972122192,False,2,0.0,0,"[0.202149, 0.106658, 0.159189, 0.351006, 0.180998]"
Squirrel,client,99,1422,0,MR,attack_member,evaluation,4,1,0.11749571561813354,0,0.5929431915283203,False,3,0.3333333333333333,0,"[0.351659, 0.126685, 0.185468, 0.242965, 0.093223]"
Squirrel,client,99,1443,0,MR,attack_member,evaluation,2,1,0.6138740181922913,0,0.8680669665336609,False,13,0.15384615384615385,1,"[0.163078, 0.141919, 0.296852, 0.207899, 0.190251]"
Squirrel,client,99,1457,0,MR,attack_member,evaluation,0,1,0.28309768438339233,0,0.7096081972122192,False,3,0.0,0,"[0.239667, 0.298177, 0.204932, 0.155762, 0.101462]"
Squirrel,client,99,1477,0,MR,attack_member,evaluation,3,1,0.3655005991458893,0,0.6256242990493774,True,1,0.0,1,"[0.227612, 0.148619, 0.176243, 0.309375, 0.13815]"
Squirrel,client,99,1491,0,MR,attack_member,evaluation,2,1,0.7017447352409363,0,0.8680669665336609,False,0,,0,"[0.35084, 0.22462, 0.347813, 0.053923, 0.022803]"
Squirrel,client,99,1520,0,MR,attack_member,evaluation,4,1,0.5969955921173096,1,0.5929431915283203,False,3,1.0,1,"[0.204503, 0.054754, 0.092005, 0.204971, 0.443767]"
Squirrel,client,99,1522,0,MR,attack_member,evaluation,1,1,0.5946969985961914,0,0.6344954967498779,False,2,0.0,1,"[0.064889, 0.396329, 0.205317, 0.173879, 0.159585]"
Squirrel,client,99,1544,0,MR,attack_member,evaluation,1,1,0.6963025331497192,1,0.6344954967498779,False,5,0.6,1,"[0.084203, 0.59002, 0.089373, 0.079861, 0.156543]"
Squirrel,client,99,1561,0,MR,attack_member,evaluation,2,1,0.31585732102394104,0,0.8680669665336609,False,0,,0,"[0.479741, 0.093343, 0.1476, 0.207275, 0.072041]"
Squirrel,client,99,1588,0,MR,attack_member,evaluation,0,1,0.5398191809654236,0,0.7096081972122192,False,0,,1,"[0.476622, 0.15499, 0.054443, 0.288888, 0.025058]"
Squirrel,client,99,1597,0,MR,attack_member,evaluation,0,1,0.29723381996154785,0,0.7096081972122192,False,2,0.0,0,"[0.025754, 0.068561, 0.080482, 0.383728, 0.441476]"
Squirrel,client,99,1618,0,MR,attack_member,evaluation,2,1,0.15909844636917114,0,0.8680669665336609,False,5,0.2,0,"[0.233954, 0.040914, 0.120753, 0.443533, 0.160845]"
Squirrel,client,99,1638,0,MR,attack_member,evaluation,0,1,0.2795299291610718,0,0.7096081972122192,False,1,0.0,0,"[0.052532, 0.03334, 0.04333, 0.746552, 0.124246]"
Squirrel,client,99,1650,0,MR,attack_member,evaluation,2,1,0.5480350255966187,0,0.8680669665336609,False,2,0.0,0,"[0.304977, 0.233537, 0.240032, 0.128433, 0.09302]"
Squirrel,client,99,1681,0,MR,attack_member,evaluation,4,1,0.1404353231191635,0,0.5929431915283203,False,8,0.625,0,"[0.258131, 0.087865, 0.198553, 0.298677, 0.156774]"
Squirrel,client,99,1742,0,MR,attack_member,evaluation,3,1,0.34882083535194397,0,0.6256242990493774,True,6,0.3333333333333333,1,"[0.061934, 0.023938, 0.084278, 0.48403, 0.345819]"
Squirrel,client,99,1761,0,MR,attack_member,evaluation,2,1,0.6482915878295898,0,0.8680669665336609,False,14,0.21428571428571427,0,"[0.315401, 0.152342, 0.294689, 0.114518, 0.123051]"
Squirrel,client,99,1800,0,MR,attack_member,evaluation,4,1,0.9722671508789062,1,0.5929431915283203,False,0,,1,"[0.063782, 0.031657, 0.037357, 0.006052, 0.861153]"
Squirrel,client,99,1824,0,MR,attack_member,evaluation,3,1,0.3724469542503357,0,0.6256242990493774,True,5,0.4,0,"[0.065343, 0.127162, 0.147043, 0.276767, 0.383685]"
Squirrel,client,99,1881,0,MR,attack_member,evaluation,2,1,0.09556951373815536,0,0.8680669665336609,False,2,0.5,0,"[0.01658, 0.1137, 0.04939, 0.437244, 0.383087]"
Squirrel,client,99,1901,0,MR,attack_member,evaluation,2,1,0.7916507124900818,0,0.8680669665336609,False,2,0.0,1,"[0.260984, 0.16662, 0.41381, 0.059973, 0.098614]"
Squirrel,client,99,1913,0,MR,attack_member,evaluation,4,1,0.2847391664981842,0,0.5929431915283203,False,1,0.0,0,"[0.56264, 0.098025, 0.080576, 0.079776, 0.178982]"
Squirrel,client,99,1934,0,MR,attack_member,evaluation,1,1,0.3278891444206238,0,0.6344954967498779,False,0,,0,"[0.484111, 0.194955, 0.099363, 0.093984, 0.127586]"
Squirrel,client,99,1936,0,MR,attack_member,evaluation,3,1,0.5268493890762329,0,0.6256242990493774,True,4,0.0,0,"[0.022052, 0.388645, 0.088054, 0.127654, 0.373595]"
Squirrel,client,99,1969,0,MR,attack_member,evaluation,0,1,0.7173090577125549,1,0.7096081972122192,False,1,0.0,1,"[0.697847, 0.054249, 0.034415, 0.056932, 0.156558]"
Squirrel,client,99,1986,0,MR,attack_member,evaluation,2,1,0.689140796661377,0,0.8680669665336609,False,1,0.0,0,"[0.029482, 0.472992, 0.387901, 0.108719, 0.000906]"
Squirrel,client,99,2041,0,MR,attack_member,evaluation,0,1,0.6991105079650879,0,0.7096081972122192,False,1,1.0,1,"[0.7203, 0.015723, 0.08771, 0.168786, 0.007481]"
Squirrel,client,99,2062,0,MR,attack_member,evaluation,1,1,0.40958818793296814,0,0.6344954967498779,False,0,,1,"[0.228928, 0.269284, 0.160544, 0.146675, 0.194569]"
Squirrel,client,99,2088,0,MR,attack_member,evaluation,3,1,0.5029215812683105,0,0.6256242990493774,True,2,0.0,0,"[0.308077, 0.146103, 0.42389, 0.042184, 0.079747]"
Squirrel,client,99,2098,0,MR,attack_member,evaluation,3,1,0.4031032919883728,0,0.6256242990493774,True,0,,0,"[0.077138, 0.1548, 0.536679, 0.196872, 0.034511]"
Squirrel,client,99,2107,0,MR,attack_member,evaluation,0,1,0.5063414573669434,0,0.7096081972122192,False,0,,1,"[0.443506, 0.003652, 0.189199, 0.284652, 0.078991]"
Squirrel,client,99,2135,0,MR,attack_member,evaluation,0,1,0.33552974462509155,0,0.7096081972122192,False,0,,0,"[0.275483, 0.411812, 0.092001, 0.057429, 0.163276]"
Squirrel,client,99,2147,0,MR,attack_member,evaluation,0,1,0.42008647322654724,0,0.7096081972122192,False,0,,1,"[0.359095, 0.309376, 0.071054, 0.157284, 0.103191]"
Squirrel,client,99,700,1,MR,attack_member,evaluation,1,1,0.5267469882965088,0,0.6344954967498779,False,6,0.16666666666666666,1,"[0.362392, 0.41111, 0.061752, 0.050639, 0.114108]"
Squirrel,client,99,706,1,MR,attack_member,evaluation,1,1,0.3444783389568329,0,0.6344954967498779,False,11,0.18181818181818182,0,"[0.478386, 0.153502, 0.136587, 0.163866, 0.067659]"
Squirrel,client,99,722,1,MR,attack_member,evaluation,1,1,0.33787885308265686,0,0.6344954967498779,False,2,0.0,0,"[0.289943, 0.16191, 0.192306, 0.183831, 0.172009]"
Squirrel,client,99,754,1,MR,attack_member,evaluation,3,1,0.39515936374664307,0,0.6256242990493774,True,13,0.07692307692307693,1,"[0.166723, 0.140273, 0.129975, 0.445882, 0.117147]"
Squirrel,client,99,786,1,MR,attack_member,evaluation,1,1,0.4379686117172241,0,0.6344954967498779,False,15,0.26666666666666666,1,"[0.243954, 0.27773, 0.118165, 0.258485, 0.101666]"
Squirrel,client,99,831,1,MR,attack_member,evaluation,2,1,0.4114142656326294,0,0.8680669665336609,False,9,0.1111111111111111,0,"[0.259494, 0.17785, 0.179881, 0.211652, 0.171122]"
Squirrel,client,99,853,1,MR,attack_member,evaluation,2,1,0.450361430644989,0,0.8680669665336609,False,6,0.16666666666666666,0,"[0.332486, 0.242765, 0.197365, 0.156661, 0.070723]"
Squirrel,client,99,887,1,MR,attack_member,evaluation,0,1,0.5242383480072021,0,0.7096081972122192,False,1,1.0,1,"[0.442563, 0.142832, 0.088117, 0.19275, 0.133737]"
Squirrel,client,99,903,1,MR,attack_member,evaluation,0,1,0.4068123400211334,0,0.7096081972122192,False,8,0.125,1,"[0.340137, 0.174854, 0.171749, 0.16383, 0.14943]"
Squirrel,client,99,910,1,MR,attack_member,evaluation,0,1,0.29538631439208984,0,0.7096081972122192,False,7,0.14285714285714285,0,"[0.222879, 0.242002, 0.220072, 0.121697, 0.193351]"
Squirrel,client,99,931,1,MR,attack_member,evaluation,0,1,0.38911089301109314,0,0.7096081972122192,False,20,0.3,1,"[0.347781, 0.227029, 0.173212, 0.150481, 0.101497]"
Squirrel,client,99,947,1,MR,attack_member,evaluation,0,1,0.5187408328056335,0,0.7096081972122192,False,2,0.0,1,"[0.480167, 0.149887, 0.15036, 0.102226, 0.11736]"
Squirrel,client,99,962,1,MR,attack_member,evaluation,3,1,0.37285590171813965,0,0.6256242990493774,True,6,0.16666666666666666,1,"[0.153946, 0.097725, 0.108228, 0.420023, 0.220078]"
Squirrel,client,99,966,1,MR,attack_member,evaluation,0,1,0.36830732226371765,0,0.7096081972122192,False,1,0.0,1,"[0.281152, 0.2266, 0.131078, 0.203045, 0.158126]"
Squirrel,client,99,1056,1,MR,attack_member,evaluation,0,1,0.26586267352104187,0,0.7096081972122192,False,1,0.0,0,"[0.258812, 0.25788, 0.310509, 0.083749, 0.08905]"
Squirrel,client,99,1086,1,MR,attack_member,evaluation,0,1,0.4675096869468689,0,0.7096081972122192,False,1,1.0,1,"[0.408001, 0.180819, 0.124148, 0.18334, 0.103692]"
Squirrel,client,99,1090,1,MR,attack_member,evaluation,2,1,0.6422536373138428,0,0.8680669665336609,False,7,0.14285714285714285,1,"[0.243822, 0.150706, 0.324328, 0.178383, 0.102761]"
Squirrel,client,99,1100,1,MR,attack_member,evaluation,3,1,0.524636447429657,0,0.6256242990493774,True,11,0.2727272727272727,0,"[0.46173, 0.217351, 0.034024, 0.076797, 0.210098]"
Squirrel,client,99,1112,1,MR,attack_member,evaluation,0,1,0.32228684425354004,0,0.7096081972122192,False,2,0.0,0,"[0.216927, 0.212533, 0.13438, 0.284197, 0.151963]"
Squirrel,client,99,1125,1,MR,attack_member,evaluation,1,1,0.3568769693374634,0,0.6344954967498779,False,2,0.0,0,"[0.282546, 0.186644, 0.179726, 0.186732, 0.164353]"
Squirrel,client,99,1197,1,MR,attack_member,evaluation,4,1,0.8176901340484619,1,0.5929431915283203,False,4,0.25,1,"[0.306349, 0.070887, 0.068647, 0.046211, 0.507907]"
Squirrel,client,99,1209,1,MR,attack_member,evaluation,0,1,0.5532721281051636,0,0.7096081972122192,False,0,,1,"[0.527407, 0.199536, 0.107101, 0.070767, 0.095189]"
Squirrel,client,99,1245,1,MR,attack_member,evaluation,3,1,0.5388579964637756,0,0.6256242990493774,True,43,0.20930232558139536,0,"[0.764419, 0.123462, 0.036592, 0.050856, 0.024672]"
Squirrel,client,99,1257,1,MR,attack_member,evaluation,1,1,0.658169686794281,1,0.6344954967498779,False,5,0.0,1,"[0.065583, 0.385134, 0.286945, 0.133466, 0.128871]"
Squirrel,client,99,1265,1,MR,attack_member,evaluation,0,1,0.3059481680393219,0,0.7096081972122192,False,3,0.0,0,"[0.219435, 0.247839, 0.173624, 0.180642, 0.17846]"
Squirrel,client,99,1304,1,MR,attack_member,evaluation,0,1,0.5008489489555359,0,0.7096081972122192,False,1,0.0,1,"[0.411895, 0.127085, 0.11065, 0.192625, 0.157746]"
Squirrel,client,99,1309,1,MR,attack_member,evaluation,0,1,0.2733362019062042,0,0.7096081972122192,False,4,0.25,0,"[0.220095, 0.217976, 0.253822, 0.190709, 0.117398]"
Squirrel,client,99,1333,1,MR,attack_member,evaluation,4,1,0.17558112740516663,0,0.5929431915283203,False,3,0.0,0,"[0.563386, 0.0594, 0.051735, 0.168828, 0.15665]"
Squirrel,client,99,1349,1,MR,attack_member,evaluation,0,1,0.535385012626648,0,0.7096081972122192,False,0,,1,"[0.50427, 0.136587, 0.150931, 0.10815, 0.100063]"
Squirrel,client,99,1407,1,MR,attack_member,evaluation,0,1,0.442758709192276,0,0.7096081972122192,False,24,0.20833333333333334,1,"[0.410249, 0.212267, 0.155467, 0.141721, 0.080296]"
Squirrel,client,99,1434,1,MR,attack_member,evaluation,0,1,0.26005080342292786,0,0.7096081972122192,False,2,0.5,0,"[0.229189, 0.296022, 0.275784, 0.055709, 0.143297]"
Squirrel,client,99,1471,1,MR,attack_member,evaluation,0,1,0.34124210476875305,0,0.7096081972122192,False,1,0.0,1,"[0.272061, 0.209698, 0.188455, 0.179151, 0.150635]"
Squirrel,client,99,1476,1,MR,attack_member,evaluation,0,1,0.58917635679245,0,0.7096081972122192,False,2,0.5,1,"[0.519819, 0.136593, 0.06453, 0.141629, 0.137429]"
Squirrel,client,99,1481,1,MR,attack_member,evaluation,0,1,0.5219432711601257,0,0.7096081972122192,False,1,0.0,1,"[0.51804, 0.269483, 0.096251, 0.087891, 0.028335]"
Squirrel,client,99,1483,1,MR,attack_member,evaluation,2,1,0.23943181335926056,0,0.8680669665336609,False,1,0.0,0,"[0.168636, 0.14474, 0.130272, 0.339853, 0.2165]"
Squirrel,client,99,1525,1,MR,attack_member,evaluation,1,1,0.5720714330673218,0,0.6344954967498779,False,14,0.2857142857142857,1,"[0.179585, 0.344764, 0.168552, 0.253152, 0.053947]"
Squirrel,client,99,1580,1,MR,attack_member,evaluation,3,1,0.49974772334098816,0,0.6256242990493774,True,3,0.0,0,"[0.399797, 0.32663, 0.126024, 0.092937, 0.054612]"
Squirrel,client,99,1652,1,MR,attack_member,evaluation,0,1,0.44718191027641296,0,0.7096081972122192,False,14,0.21428571428571427,1,"[0.421338, 0.223633, 0.152314, 0.133722, 0.068994]"
Squirrel,client,99,1702,1,MR,attack_member,evaluation,2,1,0.5536917448043823,0,0.8680669665336609,False,2,0.0,0,"[0.193232, 0.286558, 0.226601, 0.130472, 0.163137]"
Squirrel,client,99,1758,1,MR,attack_member,evaluation,2,1,0.37910088896751404,0,0.8680669665336609,False,13,0.07692307692307693,0,"[0.422217, 0.208087, 0.154041, 0.14317, 0.072485]"
Squirrel,client,99,1786,1,MR,attack_member,evaluation,2,1,0.5237789750099182,0,0.8680669665336609,False,3,0.0,0,"[0.129858, 0.361585, 0.214954, 0.141957, 0.151646]"
Squirrel,client,99,1796,1,MR,attack_member,evaluation,2,1,0.4467810094356537,0,0.8680669665336609,False,2,0.5,0,"[0.301871, 0.169986, 0.197069, 0.191325, 0.139749]"
Squirrel,client,99,1798,1,MR,attack_member,evaluation,0,1,0.2838662266731262,0,0.7096081972122192,False,1,0.0,0,"[0.194905, 0.247708, 0.160363, 0.274522, 0.122502]"
Squirrel,client,99,1830,1,MR,attack_member,evaluation,0,1,0.4972713887691498,0,0.7096081972122192,False,0,,1,"[0.417188, 0.192194, 0.091014, 0.137121, 0.162482]"
Squirrel,client,99,1832,1,MR,attack_member,evaluation,4,1,0.09944144636392593,0,0.5929431915283203,False,19,0.10526315789473684,0,"[0.825524, 0.044228, 0.050726, 0.055724, 0.023799]"
Squirrel,client,99,1862,1,MR,attack_member,evaluation,3,1,0.4537696838378906,0,0.6256242990493774,True,9,0.2222222222222222,0,"[0.443049, 0.219742, 0.127071, 0.149561, 0.060576]"
Squirrel,client,99,1865,1,MR,attack_member,evaluation,3,1,0.6102383136749268,0,0.6256242990493774,True,4,0.0,0,"[0.044333, 0.759807, 0.047293, 0.124931, 0.023637]"
Squirrel,client,99,1914,1,MR,attack_member,evaluation,0,1,0.7238833904266357,1,0.7096081972122192,False,0,,1,"[0.777843, 0.063741, 0.075722, 0.03512, 0.047574]"
Squirrel,client,99,1950,1,MR,attack_member,evaluation,1,1,0.38234126567840576,0,0.6344954967498779,False,7,0.14285714285714285,0,"[0.531098, 0.202914, 0.108255, 0.108222, 0.049512]"
Squirrel,client,99,2013,1,MR,attack_member,evaluation,1,1,0.8457946181297302,1,0.6344954967498779,False,0,,1,"[0.012834, 0.829803, 0.036663, 0.01175, 0.108951]"
Squirrel,client,99,2018,1,MR,attack_member,evaluation,0,1,0.2128468006849289,0,0.7096081972122192,False,1,0.0,0,"[0.165415, 0.357372, 0.275987, 0.046007, 0.155219]"
Squirrel,client,99,2025,1,MR,attack_member,evaluation,3,1,0.5079399943351746,0,0.6256242990493774,True,0,,0,"[0.727402, 0.019769, 0.02617, 0.203625, 0.023034]"
Squirrel,client,99,2035,1,MR,attack_member,evaluation,1,1,0.7296964526176453,1,0.6344954967498779,False,0,,1,"[0.244285, 0.559116, 0.090189, 0.081899, 0.024511]"
Squirrel,client,99,2044,1,MR,attack_member,evaluation,3,1,0.43111154437065125,0,0.6256242990493774,True,1,1.0,0,"[0.491083, 0.151504, 0.146368, 0.164787, 0.046257]"
Squirrel,client,99,2057,1,MR,attack_member,evaluation,0,1,0.4877733290195465,0,0.7096081972122192,False,0,,1,"[0.437914, 0.204055, 0.122222, 0.114074, 0.121735]"
Squirrel,client,99,2197,1,MR,attack_member,evaluation,0,1,0.4216378629207611,0,0.7096081972122192,False,0,,1,"[0.39332, 0.261524, 0.161139, 0.070324, 0.113692]"
Squirrel,client,99,5,2,MR,attack_member,evaluation,0,1,0.5762076377868652,0,0.7096081972122192,False,0,,1,"[0.584172, 0.241235, 0.091483, 0.050023, 0.033087]"
Squirrel,client,99,36,2,MR,attack_member,evaluation,0,1,0.4177785813808441,0,0.7096081972122192,False,13,0.5384615384615384,1,"[0.404898, 0.373562, 0.096198, 0.069375, 0.055967]"
Squirrel,client,99,67,2,MR,attack_member,evaluation,0,1,0.4877733290195465,0,0.7096081972122192,False,0,,1,"[0.437914, 0.204055, 0.122222, 0.114074, 0.121735]"
Squirrel,client,99,68,2,MR,attack_member,evaluation,2,1,0.9449188709259033,1,0.8680669665336609,False,1,0.0,1,"[0.016314, 0.007082, 0.933315, 0.033043, 0.010245]"
Squirrel,client,99,141,2,MR,attack_member,evaluation,2,1,0.9341157674789429,1,0.8680669665336609,False,0,,1,"[0.103491, 0.00912, 0.850471, 0.035674, 0.001244]"
Squirrel,client,99,210,2,MR,attack_member,evaluation,3,1,0.5942370295524597,0,0.6256242990493774,True,3,0.3333333333333333,1,"[0.084465, 0.028609, 0.025626, 0.847923, 0.013376]"
Squirrel,client,99,214,2,MR,attack_member,evaluation,0,1,0.7767693400382996,1,0.7096081972122192,False,0,,1,"[0.872311, 0.016764, 0.032837, 0.060652, 0.017436]"
Squirrel,client,99,244,2,MR,attack_member,evaluation,0,1,0.7103650569915771,1,0.7096081972122192,False,0,,1,"[0.748159, 0.072116, 0.077147, 0.044537, 0.058042]"
Squirrel,client,99,255,2,MR,attack_member,evaluation,0,1,0.44667214155197144,0,0.7096081972122192,False,0,,1,"[0.382839, 0.235532, 0.117489, 0.113271, 0.150868]"
Squirrel,client,99,259,2,MR,attack_member,evaluation,0,1,0.4690000116825104,0,0.7096081972122192,False,1,0.0,1,"[0.424621, 0.240552, 0.102398, 0.152956, 0.079473]"
Squirrel,client,99,265,2,MR,attack_member,evaluation,0,1,0.7453932762145996,1,0.7096081972122192,False,0,,1,"[0.796837, 0.027784, 0.048899, 0.089938, 0.036542]"
Squirrel,client,99,329,2,MR,attack_member,evaluation,0,1,0.4308431148529053,0,0.7096081972122192,False,0,,1,"[0.378742, 0.216879, 0.138306, 0.158572, 0.107501]"
Squirrel,client,99,342,2,MR,attack_member,evaluation,0,1,0.5627717971801758,0,0.7096081972122192,False,0,,1,"[0.566737, 0.118882, 0.166113, 0.117756, 0.030513]"
Squirrel,client,99,351,2,MR,attack_member,evaluation,0,1,0.3772299289703369,0,0.7096081972122192,False,4,0.5,0,"[0.346021, 0.384038, 0.085193, 0.120982, 0.063766]"
Squirrel,client,99,406,2,MR,attack_member,evaluation,0,1,0.43319395184516907,0,0.7096081972122192,False,0,,1,"[0.382793, 0.268386, 0.111654, 0.123675, 0.113492]"
Squirrel,client,99,419,2,MR,attack_member,evaluation,0,1,0.4314185380935669,0,0.7096081972122192,False,0,,1,"[0.38198, 0.342334, 0.078944, 0.063703, 0.133038]"
Squirrel,client,99,443,2,MR,attack_member,evaluation,2,1,0.40920159220695496,0,0.8680669665336609,False,1,0.0,0,"[0.138128, 0.193073, 0.260692, 0.350372, 0.057734]"
Squirrel,client,99,456,2,MR,attack_member,evaluation,1,1,0.6892134547233582,1,0.6344954967498779,False,2,0.5,1,"[0.151323, 0.565765, 0.038385, 0.190115, 0.054412]"
Squirrel,client,99,483,2,MR,attack_member,evaluation,2,1,0.38539209961891174,0,0.8680669665336609,False,0,,0,"[0.39938, 0.272106, 0.151773, 0.125087, 0.051654]"
Squirrel,client,99,493,2,MR,attack_member,evaluation,1,1,0.8928155899047852,1,0.6344954967498779,False,1,1.0,1,"[0.024336, 0.916301, 0.012469, 0.026143, 0.02075]"
Squirrel,client,99,537,2,MR,attack_member,evaluation,3,1,0.4279923141002655,0,0.6256242990493774,True,1,0.0,0,"[0.231277, 0.30361, 0.137055, 0.216058, 0.112]"
Squirrel,client,99,553,2,MR,attack_member,evaluation,0,1,0.4947664141654968,0,0.7096081972122192,False,1,1.0,1,"[0.453842, 0.208416, 0.125931, 0.099421, 0.11239]"
Squirrel,client,99,560,2,MR,attack_member,evaluation,1,1,0.4650510251522064,0,0.6344954967498779,False,4,0.5,0,"[0.485554, 0.315125, 0.045359, 0.13096, 0.023001]"
Squirrel,client,99,564,2,MR,attack_member,evaluation,1,1,0.44831109046936035,0,0.6344954967498779,False,0,,0,"[0.328408, 0.310987, 0.081164, 0.185352, 0.09409]"
Squirrel,client,99,570,2,MR,attack_member,evaluation,1,1,0.5822346210479736,0,0.6344954967498779,False,0,,0,"[0.360203, 0.345011, 0.193936, 0.029354, 0.071497]"
Squirrel,client,99,577,2,MR,attack_member,evaluation,0,1,0.5884249210357666,0,0.7096081972122192,False,0,,1,"[0.578006, 0.157485, 0.113489, 0.086645, 0.064375]"
Squirrel,client,99,621,2,MR,attack_member,evaluation,1,1,0.6369543075561523,1,0.6344954967498779,False,0,,1,"[0.266802, 0.474716, 0.085822, 0.112962, 0.059698]"
Squirrel,client,99,622,2,MR,attack_member,evaluation,0,1,0.4218432903289795,0,0.7096081972122192,False,0,,1,"[0.361915, 0.24938, 0.100368, 0.201999, 0.086337]"
Squirrel,client,99,686,2,MR,attack_member,evaluation,0,1,0.4877733290195465,0,0.7096081972122192,False,0,,1,"[0.437914, 0.204055, 0.122222, 0.114074, 0.121735]"
Squirrel,client,99,39,3,MR,attack_member,evaluation,2,1,0.3289899528026581,0,0.8680669665336609,False,3,0.0,0,"[0.505906, 0.199512, 0.104417, 0.088896, 0.101269]"
Squirrel,client,99,48,3,MR,attack_member,evaluation,0,1,0.7649358510971069,1,0.7096081972122192,False,2,1.0,1,"[0.846752, 0.05065, 0.032295, 0.032018, 0.038285]"
Squirrel,client,99,184,3,MR,attack_member,evaluation,0,1,0.35218894481658936,0,0.7096081972122192,False,2,0.0,1,"[0.290369, 0.178794, 0.2148, 0.16216, 0.153877]"
Squirrel,client,99,204,3,MR,attack_member,evaluation,0,1,0.34171852469444275,0,0.7096081972122192,False,2,0.5,1,"[0.353558, 0.24873, 0.263304, 0.084784, 0.049624]"
Squirrel,client,99,261,3,MR,attack_member,evaluation,4,1,0.8836968541145325,1,0.5929431915283203,False,0,,1,"[0.063371, 0.024673, 0.202327, 0.091643, 0.617986]"
Squirrel,client,99,319,3,MR,attack_member,evaluation,2,1,0.7699568271636963,0,0.8680669665336609,False,0,,1,"[0.206731, 0.156215, 0.374129, 0.09008, 0.172846]"
Squirrel,client,99,336,3,MR,attack_member,evaluation,0,1,0.676612138748169,0,0.7096081972122192,False,0,,1,"[0.685525, 0.067954, 0.087539, 0.113686, 0.045297]"
Squirrel,client,99,337,3,MR,attack_member,evaluation,0,1,0.5303908586502075,0,0.7096081972122192,False,1,1.0,1,"[0.512908, 0.185646, 0.1353, 0.095602, 0.070544]"
Squirrel,client,99,350,3,MR,attack_member,evaluation,0,1,0.30985787510871887,0,0.7096081972122192,False,1,0.0,1,"[0.316639, 0.310086, 0.241657, 0.082215, 0.049402]"
Squirrel,client,99,411,3,MR,attack_member,evaluation,0,1,0.38455718755722046,0,0.7096081972122192,False,4,0.0,1,"[0.333375, 0.152383, 0.204671, 0.206377, 0.103194]"
Squirrel,client,99,433,3,MR,attack_member,evaluation,0,1,0.7657418251037598,1,0.7096081972122192,False,2,1.0,1,"[0.846329, 0.020459, 0.047007, 0.041469, 0.044736]"
Squirrel,client,99,500,3,MR,attack_member,evaluation,0,1,0.6247608065605164,0,0.7096081972122192,False,0,,1,"[0.612449, 0.127885, 0.100405, 0.073758, 0.085503]"
Squirrel,client,99,534,3,MR,attack_member,evaluation,0,1,0.4685963988304138,0,0.7096081972122192,False,0,,1,"[0.417613, 0.163666, 0.158152, 0.134316, 0.126253]"
Squirrel,client,99,669,3,MR,attack_member,evaluation,3,1,0.3833380341529846,0,0.6256242990493774,True,5,0.2,0,"[0.319948, 0.143547, 0.170513, 0.282734, 0.083259]"
Squirrel,client,99,688,3,MR,attack_member,evaluation,0,1,0.4715409576892853,0,0.7096081972122192,False,0,,1,"[0.37004, 0.224552, 0.065144, 0.14566, 0.194604]"
Squirrel,client,99,838,3,MR,attack_member,evaluation,0,1,0.5052224397659302,0,0.7096081972122192,False,0,,1,"[0.497207, 0.231422, 0.133817, 0.084521, 0.053032]"
Squirrel,client,99,918,3,MR,attack_member,evaluation,1,1,0.5996757745742798,0,0.6344954967498779,False,1,0.0,1,"[0.307398, 0.313291, 0.250217, 0.071856, 0.057237]"
Squirrel,client,99,923,3,MR,attack_member,evaluation,0,1,0.5664915442466736,0,0.7096081972122192,False,0,,1,"[0.50972, 0.179801, 0.072412, 0.112885, 0.125182]"
Squirrel,client,99,943,3,MR,attack_member,evaluation,2,1,0.4697275757789612,0,0.8680669665336609,False,0,,0,"[0.318691, 0.20898, 0.191065, 0.144882, 0.136382]"
Squirrel,client,99,958,3,MR,attack_member,evaluation,0,1,0.26947924494743347,0,0.7096081972122192,False,7,0.0,0,"[0.316244, 0.122464, 0.470656, 0.04708, 0.043556]"
Squirrel,client,99,1032,3,MR,attack_member,evaluation,1,1,0.552996039390564,0,0.6344954967498779,False,0,,1,"[0.221858, 0.294935, 0.253134, 0.117975, 0.112098]"
Squirrel,client,99,1047,3,MR,attack_member,evaluation,0,1,0.6865125298500061,0,0.7096081972122192,False,0,,1,"[0.677501, 0.102226, 0.048671, 0.074653, 0.096949]"
Squirrel,client,99,1124,3,MR,attack_member,evaluation,2,1,0.5934552550315857,0,0.8680669665336609,False,0,,1,"[0.248776, 0.175511, 0.309432, 0.200181, 0.066101]"
Squirrel,client,99,1155,3,MR,attack_member,evaluation,2,1,0.5372750163078308,0,0.8680669665336609,False,0,,0,"[0.46981, 0.113973, 0.220404, 0.085852, 0.109961]"
Squirrel,client,99,1189,3,MR,attack_member,evaluation,1,1,0.5353232026100159,0,0.6344954967498779,False,1,1.0,1,"[0.356371, 0.364394, 0.085908, 0.14928, 0.044048]"
Squirrel,client,99,1194,3,MR,attack_member,evaluation,0,1,0.565967321395874,0,0.7096081972122192,False,0,,1,"[0.566794, 0.105137, 0.178601, 0.088459, 0.061009]"
Squirrel,client,99,1206,3,MR,attack_member,evaluation,1,1,0.7302746176719666,1,0.6344954967498779,False,1,0.0,1,"[0.199205, 0.502704, 0.17665, 0.082109, 0.039332]"
Squirrel,client,99,1210,3,MR,attack_member,evaluation,2,1,0.5636596083641052,0,0.8680669665336609,False,1,1.0,0,"[0.211593, 0.455593, 0.237617, 0.063836, 0.03136]"
Squirrel,client,99,1215,3,MR,attack_member,evaluation,2,1,0.5073463320732117,0,0.8680669665336609,False,0,,0,"[0.199819, 0.45037, 0.209351, 0.0975, 0.042961]"
Squirrel,client,99,64,5,MR,attack_member,evaluation,0,1,0.224313423037529,0,0.7096081972122192,False,98,0.09183673469387756,0,"[0.11998, 0.18341, 0.293481, 0.176977, 0.226152]"
Squirrel,client,99,111,5,MR,attack_member,evaluation,0,1,0.30214154720306396,0,0.7096081972122192,False,3,0.0,0,"[0.212599, 0.184923, 0.218628, 0.188104, 0.195745]"
Squirrel,client,99,295,5,MR,attack_member,evaluation,2,1,0.6431967616081238,0,0.8680669665336609,False,92,0.30434782608695654,1,"[0.117767, 0.182931, 0.29608, 0.176828, 0.226394]"
Squirrel,client,99,311,5,MR,attack_member,evaluation,1,1,0.41307005286216736,0,0.6344954967498779,False,143,0.2517482517482518,0,"[0.123309, 0.179148, 0.306454, 0.172313, 0.218776]"
Squirrel,client,99,334,5,MR,attack_member,evaluation,3,1,0.4134344160556793,0,0.6256242990493774,True,136,0.20588235294117646,0,"[0.115383, 0.170827, 0.30182, 0.183941, 0.228028]"
Squirrel,client,99,510,5,MR,attack_member,evaluation,0,1,0.3645252287387848,0,0.7096081972122192,False,5,0.0,1,"[0.312383, 0.228318, 0.191276, 0.119388, 0.148635]"
Squirrel,client,99,519,5,MR,attack_member,evaluation,4,1,0.3684651851654053,0,0.5929431915283203,False,125,0.128,0,"[0.108062, 0.169993, 0.308493, 0.183507, 0.229945]"
Squirrel,client,99,624,5,MR,attack_member,evaluation,2,1,0.6555382609367371,0,0.8680669665336609,False,116,0.27586206896551724,1,"[0.110332, 0.171373, 0.307287, 0.182229, 0.22878]"
Squirrel,client,99,637,5,MR,attack_member,evaluation,2,1,0.6627808809280396,0,0.8680669665336609,False,114,0.2807017543859649,1,"[0.106576, 0.169677, 0.31269, 0.182205, 0.228853]"
Squirrel,client,99,641,5,MR,attack_member,evaluation,1,1,0.4091748595237732,0,0.6344954967498779,False,75,0.18666666666666668,0,"[0.111591, 0.180751, 0.305106, 0.175337, 0.227215]"
Squirrel,client,99,661,5,MR,attack_member,evaluation,0,1,0.27986520528793335,0,0.7096081972122192,False,3,0.0,0,"[0.187686, 0.180585, 0.238956, 0.192486, 0.200287]"
Squirrel,client,99,742,5,MR,attack_member,evaluation,0,1,0.2238713949918747,0,0.7096081972122192,False,79,0.06329113924050633,0,"[0.126547, 0.186288, 0.300049, 0.172015, 0.215101]"
Squirrel,client,99,815,5,MR,attack_member,evaluation,1,1,0.4109961688518524,0,0.6344954967498779,False,74,0.1891891891891892,0,"[0.111168, 0.180451, 0.30696, 0.175567, 0.225854]"
Squirrel,client,99,946,5,MR,attack_member,evaluation,3,1,0.4162456691265106,0,0.6256242990493774,True,92,0.21739130434782608,0,"[0.103611, 0.162225, 0.316849, 0.184814, 0.232501]"
Squirrel,client,99,950,5,MR,attack_member,evaluation,1,1,0.38732171058654785,0,0.6344954967498779,False,82,0.21951219512195122,0,"[0.094564, 0.162653, 0.306479, 0.200407, 0.235898]"
Squirrel,client,99,1026,5,MR,attack_member,evaluation,0,1,0.20648756623268127,0,0.7096081972122192,False,88,0.10227272727272728,0,"[0.097162, 0.166062, 0.325082, 0.180749, 0.230945]"
Squirrel,client,99,1234,5,MR,attack_member,evaluation,1,1,0.40948614478111267,0,0.6344954967498779,False,73,0.1780821917808219,0,"[0.09295, 0.163897, 0.332091, 0.178986, 0.232075]"
Squirrel,client,99,1249,5,MR,attack_member,evaluation,2,1,0.651088535785675,0,0.8680669665336609,False,66,0.2878787878787879,1,"[0.089605, 0.159694, 0.312096, 0.200418, 0.238186]"
Squirrel,client,99,1266,5,MR,attack_member,evaluation,0,1,0.2070581316947937,0,0.7096081972122192,False,50,0.02,0,"[0.100573, 0.176134, 0.322635, 0.171067, 0.229592]"
Squirrel,client,99,1277,5,MR,attack_member,evaluation,3,1,0.4278200566768646,0,0.6256242990493774,True,65,0.24615384615384617,0,"[0.090509, 0.162939, 0.336713, 0.177159, 0.232679]"
Squirrel,client,99,1317,5,MR,attack_member,evaluation,4,1,0.36584988236427307,0,0.5929431915283203,False,60,0.18333333333333332,0,"[0.088193, 0.158969, 0.312991, 0.199946, 0.239901]"
Squirrel,client,99,1459,5,MR,attack_member,evaluation,4,1,0.38983824849128723,0,0.5929431915283203,False,50,0.14,0,"[0.084874, 0.15873, 0.352592, 0.171066, 0.232738]"
Squirrel,client,99,1461,5,MR,attack_member,evaluation,3,1,0.4379115700721741,0,0.6256242990493774,True,49,0.24489795918367346,0,"[0.084458, 0.158129, 0.354131, 0.170438, 0.232844]"
Squirrel,client,99,1473,5,MR,attack_member,evaluation,2,1,0.7233282327651978,0,0.8680669665336609,False,48,0.3541666666666667,1,"[0.090026, 0.159856, 0.356389, 0.168891, 0.224838]"
Squirrel,client,99,1495,5,MR,attack_member,evaluation,2,1,0.7420722842216492,0,0.8680669665336609,False,45,0.3333333333333333,1,"[0.096049, 0.165962, 0.365688, 0.151585, 0.220716]"
Squirrel,client,99,1715,5,MR,attack_member,evaluation,2,1,0.778109610080719,0,0.8680669665336609,False,17,0.35294117647058826,1,"[0.075743, 0.152334, 0.390327, 0.138709, 0.242888]"
Squirrel,client,99,1736,5,MR,attack_member,evaluation,2,1,0.7879363894462585,0,0.8680669665336609,False,18,0.2777777777777778,1,"[0.067969, 0.143544, 0.40094, 0.140094, 0.247453]"
Squirrel,client,99,1751,5,MR,attack_member,evaluation,0,1,0.20548392832279205,0,0.7096081972122192,False,1,0.0,0,"[0.187932, 0.151425, 0.471728, 0.041451, 0.147463]"
Squirrel,client,99,1883,5,MR,attack_member,evaluation,1,1,0.4220651686191559,0,0.6344954967498779,False,0,,0,"[0.437445, 0.225706, 0.167679, 0.069991, 0.099179]"
Squirrel,client,99,119,7,MR,attack_member,evaluation,1,1,0.33719414472579956,0,0.6344954967498779,False,26,0.07692307692307693,0,"[0.347636, 0.176028, 0.154077, 0.174486, 0.147773]"
Squirrel,client,99,121,7,MR,attack_member,evaluation,1,1,0.30243444442749023,0,0.6344954967498779,False,121,0.2396694214876033,0,"[0.531639, 0.154053, 0.097047, 0.116777, 0.100483]"
Squirrel,client,99,253,7,MR,attack_member,evaluation,0,1,0.5623031854629517,0,0.7096081972122192,False,114,0.4298245614035088,1,"[0.520724, 0.159384, 0.100209, 0.121477, 0.098206]"
Squirrel,client,99,256,7,MR,attack_member,evaluation,0,1,0.3586885631084442,0,0.7096081972122192,False,4,0.0,1,"[0.281079, 0.18772, 0.181857, 0.183924, 0.16542]"
Squirrel,client,99,257,7,MR,attack_member,evaluation,0,1,0.4694257974624634,0,0.7096081972122192,False,136,0.27941176470588236,1,"[0.400577, 0.157032, 0.136905, 0.167075, 0.13841]"
Squirrel,client,99,333,7,MR,attack_member,evaluation,0,1,0.5547335743904114,0,0.7096081972122192,False,114,0.39473684210526316,1,"[0.509063, 0.159297, 0.102759, 0.12318, 0.105701]"
Squirrel,client,99,355,7,MR,attack_member,evaluation,0,1,0.565837562084198,0,0.7096081972122192,False,106,0.4056603773584906,1,"[0.524356, 0.155477, 0.100094, 0.121247, 0.098826]"
Squirrel,client,99,378,7,MR,attack_member,evaluation,1,1,0.3080039322376251,0,0.6344954967498779,False,108,0.24074074074074073,0,"[0.515854, 0.157137, 0.102661, 0.122252, 0.102095]"
Squirrel,client,99,598,7,MR,attack_member,evaluation,0,1,0.558404266834259,0,0.7096081972122192,False,96,0.375,1,"[0.514758, 0.156976, 0.102406, 0.125218, 0.100643]"
Squirrel,client,99,626,7,MR,attack_member,evaluation,0,1,0.339682400226593,0,0.7096081972122192,False,11,0.0,1,"[0.248898, 0.173751, 0.193343, 0.189875, 0.194133]"
Squirrel,client,99,656,7,MR,attack_member,evaluation,0,1,0.5674402713775635,0,0.7096081972122192,False,91,0.38461538461538464,1,"[0.526568, 0.154307, 0.099835, 0.121965, 0.097326]"
Squirrel,client,99,682,7,MR,attack_member,evaluation,1,1,0.3083677291870117,0,0.6344954967498779,False,95,0.2631578947368421,0,"[0.517375, 0.157933, 0.101516, 0.121877, 0.101299]"
Squirrel,client,99,757,7,MR,attack_member,evaluation,0,1,0.40257593989372253,0,0.7096081972122192,False,20,0.1,1,"[0.330288, 0.179812, 0.166393, 0.163357, 0.16015]"
Squirrel,client,99,764,7,MR,attack_member,evaluation,0,1,0.3917207717895508,0,0.7096081972122192,False,3,0.0,1,"[0.333445, 0.136664, 0.226664, 0.13742, 0.165806]"
Squirrel,client,99,960,7,MR,attack_member,evaluation,0,1,0.539215624332428,0,0.7096081972122192,False,67,0.2835820895522388,1,"[0.490208, 0.159059, 0.110056, 0.132593, 0.108083]"
Squirrel,client,99,988,7,MR,attack_member,evaluation,0,1,0.3566712737083435,0,0.7096081972122192,False,7,0.2857142857142857,1,"[0.276588, 0.185487, 0.18393, 0.180611, 0.173384]"
Squirrel,client,99,1001,7,MR,attack_member,evaluation,3,1,0.4597029685974121,0,0.6256242990493774,True,74,0.10810810810810811,0,"[0.510735, 0.156005, 0.104484, 0.128279, 0.100496]"
Squirrel,client,99,1012,7,MR,attack_member,evaluation,0,1,0.37452998757362366,0,0.7096081972122192,False,4,0.25,1,"[0.299936, 0.186692, 0.175959, 0.175698, 0.161715]"
Squirrel,client,99,1190,7,MR,attack_member,evaluation,0,1,0.5516875386238098,0,0.7096081972122192,False,66,0.3181818181818182,1,"[0.506722, 0.158326, 0.104928, 0.128724, 0.1013]"
Squirrel,client,99,1201,7,MR,attack_member,evaluation,0,1,0.5587135553359985,0,0.7096081972122192,False,63,0.31746031746031744,1,"[0.515757, 0.156304, 0.102923, 0.126117, 0.098899]"
Squirrel,client,99,1390,7,MR,attack_member,evaluation,4,1,0.18970856070518494,0,0.5929431915283203,False,56,0.26785714285714285,0,"[0.481629, 0.15065, 0.118582, 0.133232, 0.115907]"
Squirrel,client,99,1413,7,MR,attack_member,evaluation,0,1,0.5527355670928955,0,0.7096081972122192,False,46,0.2391304347826087,1,"[0.508495, 0.157014, 0.105311, 0.129663, 0.099518]"
Squirrel,client,99,1512,7,MR,attack_member,evaluation,0,1,0.5295106768608093,0,0.7096081972122192,False,44,0.18181818181818182,1,"[0.479552, 0.163717, 0.112083, 0.137915, 0.106732]"
Squirrel,client,99,1589,7,MR,attack_member,evaluation,1,1,0.3255229890346527,0,0.6344954967498779,False,39,0.2564102564102564,0,"[0.45832, 0.173972, 0.115273, 0.13785, 0.114584]"
Squirrel,client,99,1641,7,MR,attack_member,evaluation,1,1,0.34455403685569763,0,0.6344954967498779,False,10,0.1,0,"[0.272751, 0.189103, 0.177515, 0.170696, 0.189934]"
Squirrel,client,99,1940,7,MR,attack_member,evaluation,4,1,0.2189859002828598,0,0.5929431915283203,False,15,0.3333333333333333,0,"[0.429517, 0.190323, 0.119627, 0.133282, 0.12725]"
Squirrel,client,99,2130,7,MR,attack_member,evaluation,4,1,0.27748537063598633,0,0.5929431915283203,False,7,0.2857142857142857,0,"[0.360316, 0.210442, 0.127624, 0.138018, 0.163598]"
Squirrel,client,99,2157,7,MR,attack_member,evaluation,3,1,0.40829887986183167,0,0.6256242990493774,True,20,0.15,0,"[0.202393, 0.208199, 0.189265, 0.187509, 0.212634]"
Squirrel,client,99,1921,7,MR,attack_member,evaluation,1,1,0.33000674843788147,0,0.6344954967498779,False,36,0.05555555555555555,0,"[0.157811, 0.160342, 0.223882, 0.228433, 0.229532]"
Squirrel,client,99,2014,7,MR,attack_member,evaluation,3,1,0.3764510750770569,0,0.6256242990493774,True,37,0.2972972972972973,0,"[0.148907, 0.16174, 0.217019, 0.234052, 0.238281]"
Squirrel,client,99,2127,7,MR,attack_member,evaluation,3,1,0.38481348752975464,0,0.6256242990493774,True,21,0.2857142857142857,0,"[0.134289, 0.183709, 0.224582, 0.222623, 0.234797]"
Squirrel,client,99,2198,7,MR,attack_member,evaluation,4,1,0.3887511193752289,0,0.5929431915283203,False,7,0.42857142857142855,1,"[0.180636, 0.197426, 0.194813, 0.179292, 0.247834]"
Squirrel,client,99,2218,7,MR,attack_member,evaluation,3,1,0.428661048412323,0,0.6256242990493774,True,1,0.0,0,"[0.219169, 0.187841, 0.162861, 0.164913, 0.265215]"
Squirrel,client,99,574,0,MR,attack_nonmember,evaluation,1,0,0.6099996566772461,0,0.6344954967498779,False,13,0.0,0,"[0.175881, 0.080496, 0.609232, 0.038761, 0.095629]"
Squirrel,client,99,684,0,MR,attack_nonmember,evaluation,0,0,0.34874850511550903,0,0.7096081972122192,False,4,0.0,1,"[0.296714, 0.187313, 0.222876, 0.153471, 0.139625]"
Squirrel,client,99,715,0,MR,attack_nonmember,evaluation,2,0,0.41639259457588196,0,0.8680669665336609,False,4,0.0,0,"[0.22242, 0.199127, 0.171047, 0.198011, 0.209395]"
Squirrel,client,99,737,0,MR,attack_nonmember,evaluation,4,0,0.17625278234481812,0,0.5929431915283203,False,10,0.3,0,"[0.063914, 0.241898, 0.242919, 0.305921, 0.145348]"
Squirrel,client,99,758,0,MR,attack_nonmember,evaluation,2,0,0.7140235304832458,0,0.8680669665336609,False,3,0.6666666666666666,0,"[0.364137, 0.146639, 0.362998, 0.083372, 0.042854]"
Squirrel,client,99,811,0,MR,attack_nonmember,evaluation,0,0,0.26931652426719666,0,0.7096081972122192,False,4,0.0,0,"[0.181923, 0.215893, 0.151939, 0.419034, 0.031211]"
Squirrel,client,99,825,0,MR,attack_nonmember,evaluation,2,0,0.05003237724304199,0,0.8680669665336609,False,4,0.25,0,"[0.159106, 0.020796, 0.090071, 0.70251, 0.027518]"
Squirrel,client,99,861,0,MR,attack_nonmember,evaluation,4,0,0.11695023626089096,0,0.5929431915283203,False,5,0.2,0,"[0.076005, 0.332841, 0.288898, 0.271855, 0.0304]"
Squirrel,client,99,868,0,MR,attack_nonmember,evaluation,0,0,0.3035121262073517,0,0.7096081972122192,False,3,0.3333333333333333,0,"[0.230587, 0.186273, 0.181157, 0.34002, 0.061963]"
Squirrel,client,99,889,0,MR,attack_nonmember,evaluation,0,0,0.22953608632087708,0,0.7096081972122192,False,2,0.5,0,"[0.222137, 0.183556, 0.396078, 0.121023, 0.077206]"
Squirrel,client,99,957,0,MR,attack_nonmember,evaluation,2,0,0.5717701315879822,0,0.8680669665336609,False,5,0.0,1,"[0.184427, 0.099075, 0.28093, 0.235931, 0.199637]"
Squirrel,client,99,1002,0,MR,attack_nonmember,evaluation,2,0,0.4748775362968445,0,0.8680669665336609,False,3,0.3333333333333333,0,"[0.045671, 0.508174, 0.194745, 0.145443, 0.105966]"
Squirrel,client,99,1016,0,MR,attack_nonmember,evaluation,3,0,0.3688051998615265,0,0.6256242990493774,True,15,0.13333333333333333,0,"[0.344771, 0.079021, 0.264345, 0.192833, 0.119031]"
Squirrel,client,99,1049,0,MR,attack_nonmember,evaluation,0,0,0.10452583432197571,0,0.7096081972122192,False,1,0.0,0,"[0.029461, 0.504483, 0.360424, 0.104452, 0.001181]"
Squirrel,client,99,1177,0,MR,attack_nonmember,evaluation,3,0,0.46517255902290344,0,0.6256242990493774,True,3,0.0,0,"[0.294694, 0.346834, 0.161666, 0.132142, 0.064664]"
Squirrel,client,99,1187,0,MR,attack_nonmember,evaluation,2,0,0.24413108825683594,0,0.8680669665336609,False,1,1.0,0,"[0.530545, 0.178649, 0.020412, 0.042027, 0.228366]"
Squirrel,client,99,1198,0,MR,attack_nonmember,evaluation,2,0,0.34101366996765137,0,0.8680669665336609,False,0,,0,"[0.253197, 0.093377, 0.115192, 0.176067, 0.362168]"
Squirrel,client,99,1298,0,MR,attack_nonmember,evaluation,2,0,0.8143267035484314,0,0.8680669665336609,False,10,0.2,1,"[0.133496, 0.145975, 0.491473, 0.135849, 0.093207]"
Squirrel,client,99,1420,0,MR,attack_nonmember,evaluation,1,0,0.6269396543502808,0,0.6344954967498779,False,14,0.14285714285714285,1,"[0.033141, 0.479025, 0.155918, 0.147462, 0.184454]"
Squirrel,client,99,1431,0,MR,attack_nonmember,evaluation,3,0,0.38502657413482666,0,0.6256242990493774,True,2,0.5,0,"[0.351857, 0.139695, 0.201808, 0.203515, 0.103125]"
Squirrel,client,99,1448,0,MR,attack_nonmember,evaluation,0,0,0.24657613039016724,0,0.7096081972122192,False,3,0.0,0,"[0.128635, 0.490691, 0.071915, 0.039186, 0.269573]"
Squirrel,client,99,1460,0,MR,attack_nonmember,evaluation,2,0,0.3564271032810211,0,0.8680669665336609,False,2,0.0,0,"[0.027565, 0.433136, 0.217431, 0.314969, 0.006899]"
Squirrel,client,99,1486,0,MR,attack_nonmember,evaluation,1,0,0.6436951160430908,1,0.6344954967498779,False,0,,1,"[0.105017, 0.446386, 0.235875, 0.01045, 0.202271]"
Squirrel,client,99,1719,0,MR,attack_nonmember,evaluation,3,0,0.40930643677711487,0,0.6256242990493774,True,2,0.0,1,"[0.384072, 0.009169, 0.142366, 0.420308, 0.044085]"
Squirrel,client,99,1765,0,MR,attack_nonmember,evaluation,4,0,0.34410277009010315,0,0.5929431915283203,False,4,1.0,0,"[0.033951, 0.384989, 0.158106, 0.225055, 0.197899]"
Squirrel,client,99,1791,0,MR,attack_nonmember,evaluation,1,0,0.6329331994056702,0,0.6344954967498779,False,0,,0,"[0.010979, 0.130059, 0.512897, 0.332685, 0.013379]"
Squirrel,client,99,1823,0,MR,attack_nonmember,evaluation,4,0,0.06886465102434158,0,0.5929431915283203,False,3,0.3333333333333333,0,"[0.010362, 0.150821, 0.073174, 0.578292, 0.187351]"
Squirrel,client,99,1869,0,MR,attack_nonmember,evaluation,1,0,0.5479657649993896,0,0.6344954967498779,False,4,0.5,1,"[0.12723, 0.376303, 0.116266, 0.294317, 0.085883]"
Squirrel,client,99,1926,0,MR,attack_nonmember,evaluation,1,0,0.11515162885189056,0,0.6344954967498779,False,0,,0,"[0.067186, 0.202191, 0.016276, 0.06197, 0.652377]"
Squirrel,client,99,1971,0,MR,attack_nonmember,evaluation,0,0,0.4206124544143677,0,0.7096081972122192,False,0,,1,"[0.369357, 0.263908, 0.100896, 0.193721, 0.072118]"
Squirrel,client,99,2005,0,MR,attack_nonmember,evaluation,4,0,0.09723550081253052,0,0.5929431915283203,False,0,,0,"[0.277769, 0.153119, 0.203726, 0.288745, 0.076641]"
Squirrel,client,99,2024,0,MR,attack_nonmember,evaluation,2,0,0.6352553367614746,0,0.8680669665336609,False,2,0.0,0,"[0.032128, 0.503692, 0.339211, 0.121418, 0.003552]"
Squirrel,client,99,2045,0,MR,attack_nonmember,evaluation,3,0,0.5487363338470459,0,0.6256242990493774,True,0,,0,"[0.216479, 0.193897, 0.49895, 0.026277, 0.064397]"
Squirrel,client,99,2093,0,MR,attack_nonmember,evaluation,4,0,0.24508105218410492,0,0.5929431915283203,False,5,0.4,0,"[0.035873, 0.363699, 0.021819, 0.350236, 0.228373]"
Squirrel,client,99,2118,0,MR,attack_nonmember,evaluation,0,0,0.40598899126052856,0,0.7096081972122192,False,1,1.0,1,"[0.35085, 0.343541, 0.064516, 0.146763, 0.094329]"
Squirrel,client,99,2205,0,MR,attack_nonmember,evaluation,3,0,0.5166363716125488,0,0.6256242990493774,True,0,,1,"[0.121827, 0.242848, 0.026897, 0.534487, 0.073941]"
Squirrel,client,99,2216,0,MR,attack_nonmember,evaluation,4,0,0.5299227833747864,0,0.5929431915283203,False,0,,1,"[0.015149, 0.076993, 0.069119, 0.343563, 0.495175]"
Squirrel,client,99,2222,0,MR,attack_nonmember,evaluation,1,0,0.4032203257083893,0,0.6344954967498779,False,0,,0,"[0.558564, 0.101753, 0.27498, 0.016603, 0.0481]"
Squirrel,client,99,713,1,MR,attack_nonmember,evaluation,0,0,0.29380351305007935,0,0.7096081972122192,False,5,0.0,0,"[0.206758, 0.219893, 0.231002, 0.103471, 0.238877]"
Squirrel,client,99,724,1,MR,attack_nonmember,evaluation,0,0,0.4413343667984009,0,0.7096081972122192,False,1,0.0,1,"[0.399893, 0.296992, 0.10835, 0.074527, 0.120237]"
Squirrel,client,99,780,1,MR,attack_nonmember,evaluation,1,0,0.3676294982433319,0,0.6344954967498779,False,3,0.3333333333333333,0,"[0.333947, 0.199661, 0.167591, 0.147589, 0.151212]"
Squirrel,client,99,802,1,MR,attack_nonmember,evaluation,0,0,0.549534022808075,0,0.7096081972122192,False,4,0.5,1,"[0.481867, 0.181067, 0.068708, 0.139685, 0.128673]"
Squirrel,client,99,836,1,MR,attack_nonmember,evaluation,0,0,0.33851972222328186,0,0.7096081972122192,False,5,0.0,1,"[0.25608, 0.173488, 0.203043, 0.186674, 0.180715]"
Squirrel,client,99,865,1,MR,attack_nonmember,evaluation,3,0,0.45150718092918396,0,0.6256242990493774,True,4,0.0,0,"[0.423808, 0.188251, 0.239556, 0.074637, 0.073747]"
Squirrel,client,99,1013,1,MR,attack_nonmember,evaluation,0,0,0.3630426228046417,0,0.7096081972122192,False,3,0.3333333333333333,1,"[0.292313, 0.189386, 0.177386, 0.202535, 0.13838]"
Squirrel,client,99,1055,1,MR,attack_nonmember,evaluation,0,0,0.428879976272583,0,0.7096081972122192,False,2,0.0,1,"[0.368388, 0.220457, 0.139078, 0.12907, 0.143007]"
Squirrel,client,99,1081,1,MR,attack_nonmember,evaluation,0,0,0.386680543422699,0,0.7096081972122192,False,0,,0,"[0.315539, 0.344539, 0.05463, 0.173587, 0.111706]"
Squirrel,client,99,1145,1,MR,attack_nonmember,evaluation,0,0,0.34270715713500977,0,0.7096081972122192,False,3,0.0,0,"[0.292793, 0.427582, 0.073931, 0.086662, 0.119031]"
Squirrel,client,99,1159,1,MR,attack_nonmember,evaluation,3,0,0.5533239245414734,0,0.6256242990493774,True,3,0.0,0,"[0.431819, 0.285288, 0.032724, 0.056657, 0.193512]"
Squirrel,client,99,1166,1,MR,attack_nonmember,evaluation,0,0,0.3845480680465698,0,0.7096081972122192,False,2,0.0,1,"[0.300355, 0.166678, 0.178493, 0.163939, 0.190535]"
Squirrel,client,99,1169,1,MR,attack_nonmember,evaluation,2,0,0.4908269941806793,0,0.8680669665336609,False,3,0.0,0,"[0.24551, 0.173917, 0.212934, 0.187464, 0.180174]"
Squirrel,client,99,1222,1,MR,attack_nonmember,evaluation,2,0,0.2129155695438385,0,0.8680669665336609,False,4,0.0,0,"[0.155844, 0.188146, 0.165063, 0.436489, 0.054457]"
Squirrel,client,99,1412,1,MR,attack_nonmember,evaluation,2,0,0.434667706489563,0,0.8680669665336609,False,2,0.0,0,"[0.291933, 0.246485, 0.170103, 0.149219, 0.14226]"
Squirrel,client,99,1475,1,MR,attack_nonmember,evaluation,3,0,0.4997589588165283,0,0.6256242990493774,True,5,0.2,0,"[0.699178, 0.05956, 0.031538, 0.153549, 0.056174]"
Squirrel,client,99,1494,1,MR,attack_nonmember,evaluation,1,0,0.49430009722709656,0,0.6344954967498779,False,0,,0,"[0.305496, 0.159931, 0.313404, 0.174775, 0.046394]"
Squirrel,client,99,1501,1,MR,attack_nonmember,evaluation,3,0,0.5141342878341675,0,0.6256242990493774,True,30,0.13333333333333333,0,"[0.5552, 0.232314, 0.075456, 0.08417, 0.05286]"
Squirrel,client,99,1594,1,MR,attack_nonmember,evaluation,1,0,0.3561786413192749,0,0.6344954967498779,False,1,0.0,0,"[0.283166, 0.107802, 0.27978, 0.175717, 0.153535]"
Squirrel,client,99,1653,1,MR,attack_nonmember,evaluation,0,0,0.4218772351741791,0,0.7096081972122192,False,1,0.0,1,"[0.355138, 0.184734, 0.156208, 0.155713, 0.148207]"
Squirrel,client,99,1717,1,MR,attack_nonmember,evaluation,3,0,0.4040113687515259,0,0.6256242990493774,True,12,0.25,0,"[0.15856, 0.291219, 0.153333, 0.243227, 0.153661]"
Squirrel,client,99,1856,1,MR,attack_nonmember,evaluation,1,0,0.3102955222129822,0,0.6344954967498779,False,0,,0,"[0.412269, 0.074831, 0.224509, 0.180766, 0.107626]"
Squirrel,client,99,1877,1,MR,attack_nonmember,evaluation,0,0,0.2992711663246155,0,0.7096081972122192,False,1,0.0,0,"[0.198365, 0.22281, 0.133481, 0.335677, 0.109667]"
Squirrel,client,99,6,2,MR,attack_nonmember,evaluation,0,0,0.30960768461227417,0,0.7096081972122192,False,0,,0,"[0.231629, 0.445971, 0.067439, 0.071818, 0.183142]"
Squirrel,client,99,91,2,MR,attack_nonmember,evaluation,0,0,0.3641389310359955,0,0.7096081972122192,False,8,0.375,0,"[0.334119, 0.35621, 0.122816, 0.101946, 0.084909]"
Squirrel,client,99,112,2,MR,attack_nonmember,evaluation,1,0,0.7148408889770508,1,0.6344954967498779,False,2,0.0,1,"[0.154984, 0.519786, 0.147768, 0.111713, 0.065749]"
Squirrel,client,99,147,2,MR,attack_nonmember,evaluation,0,0,0.4515455961227417,0,0.7096081972122192,False,0,,1,"[0.422422, 0.286996, 0.116742, 0.081477, 0.092364]"
Squirrel,client,99,165,2,MR,attack_nonmember,evaluation,0,0,0.6027490496635437,0,0.7096081972122192,False,1,0.0,1,"[0.554068, 0.02509, 0.110929, 0.266883, 0.043029]"
Squirrel,client,99,386,2,MR,attack_nonmember,evaluation,3,0,0.5093981623649597,0,0.6256242990493774,True,3,0.0,0,"[0.116523, 0.479592, 0.045106, 0.32142, 0.037358]"
Squirrel,client,99,402,2,MR,attack_nonmember,evaluation,1,0,0.8900697231292725,1,0.6344954967498779,False,2,1.0,1,"[0.026254, 0.908609, 0.012086, 0.032528, 0.020522]"
Squirrel,client,99,448,2,MR,attack_nonmember,evaluation,4,0,0.2578999400138855,0,0.5929431915283203,False,1,0.0,0,"[0.122417, 0.483983, 0.167872, 0.153664, 0.072064]"
Squirrel,client,99,464,2,MR,attack_nonmember,evaluation,3,0,0.5442737936973572,0,0.6256242990493774,True,0,,1,"[0.095263, 0.029066, 0.063504, 0.785493, 0.026675]"
Squirrel,client,99,481,2,MR,attack_nonmember,evaluation,0,0,0.5407922267913818,0,0.7096081972122192,False,0,,1,"[0.476131, 0.178312, 0.091458, 0.101107, 0.152993]"
Squirrel,client,99,514,2,MR,attack_nonmember,evaluation,1,0,0.7508111000061035,1,0.6344954967498779,False,0,,1,"[0.132719, 0.580962, 0.152067, 0.032948, 0.101303]"
Squirrel,client,99,551,2,MR,attack_nonmember,evaluation,2,0,0.3706454336643219,0,0.8680669665336609,False,1,0.0,0,"[0.189983, 0.464416, 0.121865, 0.125769, 0.097967]"
Squirrel,client,99,22,3,MR,attack_nonmember,evaluation,0,0,0.40819719433784485,0,0.7096081972122192,False,0,,1,"[0.339776, 0.194603, 0.155727, 0.160833, 0.149061]"
Squirrel,client,99,73,3,MR,attack_nonmember,evaluation,1,0,0.4350428879261017,0,0.6344954967498779,False,4,0.5,1,"[0.242862, 0.260536, 0.200363, 0.110433, 0.185807]"
Squirrel,client,99,127,3,MR,attack_nonmember,evaluation,1,0,0.5380187034606934,0,0.6344954967498779,False,1,0.0,0,"[0.344665, 0.270203, 0.23218, 0.089039, 0.063912]"
Squirrel,client,99,203,3,MR,attack_nonmember,evaluation,2,0,0.2151029109954834,0,0.8680669665336609,False,0,,0,"[0.485002, 0.108775, 0.066555, 0.194147, 0.145521]"
Squirrel,client,99,498,3,MR,attack_nonmember,evaluation,3,0,0.47591087222099304,0,0.6256242990493774,True,12,0.08333333333333333,0,"[0.369837, 0.170069, 0.361082, 0.044697, 0.054315]"
Squirrel,client,99,596,3,MR,attack_nonmember,evaluation,0,0,0.2977842092514038,0,0.7096081972122192,False,3,0.0,0,"[0.280639, 0.32293, 0.225251, 0.070406, 0.100772]"
Squirrel,client,99,705,3,MR,attack_nonmember,evaluation,3,0,0.4615188241004944,0,0.6256242990493774,True,3,0.3333333333333333,1,"[0.111815, 0.300531, 0.097278, 0.453312, 0.037064]"
Squirrel,client,99,743,3,MR,attack_nonmember,evaluation,1,0,0.34938904643058777,0,0.6344954967498779,False,0,,0,"[0.277642, 0.214187, 0.143209, 0.183709, 0.181253]"
Squirrel,client,99,801,3,MR,attack_nonmember,evaluation,1,0,0.3551567792892456,0,0.6344954967498779,False,0,,0,"[0.437914, 0.204055, 0.122222, 0.114074, 0.121735]"
Squirrel,client,99,1074,3,MR,attack_nonmember,evaluation,2,0,0.28206804394721985,0,0.8680669665336609,False,0,,0,"[0.640937, 0.164417, 0.083153, 0.056608, 0.054886]"
Squirrel,client,99,1148,3,MR,attack_nonmember,evaluation,0,0,0.5820034146308899,0,0.7096081972122192,False,2,1.0,1,"[0.584166, 0.113196, 0.161436, 0.08168, 0.059522]"
Squirrel,client,99,1170,3,MR,attack_nonmember,evaluation,2,0,0.5438376665115356,0,0.8680669665336609,False,3,0.6666666666666666,0,"[0.258304, 0.416601, 0.221388, 0.063345, 0.040362]"
Squirrel,client,99,46,5,MR,attack_nonmember,evaluation,1,0,0.3727019727230072,0,0.6344954967498779,False,4,0.5,0,"[0.248632, 0.204549, 0.188305, 0.178994, 0.179521]"
Squirrel,client,99,178,5,MR,attack_nonmember,evaluation,0,0,0.22132404148578644,0,0.7096081972122192,False,146,0.15753424657534246,0,"[0.113483, 0.17189, 0.300201, 0.184629, 0.229797]"
Squirrel,client,99,273,5,MR,attack_nonmember,evaluation,3,0,0.4137488901615143,0,0.6256242990493774,True,141,0.20567375886524822,0,"[0.112191, 0.17155, 0.302025, 0.184507, 0.229727]"
Squirrel,client,99,747,5,MR,attack_nonmember,evaluation,3,0,0.4222666919231415,0,0.6256242990493774,True,74,0.28378378378378377,0,"[0.111225, 0.180534, 0.305631, 0.175283, 0.227327]"
Squirrel,client,99,1030,5,MR,attack_nonmember,evaluation,2,0,0.5040457844734192,0,0.8680669665336609,False,19,0.3157894736842105,1,"[0.178981, 0.19295, 0.224313, 0.203671, 0.200084]"
Squirrel,client,99,1273,5,MR,attack_nonmember,evaluation,1,0,0.42959415912628174,0,0.6344954967498779,False,67,0.1791044776119403,0,"[0.102757, 0.172066, 0.340219, 0.163162, 0.221796]"
Squirrel,client,99,1506,5,MR,attack_nonmember,evaluation,4,0,0.3960232138633728,0,0.5929431915283203,False,43,0.13953488372093023,0,"[0.082015, 0.154781, 0.362245, 0.167038, 0.233921]"
Squirrel,client,99,1524,5,MR,attack_nonmember,evaluation,3,0,0.44947540760040283,0,0.6256242990493774,True,30,0.3,0,"[0.089282, 0.165737, 0.354171, 0.158046, 0.232764]"
Squirrel,client,99,1575,5,MR,attack_nonmember,evaluation,3,0,0.44851797819137573,0,0.6256242990493774,True,39,0.20512820512820512,0,"[0.079809, 0.152423, 0.369917, 0.163677, 0.234175]"
Squirrel,client,99,1689,5,MR,attack_nonmember,evaluation,1,0,0.43661418557167053,0,0.6344954967498779,False,27,0.2962962962962963,0,"[0.072643, 0.147772, 0.392224, 0.152385, 0.234976]"
Squirrel,client,99,1735,5,MR,attack_nonmember,evaluation,3,0,0.4946814775466919,0,0.6256242990493774,True,20,0.15,0,"[0.087277, 0.159946, 0.405342, 0.122795, 0.224641]"
Squirrel,client,99,1840,5,MR,attack_nonmember,evaluation,1,0,0.4182012379169464,0,0.6344954967498779,False,7,0.14285714285714285,0,"[0.053426, 0.111645, 0.453522, 0.097064, 0.284343]"
Squirrel,client,99,94,7,MR,attack_nonmember,evaluation,0,0,0.36038738489151,0,0.7096081972122192,False,9,0.1111111111111111,1,"[0.277182, 0.177688, 0.18231, 0.18587, 0.176951]"
Squirrel,client,99,166,7,MR,attack_nonmember,evaluation,0,0,0.5510693788528442,0,0.7096081972122192,False,119,0.4369747899159664,1,"[0.505641, 0.160804, 0.104526, 0.124542, 0.104486]"
Squirrel,client,99,185,7,MR,attack_nonmember,evaluation,0,0,0.382560670375824,0,0.7096081972122192,False,12,0.08333333333333333,1,"[0.311141, 0.191313, 0.17287, 0.164987, 0.159689]"
Squirrel,client,99,779,7,MR,attack_nonmember,evaluation,0,0,0.5678767561912537,0,0.7096081972122192,False,82,0.36585365853658536,1,"[0.527006, 0.153343, 0.099956, 0.122594, 0.0971]"
Squirrel,client,99,937,7,MR,attack_nonmember,evaluation,0,0,0.5506967902183533,0,0.7096081972122192,False,82,0.3048780487804878,1,"[0.505352, 0.159082, 0.105696, 0.125976, 0.103894]"
Squirrel,client,99,982,7,MR,attack_nonmember,evaluation,3,0,0.42128488421440125,0,0.6256242990493774,True,110,0.2,0,"[0.39754, 0.155592, 0.139606, 0.170634, 0.136628]"
Squirrel,client,99,1296,7,MR,attack_nonmember,evaluation,0,0,0.535875141620636,0,0.7096081972122192,False,57,0.21052631578947367,1,"[0.486583, 0.16251, 0.110581, 0.130765, 0.109561]"
Squirrel,client,99,1464,7,MR,attack_nonmember,evaluation,1,0,0.3170139193534851,0,0.6344954967498779,False,45,0.3111111111111111,0,"[0.481707, 0.163037, 0.111502, 0.137377, 0.106377]"
Squirrel,client,99,1571,7,MR,attack_nonmember,evaluation,1,0,0.3173905909061432,0,0.6344954967498779,False,37,0.2972972972972973,0,"[0.494114, 0.164342, 0.10712, 0.13224, 0.102184]"
Squirrel,client,99,1847,7,MR,attack_nonmember,evaluation,1,0,0.33101117610931396,0,0.6344954967498779,False,20,0.2,0,"[0.46355, 0.17763, 0.115297, 0.133077, 0.110446]"
Squirrel,client,99,1911,7,MR,attack_nonmember,evaluation,0,0,0.3197890520095825,0,0.7096081972122192,False,1,0.0,1,"[0.242785, 0.204061, 0.205288, 0.173134, 0.174733]"
Squirrel,client,99,2052,7,MR,attack_nonmember,evaluation,2,0,0.4155755937099457,0,0.8680669665336609,False,4,0.25,0,"[0.250627, 0.177688, 0.177477, 0.206071, 0.188136]"
Squirrel,client,99,2204,7,MR,attack_nonmember,evaluation,2,0,0.40606728196144104,0,0.8680669665336609,False,1,0.0,0,"[0.276906, 0.207588, 0.152181, 0.163242, 0.200083]"
Squirrel,client,99,2146,7,MR,attack_nonmember,evaluation,4,0,0.33210813999176025,0,0.5929431915283203,False,19,0.3157894736842105,1,"[0.13334, 0.185662, 0.225629, 0.220182, 0.235187]"
Squirrel,client,99,8,4,MR,F,evaluation,3,0,0.5177619457244873,0,0.6256242990493774,True,0,,0,"[0.7851, 0.023871, 0.009536, 0.127148, 0.054346]"
Squirrel,client,99,9,4,MR,F,evaluation,2,0,0.9356338977813721,1,0.8680669665336609,False,3,0.0,1,"[0.075169, 0.057671, 0.846239, 0.00913, 0.011791]"
Squirrel,client,99,17,4,MR,F,evaluation,0,0,0.39464297890663147,0,0.7096081972122192,False,1,0.0,1,"[0.346, 0.194385, 0.224839, 0.031207, 0.203569]"
Squirrel,client,99,20,4,MR,F,evaluation,1,0,0.5239907503128052,0,0.6344954967498779,False,0,,0,"[0.534131, 0.356014, 0.052201, 0.054285, 0.003369]"
Squirrel,client,99,24,4,MR,F,evaluation,0,0,0.38955187797546387,0,0.7096081972122192,False,0,,1,"[0.357411, 0.248293, 0.183491, 0.094354, 0.116451]"
Squirrel,client,99,27,4,MR,F,evaluation,4,0,0.22480446100234985,0,0.5929431915283203,False,1,0.0,0,"[0.077306, 0.308206, 0.535778, 0.06859, 0.010121]"
Squirrel,client,99,37,4,MR,F,evaluation,0,0,0.28542274236679077,0,0.7096081972122192,False,1,0.0,0,"[0.139356, 0.140936, 0.095501, 0.549438, 0.074769]"
Squirrel,client,99,53,4,MR,F,evaluation,0,0,0.5566392540931702,0,0.7096081972122192,False,2,0.5,1,"[0.59254, 0.10524, 0.22583, 0.049748, 0.026642]"
Squirrel,client,99,56,4,MR,F,evaluation,1,0,0.23052182793617249,0,0.6344954967498779,False,1,0.0,0,"[0.350955, 0.033663, 0.07141, 0.527952, 0.01602]"
Squirrel,client,99,60,4,MR,F,evaluation,4,0,0.03179007023572922,0,0.5929431915283203,False,9,0.1111111111111111,0,"[0.070315, 0.012006, 0.414015, 0.484356, 0.019308]"
Squirrel,client,99,66,4,MR,F,evaluation,0,0,0.30812856554985046,0,0.7096081972122192,False,2,0.0,0,"[0.158483, 0.082733, 0.079914, 0.658686, 0.020184]"
Squirrel,client,99,74,4,MR,F,evaluation,0,0,0.42425480484962463,0,0.7096081972122192,False,1,0.0,0,"[0.285779, 0.050765, 0.063056, 0.553158, 0.047243]"
Squirrel,client,99,75,4,MR,F,evaluation,3,0,0.3847667872905731,0,0.6256242990493774,True,1,0.0,1,"[0.163994, 0.226651, 0.161067, 0.356888, 0.091399]"
Squirrel,client,99,83,4,MR,F,evaluation,0,0,0.45288529992103577,0,0.7096081972122192,False,0,,1,"[0.399546, 0.227013, 0.127147, 0.116985, 0.129309]"
Squirrel,client,99,87,4,MR,F,evaluation,0,0,0.16571958363056183,0,0.7096081972122192,False,2,0.5,0,"[0.107939, 0.062719, 0.533645, 0.143953, 0.151744]"
Squirrel,client,99,105,4,MR,F,evaluation,0,0,0.2141427993774414,0,0.7096081972122192,False,0,,0,"[0.137011, 0.124555, 0.361368, 0.221686, 0.15538]"
Squirrel,client,99,115,4,MR,F,evaluation,0,0,0.5351887941360474,0,0.7096081972122192,False,0,,1,"[0.523563, 0.206177, 0.12095, 0.098491, 0.050818]"
Squirrel,client,99,118,4,MR,F,evaluation,3,0,0.616041898727417,0,0.6256242990493774,True,0,,1,"[0.052412, 0.00676, 0.00374, 0.911994, 0.025094]"
Squirrel,client,99,123,4,MR,F,evaluation,0,0,0.4322844445705414,0,0.7096081972122192,False,0,,1,"[0.405497, 0.285961, 0.129037, 0.095487, 0.084018]"
Squirrel,client,99,128,4,MR,F,evaluation,1,0,0.32953619956970215,0,0.6344954967498779,False,0,,0,"[0.411922, 0.131463, 0.177191, 0.168844, 0.11058]"
Squirrel,client,99,133,4,MR,F,evaluation,2,0,0.4990942180156708,0,0.8680669665336609,False,1,0.0,0,"[0.081596, 0.178351, 0.334371, 0.364198, 0.041484]"
Squirrel,client,99,138,4,MR,F,evaluation,2,0,0.17374184727668762,0,0.8680669665336609,False,0,,0,"[0.785658, 0.041497, 0.029391, 0.083237, 0.060217]"
Squirrel,client,99,148,4,MR,F,evaluation,4,0,0.28279027342796326,0,0.5929431915283203,False,2,0.0,0,"[0.208944, 0.367175, 0.224208, 0.107619, 0.092054]"
Squirrel,client,99,149,4,MR,F,evaluation,1,0,0.3551567792892456,0,0.6344954967498779,False,0,,0,"[0.437914, 0.204055, 0.122222, 0.114074, 0.121735]"
Squirrel,client,99,154,4,MR,F,evaluation,2,0,0.15372486412525177,0,0.8680669665336609,False,0,,0,"[0.667113, 0.071832, 0.029937, 0.168776, 0.062342]"
Squirrel,client,99,156,4,MR,F,evaluation,0,0,0.22080956399440765,0,0.7096081972122192,False,1,1.0,0,"[0.19897, 0.550913, 0.124247, 0.102119, 0.023751]"
Squirrel,client,99,163,4,MR,F,evaluation,3,0,0.6259395480155945,1,0.6256242990493774,True,0,,0,"[0.053711, 0.152058, 0.683587, 0.02863, 0.082014]"
Squirrel,client,99,164,4,MR,F,evaluation,2,0,0.16629593074321747,0,0.8680669665336609,False,0,,0,"[0.766597, 0.079217, 0.034741, 0.106312, 0.013132]"
Squirrel,client,99,171,4,MR,F,evaluation,2,0,0.06592074781656265,0,0.8680669665336609,False,0,,0,"[0.05377, 0.41397, 0.012278, 0.493148, 0.026834]"
Squirrel,client,99,175,4,MR,F,evaluation,0,0,0.5224234461784363,0,0.7096081972122192,False,2,0.5,1,"[0.486698, 0.179406, 0.116438, 0.144416, 0.073041]"
Squirrel,client,99,176,4,MR,F,evaluation,3,0,0.5009467601776123,0,0.6256242990493774,True,0,,0,"[0.380836, 0.214613, 0.028203, 0.316827, 0.059521]"
Squirrel,client,99,191,4,MR,F,evaluation,2,0,0.6858533620834351,0,0.8680669665336609,False,0,,0,"[0.26989, 0.197526, 0.25073, 0.025761, 0.256092]"
Squirrel,client,99,196,4,MR,F,evaluation,3,0,0.5787235498428345,0,0.6256242990493774,True,0,,1,"[0.068394, 0.05085, 0.014868, 0.810361, 0.055527]"
Squirrel,client,99,213,4,MR,F,evaluation,1,0,0.619012176990509,0,0.6344954967498779,False,0,,1,"[0.132696, 0.521099, 0.042283, 0.182875, 0.121048]"
Squirrel,client,99,215,4,MR,F,evaluation,0,0,0.2715514302253723,0,0.7096081972122192,False,0,,0,"[0.18793, 0.505577, 0.057498, 0.060491, 0.188504]"
Squirrel,client,99,238,4,MR,F,evaluation,0,0,0.29526975750923157,0,0.7096081972122192,False,0,,0,"[0.327644, 0.095447, 0.430194, 0.108365, 0.03835]"
Squirrel,client,99,242,4,MR,F,evaluation,0,0,0.5229975581169128,0,0.7096081972122192,False,0,,1,"[0.549053, 0.156912, 0.207098, 0.062541, 0.024397]"
Squirrel,client,99,248,4,MR,F,evaluation,1,0,0.3375914990901947,0,0.6344954967498779,False,1,0.0,0,"[0.703677, 0.12424, 0.125329, 0.033263, 0.013491]"
Squirrel,client,99,250,4,MR,F,evaluation,0,0,0.29448986053466797,0,0.7096081972122192,False,0,,0,"[0.250665, 0.191384, 0.228029, 0.292342, 0.03758]"
Squirrel,client,99,254,4,MR,F,evaluation,0,0,0.3559560477733612,0,0.7096081972122192,False,1,0.0,1,"[0.318094, 0.261101, 0.18608, 0.12087, 0.113854]"
Squirrel,client,99,260,4,MR,F,evaluation,2,0,0.37243103981018066,0,0.8680669665336609,False,1,1.0,0,"[0.339041, 0.240991, 0.128471, 0.134977, 0.15652]"
Squirrel,client,99,262,4,MR,F,evaluation,2,0,0.04119868203997612,0,0.8680669665336609,False,1,0.0,0,"[0.185162, 0.11106, 0.034374, 0.64266, 0.026744]"
Squirrel,client,99,264,4,MR,F,evaluation,2,0,0.42697417736053467,0,0.8680669665336609,False,0,,0,"[0.278237, 0.232424, 0.168085, 0.161593, 0.159661]"
Squirrel,client,99,275,4,MR,F,evaluation,0,0,0.4937010109424591,0,0.7096081972122192,False,0,,1,"[0.424346, 0.216751, 0.090305, 0.120196, 0.148402]"
Squirrel,client,99,277,4,MR,F,evaluation,0,0,0.5332524180412292,0,0.7096081972122192,False,0,,1,"[0.519131, 0.241384, 0.107136, 0.059116, 0.073233]"
Squirrel,client,99,280,4,MR,F,evaluation,0,0,0.42610618472099304,0,0.7096081972122192,False,0,,1,"[0.295135, 0.222875, 0.057449, 0.191977, 0.232563]"
Squirrel,client,99,282,4,MR,F,evaluation,1,0,0.400469034910202,0,0.6344954967498779,False,0,,0,"[0.230775, 0.216226, 0.186425, 0.219214, 0.147361]"
Squirrel,client,99,287,4,MR,F,evaluation,1,0,0.26516780257225037,0,0.6344954967498779,False,0,,0,"[0.747699, 0.025945, 0.157931, 0.040903, 0.027522]"
Squirrel,client,99,292,4,MR,F,evaluation,1,0,0.5246436595916748,0,0.6344954967498779,False,0,,0,"[0.060351, 0.167703, 0.345786, 0.37285, 0.053311]"
Squirrel,client,99,294,4,MR,F,evaluation,0,0,0.22451570630073547,0,0.7096081972122192,False,0,,0,"[0.202493, 0.522545, 0.137268, 0.111423, 0.026271]"
Squirrel,client,99,296,4,MR,F,evaluation,0,0,0.2718625068664551,0,0.7096081972122192,False,1,0.0,0,"[0.290605, 0.244616, 0.343113, 0.068627, 0.053039]"
Squirrel,client,99,300,4,MR,F,evaluation,4,0,0.0484921969473362,0,0.5929431915283203,False,0,,0,"[0.145521, 0.119275, 0.09289, 0.528873, 0.113441]"
Squirrel,client,99,303,4,MR,F,evaluation,1,0,0.49249517917633057,0,0.6344954967498779,False,0,,0,"[0.0517, 0.241553, 0.267159, 0.298659, 0.140929]"
Squirrel,client,99,313,4,MR,F,evaluation,3,0,0.5389373898506165,0,0.6256242990493774,True,0,,0,"[0.266449, 0.4888, 0.098571, 0.106414, 0.039767]"
Squirrel,client,99,316,4,MR,F,evaluation,0,0,0.48872339725494385,0,0.7096081972122192,False,0,,1,"[0.451658, 0.203302, 0.119351, 0.158826, 0.066863]"
Squirrel,client,99,321,4,MR,F,evaluation,1,0,0.2763880789279938,0,0.6344954967498779,False,0,,0,"[0.744046, 0.107238, 0.064961, 0.054565, 0.02919]"
Squirrel,client,99,323,4,MR,F,evaluation,2,0,0.08730580657720566,0,0.8680669665336609,False,0,,0,"[0.413927, 0.034939, 0.058508, 0.469352, 0.023274]"
Squirrel,client,99,331,4,MR,F,evaluation,1,0,0.3551567792892456,0,0.6344954967498779,False,0,,0,"[0.437914, 0.204055, 0.122222, 0.114074, 0.121735]"
Squirrel,client,99,343,4,MR,F,evaluation,1,0,0.27851101756095886,0,0.6344954967498779,False,0,,0,"[0.565742, 0.088959, 0.091833, 0.228786, 0.024681]"
Squirrel,client,99,347,4,MR,F,evaluation,0,0,0.11379522830247879,0,0.7096081972122192,False,0,,0,"[0.100389, 0.223016, 0.622925, 0.042924, 0.010747]"
Squirrel,client,99,362,4,MR,F,evaluation,1,0,0.28013840317726135,0,0.6344954967498779,False,0,,0,"[0.426868, 0.077683, 0.182222, 0.193246, 0.119981]"
Squirrel,client,99,364,4,MR,F,evaluation,1,0,0.3551567792892456,0,0.6344954967498779,False,0,,0,"[0.437914, 0.204055, 0.122222, 0.114074, 0.121735]"
Squirrel,client,99,377,4,MR,F,evaluation,0,0,0.7752782702445984,1,0.7096081972122192,False,2,0.0,1,"[0.889047, 0.041151, 0.043801, 0.008942, 0.017058]"
Squirrel,client,99,380,4,MR,F,evaluation,1,0,0.4280657470226288,0,0.6344954967498779,False,0,,0,"[0.527123, 0.105691, 0.294125, 0.036678, 0.036384]"
Squirrel,client,99,384,4,MR,F,evaluation,1,0,0.4970293343067169,0,0.6344954967498779,False,0,,0,"[0.207836, 0.185121, 0.280471, 0.282472, 0.0441]"
Squirrel,client,99,385,4,MR,F,evaluation,2,0,0.24363043904304504,0,0.8680669665336609,False,0,,0,"[0.302863, 0.558934, 0.032584, 0.082891, 0.022727]"
Squirrel,client,99,394,4,MR,F,evaluation,1,0,0.5496711730957031,0,0.6344954967498779,False,0,,1,"[0.32729, 0.38946, 0.098134, 0.103265, 0.08185]"
Squirrel,client,99,396,4,MR,F,evaluation,2,0,0.6698271632194519,0,0.8680669665336609,False,0,,0,"[0.048549, 0.008123, 0.226537, 0.017358, 0.699433]"
Squirrel,client,99,398,4,MR,F,evaluation,1,0,0.603263258934021,0,0.6344954967498779,False,1,0.0,0,"[0.031378, 0.015321, 0.662204, 0.231368, 0.05973]"
Squirrel,client,99,399,4,MR,F,evaluation,3,0,0.5215905904769897,0,0.6256242990493774,True,0,,0,"[0.255626, 0.445683, 0.149823, 0.082509, 0.066361]"
Squirrel,client,99,404,4,MR,F,evaluation,0,0,0.6460857391357422,0,0.7096081972122192,False,0,,1,"[0.62484, 0.151069, 0.061415, 0.049463, 0.113213]"
Squirrel,client,99,409,4,MR,F,evaluation,4,0,0.19403910636901855,0,0.5929431915283203,False,1,0.0,0,"[0.32057, 0.321707, 0.273081, 0.067849, 0.016792]"
Squirrel,client,99,422,4,MR,F,evaluation,1,0,0.22089967131614685,0,0.6344954967498779,False,0,,0,"[0.515517, 0.102924, 0.067305, 0.160406, 0.153848]"
Squirrel,client,99,432,4,MR,F,evaluation,2,0,0.7115582823753357,0,0.8680669665336609,False,0,,1,"[0.043129, 0.024444, 0.506547, 0.366077, 0.059802]"
Squirrel,client,99,440,4,MR,F,evaluation,0,0,0.45086994767189026,0,0.7096081972122192,False,0,,0,"[0.230175, 0.015388, 0.125166, 0.155226, 0.474045]"
Squirrel,client,99,444,4,MR,F,evaluation,2,0,0.06508679687976837,0,0.8680669665336609,False,1,0.0,0,"[0.31783, 0.089709, 0.043852, 0.533373, 0.015236]"
Squirrel,client,99,450,4,MR,F,evaluation,1,0,0.44726160168647766,0,0.6344954967498779,False,0,,0,"[0.369159, 0.305974, 0.104664, 0.101959, 0.118245]"
Squirrel,client,99,452,4,MR,F,evaluation,0,0,0.30458831787109375,0,0.7096081972122192,False,0,,0,"[0.239373, 0.333752, 0.09641, 0.282297, 0.048168]"
Squirrel,client,99,455,4,MR,F,evaluation,2,0,0.5636211633682251,0,0.8680669665336609,False,0,,0,"[0.450057, 0.12446, 0.227232, 0.074398, 0.123853]"
Squirrel,client,99,474,4,MR,F,evaluation,2,0,0.5276817679405212,0,0.8680669665336609,False,0,,0,"[0.229389, 0.37011, 0.20256, 0.087537, 0.110403]"
Squirrel,client,99,475,4,MR,F,evaluation,1,0,0.7329381108283997,1,0.6344954967498779,False,0,,0,"[0.111965, 0.05467, 0.777505, 0.032057, 0.023803]"
Squirrel,client,99,477,4,MR,F,evaluation,2,0,0.24806441366672516,0,0.8680669665336609,False,0,,0,"[0.303343, 0.024247, 0.076705, 0.201661, 0.394044]"
Squirrel,client,99,488,4,MR,F,evaluation,4,0,0.09534473717212677,0,0.5929431915283203,False,0,,0,"[0.932395, 0.038108, 0.021383, 0.007782, 0.000332]"
Squirrel,client,99,490,4,MR,F,evaluation,0,0,0.2401789426803589,0,0.7096081972122192,False,0,,0,"[0.196776, 0.238437, 0.300818, 0.141463, 0.122505]"
Squirrel,client,99,492,4,MR,F,evaluation,1,0,0.18754170835018158,0,0.6344954967498779,False,0,,0,"[0.303971, 0.046079, 0.100109, 0.361205, 0.188636]"
Squirrel,client,99,496,4,MR,F,evaluation,2,0,0.7417988777160645,0,0.8680669665336609,False,0,,1,"[0.259909, 0.203442, 0.398526, 0.09529, 0.042832]"
Squirrel,client,99,507,4,MR,F,evaluation,0,0,0.4598984718322754,0,0.7096081972122192,False,0,,0,"[0.348646, 0.118571, 0.040884, 0.467847, 0.024052]"
Squirrel,client,99,508,4,MR,F,evaluation,1,0,0.414754182100296,0,0.6344954967498779,False,1,0.0,0,"[0.543607, 0.124572, 0.241954, 0.06503, 0.024837]"
Squirrel,client,99,509,4,MR,F,evaluation,0,0,0.401969313621521,0,0.7096081972122192,False,0,,1,"[0.457359, 0.090228, 0.38023, 0.049779, 0.022404]"
Squirrel,client,99,521,4,MR,F,evaluation,1,0,0.19171684980392456,0,0.6344954967498779,False,0,,0,"[0.0972, 0.005152, 0.012108, 0.861352, 0.024188]"
Squirrel,client,99,524,4,MR,F,evaluation,3,0,0.5777592062950134,0,0.6256242990493774,True,0,,1,"[0.028711, 0.036928, 0.008921, 0.845226, 0.080212]"
Squirrel,client,99,526,4,MR,F,evaluation,2,0,0.14121438562870026,0,0.8680669665336609,False,0,,0,"[0.637934, 0.048165, 0.023233, 0.198015, 0.092652]"
Squirrel,client,99,530,4,MR,F,evaluation,1,0,0.21250641345977783,0,0.6344954967498779,False,0,,0,"[0.854585, 0.045972, 0.043484, 0.011861, 0.044098]"
Squirrel,client,99,535,4,MR,F,evaluation,4,0,0.2541162371635437,0,0.5929431915283203,False,0,,0,"[0.2928, 0.303598, 0.322961, 0.036117, 0.044524]"
Squirrel,client,99,539,4,MR,F,evaluation,1,0,0.41687870025634766,0,0.6344954967498779,False,0,,0,"[0.36643, 0.246198, 0.143615, 0.129515, 0.114242]"
Squirrel,client,99,541,4,MR,F,evaluation,0,0,0.26807883381843567,0,0.7096081972122192,False,0,,0,"[0.228806, 0.308207, 0.209811, 0.175175, 0.078001]"
Squirrel,client,99,1275,6,MR,F,evaluation,2,0,0.328965425491333,0,0.8680669665336609,False,2,0.5,0,"[0.250137, 0.422597, 0.099655, 0.128592, 0.099018]"
Squirrel,client,99,1292,6,MR,F,evaluation,0,0,0.39546623826026917,0,0.7096081972122192,False,4,0.0,1,"[0.358801, 0.227304, 0.177913, 0.133424, 0.102557]"
Squirrel,client,99,1293,6,MR,F,evaluation,1,0,0.3353521227836609,0,0.6344954967498779,False,1,0.0,0,"[0.237186, 0.159506, 0.216902, 0.180146, 0.20626]"
Squirrel,client,99,1306,6,MR,F,evaluation,1,0,0.2993326187133789,0,0.6344954967498779,False,8,0.375,0,"[0.480955, 0.139995, 0.127081, 0.13112, 0.120849]"
Squirrel,client,99,1307,6,MR,F,evaluation,1,0,0.4029099643230438,0,0.6344954967498779,False,3,0.0,0,"[0.403194, 0.181643, 0.197543, 0.125452, 0.092168]"
Squirrel,client,99,1313,6,MR,F,evaluation,0,0,0.45096924901008606,0,0.7096081972122192,False,1,0.0,1,"[0.400072, 0.242428, 0.124595, 0.100592, 0.132312]"
Squirrel,client,99,1344,6,MR,F,evaluation,1,0,0.3450520634651184,0,0.6344954967498779,False,3,0.0,0,"[0.27634, 0.17164, 0.188412, 0.192562, 0.171046]"
Squirrel,client,99,1348,6,MR,F,evaluation,2,0,0.453495591878891,0,0.8680669665336609,False,1,0.0,0,"[0.221193, 0.164716, 0.211822, 0.230364, 0.171905]"
Squirrel,client,99,1374,6,MR,F,evaluation,1,0,0.275974839925766,0,0.6344954967498779,False,15,0.2,0,"[0.592949, 0.122829, 0.102493, 0.074906, 0.106823]"
Squirrel,client,99,1380,6,MR,F,evaluation,0,0,0.3016001284122467,0,0.7096081972122192,False,1,0.0,0,"[0.271872, 0.500485, 0.071148, 0.091167, 0.065327]"
Squirrel,client,99,1382,6,MR,F,evaluation,0,0,0.3706915080547333,0,0.7096081972122192,False,1,0.0,1,"[0.305052, 0.180195, 0.199602, 0.151137, 0.164013]"
Squirrel,client,99,1383,6,MR,F,evaluation,2,0,0.32934823632240295,0,0.8680669665336609,False,2,0.5,0,"[0.227476, 0.535473, 0.08223, 0.08454, 0.070281]"
Squirrel,client,99,1392,6,MR,F,evaluation,1,0,0.36076265573501587,0,0.6344954967498779,False,2,0.0,0,"[0.335562, 0.198088, 0.155225, 0.166382, 0.144743]"
Squirrel,client,99,1406,6,MR,F,evaluation,0,0,0.4300796091556549,0,0.7096081972122192,False,3,0.0,1,"[0.372083, 0.230478, 0.136771, 0.117477, 0.143191]"
Squirrel,client,99,1429,6,MR,F,evaluation,0,0,0.46590080857276917,0,0.7096081972122192,False,5,0.0,1,"[0.43317, 0.197386, 0.15905, 0.109792, 0.100603]"
Squirrel,client,99,1440,6,MR,F,evaluation,0,0,0.34923291206359863,0,0.7096081972122192,False,2,0.0,1,"[0.271636, 0.175399, 0.193426, 0.19891, 0.160629]"
Squirrel,client,99,1446,6,MR,F,evaluation,0,0,0.3288004696369171,0,0.7096081972122192,False,6,0.16666666666666666,0,"[0.280344, 0.357836, 0.119114, 0.143972, 0.098735]"
Squirrel,client,99,1450,6,MR,F,evaluation,4,0,0.2265230268239975,0,0.5929431915283203,False,4,0.75,0,"[0.186282, 0.212763, 0.195849, 0.237167, 0.16794]"
Squirrel,client,99,1478,6,MR,F,evaluation,0,0,0.3288390040397644,0,0.7096081972122192,False,1,0.0,1,"[0.253757, 0.161701, 0.225236, 0.190092, 0.169214]"
Squirrel,client,99,1499,6,MR,F,evaluation,0,0,0.5685483813285828,0,0.7096081972122192,False,2,0.0,1,"[0.542057, 0.180549, 0.10113, 0.090795, 0.085469]"
Squirrel,client,99,1508,6,MR,F,evaluation,2,0,0.44118207693099976,0,0.8680669665336609,False,4,0.0,0,"[0.361537, 0.181187, 0.179121, 0.147729, 0.130426]"
Squirrel,client,99,1517,6,MR,F,evaluation,4,0,0.274554044008255,0,0.5929431915283203,False,5,0.4,0,"[0.262369, 0.337389, 0.129123, 0.144035, 0.127084]"
Squirrel,client,99,1537,6,MR,F,evaluation,2,0,0.3105693459510803,0,0.8680669665336609,False,2,0.5,0,"[0.254717, 0.516681, 0.072216, 0.085953, 0.070432]"
Squirrel,client,99,1538,6,MR,F,evaluation,3,0,0.3815716505050659,0,0.6256242990493774,True,1,0.0,0,"[0.259679, 0.152661, 0.166318, 0.239763, 0.18158]"
Squirrel,client,99,1540,6,MR,F,evaluation,2,0,0.4525166451931,0,0.8680669665336609,False,3,0.0,0,"[0.224182, 0.220824, 0.190969, 0.188254, 0.17577]"
Squirrel,client,99,1541,6,MR,F,evaluation,2,0,0.2526112496852875,0,0.8680669665336609,False,18,0.3888888888888889,0,"[0.635348, 0.108507, 0.069395, 0.087314, 0.099436]"
Squirrel,client,99,1550,6,MR,F,evaluation,0,0,0.4497784674167633,0,0.7096081972122192,False,4,0.0,1,"[0.391193, 0.200017, 0.135996, 0.143843, 0.12895]"
Squirrel,client,99,1557,6,MR,F,evaluation,1,0,0.2938593029975891,0,0.6344954967498779,False,2,0.0,0,"[0.289782, 0.187406, 0.120758, 0.187918, 0.214136]"
Squirrel,client,99,1560,6,MR,F,evaluation,0,0,0.3445923626422882,0,0.7096081972122192,False,1,0.0,1,"[0.26246, 0.14407, 0.214519, 0.204042, 0.174909]"
Squirrel,client,99,1578,6,MR,F,evaluation,0,0,0.33112633228302,0,0.7096081972122192,False,1,0.0,1,"[0.261248, 0.158706, 0.227909, 0.197231, 0.154906]"
Squirrel,client,99,1581,6,MR,F,evaluation,0,0,0.37976357340812683,0,0.7096081972122192,False,2,0.0,1,"[0.303024, 0.166002, 0.181844, 0.186568, 0.162562]"
Squirrel,client,99,1593,6,MR,F,evaluation,0,0,0.5111724734306335,0,0.7096081972122192,False,5,0.0,1,"[0.465028, 0.185556, 0.124264, 0.103248, 0.121904]"
Squirrel,client,99,1599,6,MR,F,evaluation,1,0,0.4932359755039215,0,0.6344954967498779,False,0,,0,"[0.535278, 0.199644, 0.238692, 0.005511, 0.020875]"
Squirrel,client,99,1609,6,MR,F,evaluation,0,0,0.4373592138290405,0,0.7096081972122192,False,1,0.0,1,"[0.367316, 0.208145, 0.126564, 0.151537, 0.146437]"
Squirrel,client,99,1617,6,MR,F,evaluation,4,0,0.15954077243804932,0,0.5929431915283203,False,12,0.3333333333333333,0,"[0.464258, 0.165549, 0.162696, 0.130157, 0.077339]"
Squirrel,client,99,1619,6,MR,F,evaluation,3,0,0.4948986768722534,0,0.6256242990493774,True,4,0.0,0,"[0.383287, 0.321441, 0.092233, 0.132745, 0.070294]"
Squirrel,client,99,1628,6,MR,F,evaluation,1,0,0.32922235131263733,0,0.6344954967498779,False,3,0.3333333333333333,0,"[0.315388, 0.191504, 0.130106, 0.202176, 0.160826]"
Squirrel,client,99,1632,6,MR,F,evaluation,1,0,0.34408411383628845,0,0.6344954967498779,False,5,0.0,0,"[0.345229, 0.17103, 0.166513, 0.175586, 0.141643]"
Squirrel,client,99,1642,6,MR,F,evaluation,0,0,0.3808867633342743,0,0.7096081972122192,False,3,0.0,1,"[0.358518, 0.197705, 0.223731, 0.131918, 0.088127]"
Squirrel,client,99,1647,6,MR,F,evaluation,2,0,0.36252614855766296,0,0.8680669665336609,False,10,0.4,0,"[0.514457, 0.139208, 0.13398, 0.109704, 0.102652]"
Squirrel,client,99,1648,6,MR,F,evaluation,0,0,0.5516130328178406,0,0.7096081972122192,False,1,0.0,1,"[0.513578, 0.208283, 0.079399, 0.115414, 0.083326]"
Squirrel,client,99,1654,6,MR,F,evaluation,0,0,0.3119155168533325,0,0.7096081972122192,False,1,0.0,1,"[0.244178, 0.203974, 0.221379, 0.17068, 0.159789]"
Squirrel,client,99,1673,6,MR,F,evaluation,2,0,0.3709421157836914,0,0.8680669665336609,False,6,0.5,0,"[0.462219, 0.156208, 0.137232, 0.123555, 0.120786]"
Squirrel,client,99,1704,6,MR,F,evaluation,1,0,0.4680732190608978,0,0.6344954967498779,False,12,0.16666666666666666,0,"[0.340427, 0.330393, 0.086879, 0.139828, 0.102473]"
Squirrel,client,99,1720,6,MR,F,evaluation,0,0,0.40180060267448425,0,0.7096081972122192,False,2,0.0,1,"[0.382822, 0.189916, 0.217976, 0.127768, 0.081518]"
Squirrel,client,99,1739,6,MR,F,evaluation,1,0,0.2695028483867645,0,0.6344954967498779,False,3,0.0,0,"[0.265527, 0.15337, 0.13348, 0.22586, 0.221763]"
Squirrel,client,99,1768,6,MR,F,evaluation,0,0,0.2481834590435028,0,0.7096081972122192,False,3,0.0,0,"[0.163859, 0.386358, 0.151391, 0.116966, 0.181425]"
Squirrel,client,99,1778,6,MR,F,evaluation,3,0,0.4886963665485382,0,0.6256242990493774,True,0,,0,"[0.505122, 0.21782, 0.095299, 0.102233, 0.079526]"
Squirrel,client,99,1784,6,MR,F,evaluation,0,0,0.5549265146255493,0,0.7096081972122192,False,2,0.0,1,"[0.498512, 0.183458, 0.077438, 0.120876, 0.119715]"
Squirrel,client,99,1789,6,MR,F,evaluation,0,0,0.5938802361488342,0,0.7096081972122192,False,0,,1,"[0.577515, 0.171111, 0.109071, 0.033306, 0.108998]"
Squirrel,client,99,1795,6,MR,F,evaluation,0,0,0.33455851674079895,0,0.7096081972122192,False,1,0.0,1,"[0.258402, 0.170384, 0.212407, 0.192206, 0.166601]"
Squirrel,client,99,1827,6,MR,F,evaluation,0,0,0.23092086613178253,0,0.7096081972122192,False,2,0.0,0,"[0.183415, 0.576531, 0.069392, 0.099606, 0.071055]"
Squirrel,client,99,1858,6,MR,F,evaluation,1,0,0.3659816086292267,0,0.6344954967498779,False,2,0.0,0,"[0.369486, 0.221765, 0.114197, 0.170954, 0.123598]"
Squirrel,client,99,1879,6,MR,F,evaluation,3,0,0.41263580322265625,0,0.6256242990493774,True,0,,0,"[0.249272, 0.168149, 0.101755, 0.212742, 0.268081]"
Squirrel,client,99,1909,6,MR,F,evaluation,2,0,0.42284607887268066,0,0.8680669665336609,False,5,0.0,0,"[0.306179, 0.194811, 0.175927, 0.177012, 0.146071]"
Squirrel,client,99,1935,6,MR,F,evaluation,1,0,0.3942564129829407,0,0.6344954967498779,False,0,,0,"[0.473289, 0.21296, 0.10413, 0.169185, 0.040436]"
Squirrel,client,99,1937,6,MR,F,evaluation,2,0,0.31170132756233215,0,0.8680669665336609,False,9,0.2222222222222222,0,"[0.527004, 0.148216, 0.110033, 0.120508, 0.094239]"
Squirrel,client,99,1945,6,MR,F,evaluation,0,0,0.4307074248790741,0,0.7096081972122192,False,2,0.0,1,"[0.372805, 0.198914, 0.152278, 0.13991, 0.136093]"
Squirrel,client,99,1953,6,MR,F,evaluation,1,0,0.41022059321403503,0,0.6344954967498779,False,0,,0,"[0.462234, 0.147997, 0.215027, 0.134868, 0.039875]"
Squirrel,client,99,1962,6,MR,F,evaluation,2,0,0.3904101848602295,0,0.8680669665336609,False,1,0.0,0,"[0.21955, 0.200093, 0.192094, 0.256738, 0.131526]"
Squirrel,client,99,1967,6,MR,F,evaluation,0,0,0.38178858160972595,0,0.7096081972122192,False,2,0.0,1,"[0.305294, 0.178912, 0.173903, 0.177792, 0.164099]"
Squirrel,client,99,1968,6,MR,F,evaluation,1,0,0.3629877269268036,0,0.6344954967498779,False,1,0.0,0,"[0.258402, 0.170384, 0.212407, 0.192206, 0.166601]"
Squirrel,client,99,1974,6,MR,F,evaluation,0,0,0.2701859474182129,0,0.7096081972122192,False,1,0.0,0,"[0.23314, 0.5305, 0.072901, 0.088841, 0.074619]"
Squirrel,client,99,1991,6,MR,F,evaluation,0,0,0.3884614408016205,0,0.7096081972122192,False,2,0.0,1,"[0.306215, 0.171136, 0.166545, 0.187227, 0.168876]"
Squirrel,client,99,2002,6,MR,F,evaluation,3,0,0.4682393968105316,0,0.6256242990493774,True,1,0.0,0,"[0.475608, 0.180742, 0.071206, 0.193329, 0.079115]"
Squirrel,client,99,2004,6,MR,F,evaluation,1,0,0.3138450086116791,0,0.6344954967498779,False,7,0.14285714285714285,0,"[0.395244, 0.151664, 0.149267, 0.161366, 0.142459]"
Squirrel,client,99,2015,6,MR,F,evaluation,0,0,0.33455851674079895,0,0.7096081972122192,False,1,0.0,1,"[0.258402, 0.170384, 0.212407, 0.192206, 0.166601]"
Squirrel,client,99,2054,6,MR,F,evaluation,2,0,0.33568593859672546,0,0.8680669665336609,False,5,0.2,0,"[0.242401, 0.197506, 0.161974, 0.263082, 0.135037]"
Squirrel,client,99,2080,6,MR,F,evaluation,2,0,0.26974549889564514,0,0.8680669665336609,False,7,0.14285714285714285,0,"[0.286556, 0.360259, 0.079892, 0.167894, 0.105399]"
Squirrel,client,99,2087,6,MR,F,evaluation,0,0,0.2868923544883728,0,0.7096081972122192,False,2,0.0,0,"[0.227231, 0.3648, 0.140666, 0.144073, 0.12323]"
Squirrel,client,99,2089,6,MR,F,evaluation,4,0,0.1921304315328598,0,0.5929431915283203,False,8,0.375,0,"[0.410812, 0.334588, 0.092037, 0.108001, 0.054562]"
Squirrel,client,99,2117,6,MR,F,evaluation,1,0,0.3693033754825592,0,0.6344954967498779,False,3,0.0,0,"[0.297162, 0.191075, 0.180051, 0.182533, 0.14918]"
Squirrel,client,99,2121,6,MR,F,evaluation,2,0,0.2962587773799896,0,0.8680669665336609,False,5,0.2,0,"[0.496063, 0.181094, 0.096111, 0.121557, 0.105174]"
Squirrel,client,99,2143,6,MR,F,evaluation,2,0,0.6866099238395691,0,0.8680669665336609,False,0,,0,"[0.461771, 0.072836, 0.305111, 0.051076, 0.109206]"
Squirrel,client,99,2149,6,MR,F,evaluation,2,0,0.4372324049472809,0,0.8680669665336609,False,0,,0,"[0.356125, 0.231107, 0.20033, 0.167157, 0.045281]"
Squirrel,client,99,2156,6,MR,F,evaluation,3,0,0.570173442363739,0,0.6256242990493774,True,2,0.0,0,"[0.312251, 0.477197, 0.062684, 0.078009, 0.069859]"
Squirrel,client,99,2159,6,MR,F,evaluation,0,0,0.5407817959785461,0,0.7096081972122192,False,1,0.0,1,"[0.501856, 0.201715, 0.096473, 0.100367, 0.09959]"
Squirrel,client,99,2178,6,MR,F,evaluation,1,0,0.6265589594841003,0,0.6344954967498779,False,0,,1,"[0.155698, 0.477047, 0.130851, 0.089363, 0.147041]"
Squirrel,client,99,2185,6,MR,F,evaluation,3,0,0.48630887269973755,0,0.6256242990493774,True,4,0.25,1,"[0.081914, 0.255334, 0.053787, 0.525033, 0.083931]"
Squirrel,client,99,2190,6,MR,F,evaluation,1,0,0.3147107660770416,0,0.6344954967498779,False,0,,0,"[0.444667, 0.190735, 0.088527, 0.144046, 0.132025]"
Squirrel,client,99,2192,6,MR,F,evaluation,1,0,0.6152436137199402,0,0.6344954967498779,False,1,0.0,1,"[0.30168, 0.471993, 0.070396, 0.080067, 0.075863]"
Squirrel,client,99,2194,6,MR,F,evaluation,3,0,0.5200496315956116,0,0.6256242990493774,True,1,0.0,0,"[0.239597, 0.464382, 0.096695, 0.129023, 0.070303]"
Squirrel,client,99,2196,6,MR,F,evaluation,1,0,0.5503246784210205,0,0.6344954967498779,False,0,,0,"[0.328662, 0.303298, 0.220917, 0.058709, 0.088414]"
Squirrel,client,99,2202,6,MR,F,evaluation,4,0,0.013072224333882332,0,0.5929431915283203,False,0,,0,"[0.01997, 0.029348, 0.033158, 0.831675, 0.085848]"
Squirrel,client,99,2214,6,MR,F,evaluation,0,0,0.4101494252681732,0,0.7096081972122192,False,0,,1,"[0.339356, 0.290989, 0.08479, 0.151229, 0.133635]"
Squirrel,client,99,7,4,MR,H,evaluation,0,0,0.3544062376022339,0,0.7096081972122192,False,1,0.0,0,"[0.199335, 0.063451, 0.074366, 0.59238, 0.070469]"
Squirrel,client,99,18,4,MR,H,evaluation,0,0,0.33063507080078125,0,0.7096081972122192,False,1,0.0,1,"[0.262754, 0.183218, 0.219849, 0.173263, 0.160916]"
Squirrel,client,99,25,4,MR,H,evaluation,0,0,0.1798596829175949,0,0.7096081972122192,False,1,0.0,0,"[0.056976, 0.539689, 0.012447, 0.368157, 0.022732]"
Squirrel,client,99,26,4,MR,H,evaluation,3,0,0.3433123528957367,0,0.6256242990493774,True,5,0.2,1,"[0.183057, 0.025963, 0.24925, 0.502142, 0.039588]"
Squirrel,client,99,38,4,MR,H,evaluation,0,0,0.177629292011261,0,0.7096081972122192,False,0,,0,"[0.093125, 0.324731, 0.231987, 0.306945, 0.043213]"
Squirrel,client,99,59,4,MR,H,evaluation,1,0,0.2640356123447418,0,0.6344954967498779,False,5,0.2,0,"[0.415398, 0.042577, 0.117639, 0.415979, 0.008407]"
Squirrel,client,99,69,4,MR,H,evaluation,3,0,0.5782764554023743,0,0.6256242990493774,True,0,,1,"[0.000894, 0.000712, 0.064957, 0.933081, 0.000355]"
Squirrel,client,99,71,4,MR,H,evaluation,2,0,0.5737813115119934,0,0.8680669665336609,False,2,0.0,0,"[0.425349, 0.046638, 0.28531, 0.171047, 0.071656]"
Squirrel,client,99,126,4,MR,H,evaluation,2,0,0.5909811854362488,0,0.8680669665336609,False,0,,0,"[0.003538, 0.717235, 0.252354, 0.019334, 0.00754]"
Squirrel,client,99,129,4,MR,H,evaluation,1,0,0.32338255643844604,0,0.6344954967498779,False,3,0.0,0,"[0.617162, 0.161065, 0.110294, 0.022491, 0.088988]"
Squirrel,client,99,144,4,MR,H,evaluation,3,0,0.4502524137496948,0,0.6256242990493774,True,5,0.0,0,"[0.093312, 0.024481, 0.664605, 0.182407, 0.035195]"
Squirrel,client,99,146,4,MR,H,evaluation,1,0,0.4452946186065674,0,0.6344954967498779,False,0,,0,"[0.321605, 0.286616, 0.148805, 0.097296, 0.145677]"
Squirrel,client,99,169,4,MR,H,evaluation,2,0,0.3491080105304718,0,0.8680669665336609,False,0,,0,"[0.441628, 0.11974, 0.140969, 0.168926, 0.128738]"
Squirrel,client,99,179,4,MR,H,evaluation,1,0,0.7643932104110718,1,0.6344954967498779,False,3,0.0,0,"[0.145584, 0.320973, 0.471766, 0.032155, 0.029522]"
Squirrel,client,99,220,4,MR,H,evaluation,1,0,0.3074466586112976,0,0.6344954967498779,False,0,,0,"[0.66844, 0.123424, 0.10103, 0.067406, 0.039699]"
Squirrel,client,99,227,4,MR,H,evaluation,3,0,0.5684338212013245,0,0.6256242990493774,True,1,0.0,0,"[0.423893, 0.419463, 0.053748, 0.07295, 0.029947]"
Squirrel,client,99,235,4,MR,H,evaluation,0,0,0.15090873837471008,0,0.7096081972122192,False,1,0.0,0,"[0.045029, 0.083431, 0.492162, 0.175597, 0.203782]"
Squirrel,client,99,270,4,MR,H,evaluation,4,0,0.014628276228904724,0,0.5929431915283203,False,0,,0,"[0.027949, 0.00577, 0.22484, 0.710145, 0.031295]"
Squirrel,client,99,293,4,MR,H,evaluation,2,0,0.1505129635334015,0,0.8680669665336609,False,0,,0,"[0.669262, 0.042115, 0.003991, 0.133157, 0.151474]"
Squirrel,client,99,317,4,MR,H,evaluation,2,0,0.8420658707618713,0,0.8680669665336609,False,1,0.0,1,"[0.174876, 0.196809, 0.521198, 0.055086, 0.052031]"
Squirrel,client,99,324,4,MR,H,evaluation,2,0,0.22988660633563995,0,0.8680669665336609,False,3,0.0,0,"[0.560142, 0.154949, 0.076803, 0.15389, 0.054216]"
Squirrel,client,99,327,4,MR,H,evaluation,4,0,0.027486542239785194,0,0.5929431915283203,False,0,,0,"[0.077251, 0.202286, 0.065058, 0.609679, 0.045726]"
Squirrel,client,99,332,4,MR,H,evaluation,2,0,0.3380419909954071,0,0.8680669665336609,False,0,,0,"[0.563712, 0.017376, 0.163421, 0.19074, 0.064751]"
Squirrel,client,99,345,4,MR,H,evaluation,0,0,0.1054033637046814,0,0.7096081972122192,False,2,0.0,0,"[0.029565, 0.014032, 0.69813, 0.195698, 0.062575]"
Squirrel,client,99,348,4,MR,H,evaluation,4,0,0.020152978599071503,0,0.5929431915283203,False,2,0.0,0,"[0.225957, 0.11108, 0.014341, 0.613302, 0.035321]"
Squirrel,client,99,363,4,MR,H,evaluation,0,0,0.21046526730060577,0,0.7096081972122192,False,1,0.0,0,"[0.239994, 0.222212, 0.446593, 0.06714, 0.02406]"
Squirrel,client,99,365,4,MR,H,evaluation,1,0,0.7678593993186951,1,0.6344954967498779,False,2,0.5,0,"[0.08667, 0.059378, 0.826862, 0.013307, 0.013783]"
Squirrel,client,99,368,4,MR,H,evaluation,0,0,0.3708772659301758,0,0.7096081972122192,False,0,,0,"[0.297084, 0.360723, 0.038231, 0.215056, 0.088906]"
Squirrel,client,99,370,4,MR,H,evaluation,0,0,0.6419681906700134,0,0.7096081972122192,False,1,1.0,1,"[0.63257, 0.128592, 0.096133, 0.027249, 0.115457]"
Squirrel,client,99,407,4,MR,H,evaluation,3,0,0.4342156648635864,0,0.6256242990493774,True,0,,0,"[0.410223, 0.14027, 0.094274, 0.267368, 0.087865]"
Squirrel,client,99,449,4,MR,H,evaluation,2,0,0.41085588932037354,0,0.8680669665336609,False,0,,0,"[0.120912, 0.595452, 0.141158, 0.096765, 0.045713]"
Squirrel,client,99,454,4,MR,H,evaluation,1,0,0.1443912535905838,0,0.6344954967498779,False,0,,0,"[0.557095, 0.046135, 0.065552, 0.0523, 0.278917]"
Squirrel,client,99,460,4,MR,H,evaluation,0,0,0.6072225570678711,0,0.7096081972122192,False,0,,1,"[0.630721, 0.200015, 0.101727, 0.055081, 0.012455]"
Squirrel,client,99,461,4,MR,H,evaluation,0,0,0.5860958099365234,0,0.7096081972122192,False,0,,1,"[0.521917, 0.093406, 0.078668, 0.222172, 0.083836]"
Squirrel,client,99,471,4,MR,H,evaluation,0,0,0.7931981086730957,1,0.7096081972122192,False,1,0.0,1,"[0.928889, 0.046177, 0.015626, 0.009023, 0.000285]"
Squirrel,client,99,473,4,MR,H,evaluation,0,0,0.484611839056015,0,0.7096081972122192,False,0,,1,"[0.390431, 0.168151, 0.083302, 0.209179, 0.148937]"
Squirrel,client,99,487,4,MR,H,evaluation,1,0,0.30667179822921753,0,0.6344954967498779,False,0,,0,"[0.286543, 0.117154, 0.17557, 0.290568, 0.130165]"
Squirrel,client,99,512,4,MR,H,evaluation,4,0,0.8551300168037415,1,0.5929431915283203,False,0,,1,"[0.071828, 0.196756, 0.131493, 0.073612, 0.526311]"
Squirrel,client,99,513,4,MR,H,evaluation,0,0,0.5862683057785034,0,0.7096081972122192,False,0,,1,"[0.543388, 0.147647, 0.087277, 0.118732, 0.102956]"
Squirrel,client,99,528,4,MR,H,evaluation,3,0,0.4331425726413727,0,0.6256242990493774,True,0,,0,"[0.501046, 0.153057, 0.183447, 0.114192, 0.048259]"
Squirrel,client,99,544,4,MR,H,evaluation,4,0,0.06293261796236038,0,0.5929431915283203,False,0,,0,"[0.053123, 0.489511, 0.011144, 0.436341, 0.009881]"
Squirrel,client,99,1246,6,MR,H,evaluation,0,0,0.3895512819290161,0,0.7096081972122192,False,14,0.07142857142857142,1,"[0.312279, 0.250538, 0.102902, 0.214855, 0.119426]"
Squirrel,client,99,1280,6,MR,H,evaluation,0,0,0.5698195695877075,0,0.7096081972122192,False,17,0.23529411764705882,1,"[0.519195, 0.11921, 0.117181, 0.112208, 0.132206]"
Squirrel,client,99,1318,6,MR,H,evaluation,0,0,0.36033591628074646,0,0.7096081972122192,False,2,0.0,1,"[0.28711, 0.177543, 0.198632, 0.163698, 0.173017]"
Squirrel,client,99,1357,6,MR,H,evaluation,1,0,0.3588024973869324,0,0.6344954967498779,False,8,0.125,0,"[0.459601, 0.166564, 0.157895, 0.123081, 0.092859]"
Squirrel,client,99,1364,6,MR,H,evaluation,0,0,0.5330723524093628,0,0.7096081972122192,False,14,0.07142857142857142,1,"[0.473213, 0.133185, 0.126547, 0.124705, 0.142351]"
Squirrel,client,99,1368,6,MR,H,evaluation,2,0,0.4528068006038666,0,0.8680669665336609,False,4,0.0,0,"[0.324123, 0.174962, 0.174052, 0.143345, 0.183518]"
Squirrel,client,99,1379,6,MR,H,evaluation,0,0,0.4675338864326477,0,0.7096081972122192,False,1,0.0,1,"[0.412581, 0.187006, 0.138568, 0.134777, 0.127067]"
Squirrel,client,99,1387,6,MR,H,evaluation,0,0,0.45464026927948,0,0.7096081972122192,False,3,0.0,1,"[0.415202, 0.307577, 0.086301, 0.095593, 0.095328]"
Squirrel,client,99,1425,6,MR,H,evaluation,1,0,0.3329695761203766,0,0.6344954967498779,False,2,0.0,0,"[0.296732, 0.174881, 0.164198, 0.196018, 0.168171]"
Squirrel,client,99,1472,6,MR,H,evaluation,0,0,0.33455851674079895,0,0.7096081972122192,False,1,0.0,1,"[0.258402, 0.170384, 0.212407, 0.192206, 0.166601]"
Squirrel,client,99,1487,6,MR,H,evaluation,0,0,0.43428710103034973,0,0.7096081972122192,False,1,0.0,1,"[0.373294, 0.202376, 0.145268, 0.137471, 0.141591]"
Squirrel,client,99,1516,6,MR,H,evaluation,4,0,0.13324855268001556,0,0.5929431915283203,False,25,0.16,0,"[0.68435, 0.099203, 0.08982, 0.073427, 0.0532]"
Squirrel,client,99,1554,6,MR,H,evaluation,1,0,0.35498735308647156,0,0.6344954967498779,False,5,0.0,0,"[0.183704, 0.232897, 0.118971, 0.289108, 0.17532]"
Squirrel,client,99,1640,6,MR,H,evaluation,1,0,0.32811427116394043,0,0.6344954967498779,False,2,0.0,0,"[0.270377, 0.157304, 0.191926, 0.197785, 0.182608]"
Squirrel,client,99,1643,6,MR,H,evaluation,3,0,0.4246179163455963,0,0.6256242990493774,True,5,0.0,0,"[0.331161, 0.211329, 0.123635, 0.204969, 0.128907]"
Squirrel,client,99,1667,6,MR,H,evaluation,1,0,0.4349355101585388,0,0.6344954967498779,False,0,,0,"[0.371041, 0.23437, 0.182389, 0.100087, 0.112113]"
Squirrel,client,99,1671,6,MR,H,evaluation,0,0,0.26726821064949036,0,0.7096081972122192,False,1,0.0,0,"[0.230485, 0.523076, 0.083834, 0.082497, 0.080108]"
Squirrel,client,99,1676,6,MR,H,evaluation,2,0,0.36034753918647766,0,0.8680669665336609,False,8,0.25,0,"[0.428473, 0.143001, 0.134295, 0.146066, 0.148165]"
Squirrel,client,99,1688,6,MR,H,evaluation,0,0,0.5305732488632202,0,0.7096081972122192,False,1,0.0,1,"[0.471041, 0.183963, 0.082726, 0.158765, 0.103505]"
Squirrel,client,99,1690,6,MR,H,evaluation,1,0,0.3621615767478943,0,0.6344954967498779,False,5,0.0,0,"[0.337564, 0.183606, 0.166669, 0.181677, 0.130485]"
Squirrel,client,99,1695,6,MR,H,evaluation,0,0,0.5974484086036682,0,0.7096081972122192,False,0,,1,"[0.532572, 0.194457, 0.03628, 0.085358, 0.151332]"
Squirrel,client,99,1788,6,MR,H,evaluation,1,0,0.3914322257041931,0,0.6344954967498779,False,2,0.0,0,"[0.300686, 0.168689, 0.232759, 0.160728, 0.137139]"
Squirrel,client,99,1794,6,MR,H,evaluation,2,0,0.5555537343025208,0,0.8680669665336609,False,0,,0,"[0.288585, 0.160445, 0.205182, 0.103511, 0.242277]"
Squirrel,client,99,1818,6,MR,H,evaluation,3,0,0.5100637078285217,0,0.6256242990493774,True,2,0.0,0,"[0.262897, 0.374766, 0.126588, 0.093379, 0.14237]"
Squirrel,client,99,1821,6,MR,H,evaluation,3,0,0.49974408745765686,0,0.6256242990493774,True,2,0.0,1,"[0.061161, 0.055367, 0.054901, 0.718473, 0.110099]"
Squirrel,client,99,1826,6,MR,H,evaluation,0,0,0.3249521553516388,0,0.7096081972122192,False,1,0.0,1,"[0.249175, 0.170492, 0.211958, 0.218455, 0.14992]"
Squirrel,client,99,1853,6,MR,H,evaluation,4,0,0.19620026648044586,0,0.5929431915283203,False,10,0.4,0,"[0.34837, 0.326011, 0.077194, 0.160387, 0.088039]"
Squirrel,client,99,1904,6,MR,H,evaluation,2,0,0.4647924304008484,0,0.8680669665336609,False,8,0.375,0,"[0.484494, 0.133002, 0.182866, 0.093151, 0.106488]"
Squirrel,client,99,2006,6,MR,H,evaluation,0,0,0.31197085976600647,0,0.7096081972122192,False,1,0.0,0,"[0.271468, 0.468744, 0.075234, 0.092892, 0.091662]"
Squirrel,client,99,2058,6,MR,H,evaluation,3,0,0.4149966537952423,0,0.6256242990493774,True,2,0.0,0,"[0.302299, 0.207872, 0.173653, 0.173353, 0.142824]"
Squirrel,client,99,2063,6,MR,H,evaluation,2,0,0.3869410753250122,0,0.8680669665336609,False,4,0.0,0,"[0.34855, 0.164676, 0.157103, 0.177584, 0.152088]"
Squirrel,client,99,2136,6,MR,H,evaluation,1,0,0.4211732745170593,0,0.6344954967498779,False,0,,0,"[0.352077, 0.200816, 0.193533, 0.164147, 0.089427]"
Squirrel,client,99,2174,6,MR,H,evaluation,2,0,0.5063680410385132,0,0.8680669665336609,False,0,,0,"[0.442445, 0.197063, 0.209848, 0.086381, 0.064263]"
Squirrel,client,99,2201,6,MR,H,evaluation,2,0,0.33348217606544495,0,0.8680669665336609,False,0,,0,"[0.230531, 0.499195, 0.090449, 0.099308, 0.080517]"
Squirrel,client,99,2206,6,MR,H,evaluation,1,0,0.34259843826293945,0,0.6344954967498779,False,1,0.0,0,"[0.51287, 0.209503, 0.088472, 0.078125, 0.11103]"
Squirrel,client,99,2208,6,MR,H,evaluation,2,0,0.31979450583457947,0,0.8680669665336609,False,0,,0,"[0.456085, 0.217773, 0.101949, 0.111871, 0.112322]"
