dataset,scenario,seed,global_node_id,client_id,stage,subset,pool_role,true_class,membership_label,mia_score,decision,threshold,fallback_status,local_degree,local_label_agreement,correct_prediction,prob_vector
Squirrel,client,42,697,1,M0,attack_member,evaluation,0,1,0.490233838558197,0,0.870914101600647,False,32,0.3125,1,"[0.467423, 0.177478, 0.239574, 0.078016, 0.037509]"
Squirrel,client,42,769,1,M0,attack_member,evaluation,0,1,0.43895506858825684,0,0.870914101600647,False,3,0.0,1,"[0.352035, 0.186891, 0.239857, 0.115922, 0.105296]"
Squirrel,client,42,772,1,M0,attack_member,evaluation,2,1,0.47304508090019226,0,0.5775445699691772,False,3,0.0,1,"[0.170095, 0.239713, 0.259839, 0.2595, 0.070853]"
Squirrel,client,42,812,1,M0,attack_member,evaluation,0,1,0.520308256149292,0,0.870914101600647,False,6,0.3333333333333333,1,"[0.469901, 0.260181, 0.0911, 0.113228, 0.06559]"
Squirrel,client,42,834,1,M0,attack_member,evaluation,2,1,0.4504169225692749,0,0.5775445699691772,False,35,0.2,0,"[0.503788, 0.180697, 0.209115, 0.073565, 0.032835]"
Squirrel,client,42,858,1,M0,attack_member,evaluation,1,1,0.4024280607700348,0,0.6547627449035645,True,6,0.16666666666666666,0,"[0.304406, 0.16903, 0.217539, 0.243725, 0.0653]"
Squirrel,client,42,872,1,M0,attack_member,evaluation,3,1,0.46110475063323975,0,0.6547627449035645,True,9,0.3333333333333333,1,"[0.156097, 0.207213, 0.063763, 0.466967, 0.105959]"
Squirrel,client,42,876,1,M0,attack_member,evaluation,0,1,0.697390079498291,0,0.870914101600647,False,6,0.3333333333333333,1,"[0.512119, 0.059262, 0.048827, 0.189291, 0.190501]"
Squirrel,client,42,887,1,M0,attack_member,evaluation,0,1,0.6861178874969482,0,0.870914101600647,False,2,1.0,1,"[0.683585, 0.211036, 0.035364, 0.027763, 0.042251]"
Squirrel,client,42,947,1,M0,attack_member,evaluation,0,1,0.5362111330032349,0,0.870914101600647,False,2,0.0,1,"[0.419634, 0.213553, 0.10332, 0.127707, 0.135785]"
Squirrel,client,42,967,1,M0,attack_member,evaluation,0,1,0.3872680068016052,0,0.870914101600647,False,2,0.0,1,"[0.274865, 0.207647, 0.231076, 0.152239, 0.134173]"
Squirrel,client,42,993,1,M0,attack_member,evaluation,0,1,0.38005390763282776,0,0.870914101600647,False,10,0.0,1,"[0.291466, 0.203987, 0.255926, 0.15331, 0.095311]"
Squirrel,client,42,1007,1,M0,attack_member,evaluation,0,1,0.36821064352989197,0,0.870914101600647,False,5,0.0,1,"[0.244358, 0.219791, 0.212763, 0.180299, 0.142789]"
Squirrel,client,42,1015,1,M0,attack_member,evaluation,1,1,0.4211963713169098,0,0.6547627449035645,True,7,0.0,0,"[0.232634, 0.213451, 0.080485, 0.360172, 0.113257]"
Squirrel,client,42,1053,1,M0,attack_member,evaluation,3,1,0.5213344693183899,0,0.6547627449035645,True,7,0.14285714285714285,1,"[0.142326, 0.044282, 0.116291, 0.656006, 0.041095]"
Squirrel,client,42,1055,1,M0,attack_member,evaluation,0,1,0.47433918714523315,0,0.870914101600647,False,2,0.0,1,"[0.452926, 0.269633, 0.134487, 0.085362, 0.057591]"
Squirrel,client,42,1178,1,M0,attack_member,evaluation,0,1,0.6654514074325562,0,0.870914101600647,False,0,,1,"[0.651604, 0.22302, 0.038498, 0.031433, 0.055445]"
Squirrel,client,42,1191,1,M0,attack_member,evaluation,1,1,0.4768029749393463,0,0.6547627449035645,True,2,0.0,1,"[0.036256, 0.513826, 0.141978, 0.086046, 0.221893]"
Squirrel,client,42,1212,1,M0,attack_member,evaluation,4,1,0.41443106532096863,0,0.6547627449035645,True,6,0.3333333333333333,0,"[0.252295, 0.2101, 0.079565, 0.341024, 0.117016]"
Squirrel,client,42,1239,1,M0,attack_member,evaluation,0,1,0.39409610629081726,0,0.870914101600647,False,1,0.0,1,"[0.303839, 0.285834, 0.138488, 0.149949, 0.12189]"
Squirrel,client,42,1257,1,M0,attack_member,evaluation,1,1,0.45843201875686646,0,0.6547627449035645,True,5,0.0,1,"[0.079229, 0.37087, 0.301358, 0.184947, 0.063595]"
Squirrel,client,42,1276,1,M0,attack_member,evaluation,0,1,0.502511739730835,0,0.870914101600647,False,1,1.0,1,"[0.430857, 0.234286, 0.133744, 0.109828, 0.091285]"
Squirrel,client,42,1311,1,M0,attack_member,evaluation,1,1,0.4572327136993408,0,0.6547627449035645,True,1,0.0,1,"[0.066011, 0.515214, 0.303306, 0.03962, 0.075848]"
Squirrel,client,42,1361,1,M0,attack_member,evaluation,1,1,0.41375598311424255,0,0.6547627449035645,True,1,0.0,1,"[0.232747, 0.305762, 0.151401, 0.172711, 0.137379]"
Squirrel,client,42,1412,1,M0,attack_member,evaluation,2,1,0.4130227863788605,0,0.5775445699691772,False,2,0.0,0,"[0.343583, 0.223226, 0.186864, 0.149626, 0.096701]"
Squirrel,client,42,1417,1,M0,attack_member,evaluation,2,1,0.7872704863548279,1,0.5775445699691772,False,11,0.45454545454545453,1,"[0.149704, 0.093578, 0.636777, 0.065087, 0.054854]"
Squirrel,client,42,1451,1,M0,attack_member,evaluation,3,1,0.46263787150382996,0,0.6547627449035645,True,5,0.4,0,"[0.063316, 0.380639, 0.304607, 0.165863, 0.085576]"
Squirrel,client,42,1455,1,M0,attack_member,evaluation,0,1,0.48538491129875183,0,0.870914101600647,False,1,0.0,1,"[0.366456, 0.220794, 0.123575, 0.156635, 0.13254]"
Squirrel,client,42,1476,1,M0,attack_member,evaluation,0,1,0.5090084075927734,0,0.870914101600647,False,2,0.5,1,"[0.407301, 0.262631, 0.05062, 0.185176, 0.094271]"
Squirrel,client,42,1510,1,M0,attack_member,evaluation,0,1,0.3695387542247772,0,0.870914101600647,False,5,0.0,1,"[0.265042, 0.21605, 0.237771, 0.163164, 0.117973]"
Squirrel,client,42,1556,1,M0,attack_member,evaluation,1,1,0.3975068926811218,0,0.6547627449035645,True,18,0.2222222222222222,0,"[0.476749, 0.170681, 0.244607, 0.077983, 0.029981]"
Squirrel,client,42,1576,1,M0,attack_member,evaluation,3,1,0.389590322971344,0,0.6547627449035645,True,2,0.0,0,"[0.399659, 0.139693, 0.18315, 0.25608, 0.021417]"
Squirrel,client,42,1624,1,M0,attack_member,evaluation,1,1,0.4493819773197174,0,0.6547627449035645,True,2,0.0,1,"[0.118869, 0.316158, 0.255339, 0.165869, 0.143765]"
Squirrel,client,42,1636,1,M0,attack_member,evaluation,0,1,0.41593050956726074,0,0.870914101600647,False,18,0.2777777777777778,1,"[0.41458, 0.201528, 0.27709, 0.07932, 0.027482]"
Squirrel,client,42,1649,1,M0,attack_member,evaluation,0,1,0.30229607224464417,0,0.870914101600647,False,3,0.0,0,"[0.2781, 0.446222, 0.042081, 0.176526, 0.057071]"
Squirrel,client,42,1655,1,M0,attack_member,evaluation,3,1,0.44164955615997314,0,0.6547627449035645,True,0,,1,"[0.245571, 0.107201, 0.055477, 0.531566, 0.060185]"
Squirrel,client,42,1698,1,M0,attack_member,evaluation,1,1,0.4731384217739105,0,0.6547627449035645,True,3,0.3333333333333333,0,"[0.070508, 0.322066, 0.41282, 0.129214, 0.065392]"
Squirrel,client,42,1709,1,M0,attack_member,evaluation,1,1,0.39124149084091187,0,0.6547627449035645,True,3,0.3333333333333333,0,"[0.380651, 0.214269, 0.215152, 0.120746, 0.069182]"
Squirrel,client,42,1757,1,M0,attack_member,evaluation,1,1,0.40605324506759644,0,0.6547627449035645,True,0,,0,"[0.483353, 0.201904, 0.226493, 0.043343, 0.044907]"
Squirrel,client,42,1817,1,M0,attack_member,evaluation,0,1,0.7071244716644287,0,0.870914101600647,False,0,,1,"[0.669442, 0.153108, 0.068282, 0.073058, 0.03611]"
Squirrel,client,42,1833,1,M0,attack_member,evaluation,4,1,0.5697945356369019,0,0.6547627449035645,True,5,0.4,0,"[0.003541, 0.033056, 0.38541, 0.203942, 0.37405]"
Squirrel,client,42,1873,1,M0,attack_member,evaluation,3,1,0.3965190351009369,0,0.6547627449035645,True,0,,0,"[0.330629, 0.188132, 0.094809, 0.299256, 0.087174]"
Squirrel,client,42,1923,1,M0,attack_member,evaluation,2,1,0.7276539206504822,1,0.5775445699691772,False,1,0.0,1,"[0.049867, 0.134059, 0.487663, 0.023465, 0.304945]"
Squirrel,client,42,1958,1,M0,attack_member,evaluation,1,1,0.43530887365341187,0,0.6547627449035645,True,1,1.0,0,"[0.445115, 0.342931, 0.110138, 0.062968, 0.038848]"
Squirrel,client,42,1972,1,M0,attack_member,evaluation,4,1,0.5457454919815063,0,0.6547627449035645,True,1,1.0,0,"[0.064409, 0.028305, 0.014007, 0.589314, 0.303965]"
Squirrel,client,42,1985,1,M0,attack_member,evaluation,2,1,0.3250715732574463,0,0.5775445699691772,False,1,0.0,0,"[0.475394, 0.1548, 0.144387, 0.171037, 0.054382]"
Squirrel,client,42,2036,1,M0,attack_member,evaluation,3,1,0.5762713551521301,0,0.6547627449035645,True,1,0.0,0,"[0.000703, 0.005524, 0.38001, 0.199697, 0.414067]"
Squirrel,client,42,2044,1,M0,attack_member,evaluation,3,1,0.3921782374382019,0,0.6547627449035645,True,1,1.0,0,"[0.392377, 0.237529, 0.161146, 0.162157, 0.04679]"
Squirrel,client,42,2046,1,M0,attack_member,evaluation,2,1,0.7173961400985718,1,0.5775445699691772,False,0,,1,"[0.185774, 0.045842, 0.563122, 0.112442, 0.092819]"
Squirrel,client,42,2060,1,M0,attack_member,evaluation,2,1,0.7753379940986633,1,0.5775445699691772,False,1,1.0,1,"[0.06047, 0.03382, 0.652937, 0.068108, 0.184665]"
Squirrel,client,42,2183,1,M0,attack_member,evaluation,2,1,0.7242330312728882,1,0.5775445699691772,False,0,,1,"[0.116518, 0.037279, 0.562214, 0.079128, 0.204862]"
Squirrel,client,42,2217,1,M0,attack_member,evaluation,0,1,0.7183540463447571,0,0.870914101600647,False,0,,1,"[0.650407, 0.09598, 0.115712, 0.094457, 0.043444]"
Squirrel,client,42,2221,1,M0,attack_member,evaluation,1,1,0.45529842376708984,0,0.6547627449035645,True,0,,0,"[0.565684, 0.21766, 0.118917, 0.057489, 0.040249]"
Squirrel,client,42,6,2,M0,attack_member,evaluation,0,1,0.7152255177497864,0,0.870914101600647,False,0,,1,"[0.696085, 0.170532, 0.051972, 0.032714, 0.048697]"
Squirrel,client,42,67,2,M0,attack_member,evaluation,0,1,0.6290823221206665,0,0.870914101600647,False,0,,1,"[0.596829, 0.210352, 0.073777, 0.07654, 0.042502]"
Squirrel,client,42,68,2,M0,attack_member,evaluation,2,1,0.6883308291435242,1,0.5775445699691772,False,1,0.0,1,"[0.010117, 0.033778, 0.593103, 0.339487, 0.023515]"
Squirrel,client,42,78,2,M0,attack_member,evaluation,0,1,0.745106041431427,0,0.870914101600647,False,1,1.0,1,"[0.713614, 0.108476, 0.086233, 0.06213, 0.029547]"
Squirrel,client,42,81,2,M0,attack_member,evaluation,0,1,0.44490596652030945,0,0.870914101600647,False,2,0.5,1,"[0.35906, 0.233601, 0.169278, 0.134054, 0.104007]"
Squirrel,client,42,86,2,M0,attack_member,evaluation,0,1,0.6989537477493286,0,0.870914101600647,False,1,1.0,1,"[0.663124, 0.170602, 0.057091, 0.065954, 0.043228]"
Squirrel,client,42,112,2,M0,attack_member,evaluation,1,1,0.4326281249523163,0,0.6547627449035645,True,2,0.0,1,"[0.184068, 0.461003, 0.031218, 0.3064, 0.017311]"
Squirrel,client,42,137,2,M0,attack_member,evaluation,3,1,0.415170818567276,0,0.6547627449035645,True,7,0.2857142857142857,1,"[0.289824, 0.113599, 0.132508, 0.357452, 0.106617]"
Squirrel,client,42,139,2,M0,attack_member,evaluation,0,1,0.4179718792438507,0,0.870914101600647,False,6,0.3333333333333333,1,"[0.347462, 0.279628, 0.138009, 0.140791, 0.09411]"
Squirrel,client,42,159,2,M0,attack_member,evaluation,1,1,0.41412532329559326,0,0.6547627449035645,True,1,0.0,0,"[0.454819, 0.247366, 0.122959, 0.10567, 0.069187]"
Squirrel,client,42,182,2,M0,attack_member,evaluation,0,1,0.5758304595947266,0,0.870914101600647,False,1,1.0,1,"[0.469173, 0.098531, 0.232694, 0.106835, 0.092767]"
Squirrel,client,42,206,2,M0,attack_member,evaluation,0,1,0.3259701430797577,0,0.870914101600647,False,2,1.0,0,"[0.236927, 0.177482, 0.349562, 0.128466, 0.107563]"
Squirrel,client,42,225,2,M0,attack_member,evaluation,0,1,0.41276776790618896,0,0.870914101600647,False,1,0.0,1,"[0.31556, 0.259955, 0.146061, 0.164394, 0.11403]"
Squirrel,client,42,241,2,M0,attack_member,evaluation,1,1,0.4008072018623352,0,0.6547627449035645,True,6,0.5,0,"[0.359473, 0.265294, 0.114373, 0.154225, 0.106635]"
Squirrel,client,42,246,2,M0,attack_member,evaluation,2,1,0.8395533561706543,1,0.5775445699691772,False,0,,1,"[0.027773, 0.030286, 0.85672, 0.047932, 0.037289]"
Squirrel,client,42,247,2,M0,attack_member,evaluation,1,1,0.41164088249206543,0,0.6547627449035645,True,4,0.75,0,"[0.409467, 0.281155, 0.093434, 0.130932, 0.085012]"
Squirrel,client,42,255,2,M0,attack_member,evaluation,0,1,0.7284568548202515,0,0.870914101600647,False,0,,1,"[0.693436, 0.126269, 0.08439, 0.055686, 0.040219]"
Squirrel,client,42,326,2,M0,attack_member,evaluation,1,1,0.4158754348754883,0,0.6547627449035645,True,0,,0,"[0.46678, 0.246302, 0.105978, 0.127576, 0.053365]"
Squirrel,client,42,382,2,M0,attack_member,evaluation,4,1,0.4112018644809723,0,0.6547627449035645,True,5,0.0,0,"[0.501456, 0.169763, 0.152344, 0.121755, 0.054682]"
Squirrel,client,42,408,2,M0,attack_member,evaluation,2,1,0.8492550253868103,1,0.5775445699691772,False,0,,1,"[0.035917, 0.042087, 0.876931, 0.022389, 0.022677]"
Squirrel,client,42,440,2,M0,attack_member,evaluation,0,1,0.8361501693725586,0,0.870914101600647,False,0,,1,"[0.796014, 0.008427, 0.066344, 0.1042, 0.025015]"
Squirrel,client,42,497,2,M0,attack_member,evaluation,3,1,0.601954996585846,0,0.6547627449035645,True,0,,1,"[0.047486, 0.029682, 0.028673, 0.869311, 0.024849]"
Squirrel,client,42,527,2,M0,attack_member,evaluation,0,1,0.800000786781311,0,0.870914101600647,False,3,0.0,1,"[0.743876, 0.017905, 0.109428, 0.107149, 0.021642]"
Squirrel,client,42,553,2,M0,attack_member,evaluation,0,1,0.6716218590736389,0,0.870914101600647,False,1,1.0,1,"[0.655979, 0.195688, 0.059711, 0.056972, 0.03165]"
Squirrel,client,42,575,2,M0,attack_member,evaluation,2,1,0.8523298501968384,1,0.5775445699691772,False,0,,1,"[0.008244, 0.023836, 0.907636, 0.010111, 0.050172]"
Squirrel,client,42,603,2,M0,attack_member,evaluation,0,1,0.596455991268158,0,0.870914101600647,False,0,,1,"[0.551861, 0.240454, 0.056904, 0.094805, 0.055977]"
Squirrel,client,42,654,2,M0,attack_member,evaluation,3,1,0.41995522379875183,0,0.6547627449035645,True,0,,0,"[0.594198, 0.03698, 0.064539, 0.299016, 0.005267]"
Squirrel,client,42,657,2,M0,attack_member,evaluation,0,1,0.7518323063850403,0,0.870914101600647,False,0,,1,"[0.749457, 0.152482, 0.02508, 0.06497, 0.00801]"
Squirrel,client,42,662,2,M0,attack_member,evaluation,0,1,0.5005208253860474,0,0.870914101600647,False,0,,0,"[0.345261, 0.161221, 0.021855, 0.420323, 0.05134]"
Squirrel,client,42,16,3,M0,attack_member,evaluation,0,1,0.6949620246887207,0,0.870914101600647,False,0,,1,"[0.63449, 0.096145, 0.144158, 0.090748, 0.034459]"
Squirrel,client,42,172,3,M0,attack_member,evaluation,3,1,0.4222394526004791,0,0.6547627449035645,True,1,0.0,0,"[0.520706, 0.160456, 0.12225, 0.1196, 0.076988]"
Squirrel,client,42,208,3,M0,attack_member,evaluation,0,1,0.7231523990631104,0,0.870914101600647,False,2,1.0,1,"[0.700991, 0.122323, 0.099466, 0.050258, 0.026963]"
Squirrel,client,42,278,3,M0,attack_member,evaluation,0,1,0.8268211483955383,0,0.870914101600647,False,0,,1,"[0.820429, 0.061646, 0.038331, 0.047299, 0.032296]"
Squirrel,client,42,389,3,M0,attack_member,evaluation,0,1,0.7829326391220093,0,0.870914101600647,False,5,0.8,1,"[0.79478, 0.116307, 0.04391, 0.025978, 0.019025]"
Squirrel,client,42,411,3,M0,attack_member,evaluation,0,1,0.2914092242717743,0,0.870914101600647,False,4,0.0,0,"[0.215328, 0.332002, 0.178915, 0.180183, 0.093572]"
Squirrel,client,42,434,3,M0,attack_member,evaluation,2,1,0.8566269874572754,1,0.5775445699691772,False,0,,1,"[0.001583, 0.011418, 0.966737, 0.013509, 0.006754]"
Squirrel,client,42,449,3,M0,attack_member,evaluation,2,1,0.7600449919700623,1,0.5775445699691772,False,1,1.0,1,"[0.149971, 0.18376, 0.522775, 0.083225, 0.060269]"
Squirrel,client,42,459,3,M0,attack_member,evaluation,1,1,0.4621720016002655,0,0.6547627449035645,True,2,0.5,0,"[0.578676, 0.200162, 0.081203, 0.088945, 0.051014]"
Squirrel,client,42,476,3,M0,attack_member,evaluation,0,1,0.8020266890525818,0,0.870914101600647,False,2,0.0,1,"[0.748057, 0.053523, 0.060267, 0.109274, 0.028878]"
Squirrel,client,42,498,3,M0,attack_member,evaluation,3,1,0.41395941376686096,0,0.6547627449035645,True,12,0.08333333333333333,0,"[0.275117, 0.154063, 0.300581, 0.170336, 0.099902]"
Squirrel,client,42,600,3,M0,attack_member,evaluation,0,1,0.6631871461868286,0,0.870914101600647,False,0,,1,"[0.580768, 0.164185, 0.086609, 0.077503, 0.090936]"
Squirrel,client,42,646,3,M0,attack_member,evaluation,1,1,0.5770198106765747,0,0.6547627449035645,True,3,0.3333333333333333,1,"[0.070459, 0.80214, 0.054723, 0.054231, 0.018447]"
Squirrel,client,42,663,3,M0,attack_member,evaluation,1,1,0.43825799226760864,0,0.6547627449035645,True,2,0.0,0,"[0.528573, 0.224799, 0.085691, 0.116414, 0.044524]"
Squirrel,client,42,695,3,M0,attack_member,evaluation,1,1,0.54826420545578,0,0.6547627449035645,True,10,0.2,1,"[0.059026, 0.769475, 0.101534, 0.054708, 0.015258]"
Squirrel,client,42,760,3,M0,attack_member,evaluation,2,1,0.29584556818008423,0,0.5775445699691772,False,0,,0,"[0.596829, 0.210352, 0.073777, 0.07654, 0.042502]"
Squirrel,client,42,780,3,M0,attack_member,evaluation,1,1,0.4030979871749878,0,0.6547627449035645,True,0,,0,"[0.354544, 0.318426, 0.123589, 0.140441, 0.063]"
Squirrel,client,42,788,3,M0,attack_member,evaluation,4,1,0.40537527203559875,0,0.6547627449035645,True,2,0.0,0,"[0.281712, 0.224907, 0.153414, 0.181487, 0.15848]"
Squirrel,client,42,813,3,M0,attack_member,evaluation,0,1,0.8084074258804321,0,0.870914101600647,False,1,1.0,1,"[0.827146, 0.08867, 0.042244, 0.028854, 0.013087]"
Squirrel,client,42,844,3,M0,attack_member,evaluation,1,1,0.4204442799091339,0,0.6547627449035645,True,1,0.0,1,"[0.254057, 0.381116, 0.129652, 0.109842, 0.125333]"
Squirrel,client,42,874,3,M0,attack_member,evaluation,1,1,0.44457894563674927,0,0.6547627449035645,True,2,0.0,0,"[0.537252, 0.218198, 0.091831, 0.092811, 0.059907]"
Squirrel,client,42,878,3,M0,attack_member,evaluation,1,1,0.42582228779792786,0,0.6547627449035645,True,1,0.0,0,"[0.206283, 0.241978, 0.395683, 0.085857, 0.070198]"
Squirrel,client,42,917,3,M0,attack_member,evaluation,2,1,0.4611062705516815,0,0.5775445699691772,False,2,0.5,0,"[0.588317, 0.074043, 0.265023, 0.042126, 0.030492]"
Squirrel,client,42,923,3,M0,attack_member,evaluation,0,1,0.4486839175224304,0,0.870914101600647,False,0,,1,"[0.449937, 0.262196, 0.178138, 0.061205, 0.048524]"
Squirrel,client,42,968,3,M0,attack_member,evaluation,2,1,0.5331578850746155,0,0.5775445699691772,False,6,0.8333333333333334,1,"[0.176957, 0.180614, 0.312848, 0.208788, 0.120794]"
Squirrel,client,42,1088,3,M0,attack_member,evaluation,2,1,0.683296799659729,1,0.5775445699691772,False,1,1.0,1,"[0.156576, 0.172569, 0.43428, 0.122864, 0.11371]"
Squirrel,client,42,1148,3,M0,attack_member,evaluation,0,1,0.8110023140907288,0,0.870914101600647,False,2,1.0,1,"[0.797921, 0.055899, 0.066091, 0.063077, 0.017012]"
Squirrel,client,42,1169,3,M0,attack_member,evaluation,2,1,0.8308296799659729,1,0.5775445699691772,False,0,,1,"[0.039844, 0.064635, 0.773125, 0.056658, 0.065738]"
Squirrel,client,42,1173,3,M0,attack_member,evaluation,0,1,0.53131103515625,0,0.870914101600647,False,0,,1,"[0.425717, 0.170945, 0.169705, 0.129334, 0.104299]"
Squirrel,client,42,37,4,M0,attack_member,evaluation,0,1,0.5485609769821167,0,0.870914101600647,False,1,0.0,1,"[0.372158, 0.104636, 0.131388, 0.21714, 0.174677]"
Squirrel,client,42,56,4,M0,attack_member,evaluation,1,1,0.6194356083869934,0,0.6547627449035645,True,1,0.0,1,"[0.026286, 0.897355, 0.030156, 0.044411, 0.001792]"
Squirrel,client,42,63,4,M0,attack_member,evaluation,2,1,0.8575869798660278,1,0.5775445699691772,False,1,1.0,1,"[0.001017, 0.002494, 0.984895, 0.000755, 0.01084]"
Squirrel,client,42,74,4,M0,attack_member,evaluation,0,1,0.562314510345459,0,0.870914101600647,False,1,0.0,1,"[0.39581, 0.103365, 0.154768, 0.191205, 0.154853]"
Squirrel,client,42,93,4,M0,attack_member,evaluation,0,1,0.3906688690185547,0,0.870914101600647,False,2,0.5,1,"[0.418605, 0.405766, 0.053082, 0.058761, 0.063786]"
Squirrel,client,42,116,4,M0,attack_member,evaluation,2,1,0.6881119012832642,1,0.5775445699691772,False,1,0.0,1,"[0.000995, 0.002884, 0.628682, 0.365949, 0.00149]"
Squirrel,client,42,118,4,M0,attack_member,evaluation,3,1,0.6276863813400269,0,0.6547627449035645,True,0,,1,"[0.010937, 0.008674, 0.039443, 0.90273, 0.038217]"
Squirrel,client,42,132,4,M0,attack_member,evaluation,0,1,0.8025287389755249,0,0.870914101600647,False,0,,1,"[0.811724, 0.108427, 0.02841, 0.014794, 0.036645]"
Squirrel,client,42,133,4,M0,attack_member,evaluation,2,1,0.856539785861969,1,0.5775445699691772,False,1,0.0,1,"[0.008964, 0.284319, 0.666182, 0.026389, 0.014146]"
Squirrel,client,42,149,4,M0,attack_member,evaluation,1,1,0.4764319360256195,0,0.6547627449035645,True,0,,0,"[0.596829, 0.210352, 0.073777, 0.07654, 0.042502]"
Squirrel,client,42,158,4,M0,attack_member,evaluation,1,1,0.4706631302833557,0,0.6547627449035645,True,1,0.0,0,"[0.049951, 0.391094, 0.537144, 0.007862, 0.013949]"
Squirrel,client,42,160,4,M0,attack_member,evaluation,0,1,0.6151291131973267,0,0.870914101600647,False,1,0.0,1,"[0.490749, 0.168498, 0.086068, 0.137362, 0.117322]"
Squirrel,client,42,224,4,M0,attack_member,evaluation,3,1,0.62750643491745,0,0.6547627449035645,True,0,,1,"[0.016218, 0.007879, 0.067115, 0.903354, 0.005434]"
Squirrel,client,42,266,4,M0,attack_member,evaluation,0,1,0.7814379334449768,0,0.870914101600647,False,0,,1,"[0.738845, 0.106344, 0.034493, 0.077801, 0.042517]"
Squirrel,client,42,270,4,M0,attack_member,evaluation,4,1,0.528142511844635,0,0.6547627449035645,True,0,,1,"[0.001043, 0.023044, 0.008766, 0.007197, 0.95995]"
Squirrel,client,42,274,4,M0,attack_member,evaluation,0,1,0.7361096739768982,0,0.870914101600647,False,0,,1,"[0.739597, 0.164799, 0.041457, 0.022384, 0.031762]"
Squirrel,client,42,275,4,M0,attack_member,evaluation,0,1,0.5521889328956604,0,0.870914101600647,False,0,,1,"[0.494545, 0.169231, 0.182986, 0.097755, 0.055483]"
Squirrel,client,42,280,4,M0,attack_member,evaluation,0,1,0.5401695370674133,0,0.870914101600647,False,0,,1,"[0.53357, 0.259803, 0.094803, 0.078854, 0.032969]"
Squirrel,client,42,292,4,M0,attack_member,evaluation,1,1,0.4762599766254425,0,0.6547627449035645,True,0,,0,"[0.010863, 0.436942, 0.506496, 0.026672, 0.019026]"
Squirrel,client,42,303,4,M0,attack_member,evaluation,1,1,0.6612293124198914,1,0.6547627449035645,True,0,,1,"[0.010851, 0.968824, 0.008924, 0.004704, 0.006697]"
Squirrel,client,42,322,4,M0,attack_member,evaluation,3,1,0.48499056696891785,0,0.6547627449035645,True,2,0.0,0,"[0.024875, 0.642749, 0.038715, 0.253566, 0.040095]"
Squirrel,client,42,343,4,M0,attack_member,evaluation,1,1,0.41376322507858276,0,0.6547627449035645,True,0,,0,"[0.204373, 0.349313, 0.370203, 0.044125, 0.031987]"
Squirrel,client,42,385,4,M0,attack_member,evaluation,2,1,0.8553473353385925,1,0.5775445699691772,False,0,,1,"[0.01049, 0.014457, 0.946709, 0.004267, 0.024076]"
Squirrel,client,42,403,4,M0,attack_member,evaluation,4,1,0.5476921796798706,0,0.6547627449035645,True,2,0.5,1,"[0.002551, 0.002742, 0.264212, 0.019375, 0.71112]"
Squirrel,client,42,444,4,M0,attack_member,evaluation,2,1,0.659267783164978,1,0.5775445699691772,False,1,0.0,1,"[0.408594, 0.022019, 0.495768, 0.029584, 0.044035]"
Squirrel,client,42,482,4,M0,attack_member,evaluation,0,1,0.5312953591346741,0,0.870914101600647,False,0,,1,"[0.439203, 0.160563, 0.194398, 0.115167, 0.090669]"
Squirrel,client,42,499,4,M0,attack_member,evaluation,2,1,0.8543633222579956,1,0.5775445699691772,False,0,,1,"[0.003952, 0.001677, 0.976583, 0.016426, 0.001361]"
Squirrel,client,42,521,4,M0,attack_member,evaluation,1,1,0.5603141784667969,0,0.6547627449035645,True,0,,0,"[0.000657, 0.263165, 0.000794, 0.732966, 0.002418]"
Squirrel,client,42,530,4,M0,attack_member,evaluation,1,1,0.45601826906204224,0,0.6547627449035645,True,0,,1,"[0.284464, 0.513506, 0.037736, 0.140032, 0.024261]"
Squirrel,client,42,98,5,M0,attack_member,evaluation,1,1,0.423069566488266,0,0.6547627449035645,True,22,0.2727272727272727,0,"[0.216897, 0.22337, 0.232484, 0.190326, 0.136924]"
Squirrel,client,42,127,5,M0,attack_member,evaluation,1,1,0.40184709429740906,0,0.6547627449035645,True,3,0.0,0,"[0.295551, 0.214822, 0.183332, 0.171761, 0.134534]"
Squirrel,client,42,150,5,M0,attack_member,evaluation,0,1,0.3083633482456207,0,0.870914101600647,False,139,0.17985611510791366,0,"[0.208093, 0.237765, 0.258988, 0.202725, 0.092429]"
Squirrel,client,42,178,5,M0,attack_member,evaluation,0,1,0.2956090271472931,0,0.870914101600647,False,144,0.1597222222222222,0,"[0.186426, 0.23802, 0.262093, 0.215823, 0.097638]"
Squirrel,client,42,190,5,M0,attack_member,evaluation,3,1,0.42958205938339233,0,0.6547627449035645,True,147,0.19727891156462585,0,"[0.19695, 0.237946, 0.263799, 0.210263, 0.091043]"
Squirrel,client,42,391,5,M0,attack_member,evaluation,3,1,0.4325975179672241,0,0.6547627449035645,True,132,0.1893939393939394,0,"[0.188601, 0.241183, 0.25998, 0.217943, 0.092293]"
Squirrel,client,42,417,5,M0,attack_member,evaluation,3,1,0.4410126805305481,0,0.6547627449035645,True,84,0.23809523809523808,0,"[0.168749, 0.240285, 0.239409, 0.23718, 0.114377]"
Squirrel,client,42,426,5,M0,attack_member,evaluation,1,1,0.43183577060699463,0,0.6547627449035645,True,117,0.23931623931623933,0,"[0.191278, 0.238269, 0.260621, 0.213418, 0.096414]"
Squirrel,client,42,605,5,M0,attack_member,evaluation,1,1,0.43542781472206116,0,0.6547627449035645,True,119,0.23529411764705882,0,"[0.182225, 0.240786, 0.265456, 0.216321, 0.095212]"
Squirrel,client,42,606,5,M0,attack_member,evaluation,2,1,0.4924521744251251,0,0.5775445699691772,False,117,0.28205128205128205,1,"[0.183147, 0.241206, 0.263633, 0.217276, 0.094739]"
Squirrel,client,42,649,5,M0,attack_member,evaluation,3,1,0.43743258714675903,0,0.6547627449035645,True,108,0.21296296296296297,0,"[0.177184, 0.242182, 0.265076, 0.219964, 0.095594]"
Squirrel,client,42,661,5,M0,attack_member,evaluation,0,1,0.28388315439224243,0,0.870914101600647,False,3,0.0,0,"[0.160888, 0.239642, 0.269332, 0.200789, 0.129349]"
Squirrel,client,42,671,5,M0,attack_member,evaluation,0,1,0.2907879650592804,0,0.870914101600647,False,71,0.04225352112676056,0,"[0.166258, 0.2413, 0.243078, 0.236527, 0.112837]"
Squirrel,client,42,705,5,M0,attack_member,evaluation,3,1,0.448811411857605,0,0.6547627449035645,True,7,0.42857142857142855,0,"[0.156389, 0.224589, 0.268846, 0.204302, 0.145874]"
Squirrel,client,42,859,5,M0,attack_member,evaluation,0,1,0.3957013785839081,0,0.870914101600647,False,3,0.0,1,"[0.268348, 0.218017, 0.181385, 0.192947, 0.139303]"
Squirrel,client,42,904,5,M0,attack_member,evaluation,1,1,0.43946608901023865,0,0.6547627449035645,True,74,0.20270270270270271,0,"[0.171899, 0.242405, 0.252113, 0.228231, 0.105352]"
Squirrel,client,42,1019,5,M0,attack_member,evaluation,0,1,0.46829769015312195,0,0.870914101600647,False,1,0.0,1,"[0.376053, 0.205982, 0.178479, 0.144312, 0.095173]"
Squirrel,client,42,1036,5,M0,attack_member,evaluation,1,1,0.44284123182296753,0,0.6547627449035645,True,59,0.22033898305084745,1,"[0.162841, 0.245795, 0.244809, 0.236676, 0.10988]"
Squirrel,client,42,1130,5,M0,attack_member,evaluation,2,1,0.4216896593570709,0,0.5775445699691772,False,6,0.16666666666666666,0,"[0.268167, 0.224047, 0.200767, 0.162935, 0.144085]"
Squirrel,client,42,1320,5,M0,attack_member,evaluation,4,1,0.4445691406726837,0,0.6547627449035645,True,43,0.18604651162790697,0,"[0.157497, 0.250401, 0.251997, 0.234013, 0.106092]"
Squirrel,client,42,1421,5,M0,attack_member,evaluation,0,1,0.38753077387809753,0,0.870914101600647,False,4,0.0,1,"[0.267883, 0.230245, 0.177949, 0.197902, 0.12602]"
Squirrel,client,42,1453,5,M0,attack_member,evaluation,2,1,0.5206484198570251,0,0.5775445699691772,False,51,0.3137254901960784,1,"[0.154095, 0.253388, 0.283987, 0.222136, 0.086394]"
Squirrel,client,42,1489,5,M0,attack_member,evaluation,3,1,0.445193350315094,0,0.6547627449035645,True,44,0.20454545454545456,0,"[0.155246, 0.256237, 0.285106, 0.215305, 0.088105]"
Squirrel,client,42,1548,5,M0,attack_member,evaluation,3,1,0.4478541910648346,0,0.6547627449035645,True,37,0.1891891891891892,0,"[0.148188, 0.259835, 0.29097, 0.213419, 0.087588]"
Squirrel,client,42,1616,5,M0,attack_member,evaluation,2,1,0.5260471701622009,0,0.5775445699691772,False,23,0.34782608695652173,1,"[0.128926, 0.240301, 0.296504, 0.23633, 0.097939]"
Squirrel,client,42,1623,5,M0,attack_member,evaluation,2,1,0.515701413154602,0,0.5775445699691772,False,22,0.36363636363636365,1,"[0.144615, 0.26299, 0.277739, 0.217653, 0.097004]"
Squirrel,client,42,1697,5,M0,attack_member,evaluation,0,1,0.6844929456710815,0,0.870914101600647,False,0,,1,"[0.644793, 0.117136, 0.142458, 0.058757, 0.036856]"
Squirrel,client,42,1751,5,M0,attack_member,evaluation,0,1,0.502221941947937,0,0.870914101600647,False,0,,1,"[0.48506, 0.152422, 0.274679, 0.037304, 0.050534]"
Squirrel,client,42,1807,5,M0,attack_member,evaluation,2,1,0.6153983473777771,1,0.5775445699691772,False,6,0.16666666666666666,1,"[0.118849, 0.27275, 0.345979, 0.173594, 0.088827]"
Squirrel,client,42,80,7,M0,attack_member,evaluation,0,1,0.4237108826637268,0,0.870914101600647,False,3,0.0,1,"[0.313473, 0.236205, 0.159798, 0.161495, 0.12903]"
Squirrel,client,42,121,7,M0,attack_member,evaluation,1,1,0.4443856179714203,0,0.6547627449035645,True,121,0.2396694214876033,0,"[0.4758, 0.309789, 0.078348, 0.076878, 0.059185]"
Squirrel,client,42,217,7,M0,attack_member,evaluation,0,1,0.5181601643562317,0,0.870914101600647,False,2,0.0,1,"[0.383534, 0.181805, 0.130119, 0.170399, 0.134143]"
Squirrel,client,42,256,7,M0,attack_member,evaluation,0,1,0.41134944558143616,0,0.870914101600647,False,4,0.0,1,"[0.288698, 0.226348, 0.171824, 0.165515, 0.147616]"
Squirrel,client,42,298,7,M0,attack_member,evaluation,0,1,0.4074440002441406,0,0.870914101600647,False,3,0.0,1,"[0.28787, 0.230031, 0.170113, 0.173296, 0.138689]"
Squirrel,client,42,344,7,M0,attack_member,evaluation,1,1,0.43860924243927,0,0.6547627449035645,True,112,0.25892857142857145,0,"[0.478067, 0.289445, 0.085558, 0.082833, 0.064097]"
Squirrel,client,42,378,7,M0,attack_member,evaluation,1,1,0.43345069885253906,0,0.6547627449035645,True,108,0.24074074074074073,0,"[0.464544, 0.292223, 0.089531, 0.086315, 0.067387]"
Squirrel,client,42,593,7,M0,attack_member,evaluation,0,1,0.40426650643348694,0,0.870914101600647,False,3,0.0,1,"[0.28937, 0.240844, 0.169407, 0.155312, 0.145067]"
Squirrel,client,42,629,7,M0,attack_member,evaluation,3,1,0.420571506023407,0,0.6547627449035645,True,88,0.1590909090909091,0,"[0.450121, 0.264848, 0.100259, 0.103664, 0.081108]"
Squirrel,client,42,691,7,M0,attack_member,evaluation,0,1,0.4915332496166229,0,0.870914101600647,False,89,0.3707865168539326,1,"[0.464505, 0.29327, 0.088256, 0.085315, 0.068655]"
Squirrel,client,42,787,7,M0,attack_member,evaluation,0,1,0.4895637631416321,0,0.870914101600647,False,83,0.3493975903614458,1,"[0.461498, 0.292979, 0.089515, 0.087168, 0.06884]"
Squirrel,client,42,956,7,M0,attack_member,evaluation,4,1,0.4350910484790802,0,0.6547627449035645,True,90,0.2111111111111111,0,"[0.452527, 0.315038, 0.087302, 0.082404, 0.06273]"
Squirrel,client,42,1044,7,M0,attack_member,evaluation,4,1,0.4305313229560852,0,0.6547627449035645,True,85,0.18823529411764706,0,"[0.459516, 0.285901, 0.086644, 0.093933, 0.074005]"
Squirrel,client,42,1102,7,M0,attack_member,evaluation,0,1,0.4849310517311096,0,0.870914101600647,False,61,0.3114754098360656,1,"[0.450219, 0.291183, 0.093705, 0.088891, 0.076002]"
Squirrel,client,42,1145,7,M0,attack_member,evaluation,0,1,0.44852182269096375,0,0.870914101600647,False,5,0.0,1,"[0.385987, 0.287768, 0.116503, 0.103562, 0.106179]"
Squirrel,client,42,1190,7,M0,attack_member,evaluation,0,1,0.4805707633495331,0,0.870914101600647,False,66,0.3181818181818182,1,"[0.446192, 0.292929, 0.094884, 0.090267, 0.075728]"
Squirrel,client,42,1241,7,M0,attack_member,evaluation,0,1,0.4765642285346985,0,0.870914101600647,False,54,0.25925925925925924,1,"[0.437823, 0.292551, 0.097418, 0.091237, 0.080971]"
Squirrel,client,42,1251,7,M0,attack_member,evaluation,1,1,0.41313621401786804,0,0.6547627449035645,True,10,0.0,0,"[0.249166, 0.219289, 0.191992, 0.175588, 0.163965]"
Squirrel,client,42,1436,7,M0,attack_member,evaluation,0,1,0.47707313299179077,0,0.870914101600647,False,44,0.20454545454545456,1,"[0.438061, 0.29336, 0.096639, 0.088831, 0.083108]"
Squirrel,client,42,1464,7,M0,attack_member,evaluation,1,1,0.4171888828277588,0,0.6547627449035645,True,45,0.3111111111111111,0,"[0.414528, 0.292337, 0.105325, 0.097517, 0.090294]"
Squirrel,client,42,1571,7,M0,attack_member,evaluation,1,1,0.4226258099079132,0,0.6547627449035645,True,37,0.2972972972972973,0,"[0.428241, 0.29443, 0.098972, 0.090621, 0.087736]"
Squirrel,client,42,1592,7,M0,attack_member,evaluation,0,1,0.3692799210548401,0,0.870914101600647,False,77,0.1038961038961039,0,"[0.259615, 0.266744, 0.172465, 0.152937, 0.148238]"
Squirrel,client,42,1713,7,M0,attack_member,evaluation,4,1,0.4061286449432373,0,0.6547627449035645,True,39,0.358974358974359,0,"[0.356615, 0.293033, 0.125966, 0.112135, 0.112251]"
Squirrel,client,42,1940,7,M0,attack_member,evaluation,4,1,0.4149761497974396,0,0.6547627449035645,True,15,0.3333333333333333,0,"[0.361382, 0.321097, 0.11357, 0.08976, 0.114192]"
Squirrel,client,42,2052,7,M0,attack_member,evaluation,2,1,0.41300490498542786,0,0.5775445699691772,False,4,0.25,0,"[0.235793, 0.208172, 0.203625, 0.169513, 0.182897]"
Squirrel,client,42,2075,7,M0,attack_member,evaluation,1,1,0.4256826341152191,0,0.6547627449035645,True,5,0.0,1,"[0.20029, 0.253811, 0.193181, 0.173025, 0.179694]"
Squirrel,client,42,2173,7,M0,attack_member,evaluation,0,1,0.5079982876777649,0,0.870914101600647,False,2,0.0,1,"[0.437495, 0.254247, 0.112872, 0.08187, 0.113516]"
Squirrel,client,42,1919,7,M0,attack_member,evaluation,1,1,0.4502479135990143,0,0.6547627449035645,True,53,0.1320754716981132,0,"[0.15702, 0.206269, 0.235122, 0.20735, 0.194239]"
Squirrel,client,42,1928,7,M0,attack_member,evaluation,4,1,0.4680963456630707,0,0.6547627449035645,True,45,0.3111111111111111,0,"[0.13209, 0.179859, 0.254806, 0.230118, 0.203127]"
Squirrel,client,42,1966,7,M0,attack_member,evaluation,4,1,0.4738651216030121,0,0.6547627449035645,True,32,0.34375,0,"[0.119022, 0.179491, 0.241092, 0.240082, 0.220313]"
Squirrel,client,42,2037,7,M0,attack_member,evaluation,4,1,0.472443550825119,0,0.6547627449035645,True,29,0.41379310344827586,0,"[0.125505, 0.172848, 0.255761, 0.22895, 0.216936]"
Squirrel,client,42,2040,7,M0,attack_member,evaluation,2,1,0.4372417628765106,0,0.5775445699691772,False,34,0.11764705882352941,1,"[0.134329, 0.182765, 0.250226, 0.231017, 0.201663]"
Squirrel,client,42,2072,7,M0,attack_member,evaluation,3,1,0.4654422998428345,0,0.6547627449035645,True,27,0.2962962962962963,0,"[0.136128, 0.18319, 0.245626, 0.237087, 0.197969]"
Squirrel,client,42,2124,7,M0,attack_member,evaluation,3,1,0.47297337651252747,0,0.6547627449035645,True,18,0.3888888888888889,0,"[0.125396, 0.172171, 0.249896, 0.241688, 0.21085]"
Squirrel,client,42,689,1,M0,attack_nonmember,evaluation,1,0,0.4026779234409332,0,0.6547627449035645,True,3,0.3333333333333333,0,"[0.418768, 0.255723, 0.161331, 0.09777, 0.066407]"
Squirrel,client,42,719,1,M0,attack_nonmember,evaluation,2,0,0.5498136878013611,0,0.5775445699691772,False,1,0.0,0,"[0.050827, 0.0378, 0.373234, 0.053162, 0.484977]"
Squirrel,client,42,744,1,M0,attack_nonmember,evaluation,0,0,0.18377205729484558,0,0.870914101600647,False,1,0.0,0,"[0.006374, 0.012577, 0.039007, 0.920709, 0.021334]"
Squirrel,client,42,776,1,M0,attack_nonmember,evaluation,0,0,0.5155671834945679,0,0.870914101600647,False,30,0.3333333333333333,1,"[0.49404, 0.169203, 0.230505, 0.072275, 0.033978]"
Squirrel,client,42,804,1,M0,attack_nonmember,evaluation,0,0,0.4257453680038452,0,0.870914101600647,False,8,0.125,1,"[0.323821, 0.217101, 0.179528, 0.186479, 0.09307]"
Squirrel,client,42,893,1,M0,attack_nonmember,evaluation,2,0,0.8213748931884766,1,0.5775445699691772,False,6,0.6666666666666666,1,"[0.014995, 0.024867, 0.787526, 0.064298, 0.108314]"
Squirrel,client,42,915,1,M0,attack_nonmember,evaluation,0,0,0.37387585639953613,0,0.870914101600647,False,4,0.0,1,"[0.25935, 0.217667, 0.217967, 0.180815, 0.124202]"
Squirrel,client,42,984,1,M0,attack_nonmember,evaluation,0,0,0.1836925745010376,0,0.870914101600647,False,3,0.0,0,"[0.006629, 0.018597, 0.035589, 0.918244, 0.020941]"
Squirrel,client,42,994,1,M0,attack_nonmember,evaluation,1,0,0.43165525794029236,0,0.6547627449035645,True,2,0.5,1,"[0.16149, 0.325029, 0.287444, 0.154862, 0.071174]"
Squirrel,client,42,1081,1,M0,attack_nonmember,evaluation,0,0,0.7902795672416687,0,0.870914101600647,False,0,,1,"[0.749289, 0.092129, 0.037308, 0.089218, 0.032055]"
Squirrel,client,42,1166,1,M0,attack_nonmember,evaluation,0,0,0.4102996587753296,0,0.870914101600647,False,2,0.0,1,"[0.291577, 0.214415, 0.181488, 0.192856, 0.119665]"
Squirrel,client,42,1333,1,M0,attack_nonmember,evaluation,4,0,0.39822888374328613,0,0.6547627449035645,True,3,0.0,0,"[0.359969, 0.264337, 0.045003, 0.257485, 0.073206]"
Squirrel,client,42,1343,1,M0,attack_nonmember,evaluation,0,0,0.4722331464290619,0,0.870914101600647,False,7,0.14285714285714285,1,"[0.44105, 0.196143, 0.216949, 0.117694, 0.028165]"
Squirrel,client,42,1527,1,M0,attack_nonmember,evaluation,1,0,0.4225200116634369,0,0.6547627449035645,True,0,,0,"[0.530519, 0.088359, 0.071642, 0.183985, 0.125494]"
Squirrel,client,42,1533,1,M0,attack_nonmember,evaluation,4,0,0.5569779276847839,0,0.6547627449035645,True,60,0.05,0,"[0.742619, 0.155973, 0.032002, 0.065813, 0.003593]"
Squirrel,client,42,1666,1,M0,attack_nonmember,evaluation,2,0,0.3998756408691406,0,0.5775445699691772,False,0,,0,"[0.639134, 0.074519, 0.211199, 0.036692, 0.038456]"
Squirrel,client,42,1798,1,M0,attack_nonmember,evaluation,0,0,0.26220041513442993,0,0.870914101600647,False,1,0.0,0,"[0.155432, 0.286459, 0.248851, 0.19787, 0.111388]"
Squirrel,client,42,1860,1,M0,attack_nonmember,evaluation,3,0,0.4664846360683441,0,0.6547627449035645,True,0,,0,"[0.577694, 0.216971, 0.086714, 0.071386, 0.047235]"
Squirrel,client,42,1862,1,M0,attack_nonmember,evaluation,3,0,0.5003771781921387,0,0.6547627449035645,True,9,0.2222222222222222,0,"[0.693474, 0.11597, 0.138266, 0.032682, 0.019608]"
Squirrel,client,42,2053,1,M0,attack_nonmember,evaluation,2,0,0.7515518069267273,1,0.5775445699691772,False,1,0.0,1,"[0.054227, 0.324843, 0.462886, 0.093642, 0.064402]"
Squirrel,client,42,2122,1,M0,attack_nonmember,evaluation,3,0,0.49063390493392944,0,0.6547627449035645,True,0,,0,"[0.090311, 0.160626, 0.434106, 0.028288, 0.28667]"
Squirrel,client,42,2138,1,M0,attack_nonmember,evaluation,2,0,0.43401938676834106,0,0.5775445699691772,False,0,,0,"[0.31906, 0.336567, 0.15985, 0.055899, 0.128624]"
Squirrel,client,42,30,2,M0,attack_nonmember,evaluation,0,0,0.5605857372283936,0,0.870914101600647,False,2,1.0,1,"[0.547408, 0.247571, 0.092843, 0.073933, 0.038244]"
Squirrel,client,42,32,2,M0,attack_nonmember,evaluation,0,0,0.4296150207519531,0,0.870914101600647,False,1,0.0,1,"[0.29698, 0.237847, 0.159163, 0.091345, 0.214665]"
Squirrel,client,42,91,2,M0,attack_nonmember,evaluation,0,0,0.3858802914619446,0,0.870914101600647,False,8,0.375,1,"[0.295886, 0.273172, 0.164941, 0.143057, 0.122945]"
Squirrel,client,42,312,2,M0,attack_nonmember,evaluation,0,0,0.851214587688446,0,0.870914101600647,False,1,1.0,1,"[0.88938, 0.020059, 0.060565, 0.023013, 0.006983]"
Squirrel,client,42,367,2,M0,attack_nonmember,evaluation,0,0,0.707180917263031,0,0.870914101600647,False,0,,1,"[0.642051, 0.13144, 0.07836, 0.110331, 0.037818]"
Squirrel,client,42,379,2,M0,attack_nonmember,evaluation,0,0,0.5820110440254211,0,0.870914101600647,False,0,,1,"[0.611169, 0.245951, 0.096311, 0.027123, 0.019446]"
Squirrel,client,42,400,2,M0,attack_nonmember,evaluation,1,0,0.557870090007782,0,0.6547627449035645,True,1,1.0,1,"[0.062125, 0.76655, 0.089208, 0.036393, 0.045723]"
Squirrel,client,42,503,2,M0,attack_nonmember,evaluation,0,0,0.7754605412483215,0,0.870914101600647,False,3,0.3333333333333333,1,"[0.712542, 0.021672, 0.13557, 0.115353, 0.014864]"
Squirrel,client,42,563,2,M0,attack_nonmember,evaluation,1,0,0.4868992865085602,0,0.6547627449035645,True,0,,0,"[0.618567, 0.210016, 0.054313, 0.095767, 0.021337]"
Squirrel,client,42,585,2,M0,attack_nonmember,evaluation,1,0,0.5163528323173523,0,0.6547627449035645,True,0,,0,"[0.660125, 0.205426, 0.022855, 0.095642, 0.015951]"
Squirrel,client,42,608,2,M0,attack_nonmember,evaluation,0,0,0.6290823221206665,0,0.870914101600647,False,0,,1,"[0.596829, 0.210352, 0.073777, 0.07654, 0.042502]"
Squirrel,client,42,611,2,M0,attack_nonmember,evaluation,0,0,0.4513702988624573,0,0.870914101600647,False,0,,1,"[0.415979, 0.308553, 0.098016, 0.096479, 0.080973]"
Squirrel,client,42,15,3,M0,attack_nonmember,evaluation,0,0,0.8298486471176147,0,0.870914101600647,False,4,1.0,1,"[0.847261, 0.062882, 0.04186, 0.02338, 0.024617]"
Squirrel,client,42,100,3,M0,attack_nonmember,evaluation,0,0,0.38999319076538086,0,0.870914101600647,False,4,0.25,1,"[0.326504, 0.182001, 0.300944, 0.105677, 0.084873]"
Squirrel,client,42,209,3,M0,attack_nonmember,evaluation,0,0,0.24661271274089813,0,0.870914101600647,False,2,0.0,0,"[0.107351, 0.314569, 0.209344, 0.194978, 0.173757]"
Squirrel,client,42,261,3,M0,attack_nonmember,evaluation,4,0,0.6050618886947632,0,0.6547627449035645,True,0,,0,"[0.003469, 0.027708, 0.727588, 0.156699, 0.084537]"
Squirrel,client,42,412,3,M0,attack_nonmember,evaluation,0,0,0.7176406979560852,0,0.870914101600647,False,3,0.6666666666666666,1,"[0.655229, 0.108249, 0.100136, 0.10137, 0.035016]"
Squirrel,client,42,436,3,M0,attack_nonmember,evaluation,1,0,0.4360501170158386,0,0.6547627449035645,True,10,0.0,0,"[0.216852, 0.163995, 0.357293, 0.162266, 0.099594]"
Squirrel,client,42,818,3,M0,attack_nonmember,evaluation,1,0,0.4003395736217499,0,0.6547627449035645,True,2,0.5,0,"[0.30134, 0.282, 0.1543, 0.157409, 0.104951]"
Squirrel,client,42,891,3,M0,attack_nonmember,evaluation,2,0,0.2673427164554596,0,0.5775445699691772,False,1,0.0,0,"[0.457573, 0.239445, 0.074734, 0.197951, 0.030297]"
Squirrel,client,42,975,3,M0,attack_nonmember,evaluation,2,0,0.33021047711372375,0,0.5775445699691772,False,0,,0,"[0.298184, 0.351097, 0.099043, 0.119497, 0.132178]"
Squirrel,client,42,1124,3,M0,attack_nonmember,evaluation,2,0,0.16828088462352753,0,0.5775445699691772,False,0,,0,"[0.559647, 0.041014, 0.073237, 0.291715, 0.034386]"
Squirrel,client,42,1138,3,M0,attack_nonmember,evaluation,0,0,0.8107940554618835,0,0.870914101600647,False,0,,1,"[0.814554, 0.0599, 0.075553, 0.021777, 0.028216]"
Squirrel,client,42,1207,3,M0,attack_nonmember,evaluation,1,0,0.4364907443523407,0,0.6547627449035645,True,0,,1,"[0.340345, 0.453076, 0.047247, 0.152078, 0.007254]"
Squirrel,client,42,215,4,M0,attack_nonmember,evaluation,0,0,0.7489883303642273,0,0.870914101600647,False,0,,1,"[0.650025, 0.119583, 0.008989, 0.178159, 0.043243]"
Squirrel,client,42,234,4,M0,attack_nonmember,evaluation,2,0,0.8512290120124817,1,0.5775445699691772,False,1,1.0,1,"[0.008828, 0.003423, 0.953773, 0.019955, 0.014021]"
Squirrel,client,42,264,4,M0,attack_nonmember,evaluation,2,0,0.11123323440551758,0,0.5775445699691772,False,0,,0,"[0.290554, 0.036029, 0.034288, 0.382578, 0.256551]"
Squirrel,client,42,294,4,M0,attack_nonmember,evaluation,0,0,0.12239854782819748,0,0.870914101600647,False,0,,0,"[0.059867, 0.482667, 0.287701, 0.097076, 0.07269]"
Squirrel,client,42,317,4,M0,attack_nonmember,evaluation,2,0,0.6148900985717773,1,0.5775445699691772,False,1,0.0,0,"[0.113041, 0.35045, 0.316302, 0.089167, 0.131041]"
Squirrel,client,42,321,4,M0,attack_nonmember,evaluation,1,0,0.5297759771347046,0,0.6547627449035645,True,0,,1,"[0.104042, 0.669068, 0.01689, 0.103041, 0.106959]"
Squirrel,client,42,340,4,M0,attack_nonmember,evaluation,0,0,0.7049987316131592,0,0.870914101600647,False,0,,1,"[0.630952, 0.156407, 0.061934, 0.056364, 0.094342]"
Squirrel,client,42,392,4,M0,attack_nonmember,evaluation,0,0,0.4068280756473541,0,0.870914101600647,False,0,,1,"[0.330617, 0.235658, 0.235099, 0.041028, 0.157598]"
Squirrel,client,42,457,4,M0,attack_nonmember,evaluation,0,0,0.6125146150588989,0,0.870914101600647,False,0,,1,"[0.532606, 0.206788, 0.065654, 0.124736, 0.070216]"
Squirrel,client,42,471,4,M0,attack_nonmember,evaluation,0,0,0.2103521227836609,0,0.870914101600647,False,1,0.0,0,"[0.018269, 0.088837, 0.108382, 0.566222, 0.21829]"
Squirrel,client,42,473,4,M0,attack_nonmember,evaluation,0,0,0.4116442799568176,0,0.870914101600647,False,0,,0,"[0.280194, 0.212157, 0.120597, 0.3106, 0.076453]"
Squirrel,client,42,515,4,M0,attack_nonmember,evaluation,0,0,0.4286890923976898,0,0.870914101600647,False,1,0.0,0,"[0.235148, 0.026671, 0.319792, 0.155261, 0.263129]"
Squirrel,client,42,273,5,M0,attack_nonmember,evaluation,3,0,0.4344424605369568,0,0.6547627449035645,True,139,0.19424460431654678,0,"[0.185293, 0.238293, 0.262394, 0.21653, 0.09749]"
Squirrel,client,42,341,5,M0,attack_nonmember,evaluation,0,0,0.42021551728248596,0,0.870914101600647,False,3,0.3333333333333333,1,"[0.306661, 0.224951, 0.176421, 0.157962, 0.134005]"
Squirrel,client,42,643,5,M0,attack_nonmember,evaluation,0,0,0.29400476813316345,0,0.870914101600647,False,85,0.08235294117647059,0,"[0.175275, 0.238864, 0.251092, 0.227617, 0.107153]"
Squirrel,client,42,810,5,M0,attack_nonmember,evaluation,3,0,0.4366026222705841,0,0.6547627449035645,True,101,0.19801980198019803,0,"[0.178403, 0.243931, 0.263875, 0.219914, 0.093877]"
Squirrel,client,42,880,5,M0,attack_nonmember,evaluation,0,0,0.283200204372406,0,0.870914101600647,False,96,0.11458333333333333,0,"[0.17347, 0.244453, 0.265687, 0.221471, 0.094919]"
Squirrel,client,42,1226,5,M0,attack_nonmember,evaluation,1,0,0.44049710035324097,0,0.6547627449035645,True,73,0.1917808219178082,0,"[0.16752, 0.250082, 0.269222, 0.22155, 0.091627]"
Squirrel,client,42,1253,5,M0,attack_nonmember,evaluation,0,0,0.2822605073451996,0,0.870914101600647,False,50,0.02,0,"[0.161785, 0.248718, 0.247764, 0.235386, 0.106348]"
Squirrel,client,42,1254,5,M0,attack_nonmember,evaluation,2,0,0.4829622507095337,0,0.5775445699691772,False,18,0.5,1,"[0.191562, 0.237159, 0.252841, 0.195045, 0.123392]"
Squirrel,client,42,1268,5,M0,attack_nonmember,evaluation,2,0,0.5008806586265564,0,0.5775445699691772,False,65,0.3076923076923077,1,"[0.164063, 0.250614, 0.269863, 0.223648, 0.091812]"
Squirrel,client,42,1346,5,M0,attack_nonmember,evaluation,0,0,0.27577221393585205,0,0.870914101600647,False,45,0.044444444444444446,0,"[0.159058, 0.24879, 0.260853, 0.229813, 0.101486]"
Squirrel,client,42,1585,5,M0,attack_nonmember,evaluation,4,0,0.43123018741607666,0,0.6547627449035645,True,35,0.11428571428571428,0,"[0.187936, 0.25407, 0.299383, 0.186511, 0.072099]"
Squirrel,client,42,1805,5,M0,attack_nonmember,evaluation,4,0,0.45798391103744507,0,0.6547627449035645,True,5,0.2,0,"[0.12415, 0.266254, 0.336449, 0.176164, 0.096983]"
Squirrel,client,42,119,7,M0,attack_nonmember,evaluation,1,0,0.400600790977478,0,0.6547627449035645,True,27,0.07407407407407407,0,"[0.329494, 0.262256, 0.139902, 0.140454, 0.127893]"
Squirrel,client,42,130,7,M0,attack_nonmember,evaluation,0,0,0.4126477837562561,0,0.870914101600647,False,7,0.14285714285714285,1,"[0.307282, 0.245649, 0.165704, 0.147327, 0.134038]"
Squirrel,client,42,257,7,M0,attack_nonmember,evaluation,0,0,0.4070943593978882,0,0.870914101600647,False,140,0.2714285714285714,1,"[0.335013, 0.289214, 0.138222, 0.130484, 0.107067]"
Squirrel,client,42,285,7,M0,attack_nonmember,evaluation,0,0,0.43372371792793274,0,0.870914101600647,False,4,0.0,1,"[0.326997, 0.232246, 0.16108, 0.155523, 0.124154]"
Squirrel,client,42,335,7,M0,attack_nonmember,evaluation,0,0,0.4256312847137451,0,0.870914101600647,False,5,0.0,1,"[0.303694, 0.225449, 0.166196, 0.152733, 0.151928]"
Squirrel,client,42,388,7,M0,attack_nonmember,evaluation,0,0,0.48174339532852173,0,0.870914101600647,False,105,0.4,1,"[0.464913, 0.306727, 0.083186, 0.080633, 0.06454]"
Squirrel,client,42,1278,7,M0,attack_nonmember,evaluation,1,0,0.42510169744491577,0,0.6547627449035645,True,58,0.29310344827586204,0,"[0.435978, 0.298314, 0.095806, 0.091209, 0.078694]"
Squirrel,client,42,1401,7,M0,attack_nonmember,evaluation,3,0,0.4248407781124115,0,0.6547627449035645,True,50,0.1,0,"[0.421761, 0.312729, 0.095795, 0.088689, 0.081025]"
Squirrel,client,42,1686,7,M0,attack_nonmember,evaluation,1,0,0.40599071979522705,0,0.6547627449035645,True,6,0.16666666666666666,0,"[0.273683, 0.23726, 0.173183, 0.165072, 0.150803]"
Squirrel,client,42,1927,7,M0,attack_nonmember,evaluation,0,0,0.4507004916667938,0,0.870914101600647,False,15,0.13333333333333333,1,"[0.389644, 0.289265, 0.116948, 0.09222, 0.111923]"
Squirrel,client,42,1947,7,M0,attack_nonmember,evaluation,4,0,0.40680381655693054,0,0.6547627449035645,True,36,0.3611111111111111,0,"[0.307998, 0.304029, 0.142878, 0.108838, 0.136257]"
Squirrel,client,42,2051,7,M0,attack_nonmember,evaluation,4,0,0.4658966064453125,0,0.6547627449035645,True,31,0.3225806451612903,0,"[0.134991, 0.183021, 0.248381, 0.232195, 0.201413]"
Squirrel,client,42,2055,7,M0,attack_nonmember,evaluation,3,0,0.46568137407302856,0,0.6547627449035645,True,30,0.3333333333333333,0,"[0.135379, 0.183186, 0.247422, 0.233142, 0.200871]"
Squirrel,client,42,2215,7,M0,attack_nonmember,evaluation,4,0,0.42187565565109253,0,0.6547627449035645,True,2,0.0,0,"[0.212673, 0.369428, 0.150408, 0.13398, 0.133511]"
Squirrel,client,42,542,0,M0,F,evaluation,2,1,0.7940434217453003,1,0.5775445699691772,False,3,0.6666666666666666,1,"[0.03676, 0.039122, 0.736014, 0.1666, 0.021505]"
Squirrel,client,42,549,0,M0,F,evaluation,2,1,0.41353607177734375,0,0.5775445699691772,False,9,0.1111111111111111,0,"[0.08312, 0.204116, 0.239251, 0.266396, 0.207117]"
Squirrel,client,42,557,0,M0,F,evaluation,4,1,0.5393968224525452,0,0.6547627449035645,True,3,0.6666666666666666,1,"[0.000276, 0.000228, 0.058565, 0.087541, 0.85339]"
Squirrel,client,42,559,0,M0,F,evaluation,0,1,0.29977184534072876,0,0.870914101600647,False,7,0.0,0,"[0.120948, 0.085918, 0.37094, 0.225477, 0.196717]"
Squirrel,client,42,574,0,M0,F,evaluation,1,1,0.524375319480896,0,0.6547627449035645,True,13,0.0,0,"[0.07118, 0.156422, 0.343205, 0.398736, 0.030457]"
Squirrel,client,42,586,0,M0,F,evaluation,1,1,0.5228108167648315,0,0.6547627449035645,True,3,0.0,0,"[0.051896, 0.188235, 0.421263, 0.286448, 0.052159]"
Squirrel,client,42,588,0,M0,F,evaluation,0,1,0.6404465436935425,0,0.870914101600647,False,0,,1,"[0.569008, 0.14701, 0.130835, 0.089781, 0.063366]"
Squirrel,client,42,594,0,M0,F,evaluation,0,1,0.5825329422950745,0,0.870914101600647,False,0,,1,"[0.532384, 0.242709, 0.061708, 0.105768, 0.057431]"
Squirrel,client,42,597,0,M0,F,evaluation,3,1,0.519106924533844,0,0.6547627449035645,True,29,0.1724137931034483,1,"[0.076371, 0.179946, 0.201789, 0.511696, 0.030197]"
Squirrel,client,42,601,0,M0,F,evaluation,1,1,0.5203195810317993,0,0.6547627449035645,True,8,0.0,0,"[0.68737, 0.133152, 0.056267, 0.058444, 0.064767]"
Squirrel,client,42,604,0,M0,F,evaluation,3,1,0.48881664872169495,0,0.6547627449035645,True,2,0.0,0,"[0.102861, 0.148865, 0.292728, 0.202171, 0.253376]"
Squirrel,client,42,609,0,M0,F,evaluation,0,1,0.3256225287914276,0,0.870914101600647,False,11,0.09090909090909091,0,"[0.159232, 0.152945, 0.185587, 0.358727, 0.143508]"
Squirrel,client,42,613,0,M0,F,evaluation,1,1,0.5165467858314514,0,0.6547627449035645,True,3,0.0,0,"[0.089536, 0.147542, 0.073722, 0.567569, 0.121631]"
Squirrel,client,42,631,0,M0,F,evaluation,1,1,0.5191118121147156,0,0.6547627449035645,True,3,0.3333333333333333,0,"[0.026921, 0.20106, 0.445044, 0.116091, 0.210885]"
Squirrel,client,42,635,0,M0,F,evaluation,1,1,0.4305078685283661,0,0.6547627449035645,True,3,0.0,1,"[0.215387, 0.427617, 0.182318, 0.05619, 0.118488]"
Squirrel,client,42,640,0,M0,F,evaluation,1,1,0.4017602503299713,0,0.6547627449035645,True,1,0.0,0,"[0.413959, 0.238308, 0.141901, 0.121439, 0.084394]"
Squirrel,client,42,644,0,M0,F,evaluation,3,1,0.4885830283164978,0,0.6547627449035645,True,5,0.6,1,"[0.146544, 0.025712, 0.101852, 0.388538, 0.337354]"
Squirrel,client,42,653,0,M0,F,evaluation,0,1,0.3967408835887909,0,0.870914101600647,False,10,0.3,0,"[0.221903, 0.143025, 0.171938, 0.240748, 0.222387]"
Squirrel,client,42,659,0,M0,F,evaluation,0,1,0.29906097054481506,0,0.870914101600647,False,2,0.0,0,"[0.190103, 0.27744, 0.225003, 0.17072, 0.136734]"
Squirrel,client,42,660,0,M0,F,evaluation,3,1,0.5841146111488342,0,0.6547627449035645,True,10,0.3,1,"[0.003292, 0.006335, 0.117698, 0.566813, 0.305862]"
Squirrel,client,42,664,0,M0,F,evaluation,0,1,0.599422812461853,0,0.870914101600647,False,1,0.0,1,"[0.593241, 0.216434, 0.095186, 0.086412, 0.008727]"
Squirrel,client,42,670,0,M0,F,evaluation,0,1,0.4017534852027893,0,0.870914101600647,False,0,,1,"[0.319998, 0.197908, 0.254019, 0.134167, 0.093908]"
Squirrel,client,42,673,0,M0,F,evaluation,1,1,0.5569162368774414,0,0.6547627449035645,True,1,0.0,1,"[0.020094, 0.804204, 0.076162, 0.081722, 0.017819]"
Squirrel,client,42,677,0,M0,F,evaluation,1,1,0.48016080260276794,0,0.6547627449035645,True,23,0.2608695652173913,1,"[0.018265, 0.361577, 0.145526, 0.114421, 0.360212]"
Squirrel,client,42,679,0,M0,F,evaluation,0,1,0.48359882831573486,0,0.870914101600647,False,4,0.5,1,"[0.36151, 0.112647, 0.224317, 0.266154, 0.035372]"
Squirrel,client,42,690,0,M0,F,evaluation,0,1,0.33696332573890686,0,0.870914101600647,False,3,0.3333333333333333,0,"[0.185576, 0.234668, 0.14029, 0.277735, 0.16173]"
Squirrel,client,42,696,0,M0,F,evaluation,0,1,0.2822088301181793,0,0.870914101600647,False,1,0.0,0,"[0.142242, 0.361974, 0.05629, 0.27068, 0.168814]"
Squirrel,client,42,699,0,M0,F,evaluation,1,1,0.5555880665779114,0,0.6547627449035645,True,4,0.0,0,"[0.056093, 0.044327, 0.178969, 0.545632, 0.174979]"
Squirrel,client,42,711,0,M0,F,evaluation,0,1,0.3069925010204315,0,0.870914101600647,False,1,0.0,0,"[0.122699, 0.099967, 0.141892, 0.374062, 0.261379]"
Squirrel,client,42,721,0,M0,F,evaluation,2,1,0.3697420358657837,0,0.5775445699691772,False,3,0.0,0,"[0.337564, 0.189933, 0.178234, 0.203035, 0.091234]"
Squirrel,client,42,726,0,M0,F,evaluation,3,1,0.46647945046424866,0,0.6547627449035645,True,9,0.2222222222222222,1,"[0.174339, 0.101956, 0.197438, 0.352051, 0.174216]"
Squirrel,client,42,727,0,M0,F,evaluation,0,1,0.39672181010246277,0,0.870914101600647,False,5,0.4,1,"[0.249558, 0.162398, 0.227587, 0.20365, 0.156806]"
Squirrel,client,42,730,0,M0,F,evaluation,1,1,0.4709813594818115,0,0.6547627449035645,True,14,0.14285714285714285,1,"[0.03809, 0.451136, 0.155353, 0.10354, 0.251881]"
Squirrel,client,42,737,0,M0,F,evaluation,4,1,0.5539388656616211,0,0.6547627449035645,True,10,0.3,1,"[0.011764, 0.027053, 0.328196, 0.115074, 0.517912]"
Squirrel,client,42,741,0,M0,F,evaluation,0,1,0.29733559489250183,0,0.870914101600647,False,3,0.3333333333333333,0,"[0.131258, 0.321094, 0.06109, 0.204027, 0.282531]"
Squirrel,client,42,750,0,M0,F,evaluation,4,1,0.5023301839828491,0,0.6547627449035645,True,15,0.2,0,"[0.098574, 0.146776, 0.178089, 0.437271, 0.13929]"
Squirrel,client,42,755,0,M0,F,evaluation,1,1,0.411970853805542,0,0.6547627449035645,True,1,0.0,0,"[0.247704, 0.234756, 0.166147, 0.208938, 0.142454]"
Squirrel,client,42,758,0,M0,F,evaluation,2,1,0.6962864995002747,1,0.5775445699691772,False,3,0.6666666666666666,1,"[0.158021, 0.060754, 0.54008, 0.182134, 0.059011]"
Squirrel,client,42,759,0,M0,F,evaluation,1,1,0.4097719192504883,0,0.6547627449035645,True,4,0.0,1,"[0.231532, 0.293674, 0.284705, 0.130581, 0.059509]"
Squirrel,client,42,763,0,M0,F,evaluation,1,1,0.43231168389320374,0,0.6547627449035645,True,23,0.30434782608695654,1,"[0.172337, 0.296658, 0.138146, 0.293195, 0.099664]"
Squirrel,client,42,771,0,M0,F,evaluation,1,1,0.4841657280921936,0,0.6547627449035645,True,5,0.4,1,"[0.089029, 0.585273, 0.119312, 0.082414, 0.123972]"
Squirrel,client,42,774,0,M0,F,evaluation,0,1,0.3972008228302002,0,0.870914101600647,False,4,0.0,0,"[0.233251, 0.145934, 0.142213, 0.341237, 0.137365]"
Squirrel,client,42,784,0,M0,F,evaluation,1,1,0.4026144742965698,0,0.6547627449035645,True,2,0.5,0,"[0.397846, 0.215679, 0.138162, 0.113152, 0.135161]"
Squirrel,client,42,789,0,M0,F,evaluation,3,1,0.5035383105278015,0,0.6547627449035645,True,6,0.16666666666666666,1,"[0.098281, 0.116994, 0.249961, 0.332297, 0.202468]"
Squirrel,client,42,791,0,M0,F,evaluation,0,1,0.24810175597667694,0,0.870914101600647,False,14,0.42857142857142855,0,"[0.149329, 0.105725, 0.497173, 0.198883, 0.04889]"
Squirrel,client,42,792,0,M0,F,evaluation,1,1,0.4716271758079529,0,0.6547627449035645,True,1,0.0,0,"[0.058498, 0.316962, 0.167608, 0.122899, 0.334034]"
Squirrel,client,42,793,0,M0,F,evaluation,0,1,0.5797211527824402,0,0.870914101600647,False,2,0.0,1,"[0.385492, 0.019128, 0.128277, 0.318367, 0.148736]"
Squirrel,client,42,795,0,M0,F,evaluation,3,1,0.5367375612258911,0,0.6547627449035645,True,4,0.0,1,"[0.016684, 0.10939, 0.132613, 0.375057, 0.366255]"
Squirrel,client,42,808,0,M0,F,evaluation,4,1,0.5511357188224792,0,0.6547627449035645,True,7,0.42857142857142855,0,"[0.046456, 0.075817, 0.244342, 0.470143, 0.163243]"
Squirrel,client,42,809,0,M0,F,evaluation,0,1,0.3816837966442108,0,0.870914101600647,False,4,0.25,1,"[0.245817, 0.234929, 0.150683, 0.218017, 0.150554]"
Squirrel,client,42,816,0,M0,F,evaluation,1,1,0.3947888910770416,0,0.6547627449035645,True,2,0.0,0,"[0.388081, 0.152518, 0.109702, 0.241278, 0.108421]"
Squirrel,client,42,819,0,M0,F,evaluation,4,1,0.41479870676994324,0,0.6547627449035645,True,1,0.0,0,"[0.304571, 0.086699, 0.21456, 0.106176, 0.287993]"
Squirrel,client,42,821,0,M0,F,evaluation,1,1,0.40704092383384705,0,0.6547627449035645,True,3,0.0,0,"[0.297413, 0.154738, 0.181594, 0.195254, 0.171001]"
Squirrel,client,42,830,0,M0,F,evaluation,0,1,0.41587141156196594,0,0.870914101600647,False,11,0.18181818181818182,0,"[0.252094, 0.111111, 0.194908, 0.321834, 0.120053]"
Squirrel,client,42,832,0,M0,F,evaluation,2,1,0.7347342371940613,1,0.5775445699691772,False,4,0.5,1,"[0.107749, 0.14714, 0.520407, 0.146086, 0.078618]"
Squirrel,client,42,835,0,M0,F,evaluation,1,1,0.41316330432891846,0,0.6547627449035645,True,5,0.2,1,"[0.236151, 0.341751, 0.130414, 0.184955, 0.106729]"
Squirrel,client,42,837,0,M0,F,evaluation,2,1,0.46001994609832764,0,0.5775445699691772,False,2,0.0,0,"[0.040905, 0.098351, 0.287872, 0.088311, 0.484561]"
Squirrel,client,42,840,0,M0,F,evaluation,0,1,0.2513918876647949,0,0.870914101600647,False,2,0.0,0,"[0.065662, 0.159728, 0.167539, 0.401298, 0.205773]"
Squirrel,client,42,851,0,M0,F,evaluation,2,1,0.7407428026199341,1,0.5775445699691772,False,3,0.3333333333333333,1,"[0.178896, 0.082628, 0.571024, 0.109424, 0.058027]"
Squirrel,client,42,852,0,M0,F,evaluation,2,1,0.5045076608657837,0,0.5775445699691772,False,3,0.3333333333333333,1,"[0.030843, 0.086475, 0.348181, 0.232961, 0.30154]"
Squirrel,client,42,854,0,M0,F,evaluation,4,1,0.545155942440033,0,0.6547627449035645,True,2,0.5,1,"[0.013938, 0.01715, 0.12492, 0.239736, 0.604255]"
Squirrel,client,42,862,0,M0,F,evaluation,4,1,0.496477872133255,0,0.6547627449035645,True,2,0.0,0,"[0.095748, 0.161214, 0.339351, 0.243108, 0.160579]"
Squirrel,client,42,867,0,M0,F,evaluation,2,1,0.39550814032554626,0,0.5775445699691772,False,10,0.7,0,"[0.076198, 0.202399, 0.260383, 0.431439, 0.029581]"
Squirrel,client,42,868,0,M0,F,evaluation,0,1,0.5231161117553711,0,0.870914101600647,False,3,0.3333333333333333,1,"[0.383203, 0.194438, 0.105793, 0.16372, 0.152846]"
Squirrel,client,42,869,0,M0,F,evaluation,4,1,0.39663857221603394,0,0.6547627449035645,True,1,0.0,0,"[0.349045, 0.163282, 0.136485, 0.229201, 0.121986]"
Squirrel,client,42,877,0,M0,F,evaluation,1,1,0.3983824551105499,0,0.6547627449035645,True,2,0.0,0,"[0.391564, 0.176936, 0.098893, 0.197584, 0.135023]"
Squirrel,client,42,888,0,M0,F,evaluation,0,1,0.33958539366722107,0,0.870914101600647,False,10,0.1,0,"[0.16607, 0.112256, 0.223083, 0.336158, 0.162433]"
Squirrel,client,42,889,0,M0,F,evaluation,0,1,0.3805679678916931,0,0.870914101600647,False,2,0.5,0,"[0.242477, 0.219273, 0.133167, 0.299343, 0.10574]"
Squirrel,client,42,892,0,M0,F,evaluation,3,1,0.44850924611091614,0,0.6547627449035645,True,7,0.14285714285714285,1,"[0.228488, 0.021447, 0.090704, 0.336581, 0.32278]"
Squirrel,client,42,895,0,M0,F,evaluation,1,1,0.4217047393321991,0,0.6547627449035645,True,2,0.5,0,"[0.252242, 0.139933, 0.13018, 0.230686, 0.246959]"
Squirrel,client,42,902,0,M0,F,evaluation,0,1,0.30563783645629883,0,0.870914101600647,False,11,0.09090909090909091,0,"[0.145022, 0.08288, 0.307023, 0.41182, 0.053256]"
Squirrel,client,42,905,0,M0,F,evaluation,1,1,0.397464394569397,0,0.6547627449035645,True,1,0.0,0,"[0.322702, 0.201887, 0.16624, 0.193354, 0.115816]"
Squirrel,client,42,907,0,M0,F,evaluation,2,1,0.4498148262500763,0,0.5775445699691772,False,7,0.0,0,"[0.027182, 0.26195, 0.249834, 0.232523, 0.22851]"
Squirrel,client,42,912,0,M0,F,evaluation,0,1,0.3902311623096466,0,0.870914101600647,False,2,0.0,0,"[0.226286, 0.090228, 0.232556, 0.348626, 0.102303]"
Squirrel,client,42,913,0,M0,F,evaluation,3,1,0.5343666672706604,0,0.6547627449035645,True,10,0.3,1,"[0.060973, 0.142662, 0.182275, 0.529868, 0.084222]"
Squirrel,client,42,919,0,M0,F,evaluation,2,1,0.3272566497325897,0,0.5775445699691772,False,17,0.11764705882352941,0,"[0.030148, 0.472664, 0.129517, 0.115265, 0.252406]"
Squirrel,client,42,925,0,M0,F,evaluation,2,1,0.2797204852104187,0,0.5775445699691772,False,2,0.0,0,"[0.21793, 0.091686, 0.205147, 0.422958, 0.062278]"
Squirrel,client,42,932,0,M0,F,evaluation,1,1,0.5478377938270569,0,0.6547627449035645,True,18,0.05555555555555555,0,"[0.058394, 0.067961, 0.265927, 0.461779, 0.14594]"
Squirrel,client,42,936,0,M0,F,evaluation,4,1,0.5189334750175476,0,0.6547627449035645,True,11,0.5454545454545454,1,"[0.031973, 0.114487, 0.090002, 0.300199, 0.463339]"
Squirrel,client,42,939,0,M0,F,evaluation,4,1,0.4792026877403259,0,0.6547627449035645,True,23,0.2608695652173913,0,"[0.018721, 0.367278, 0.149673, 0.119902, 0.344426]"
Squirrel,client,42,953,0,M0,F,evaluation,1,1,0.47566574811935425,0,0.6547627449035645,True,10,0.3,1,"[0.041118, 0.467624, 0.110346, 0.103164, 0.277748]"
Squirrel,client,42,957,0,M0,F,evaluation,2,1,0.39517104625701904,0,0.5775445699691772,False,5,0.0,0,"[0.123273, 0.19293, 0.222467, 0.248631, 0.212698]"
Squirrel,client,42,961,0,M0,F,evaluation,3,1,0.5071696639060974,0,0.6547627449035645,True,19,0.15789473684210525,0,"[0.142424, 0.059452, 0.411845, 0.319982, 0.066298]"
Squirrel,client,42,969,0,M0,F,evaluation,1,1,0.42944809794425964,0,0.6547627449035645,True,18,0.2777777777777778,1,"[0.187545, 0.264977, 0.213548, 0.250902, 0.083027]"
Squirrel,client,42,979,0,M0,F,evaluation,3,1,0.45439496636390686,0,0.6547627449035645,True,1,0.0,0,"[0.102624, 0.356647, 0.070581, 0.242653, 0.227495]"
Squirrel,client,42,980,0,M0,F,evaluation,1,1,0.4963013231754303,0,0.6547627449035645,True,2,0.0,0,"[0.120888, 0.054103, 0.350341, 0.096034, 0.378635]"
Squirrel,client,42,989,0,M0,F,evaluation,0,1,0.278263658285141,0,0.870914101600647,False,5,0.0,0,"[0.083512, 0.183855, 0.214045, 0.171355, 0.347234]"
Squirrel,client,42,996,0,M0,F,evaluation,4,1,0.4640553891658783,0,0.6547627449035645,True,1,1.0,0,"[0.06572, 0.369777, 0.104687, 0.277183, 0.182634]"
Squirrel,client,42,1000,0,M0,F,evaluation,4,1,0.5412821769714355,0,0.6547627449035645,True,4,0.5,1,"[0.041588, 0.033029, 0.214471, 0.290715, 0.420197]"
Squirrel,client,42,1002,0,M0,F,evaluation,2,1,0.760546088218689,1,0.5775445699691772,False,3,0.3333333333333333,1,"[0.032059, 0.16727, 0.514885, 0.016487, 0.269299]"
Squirrel,client,42,1003,0,M0,F,evaluation,0,1,0.35889914631843567,0,0.870914101600647,False,4,0.25,0,"[0.300864, 0.158506, 0.356832, 0.116232, 0.067565]"
Squirrel,client,42,1016,0,M0,F,evaluation,3,1,0.5283476710319519,0,0.6547627449035645,True,15,0.13333333333333333,0,"[0.018101, 0.055244, 0.088363, 0.170603, 0.667689]"
Squirrel,client,42,1018,0,M0,F,evaluation,0,1,0.6282428503036499,0,0.870914101600647,False,0,,1,"[0.470186, 0.151974, 0.086202, 0.072145, 0.219494]"
Squirrel,client,42,1024,0,M0,F,evaluation,3,1,0.5054699778556824,0,0.6547627449035645,True,2,0.5,1,"[0.15198, 0.063319, 0.230558, 0.532001, 0.022143]"
Squirrel,client,42,1035,0,M0,F,evaluation,0,1,0.562730073928833,0,0.870914101600647,False,3,0.0,1,"[0.431321, 0.267702, 0.013454, 0.073016, 0.214507]"
Squirrel,client,42,1039,0,M0,F,evaluation,2,1,0.8561595678329468,1,0.5775445699691772,False,1,0.0,1,"[0.013976, 0.012694, 0.957903, 0.002135, 0.013292]"
Squirrel,client,42,1040,0,M0,F,evaluation,1,1,0.5503001809120178,0,0.6547627449035645,True,5,0.2,0,"[0.014677, 0.016295, 0.204407, 0.209663, 0.554958]"
Squirrel,client,42,1043,0,M0,F,evaluation,2,1,0.7911050915718079,1,0.5775445699691772,False,8,0.375,1,"[0.030315, 0.023834, 0.747498, 0.172593, 0.025759]"
Squirrel,client,42,1058,0,M0,F,evaluation,4,1,0.5327726602554321,0,0.6547627449035645,True,0,,1,"[0.04907, 0.004083, 0.13269, 0.246783, 0.567373]"
Squirrel,client,42,1059,0,M0,F,evaluation,4,1,0.46751657128334045,0,0.6547627449035645,True,2,0.5,0,"[0.149324, 0.149019, 0.32679, 0.17117, 0.203697]"
Squirrel,client,42,1064,0,M0,F,evaluation,4,1,0.5123000741004944,0,0.6547627449035645,True,2,0.5,0,"[0.105362, 0.05234, 0.287819, 0.280613, 0.273866]"
Squirrel,client,42,1070,0,M0,F,evaluation,0,1,0.44041183590888977,0,0.870914101600647,False,2,0.0,1,"[0.302976, 0.24065, 0.088631, 0.219353, 0.14839]"
Squirrel,client,42,1071,0,M0,F,evaluation,1,1,0.5039922595024109,0,0.6547627449035645,True,3,0.0,0,"[0.098454, 0.125088, 0.328323, 0.271571, 0.176565]"
Squirrel,client,42,1082,0,M0,F,evaluation,0,1,0.42205479741096497,0,0.870914101600647,False,4,0.5,0,"[0.271906, 0.169725, 0.073547, 0.42937, 0.055452]"
Squirrel,client,42,1085,0,M0,F,evaluation,3,1,0.48294803500175476,0,0.6547627449035645,True,3,0.3333333333333333,1,"[0.123129, 0.155519, 0.276944, 0.294714, 0.149693]"
Squirrel,client,42,1092,0,M0,F,evaluation,0,1,0.2053716629743576,0,0.870914101600647,False,4,0.0,0,"[0.051451, 0.042317, 0.575728, 0.290951, 0.039552]"
Squirrel,client,42,1101,0,M0,F,evaluation,1,1,0.45741787552833557,0,0.6547627449035645,True,1,0.0,0,"[0.149828, 0.167039, 0.128873, 0.257894, 0.296365]"
Squirrel,client,42,1103,0,M0,F,evaluation,2,1,0.2540956437587738,0,0.5775445699691772,False,7,0.0,0,"[0.003913, 0.004203, 0.196117, 0.161196, 0.634571]"
Squirrel,client,42,1105,0,M0,F,evaluation,3,1,0.5792587399482727,0,0.6547627449035645,True,2,0.0,1,"[0.028957, 0.002544, 0.32267, 0.458861, 0.186968]"
Squirrel,client,42,1106,0,M0,F,evaluation,2,1,0.7088759541511536,1,0.5775445699691772,False,4,0.0,1,"[0.133492, 0.077063, 0.536221, 0.161712, 0.091513]"
Squirrel,client,42,1109,0,M0,F,evaluation,3,1,0.53578120470047,0,0.6547627449035645,True,2,0.0,0,"[0.054844, 0.04221, 0.222972, 0.314717, 0.365258]"
Squirrel,client,42,1113,0,M0,F,evaluation,4,1,0.528066098690033,0,0.6547627449035645,True,2,1.0,1,"[0.030958, 0.096307, 0.297908, 0.124722, 0.450105]"
Squirrel,client,42,1117,0,M0,F,evaluation,3,1,0.5287707448005676,0,0.6547627449035645,True,18,0.2222222222222222,1,"[0.090709, 0.090499, 0.188087, 0.526893, 0.103813]"
Squirrel,client,42,1119,0,M0,F,evaluation,3,1,0.47236791253089905,0,0.6547627449035645,True,4,0.0,1,"[0.143772, 0.141219, 0.223414, 0.304669, 0.186926]"
Squirrel,client,42,1123,0,M0,F,evaluation,1,1,0.5972709059715271,0,0.6547627449035645,True,0,,0,"[0.81189, 0.114148, 0.024837, 0.038278, 0.010847]"
Squirrel,client,42,1128,0,M0,F,evaluation,1,1,0.5809665322303772,0,0.6547627449035645,True,3,0.0,0,"[0.031383, 0.053923, 0.53606, 0.353673, 0.024961]"
Squirrel,client,42,1132,0,M0,F,evaluation,3,1,0.549264669418335,0,0.6547627449035645,True,5,0.0,0,"[0.008301, 0.036366, 0.180493, 0.247041, 0.527799]"
Squirrel,client,42,1135,0,M0,F,evaluation,2,1,0.4170093536376953,0,0.5775445699691772,False,1,0.0,0,"[0.103816, 0.197827, 0.238484, 0.251352, 0.208521]"
Squirrel,client,42,1136,0,M0,F,evaluation,4,1,0.5446550846099854,0,0.6547627449035645,True,15,0.4,1,"[0.002543, 0.011098, 0.066218, 0.214318, 0.705823]"
Squirrel,client,42,1142,0,M0,F,evaluation,1,1,0.43366116285324097,0,0.6547627449035645,True,1,0.0,0,"[0.229327, 0.11837, 0.212175, 0.197329, 0.242799]"
Squirrel,client,42,1144,0,M0,F,evaluation,4,1,0.5577996373176575,0,0.6547627449035645,True,4,0.5,0,"[0.063144, 0.016336, 0.1847, 0.552313, 0.183507]"
Squirrel,client,42,1149,0,M0,F,evaluation,4,1,0.5058019161224365,0,0.6547627449035645,True,9,0.6666666666666666,1,"[0.062157, 0.089641, 0.137103, 0.167787, 0.543311]"
Squirrel,client,42,1158,0,M0,F,evaluation,4,1,0.4036717116832733,0,0.6547627449035645,True,6,0.16666666666666666,0,"[0.319101, 0.142568, 0.164789, 0.208526, 0.165016]"
Squirrel,client,42,1162,0,M0,F,evaluation,4,1,0.5213337540626526,0,0.6547627449035645,True,6,0.5,1,"[0.029808, 0.090621, 0.200455, 0.11963, 0.559486]"
Squirrel,client,42,1163,0,M0,F,evaluation,2,1,0.6034010648727417,1,0.5775445699691772,False,3,0.0,1,"[0.074914, 0.175658, 0.363612, 0.135087, 0.250729]"
Squirrel,client,42,1164,0,M0,F,evaluation,1,1,0.46962133049964905,0,0.6547627449035645,True,1,0.0,0,"[0.149099, 0.196613, 0.077476, 0.493239, 0.083573]"
Squirrel,client,42,1165,0,M0,F,evaluation,1,1,0.46397271752357483,0,0.6547627449035645,True,0,,1,"[0.047146, 0.554752, 0.167222, 0.160743, 0.070137]"
Squirrel,client,42,1168,0,M0,F,evaluation,4,1,0.5242741703987122,0,0.6547627449035645,True,2,1.0,1,"[0.02725, 0.0781, 0.304197, 0.013536, 0.576917]"
Squirrel,client,42,1180,0,M0,F,evaluation,0,1,0.45477262139320374,0,0.870914101600647,False,1,0.0,1,"[0.330065, 0.219525, 0.162035, 0.112412, 0.175964]"
Squirrel,client,42,1181,0,M0,F,evaluation,1,1,0.4265691637992859,0,0.6547627449035645,True,4,0.0,0,"[0.280129, 0.066619, 0.240595, 0.248914, 0.163743]"
Squirrel,client,42,1182,0,M0,F,evaluation,4,1,0.4464370608329773,0,0.6547627449035645,True,2,0.5,0,"[0.18434, 0.173026, 0.281486, 0.213115, 0.148033]"
Squirrel,client,42,1185,0,M0,F,evaluation,4,1,0.5126757621765137,0,0.6547627449035645,True,4,0.5,0,"[0.109752, 0.024213, 0.099617, 0.449274, 0.317143]"
Squirrel,client,42,1192,0,M0,F,evaluation,2,1,0.5336809158325195,0,0.5775445699691772,False,6,0.16666666666666666,1,"[0.041662, 0.140202, 0.355439, 0.285415, 0.177282]"
Squirrel,client,42,1195,0,M0,F,evaluation,3,1,0.5589484572410583,0,0.6547627449035645,True,5,0.0,0,"[0.038241, 0.101595, 0.509691, 0.288461, 0.062012]"
Squirrel,client,42,1198,0,M0,F,evaluation,2,1,0.4714664816856384,0,0.5775445699691772,False,0,,0,"[0.204408, 0.473284, 0.187569, 0.050524, 0.084215]"
Squirrel,client,42,1204,0,M0,F,evaluation,1,1,0.4334816336631775,0,0.6547627449035645,True,0,,0,"[0.515706, 0.239601, 0.094674, 0.114473, 0.035547]"
Squirrel,client,42,1205,0,M0,F,evaluation,0,1,0.3008764982223511,0,0.870914101600647,False,2,0.0,0,"[0.182426, 0.210017, 0.267281, 0.261532, 0.078744]"
Squirrel,client,42,1211,0,M0,F,evaluation,2,1,0.2226158082485199,0,0.5775445699691772,False,14,0.21428571428571427,0,"[0.14924, 0.202757, 0.113758, 0.392881, 0.141364]"
Squirrel,client,42,1218,0,M0,F,evaluation,3,1,0.4531210660934448,0,0.6547627449035645,True,5,0.0,1,"[0.178609, 0.151172, 0.189656, 0.318043, 0.16252]"
Squirrel,client,42,1230,0,M0,F,evaluation,0,1,0.2730614244937897,0,0.870914101600647,False,4,0.0,0,"[0.168441, 0.141251, 0.429046, 0.173681, 0.087581]"
Squirrel,client,42,1236,0,M0,F,evaluation,1,1,0.5322732925415039,0,0.6547627449035645,True,6,0.3333333333333333,0,"[0.056668, 0.171786, 0.139845, 0.560279, 0.071422]"
Squirrel,client,42,1238,0,M0,F,evaluation,2,1,0.1762046068906784,0,0.5775445699691772,False,1,0.0,0,"[0.299428, 0.053204, 0.104525, 0.357817, 0.185026]"
Squirrel,client,42,1240,0,M0,F,evaluation,1,1,0.4626816511154175,0,0.6547627449035645,True,3,0.3333333333333333,1,"[0.07042, 0.356298, 0.175801, 0.171898, 0.225583]"
Squirrel,client,42,1260,0,M0,F,evaluation,3,1,0.5347025394439697,0,0.6547627449035645,True,5,0.2,1,"[0.076691, 0.124938, 0.164233, 0.571815, 0.062323]"
Squirrel,client,42,1264,0,M0,F,evaluation,0,1,0.36743998527526855,0,0.870914101600647,False,1,0.0,0,"[0.239687, 0.170893, 0.238611, 0.268686, 0.082122]"
Squirrel,client,42,1267,0,M0,F,evaluation,2,1,0.20595529675483704,0,0.5775445699691772,False,2,0.0,0,"[0.002033, 0.001259, 0.152251, 0.122396, 0.722062]"
Squirrel,client,42,1270,0,M0,F,evaluation,2,1,0.5949588418006897,1,0.5775445699691772,False,1,0.0,0,"[0.000213, 0.000518, 0.435255, 0.038942, 0.525072]"
Squirrel,client,42,1274,0,M0,F,evaluation,1,1,0.4957731068134308,0,0.6547627449035645,True,5,0.0,1,"[0.019923, 0.271035, 0.21242, 0.228262, 0.26836]"
Squirrel,client,42,1287,0,M0,F,evaluation,0,1,0.5235965251922607,0,0.870914101600647,False,2,0.5,1,"[0.478131, 0.233818, 0.123481, 0.113034, 0.051537]"
Squirrel,client,42,1297,0,M0,F,evaluation,2,1,0.5110252499580383,0,0.5775445699691772,False,0,,0,"[0.589761, 0.044736, 0.327433, 0.030239, 0.00783]"
Squirrel,client,42,1300,0,M0,F,evaluation,0,1,0.24445557594299316,0,0.870914101600647,False,4,0.0,0,"[0.155636, 0.111695, 0.518352, 0.140918, 0.073399]"
Squirrel,client,42,1308,0,M0,F,evaluation,0,1,0.5320706963539124,0,0.870914101600647,False,2,0.5,0,"[0.35767, 0.037034, 0.064717, 0.518113, 0.022466]"
Squirrel,client,42,1310,0,M0,F,evaluation,4,1,0.5740352272987366,0,0.6547627449035645,True,5,0.4,0,"[0.01317, 0.003238, 0.409723, 0.19624, 0.377628]"
Squirrel,client,42,1315,0,M0,F,evaluation,1,1,0.4383671283721924,0,0.6547627449035645,True,2,0.0,0,"[0.233377, 0.082055, 0.150284, 0.297186, 0.237099]"
Squirrel,client,42,1322,0,M0,F,evaluation,2,1,0.4007627069950104,0,0.5775445699691772,False,5,0.0,0,"[0.123982, 0.196367, 0.230274, 0.277149, 0.172229]"
Squirrel,client,42,1323,0,M0,F,evaluation,3,1,0.519248366355896,0,0.6547627449035645,True,8,0.0,1,"[0.119413, 0.077714, 0.19618, 0.545525, 0.061169]"
Squirrel,client,42,1325,0,M0,F,evaluation,3,1,0.4696347117424011,0,0.6547627449035645,True,3,0.6666666666666666,1,"[0.163667, 0.13557, 0.131247, 0.444161, 0.125355]"
Squirrel,client,42,1327,0,M0,F,evaluation,3,1,0.47692039608955383,0,0.6547627449035645,True,2,0.0,0,"[0.089828, 0.199297, 0.186746, 0.16734, 0.356789]"
Squirrel,client,42,1328,0,M0,F,evaluation,1,1,0.3890475034713745,0,0.6547627449035645,True,2,0.0,0,"[0.370288, 0.214654, 0.204458, 0.166931, 0.04367]"
Squirrel,client,42,1336,0,M0,F,evaluation,1,1,0.5449779629707336,0,0.6547627449035645,True,14,0.14285714285714285,0,"[0.043833, 0.094214, 0.184818, 0.483045, 0.194089]"
Squirrel,client,42,1340,0,M0,F,evaluation,4,1,0.48583921790122986,0,0.6547627449035645,True,1,1.0,1,"[0.107889, 0.057853, 0.116995, 0.077079, 0.640185]"
Squirrel,client,42,1353,0,M0,F,evaluation,0,1,0.35762396454811096,0,0.870914101600647,False,1,0.0,0,"[0.240382, 0.193504, 0.246158, 0.223385, 0.09657]"
Squirrel,client,42,1355,0,M0,F,evaluation,0,1,0.2761829197406769,0,0.870914101600647,False,2,0.0,0,"[0.088618, 0.091907, 0.142386, 0.402629, 0.27446]"
Squirrel,client,42,1358,0,M0,F,evaluation,0,1,0.47290268540382385,0,0.870914101600647,False,4,0.0,1,"[0.356613, 0.157369, 0.179661, 0.263503, 0.042853]"
Squirrel,client,42,1363,0,M0,F,evaluation,2,1,0.7472965717315674,1,0.5775445699691772,False,4,0.5,1,"[0.108544, 0.025479, 0.651672, 0.172577, 0.041729]"
Squirrel,client,42,1367,0,M0,F,evaluation,3,1,0.40087705850601196,0,0.6547627449035645,True,5,0.0,0,"[0.49125, 0.072666, 0.185576, 0.188484, 0.062024]"
Squirrel,client,42,1373,0,M0,F,evaluation,2,1,0.1753903329372406,0,0.5775445699691772,False,2,0.0,0,"[0.106092, 0.059598, 0.133906, 0.436094, 0.264309]"
Squirrel,client,42,1381,0,M0,F,evaluation,2,1,0.3476700782775879,0,0.5775445699691772,False,1,0.0,0,"[0.000294, 0.000281, 0.253064, 0.035365, 0.710996]"
Squirrel,client,42,1398,0,M0,F,evaluation,3,1,0.5333918929100037,0,0.6547627449035645,True,3,0.3333333333333333,1,"[0.064438, 0.070345, 0.238249, 0.38592, 0.241048]"
Squirrel,client,42,1402,0,M0,F,evaluation,0,1,0.2780158817768097,0,0.870914101600647,False,5,0.0,0,"[0.087896, 0.087119, 0.214803, 0.382051, 0.228131]"
Squirrel,client,42,1420,0,M0,F,evaluation,1,1,0.4940096437931061,0,0.6547627449035645,True,14,0.14285714285714285,0,"[0.011792, 0.26014, 0.105372, 0.139673, 0.483023]"
Squirrel,client,42,1423,0,M0,F,evaluation,4,1,0.4042937755584717,0,0.6547627449035645,True,1,0.0,0,"[0.457984, 0.043184, 0.200083, 0.14624, 0.152509]"
Squirrel,client,42,1431,0,M0,F,evaluation,3,1,0.4084351360797882,0,0.6547627449035645,True,2,0.5,0,"[0.475509, 0.092309, 0.083755, 0.199811, 0.148615]"
Squirrel,client,42,1443,0,M0,F,evaluation,2,1,0.4653078615665436,0,0.5775445699691772,False,14,0.14285714285714285,1,"[0.096704, 0.073899, 0.339243, 0.323533, 0.166619]"
Squirrel,client,42,1445,0,M0,F,evaluation,1,1,0.4589022099971771,0,0.6547627449035645,True,1,0.0,0,"[0.15143, 0.135477, 0.094461, 0.03292, 0.585712]"
Squirrel,client,42,1448,0,M0,F,evaluation,0,1,0.5423016548156738,0,0.870914101600647,False,3,0.0,1,"[0.426003, 0.291297, 0.014978, 0.065679, 0.202042]"
Squirrel,client,42,1460,0,M0,F,evaluation,2,1,0.20208235085010529,0,0.5775445699691772,False,2,0.0,0,"[0.028443, 0.056099, 0.184195, 0.505551, 0.225713]"
Squirrel,client,42,1470,0,M0,F,evaluation,4,1,0.5162644982337952,0,0.6547627449035645,True,4,0.25,0,"[0.053104, 0.218461, 0.184376, 0.479229, 0.06483]"
Squirrel,client,42,1491,0,M0,F,evaluation,2,1,0.79257732629776,1,0.5775445699691772,False,0,,1,"[0.040054, 0.133154, 0.596833, 0.049551, 0.180408]"
Squirrel,client,42,1498,0,M0,F,evaluation,1,1,0.41896048188209534,0,0.6547627449035645,True,1,0.0,0,"[0.34448, 0.308601, 0.107018, 0.069872, 0.170029]"
Squirrel,client,42,1507,0,M0,F,evaluation,1,1,0.5618826746940613,0,0.6547627449035645,True,3,0.3333333333333333,0,"[0.031239, 0.114977, 0.284286, 0.522378, 0.04712]"
Squirrel,client,42,1513,0,M0,F,evaluation,1,1,0.5182510614395142,0,0.6547627449035645,True,2,0.0,0,"[0.038123, 0.192483, 0.501347, 0.076818, 0.19123]"
Squirrel,client,42,1514,0,M0,F,evaluation,2,1,0.3997240364551544,0,0.5775445699691772,False,0,,0,"[0.050672, 0.002826, 0.368429, 0.484466, 0.093606]"
Squirrel,client,42,1515,0,M0,F,evaluation,0,1,0.33920690417289734,0,0.870914101600647,False,4,0.0,0,"[0.182407, 0.090728, 0.269622, 0.402015, 0.055228]"
Squirrel,client,42,1529,0,M0,F,evaluation,1,1,0.4466281533241272,0,0.6547627449035645,True,8,0.25,0,"[0.152104, 0.245054, 0.172592, 0.272169, 0.15808]"
Squirrel,client,42,1536,0,M0,F,evaluation,0,1,0.5688216686248779,0,0.870914101600647,False,0,,1,"[0.513999, 0.211235, 0.106963, 0.125172, 0.042632]"
Squirrel,client,42,1544,0,M0,F,evaluation,1,1,0.44829243421554565,0,0.6547627449035645,True,5,0.6,0,"[0.193392, 0.095946, 0.074981, 0.078412, 0.557269]"
Squirrel,client,42,1564,0,M0,F,evaluation,3,1,0.5510088205337524,0,0.6547627449035645,True,21,0.38095238095238093,1,"[0.07017, 0.056037, 0.161969, 0.586416, 0.125409]"
Squirrel,client,42,1579,0,M0,F,evaluation,3,1,0.5393157601356506,0,0.6547627449035645,True,19,0.15789473684210525,1,"[0.096972, 0.048625, 0.17855, 0.58374, 0.092113]"
Squirrel,client,42,1582,0,M0,F,evaluation,3,1,0.4816739857196808,0,0.6547627449035645,True,12,0.25,1,"[0.150197, 0.116468, 0.188544, 0.426369, 0.118422]"
Squirrel,client,42,1583,0,M0,F,evaluation,1,1,0.47945502400398254,0,0.6547627449035645,True,7,0.0,0,"[0.059139, 0.256705, 0.118788, 0.218812, 0.346556]"
Squirrel,client,42,1586,0,M0,F,evaluation,1,1,0.4426862299442291,0,0.6547627449035645,True,7,0.42857142857142855,0,"[0.229154, 0.115559, 0.226527, 0.373679, 0.055079]"
Squirrel,client,42,1588,0,M0,F,evaluation,0,1,0.3643363118171692,0,0.870914101600647,False,0,,0,"[0.270015, 0.300777, 0.177932, 0.055746, 0.19553]"
Squirrel,client,42,1596,0,M0,F,evaluation,4,1,0.4632262885570526,0,0.6547627449035645,True,6,0.16666666666666666,1,"[0.114615, 0.227797, 0.258104, 0.126696, 0.272788]"
Squirrel,client,42,1597,0,M0,F,evaluation,0,1,0.20559298992156982,0,0.870914101600647,False,2,0.0,0,"[0.00081, 0.000477, 0.131648, 0.087673, 0.779392]"
Squirrel,client,42,1604,0,M0,F,evaluation,2,1,0.8319202661514282,1,0.5775445699691772,False,0,,1,"[0.045026, 0.024644, 0.847711, 0.066379, 0.016239]"
Squirrel,client,42,1629,0,M0,F,evaluation,4,1,0.5264403820037842,0,0.6547627449035645,True,9,0.1111111111111111,0,"[0.094195, 0.090767, 0.147869, 0.548124, 0.119045]"
Squirrel,client,42,1633,0,M0,F,evaluation,4,1,0.43323788046836853,0,0.6547627449035645,True,1,0.0,0,"[0.17272, 0.275814, 0.20088, 0.21355, 0.137035]"
Squirrel,client,42,1638,0,M0,F,evaluation,0,1,0.3473944664001465,0,0.870914101600647,False,1,0.0,0,"[0.165662, 0.048347, 0.059607, 0.042983, 0.683401]"
Squirrel,client,42,1646,0,M0,F,evaluation,4,1,0.5264625549316406,0,0.6547627449035645,True,1,1.0,1,"[0.047775, 0.042801, 0.160488, 0.22158, 0.527356]"
Squirrel,client,42,1650,0,M0,F,evaluation,2,1,0.5328913927078247,0,0.5775445699691772,False,2,0.0,1,"[0.134967, 0.162134, 0.311582, 0.155289, 0.236028]"
Squirrel,client,42,1657,0,M0,F,evaluation,3,1,0.5704596638679504,0,0.6547627449035645,True,1,0.0,0,"[0.069908, 0.009968, 0.575687, 0.292675, 0.051762]"
Squirrel,client,42,1660,0,M0,F,evaluation,1,1,0.5197768211364746,0,0.6547627449035645,True,6,0.0,0,"[0.083626, 0.101958, 0.378707, 0.253231, 0.182478]"
Squirrel,client,42,1662,0,M0,F,evaluation,2,1,0.44030269980430603,0,0.5775445699691772,False,3,0.0,0,"[0.036632, 0.105877, 0.336877, 0.442363, 0.07825]"
Squirrel,client,42,1678,0,M0,F,evaluation,1,1,0.5601356029510498,0,0.6547627449035645,True,3,0.0,0,"[0.026338, 0.021256, 0.101125, 0.495717, 0.355564]"
Squirrel,client,42,1680,0,M0,F,evaluation,2,1,0.3068350553512573,0,0.5775445699691772,False,2,0.0,0,"[0.003267, 0.001424, 0.236076, 0.14848, 0.610753]"
Squirrel,client,42,1681,0,M0,F,evaluation,4,1,0.5163035988807678,0,0.6547627449035645,True,8,0.625,1,"[0.039968, 0.102365, 0.202783, 0.144161, 0.510723]"
Squirrel,client,42,1683,0,M0,F,evaluation,4,1,0.5632615685462952,0,0.6547627449035645,True,8,0.25,0,"[0.012724, 0.016868, 0.167036, 0.404526, 0.398846]"
Squirrel,client,42,1691,0,M0,F,evaluation,4,1,0.5562862157821655,0,0.6547627449035645,True,2,0.5,1,"[0.005925, 0.002223, 0.266125, 0.12042, 0.605308]"
Squirrel,client,42,1694,0,M0,F,evaluation,0,1,0.7569717764854431,0,0.870914101600647,False,2,0.5,1,"[0.63506, 0.068981, 0.029768, 0.239978, 0.026212]"
Squirrel,client,42,1701,0,M0,F,evaluation,1,1,0.4142800569534302,0,0.6547627449035645,True,1,0.0,1,"[0.222754, 0.303979, 0.21245, 0.142182, 0.118635]"
Squirrel,client,42,1705,0,M0,F,evaluation,2,1,0.6307281851768494,1,0.5775445699691772,False,1,0.0,0,"[0.001415, 0.010571, 0.457201, 0.009991, 0.520822]"
Squirrel,client,42,1711,0,M0,F,evaluation,2,1,0.47870758175849915,0,0.5775445699691772,False,7,0.0,0,"[0.367261, 0.164537, 0.257182, 0.149462, 0.061558]"
Squirrel,client,42,1721,0,M0,F,evaluation,2,1,0.7076035737991333,1,0.5775445699691772,False,0,,1,"[0.225963, 0.248587, 0.408716, 0.030438, 0.086296]"
Squirrel,client,42,1737,0,M0,F,evaluation,4,1,0.5330650210380554,0,0.6547627449035645,True,1,0.0,1,"[0.043647, 0.028646, 0.206609, 0.188071, 0.533027]"
Squirrel,client,42,1744,0,M0,F,evaluation,4,1,0.5330724120140076,0,0.6547627449035645,True,5,0.4,0,"[0.082985, 0.074351, 0.388004, 0.327647, 0.127012]"
Squirrel,client,42,1745,0,M0,F,evaluation,0,1,0.36234474182128906,0,0.870914101600647,False,1,0.0,0,"[0.318348, 0.065923, 0.489312, 0.063587, 0.06283]"
Squirrel,client,42,1746,0,M0,F,evaluation,2,1,0.7703508734703064,1,0.5775445699691772,False,1,0.0,1,"[0.230929, 0.091045, 0.609347, 0.047271, 0.021407]"
Squirrel,client,42,1750,0,M0,F,evaluation,0,1,0.38457271456718445,0,0.870914101600647,False,1,0.0,1,"[0.2715, 0.243546, 0.171008, 0.19217, 0.121775]"
Squirrel,client,42,1754,0,M0,F,evaluation,0,1,0.3893094062805176,0,0.870914101600647,False,1,0.0,0,"[0.268427, 0.14972, 0.2713, 0.223198, 0.087355]"
Squirrel,client,42,1763,0,M0,F,evaluation,3,1,0.47932347655296326,0,0.6547627449035645,True,10,0.2,1,"[0.109419, 0.267627, 0.068627, 0.512005, 0.042322]"
Squirrel,client,42,1765,0,M0,F,evaluation,4,1,0.5593104958534241,0,0.6547627449035645,True,4,1.0,1,"[0.003087, 0.002045, 0.335195, 0.067088, 0.592584]"
Squirrel,client,42,1772,0,M0,F,evaluation,2,1,0.7269778251647949,1,0.5775445699691772,False,4,0.0,1,"[0.039008, 0.118113, 0.522217, 0.136969, 0.183693]"
Squirrel,client,42,1777,0,M0,F,evaluation,4,1,0.5289772748947144,0,0.6547627449035645,True,3,1.0,1,"[0.019557, 0.045498, 0.067531, 0.18506, 0.682354]"
Squirrel,client,42,1780,0,M0,F,evaluation,1,1,0.4890331029891968,0,0.6547627449035645,True,2,0.0,1,"[0.084001, 0.628546, 0.165244, 0.052662, 0.069546]"
Squirrel,client,42,1782,0,M0,F,evaluation,3,1,0.6055253744125366,0,0.6547627449035645,True,1,1.0,1,"[0.015568, 0.003461, 0.015567, 0.791886, 0.173517]"
Squirrel,client,42,1790,0,M0,F,evaluation,0,1,0.6022691130638123,0,0.870914101600647,False,0,,1,"[0.516075, 0.203852, 0.061447, 0.169968, 0.048658]"
Squirrel,client,42,1791,0,M0,F,evaluation,1,1,0.3879235088825226,0,0.6547627449035645,True,0,,0,"[0.414484, 0.141629, 0.382935, 0.037676, 0.023276]"
Squirrel,client,42,1802,0,M0,F,evaluation,0,1,0.5558777451515198,0,0.870914101600647,False,0,,1,"[0.535056, 0.045895, 0.356937, 0.052402, 0.00971]"
Squirrel,client,42,1812,0,M0,F,evaluation,3,1,0.4906015694141388,0,0.6547627449035645,True,7,0.2857142857142857,0,"[0.039335, 0.542047, 0.084799, 0.079883, 0.253936]"
Squirrel,client,42,1813,0,M0,F,evaluation,2,1,0.7859596610069275,1,0.5775445699691772,False,0,,1,"[0.075598, 0.025632, 0.715951, 0.122024, 0.060795]"
Squirrel,client,42,1816,0,M0,F,evaluation,1,1,0.5477038621902466,0,0.6547627449035645,True,2,0.0,0,"[0.021388, 0.14586, 0.138096, 0.528047, 0.166609]"
Squirrel,client,42,1823,0,M0,F,evaluation,4,1,0.555970311164856,0,0.6547627449035645,True,3,0.3333333333333333,1,"[0.000445, 0.000849, 0.22226, 0.13444, 0.642006]"
Squirrel,client,42,1828,0,M0,F,evaluation,1,1,0.44282275438308716,0,0.6547627449035645,True,0,,1,"[0.302881, 0.490639, 0.112354, 0.081842, 0.012285]"
Squirrel,client,42,1829,0,M0,F,evaluation,2,1,0.37836477160453796,0,0.5775445699691772,False,4,0.25,0,"[0.177592, 0.078756, 0.286601, 0.402545, 0.054506]"
Squirrel,client,42,1831,0,M0,F,evaluation,3,1,0.5066924691200256,0,0.6547627449035645,True,3,0.0,1,"[0.125273, 0.055642, 0.16518, 0.463386, 0.19052]"
Squirrel,client,42,1835,0,M0,F,evaluation,3,1,0.4726763963699341,0,0.6547627449035645,True,1,0.0,0,"[0.138593, 0.175691, 0.361474, 0.214665, 0.109577]"
Squirrel,client,42,1850,0,M0,F,evaluation,0,1,0.6244218349456787,0,0.870914101600647,False,1,1.0,0,"[0.445633, 0.025956, 0.020885, 0.500181, 0.007344]"
Squirrel,client,42,1852,0,M0,F,evaluation,0,1,0.7879227995872498,0,0.870914101600647,False,0,,1,"[0.691242, 0.062661, 0.021788, 0.205125, 0.019184]"
Squirrel,client,42,1863,0,M0,F,evaluation,3,1,0.5398656129837036,0,0.6547627449035645,True,1,0.0,0,"[0.000225, 0.000147, 0.102436, 0.053242, 0.843949]"
Squirrel,client,42,1866,0,M0,F,evaluation,0,1,0.3197978138923645,0,0.870914101600647,False,1,0.0,0,"[0.216989, 0.225336, 0.271557, 0.174908, 0.11121]"
Squirrel,client,42,1867,0,M0,F,evaluation,4,1,0.4766588509082794,0,0.6547627449035645,True,4,0.25,1,"[0.147586, 0.010498, 0.081985, 0.127165, 0.632767]"
Squirrel,client,42,1874,0,M0,F,evaluation,0,1,0.3950191140174866,0,0.870914101600647,False,1,0.0,0,"[0.25601, 0.085317, 0.357781, 0.164233, 0.136658]"
Squirrel,client,42,1890,0,M0,F,evaluation,2,1,0.3674785792827606,0,0.5775445699691772,False,1,1.0,0,"[0.030542, 0.047472, 0.324489, 0.500729, 0.096768]"
Squirrel,client,42,1891,0,M0,F,evaluation,1,1,0.5589799880981445,0,0.6547627449035645,True,7,0.0,1,"[0.03541, 0.742513, 0.059873, 0.034995, 0.127209]"
Squirrel,client,42,1894,0,M0,F,evaluation,3,1,0.5034590363502502,0,0.6547627449035645,True,3,0.0,0,"[0.116638, 0.101546, 0.357843, 0.281587, 0.142386]"
Squirrel,client,42,1908,0,M0,F,evaluation,3,1,0.43961843848228455,0,0.6547627449035645,True,0,,1,"[0.240698, 0.099203, 0.06182, 0.47552, 0.122758]"
Squirrel,client,42,1915,0,M0,F,evaluation,4,1,0.5375831723213196,0,0.6547627449035645,True,2,0.5,1,"[0.034733, 0.036996, 0.203797, 0.221723, 0.502751]"
Squirrel,client,42,1918,0,M0,F,evaluation,4,1,0.48719602823257446,0,0.6547627449035645,True,5,0.4,1,"[0.015409, 0.320477, 0.070377, 0.115338, 0.478399]"
Squirrel,client,42,1933,0,M0,F,evaluation,0,1,0.27579426765441895,0,0.870914101600647,False,1,0.0,0,"[0.224855, 0.132318, 0.482134, 0.095724, 0.064969]"
Squirrel,client,42,1941,0,M0,F,evaluation,3,1,0.5439218878746033,0,0.6547627449035645,True,1,0.0,1,"[0.052427, 0.077989, 0.124104, 0.524579, 0.220901]"
Squirrel,client,42,1946,0,M0,F,evaluation,2,1,0.436432808637619,0,0.5775445699691772,False,2,0.0,0,"[0.169014, 0.153311, 0.278212, 0.325291, 0.074173]"
Squirrel,client,42,1949,0,M0,F,evaluation,2,1,0.2988958954811096,0,0.5775445699691772,False,0,,0,"[0.049057, 0.088713, 0.183044, 0.099361, 0.579825]"
Squirrel,client,42,1954,0,M0,F,evaluation,2,1,0.547725260257721,0,0.5775445699691772,False,0,,0,"[0.133482, 0.507142, 0.248714, 0.039131, 0.07153]"
Squirrel,client,42,1961,0,M0,F,evaluation,1,1,0.44320064783096313,0,0.6547627449035645,True,4,0.5,0,"[0.263269, 0.071435, 0.582625, 0.051605, 0.031066]"
Squirrel,client,42,1971,0,M0,F,evaluation,0,1,0.3739244043827057,0,0.870914101600647,False,0,,0,"[0.208445, 0.20202, 0.13139, 0.241257, 0.216888]"
Squirrel,client,42,1980,0,M0,F,evaluation,0,1,0.3377430737018585,0,0.870914101600647,False,1,0.0,1,"[0.25307, 0.230354, 0.231617, 0.244244, 0.040716]"
Squirrel,client,42,1982,0,M0,F,evaluation,1,1,0.44832587242126465,0,0.6547627449035645,True,1,0.0,1,"[0.123964, 0.365931, 0.055845, 0.242083, 0.212178]"
Squirrel,client,42,1987,0,M0,F,evaluation,3,1,0.4820365607738495,0,0.6547627449035645,True,1,0.0,1,"[0.23192, 0.015307, 0.019277, 0.728134, 0.005363]"
Squirrel,client,42,1992,0,M0,F,evaluation,1,1,0.406218945980072,0,0.6547627449035645,True,1,0.0,0,"[0.280087, 0.194808, 0.153999, 0.263355, 0.10775]"
Squirrel,client,42,1993,0,M0,F,evaluation,1,1,0.4256539046764374,0,0.6547627449035645,True,0,,0,"[0.195324, 0.295147, 0.145927, 0.354927, 0.008674]"
Squirrel,client,42,1994,0,M0,F,evaluation,1,1,0.44073882699012756,0,0.6547627449035645,True,1,0.0,1,"[0.147632, 0.344982, 0.041547, 0.321795, 0.144045]"
Squirrel,client,42,2001,0,M0,F,evaluation,4,1,0.4849914610385895,0,0.6547627449035645,True,1,0.0,1,"[0.123291, 0.002993, 0.141463, 0.020216, 0.712038]"
Squirrel,client,42,2008,0,M0,F,evaluation,0,1,0.21853305399417877,0,0.870914101600647,False,2,0.0,0,"[0.015163, 0.143373, 0.065849, 0.094495, 0.681121]"
Squirrel,client,42,2024,0,M0,F,evaluation,2,1,0.3684813678264618,0,0.5775445699691772,False,2,0.0,0,"[0.054995, 0.19433, 0.20947, 0.223221, 0.317983]"
Squirrel,client,42,2039,0,M0,F,evaluation,3,1,0.5902714729309082,0,0.6547627449035645,True,2,0.5,0,"[0.000505, 0.001127, 0.392445, 0.351422, 0.254501]"
Squirrel,client,42,2042,0,M0,F,evaluation,1,1,0.4118387997150421,0,0.6547627449035645,True,1,1.0,1,"[0.297968, 0.30599, 0.060734, 0.178908, 0.1564]"
Squirrel,client,42,2045,0,M0,F,evaluation,3,1,0.5397351980209351,0,0.6547627449035645,True,0,,1,"[0.05284, 0.181322, 0.053365, 0.643241, 0.069232]"
Squirrel,client,42,2049,0,M0,F,evaluation,0,1,0.36330896615982056,0,0.870914101600647,False,0,,0,"[0.182089, 0.102371, 0.201294, 0.297472, 0.216774]"
Squirrel,client,42,2058,0,M0,F,evaluation,3,1,0.5678399205207825,0,0.6547627449035645,True,3,0.3333333333333333,1,"[0.075449, 0.005293, 0.290997, 0.590172, 0.038089]"
Squirrel,client,42,2062,0,M0,F,evaluation,1,1,0.4456619918346405,0,0.6547627449035645,True,0,,0,"[0.46633, 0.353422, 0.089886, 0.072438, 0.017924]"
Squirrel,client,42,2066,0,M0,F,evaluation,0,1,0.529697060585022,0,0.870914101600647,False,0,,1,"[0.463064, 0.164884, 0.210916, 0.079435, 0.081702]"
Squirrel,client,42,2073,0,M0,F,evaluation,3,1,0.5516728758811951,0,0.6547627449035645,True,1,0.0,1,"[0.066775, 0.014918, 0.234678, 0.477444, 0.206186]"
Squirrel,client,42,2078,0,M0,F,evaluation,0,1,0.6175206303596497,0,0.870914101600647,False,0,,1,"[0.574334, 0.167343, 0.129673, 0.101987, 0.026663]"
Squirrel,client,42,2083,0,M0,F,evaluation,0,1,0.3107007145881653,0,0.870914101600647,False,0,,0,"[0.16013, 0.034312, 0.410345, 0.367517, 0.027695]"
Squirrel,client,42,2084,0,M0,F,evaluation,4,1,0.5348296761512756,0,0.6547627449035645,True,2,0.0,0,"[0.074155, 0.029525, 0.229693, 0.37875, 0.287877]"
Squirrel,client,42,2093,0,M0,F,evaluation,4,1,0.5443229675292969,0,0.6547627449035645,True,5,0.4,1,"[0.000447, 0.000455, 0.037054, 0.197219, 0.764826]"
Squirrel,client,42,2095,0,M0,F,evaluation,4,1,0.5580068230628967,0,0.6547627449035645,True,0,,1,"[0.001728, 0.014413, 0.403177, 0.014423, 0.566259]"
Squirrel,client,42,2100,0,M0,F,evaluation,2,1,0.8207993507385254,1,0.5775445699691772,False,0,,1,"[0.037917, 0.034577, 0.749439, 0.008333, 0.169734]"
Squirrel,client,42,2101,0,M0,F,evaluation,2,1,0.8477681279182434,1,0.5775445699691772,False,0,,1,"[0.004251, 0.000579, 0.946399, 0.036783, 0.011988]"
Squirrel,client,42,2104,0,M0,F,evaluation,2,1,0.6986562609672546,1,0.5775445699691772,False,0,,1,"[0.188869, 0.111875, 0.491501, 0.131089, 0.076666]"
Squirrel,client,42,2112,0,M0,F,evaluation,1,1,0.45159444212913513,0,0.6547627449035645,True,0,,0,"[0.507898, 0.236761, 0.056589, 0.077376, 0.121376]"
Squirrel,client,42,2115,0,M0,F,evaluation,2,1,0.8070763349533081,1,0.5775445699691772,False,0,,1,"[0.070376, 0.013535, 0.770982, 0.07031, 0.074796]"
Squirrel,client,42,2118,0,M0,F,evaluation,0,1,0.6373584866523743,0,0.870914101600647,False,1,1.0,1,"[0.542105, 0.100878, 0.177188, 0.114411, 0.065418]"
Squirrel,client,42,2119,0,M0,F,evaluation,1,1,0.4502298831939697,0,0.6547627449035645,True,2,0.5,0,"[0.193562, 0.08439, 0.033296, 0.104248, 0.584504]"
Squirrel,client,42,2147,0,M0,F,evaluation,0,1,0.5394290685653687,0,0.870914101600647,False,0,,1,"[0.446527, 0.138494, 0.215063, 0.116625, 0.083292]"
Squirrel,client,42,2153,0,M0,F,evaluation,1,1,0.44233226776123047,0,0.6547627449035645,True,0,,0,"[0.143643, 0.366753, 0.036905, 0.387927, 0.064772]"
Squirrel,client,42,2163,0,M0,F,evaluation,4,1,0.44715285301208496,0,0.6547627449035645,True,0,,0,"[0.129019, 0.404113, 0.053323, 0.235288, 0.178256]"
Squirrel,client,42,2165,0,M0,F,evaluation,3,1,0.42872315645217896,0,0.6547627449035645,True,0,,0,"[0.266179, 0.056257, 0.229942, 0.080926, 0.366695]"
Squirrel,client,42,2167,0,M0,F,evaluation,1,1,0.3931117653846741,0,0.6547627449035645,True,0,,0,"[0.399082, 0.218187, 0.218959, 0.091446, 0.072326]"
Squirrel,client,42,2180,0,M0,F,evaluation,2,1,0.3527786433696747,0,0.5775445699691772,False,1,0.0,0,"[0.29068, 0.329485, 0.135144, 0.213595, 0.031097]"
Squirrel,client,42,2181,0,M0,F,evaluation,2,1,0.7312113046646118,1,0.5775445699691772,False,0,,1,"[0.092636, 0.009884, 0.648486, 0.211645, 0.037349]"
Squirrel,client,42,2186,0,M0,F,evaluation,2,1,0.3879223167896271,0,0.5775445699691772,False,0,,0,"[0.266822, 0.066132, 0.285995, 0.353552, 0.027499]"
Squirrel,client,42,2205,0,M0,F,evaluation,3,1,0.3938935697078705,0,0.6547627449035645,True,0,,0,"[0.453068, 0.119755, 0.020855, 0.378548, 0.027774]"
Squirrel,client,42,2207,0,M0,F,evaluation,3,1,0.5480970740318298,0,0.6547627449035645,True,1,0.0,0,"[0.000267, 0.000167, 0.067015, 0.217492, 0.715058]"
Squirrel,client,42,2213,0,M0,F,evaluation,2,1,0.41291698813438416,0,0.5775445699691772,False,0,,0,"[0.102081, 0.316534, 0.222257, 0.344226, 0.014902]"
Squirrel,client,42,2216,0,M0,F,evaluation,4,1,0.5464798212051392,0,0.6547627449035645,True,0,,1,"[0.000576, 0.000383, 0.166627, 0.07842, 0.753994]"
Squirrel,client,42,2222,0,M0,F,evaluation,1,1,0.39807289838790894,0,0.6547627449035645,True,0,,0,"[0.356399, 0.32636, 0.120071, 0.177209, 0.019961]"
Squirrel,client,42,1227,6,M0,F,evaluation,3,1,0.4052213132381439,0,0.6547627449035645,True,6,0.5,0,"[0.282798, 0.235228, 0.132215, 0.192485, 0.157274]"
Squirrel,client,42,1229,6,M0,F,evaluation,2,1,0.6959497928619385,1,0.5775445699691772,False,5,0.2,1,"[0.17165, 0.05294, 0.530887, 0.137663, 0.10686]"
Squirrel,client,42,1235,6,M0,F,evaluation,0,1,0.7050185799598694,0,0.870914101600647,False,2,0.0,1,"[0.572803, 0.151781, 0.029313, 0.079617, 0.166487]"
Squirrel,client,42,1258,6,M0,F,evaluation,0,1,0.6846845746040344,0,0.870914101600647,False,0,,1,"[0.610667, 0.138668, 0.098474, 0.084271, 0.067921]"
Squirrel,client,42,1280,6,M0,F,evaluation,0,1,0.6630980968475342,0,0.870914101600647,False,15,0.26666666666666666,1,"[0.62044, 0.130848, 0.146549, 0.057073, 0.045091]"
Squirrel,client,42,1281,6,M0,F,evaluation,0,1,0.6668822765350342,0,0.870914101600647,False,1,0.0,1,"[0.555032, 0.190229, 0.025569, 0.105645, 0.123525]"
Squirrel,client,42,1292,6,M0,F,evaluation,0,1,0.579094409942627,0,0.870914101600647,False,5,0.0,1,"[0.540655, 0.232545, 0.085707, 0.089883, 0.05121]"
Squirrel,client,42,1293,6,M0,F,evaluation,1,1,0.3975101411342621,0,0.6547627449035645,True,1,0.0,0,"[0.336041, 0.219025, 0.207337, 0.098288, 0.139308]"
Squirrel,client,42,1324,6,M0,F,evaluation,0,1,0.512365460395813,0,0.870914101600647,False,1,0.0,1,"[0.436383, 0.208428, 0.155978, 0.113078, 0.086133]"
Squirrel,client,42,1344,6,M0,F,evaluation,1,1,0.40084293484687805,0,0.6547627449035645,True,3,0.0,0,"[0.332325, 0.245969, 0.162661, 0.111046, 0.147999]"
Squirrel,client,42,1357,6,M0,F,evaluation,1,1,0.4379597306251526,0,0.6547627449035645,True,8,0.125,0,"[0.520344, 0.232067, 0.125839, 0.06203, 0.059721]"
Squirrel,client,42,1364,6,M0,F,evaluation,0,1,0.614410400390625,0,0.870914101600647,False,12,0.08333333333333333,1,"[0.55535, 0.139793, 0.173525, 0.070928, 0.060404]"
Squirrel,client,42,1368,6,M0,F,evaluation,2,1,0.4114658534526825,0,0.5775445699691772,False,4,0.0,0,"[0.424591, 0.231895, 0.16663, 0.093425, 0.083459]"
Squirrel,client,42,1379,6,M0,F,evaluation,0,1,0.7330542802810669,0,0.870914101600647,False,1,0.0,1,"[0.654687, 0.077839, 0.113302, 0.112808, 0.041363]"
Squirrel,client,42,1382,6,M0,F,evaluation,0,1,0.48446372151374817,0,0.870914101600647,False,1,0.0,1,"[0.415237, 0.209223, 0.191724, 0.079775, 0.10404]"
Squirrel,client,42,1404,6,M0,F,evaluation,2,1,0.37639594078063965,0,0.5775445699691772,False,4,0.25,0,"[0.522531, 0.184629, 0.150007, 0.079517, 0.063316]"
Squirrel,client,42,1405,6,M0,F,evaluation,0,1,0.4048095643520355,0,0.870914101600647,False,2,0.0,1,"[0.313914, 0.251822, 0.183916, 0.117386, 0.132963]"
Squirrel,client,42,1406,6,M0,F,evaluation,0,1,0.5879484415054321,0,0.870914101600647,False,3,0.0,1,"[0.553884, 0.242448, 0.069705, 0.077807, 0.056156]"
Squirrel,client,42,1429,6,M0,F,evaluation,0,1,0.6392184495925903,0,0.870914101600647,False,5,0.0,1,"[0.629679, 0.22637, 0.051423, 0.063373, 0.029156]"
Squirrel,client,42,1440,6,M0,F,evaluation,0,1,0.5173016786575317,0,0.870914101600647,False,1,0.0,1,"[0.431766, 0.174154, 0.197009, 0.098052, 0.09902]"
Squirrel,client,42,1487,6,M0,F,evaluation,0,1,0.5900278687477112,0,0.870914101600647,False,1,0.0,1,"[0.53411, 0.208497, 0.101124, 0.094416, 0.061854]"
Squirrel,client,42,1499,6,M0,F,evaluation,0,1,0.7037822008132935,0,0.870914101600647,False,2,0.0,1,"[0.649594, 0.157129, 0.059478, 0.084931, 0.048868]"
Squirrel,client,42,1500,6,M0,F,evaluation,2,1,0.41921257972717285,0,0.5775445699691772,False,4,0.25,0,"[0.445784, 0.201733, 0.179449, 0.084751, 0.088282]"
Squirrel,client,42,1505,6,M0,F,evaluation,1,1,0.4077712297439575,0,0.6547627449035645,True,2,0.0,0,"[0.390877, 0.281713, 0.146891, 0.080227, 0.100292]"
Squirrel,client,42,1508,6,M0,F,evaluation,2,1,0.42071884870529175,0,0.5775445699691772,False,3,0.0,0,"[0.52645, 0.187112, 0.177773, 0.054544, 0.054121]"
Squirrel,client,42,1541,6,M0,F,evaluation,2,1,0.2918436527252197,0,0.5775445699691772,False,17,0.4117647058823529,0,"[0.707782, 0.158195, 0.079146, 0.036319, 0.018558]"
Squirrel,client,42,1549,6,M0,F,evaluation,3,1,0.39930152893066406,0,0.6547627449035645,True,4,0.0,0,"[0.396828, 0.236001, 0.160174, 0.110213, 0.096783]"
Squirrel,client,42,1554,6,M0,F,evaluation,1,1,0.42935633659362793,0,0.6547627449035645,True,5,0.0,1,"[0.189587, 0.273812, 0.159281, 0.147928, 0.229392]"
Squirrel,client,42,1572,6,M0,F,evaluation,3,1,0.4545852243900299,0,0.6547627449035645,True,5,0.0,1,"[0.173628, 0.205835, 0.067149, 0.477068, 0.07632]"
Squirrel,client,42,1578,6,M0,F,evaluation,0,1,0.4962025284767151,0,0.870914101600647,False,1,0.0,1,"[0.425869, 0.214403, 0.170768, 0.092276, 0.096683]"
Squirrel,client,42,1581,6,M0,F,evaluation,0,1,0.49565911293029785,0,0.870914101600647,False,1,0.0,1,"[0.418837, 0.222138, 0.159315, 0.091142, 0.108569]"
Squirrel,client,42,1612,6,M0,F,evaluation,1,1,0.4202563464641571,0,0.6547627449035645,True,2,0.0,0,"[0.44825, 0.277739, 0.1417, 0.059125, 0.073186]"
Squirrel,client,42,1619,6,M0,F,evaluation,3,1,0.4490431547164917,0,0.6547627449035645,True,4,0.0,0,"[0.488907, 0.294917, 0.049984, 0.099245, 0.066948]"
Squirrel,client,42,1632,6,M0,F,evaluation,1,1,0.4114423394203186,0,0.6547627449035645,True,5,0.0,0,"[0.402662, 0.292148, 0.142455, 0.074755, 0.087981]"
Squirrel,client,42,1634,6,M0,F,evaluation,0,1,0.4795967936515808,0,0.870914101600647,False,7,0.14285714285714285,1,"[0.336134, 0.264838, 0.059406, 0.109138, 0.230485]"
Squirrel,client,42,1640,6,M0,F,evaluation,1,1,0.42014607787132263,0,0.6547627449035645,True,1,0.0,1,"[0.212975, 0.409466, 0.133864, 0.179557, 0.064137]"
Squirrel,client,42,1643,6,M0,F,evaluation,3,1,0.39877447485923767,0,0.6547627449035645,True,4,0.0,0,"[0.316019, 0.223946, 0.152368, 0.180044, 0.127623]"
Squirrel,client,42,1648,6,M0,F,evaluation,0,1,0.7029229402542114,0,0.870914101600647,False,1,0.0,1,"[0.64196, 0.165846, 0.032728, 0.13239, 0.027076]"
Squirrel,client,42,1673,6,M0,F,evaluation,2,1,0.44639769196510315,0,0.5775445699691772,False,6,0.5,0,"[0.479082, 0.203821, 0.194378, 0.064616, 0.058103]"
Squirrel,client,42,1676,6,M0,F,evaluation,2,1,0.3999702036380768,0,0.5775445699691772,False,7,0.2857142857142857,0,"[0.514229, 0.160256, 0.17692, 0.074593, 0.074002]"
Squirrel,client,42,1706,6,M0,F,evaluation,4,1,0.45739176869392395,0,0.6547627449035645,True,13,0.38461538461538464,0,"[0.534754, 0.178433, 0.032788, 0.094499, 0.159525]"
Squirrel,client,42,1739,6,M0,F,evaluation,1,1,0.396970272064209,0,0.6547627449035645,True,2,0.0,0,"[0.304456, 0.261142, 0.133803, 0.226767, 0.073831]"
Squirrel,client,42,1752,6,M0,F,evaluation,1,1,0.44458797574043274,0,0.6547627449035645,True,2,0.0,0,"[0.418969, 0.33427, 0.042453, 0.082819, 0.12149]"
Squirrel,client,42,1778,6,M0,F,evaluation,3,1,0.4220186173915863,0,0.6547627449035645,True,0,,0,"[0.514956, 0.193737, 0.061056, 0.18936, 0.040891]"
Squirrel,client,42,1789,6,M0,F,evaluation,0,1,0.8583150506019592,0,0.870914101600647,False,0,,1,"[0.905521, 0.049386, 0.007086, 0.032845, 0.005162]"
Squirrel,client,42,1794,6,M0,F,evaluation,2,1,0.8382591009140015,1,0.5775445699691772,False,0,,1,"[0.073882, 0.037601, 0.842375, 0.02391, 0.022233]"
Squirrel,client,42,1826,6,M0,F,evaluation,0,1,0.5088203549385071,0,0.870914101600647,False,1,0.0,1,"[0.438488, 0.214778, 0.16235, 0.083817, 0.100568]"
Squirrel,client,42,1855,6,M0,F,evaluation,1,1,0.39466574788093567,0,0.6547627449035645,True,1,0.0,0,"[0.335595, 0.210094, 0.256774, 0.088179, 0.109359]"
Squirrel,client,42,1858,6,M0,F,evaluation,1,1,0.39770230650901794,0,0.6547627449035645,True,1,0.0,0,"[0.32725, 0.197807, 0.137421, 0.214423, 0.123099]"
Squirrel,client,42,1879,6,M0,F,evaluation,3,1,0.41310015320777893,0,0.6547627449035645,True,0,,1,"[0.244779, 0.243542, 0.104105, 0.346419, 0.061155]"
Squirrel,client,42,1900,6,M0,F,evaluation,1,1,0.4130440950393677,0,0.6547627449035645,True,1,0.0,0,"[0.459256, 0.224702, 0.142496, 0.086248, 0.087298]"
Squirrel,client,42,1904,6,M0,F,evaluation,2,1,0.6767956018447876,1,0.5775445699691772,False,6,0.5,1,"[0.297705, 0.154023, 0.422434, 0.056508, 0.06933]"
Squirrel,client,42,1909,6,M0,F,evaluation,2,1,0.38947364687919617,0,0.5775445699691772,False,3,0.0,0,"[0.39318, 0.191643, 0.171643, 0.124228, 0.119307]"
Squirrel,client,42,1925,6,M0,F,evaluation,2,1,0.40310952067375183,0,0.5775445699691772,False,2,0.0,0,"[0.467882, 0.202512, 0.164415, 0.076596, 0.088594]"
Squirrel,client,42,1935,6,M0,F,evaluation,1,1,0.4340980350971222,0,0.6547627449035645,True,0,,1,"[0.282098, 0.458931, 0.06821, 0.146455, 0.044307]"
Squirrel,client,42,1937,6,M0,F,evaluation,2,1,0.32012343406677246,0,0.5775445699691772,False,8,0.25,0,"[0.649095, 0.16985, 0.100438, 0.043733, 0.036885]"
Squirrel,client,42,1945,6,M0,F,evaluation,0,1,0.48689886927604675,0,0.870914101600647,False,2,0.0,1,"[0.469164, 0.267041, 0.136252, 0.058007, 0.069535]"
Squirrel,client,42,1962,6,M0,F,evaluation,2,1,0.7003879547119141,1,0.5775445699691772,False,1,0.0,1,"[0.271881, 0.108524, 0.484559, 0.072348, 0.062688]"
Squirrel,client,42,1964,6,M0,F,evaluation,2,1,0.40613889694213867,0,0.5775445699691772,False,1,0.0,0,"[0.409374, 0.182653, 0.184848, 0.116266, 0.106859]"
Squirrel,client,42,1967,6,M0,F,evaluation,0,1,0.5083202123641968,0,0.870914101600647,False,2,0.0,1,"[0.409364, 0.212822, 0.149156, 0.096113, 0.132545]"
Squirrel,client,42,1968,6,M0,F,evaluation,1,1,0.40270867943763733,0,0.6547627449035645,True,1,0.0,0,"[0.424478, 0.217247, 0.174568, 0.080295, 0.103413]"
Squirrel,client,42,2003,6,M0,F,evaluation,0,1,0.5638414621353149,0,0.870914101600647,False,5,0.0,1,"[0.49033, 0.172469, 0.167409, 0.087347, 0.082445]"
Squirrel,client,42,2004,6,M0,F,evaluation,1,1,0.41482797265052795,0,0.6547627449035645,True,6,0.16666666666666666,0,"[0.482338, 0.197916, 0.147576, 0.088518, 0.083652]"
Squirrel,client,42,2006,6,M0,F,evaluation,0,1,0.6735400557518005,0,0.870914101600647,False,1,0.0,1,"[0.559011, 0.181851, 0.027312, 0.108418, 0.123409]"
Squirrel,client,42,2009,6,M0,F,evaluation,3,1,0.41942423582077026,0,0.6547627449035645,True,0,,0,"[0.531037, 0.110178, 0.074876, 0.198078, 0.085831]"
Squirrel,client,42,2015,6,M0,F,evaluation,0,1,0.4928011894226074,0,0.870914101600647,False,1,0.0,1,"[0.424478, 0.217247, 0.174568, 0.080295, 0.103413]"
Squirrel,client,42,2030,6,M0,F,evaluation,2,1,0.534457802772522,0,0.5775445699691772,False,1,0.0,0,"[0.316137, 0.227548, 0.264954, 0.092657, 0.098704]"
Squirrel,client,42,2067,6,M0,F,evaluation,0,1,0.6923182606697083,0,0.870914101600647,False,1,0.0,1,"[0.583493, 0.145692, 0.055436, 0.119708, 0.095671]"
Squirrel,client,42,2076,6,M0,F,evaluation,1,1,0.6630731225013733,1,0.6547627449035645,True,0,,1,"[0.028673, 0.963761, 0.003287, 0.003898, 0.000381]"
Squirrel,client,42,2080,6,M0,F,evaluation,2,1,0.23247070610523224,0,0.5775445699691772,False,6,0.16666666666666666,0,"[0.409327, 0.160647, 0.050528, 0.084013, 0.295485]"
Squirrel,client,42,2081,6,M0,F,evaluation,0,1,0.5310728549957275,0,0.870914101600647,False,1,0.0,1,"[0.458023, 0.208511, 0.151236, 0.0817, 0.10053]"
Squirrel,client,42,2085,6,M0,F,evaluation,3,1,0.4228595197200775,0,0.6547627449035645,True,4,0.0,0,"[0.453549, 0.261193, 0.119399, 0.072345, 0.093514]"
Squirrel,client,42,2086,6,M0,F,evaluation,1,1,0.41833946108818054,0,0.6547627449035645,True,1,0.0,0,"[0.362305, 0.317602, 0.038286, 0.160257, 0.12155]"
Squirrel,client,42,2117,6,M0,F,evaluation,1,1,0.4006386995315552,0,0.6547627449035645,True,3,0.0,0,"[0.367206, 0.221415, 0.150339, 0.112085, 0.148955]"
Squirrel,client,42,2120,6,M0,F,evaluation,4,1,0.4709222912788391,0,0.6547627449035645,True,4,0.25,0,"[0.56628, 0.146208, 0.036878, 0.069809, 0.180826]"
Squirrel,client,42,2121,6,M0,F,evaluation,2,1,0.35439470410346985,0,0.5775445699691772,False,5,0.2,0,"[0.539747, 0.29485, 0.090152, 0.039882, 0.035369]"
Squirrel,client,42,2125,6,M0,F,evaluation,4,1,0.4782516062259674,0,0.6547627449035645,True,4,0.25,0,"[0.561772, 0.247477, 0.055854, 0.056095, 0.078802]"
Squirrel,client,42,2137,6,M0,F,evaluation,4,1,0.48144033551216125,0,0.6547627449035645,True,11,0.18181818181818182,0,"[0.54091, 0.257961, 0.052484, 0.024835, 0.123809]"
Squirrel,client,42,2143,6,M0,F,evaluation,2,1,0.8439545631408691,1,0.5775445699691772,False,0,,1,"[0.049901, 0.025326, 0.881633, 0.019498, 0.023641]"
Squirrel,client,42,2150,6,M0,F,evaluation,2,1,0.4284266233444214,0,0.5775445699691772,False,0,,0,"[0.454131, 0.250625, 0.167219, 0.069186, 0.05884]"
Squirrel,client,42,2155,6,M0,F,evaluation,4,1,0.4480908215045929,0,0.6547627449035645,True,0,,1,"[0.187698, 0.109213, 0.113166, 0.037688, 0.552234]"
Squirrel,client,42,2159,6,M0,F,evaluation,0,1,0.5228674411773682,0,0.870914101600647,False,1,0.0,1,"[0.521744, 0.273388, 0.100446, 0.056261, 0.048161]"
Squirrel,client,42,2178,6,M0,F,evaluation,1,1,0.5451788306236267,0,0.6547627449035645,True,0,,1,"[0.165153, 0.706571, 0.030531, 0.071086, 0.026659]"
Squirrel,client,42,2190,6,M0,F,evaluation,1,1,0.44398942589759827,0,0.6547627449035645,True,0,,0,"[0.495356, 0.297861, 0.104327, 0.062436, 0.040019]"
Squirrel,client,42,2202,6,M0,F,evaluation,4,1,0.5311788320541382,0,0.6547627449035645,True,0,,1,"[0.000625, 0.002417, 0.01054, 0.00306, 0.983357]"
Squirrel,client,42,2203,6,M0,F,evaluation,2,1,0.7631576061248779,1,0.5775445699691772,False,0,,1,"[0.117903, 0.061826, 0.625175, 0.112701, 0.082396]"
Squirrel,client,42,2206,6,M0,F,evaluation,1,1,0.454614520072937,0,0.6547627449035645,True,1,0.0,0,"[0.540736, 0.248111, 0.099099, 0.061751, 0.050303]"
Squirrel,client,42,2220,6,M0,F,evaluation,0,1,0.6573757529258728,0,0.870914101600647,False,0,,1,"[0.610073, 0.175037, 0.083798, 0.09263, 0.038462]"
Squirrel,client,42,544,0,M0,H,evaluation,4,0,0.49873122572898865,0,0.6547627449035645,True,7,0.42857142857142855,0,"[0.046305, 0.294156, 0.123216, 0.467923, 0.068399]"
Squirrel,client,42,556,0,M0,H,evaluation,1,0,0.4236818850040436,0,0.6547627449035645,True,6,0.16666666666666666,0,"[0.278744, 0.071263, 0.152798, 0.278718, 0.218477]"
Squirrel,client,42,565,0,M0,H,evaluation,3,0,0.5508288145065308,0,0.6547627449035645,True,10,0.1,0,"[0.017038, 0.02407, 0.200225, 0.259893, 0.498773]"
Squirrel,client,42,578,0,M0,H,evaluation,1,0,0.41266563534736633,0,0.6547627449035645,True,2,0.0,0,"[0.522164, 0.121024, 0.10795, 0.189614, 0.059247]"
Squirrel,client,42,615,0,M0,H,evaluation,2,0,0.3633597493171692,0,0.5775445699691772,False,7,0.42857142857142855,0,"[0.066868, 0.159834, 0.235853, 0.346016, 0.191429]"
Squirrel,client,42,642,0,M0,H,evaluation,0,0,0.3295668661594391,0,0.870914101600647,False,9,0.0,0,"[0.164366, 0.160512, 0.18017, 0.347974, 0.146978]"
Squirrel,client,42,645,0,M0,H,evaluation,3,0,0.5162165760993958,0,0.6547627449035645,True,5,0.4,1,"[0.076463, 0.132396, 0.086462, 0.498863, 0.205816]"
Squirrel,client,42,648,0,M0,H,evaluation,0,0,0.7055894136428833,0,0.870914101600647,False,2,0.0,1,"[0.633904, 0.143619, 0.063908, 0.105215, 0.053354]"
Squirrel,client,42,666,0,M0,H,evaluation,2,0,0.29164597392082214,0,0.5775445699691772,False,3,0.3333333333333333,0,"[0.142671, 0.178162, 0.185329, 0.424106, 0.069731]"
Squirrel,client,42,676,0,M0,H,evaluation,4,0,0.44098788499832153,0,0.6547627449035645,True,2,0.5,0,"[0.448051, 0.349366, 0.069312, 0.095227, 0.038043]"
Squirrel,client,42,684,0,M0,H,evaluation,0,0,0.30726158618927,0,0.870914101600647,False,4,0.0,0,"[0.168864, 0.225885, 0.222394, 0.251473, 0.131385]"
Squirrel,client,42,704,0,M0,H,evaluation,1,0,0.3939695954322815,0,0.6547627449035645,True,5,0.4,0,"[0.381583, 0.12835, 0.196791, 0.217378, 0.075898]"
Squirrel,client,42,712,0,M0,H,evaluation,0,0,0.44615742564201355,0,0.870914101600647,False,2,0.0,0,"[0.2743, 0.056219, 0.258155, 0.278541, 0.132785]"
Squirrel,client,42,723,0,M0,H,evaluation,4,0,0.5239593982696533,0,0.6547627449035645,True,12,0.3333333333333333,0,"[0.088925, 0.12289, 0.553744, 0.167834, 0.066608]"
Squirrel,client,42,733,0,M0,H,evaluation,1,0,0.4462904632091522,0,0.6547627449035645,True,2,0.0,0,"[0.20561, 0.138495, 0.286534, 0.267305, 0.102057]"
Squirrel,client,42,752,0,M0,H,evaluation,2,0,0.436499685049057,0,0.5775445699691772,False,7,0.2857142857142857,1,"[0.04158, 0.120297, 0.294228, 0.290157, 0.253738]"
Squirrel,client,42,765,0,M0,H,evaluation,1,0,0.47259631752967834,0,0.6547627449035645,True,14,0.2857142857142857,1,"[0.043354, 0.446105, 0.123499, 0.107829, 0.279213]"
Squirrel,client,42,799,0,M0,H,evaluation,2,0,0.5443511009216309,0,0.5775445699691772,False,2,0.0,1,"[0.08976, 0.078676, 0.392365, 0.289663, 0.149536]"
Squirrel,client,42,811,0,M0,H,evaluation,0,0,0.41244032979011536,0,0.870914101600647,False,4,0.0,0,"[0.382717, 0.102463, 0.394679, 0.089038, 0.031102]"
Squirrel,client,42,814,0,M0,H,evaluation,4,0,0.503604531288147,0,0.6547627449035645,True,12,0.25,0,"[0.129074, 0.054925, 0.281649, 0.338903, 0.19545]"
Squirrel,client,42,822,0,M0,H,evaluation,4,0,0.4062337279319763,0,0.6547627449035645,True,4,0.25,0,"[0.294191, 0.371922, 0.166836, 0.116127, 0.050924]"
Squirrel,client,42,825,0,M0,H,evaluation,2,0,0.10509378463029861,0,0.5775445699691772,False,4,0.25,0,"[0.011169, 0.029745, 0.061978, 0.409504, 0.487605]"
Squirrel,client,42,827,0,M0,H,evaluation,2,0,0.5618374347686768,0,0.5775445699691772,False,1,0.0,1,"[0.285549, 0.083441, 0.375148, 0.176235, 0.079628]"
Squirrel,client,42,833,0,M0,H,evaluation,4,0,0.5953853726387024,0,0.6547627449035645,True,1,0.0,0,"[0.80457, 0.121746, 0.020302, 0.039861, 0.013521]"
Squirrel,client,42,843,0,M0,H,evaluation,0,0,0.33005380630493164,0,0.870914101600647,False,3,0.3333333333333333,0,"[0.240105, 0.211577, 0.289341, 0.164338, 0.094639]"
Squirrel,client,42,845,0,M0,H,evaluation,1,0,0.5030141472816467,0,0.6547627449035645,True,2,0.0,0,"[0.135356, 0.067928, 0.086514, 0.543308, 0.166894]"
Squirrel,client,42,848,0,M0,H,evaluation,4,0,0.5739161968231201,0,0.6547627449035645,True,9,0.2222222222222222,1,"[0.000339, 0.002271, 0.329791, 0.22747, 0.44013]"
Squirrel,client,42,861,0,M0,H,evaluation,4,0,0.6036827564239502,0,0.6547627449035645,True,5,0.2,0,"[0.007198, 0.019034, 0.235605, 0.654561, 0.083602]"
Squirrel,client,42,863,0,M0,H,evaluation,2,0,0.3389236629009247,0,0.5775445699691772,False,4,0.25,0,"[0.139247, 0.076892, 0.218736, 0.215328, 0.349796]"
Squirrel,client,42,881,0,M0,H,evaluation,1,0,0.5789886116981506,0,0.6547627449035645,True,4,0.0,0,"[0.019104, 0.024774, 0.233614, 0.524468, 0.198041]"
Squirrel,client,42,894,0,M0,H,evaluation,0,0,0.33141544461250305,0,0.870914101600647,False,8,0.0,0,"[0.164838, 0.160117, 0.172122, 0.348806, 0.154118]"
Squirrel,client,42,965,0,M0,H,evaluation,3,0,0.5087130665779114,0,0.6547627449035645,True,7,0.2857142857142857,1,"[0.083288, 0.121097, 0.250308, 0.316756, 0.228551]"
Squirrel,client,42,974,0,M0,H,evaluation,4,0,0.6054913997650146,0,0.6547627449035645,True,9,0.4444444444444444,0,"[0.035571, 0.011704, 0.102622, 0.812487, 0.037616]"
Squirrel,client,42,997,0,M0,H,evaluation,0,0,0.37688547372817993,0,0.870914101600647,False,7,0.2857142857142857,1,"[0.33542, 0.165234, 0.333963, 0.123961, 0.041423]"
Squirrel,client,42,1009,0,M0,H,evaluation,4,0,0.5765174627304077,0,0.6547627449035645,True,7,0.42857142857142855,0,"[0.045059, 0.008076, 0.185476, 0.612452, 0.148937]"
Squirrel,client,42,1028,0,M0,H,evaluation,2,0,0.37957218289375305,0,0.5775445699691772,False,0,,0,"[0.545201, 0.19019, 0.154127, 0.092691, 0.017791]"
Squirrel,client,42,1029,0,M0,H,evaluation,4,0,0.4868532121181488,0,0.6547627449035645,True,14,0.42857142857142855,1,"[0.022526, 0.292918, 0.094344, 0.119364, 0.470848]"
Squirrel,client,42,1033,0,M0,H,evaluation,0,0,0.6107801198959351,0,0.870914101600647,False,0,,1,"[0.622498, 0.196155, 0.129998, 0.031451, 0.019898]"
Squirrel,client,42,1034,0,M0,H,evaluation,3,0,0.46126997470855713,0,0.6547627449035645,True,20,0.15,1,"[0.127087, 0.263831, 0.091986, 0.411023, 0.106072]"
Squirrel,client,42,1045,0,M0,H,evaluation,3,0,0.6043687462806702,0,0.6547627449035645,True,4,0.25,0,"[0.032791, 0.002238, 0.939545, 0.018547, 0.006879]"
Squirrel,client,42,1089,0,M0,H,evaluation,3,0,0.5815178751945496,0,0.6547627449035645,True,2,0.5,1,"[0.021254, 0.013591, 0.350258, 0.436759, 0.178138]"
Squirrel,client,42,1108,0,M0,H,evaluation,0,0,0.3071107268333435,0,0.870914101600647,False,10,0.2,0,"[0.157608, 0.245208, 0.153687, 0.299938, 0.14356]"
Squirrel,client,42,1120,0,M0,H,evaluation,0,0,0.30468788743019104,0,0.870914101600647,False,2,0.0,0,"[0.166245, 0.173496, 0.325411, 0.180611, 0.154237]"
Squirrel,client,42,1216,0,M0,H,evaluation,3,0,0.39579951763153076,0,0.6547627449035645,True,2,0.5,0,"[0.310194, 0.237051, 0.235694, 0.133837, 0.083224]"
Squirrel,client,42,1217,0,M0,H,evaluation,3,0,0.5530396103858948,0,0.6547627449035645,True,1,0.0,0,"[0.001521, 0.013794, 0.358099, 0.00772, 0.618866]"
Squirrel,client,42,1237,0,M0,H,evaluation,1,0,0.4096692204475403,0,0.6547627449035645,True,1,0.0,0,"[0.338437, 0.073625, 0.314634, 0.140139, 0.133165]"
Squirrel,client,42,1244,0,M0,H,evaluation,2,0,0.6241418123245239,1,0.5775445699691772,False,4,0.0,1,"[0.10735, 0.160975, 0.399512, 0.201779, 0.130385]"
Squirrel,client,42,1255,0,M0,H,evaluation,0,0,0.4754634201526642,0,0.870914101600647,False,1,0.0,1,"[0.374536, 0.22061, 0.141256, 0.165826, 0.097773]"
Squirrel,client,42,1262,0,M0,H,evaluation,4,0,0.4322681128978729,0,0.6547627449035645,True,2,1.0,0,"[0.224862, 0.151573, 0.128944, 0.345936, 0.148685]"
Squirrel,client,42,1282,0,M0,H,evaluation,1,0,0.5602477788925171,0,0.6547627449035645,True,3,0.0,0,"[0.000966, 0.007318, 0.092503, 0.372806, 0.526406]"
Squirrel,client,42,1283,0,M0,H,evaluation,0,0,0.13758575916290283,0,0.870914101600647,False,2,0.0,0,"[0.138336, 0.507493, 0.246961, 0.055643, 0.051567]"
Squirrel,client,42,1288,0,M0,H,evaluation,3,0,0.5119187235832214,0,0.6547627449035645,True,9,0.1111111111111111,0,"[0.068615, 0.088189, 0.218918, 0.212628, 0.41165]"
Squirrel,client,42,1303,0,M0,H,evaluation,3,0,0.4319816827774048,0,0.6547627449035645,True,3,0.3333333333333333,0,"[0.563536, 0.165193, 0.198713, 0.039061, 0.033496]"
Squirrel,client,42,1312,0,M0,H,evaluation,3,0,0.44484743475914,0,0.6547627449035645,True,1,0.0,0,"[0.137998, 0.380804, 0.049766, 0.235759, 0.195673]"
Squirrel,client,42,1314,0,M0,H,evaluation,0,0,0.24395714700222015,0,0.870914101600647,False,1,0.0,0,"[0.151285, 0.156556, 0.455997, 0.158218, 0.077944]"
Squirrel,client,42,1316,0,M0,H,evaluation,2,0,0.35537922382354736,0,0.5775445699691772,False,1,0.0,0,"[0.157207, 0.194514, 0.204267, 0.320487, 0.123524]"
Squirrel,client,42,1326,0,M0,H,evaluation,4,0,0.49149635434150696,0,0.6547627449035645,True,3,0.3333333333333333,0,"[0.104755, 0.170954, 0.397119, 0.191921, 0.135251]"
Squirrel,client,42,1332,0,M0,H,evaluation,2,0,0.5604476928710938,0,0.5775445699691772,False,2,0.0,0,"[0.379996, 0.157047, 0.311649, 0.082522, 0.068786]"
Squirrel,client,42,1337,0,M0,H,evaluation,2,0,0.28830549120903015,0,0.5775445699691772,False,10,0.0,0,"[0.273446, 0.217909, 0.126603, 0.269343, 0.112699]"
Squirrel,client,42,1338,0,M0,H,evaluation,2,0,0.4165767729282379,0,0.5775445699691772,False,13,0.15384615384615385,0,"[0.145025, 0.115531, 0.284707, 0.342156, 0.112581]"
Squirrel,client,42,1345,0,M0,H,evaluation,0,0,0.43908631801605225,0,0.870914101600647,False,0,,1,"[0.327309, 0.096582, 0.324009, 0.168723, 0.083377]"
Squirrel,client,42,1376,0,M0,H,evaluation,0,0,0.5958005785942078,0,0.870914101600647,False,0,,1,"[0.520984, 0.224233, 0.057815, 0.131554, 0.065414]"
Squirrel,client,42,1385,0,M0,H,evaluation,2,0,0.5463905334472656,0,0.5775445699691772,False,1,0.0,1,"[0.173243, 0.181263, 0.300308, 0.098321, 0.246865]"
Squirrel,client,42,1386,0,M0,H,evaluation,4,0,0.5634449124336243,0,0.6547627449035645,True,23,0.2608695652173913,0,"[0.0361, 0.032409, 0.252986, 0.457609, 0.220896]"
Squirrel,client,42,1410,0,M0,H,evaluation,0,0,0.17711657285690308,0,0.870914101600647,False,1,0.0,0,"[0.095903, 0.093295, 0.645486, 0.12136, 0.043956]"
Squirrel,client,42,1418,0,M0,H,evaluation,3,0,0.4027969241142273,0,0.6547627449035645,True,0,,0,"[0.411842, 0.042645, 0.325855, 0.018886, 0.200772]"
Squirrel,client,42,1435,0,M0,H,evaluation,1,0,0.6326789259910583,0,0.6547627449035645,True,0,,1,"[0.060957, 0.895898, 0.024799, 0.016075, 0.00227]"
Squirrel,client,42,1438,0,M0,H,evaluation,1,0,0.4990064799785614,0,0.6547627449035645,True,3,0.0,0,"[0.069161, 0.226783, 0.19536, 0.409037, 0.099658]"
Squirrel,client,42,1463,0,M0,H,evaluation,4,0,0.4820391535758972,0,0.6547627449035645,True,1,1.0,1,"[0.084073, 0.157277, 0.062508, 0.036508, 0.659633]"
Squirrel,client,42,1474,0,M0,H,evaluation,4,0,0.5194027423858643,0,0.6547627449035645,True,1,1.0,1,"[0.078413, 0.041133, 0.128817, 0.358217, 0.393421]"
Squirrel,client,42,1480,0,M0,H,evaluation,3,0,0.43614381551742554,0,0.6547627449035645,True,2,0.0,0,"[0.20899, 0.145413, 0.103334, 0.267988, 0.274276]"
Squirrel,client,42,1486,0,M0,H,evaluation,1,0,0.41356906294822693,0,0.6547627449035645,True,0,,1,"[0.25359, 0.367414, 0.055296, 0.246986, 0.076715]"
Squirrel,client,42,1490,0,M0,H,evaluation,1,0,0.42261573672294617,0,0.6547627449035645,True,0,,0,"[0.575809, 0.051397, 0.140044, 0.176822, 0.055928]"
Squirrel,client,42,1497,0,M0,H,evaluation,2,0,0.43853047490119934,0,0.5775445699691772,False,1,0.0,0,"[0.404739, 0.167847, 0.222824, 0.145079, 0.05951]"
Squirrel,client,42,1509,0,M0,H,evaluation,0,0,0.44038495421409607,0,0.870914101600647,False,0,,1,"[0.449557, 0.277906, 0.157433, 0.091249, 0.023854]"
Squirrel,client,42,1522,0,M0,H,evaluation,1,0,0.547049343585968,0,0.6547627449035645,True,2,0.0,0,"[0.042383, 0.059719, 0.440221, 0.148223, 0.309455]"
Squirrel,client,42,1530,0,M0,H,evaluation,0,0,0.37246978282928467,0,0.870914101600647,False,1,0.0,1,"[0.421108, 0.391075, 0.08238, 0.089262, 0.016174]"
Squirrel,client,42,1531,0,M0,H,evaluation,4,0,0.4862596392631531,0,0.6547627449035645,True,17,0.29411764705882354,1,"[0.019189, 0.30666, 0.125342, 0.09754, 0.45127]"
Squirrel,client,42,1567,0,M0,H,evaluation,1,0,0.5567737817764282,0,0.6547627449035645,True,2,0.0,0,"[0.056758, 0.014894, 0.259529, 0.455535, 0.213284]"
Squirrel,client,42,1587,0,M0,H,evaluation,3,0,0.5402171611785889,0,0.6547627449035645,True,9,0.0,0,"[0.033463, 0.101775, 0.339135, 0.258797, 0.26683]"
Squirrel,client,42,1605,0,M0,H,evaluation,0,0,0.39698755741119385,0,0.870914101600647,False,4,0.25,1,"[0.264573, 0.251774, 0.109712, 0.237341, 0.136599]"
Squirrel,client,42,1631,0,M0,H,evaluation,0,0,0.21971450746059418,0,0.870914101600647,False,3,0.3333333333333333,0,"[0.01762, 0.256289, 0.17868, 0.225789, 0.321623]"
Squirrel,client,42,1682,0,M0,H,evaluation,1,0,0.5083625316619873,0,0.6547627449035645,True,4,0.5,0,"[0.058784, 0.026486, 0.032888, 0.070987, 0.810855]"
Squirrel,client,42,1699,0,M0,H,evaluation,1,0,0.5172692537307739,0,0.6547627449035645,True,1,0.0,0,"[0.077895, 0.061291, 0.229846, 0.261005, 0.369962]"
Squirrel,client,42,1707,0,M0,H,evaluation,2,0,0.27618613839149475,0,0.5775445699691772,False,1,0.0,0,"[0.213938, 0.133995, 0.163257, 0.329073, 0.159737]"
Squirrel,client,42,1712,0,M0,H,evaluation,1,0,0.44259217381477356,0,0.6547627449035645,True,5,0.4,0,"[0.191813, 0.175498, 0.168975, 0.323305, 0.140408]"
Squirrel,client,42,1740,0,M0,H,evaluation,1,0,0.45578330755233765,0,0.6547627449035645,True,1,1.0,1,"[0.082608, 0.520977, 0.289197, 0.032013, 0.075205]"
Squirrel,client,42,1741,0,M0,H,evaluation,4,0,0.42252302169799805,0,0.6547627449035645,True,0,,0,"[0.528585, 0.177129, 0.058168, 0.203711, 0.032407]"
Squirrel,client,42,1742,0,M0,H,evaluation,3,0,0.6166198253631592,0,0.6547627449035645,True,6,0.3333333333333333,1,"[0.001644, 0.000595, 0.0241, 0.8144, 0.159261]"
Squirrel,client,42,1743,0,M0,H,evaluation,0,0,0.39880311489105225,0,0.870914101600647,False,2,0.0,0,"[0.26014, 0.203453, 0.149186, 0.275421, 0.1118]"
Squirrel,client,42,1801,0,M0,H,evaluation,2,0,0.34203171730041504,0,0.5775445699691772,False,11,0.18181818181818182,0,"[0.015651, 0.307414, 0.156355, 0.074808, 0.445771]"
Squirrel,client,42,1824,0,M0,H,evaluation,3,0,0.5197901129722595,0,0.6547627449035645,True,5,0.4,0,"[0.023822, 0.111707, 0.123601, 0.215991, 0.524879]"
Squirrel,client,42,1825,0,M0,H,evaluation,4,0,0.5298812985420227,0,0.6547627449035645,True,0,,0,"[0.030591, 0.160349, 0.544994, 0.042209, 0.221858]"
Squirrel,client,42,1839,0,M0,H,evaluation,3,0,0.5499231815338135,0,0.6547627449035645,True,17,0.058823529411764705,1,"[0.076847, 0.072622, 0.211322, 0.589152, 0.050057]"
Squirrel,client,42,1841,0,M0,H,evaluation,1,0,0.4435873329639435,0,0.6547627449035645,True,1,0.0,0,"[0.200943, 0.130762, 0.207978, 0.228492, 0.231826]"
Squirrel,client,42,1871,0,M0,H,evaluation,3,0,0.4796712398529053,0,0.6547627449035645,True,8,0.125,0,"[0.04472, 0.523095, 0.083757, 0.125593, 0.222836]"
Squirrel,client,42,1875,0,M0,H,evaluation,3,0,0.46360427141189575,0,0.6547627449035645,True,2,0.0,0,"[0.159945, 0.163354, 0.286836, 0.282416, 0.107449]"
Squirrel,client,42,1880,0,M0,H,evaluation,4,0,0.5218505859375,0,0.6547627449035645,True,1,1.0,0,"[0.064193, 0.141663, 0.210443, 0.430118, 0.153584]"
Squirrel,client,42,1881,0,M0,H,evaluation,2,0,0.1701805293560028,0,0.5775445699691772,False,2,0.5,0,"[0.000506, 0.000128, 0.110042, 0.032338, 0.856986]"
Squirrel,client,42,1892,0,M0,H,evaluation,3,0,0.5930968523025513,0,0.6547627449035645,True,5,0.0,0,"[0.037905, 0.015537, 0.813685, 0.078428, 0.054445]"
Squirrel,client,42,1898,0,M0,H,evaluation,2,0,0.18331187963485718,0,0.5775445699691772,False,1,0.0,0,"[0.08955, 0.0398, 0.15703, 0.459997, 0.253623]"
Squirrel,client,42,1924,0,M0,H,evaluation,0,0,0.24721400439739227,0,0.870914101600647,False,1,0.0,0,"[0.203935, 0.08219, 0.582423, 0.084269, 0.047182]"
Squirrel,client,42,1938,0,M0,H,evaluation,4,0,0.5377395153045654,0,0.6547627449035645,True,4,0.0,0,"[0.087298, 0.047084, 0.344945, 0.393748, 0.126924]"
Squirrel,client,42,1939,0,M0,H,evaluation,0,0,0.29192212224006653,0,0.870914101600647,False,1,0.0,0,"[0.233473, 0.334841, 0.184608, 0.171985, 0.075092]"
Squirrel,client,42,1943,0,M0,H,evaluation,0,0,0.1913161277770996,0,0.870914101600647,False,1,0.0,0,"[0.136923, 0.520873, 0.11119, 0.102186, 0.128827]"
Squirrel,client,42,1944,0,M0,H,evaluation,0,0,0.5956671833992004,0,0.870914101600647,False,0,,1,"[0.536256, 0.17632, 0.141664, 0.077631, 0.068129]"
Squirrel,client,42,1963,0,M0,H,evaluation,3,0,0.546735405921936,0,0.6547627449035645,True,2,0.0,0,"[0.000626, 0.001182, 0.084378, 0.178591, 0.735224]"
Squirrel,client,42,1969,0,M0,H,evaluation,0,0,0.24370534718036652,0,0.870914101600647,False,1,0.0,0,"[0.19011, 0.086312, 0.577112, 0.090814, 0.055652]"
Squirrel,client,42,1978,0,M0,H,evaluation,4,0,0.5914081931114197,0,0.6547627449035645,True,5,0.2,0,"[0.017155, 0.014447, 0.21888, 0.607626, 0.141892]"
Squirrel,client,42,1979,0,M0,H,evaluation,2,0,0.18997929990291595,0,0.5775445699691772,False,3,0.0,0,"[0.015161, 0.21393, 0.067298, 0.105361, 0.598249]"
Squirrel,client,42,1988,0,M0,H,evaluation,1,0,0.42579248547554016,0,0.6547627449035645,True,1,0.0,0,"[0.217449, 0.204088, 0.242791, 0.196907, 0.138765]"
Squirrel,client,42,1996,0,M0,H,evaluation,0,0,0.31690335273742676,0,0.870914101600647,False,1,0.0,0,"[0.164224, 0.17673, 0.236995, 0.292791, 0.129261]"
Squirrel,client,42,2000,0,M0,H,evaluation,0,0,0.5465357899665833,0,0.870914101600647,False,0,,1,"[0.50358, 0.097244, 0.286601, 0.083861, 0.028714]"
Squirrel,client,42,2016,0,M0,H,evaluation,0,0,0.34961459040641785,0,0.870914101600647,False,2,0.0,0,"[0.207559, 0.260949, 0.11685, 0.259771, 0.15487]"
Squirrel,client,42,2021,0,M0,H,evaluation,4,0,0.4291270971298218,0,0.6547627449035645,True,7,0.14285714285714285,0,"[0.220042, 0.222623, 0.104078, 0.431353, 0.021904]"
Squirrel,client,42,2023,0,M0,H,evaluation,3,0,0.47109255194664,0,0.6547627449035645,True,0,,0,"[0.156059, 0.005098, 0.109143, 0.035644, 0.694056]"
Squirrel,client,42,2074,0,M0,H,evaluation,0,0,0.5088008642196655,0,0.870914101600647,False,0,,1,"[0.376821, 0.085218, 0.293175, 0.100118, 0.144667]"
Squirrel,client,42,2107,0,M0,H,evaluation,0,0,0.5399175882339478,0,0.870914101600647,False,0,,0,"[0.366013, 0.028253, 0.032354, 0.564667, 0.008713]"
Squirrel,client,42,2128,0,M0,H,evaluation,2,0,0.17416325211524963,0,0.5775445699691772,False,1,0.0,0,"[0.000471, 0.000167, 0.114667, 0.03923, 0.845466]"
Squirrel,client,42,2144,0,M0,H,evaluation,1,0,0.5502905249595642,0,0.6547627449035645,True,1,0.0,0,"[0.000354, 0.000126, 0.174742, 0.115167, 0.709611]"
Squirrel,client,42,2145,0,M0,H,evaluation,4,0,0.5183624029159546,0,0.6547627449035645,True,0,,1,"[0.019931, 0.073953, 0.04292, 0.103952, 0.759244]"
Squirrel,client,42,2149,0,M0,H,evaluation,2,0,0.7563201189041138,1,0.5775445699691772,False,1,0.0,1,"[0.199123, 0.10546, 0.574075, 0.080587, 0.040754]"
Squirrel,client,42,2164,0,M0,H,evaluation,4,0,0.5988681316375732,0,0.6547627449035645,True,1,0.0,0,"[0.032215, 0.016248, 0.932548, 0.00313, 0.015858]"
Squirrel,client,42,2171,0,M0,H,evaluation,0,0,0.4541093409061432,0,0.870914101600647,False,0,,1,"[0.389014, 0.241739, 0.170366, 0.101538, 0.097344]"
Squirrel,client,42,2182,0,M0,H,evaluation,1,0,0.41131579875946045,0,0.6547627449035645,True,0,,0,"[0.281661, 0.279182, 0.062056, 0.194263, 0.182838]"
Squirrel,client,42,1220,6,M0,H,evaluation,0,0,0.7005557417869568,0,0.870914101600647,False,2,0.0,1,"[0.604017, 0.118175, 0.089222, 0.11852, 0.070066]"
Squirrel,client,42,1306,6,M0,H,evaluation,1,0,0.4974822700023651,0,0.6547627449035645,True,7,0.42857142857142855,0,"[0.667569, 0.129371, 0.093274, 0.059334, 0.050452]"
Squirrel,client,42,1380,6,M0,H,evaluation,0,0,0.6878304481506348,0,0.870914101600647,False,1,0.0,1,"[0.547786, 0.159367, 0.025705, 0.096871, 0.170272]"
Squirrel,client,42,1426,6,M0,H,evaluation,3,0,0.39900732040405273,0,0.6547627449035645,True,10,0.2,0,"[0.42133, 0.136018, 0.136852, 0.170963, 0.134836]"
Squirrel,client,42,1439,6,M0,H,evaluation,3,0,0.4300360381603241,0,0.6547627449035645,True,14,0.21428571428571427,0,"[0.460506, 0.194741, 0.042694, 0.114745, 0.187315]"
Squirrel,client,42,1467,6,M0,H,evaluation,0,0,0.3316653072834015,0,0.870914101600647,False,1,0.0,0,"[0.223265, 0.264847, 0.201277, 0.184021, 0.126589]"
Squirrel,client,42,1472,6,M0,H,evaluation,0,0,0.4928011894226074,0,0.870914101600647,False,1,0.0,1,"[0.424478, 0.217247, 0.174568, 0.080295, 0.103413]"
Squirrel,client,42,1479,6,M0,H,evaluation,0,0,0.5271061062812805,0,0.870914101600647,False,12,0.0,1,"[0.423856, 0.276163, 0.037545, 0.124983, 0.137453]"
Squirrel,client,42,1540,6,M0,H,evaluation,2,0,0.38198211789131165,0,0.5775445699691772,False,3,0.0,0,"[0.353335, 0.197568, 0.164296, 0.114044, 0.170757]"
Squirrel,client,42,1543,6,M0,H,evaluation,1,0,0.3933272361755371,0,0.6547627449035645,True,2,0.0,0,"[0.329296, 0.247054, 0.187003, 0.166477, 0.07017]"
Squirrel,client,42,1593,6,M0,H,evaluation,0,0,0.5612670183181763,0,0.870914101600647,False,5,0.0,1,"[0.557315, 0.246634, 0.10398, 0.044503, 0.047567]"
Squirrel,client,42,1599,6,M0,H,evaluation,1,0,0.5862945318222046,0,0.6547627449035645,True,0,,0,"[0.041102, 0.037221, 0.169818, 0.697445, 0.054413]"
Squirrel,client,42,1609,6,M0,H,evaluation,0,0,0.6526046991348267,0,0.870914101600647,False,0,,1,"[0.584483, 0.165232, 0.088391, 0.116186, 0.045708]"
Squirrel,client,42,1610,6,M0,H,evaluation,0,0,0.6126282215118408,0,0.870914101600647,False,1,0.0,1,"[0.49763, 0.23417, 0.025015, 0.082315, 0.160871]"
Squirrel,client,42,1617,6,M0,H,evaluation,4,0,0.4073224663734436,0,0.6547627449035645,True,13,0.23076923076923078,0,"[0.370354, 0.339333, 0.182485, 0.056876, 0.050952]"
Squirrel,client,42,1695,6,M0,H,evaluation,0,0,0.5004794001579285,0,0.870914101600647,False,0,,1,"[0.504951, 0.307194, 0.074359, 0.067017, 0.046479]"
Squirrel,client,42,1720,6,M0,H,evaluation,0,0,0.5978925824165344,0,0.870914101600647,False,2,0.0,1,"[0.560935, 0.216178, 0.086112, 0.102911, 0.033864]"
Squirrel,client,42,1725,6,M0,H,evaluation,3,0,0.4036334156990051,0,0.6547627449035645,True,5,0.0,0,"[0.41241, 0.266025, 0.173812, 0.076147, 0.071606]"
Squirrel,client,42,1774,6,M0,H,evaluation,0,0,0.32665014266967773,0,0.870914101600647,False,2,0.5,0,"[0.251616, 0.346476, 0.132731, 0.152761, 0.116416]"
Squirrel,client,42,1785,6,M0,H,evaluation,2,0,0.8385680317878723,1,0.5775445699691772,False,0,,1,"[0.025775, 0.002518, 0.894817, 0.037462, 0.039429]"
Squirrel,client,42,1788,6,M0,H,evaluation,1,0,0.4159662425518036,0,0.6547627449035645,True,2,0.0,0,"[0.498185, 0.155467, 0.11624, 0.132096, 0.098011]"
Squirrel,client,42,1821,6,M0,H,evaluation,3,0,0.5298923850059509,0,0.6547627449035645,True,2,0.0,0,"[0.006394, 0.009536, 0.041656, 0.01815, 0.924263]"
Squirrel,client,42,1853,6,M0,H,evaluation,4,0,0.4523332118988037,0,0.6547627449035645,True,9,0.3333333333333333,0,"[0.529218, 0.153425, 0.033077, 0.09788, 0.186399]"
Squirrel,client,42,1870,6,M0,H,evaluation,4,0,0.5203728079795837,0,0.6547627449035645,True,0,,0,"[0.102571, 0.056876, 0.268518, 0.393335, 0.1787]"
Squirrel,client,42,1953,6,M0,H,evaluation,1,0,0.5056674480438232,0,0.6547627449035645,True,1,0.0,0,"[0.150198, 0.063766, 0.600401, 0.116032, 0.069604]"
Squirrel,client,42,1981,6,M0,H,evaluation,4,0,0.4284748435020447,0,0.6547627449035645,True,12,0.3333333333333333,0,"[0.441418, 0.18794, 0.06842, 0.071073, 0.231149]"
Squirrel,client,42,1995,6,M0,H,evaluation,1,0,0.463882178068161,0,0.6547627449035645,True,1,0.0,0,"[0.536476, 0.28241, 0.083757, 0.056004, 0.041353]"
Squirrel,client,42,2054,6,M0,H,evaluation,2,0,0.299381285905838,0,0.5775445699691772,False,4,0.25,0,"[0.29528, 0.235087, 0.108167, 0.163607, 0.19786]"
Squirrel,client,42,2059,6,M0,H,evaluation,3,0,0.4451037645339966,0,0.6547627449035645,True,1,0.0,0,"[0.519324, 0.169114, 0.077268, 0.066967, 0.167327]"
Squirrel,client,42,2063,6,M0,H,evaluation,2,0,0.39479801058769226,0,0.5775445699691772,False,3,0.0,0,"[0.424544, 0.206745, 0.162703, 0.095986, 0.110023]"
Squirrel,client,42,2065,6,M0,H,evaluation,3,0,0.4308053255081177,0,0.6547627449035645,True,8,0.375,0,"[0.448213, 0.147499, 0.041123, 0.087579, 0.275586]"
Squirrel,client,42,2174,6,M0,H,evaluation,2,0,0.26110145449638367,0,0.5775445699691772,False,0,,0,"[0.56005, 0.212759, 0.060526, 0.144009, 0.022656]"
Squirrel,client,42,2185,6,M0,H,evaluation,3,0,0.5119616389274597,0,0.6547627449035645,True,4,0.25,0,"[0.041448, 0.038065, 0.026371, 0.032468, 0.861648]"
Squirrel,client,42,2192,6,M0,H,evaluation,1,0,0.4781380891799927,0,0.6547627449035645,True,1,0.0,0,"[0.592628, 0.127045, 0.026754, 0.08756, 0.166012]"
Squirrel,client,42,2201,6,M0,H,evaluation,2,0,0.22159966826438904,0,0.5775445699691772,False,0,,0,"[0.505387, 0.176739, 0.032674, 0.113221, 0.171979]"
Squirrel,client,42,2208,6,M0,H,evaluation,2,0,0.3619725704193115,0,0.5775445699691772,False,0,,0,"[0.476762, 0.287112, 0.107488, 0.069749, 0.058889]"
Squirrel,client,42,2214,6,M0,H,evaluation,0,0,0.47697657346725464,0,0.870914101600647,False,0,,1,"[0.436079, 0.316757, 0.07617, 0.057429, 0.113564]"
Squirrel,client,42,697,1,MR,attack_member,evaluation,0,1,0.4474048614501953,0,0.870914101600647,False,32,0.3125,1,"[0.452115, 0.11529, 0.368611, 0.04839, 0.015593]"
Squirrel,client,42,769,1,MR,attack_member,evaluation,0,1,0.4252530634403229,0,0.870914101600647,False,3,0.0,1,"[0.379581, 0.200904, 0.25898, 0.082523, 0.078012]"
Squirrel,client,42,772,1,MR,attack_member,evaluation,2,1,0.3834439814090729,0,0.5775445699691772,False,3,0.0,0,"[0.184474, 0.190649, 0.230333, 0.350792, 0.043752]"
Squirrel,client,42,812,1,MR,attack_member,evaluation,0,1,0.6910093426704407,0,0.870914101600647,False,6,0.3333333333333333,1,"[0.676994, 0.186191, 0.052232, 0.056225, 0.028358]"
Squirrel,client,42,834,1,MR,attack_member,evaluation,2,1,0.528766393661499,0,0.5775445699691772,False,35,0.2,0,"[0.513495, 0.13492, 0.291389, 0.048443, 0.011754]"
Squirrel,client,42,858,1,MR,attack_member,evaluation,1,1,0.39024046063423157,0,0.6547627449035645,True,6,0.16666666666666666,0,"[0.371786, 0.167871, 0.177631, 0.243733, 0.03898]"
Squirrel,client,42,872,1,MR,attack_member,evaluation,3,1,0.5573564171791077,0,0.6547627449035645,True,9,0.3333333333333333,1,"[0.09609, 0.064268, 0.021797, 0.781132, 0.036713]"
Squirrel,client,42,876,1,MR,attack_member,evaluation,0,1,0.8161535859107971,0,0.870914101600647,False,6,0.3333333333333333,1,"[0.674974, 0.016137, 0.036107, 0.059679, 0.213104]"
Squirrel,client,42,887,1,MR,attack_member,evaluation,0,1,0.8475997447967529,0,0.870914101600647,False,2,1.0,1,"[0.906679, 0.072026, 0.007222, 0.006334, 0.007738]"
Squirrel,client,42,947,1,MR,attack_member,evaluation,0,1,0.5419829487800598,0,0.870914101600647,False,2,0.0,1,"[0.434167, 0.215923, 0.101855, 0.125527, 0.122527]"
Squirrel,client,42,967,1,MR,attack_member,evaluation,0,1,0.5286487340927124,0,0.870914101600647,False,2,0.0,1,"[0.427767, 0.130372, 0.228378, 0.124269, 0.089214]"
Squirrel,client,42,993,1,MR,attack_member,evaluation,0,1,0.44920778274536133,0,0.870914101600647,False,10,0.0,1,"[0.385933, 0.156258, 0.276065, 0.123925, 0.057819]"
Squirrel,client,42,1007,1,MR,attack_member,evaluation,0,1,0.3733257055282593,0,0.870914101600647,False,5,0.0,1,"[0.272881, 0.227584, 0.226209, 0.15138, 0.121946]"
Squirrel,client,42,1015,1,MR,attack_member,evaluation,1,1,0.4280509948730469,0,0.6547627449035645,True,7,0.0,0,"[0.237957, 0.156548, 0.045569, 0.409486, 0.150439]"
Squirrel,client,42,1053,1,MR,attack_member,evaluation,3,1,0.6166240572929382,0,0.6547627449035645,True,7,0.14285714285714285,1,"[0.037819, 0.002098, 0.032608, 0.911284, 0.01619]"
Squirrel,client,42,1055,1,MR,attack_member,evaluation,0,1,0.4464493989944458,0,0.870914101600647,False,2,0.0,1,"[0.505371, 0.363313, 0.065677, 0.042586, 0.023053]"
Squirrel,client,42,1178,1,MR,attack_member,evaluation,0,1,0.8422370553016663,0,0.870914101600647,False,0,,1,"[0.892902, 0.077341, 0.009094, 0.008112, 0.01255]"
Squirrel,client,42,1191,1,MR,attack_member,evaluation,1,1,0.5265661478042603,0,0.6547627449035645,True,2,0.0,1,"[0.024953, 0.697513, 0.07979, 0.071739, 0.126005]"
Squirrel,client,42,1212,1,MR,attack_member,evaluation,4,1,0.4178507924079895,0,0.6547627449035645,True,6,0.3333333333333333,0,"[0.266534, 0.146583, 0.049127, 0.370219, 0.167537]"
Squirrel,client,42,1239,1,MR,attack_member,evaluation,0,1,0.4186922013759613,0,0.870914101600647,False,1,0.0,1,"[0.358349, 0.304139, 0.104794, 0.156113, 0.076606]"
Squirrel,client,42,1257,1,MR,attack_member,evaluation,1,1,0.4732939600944519,0,0.6547627449035645,True,5,0.0,1,"[0.048676, 0.370369, 0.242256, 0.305168, 0.03353]"
Squirrel,client,42,1276,1,MR,attack_member,evaluation,0,1,0.6520899534225464,0,0.870914101600647,False,1,1.0,1,"[0.602406, 0.172177, 0.10072, 0.064328, 0.060369]"
Squirrel,client,42,1311,1,MR,attack_member,evaluation,1,1,0.4858176112174988,0,0.6547627449035645,True,1,0.0,1,"[0.008554, 0.678433, 0.281825, 0.013709, 0.01748]"
Squirrel,client,42,1361,1,MR,attack_member,evaluation,1,1,0.41361454129219055,0,0.6547627449035645,True,1,0.0,1,"[0.240804, 0.34683, 0.148563, 0.1472, 0.116602]"
Squirrel,client,42,1412,1,MR,attack_member,evaluation,2,1,0.4654734134674072,0,0.5775445699691772,False,2,0.0,0,"[0.369216, 0.188722, 0.235567, 0.14332, 0.063175]"
Squirrel,client,42,1417,1,MR,attack_member,evaluation,2,1,0.80961674451828,1,0.5775445699691772,False,11,0.45454545454545453,1,"[0.087696, 0.031013, 0.754795, 0.058863, 0.067632]"
Squirrel,client,42,1451,1,MR,attack_member,evaluation,3,1,0.47292184829711914,0,0.6547627449035645,True,5,0.4,0,"[0.044327, 0.370653, 0.319108, 0.209787, 0.056125]"
Squirrel,client,42,1455,1,MR,attack_member,evaluation,0,1,0.550643801689148,0,0.870914101600647,False,1,0.0,1,"[0.461656, 0.227713, 0.092231, 0.115839, 0.102561]"
Squirrel,client,42,1476,1,MR,attack_member,evaluation,0,1,0.6160982847213745,0,0.870914101600647,False,2,0.5,1,"[0.461338, 0.174232, 0.030933, 0.177042, 0.156455]"
Squirrel,client,42,1510,1,MR,attack_member,evaluation,0,1,0.3810441792011261,0,0.870914101600647,False,5,0.0,1,"[0.312636, 0.219535, 0.253362, 0.125724, 0.088742]"
Squirrel,client,42,1556,1,MR,attack_member,evaluation,1,1,0.3905016779899597,0,0.6547627449035645,True,18,0.2222222222222222,0,"[0.431936, 0.110019, 0.392933, 0.052887, 0.012225]"
Squirrel,client,42,1576,1,MR,attack_member,evaluation,3,1,0.39069312810897827,0,0.6547627449035645,True,2,0.0,0,"[0.423597, 0.10816, 0.111871, 0.345651, 0.01072]"
Squirrel,client,42,1624,1,MR,attack_member,evaluation,1,1,0.4392288625240326,0,0.6547627449035645,True,2,0.0,1,"[0.136599, 0.361643, 0.225966, 0.12848, 0.147311]"
Squirrel,client,42,1636,1,MR,attack_member,evaluation,0,1,0.368728905916214,0,0.870914101600647,False,18,0.2777777777777778,0,"[0.379307, 0.130047, 0.414821, 0.067241, 0.008584]"
Squirrel,client,42,1649,1,MR,attack_member,evaluation,0,1,0.41101938486099243,0,0.870914101600647,False,3,0.0,1,"[0.433072, 0.402676, 0.013838, 0.133369, 0.017045]"
Squirrel,client,42,1655,1,MR,attack_member,evaluation,3,1,0.5802307724952698,0,0.6547627449035645,True,0,,1,"[0.086256, 0.025876, 0.008501, 0.864931, 0.014436]"
Squirrel,client,42,1698,1,MR,attack_member,evaluation,1,1,0.4698745012283325,0,0.6547627449035645,True,3,0.3333333333333333,0,"[0.065307, 0.351762, 0.39891, 0.150424, 0.033596]"
Squirrel,client,42,1709,1,MR,attack_member,evaluation,1,1,0.39305076003074646,0,0.6547627449035645,True,3,0.3333333333333333,0,"[0.432472, 0.207495, 0.234834, 0.08403, 0.04117]"
Squirrel,client,42,1757,1,MR,attack_member,evaluation,1,1,0.5022031664848328,0,0.6547627449035645,True,0,,0,"[0.580816, 0.321343, 0.072121, 0.013929, 0.011791]"
Squirrel,client,42,1817,1,MR,attack_member,evaluation,0,1,0.8004317283630371,0,0.870914101600647,False,0,,1,"[0.816398, 0.106979, 0.028974, 0.033936, 0.013713]"
Squirrel,client,42,1833,1,MR,attack_member,evaluation,4,1,0.5423386096954346,0,0.6547627449035645,True,5,0.4,1,"[0.00252, 0.015186, 0.131292, 0.110707, 0.740296]"
Squirrel,client,42,1873,1,MR,attack_member,evaluation,3,1,0.5252167582511902,0,0.6547627449035645,True,0,,1,"[0.145993, 0.055983, 0.039363, 0.736814, 0.021847]"
Squirrel,client,42,1923,1,MR,attack_member,evaluation,2,1,0.566748321056366,0,0.5775445699691772,False,1,0.0,0,"[0.028946, 0.009682, 0.397203, 0.003927, 0.560242]"
Squirrel,client,42,1958,1,MR,attack_member,evaluation,1,1,0.500190019607544,0,0.6547627449035645,True,1,1.0,1,"[0.407078, 0.522931, 0.035233, 0.023826, 0.010932]"
Squirrel,client,42,1972,1,MR,attack_member,evaluation,4,1,0.5353163480758667,0,0.6547627449035645,True,1,1.0,1,"[0.015504, 0.000909, 0.00068, 0.19922, 0.783687]"
Squirrel,client,42,1985,1,MR,attack_member,evaluation,2,1,0.344183087348938,0,0.5775445699691772,False,1,0.0,0,"[0.401198, 0.068597, 0.227679, 0.277202, 0.025323]"
Squirrel,client,42,2036,1,MR,attack_member,evaluation,3,1,0.5861544013023376,0,0.6547627449035645,True,1,0.0,0,"[0.00105, 0.001821, 0.469416, 0.193081, 0.334632]"
Squirrel,client,42,2044,1,MR,attack_member,evaluation,3,1,0.3879072666168213,0,0.6547627449035645,True,1,1.0,0,"[0.408815, 0.187055, 0.204155, 0.17893, 0.021045]"
Squirrel,client,42,2046,1,MR,attack_member,evaluation,2,1,0.8468231558799744,1,0.5775445699691772,False,0,,1,"[0.028074, 0.00275, 0.935042, 0.019718, 0.014416]"
Squirrel,client,42,2060,1,MR,attack_member,evaluation,2,1,0.7567926645278931,1,0.5775445699691772,False,1,1.0,1,"[0.012277, 0.004998, 0.645536, 0.088076, 0.249114]"
Squirrel,client,42,2183,1,MR,attack_member,evaluation,2,1,0.8050673604011536,1,0.5775445699691772,False,0,,1,"[0.010571, 0.003457, 0.740019, 0.023239, 0.222714]"
Squirrel,client,42,2217,1,MR,attack_member,evaluation,0,1,0.7814793586730957,0,0.870914101600647,False,0,,1,"[0.755482, 0.091467, 0.058311, 0.074334, 0.020405]"
Squirrel,client,42,2221,1,MR,attack_member,evaluation,1,1,0.5102280378341675,0,0.6547627449035645,True,0,,0,"[0.578963, 0.339672, 0.044121, 0.025057, 0.012187]"
Squirrel,client,42,6,2,MR,attack_member,evaluation,0,1,0.8571754693984985,0,0.870914101600647,False,0,,1,"[0.914651, 0.052217, 0.013019, 0.009878, 0.010235]"
Squirrel,client,42,67,2,MR,attack_member,evaluation,0,1,0.6920438408851624,0,0.870914101600647,False,0,,1,"[0.711322, 0.207397, 0.035755, 0.030815, 0.014711]"
Squirrel,client,42,68,2,MR,attack_member,evaluation,2,1,0.7210013270378113,1,0.5775445699691772,False,1,0.0,1,"[0.000471, 0.016196, 0.65426, 0.320995, 0.008078]"
Squirrel,client,42,78,2,MR,attack_member,evaluation,0,1,0.8525105118751526,0,0.870914101600647,False,1,1.0,1,"[0.896223, 0.042762, 0.030314, 0.020015, 0.010686]"
Squirrel,client,42,81,2,MR,attack_member,evaluation,0,1,0.4585316479206085,0,0.870914101600647,False,2,0.5,1,"[0.403693, 0.213539, 0.198952, 0.1223, 0.061515]"
Squirrel,client,42,86,2,MR,attack_member,evaluation,0,1,0.8602044582366943,0,0.870914101600647,False,1,1.0,1,"[0.916327, 0.045347, 0.013517, 0.017593, 0.007215]"
Squirrel,client,42,112,2,MR,attack_member,evaluation,1,1,0.41606059670448303,0,0.6547627449035645,True,2,0.0,0,"[0.230303, 0.352172, 0.012148, 0.400717, 0.00466]"
Squirrel,client,42,137,2,MR,attack_member,evaluation,3,1,0.5111634135246277,0,0.6547627449035645,True,7,0.2857142857142857,1,"[0.168663, 0.025285, 0.10334, 0.673818, 0.028894]"
Squirrel,client,42,139,2,MR,attack_member,evaluation,0,1,0.3225771188735962,0,0.870914101600647,False,6,0.3333333333333333,0,"[0.326382, 0.36803, 0.155746, 0.082471, 0.067371]"
Squirrel,client,42,159,2,MR,attack_member,evaluation,1,1,0.47222912311553955,0,0.6547627449035645,True,1,0.0,0,"[0.558577, 0.273907, 0.079777, 0.056428, 0.031312]"
Squirrel,client,42,182,2,MR,attack_member,evaluation,0,1,0.7684391736984253,0,0.870914101600647,False,1,1.0,1,"[0.718163, 0.042208, 0.13815, 0.060531, 0.040947]"
Squirrel,client,42,206,2,MR,attack_member,evaluation,0,1,0.7012220621109009,0,0.870914101600647,False,2,1.0,1,"[0.661217, 0.085096, 0.164076, 0.06391, 0.025701]"
Squirrel,client,42,225,2,MR,attack_member,evaluation,0,1,0.5128156542778015,0,0.870914101600647,False,1,0.0,1,"[0.434397, 0.227223, 0.112683, 0.166408, 0.059289]"
Squirrel,client,42,241,2,MR,attack_member,evaluation,1,1,0.4093664586544037,0,0.6547627449035645,True,6,0.5,1,"[0.28798, 0.360703, 0.159681, 0.104953, 0.086683]"
Squirrel,client,42,246,2,MR,attack_member,evaluation,2,1,0.8540653586387634,1,0.5775445699691772,False,0,,1,"[0.00546, 0.004423, 0.966149, 0.014111, 0.009857]"
Squirrel,client,42,247,2,MR,attack_member,evaluation,1,1,0.4268820583820343,0,0.6547627449035645,True,4,0.75,1,"[0.315913, 0.424597, 0.100477, 0.108321, 0.050691]"
Squirrel,client,42,255,2,MR,attack_member,evaluation,0,1,0.8221725821495056,0,0.870914101600647,False,0,,1,"[0.853031, 0.078312, 0.036714, 0.022743, 0.009201]"
Squirrel,client,42,326,2,MR,attack_member,evaluation,1,1,0.452492356300354,0,0.6547627449035645,True,0,,1,"[0.337835, 0.480431, 0.082206, 0.074282, 0.025246]"
Squirrel,client,42,382,2,MR,attack_member,evaluation,4,1,0.3907627761363983,0,0.6547627449035645,True,5,0.0,0,"[0.371755, 0.166766, 0.329984, 0.062255, 0.069239]"
Squirrel,client,42,408,2,MR,attack_member,evaluation,2,1,0.8542386293411255,1,0.5775445699691772,False,0,,1,"[0.012364, 0.003551, 0.966456, 0.005396, 0.012233]"
Squirrel,client,42,440,2,MR,attack_member,evaluation,0,1,0.8911974430084229,1,0.870914101600647,False,0,,1,"[0.977706, 0.001045, 0.003029, 0.014361, 0.003859]"
Squirrel,client,42,497,2,MR,attack_member,evaluation,3,1,0.6423653364181519,0,0.6547627449035645,True,0,,1,"[0.005197, 0.001714, 0.003529, 0.987541, 0.002019]"
Squirrel,client,42,527,2,MR,attack_member,evaluation,0,1,0.8492729067802429,0,0.870914101600647,False,3,0.0,1,"[0.87878, 0.000884, 0.085502, 0.031397, 0.003438]"
Squirrel,client,42,553,2,MR,attack_member,evaluation,0,1,0.7153839468955994,0,0.870914101600647,False,1,1.0,1,"[0.745429, 0.198337, 0.025969, 0.020439, 0.009825]"
Squirrel,client,42,575,2,MR,attack_member,evaluation,2,1,0.8554221391677856,1,0.5775445699691772,False,0,,1,"[0.00706, 0.000751, 0.977417, 0.003135, 0.011637]"
Squirrel,client,42,603,2,MR,attack_member,evaluation,0,1,0.782508134841919,0,0.870914101600647,False,0,,1,"[0.788327, 0.129263, 0.022667, 0.041166, 0.018577]"
Squirrel,client,42,654,2,MR,attack_member,evaluation,3,1,0.4016754627227783,0,0.6547627449035645,True,0,,1,"[0.439586, 0.007856, 0.017084, 0.53482, 0.000654]"
Squirrel,client,42,657,2,MR,attack_member,evaluation,0,1,0.8723633289337158,1,0.870914101600647,False,0,,1,"[0.939408, 0.031255, 0.005162, 0.023431, 0.000744]"
Squirrel,client,42,662,2,MR,attack_member,evaluation,0,1,0.6451430320739746,0,0.870914101600647,False,0,,1,"[0.479135, 0.082231, 0.007504, 0.417622, 0.013509]"
Squirrel,client,42,16,3,MR,attack_member,evaluation,0,1,0.8457137942314148,0,0.870914101600647,False,0,,1,"[0.882306, 0.034679, 0.051583, 0.024899, 0.006532]"
Squirrel,client,42,172,3,MR,attack_member,evaluation,3,1,0.4289148449897766,0,0.6547627449035645,True,1,0.0,0,"[0.571261, 0.088528, 0.132869, 0.137496, 0.069846]"
Squirrel,client,42,208,3,MR,attack_member,evaluation,0,1,0.8070421814918518,0,0.870914101600647,False,2,1.0,1,"[0.829557, 0.083046, 0.053946, 0.022043, 0.011408]"
Squirrel,client,42,278,3,MR,attack_member,evaluation,0,1,0.8878006339073181,1,0.870914101600647,False,0,,1,"[0.977196, 0.007823, 0.005291, 0.006496, 0.003194]"
Squirrel,client,42,389,3,MR,attack_member,evaluation,0,1,0.8775542974472046,1,0.870914101600647,False,5,0.8,1,"[0.963262, 0.027443, 0.005509, 0.002352, 0.001433]"
Squirrel,client,42,411,3,MR,attack_member,evaluation,0,1,0.26193273067474365,0,0.870914101600647,False,4,0.0,0,"[0.282085, 0.441506, 0.121063, 0.119211, 0.036135]"
Squirrel,client,42,434,3,MR,attack_member,evaluation,2,1,0.8579031825065613,1,0.5775445699691772,False,0,,1,"[5.4e-05, 0.000634, 0.994252, 0.003079, 0.001981]"
Squirrel,client,42,449,3,MR,attack_member,evaluation,2,1,0.7969874143600464,1,0.5775445699691772,False,1,1.0,1,"[0.141326, 0.206136, 0.566413, 0.042186, 0.043938]"
Squirrel,client,42,459,3,MR,attack_member,evaluation,1,1,0.5399333238601685,0,0.6547627449035645,True,2,0.5,0,"[0.696286, 0.194523, 0.042926, 0.045775, 0.020491]"
Squirrel,client,42,476,3,MR,attack_member,evaluation,0,1,0.8728927969932556,1,0.870914101600647,False,2,0.0,1,"[0.910648, 0.012601, 0.017544, 0.049481, 0.009727]"
Squirrel,client,42,498,3,MR,attack_member,evaluation,3,1,0.46072354912757874,0,0.6547627449035645,True,12,0.08333333333333333,0,"[0.194597, 0.096337, 0.296317, 0.281933, 0.130815]"
Squirrel,client,42,600,3,MR,attack_member,evaluation,0,1,0.7789397239685059,0,0.870914101600647,False,0,,1,"[0.756719, 0.103386, 0.057816, 0.037221, 0.044858]"
Squirrel,client,42,646,3,MR,attack_member,evaluation,1,1,0.6479299068450928,0,0.6547627449035645,True,3,0.3333333333333333,1,"[0.015422, 0.946097, 0.024794, 0.009769, 0.003919]"
Squirrel,client,42,663,3,MR,attack_member,evaluation,1,1,0.47219693660736084,0,0.6547627449035645,True,2,0.0,0,"[0.543017, 0.297869, 0.044252, 0.089015, 0.025847]"
Squirrel,client,42,695,3,MR,attack_member,evaluation,1,1,0.5957781076431274,0,0.6547627449035645,True,10,0.2,1,"[0.022076, 0.866228, 0.085856, 0.021878, 0.003963]"
Squirrel,client,42,760,3,MR,attack_member,evaluation,2,1,0.2663254141807556,0,0.5775445699691772,False,0,,0,"[0.711322, 0.207397, 0.035755, 0.030815, 0.014711]"
Squirrel,client,42,780,3,MR,attack_member,evaluation,1,1,0.48374810814857483,0,0.6547627449035645,True,0,,1,"[0.24415, 0.579746, 0.076371, 0.068334, 0.031399]"
Squirrel,client,42,788,3,MR,attack_member,evaluation,4,1,0.41729021072387695,0,0.6547627449035645,True,2,0.0,0,"[0.247995, 0.197056, 0.159521, 0.155209, 0.24022]"
Squirrel,client,42,813,3,MR,attack_member,evaluation,0,1,0.8681313991546631,0,0.870914101600647,False,1,1.0,1,"[0.942679, 0.037532, 0.011818, 0.005539, 0.002433]"
Squirrel,client,42,844,3,MR,attack_member,evaluation,1,1,0.5603711605072021,0,0.6547627449035645,True,1,0.0,1,"[0.125111, 0.716375, 0.043907, 0.026499, 0.088108]"
Squirrel,client,42,874,3,MR,attack_member,evaluation,1,1,0.5131353139877319,0,0.6547627449035645,True,2,0.0,0,"[0.646441, 0.218239, 0.051001, 0.055987, 0.028332]"
Squirrel,client,42,878,3,MR,attack_member,evaluation,1,1,0.406553715467453,0,0.6547627449035645,True,1,0.0,1,"[0.240689, 0.36072, 0.302895, 0.042514, 0.053182]"
Squirrel,client,42,917,3,MR,attack_member,evaluation,2,1,0.6790521144866943,1,0.5775445699691772,False,2,0.5,1,"[0.410068, 0.038805, 0.507704, 0.017304, 0.026119]"
Squirrel,client,42,923,3,MR,attack_member,evaluation,0,1,0.7782602310180664,0,0.870914101600647,False,0,,1,"[0.797139, 0.123078, 0.042006, 0.027628, 0.010149]"
Squirrel,client,42,968,3,MR,attack_member,evaluation,2,1,0.4733366370201111,0,0.5775445699691772,False,6,0.8333333333333334,1,"[0.109597, 0.136666, 0.306616, 0.285489, 0.161632]"
Squirrel,client,42,1088,3,MR,attack_member,evaluation,2,1,0.7187622785568237,1,0.5775445699691772,False,1,1.0,1,"[0.12372, 0.151479, 0.485004, 0.110447, 0.12935]"
Squirrel,client,42,1148,3,MR,attack_member,evaluation,0,1,0.875309944152832,1,0.870914101600647,False,2,1.0,1,"[0.946552, 0.022874, 0.012167, 0.014286, 0.004121]"
Squirrel,client,42,1169,3,MR,attack_member,evaluation,2,1,0.8529159426689148,1,0.5775445699691772,False,0,,1,"[0.007425, 0.011903, 0.947425, 0.021655, 0.011591]"
Squirrel,client,42,1173,3,MR,attack_member,evaluation,0,1,0.5960097908973694,0,0.870914101600647,False,0,,1,"[0.468424, 0.097208, 0.193852, 0.14182, 0.098696]"
Squirrel,client,42,37,4,MR,attack_member,evaluation,0,1,0.8373973369598389,0,0.870914101600647,False,1,0.0,1,"[0.79366, 0.020864, 0.052862, 0.083004, 0.049611]"
Squirrel,client,42,56,4,MR,attack_member,evaluation,1,1,0.6704311966896057,1,0.6547627449035645,True,1,0.0,1,"[0.001043, 0.99382, 0.002974, 0.002065, 9.9e-05]"
Squirrel,client,42,63,4,MR,attack_member,evaluation,2,1,0.858637809753418,1,0.5775445699691772,False,1,1.0,1,"[8.2e-05, 7.8e-05, 0.999445, 1.6e-05, 0.000379]"
Squirrel,client,42,74,4,MR,attack_member,evaluation,0,1,0.7877252697944641,0,0.870914101600647,False,1,0.0,1,"[0.720778, 0.052834, 0.08454, 0.089661, 0.052187]"
Squirrel,client,42,93,4,MR,attack_member,evaluation,0,1,0.626467764377594,0,0.870914101600647,False,2,0.5,1,"[0.64027, 0.261168, 0.028367, 0.042538, 0.027657]"
Squirrel,client,42,116,4,MR,attack_member,evaluation,2,1,0.6343710422515869,1,0.5775445699691772,False,1,0.0,1,"[4.2e-05, 0.000151, 0.576138, 0.423335, 0.000335]"
Squirrel,client,42,118,4,MR,attack_member,evaluation,3,1,0.6454280614852905,0,0.6547627449035645,True,0,,1,"[0.000584, 0.000354, 0.004487, 0.992947, 0.001629]"
Squirrel,client,42,132,4,MR,attack_member,evaluation,0,1,0.8920395374298096,1,0.870914101600647,False,0,,1,"[0.991353, 0.004091, 0.001519, 0.000757, 0.002281]"
Squirrel,client,42,133,4,MR,attack_member,evaluation,2,1,0.8773406147956848,1,0.5775445699691772,False,1,0.0,1,"[0.000691, 0.196017, 0.799046, 0.002892, 0.001354]"
Squirrel,client,42,149,4,MR,attack_member,evaluation,1,1,0.554999053478241,0,0.6547627449035645,True,0,,0,"[0.711322, 0.207397, 0.035755, 0.030815, 0.014711]"
Squirrel,client,42,158,4,MR,attack_member,evaluation,1,1,0.48972222208976746,0,0.6547627449035645,True,1,0.0,0,"[0.005461, 0.393219, 0.595003, 0.002412, 0.003905]"
Squirrel,client,42,160,4,MR,attack_member,evaluation,0,1,0.8456200957298279,0,0.870914101600647,False,1,0.0,1,"[0.868937, 0.053877, 0.018867, 0.048578, 0.009742]"
Squirrel,client,42,224,4,MR,attack_member,evaluation,3,1,0.6454595923423767,0,0.6547627449035645,True,0,,1,"[0.000993, 0.000298, 0.003963, 0.994419, 0.000328]"
Squirrel,client,42,266,4,MR,attack_member,evaluation,0,1,0.8682568669319153,0,0.870914101600647,False,0,,1,"[0.915684, 0.027895, 0.015096, 0.028581, 0.012744]"
Squirrel,client,42,270,4,MR,attack_member,evaluation,4,1,0.5311304926872253,0,0.6547627449035645,True,0,,1,"[3.4e-05, 0.00115, 0.000274, 0.000425, 0.998117]"
Squirrel,client,42,274,4,MR,attack_member,evaluation,0,1,0.8224169015884399,0,0.870914101600647,False,0,,1,"[0.864307, 0.096532, 0.017854, 0.008527, 0.012779]"
Squirrel,client,42,275,4,MR,attack_member,evaluation,0,1,0.7723381519317627,0,0.870914101600647,False,0,,1,"[0.771139, 0.088983, 0.090428, 0.030833, 0.018616]"
Squirrel,client,42,280,4,MR,attack_member,evaluation,0,1,0.703775942325592,0,0.870914101600647,False,0,,1,"[0.722025, 0.181896, 0.055481, 0.032153, 0.008444]"
Squirrel,client,42,292,4,MR,attack_member,evaluation,1,1,0.4756726920604706,0,0.6547627449035645,True,0,,0,"[0.001088, 0.463356, 0.529363, 0.004172, 0.002021]"
Squirrel,client,42,303,4,MR,attack_member,evaluation,1,1,0.6719369292259216,1,0.6547627449035645,True,0,,1,"[0.001207, 0.99593, 0.001683, 0.000377, 0.000803]"
Squirrel,client,42,322,4,MR,attack_member,evaluation,3,1,0.5967053771018982,0,0.6547627449035645,True,2,0.0,1,"[0.001653, 0.153622, 0.01538, 0.818329, 0.011016]"
Squirrel,client,42,343,4,MR,attack_member,evaluation,1,1,0.6037988662719727,0,0.6547627449035645,True,0,,1,"[0.054143, 0.855118, 0.074488, 0.008094, 0.008158]"
Squirrel,client,42,385,4,MR,attack_member,evaluation,2,1,0.8581933379173279,1,0.5775445699691772,False,0,,1,"[0.001143, 0.001498, 0.99271, 0.000377, 0.004272]"
Squirrel,client,42,403,4,MR,attack_member,evaluation,4,1,0.5324721932411194,0,0.6547627449035645,True,2,0.5,1,"[2e-05, 3.7e-05, 0.032297, 0.002091, 0.965556]"
Squirrel,client,42,444,4,MR,attack_member,evaluation,2,1,0.7835581302642822,1,0.5775445699691772,False,1,0.0,1,"[0.256578, 0.001102, 0.733788, 0.002308, 0.006225]"
Squirrel,client,42,482,4,MR,attack_member,evaluation,0,1,0.8230257034301758,0,0.870914101600647,False,0,,1,"[0.842856, 0.059615, 0.055978, 0.030341, 0.01121]"
Squirrel,client,42,499,4,MR,attack_member,evaluation,2,1,0.8584526777267456,1,0.5775445699691772,False,0,,1,"[4.8e-05, 4.8e-05, 0.998794, 0.00101, 0.0001]"
Squirrel,client,42,521,4,MR,attack_member,evaluation,1,1,0.4772490859031677,0,0.6547627449035645,True,0,,1,"[0.000118, 0.581815, 7.2e-05, 0.417601, 0.000393]"
Squirrel,client,42,530,4,MR,attack_member,evaluation,1,1,0.5603011250495911,0,0.6547627449035645,True,0,,1,"[0.253312, 0.705639, 0.012095, 0.01968, 0.009274]"
Squirrel,client,42,98,5,MR,attack_member,evaluation,1,1,0.4262220561504364,0,0.6547627449035645,True,22,0.2727272727272727,1,"[0.201013, 0.244334, 0.226914, 0.156536, 0.171202]"
Squirrel,client,42,127,5,MR,attack_member,evaluation,1,1,0.3963046669960022,0,0.6547627449035645,True,3,0.0,0,"[0.358257, 0.225622, 0.158315, 0.143648, 0.114158]"
Squirrel,client,42,150,5,MR,attack_member,evaluation,0,1,0.29894110560417175,0,0.870914101600647,False,139,0.17985611510791366,0,"[0.200269, 0.265508, 0.247894, 0.167778, 0.118551]"
Squirrel,client,42,178,5,MR,attack_member,evaluation,0,1,0.2881562113761902,0,0.870914101600647,False,144,0.1597222222222222,0,"[0.173062, 0.257569, 0.253331, 0.185072, 0.130966]"
Squirrel,client,42,190,5,MR,attack_member,evaluation,3,1,0.4296674430370331,0,0.6547627449035645,True,147,0.19727891156462585,0,"[0.184614, 0.26693, 0.25173, 0.175137, 0.12159]"
Squirrel,client,42,391,5,MR,attack_member,evaluation,3,1,0.43471258878707886,0,0.6547627449035645,True,132,0.1893939393939394,0,"[0.172137, 0.266523, 0.253648, 0.17899, 0.128702]"
Squirrel,client,42,417,5,MR,attack_member,evaluation,3,1,0.4426999092102051,0,0.6547627449035645,True,84,0.23809523809523808,0,"[0.157044, 0.254486, 0.232829, 0.207646, 0.147994]"
Squirrel,client,42,426,5,MR,attack_member,evaluation,1,1,0.43319571018218994,0,0.6547627449035645,True,117,0.23931623931623933,1,"[0.177721, 0.261171, 0.252291, 0.179887, 0.12893]"
Squirrel,client,42,605,5,MR,attack_member,evaluation,1,1,0.4386465847492218,0,0.6547627449035645,True,119,0.23529411764705882,1,"[0.165527, 0.258856, 0.257474, 0.185628, 0.132515]"
Squirrel,client,42,606,5,MR,attack_member,evaluation,2,1,0.4961411952972412,0,0.5775445699691772,False,117,0.28205128205128205,0,"[0.167812, 0.259552, 0.256498, 0.185802, 0.130335]"
Squirrel,client,42,649,5,MR,attack_member,evaluation,3,1,0.4414230287075043,0,0.6547627449035645,True,108,0.21296296296296297,0,"[0.159349, 0.258166, 0.259122, 0.189203, 0.13416]"
Squirrel,client,42,661,5,MR,attack_member,evaluation,0,1,0.2519001364707947,0,0.870914101600647,False,3,0.0,0,"[0.101479, 0.271262, 0.276101, 0.12505, 0.226108]"
Squirrel,client,42,671,5,MR,attack_member,evaluation,0,1,0.2847312390804291,0,0.870914101600647,False,71,0.04225352112676056,0,"[0.152324, 0.25387, 0.238242, 0.207937, 0.147627]"
Squirrel,client,42,705,5,MR,attack_member,evaluation,3,1,0.45981287956237793,0,0.6547627449035645,True,7,0.42857142857142855,0,"[0.117705, 0.247403, 0.277942, 0.136503, 0.220447]"
Squirrel,client,42,859,5,MR,attack_member,evaluation,0,1,0.4289543926715851,0,0.870914101600647,False,3,0.0,1,"[0.321093, 0.226964, 0.164654, 0.173623, 0.113666]"
Squirrel,client,42,904,5,MR,attack_member,evaluation,1,1,0.4437173902988434,0,0.6547627449035645,True,74,0.20270270270270271,1,"[0.153648, 0.25775, 0.245653, 0.197861, 0.145088]"
Squirrel,client,42,1019,5,MR,attack_member,evaluation,0,1,0.4807387590408325,0,0.870914101600647,False,1,0.0,1,"[0.416392, 0.23592, 0.146533, 0.128501, 0.072654]"
Squirrel,client,42,1036,5,MR,attack_member,evaluation,1,1,0.44731253385543823,0,0.6547627449035645,True,59,0.22033898305084745,1,"[0.145883, 0.256484, 0.242704, 0.20636, 0.148569]"
Squirrel,client,42,1130,5,MR,attack_member,evaluation,2,1,0.40631237626075745,0,0.5775445699691772,False,6,0.16666666666666666,0,"[0.282155, 0.24096, 0.183285, 0.159329, 0.134271]"
Squirrel,client,42,1320,5,MR,attack_member,evaluation,4,1,0.452116459608078,0,0.6547627449035645,True,43,0.18604651162790697,0,"[0.134465, 0.258124, 0.255107, 0.199945, 0.152358]"
Squirrel,client,42,1421,5,MR,attack_member,evaluation,0,1,0.40633875131607056,0,0.870914101600647,False,4,0.0,1,"[0.303245, 0.245593, 0.166751, 0.164048, 0.120363]"
Squirrel,client,42,1453,5,MR,attack_member,evaluation,2,1,0.543850302696228,0,0.5775445699691772,False,51,0.3137254901960784,1,"[0.117752, 0.264468, 0.292798, 0.176642, 0.148339]"
Squirrel,client,42,1489,5,MR,attack_member,evaluation,3,1,0.45764195919036865,0,0.6547627449035645,True,44,0.20454545454545456,0,"[0.121313, 0.26316, 0.291372, 0.178498, 0.145657]"
Squirrel,client,42,1548,5,MR,attack_member,evaluation,3,1,0.46178582310676575,0,0.6547627449035645,True,37,0.1891891891891892,0,"[0.110959, 0.266426, 0.299825, 0.174365, 0.148425]"
Squirrel,client,42,1616,5,MR,attack_member,evaluation,2,1,0.5561303496360779,0,0.5775445699691772,False,23,0.34782608695652173,1,"[0.081556, 0.25127, 0.309718, 0.17985, 0.177606]"
Squirrel,client,42,1623,5,MR,attack_member,evaluation,2,1,0.5414411425590515,0,0.5775445699691772,False,22,0.36363636363636365,1,"[0.106566, 0.269937, 0.290436, 0.173712, 0.159349]"
Squirrel,client,42,1697,5,MR,attack_member,evaluation,0,1,0.8174120187759399,0,0.870914101600647,False,0,,1,"[0.825503, 0.05722, 0.065575, 0.034378, 0.017325]"
Squirrel,client,42,1751,5,MR,attack_member,evaluation,0,1,0.8378382325172424,0,0.870914101600647,False,0,,1,"[0.874235, 0.030629, 0.076431, 0.005549, 0.013157]"
Squirrel,client,42,1807,5,MR,attack_member,evaluation,2,1,0.6636467576026917,1,0.5775445699691772,False,6,0.16666666666666666,1,"[0.052069, 0.290497, 0.375184, 0.088115, 0.194136]"
Squirrel,client,42,80,7,MR,attack_member,evaluation,0,1,0.4877360463142395,0,0.870914101600647,False,3,0.0,1,"[0.406362, 0.237177, 0.130023, 0.135551, 0.090886]"
Squirrel,client,42,121,7,MR,attack_member,evaluation,1,1,0.5075271129608154,0,0.6547627449035645,True,121,0.2396694214876033,0,"[0.603206, 0.280179, 0.042621, 0.044199, 0.029794]"
Squirrel,client,42,217,7,MR,attack_member,evaluation,0,1,0.642071545124054,0,0.870914101600647,False,2,0.0,1,"[0.545172, 0.169674, 0.082371, 0.115445, 0.087338]"
Squirrel,client,42,256,7,MR,attack_member,evaluation,0,1,0.4614710211753845,0,0.870914101600647,False,4,0.0,1,"[0.357872, 0.231129, 0.144368, 0.146578, 0.120053]"
Squirrel,client,42,298,7,MR,attack_member,evaluation,0,1,0.4480287730693817,0,0.870914101600647,False,3,0.0,1,"[0.354066, 0.242997, 0.145278, 0.148505, 0.109154]"
Squirrel,client,42,344,7,MR,attack_member,evaluation,1,1,0.5040262937545776,0,0.6547627449035645,True,112,0.25892857142857145,0,"[0.613557, 0.251202, 0.050148, 0.050507, 0.034587]"
Squirrel,client,42,378,7,MR,attack_member,evaluation,1,1,0.49479570984840393,0,0.6547627449035645,True,108,0.24074074074074073,0,"[0.596818, 0.25636, 0.054973, 0.053802, 0.038047]"
Squirrel,client,42,593,7,MR,attack_member,evaluation,0,1,0.44285568594932556,0,0.870914101600647,False,3,0.0,1,"[0.354159, 0.249846, 0.149617, 0.131306, 0.115072]"
Squirrel,client,42,629,7,MR,attack_member,evaluation,3,1,0.4791962802410126,0,0.6547627449035645,True,88,0.1590909090909091,0,"[0.594698, 0.210097, 0.065456, 0.073224, 0.056525]"
Squirrel,client,42,691,7,MR,attack_member,evaluation,0,1,0.5928369760513306,0,0.870914101600647,False,89,0.3707865168539326,1,"[0.590154, 0.260562, 0.054692, 0.05468, 0.039912]"
Squirrel,client,42,787,7,MR,attack_member,evaluation,0,1,0.5910016894340515,0,0.870914101600647,False,83,0.3493975903614458,1,"[0.58559, 0.259382, 0.056697, 0.057214, 0.041117]"
Squirrel,client,42,956,7,MR,attack_member,evaluation,4,1,0.48227107524871826,0,0.6547627449035645,True,90,0.2111111111111111,0,"[0.545031, 0.311402, 0.053074, 0.053035, 0.037458]"
Squirrel,client,42,1044,7,MR,attack_member,evaluation,4,1,0.4912078380584717,0,0.6547627449035645,True,85,0.18823529411764706,0,"[0.596932, 0.238753, 0.051591, 0.062863, 0.049861]"
Squirrel,client,42,1102,7,MR,attack_member,evaluation,0,1,0.5729056000709534,0,0.870914101600647,False,61,0.3114754098360656,1,"[0.562714, 0.266776, 0.062047, 0.059706, 0.048758]"
Squirrel,client,42,1145,7,MR,attack_member,evaluation,0,1,0.48531264066696167,0,0.870914101600647,False,5,0.0,1,"[0.466982, 0.306769, 0.082373, 0.07216, 0.071715]"
Squirrel,client,42,1190,7,MR,attack_member,evaluation,0,1,0.5698160529136658,0,0.870914101600647,False,66,0.3181818181818182,1,"[0.557321, 0.266182, 0.064382, 0.062349, 0.049765]"
Squirrel,client,42,1241,7,MR,attack_member,evaluation,0,1,0.5560939908027649,0,0.870914101600647,False,54,0.25925925925925924,1,"[0.542287, 0.273747, 0.066481, 0.062945, 0.054539]"
Squirrel,client,42,1251,7,MR,attack_member,evaluation,1,1,0.40634387731552124,0,0.6547627449035645,True,10,0.0,0,"[0.273008, 0.232521, 0.175964, 0.16543, 0.153076]"
Squirrel,client,42,1436,7,MR,attack_member,evaluation,0,1,0.5515878200531006,0,0.870914101600647,False,44,0.20454545454545456,1,"[0.53548, 0.275957, 0.067419, 0.062274, 0.05887]"
Squirrel,client,42,1464,7,MR,attack_member,evaluation,1,1,0.4491834044456482,0,0.6547627449035645,True,45,0.3111111111111111,0,"[0.503955, 0.275727, 0.078479, 0.073026, 0.068813]"
Squirrel,client,42,1571,7,MR,attack_member,evaluation,1,1,0.4576549530029297,0,0.6547627449035645,True,37,0.2972972972972973,0,"[0.514561, 0.282422, 0.071126, 0.066223, 0.065668]"
Squirrel,client,42,1592,7,MR,attack_member,evaluation,0,1,0.3638211488723755,0,0.870914101600647,False,77,0.1038961038961039,0,"[0.256615, 0.293329, 0.146831, 0.147471, 0.155755]"
Squirrel,client,42,1713,7,MR,attack_member,evaluation,4,1,0.41832470893859863,0,0.6547627449035645,True,39,0.358974358974359,0,"[0.400994, 0.303257, 0.102328, 0.092835, 0.100585]"
Squirrel,client,42,1940,7,MR,attack_member,evaluation,4,1,0.4336317777633667,0,0.6547627449035645,True,15,0.3333333333333333,0,"[0.400496, 0.345301, 0.084958, 0.069636, 0.099608]"
Squirrel,client,42,2052,7,MR,attack_member,evaluation,2,1,0.4275583326816559,0,0.5775445699691772,False,4,0.25,0,"[0.24327, 0.194092, 0.216147, 0.161906, 0.184584]"
Squirrel,client,42,2075,7,MR,attack_member,evaluation,1,1,0.4245239198207855,0,0.6547627449035645,True,5,0.0,1,"[0.196273, 0.297082, 0.169602, 0.161125, 0.175918]"
Squirrel,client,42,2173,7,MR,attack_member,evaluation,0,1,0.5710118412971497,0,0.870914101600647,False,2,0.0,1,"[0.505838, 0.231206, 0.096332, 0.061496, 0.105127]"
Squirrel,client,42,1919,7,MR,attack_member,evaluation,1,1,0.4627763628959656,0,0.6547627449035645,True,53,0.1320754716981132,1,"[0.117764, 0.229557, 0.208637, 0.218751, 0.22529]"
Squirrel,client,42,1928,7,MR,attack_member,evaluation,4,1,0.48382702469825745,0,0.6547627449035645,True,45,0.3111111111111111,0,"[0.093326, 0.189563, 0.227989, 0.256023, 0.233099]"
Squirrel,client,42,1966,7,MR,attack_member,evaluation,4,1,0.48948052525520325,0,0.6547627449035645,True,32,0.34375,1,"[0.080181, 0.183731, 0.201019, 0.262812, 0.272256]"
Squirrel,client,42,2037,7,MR,attack_member,evaluation,4,1,0.4907158613204956,0,0.6547627449035645,True,29,0.41379310344827586,0,"[0.087258, 0.170991, 0.235411, 0.255252, 0.251088]"
Squirrel,client,42,2040,7,MR,attack_member,evaluation,2,1,0.38757002353668213,0,0.5775445699691772,False,34,0.11764705882352941,0,"[0.093164, 0.187743, 0.225571, 0.265897, 0.227624]"
Squirrel,client,42,2072,7,MR,attack_member,evaluation,3,1,0.48600807785987854,0,0.6547627449035645,True,27,0.2962962962962963,1,"[0.093396, 0.183962, 0.221411, 0.279348, 0.221883]"
Squirrel,client,42,2124,7,MR,attack_member,evaluation,3,1,0.4950151741504669,0,0.6547627449035645,True,18,0.3888888888888889,1,"[0.085196, 0.161549, 0.232812, 0.278455, 0.241988]"
Squirrel,client,42,689,1,MR,attack_nonmember,evaluation,1,0,0.45674893260002136,0,0.6547627449035645,True,3,0.3333333333333333,0,"[0.543813, 0.247487, 0.097619, 0.059368, 0.051714]"
Squirrel,client,42,719,1,MR,attack_nonmember,evaluation,2,0,0.6597093343734741,1,0.5775445699691772,False,1,0.0,1,"[0.0116, 0.001726, 0.490397, 0.00797, 0.488307]"
Squirrel,client,42,744,1,MR,attack_nonmember,evaluation,0,0,0.1757228523492813,0,0.870914101600647,False,1,0.0,0,"[0.00074, 0.000457, 0.001208, 0.99646, 0.001134]"
Squirrel,client,42,776,1,MR,attack_nonmember,evaluation,0,0,0.472259521484375,0,0.870914101600647,False,30,0.3333333333333333,1,"[0.477631, 0.112366, 0.352558, 0.044015, 0.013431]"
Squirrel,client,42,804,1,MR,attack_nonmember,evaluation,0,0,0.5460512638092041,0,0.870914101600647,False,8,0.125,1,"[0.453049, 0.164442, 0.162538, 0.157458, 0.062512]"
Squirrel,client,42,893,1,MR,attack_nonmember,evaluation,2,0,0.8444145917892456,1,0.5775445699691772,False,6,0.6666666666666666,1,"[0.007292, 0.004499, 0.904236, 0.02106, 0.062912]"
Squirrel,client,42,915,1,MR,attack_nonmember,evaluation,0,0,0.39917251467704773,0,0.870914101600647,False,4,0.0,1,"[0.312644, 0.217295, 0.224527, 0.148407, 0.097126]"
Squirrel,client,42,984,1,MR,attack_nonmember,evaluation,0,0,0.1759476363658905,0,0.870914101600647,False,3,0.0,0,"[0.001017, 0.000647, 0.001594, 0.995288, 0.001455]"
Squirrel,client,42,994,1,MR,attack_nonmember,evaluation,1,0,0.440311074256897,0,0.6547627449035645,True,2,0.5,0,"[0.207383, 0.174364, 0.459556, 0.088477, 0.07022]"
Squirrel,client,42,1081,1,MR,attack_nonmember,evaluation,0,0,0.8515803217887878,0,0.870914101600647,False,0,,1,"[0.879076, 0.052613, 0.009583, 0.048668, 0.010059]"
Squirrel,client,42,1166,1,MR,attack_nonmember,evaluation,0,0,0.44134995341300964,0,0.870914101600647,False,2,0.0,1,"[0.354202, 0.240826, 0.152752, 0.161766, 0.090454]"
Squirrel,client,42,1333,1,MR,attack_nonmember,evaluation,4,0,0.4986765682697296,0,0.6547627449035645,True,3,0.0,0,"[0.357595, 0.552022, 0.012051, 0.063189, 0.015143]"
Squirrel,client,42,1343,1,MR,attack_nonmember,evaluation,0,0,0.6805375218391418,0,0.870914101600647,False,7,0.14285714285714285,1,"[0.672358, 0.134067, 0.132499, 0.051322, 0.009753]"
Squirrel,client,42,1527,1,MR,attack_nonmember,evaluation,1,0,0.3982039988040924,0,0.6547627449035645,True,0,,0,"[0.475358, 0.032499, 0.023133, 0.422515, 0.046494]"
Squirrel,client,42,1533,1,MR,attack_nonmember,evaluation,4,0,0.654188871383667,0,0.6547627449035645,True,60,0.05,0,"[0.924189, 0.046014, 0.007131, 0.022353, 0.000313]"
Squirrel,client,42,1666,1,MR,attack_nonmember,evaluation,2,0,0.2828282415866852,0,0.5775445699691772,False,0,,0,"[0.784698, 0.041882, 0.124111, 0.025478, 0.023832]"
Squirrel,client,42,1798,1,MR,attack_nonmember,evaluation,0,0,0.2643442451953888,0,0.870914101600647,False,1,0.0,0,"[0.155661, 0.295083, 0.18968, 0.311127, 0.048449]"
Squirrel,client,42,1860,1,MR,attack_nonmember,evaluation,3,0,0.5587568879127502,0,0.6547627449035645,True,0,,0,"[0.728064, 0.182231, 0.040793, 0.031646, 0.017266]"
Squirrel,client,42,1862,1,MR,attack_nonmember,evaluation,3,0,0.5281825661659241,0,0.6547627449035645,True,9,0.2222222222222222,0,"[0.770096, 0.050078, 0.157265, 0.017981, 0.004581]"
Squirrel,client,42,2053,1,MR,attack_nonmember,evaluation,2,0,0.771066427230835,1,0.5775445699691772,False,1,0.0,1,"[0.039287, 0.354016, 0.480551, 0.068928, 0.057217]"
Squirrel,client,42,2122,1,MR,attack_nonmember,evaluation,3,0,0.5135396718978882,0,0.6547627449035645,True,0,,0,"[0.08094, 0.02106, 0.352452, 0.007034, 0.538513]"
Squirrel,client,42,2138,1,MR,attack_nonmember,evaluation,2,0,0.35200273990631104,0,0.5775445699691772,False,0,,0,"[0.550761, 0.187828, 0.118741, 0.038275, 0.104395]"
Squirrel,client,42,30,2,MR,attack_nonmember,evaluation,0,0,0.7893285155296326,0,0.870914101600647,False,2,1.0,1,"[0.823757, 0.126349, 0.026487, 0.018823, 0.004584]"
Squirrel,client,42,32,2,MR,attack_nonmember,evaluation,0,0,0.3278430998325348,0,0.870914101600647,False,1,0.0,0,"[0.219701, 0.288634, 0.226811, 0.042825, 0.222029]"
Squirrel,client,42,91,2,MR,attack_nonmember,evaluation,0,0,0.27671003341674805,0,0.870914101600647,False,8,0.375,0,"[0.236208, 0.355564, 0.206445, 0.097759, 0.104023]"
Squirrel,client,42,312,2,MR,attack_nonmember,evaluation,0,0,0.8911683559417725,1,0.870914101600647,False,1,1.0,1,"[0.987648, 0.00101, 0.007012, 0.002738, 0.001592]"
Squirrel,client,42,367,2,MR,attack_nonmember,evaluation,0,0,0.8487110137939453,0,0.870914101600647,False,0,,1,"[0.872123, 0.04678, 0.021166, 0.052128, 0.007803]"
Squirrel,client,42,379,2,MR,attack_nonmember,evaluation,0,0,0.09574548900127411,0,0.870914101600647,False,0,,0,"[0.155338, 0.769781, 0.053323, 0.015, 0.006558]"
Squirrel,client,42,400,2,MR,attack_nonmember,evaluation,1,0,0.6529799699783325,0,0.6547627449035645,True,1,1.0,1,"[0.007364, 0.953276, 0.015453, 0.007654, 0.016252]"
Squirrel,client,42,503,2,MR,attack_nonmember,evaluation,0,0,0.8513619303703308,0,0.870914101600647,False,3,0.3333333333333333,1,"[0.868405, 0.001316, 0.072574, 0.055618, 0.002086]"
Squirrel,client,42,563,2,MR,attack_nonmember,evaluation,1,0,0.5360909104347229,0,0.6547627449035645,True,0,,0,"[0.681805, 0.220218, 0.029297, 0.061042, 0.007638]"
Squirrel,client,42,585,2,MR,attack_nonmember,evaluation,1,0,0.5754026770591736,0,0.6547627449035645,True,0,,0,"[0.74017, 0.208788, 0.01151, 0.035194, 0.004338]"
Squirrel,client,42,608,2,MR,attack_nonmember,evaluation,0,0,0.6920438408851624,0,0.870914101600647,False,0,,1,"[0.711322, 0.207397, 0.035755, 0.030815, 0.014711]"
Squirrel,client,42,611,2,MR,attack_nonmember,evaluation,0,0,0.439585417509079,0,0.870914101600647,False,0,,1,"[0.483605, 0.367871, 0.061505, 0.050531, 0.036488]"
Squirrel,client,42,15,3,MR,attack_nonmember,evaluation,0,0,0.8883310556411743,1,0.870914101600647,False,4,1.0,1,"[0.982681, 0.008345, 0.00488, 0.001888, 0.002206]"
Squirrel,client,42,100,3,MR,attack_nonmember,evaluation,0,0,0.7206332683563232,0,0.870914101600647,False,4,0.25,1,"[0.70944, 0.123774, 0.106567, 0.035242, 0.024976]"
Squirrel,client,42,209,3,MR,attack_nonmember,evaluation,0,0,0.22139333188533783,0,0.870914101600647,False,2,0.0,0,"[0.175904, 0.43965, 0.148747, 0.161311, 0.074389]"
Squirrel,client,42,261,3,MR,attack_nonmember,evaluation,4,0,0.6101824641227722,0,0.6547627449035645,True,0,,0,"[0.002577, 0.011616, 0.699372, 0.209535, 0.076901]"
Squirrel,client,42,412,3,MR,attack_nonmember,evaluation,0,0,0.832491397857666,0,0.870914101600647,False,3,0.6666666666666666,1,"[0.852273, 0.062386, 0.03452, 0.036771, 0.01405]"
Squirrel,client,42,436,3,MR,attack_nonmember,evaluation,1,0,0.49784567952156067,0,0.6547627449035645,True,10,0.0,0,"[0.128635, 0.112025, 0.417034, 0.240297, 0.102009]"
Squirrel,client,42,818,3,MR,attack_nonmember,evaluation,1,0,0.4028136134147644,0,0.6547627449035645,True,2,0.5,0,"[0.330745, 0.316106, 0.130399, 0.139892, 0.082857]"
Squirrel,client,42,891,3,MR,attack_nonmember,evaluation,2,0,0.1448974609375,0,0.5775445699691772,False,1,0.0,0,"[0.319879, 0.180821, 0.035179, 0.442141, 0.02198]"
Squirrel,client,42,975,3,MR,attack_nonmember,evaluation,2,0,0.27597060799598694,0,0.5775445699691772,False,0,,0,"[0.303529, 0.496771, 0.042829, 0.09268, 0.064191]"
Squirrel,client,42,1124,3,MR,attack_nonmember,evaluation,2,0,0.13347415626049042,0,0.5775445699691772,False,0,,0,"[0.708827, 0.007828, 0.026173, 0.244825, 0.012347]"
Squirrel,client,42,1138,3,MR,attack_nonmember,evaluation,0,0,0.8814001679420471,1,0.870914101600647,False,0,,1,"[0.963378, 0.010502, 0.017798, 0.003111, 0.005212]"
Squirrel,client,42,1207,3,MR,attack_nonmember,evaluation,1,0,0.39604589343070984,0,0.6547627449035645,True,0,,0,"[0.450877, 0.20074, 0.039075, 0.30103, 0.008279]"
Squirrel,client,42,215,4,MR,attack_nonmember,evaluation,0,0,0.8202337026596069,0,0.870914101600647,False,0,,1,"[0.764698, 0.056755, 0.013212, 0.149714, 0.015621]"
Squirrel,client,42,234,4,MR,attack_nonmember,evaluation,2,0,0.8581324219703674,1,0.5775445699691772,False,1,1.0,1,"[0.000388, 0.000124, 0.996509, 0.001619, 0.00136]"
Squirrel,client,42,264,4,MR,attack_nonmember,evaluation,2,0,0.0789564773440361,0,0.5775445699691772,False,0,,0,"[0.313612, 0.01049, 0.019347, 0.530609, 0.125942]"
Squirrel,client,42,294,4,MR,attack_nonmember,evaluation,0,0,0.16640008985996246,0,0.870914101600647,False,0,,0,"[0.11046, 0.342075, 0.353419, 0.153902, 0.040144]"
Squirrel,client,42,317,4,MR,attack_nonmember,evaluation,2,0,0.5805286169052124,1,0.5775445699691772,False,1,0.0,1,"[0.113537, 0.289414, 0.313609, 0.169748, 0.113692]"
Squirrel,client,42,321,4,MR,attack_nonmember,evaluation,1,0,0.5741246938705444,0,0.6547627449035645,True,0,,1,"[0.119242, 0.752722, 0.008062, 0.061983, 0.057991]"
Squirrel,client,42,340,4,MR,attack_nonmember,evaluation,0,0,0.8395400643348694,0,0.870914101600647,False,0,,1,"[0.879908, 0.066907, 0.025288, 0.012405, 0.015492]"
Squirrel,client,42,392,4,MR,attack_nonmember,evaluation,0,0,0.3674328327178955,0,0.870914101600647,False,0,,0,"[0.173912, 0.06984, 0.343526, 0.08613, 0.326592]"
Squirrel,client,42,457,4,MR,attack_nonmember,evaluation,0,0,0.6663426160812378,0,0.870914101600647,False,0,,1,"[0.652917, 0.217605, 0.034009, 0.067485, 0.027984]"
Squirrel,client,42,471,4,MR,attack_nonmember,evaluation,0,0,0.17533308267593384,0,0.870914101600647,False,1,0.0,0,"[0.000153, 0.000241, 0.000251, 0.995553, 0.003802]"
Squirrel,client,42,473,4,MR,attack_nonmember,evaluation,0,0,0.4523734450340271,0,0.870914101600647,False,0,,1,"[0.340512, 0.159672, 0.200762, 0.252602, 0.046452]"
Squirrel,client,42,515,4,MR,attack_nonmember,evaluation,0,0,0.18562959134578705,0,0.870914101600647,False,1,0.0,0,"[0.002975, 0.000897, 0.00263, 0.006482, 0.987016]"
Squirrel,client,42,273,5,MR,attack_nonmember,evaluation,3,0,0.4363742172718048,0,0.6547627449035645,True,139,0.19424460431654678,0,"[0.171408, 0.257428, 0.254023, 0.185751, 0.131391]"
Squirrel,client,42,341,5,MR,attack_nonmember,evaluation,0,0,0.4516920745372772,0,0.870914101600647,False,3,0.3333333333333333,1,"[0.364953, 0.241204, 0.153967, 0.132034, 0.107842]"
Squirrel,client,42,643,5,MR,attack_nonmember,evaluation,0,0,0.2864067554473877,0,0.870914101600647,False,85,0.08235294117647059,0,"[0.159403, 0.255679, 0.243114, 0.19795, 0.143854]"
Squirrel,client,42,810,5,MR,attack_nonmember,evaluation,3,0,0.4403311312198639,0,0.6547627449035645,True,101,0.19801980198019803,0,"[0.161199, 0.260055, 0.257814, 0.188656, 0.132276]"
Squirrel,client,42,880,5,MR,attack_nonmember,evaluation,0,0,0.2752539813518524,0,0.870914101600647,False,96,0.11458333333333333,0,"[0.153947, 0.258777, 0.260533, 0.190806, 0.135937]"
Squirrel,client,42,1226,5,MR,attack_nonmember,evaluation,1,0,0.44806843996047974,0,0.6547627449035645,True,73,0.1917808219178082,0,"[0.143305, 0.260717, 0.268564, 0.188997, 0.138418]"
Squirrel,client,42,1253,5,MR,attack_nonmember,evaluation,0,0,0.27421844005584717,0,0.870914101600647,False,50,0.02,0,"[0.141564, 0.257386, 0.248963, 0.202772, 0.149315]"
Squirrel,client,42,1254,5,MR,attack_nonmember,evaluation,2,0,0.49973514676094055,0,0.5775445699691772,False,18,0.5,0,"[0.162221, 0.256425, 0.254999, 0.155704, 0.170652]"
Squirrel,client,42,1268,5,MR,attack_nonmember,evaluation,2,0,0.5114020109176636,0,0.5775445699691772,False,65,0.3076923076923077,1,"[0.138406, 0.260014, 0.270878, 0.190159, 0.140543]"
Squirrel,client,42,1346,5,MR,attack_nonmember,evaluation,0,0,0.26434311270713806,0,0.870914101600647,False,45,0.044444444444444446,0,"[0.131728, 0.258642, 0.264062, 0.193935, 0.151633]"
Squirrel,client,42,1585,5,MR,attack_nonmember,evaluation,4,0,0.44219720363616943,0,0.6547627449035645,True,35,0.11428571428571428,0,"[0.15874, 0.258069, 0.305019, 0.155504, 0.122668]"
Squirrel,client,42,1805,5,MR,attack_nonmember,evaluation,4,0,0.4809504747390747,0,0.6547627449035645,True,5,0.2,0,"[0.058806, 0.280998, 0.359957, 0.095617, 0.204621]"
Squirrel,client,42,119,7,MR,attack_nonmember,evaluation,1,0,0.4095260798931122,0,0.6547627449035645,True,27,0.07407407407407407,0,"[0.411424, 0.261329, 0.109666, 0.11782, 0.09976]"
Squirrel,client,42,130,7,MR,attack_nonmember,evaluation,0,0,0.4266190230846405,0,0.870914101600647,False,7,0.14285714285714285,1,"[0.345766, 0.270529, 0.142624, 0.125982, 0.1151]"
Squirrel,client,42,257,7,MR,attack_nonmember,evaluation,0,0,0.4377608597278595,0,0.870914101600647,False,140,0.2714285714285714,1,"[0.392036, 0.307559, 0.10394, 0.109986, 0.086478]"
Squirrel,client,42,285,7,MR,attack_nonmember,evaluation,0,0,0.47308549284935,0,0.870914101600647,False,4,0.0,1,"[0.399842, 0.248935, 0.13348, 0.127103, 0.09064]"
Squirrel,client,42,335,7,MR,attack_nonmember,evaluation,0,0,0.4632762372493744,0,0.870914101600647,False,5,0.0,1,"[0.35837, 0.232789, 0.145082, 0.131821, 0.131938]"
Squirrel,client,42,388,7,MR,attack_nonmember,evaluation,0,0,0.5816304087638855,0,0.870914101600647,False,105,0.4,1,"[0.591582, 0.276571, 0.047918, 0.049004, 0.034925]"
Squirrel,client,42,1278,7,MR,attack_nonmember,evaluation,1,0,0.46764665842056274,0,0.6547627449035645,True,58,0.29310344827586204,0,"[0.53684, 0.279986, 0.065559, 0.063588, 0.054027]"
Squirrel,client,42,1401,7,MR,attack_nonmember,evaluation,3,0,0.46278584003448486,0,0.6547627449035645,True,50,0.1,0,"[0.511168, 0.305139, 0.064985, 0.062203, 0.056504]"
Squirrel,client,42,1686,7,MR,attack_nonmember,evaluation,1,0,0.40012326836586,0,0.6547627449035645,True,6,0.16666666666666666,0,"[0.3127, 0.24732, 0.153785, 0.152787, 0.133408]"
Squirrel,client,42,1927,7,MR,attack_nonmember,evaluation,0,0,0.4959682822227478,0,0.870914101600647,False,15,0.13333333333333333,1,"[0.448454, 0.284268, 0.094837, 0.072655, 0.099785]"
Squirrel,client,42,1947,7,MR,attack_nonmember,evaluation,4,0,0.4196334779262543,0,0.6547627449035645,True,36,0.3611111111111111,0,"[0.305604, 0.358361, 0.1139, 0.088248, 0.133888]"
Squirrel,client,42,2051,7,MR,attack_nonmember,evaluation,4,0,0.48514848947525024,0,0.6547627449035645,True,31,0.3225806451612903,0,"[0.093108, 0.186411, 0.223588, 0.269765, 0.227128]"
Squirrel,client,42,2055,7,MR,attack_nonmember,evaluation,3,0,0.48526957631111145,0,0.6547627449035645,True,30,0.3333333333333333,1,"[0.093305, 0.185785, 0.223109, 0.271559, 0.226242]"
Squirrel,client,42,2215,7,MR,attack_nonmember,evaluation,4,0,0.46141812205314636,0,0.6547627449035645,True,2,0.0,0,"[0.172714, 0.526712, 0.089651, 0.115288, 0.095635]"
Squirrel,client,42,542,0,MR,F,evaluation,2,0,0.4808011054992676,0,0.5775445699691772,False,3,0.6666666666666666,0,"[0.139304, 0.012134, 0.409796, 0.410291, 0.028475]"
Squirrel,client,42,549,0,MR,F,evaluation,2,0,0.24293369054794312,0,0.5775445699691772,False,9,0.1111111111111111,0,"[0.061748, 0.223832, 0.15304, 0.493338, 0.068041]"
Squirrel,client,42,557,0,MR,F,evaluation,4,0,0.6370310187339783,0,0.6547627449035645,True,3,0.6666666666666666,0,"[9.5e-05, 0.005375, 0.05763, 0.920261, 0.016639]"
Squirrel,client,42,559,0,MR,F,evaluation,0,0,0.31761741638183594,0,0.870914101600647,False,7,0.0,0,"[0.137241, 0.041772, 0.379137, 0.280571, 0.161279]"
Squirrel,client,42,574,0,MR,F,evaluation,1,0,0.6023544073104858,0,0.6547627449035645,True,13,0.0,0,"[0.020202, 0.056515, 0.154132, 0.756972, 0.012179]"
Squirrel,client,42,586,0,MR,F,evaluation,1,0,0.5684065818786621,0,0.6547627449035645,True,3,0.0,0,"[0.037018, 0.075538, 0.31721, 0.513564, 0.05667]"
Squirrel,client,42,588,0,MR,F,evaluation,0,0,0.6699388027191162,0,0.870914101600647,False,0,,1,"[0.658859, 0.185777, 0.07741, 0.048575, 0.02938]"
Squirrel,client,42,594,0,MR,F,evaluation,0,0,0.3893812894821167,0,0.870914101600647,False,0,,1,"[0.428255, 0.418414, 0.031678, 0.084473, 0.03718]"
Squirrel,client,42,597,0,MR,F,evaluation,3,0,0.4854745864868164,0,0.6547627449035645,True,29,0.1724137931034483,1,"[0.181517, 0.070417, 0.14508, 0.558452, 0.044534]"
Squirrel,client,42,601,0,MR,F,evaluation,1,0,0.6399738788604736,0,0.6547627449035645,True,8,0.0,0,"[0.903638, 0.034206, 0.018312, 0.024465, 0.019379]"
Squirrel,client,42,604,0,MR,F,evaluation,3,0,0.5192720293998718,0,0.6547627449035645,True,2,0.0,0,"[0.092708, 0.105807, 0.508389, 0.148065, 0.145031]"
Squirrel,client,42,609,0,MR,F,evaluation,0,0,0.31975534558296204,0,0.870914101600647,False,11,0.09090909090909091,0,"[0.160191, 0.194685, 0.182228, 0.309399, 0.153498]"
Squirrel,client,42,613,0,MR,F,evaluation,1,0,0.43800073862075806,0,0.6547627449035645,True,3,0.0,0,"[0.288549, 0.021401, 0.130328, 0.511378, 0.048344]"
Squirrel,client,42,631,0,MR,F,evaluation,1,0,0.5213616490364075,0,0.6547627449035645,True,3,0.3333333333333333,0,"[0.039004, 0.206285, 0.409052, 0.266776, 0.078883]"
Squirrel,client,42,635,0,MR,F,evaluation,1,0,0.4733768105506897,0,0.6547627449035645,True,3,0.0,0,"[0.560167, 0.239764, 0.040808, 0.0857, 0.073561]"
Squirrel,client,42,640,0,MR,F,evaluation,1,0,0.45494481921195984,0,0.6547627449035645,True,1,0.0,0,"[0.573028, 0.191354, 0.104205, 0.077647, 0.053765]"
Squirrel,client,42,644,0,MR,F,evaluation,3,0,0.41165727376937866,0,0.6547627449035645,True,5,0.6,0,"[0.474842, 0.027958, 0.191601, 0.085525, 0.220074]"
Squirrel,client,42,653,0,MR,F,evaluation,0,0,0.31010928750038147,0,0.870914101600647,False,10,0.3,0,"[0.138165, 0.06874, 0.229832, 0.482091, 0.081171]"
Squirrel,client,42,659,0,MR,F,evaluation,0,0,0.3267301321029663,0,0.870914101600647,False,2,0.0,0,"[0.236037, 0.238635, 0.262278, 0.152562, 0.110488]"
Squirrel,client,42,660,0,MR,F,evaluation,3,0,0.6384433507919312,0,0.6547627449035645,True,10,0.3,1,"[0.000717, 0.006382, 0.049114, 0.934686, 0.0091]"
Squirrel,client,42,664,0,MR,F,evaluation,0,0,0.5083606839179993,0,0.870914101600647,False,1,0.0,1,"[0.463693, 0.231361, 0.121725, 0.169054, 0.014167]"
Squirrel,client,42,670,0,MR,F,evaluation,0,0,0.2211923599243164,0,0.870914101600647,False,0,,0,"[0.236102, 0.443246, 0.181496, 0.082645, 0.056512]"
Squirrel,client,42,673,0,MR,F,evaluation,1,0,0.5233060121536255,0,0.6547627449035645,True,1,0.0,1,"[0.080827, 0.719927, 0.066426, 0.123146, 0.009673]"
Squirrel,client,42,677,0,MR,F,evaluation,1,0,0.5422349572181702,0,0.6547627449035645,True,23,0.2608695652173913,0,"[0.047879, 0.11915, 0.351885, 0.380248, 0.100838]"
Squirrel,client,42,679,0,MR,F,evaluation,0,0,0.5444477200508118,0,0.870914101600647,False,4,0.5,1,"[0.448142, 0.107939, 0.218301, 0.206482, 0.019136]"
Squirrel,client,42,690,0,MR,F,evaluation,0,0,0.3671385645866394,0,0.870914101600647,False,3,0.3333333333333333,0,"[0.229622, 0.226361, 0.158909, 0.251858, 0.13325]"
Squirrel,client,42,696,0,MR,F,evaluation,0,0,0.19261279702186584,0,0.870914101600647,False,1,0.0,0,"[0.016756, 0.200834, 0.31277, 0.410592, 0.059047]"
Squirrel,client,42,699,0,MR,F,evaluation,1,0,0.5969702005386353,0,0.6547627449035645,True,4,0.0,0,"[0.034365, 0.013203, 0.154262, 0.733029, 0.06514]"
Squirrel,client,42,711,0,MR,F,evaluation,0,0,0.27238965034484863,0,0.870914101600647,False,1,0.0,0,"[0.104466, 0.241826, 0.15116, 0.316751, 0.185796]"
Squirrel,client,42,721,0,MR,F,evaluation,2,0,0.3229144215583801,0,0.5775445699691772,False,3,0.0,0,"[0.409413, 0.220891, 0.122746, 0.175862, 0.071088]"
Squirrel,client,42,726,0,MR,F,evaluation,3,0,0.4502245783805847,0,0.6547627449035645,True,9,0.2222222222222222,1,"[0.181263, 0.160279, 0.191881, 0.313318, 0.153258]"
Squirrel,client,42,727,0,MR,F,evaluation,0,0,0.4153355360031128,0,0.870914101600647,False,5,0.4,1,"[0.280556, 0.169126, 0.226719, 0.181184, 0.142414]"
Squirrel,client,42,730,0,MR,F,evaluation,1,0,0.5005890727043152,0,0.6547627449035645,True,14,0.14285714285714285,0,"[0.117609, 0.119118, 0.360516, 0.294189, 0.108569]"
Squirrel,client,42,737,0,MR,F,evaluation,4,0,0.5657851099967957,0,0.6547627449035645,True,10,0.3,0,"[0.009715, 0.142864, 0.305786, 0.506464, 0.035171]"
Squirrel,client,42,741,0,MR,F,evaluation,0,0,0.1703324168920517,0,0.870914101600647,False,3,0.3333333333333333,0,"[0.008448, 0.236131, 0.397965, 0.263289, 0.094167]"
Squirrel,client,42,750,0,MR,F,evaluation,4,0,0.4961202144622803,0,0.6547627449035645,True,15,0.2,0,"[0.124699, 0.120665, 0.136952, 0.481978, 0.135707]"
Squirrel,client,42,755,0,MR,F,evaluation,1,0,0.3964793086051941,0,0.6547627449035645,True,1,0.0,0,"[0.333706, 0.218183, 0.129561, 0.206281, 0.112269]"
Squirrel,client,42,758,0,MR,F,evaluation,2,0,0.39282000064849854,0,0.5775445699691772,False,3,0.6666666666666666,0,"[0.259573, 0.053697, 0.289037, 0.327041, 0.070651]"
Squirrel,client,42,759,0,MR,F,evaluation,1,0,0.46002596616744995,0,0.6547627449035645,True,4,0.0,0,"[0.178079, 0.146696, 0.296606, 0.29878, 0.07984]"
Squirrel,client,42,763,0,MR,F,evaluation,1,0,0.39722752571105957,0,0.6547627449035645,True,23,0.30434782608695654,0,"[0.33425, 0.171905, 0.095093, 0.302807, 0.095945]"
Squirrel,client,42,771,0,MR,F,evaluation,1,0,0.44396618008613586,0,0.6547627449035645,True,5,0.4,1,"[0.15234, 0.485416, 0.155297, 0.12156, 0.085388]"
Squirrel,client,42,774,0,MR,F,evaluation,0,0,0.34646788239479065,0,0.870914101600647,False,4,0.0,0,"[0.184594, 0.155494, 0.166249, 0.36821, 0.125454]"
Squirrel,client,42,784,0,MR,F,evaluation,1,0,0.4073673188686371,0,0.6547627449035645,True,2,0.5,0,"[0.31927, 0.149768, 0.11858, 0.161565, 0.250817]"
Squirrel,client,42,789,0,MR,F,evaluation,3,0,0.519870936870575,0,0.6547627449035645,True,6,0.16666666666666666,1,"[0.080899, 0.107386, 0.225296, 0.414163, 0.172256]"
Squirrel,client,42,791,0,MR,F,evaluation,0,0,0.45537009835243225,0,0.870914101600647,False,14,0.42857142857142855,0,"[0.317702, 0.12736, 0.188036, 0.323326, 0.043576]"
Squirrel,client,42,792,0,MR,F,evaluation,1,0,0.47920623421669006,0,0.6547627449035645,True,1,0.0,0,"[0.055896, 0.276376, 0.237009, 0.149991, 0.280727]"
Squirrel,client,42,793,0,MR,F,evaluation,0,0,0.5525199174880981,0,0.870914101600647,False,2,0.0,0,"[0.366113, 0.012665, 0.148312, 0.383237, 0.089673]"
Squirrel,client,42,795,0,MR,F,evaluation,3,0,0.5817673206329346,0,0.6547627449035645,True,4,0.0,1,"[0.01413, 0.085231, 0.113164, 0.665081, 0.122395]"
Squirrel,client,42,808,0,MR,F,evaluation,4,0,0.5950666666030884,0,0.6547627449035645,True,7,0.42857142857142855,0,"[0.018919, 0.064023, 0.167216, 0.710175, 0.039666]"
Squirrel,client,42,809,0,MR,F,evaluation,0,0,0.44277873635292053,0,0.870914101600647,False,4,0.25,1,"[0.28128, 0.167523, 0.130113, 0.255404, 0.165681]"
Squirrel,client,42,816,0,MR,F,evaluation,1,0,0.41824787855148315,0,0.6547627449035645,True,2,0.0,0,"[0.528244, 0.11349, 0.095072, 0.178978, 0.084216]"
Squirrel,client,42,819,0,MR,F,evaluation,4,0,0.532473623752594,0,0.6547627449035645,True,1,0.0,0,"[0.763884, 0.051626, 0.125347, 0.031994, 0.027149]"
Squirrel,client,42,821,0,MR,F,evaluation,1,0,0.3980618715286255,0,0.6547627449035645,True,3,0.0,0,"[0.364283, 0.141526, 0.152753, 0.190428, 0.151009]"
Squirrel,client,42,830,0,MR,F,evaluation,0,0,0.48603615164756775,0,0.870914101600647,False,11,0.18181818181818182,1,"[0.349027, 0.144663, 0.177326, 0.237278, 0.091707]"
Squirrel,client,42,832,0,MR,F,evaluation,2,0,0.4779593050479889,0,0.5775445699691772,False,4,0.5,0,"[0.036315, 0.148975, 0.331624, 0.382127, 0.100959]"
Squirrel,client,42,835,0,MR,F,evaluation,1,0,0.39474964141845703,0,0.6547627449035645,True,5,0.2,0,"[0.336799, 0.19302, 0.120173, 0.269706, 0.080302]"
Squirrel,client,42,837,0,MR,F,evaluation,2,0,0.43372705578804016,0,0.5775445699691772,False,2,0.0,0,"[0.106892, 0.101563, 0.296727, 0.301972, 0.192845]"
Squirrel,client,42,840,0,MR,F,evaluation,0,0,0.22881151735782623,0,0.870914101600647,False,2,0.0,0,"[0.049305, 0.083999, 0.100314, 0.626777, 0.139605]"
Squirrel,client,42,851,0,MR,F,evaluation,2,0,0.4456844925880432,0,0.5775445699691772,False,3,0.3333333333333333,0,"[0.334732, 0.022901, 0.327396, 0.243014, 0.071957]"
Squirrel,client,42,852,0,MR,F,evaluation,2,0,0.2568804621696472,0,0.5775445699691772,False,3,0.3333333333333333,0,"[0.02296, 0.113502, 0.209784, 0.505962, 0.147792]"
Squirrel,client,42,854,0,MR,F,evaluation,4,0,0.5757095217704773,0,0.6547627449035645,True,2,0.5,0,"[0.012504, 0.010822, 0.15733, 0.512866, 0.306478]"
Squirrel,client,42,862,0,MR,F,evaluation,4,0,0.5189826488494873,0,0.6547627449035645,True,2,0.0,0,"[0.082688, 0.133406, 0.454319, 0.226792, 0.102795]"
Squirrel,client,42,867,0,MR,F,evaluation,2,0,0.14767293632030487,0,0.5775445699691772,False,10,0.7,0,"[0.040443, 0.176931, 0.109262, 0.657155, 0.016209]"
Squirrel,client,42,868,0,MR,F,evaluation,0,0,0.5254352688789368,0,0.870914101600647,False,3,0.3333333333333333,1,"[0.400924, 0.138845, 0.176822, 0.20705, 0.076359]"
Squirrel,client,42,869,0,MR,F,evaluation,4,0,0.40072306990623474,0,0.6547627449035645,True,1,0.0,0,"[0.455949, 0.130155, 0.126022, 0.185916, 0.101958]"
Squirrel,client,42,877,0,MR,F,evaluation,1,0,0.4245052933692932,0,0.6547627449035645,True,2,0.0,0,"[0.286901, 0.06542, 0.065113, 0.437495, 0.145071]"
Squirrel,client,42,888,0,MR,F,evaluation,0,0,0.3353123962879181,0,0.870914101600647,False,10,0.1,0,"[0.170409, 0.140153, 0.226192, 0.318376, 0.14487]"
Squirrel,client,42,889,0,MR,F,evaluation,0,0,0.2715364396572113,0,0.870914101600647,False,2,0.5,0,"[0.118238, 0.252043, 0.099906, 0.445385, 0.084428]"
Squirrel,client,42,892,0,MR,F,evaluation,3,0,0.4331890046596527,0,0.6547627449035645,True,7,0.14285714285714285,0,"[0.596978, 0.017716, 0.129511, 0.160019, 0.095776]"
Squirrel,client,42,895,0,MR,F,evaluation,1,0,0.4106532335281372,0,0.6547627449035645,True,2,0.5,0,"[0.338723, 0.048857, 0.085102, 0.381007, 0.146311]"
Squirrel,client,42,902,0,MR,F,evaluation,0,0,0.42450886964797974,0,0.870914101600647,False,11,0.09090909090909091,0,"[0.258496, 0.082401, 0.133212, 0.460386, 0.065505]"
Squirrel,client,42,905,0,MR,F,evaluation,1,0,0.39753401279449463,0,0.6547627449035645,True,1,0.0,0,"[0.455766, 0.172435, 0.141972, 0.178914, 0.050914]"
Squirrel,client,42,907,0,MR,F,evaluation,2,0,0.25568610429763794,0,0.5775445699691772,False,7,0.0,0,"[0.028405, 0.225406, 0.172105, 0.522147, 0.051937]"
Squirrel,client,42,912,0,MR,F,evaluation,0,0,0.28350159525871277,0,0.870914101600647,False,2,0.0,0,"[0.113487, 0.053809, 0.181733, 0.607488, 0.043484]"
Squirrel,client,42,913,0,MR,F,evaluation,3,0,0.5373073816299438,0,0.6547627449035645,True,10,0.3,1,"[0.089368, 0.076421, 0.247743, 0.527236, 0.059231]"
Squirrel,client,42,919,0,MR,F,evaluation,2,0,0.46568766236305237,0,0.5775445699691772,False,17,0.11764705882352941,0,"[0.094385, 0.129986, 0.320317, 0.353242, 0.10207]"
Squirrel,client,42,925,0,MR,F,evaluation,2,0,0.10765354335308075,0,0.5775445699691772,False,2,0.0,0,"[0.215479, 0.04748, 0.077761, 0.591601, 0.067679]"
Squirrel,client,42,932,0,MR,F,evaluation,1,0,0.548698902130127,0,0.6547627449035645,True,18,0.05555555555555555,0,"[0.084464, 0.039841, 0.206545, 0.57703, 0.092119]"
Squirrel,client,42,936,0,MR,F,evaluation,4,0,0.5043708086013794,0,0.6547627449035645,True,11,0.5454545454545454,0,"[0.09298, 0.168458, 0.345311, 0.331988, 0.061263]"
Squirrel,client,42,939,0,MR,F,evaluation,4,0,0.5402871370315552,0,0.6547627449035645,True,23,0.2608695652173913,0,"[0.049895, 0.126472, 0.348389, 0.38877, 0.086475]"
Squirrel,client,42,953,0,MR,F,evaluation,1,0,0.47717714309692383,0,0.6547627449035645,True,10,0.3,0,"[0.143819, 0.141224, 0.278233, 0.312816, 0.123908]"
Squirrel,client,42,957,0,MR,F,evaluation,2,0,0.3774207830429077,0,0.5775445699691772,False,5,0.0,0,"[0.122782, 0.20537, 0.213555, 0.288341, 0.169952]"
Squirrel,client,42,961,0,MR,F,evaluation,3,0,0.4207681119441986,0,0.6547627449035645,True,19,0.15789473684210525,1,"[0.295208, 0.084078, 0.196689, 0.374346, 0.049679]"
Squirrel,client,42,969,0,MR,F,evaluation,1,0,0.39144986867904663,0,0.6547627449035645,True,18,0.2777777777777778,0,"[0.382648, 0.167121, 0.118594, 0.267639, 0.063997]"
Squirrel,client,42,979,0,MR,F,evaluation,3,0,0.4497142434120178,0,0.6547627449035645,True,1,0.0,0,"[0.111653, 0.410151, 0.075756, 0.236828, 0.165613]"
Squirrel,client,42,980,0,MR,F,evaluation,1,0,0.480112224817276,0,0.6547627449035645,True,2,0.0,0,"[0.182678, 0.035749, 0.425781, 0.140291, 0.215502]"
Squirrel,client,42,989,0,MR,F,evaluation,0,0,0.2771778404712677,0,0.870914101600647,False,5,0.0,0,"[0.085072, 0.110982, 0.30697, 0.251821, 0.245154]"
Squirrel,client,42,996,0,MR,F,evaluation,4,0,0.46346256136894226,0,0.6547627449035645,True,1,1.0,0,"[0.081722, 0.341642, 0.133137, 0.325723, 0.117776]"
Squirrel,client,42,1000,0,MR,F,evaluation,4,0,0.6201723217964172,0,0.6547627449035645,True,4,0.5,0,"[0.016403, 0.00951, 0.111336, 0.840847, 0.021904]"
Squirrel,client,42,1002,0,MR,F,evaluation,2,0,0.4942973256111145,0,0.5775445699691772,False,3,0.3333333333333333,0,"[0.323825, 0.380456, 0.193913, 0.046973, 0.054834]"
Squirrel,client,42,1003,0,MR,F,evaluation,0,0,0.3396713435649872,0,0.870914101600647,False,4,0.25,0,"[0.215023, 0.152347, 0.293459, 0.267576, 0.071596]"
Squirrel,client,42,1016,0,MR,F,evaluation,3,0,0.4868031144142151,0,0.6547627449035645,True,15,0.13333333333333333,0,"[0.049305, 0.290622, 0.290701, 0.25071, 0.118661]"
Squirrel,client,42,1018,0,MR,F,evaluation,0,0,0.47914746403694153,0,0.870914101600647,False,0,,0,"[0.28458, 0.127662, 0.074203, 0.125041, 0.388514]"
Squirrel,client,42,1024,0,MR,F,evaluation,3,0,0.5153446197509766,0,0.6547627449035645,True,2,0.5,1,"[0.117875, 0.093455, 0.359488, 0.402045, 0.027137]"
Squirrel,client,42,1035,0,MR,F,evaluation,0,0,0.23317770659923553,0,0.870914101600647,False,3,0.0,0,"[0.054923, 0.041862, 0.006318, 0.109583, 0.787314]"
Squirrel,client,42,1039,0,MR,F,evaluation,2,0,0.8380559086799622,1,0.5775445699691772,False,1,0.0,1,"[0.013733, 0.002792, 0.867073, 0.011397, 0.105006]"
Squirrel,client,42,1040,0,MR,F,evaluation,1,0,0.6094777584075928,0,0.6547627449035645,True,5,0.2,0,"[0.003842, 0.030407, 0.223188, 0.699542, 0.043021]"
Squirrel,client,42,1043,0,MR,F,evaluation,2,0,0.32171115279197693,0,0.5775445699691772,False,8,0.375,0,"[0.042713, 0.0088, 0.330286, 0.591994, 0.026207]"
Squirrel,client,42,1058,0,MR,F,evaluation,4,0,0.6210567951202393,0,0.6547627449035645,True,0,,0,"[0.019764, 0.001193, 0.12235, 0.845662, 0.01103]"
Squirrel,client,42,1059,0,MR,F,evaluation,4,0,0.453329861164093,0,0.6547627449035645,True,2,0.5,0,"[0.157045, 0.210175, 0.320037, 0.19585, 0.116893]"
Squirrel,client,42,1064,0,MR,F,evaluation,4,0,0.5127971768379211,0,0.6547627449035645,True,2,0.5,0,"[0.107796, 0.065143, 0.248585, 0.377878, 0.200597]"
Squirrel,client,42,1070,0,MR,F,evaluation,0,0,0.6778326630592346,0,0.870914101600647,False,2,0.0,1,"[0.565994, 0.165129, 0.043129, 0.120145, 0.105603]"
Squirrel,client,42,1071,0,MR,F,evaluation,1,0,0.5231191515922546,0,0.6547627449035645,True,3,0.0,0,"[0.055761, 0.140574, 0.244593, 0.377242, 0.181829]"
Squirrel,client,42,1082,0,MR,F,evaluation,0,0,0.2861403524875641,0,0.870914101600647,False,4,0.5,0,"[0.129746, 0.088008, 0.038451, 0.698433, 0.045363]"
Squirrel,client,42,1085,0,MR,F,evaluation,3,0,0.48814013600349426,0,0.6547627449035645,True,3,0.3333333333333333,1,"[0.122471, 0.165432, 0.220471, 0.416135, 0.075491]"
Squirrel,client,42,1092,0,MR,F,evaluation,0,0,0.22330701351165771,0,0.870914101600647,False,4,0.0,0,"[0.037414, 0.011957, 0.226233, 0.698942, 0.025454]"
Squirrel,client,42,1101,0,MR,F,evaluation,1,0,0.5049865245819092,0,0.6547627449035645,True,1,0.0,0,"[0.132864, 0.074358, 0.083327, 0.556965, 0.152486]"
Squirrel,client,42,1103,0,MR,F,evaluation,2,0,0.16973017156124115,0,0.5775445699691772,False,7,0.0,0,"[0.003323, 0.015566, 0.211181, 0.686002, 0.083927]"
Squirrel,client,42,1105,0,MR,F,evaluation,3,0,0.5245178937911987,0,0.6547627449035645,True,2,0.0,1,"[0.125743, 0.00778, 0.157433, 0.558852, 0.150192]"
Squirrel,client,42,1106,0,MR,F,evaluation,2,0,0.5118404626846313,0,0.5775445699691772,False,4,0.0,1,"[0.081682, 0.082369, 0.376364, 0.339323, 0.120262]"
Squirrel,client,42,1109,0,MR,F,evaluation,3,0,0.5266698002815247,0,0.6547627449035645,True,2,0.0,1,"[0.092999, 0.022573, 0.245017, 0.363298, 0.276113]"
Squirrel,client,42,1113,0,MR,F,evaluation,4,0,0.5147511959075928,0,0.6547627449035645,True,2,1.0,0,"[0.022966, 0.244007, 0.23924, 0.375262, 0.118525]"
Squirrel,client,42,1117,0,MR,F,evaluation,3,0,0.4920499324798584,0,0.6547627449035645,True,18,0.2222222222222222,1,"[0.157652, 0.07235, 0.205808, 0.474999, 0.089191]"
Squirrel,client,42,1119,0,MR,F,evaluation,3,0,0.4744926393032074,0,0.6547627449035645,True,4,0.0,1,"[0.133564, 0.175923, 0.210058, 0.361851, 0.118604]"
Squirrel,client,42,1123,0,MR,F,evaluation,1,0,0.6661102771759033,1,0.6547627449035645,True,0,,0,"[0.954441, 0.015593, 0.003994, 0.023591, 0.002381]"
Squirrel,client,42,1128,0,MR,F,evaluation,1,0,0.5250126123428345,0,0.6547627449035645,True,3,0.0,0,"[0.145106, 0.003791, 0.430509, 0.409582, 0.011013]"
Squirrel,client,42,1132,0,MR,F,evaluation,3,0,0.6077536344528198,0,0.6547627449035645,True,5,0.0,1,"[0.001993, 0.01334, 0.387643, 0.559961, 0.037063]"
Squirrel,client,42,1135,0,MR,F,evaluation,2,0,0.5340776443481445,0,0.5775445699691772,False,1,0.0,1,"[0.128933, 0.144136, 0.331506, 0.210379, 0.185046]"
Squirrel,client,42,1136,0,MR,F,evaluation,4,0,0.6348413228988647,0,0.6547627449035645,True,15,0.4,0,"[0.001148, 0.016444, 0.063617, 0.913257, 0.005534]"
Squirrel,client,42,1142,0,MR,F,evaluation,1,0,0.44158267974853516,0,0.6547627449035645,True,1,0.0,0,"[0.214861, 0.120681, 0.232438, 0.251974, 0.180047]"
Squirrel,client,42,1144,0,MR,F,evaluation,4,0,0.5971280932426453,0,0.6547627449035645,True,4,0.5,0,"[0.043544, 0.003139, 0.176011, 0.743848, 0.033458]"
Squirrel,client,42,1149,0,MR,F,evaluation,4,0,0.4541545510292053,0,0.6547627449035645,True,9,0.6666666666666666,0,"[0.123728, 0.284666, 0.324557, 0.170033, 0.097016]"
Squirrel,client,42,1158,0,MR,F,evaluation,4,0,0.4761400818824768,0,0.6547627449035645,True,6,0.16666666666666666,0,"[0.192907, 0.057513, 0.267137, 0.417163, 0.06528]"
Squirrel,client,42,1162,0,MR,F,evaluation,4,0,0.4969860911369324,0,0.6547627449035645,True,6,0.5,0,"[0.061882, 0.238643, 0.406961, 0.184107, 0.108407]"
Squirrel,client,42,1163,0,MR,F,evaluation,2,0,0.4093288779258728,0,0.5775445699691772,False,3,0.0,0,"[0.14211, 0.191156, 0.243045, 0.311377, 0.112312]"
Squirrel,client,42,1164,0,MR,F,evaluation,1,0,0.5146955251693726,0,0.6547627449035645,True,1,0.0,0,"[0.132607, 0.086316, 0.074508, 0.636356, 0.070214]"
Squirrel,client,42,1165,0,MR,F,evaluation,1,0,0.5225619077682495,0,0.6547627449035645,True,0,,0,"[0.127012, 0.016417, 0.317822, 0.424768, 0.113981]"
Squirrel,client,42,1168,0,MR,F,evaluation,4,0,0.39585259556770325,0,0.6547627449035645,True,2,1.0,0,"[0.340806, 0.149771, 0.439465, 0.023452, 0.046507]"
Squirrel,client,42,1180,0,MR,F,evaluation,0,0,0.5277245044708252,0,0.870914101600647,False,1,0.0,1,"[0.443698, 0.192208, 0.161252, 0.111583, 0.091258]"
Squirrel,client,42,1181,0,MR,F,evaluation,1,0,0.5433542132377625,0,0.6547627449035645,True,4,0.0,0,"[0.097458, 0.029913, 0.41939, 0.393994, 0.059244]"
Squirrel,client,42,1182,0,MR,F,evaluation,4,0,0.4380893111228943,0,0.6547627449035645,True,2,0.5,0,"[0.205301, 0.176088, 0.312344, 0.203942, 0.102326]"
Squirrel,client,42,1185,0,MR,F,evaluation,4,0,0.4828965663909912,0,0.6547627449035645,True,4,0.5,0,"[0.205454, 0.006752, 0.26818, 0.468444, 0.05117]"
Squirrel,client,42,1192,0,MR,F,evaluation,2,0,0.24619656801223755,0,0.5775445699691772,False,6,0.16666666666666666,0,"[0.030006, 0.055458, 0.244773, 0.593491, 0.076272]"
Squirrel,client,42,1195,0,MR,F,evaluation,3,0,0.5993406772613525,0,0.6547627449035645,True,5,0.0,1,"[0.013695, 0.020855, 0.396418, 0.537145, 0.031887]"
Squirrel,client,42,1198,0,MR,F,evaluation,2,0,0.27356356382369995,0,0.5775445699691772,False,0,,0,"[0.552579, 0.244646, 0.046104, 0.076361, 0.08031]"
Squirrel,client,42,1204,0,MR,F,evaluation,1,0,0.5279906392097473,0,0.6547627449035645,True,0,,0,"[0.668178, 0.220742, 0.04158, 0.052133, 0.017367]"
Squirrel,client,42,1205,0,MR,F,evaluation,0,0,0.3637129068374634,0,0.870914101600647,False,2,0.0,0,"[0.229461, 0.165273, 0.223244, 0.312498, 0.069523]"
Squirrel,client,42,1211,0,MR,F,evaluation,2,0,0.18481744825839996,0,0.5775445699691772,False,14,0.21428571428571427,0,"[0.287757, 0.173108, 0.064212, 0.342963, 0.13196]"
Squirrel,client,42,1218,0,MR,F,evaluation,3,0,0.46471378207206726,0,0.6547627449035645,True,5,0.0,1,"[0.154631, 0.165423, 0.20593, 0.346011, 0.128005]"
Squirrel,client,42,1230,0,MR,F,evaluation,0,0,0.2511402368545532,0,0.870914101600647,False,4,0.0,0,"[0.073323, 0.132927, 0.299656, 0.367021, 0.127072]"
Squirrel,client,42,1236,0,MR,F,evaluation,1,0,0.5728979706764221,0,0.6547627449035645,True,6,0.3333333333333333,0,"[0.05935, 0.022538, 0.180314, 0.652566, 0.085233]"
Squirrel,client,42,1238,0,MR,F,evaluation,2,0,0.23006048798561096,0,0.5775445699691772,False,1,0.0,0,"[0.554719, 0.061361, 0.095941, 0.157301, 0.130678]"
Squirrel,client,42,1240,0,MR,F,evaluation,1,0,0.4709564447402954,0,0.6547627449035645,True,3,0.3333333333333333,0,"[0.117913, 0.213195, 0.275641, 0.250885, 0.142366]"
Squirrel,client,42,1260,0,MR,F,evaluation,3,0,0.595333993434906,0,0.6547627449035645,True,5,0.2,1,"[0.011358, 0.062826, 0.260433, 0.639579, 0.025804]"
Squirrel,client,42,1264,0,MR,F,evaluation,0,0,0.31443044543266296,0,0.870914101600647,False,1,0.0,0,"[0.201723, 0.212094, 0.257293, 0.25397, 0.074921]"
Squirrel,client,42,1267,0,MR,F,evaluation,2,0,0.09054675698280334,0,0.5775445699691772,False,2,0.0,0,"[0.001191, 0.019642, 0.129379, 0.823622, 0.026166]"
Squirrel,client,42,1270,0,MR,F,evaluation,2,0,0.3256131410598755,0,0.5775445699691772,False,1,0.0,0,"[9.6e-05, 0.034057, 0.331877, 0.627177, 0.006793]"
Squirrel,client,42,1274,0,MR,F,evaluation,1,0,0.531066358089447,0,0.6547627449035645,True,5,0.0,0,"[0.0194, 0.230275, 0.209849, 0.483362, 0.057114]"
Squirrel,client,42,1287,0,MR,F,evaluation,0,0,0.560158908367157,0,0.870914101600647,False,2,0.5,1,"[0.555461, 0.255111, 0.084573, 0.075361, 0.029494]"
Squirrel,client,42,1297,0,MR,F,evaluation,2,0,0.25839799642562866,0,0.5775445699691772,False,0,,0,"[0.841227, 0.021766, 0.110932, 0.022163, 0.003913]"
Squirrel,client,42,1300,0,MR,F,evaluation,0,0,0.2561199367046356,0,0.870914101600647,False,4,0.0,0,"[0.086512, 0.12422, 0.337128, 0.346019, 0.106121]"
Squirrel,client,42,1308,0,MR,F,evaluation,0,0,0.31286588311195374,0,0.870914101600647,False,2,0.5,0,"[0.15068, 0.056395, 0.285733, 0.491381, 0.015811]"
Squirrel,client,42,1310,0,MR,F,evaluation,4,0,0.6074639558792114,0,0.6547627449035645,True,5,0.4,0,"[0.006685, 0.010446, 0.458664, 0.512736, 0.011469]"
Squirrel,client,42,1315,0,MR,F,evaluation,1,0,0.4019429087638855,0,0.6547627449035645,True,2,0.0,0,"[0.385381, 0.090012, 0.166836, 0.165371, 0.1924]"
Squirrel,client,42,1322,0,MR,F,evaluation,2,0,0.3111465275287628,0,0.5775445699691772,False,5,0.0,0,"[0.046699, 0.285801, 0.180782, 0.437406, 0.049312]"
Squirrel,client,42,1323,0,MR,F,evaluation,3,0,0.5437434315681458,0,0.6547627449035645,True,8,0.0,1,"[0.120985, 0.048175, 0.061274, 0.751651, 0.017915]"
Squirrel,client,42,1325,0,MR,F,evaluation,3,0,0.5214127898216248,0,0.6547627449035645,True,3,0.6666666666666666,1,"[0.09031, 0.113225, 0.300748, 0.416112, 0.079606]"
Squirrel,client,42,1327,0,MR,F,evaluation,3,0,0.5235077738761902,0,0.6547627449035645,True,2,0.0,1,"[0.028593, 0.222805, 0.342625, 0.348697, 0.05728]"
Squirrel,client,42,1328,0,MR,F,evaluation,1,0,0.4051358699798584,0,0.6547627449035645,True,2,0.0,0,"[0.484939, 0.188977, 0.124059, 0.171843, 0.030182]"
Squirrel,client,42,1336,0,MR,F,evaluation,1,0,0.5578879117965698,0,0.6547627449035645,True,14,0.14285714285714285,0,"[0.034801, 0.101089, 0.201884, 0.542282, 0.119944]"
Squirrel,client,42,1340,0,MR,F,evaluation,4,0,0.4095962643623352,0,0.6547627449035645,True,1,1.0,0,"[0.377391, 0.029226, 0.425135, 0.052525, 0.115723]"
Squirrel,client,42,1353,0,MR,F,evaluation,0,0,0.4193938672542572,0,0.870914101600647,False,1,0.0,1,"[0.297569, 0.169648, 0.215696, 0.229971, 0.087116]"
Squirrel,client,42,1355,0,MR,F,evaluation,0,0,0.2496435046195984,0,0.870914101600647,False,2,0.0,0,"[0.063941, 0.165524, 0.162155, 0.40074, 0.20764]"
Squirrel,client,42,1358,0,MR,F,evaluation,0,0,0.4051741361618042,0,0.870914101600647,False,4,0.0,0,"[0.238943, 0.080237, 0.131308, 0.480143, 0.069369]"
Squirrel,client,42,1363,0,MR,F,evaluation,2,0,0.29720667004585266,0,0.5775445699691772,False,4,0.5,0,"[0.470322, 0.041615, 0.194853, 0.255924, 0.037286]"
Squirrel,client,42,1367,0,MR,F,evaluation,3,0,0.43649399280548096,0,0.6547627449035645,True,5,0.0,0,"[0.627042, 0.046157, 0.207205, 0.100779, 0.018818]"
Squirrel,client,42,1373,0,MR,F,evaluation,2,0,0.11198749393224716,0,0.5775445699691772,False,2,0.0,0,"[0.138472, 0.02543, 0.098483, 0.588077, 0.149538]"
Squirrel,client,42,1381,0,MR,F,evaluation,2,0,0.3446836471557617,0,0.5775445699691772,False,1,0.0,0,"[0.000192, 0.025189, 0.347441, 0.61053, 0.016648]"
Squirrel,client,42,1398,0,MR,F,evaluation,3,0,0.5602205395698547,0,0.6547627449035645,True,3,0.3333333333333333,1,"[0.026798, 0.11425, 0.217197, 0.539716, 0.10204]"
Squirrel,client,42,1402,0,MR,F,evaluation,0,0,0.2407599836587906,0,0.870914101600647,False,5,0.0,0,"[0.047733, 0.107376, 0.244969, 0.420008, 0.179914]"
Squirrel,client,42,1420,0,MR,F,evaluation,1,0,0.5692197680473328,0,0.6547627449035645,True,14,0.14285714285714285,0,"[0.028521, 0.082101, 0.23568, 0.555134, 0.098564]"
Squirrel,client,42,1423,0,MR,F,evaluation,4,0,0.40296581387519836,0,0.6547627449035645,True,1,0.0,0,"[0.484323, 0.032339, 0.274345, 0.128969, 0.080024]"
Squirrel,client,42,1431,0,MR,F,evaluation,3,0,0.5684274435043335,0,0.6547627449035645,True,2,0.5,0,"[0.774942, 0.087264, 0.043994, 0.041075, 0.052726]"
Squirrel,client,42,1443,0,MR,F,evaluation,2,0,0.3824273943901062,0,0.5775445699691772,False,14,0.14285714285714285,0,"[0.073307, 0.078813, 0.299515, 0.423999, 0.124366]"
Squirrel,client,42,1445,0,MR,F,evaluation,1,0,0.48635202646255493,0,0.6547627449035645,True,1,0.0,0,"[0.684727, 0.041886, 0.143665, 0.036455, 0.093267]"
Squirrel,client,42,1448,0,MR,F,evaluation,0,0,0.23473773896694183,0,0.870914101600647,False,3,0.0,0,"[0.056417, 0.04652, 0.007574, 0.098151, 0.791338]"
Squirrel,client,42,1460,0,MR,F,evaluation,2,0,0.22056865692138672,0,0.5775445699691772,False,2,0.0,0,"[0.002734, 0.028822, 0.253815, 0.669974, 0.044656]"
Squirrel,client,42,1470,0,MR,F,evaluation,4,0,0.5553233623504639,0,0.6547627449035645,True,4,0.25,0,"[0.072617, 0.058245, 0.319808, 0.523542, 0.025788]"
Squirrel,client,42,1491,0,MR,F,evaluation,2,0,0.7045042514801025,1,0.5775445699691772,False,0,,1,"[0.148748, 0.131536, 0.472031, 0.089374, 0.15831]"
Squirrel,client,42,1498,0,MR,F,evaluation,1,0,0.4235767424106598,0,0.6547627449035645,True,1,0.0,0,"[0.429021, 0.311659, 0.14581, 0.039274, 0.074237]"
Squirrel,client,42,1507,0,MR,F,evaluation,1,0,0.6041529178619385,0,0.6547627449035645,True,3,0.3333333333333333,0,"[0.006811, 0.053499, 0.224735, 0.693429, 0.021527]"
Squirrel,client,42,1513,0,MR,F,evaluation,1,0,0.47632619738578796,0,0.6547627449035645,True,2,0.0,0,"[0.187696, 0.010945, 0.310801, 0.195564, 0.294994]"
Squirrel,client,42,1514,0,MR,F,evaluation,2,0,0.07732176780700684,0,0.5775445699691772,False,0,,0,"[0.256133, 0.008536, 0.039098, 0.60852, 0.087712]"
Squirrel,client,42,1515,0,MR,F,evaluation,0,0,0.506078839302063,0,0.870914101600647,False,4,0.0,0,"[0.339413, 0.090261, 0.10519, 0.40672, 0.058417]"
Squirrel,client,42,1529,0,MR,F,evaluation,1,0,0.4004974663257599,0,0.6547627449035645,True,8,0.25,0,"[0.323502, 0.176827, 0.113601, 0.234731, 0.151339]"
Squirrel,client,42,1536,0,MR,F,evaluation,0,0,0.4281795918941498,0,0.870914101600647,False,0,,1,"[0.444289, 0.342002, 0.081739, 0.111041, 0.020929]"
Squirrel,client,42,1544,0,MR,F,evaluation,1,0,0.5002541542053223,0,0.6547627449035645,True,5,0.6,0,"[0.071847, 0.104621, 0.047943, 0.296557, 0.479033]"
Squirrel,client,42,1564,0,MR,F,evaluation,3,0,0.5387296676635742,0,0.6547627449035645,True,21,0.38095238095238093,1,"[0.095555, 0.052028, 0.22042, 0.551223, 0.080773]"
Squirrel,client,42,1579,0,MR,F,evaluation,3,0,0.39893224835395813,0,0.6547627449035645,True,19,0.15789473684210525,0,"[0.473896, 0.033185, 0.099524, 0.329584, 0.06381]"
Squirrel,client,42,1582,0,MR,F,evaluation,3,0,0.4462488889694214,0,0.6547627449035645,True,12,0.25,1,"[0.174157, 0.213551, 0.189321, 0.340877, 0.082094]"
Squirrel,client,42,1583,0,MR,F,evaluation,1,0,0.46878957748413086,0,0.6547627449035645,True,7,0.0,0,"[0.199678, 0.059541, 0.221466, 0.417659, 0.101657]"
Squirrel,client,42,1586,0,MR,F,evaluation,1,0,0.39619484543800354,0,0.6547627449035645,True,7,0.42857142857142855,0,"[0.399729, 0.076587, 0.113207, 0.361099, 0.049378]"
Squirrel,client,42,1588,0,MR,F,evaluation,0,0,0.15934400260448456,0,0.870914101600647,False,0,,0,"[0.142594, 0.304282, 0.455207, 0.047555, 0.050362]"
Squirrel,client,42,1596,0,MR,F,evaluation,4,0,0.412733256816864,0,0.6547627449035645,True,6,0.16666666666666666,0,"[0.217293, 0.37418, 0.129645, 0.258708, 0.020173]"
Squirrel,client,42,1597,0,MR,F,evaluation,0,0,0.19750536978244781,0,0.870914101600647,False,2,0.0,0,"[0.000215, 0.011236, 0.241833, 0.719022, 0.027694]"
Squirrel,client,42,1604,0,MR,F,evaluation,2,0,0.6922734379768372,1,0.5775445699691772,False,0,,1,"[0.186042, 0.016873, 0.577497, 0.188736, 0.030852]"
Squirrel,client,42,1629,0,MR,F,evaluation,4,0,0.4959873855113983,0,0.6547627449035645,True,9,0.1111111111111111,0,"[0.104248, 0.173835, 0.147149, 0.466961, 0.107808]"
Squirrel,client,42,1633,0,MR,F,evaluation,4,0,0.46307387948036194,0,0.6547627449035645,True,1,0.0,0,"[0.084368, 0.358336, 0.113327, 0.372659, 0.07131]"
Squirrel,client,42,1638,0,MR,F,evaluation,0,0,0.6844824552536011,0,0.870914101600647,False,1,0.0,1,"[0.542665, 0.021301, 0.234014, 0.036424, 0.165595]"
Squirrel,client,42,1646,0,MR,F,evaluation,4,0,0.530576229095459,0,0.6547627449035645,True,1,1.0,0,"[0.055975, 0.125444, 0.207649, 0.445598, 0.165334]"
Squirrel,client,42,1650,0,MR,F,evaluation,2,0,0.41217973828315735,0,0.5775445699691772,False,2,0.0,1,"[0.195866, 0.120361, 0.250695, 0.229958, 0.203121]"
Squirrel,client,42,1657,0,MR,F,evaluation,3,0,0.4546992778778076,0,0.6547627449035645,True,1,0.0,1,"[0.254361, 0.015336, 0.299069, 0.375815, 0.055418]"
Squirrel,client,42,1660,0,MR,F,evaluation,1,0,0.5191958546638489,0,0.6547627449035645,True,6,0.0,0,"[0.081822, 0.116963, 0.304477, 0.358194, 0.138544]"
Squirrel,client,42,1662,0,MR,F,evaluation,2,0,0.1341829150915146,0,0.5775445699691772,False,3,0.0,0,"[0.06876, 0.097058, 0.098515, 0.554259, 0.181409]"
Squirrel,client,42,1678,0,MR,F,evaluation,1,0,0.6183557510375977,0,0.6547627449035645,True,3,0.0,0,"[0.026689, 0.009117, 0.016397, 0.900733, 0.047064]"
Squirrel,client,42,1680,0,MR,F,evaluation,2,0,0.16303536295890808,0,0.5775445699691772,False,2,0.0,0,"[0.001645, 0.027945, 0.209027, 0.731302, 0.03008]"
Squirrel,client,42,1681,0,MR,F,evaluation,4,0,0.4863719940185547,0,0.6547627449035645,True,8,0.625,0,"[0.1247, 0.158199, 0.344588, 0.280886, 0.091628]"
Squirrel,client,42,1683,0,MR,F,evaluation,4,0,0.6323434710502625,0,0.6547627449035645,True,8,0.25,0,"[0.008082, 0.004985, 0.025262, 0.9271, 0.034571]"
Squirrel,client,42,1691,0,MR,F,evaluation,4,0,0.611311674118042,0,0.6547627449035645,True,2,0.5,0,"[0.001005, 0.012909, 0.361198, 0.603197, 0.021691]"
Squirrel,client,42,1694,0,MR,F,evaluation,0,0,0.522756040096283,0,0.870914101600647,False,2,0.5,1,"[0.381272, 0.166315, 0.067789, 0.343837, 0.040788]"
Squirrel,client,42,1701,0,MR,F,evaluation,1,0,0.4037753641605377,0,0.6547627449035645,True,1,0.0,0,"[0.271155, 0.242992, 0.216548, 0.17115, 0.098155]"
Squirrel,client,42,1705,0,MR,F,evaluation,2,0,0.6447227001190186,1,0.5775445699691772,False,1,0.0,1,"[0.002969, 0.011116, 0.477991, 0.054332, 0.453592]"
Squirrel,client,42,1711,0,MR,F,evaluation,2,0,0.37208622694015503,0,0.5775445699691772,False,7,0.0,0,"[0.328811, 0.207359, 0.181979, 0.235361, 0.04649]"
Squirrel,client,42,1721,0,MR,F,evaluation,2,0,0.29772740602493286,0,0.5775445699691772,False,0,,0,"[0.69629, 0.203517, 0.061234, 0.015386, 0.023572]"
Squirrel,client,42,1737,0,MR,F,evaluation,4,0,0.532975435256958,0,0.6547627449035645,True,1,0.0,0,"[0.02662, 0.188647, 0.289682, 0.400915, 0.094135]"
Squirrel,client,42,1744,0,MR,F,evaluation,4,0,0.5708738565444946,0,0.6547627449035645,True,5,0.4,0,"[0.027556, 0.060365, 0.323992, 0.470088, 0.118]"
Squirrel,client,42,1745,0,MR,F,evaluation,0,0,0.6916149854660034,0,0.870914101600647,False,1,0.0,1,"[0.594094, 0.019392, 0.23366, 0.09319, 0.059664]"
Squirrel,client,42,1746,0,MR,F,evaluation,2,0,0.25061506032943726,0,0.5775445699691772,False,1,0.0,0,"[0.812027, 0.02052, 0.107159, 0.039371, 0.020923]"
Squirrel,client,42,1750,0,MR,F,evaluation,0,0,0.3856092393398285,0,0.870914101600647,False,1,0.0,1,"[0.275247, 0.249515, 0.155847, 0.214379, 0.105012]"
Squirrel,client,42,1754,0,MR,F,evaluation,0,0,0.3664984703063965,0,0.870914101600647,False,1,0.0,0,"[0.217094, 0.069809, 0.350165, 0.268641, 0.094292]"
Squirrel,client,42,1763,0,MR,F,evaluation,3,0,0.39541611075401306,0,0.6547627449035645,True,10,0.2,0,"[0.434752, 0.069697, 0.040093, 0.403958, 0.0515]"
Squirrel,client,42,1765,0,MR,F,evaluation,4,0,0.6089516282081604,0,0.6547627449035645,True,4,1.0,0,"[0.003742, 0.007495, 0.363037, 0.587013, 0.038713]"
Squirrel,client,42,1772,0,MR,F,evaluation,2,0,0.4281052350997925,0,0.5775445699691772,False,4,0.0,0,"[0.011507, 0.101264, 0.335044, 0.457794, 0.094392]"
Squirrel,client,42,1777,0,MR,F,evaluation,4,0,0.5130585432052612,0,0.6547627449035645,True,3,1.0,0,"[0.063098, 0.181206, 0.213246, 0.415973, 0.126476]"
Squirrel,client,42,1780,0,MR,F,evaluation,1,0,0.41281384229660034,0,0.6547627449035645,True,2,0.0,1,"[0.255094, 0.404993, 0.20433, 0.083479, 0.052104]"
Squirrel,client,42,1782,0,MR,F,evaluation,3,0,0.6284176707267761,0,0.6547627449035645,True,1,1.0,1,"[0.008232, 0.00225, 0.018001, 0.905779, 0.065738]"
Squirrel,client,42,1790,0,MR,F,evaluation,0,0,0.7570706605911255,0,0.870914101600647,False,0,,1,"[0.703817, 0.135031, 0.012857, 0.125813, 0.022482]"
Squirrel,client,42,1791,0,MR,F,evaluation,1,0,0.6281585097312927,0,0.6547627449035645,True,0,,0,"[0.898267, 0.02283, 0.050686, 0.015895, 0.012321]"
Squirrel,client,42,1802,0,MR,F,evaluation,0,0,0.4070976674556732,0,0.870914101600647,False,0,,0,"[0.375192, 0.090711, 0.404779, 0.115672, 0.013646]"
Squirrel,client,42,1812,0,MR,F,evaluation,3,0,0.4507914185523987,0,0.6547627449035645,True,7,0.2857142857142857,1,"[0.183569, 0.162233, 0.250213, 0.289375, 0.114611]"
Squirrel,client,42,1813,0,MR,F,evaluation,2,0,0.2010304033756256,0,0.5775445699691772,False,0,,0,"[0.269493, 0.024254, 0.174297, 0.476461, 0.055495]"
Squirrel,client,42,1816,0,MR,F,evaluation,1,0,0.6094781160354614,0,0.6547627449035645,True,2,0.0,0,"[0.001309, 0.039882, 0.22685, 0.69858, 0.03338]"
Squirrel,client,42,1823,0,MR,F,evaluation,4,0,0.6327822804450989,0,0.6547627449035645,True,3,0.3333333333333333,0,"[5e-05, 0.005555, 0.118735, 0.867094, 0.008567]"
Squirrel,client,42,1828,0,MR,F,evaluation,1,0,0.48831015825271606,0,0.6547627449035645,True,0,,0,"[0.590332, 0.273691, 0.034878, 0.097954, 0.003144]"
Squirrel,client,42,1829,0,MR,F,evaluation,2,0,0.1722596436738968,0,0.5775445699691772,False,4,0.25,0,"[0.331155, 0.077658, 0.105452, 0.431852, 0.053883]"
Squirrel,client,42,1831,0,MR,F,evaluation,3,0,0.4963029623031616,0,0.6547627449035645,True,3,0.0,1,"[0.138908, 0.069229, 0.271751, 0.355202, 0.16491]"
Squirrel,client,42,1835,0,MR,F,evaluation,3,0,0.47006139159202576,0,0.6547627449035645,True,1,0.0,0,"[0.152238, 0.152956, 0.336603, 0.235607, 0.122596]"
Squirrel,client,42,1850,0,MR,F,evaluation,0,0,0.37860801815986633,0,0.870914101600647,False,1,1.0,0,"[0.218056, 0.056819, 0.167756, 0.552204, 0.005165]"
Squirrel,client,42,1852,0,MR,F,evaluation,0,0,0.44050079584121704,0,0.870914101600647,False,0,,0,"[0.292145, 0.158502, 0.064957, 0.458845, 0.02555]"
Squirrel,client,42,1863,0,MR,F,evaluation,3,0,0.6261168122291565,0,0.6547627449035645,True,1,0.0,1,"[0.000107, 0.014324, 0.153666, 0.815671, 0.016233]"
Squirrel,client,42,1866,0,MR,F,evaluation,0,0,0.2713880240917206,0,0.870914101600647,False,1,0.0,0,"[0.132817, 0.256328, 0.204367, 0.301365, 0.105122]"
Squirrel,client,42,1867,0,MR,F,evaluation,4,0,0.424424946308136,0,0.6547627449035645,True,4,0.25,0,"[0.591012, 0.002914, 0.113169, 0.226624, 0.066281]"
Squirrel,client,42,1874,0,MR,F,evaluation,0,0,0.4286622107028961,0,0.870914101600647,False,1,0.0,0,"[0.328133, 0.096024, 0.349807, 0.138868, 0.087168]"
Squirrel,client,42,1890,0,MR,F,evaluation,2,0,0.09253530949354172,0,0.5775445699691772,False,1,1.0,0,"[0.006022, 0.015801, 0.134079, 0.821815, 0.022283]"
Squirrel,client,42,1891,0,MR,F,evaluation,1,0,0.40019991993904114,0,0.6547627449035645,True,7,0.0,1,"[0.278098, 0.306325, 0.202699, 0.144343, 0.068535]"
Squirrel,client,42,1894,0,MR,F,evaluation,3,0,0.5408018827438354,0,0.6547627449035645,True,3,0.0,1,"[0.040471, 0.118404, 0.282778, 0.397887, 0.16046]"
Squirrel,client,42,1908,0,MR,F,evaluation,3,0,0.39483442902565,0,0.6547627449035645,True,0,,0,"[0.390205, 0.131878, 0.154281, 0.217988, 0.105648]"
Squirrel,client,42,1915,0,MR,F,evaluation,4,0,0.6050539016723633,0,0.6547627449035645,True,2,0.5,0,"[0.035951, 0.013528, 0.111113, 0.808086, 0.031322]"
Squirrel,client,42,1918,0,MR,F,evaluation,4,0,0.5372775793075562,0,0.6547627449035645,True,5,0.4,0,"[0.05074, 0.145704, 0.190043, 0.516125, 0.097388]"
Squirrel,client,42,1933,0,MR,F,evaluation,0,0,0.24652613699436188,0,0.870914101600647,False,1,0.0,0,"[0.066387, 0.121566, 0.319554, 0.36799, 0.124503]"
Squirrel,client,42,1941,0,MR,F,evaluation,3,0,0.5070704221725464,0,0.6547627449035645,True,1,0.0,1,"[0.04606, 0.227893, 0.16362, 0.413754, 0.148675]"
Squirrel,client,42,1946,0,MR,F,evaluation,2,0,0.3007175028324127,0,0.5775445699691772,False,2,0.0,0,"[0.221399, 0.143829, 0.187977, 0.371873, 0.074923]"
Squirrel,client,42,1949,0,MR,F,evaluation,2,0,0.08858447521924973,0,0.5775445699691772,False,0,,0,"[0.256681, 0.038932, 0.014387, 0.461782, 0.228218]"
Squirrel,client,42,1954,0,MR,F,evaluation,2,0,0.5264942646026611,0,0.5775445699691772,False,0,,0,"[0.380744, 0.295245, 0.227317, 0.044207, 0.052487]"
Squirrel,client,42,1961,0,MR,F,evaluation,1,0,0.4542001485824585,0,0.6547627449035645,True,4,0.5,0,"[0.256627, 0.019306, 0.48526, 0.119529, 0.119277]"
Squirrel,client,42,1971,0,MR,F,evaluation,0,0,0.26833483576774597,0,0.870914101600647,False,0,,0,"[0.132236, 0.323699, 0.171833, 0.188718, 0.183514]"
Squirrel,client,42,1980,0,MR,F,evaluation,0,0,0.28892168402671814,0,0.870914101600647,False,1,0.0,0,"[0.196597, 0.294791, 0.168965, 0.318667, 0.020979]"
Squirrel,client,42,1982,0,MR,F,evaluation,1,0,0.5285040736198425,0,0.6547627449035645,True,1,0.0,0,"[0.016693, 0.218098, 0.33414, 0.346519, 0.084549]"
Squirrel,client,42,1987,0,MR,F,evaluation,3,0,0.5374295711517334,0,0.6547627449035645,True,1,0.0,1,"[0.126968, 0.028709, 0.181817, 0.659084, 0.003421]"
Squirrel,client,42,1992,0,MR,F,evaluation,1,0,0.39468827843666077,0,0.6547627449035645,True,1,0.0,0,"[0.346235, 0.219813, 0.152502, 0.181577, 0.099873]"
Squirrel,client,42,1993,0,MR,F,evaluation,1,0,0.47855693101882935,0,0.6547627449035645,True,0,,0,"[0.698754, 0.045212, 0.104822, 0.142651, 0.008562]"
Squirrel,client,42,1994,0,MR,F,evaluation,1,0,0.5563361048698425,0,0.6547627449035645,True,1,0.0,0,"[0.019523, 0.156154, 0.24018, 0.531355, 0.052789]"
Squirrel,client,42,2001,0,MR,F,evaluation,4,0,0.40904104709625244,0,0.6547627449035645,True,1,0.0,0,"[0.501064, 0.000993, 0.315705, 0.020495, 0.161742]"
Squirrel,client,42,2008,0,MR,F,evaluation,0,0,0.23878490924835205,0,0.870914101600647,False,2,0.0,0,"[0.051818, 0.085892, 0.200221, 0.527812, 0.134257]"
Squirrel,client,42,2024,0,MR,F,evaluation,2,0,0.36813488602638245,0,0.5775445699691772,False,2,0.0,0,"[0.010022, 0.185518, 0.266805, 0.499689, 0.037966]"
Squirrel,client,42,2039,0,MR,F,evaluation,3,0,0.6388674378395081,0,0.6547627449035645,True,2,0.5,1,"[0.000149, 0.006924, 0.041612, 0.939293, 0.012022]"
Squirrel,client,42,2042,0,MR,F,evaluation,1,0,0.50723797082901,0,0.6547627449035645,True,1,1.0,0,"[0.63881, 0.173187, 0.022736, 0.079628, 0.085639]"
Squirrel,client,42,2045,0,MR,F,evaluation,3,0,0.44589635729789734,0,0.6547627449035645,True,0,,1,"[0.275496, 0.017359, 0.21516, 0.472649, 0.019336]"
Squirrel,client,42,2049,0,MR,F,evaluation,0,0,0.3393106758594513,0,0.870914101600647,False,0,,0,"[0.154295, 0.048059, 0.363198, 0.221285, 0.213163]"
Squirrel,client,42,2058,0,MR,F,evaluation,3,0,0.42199504375457764,0,0.6547627449035645,True,3,0.3333333333333333,0,"[0.598584, 0.001666, 0.198816, 0.173886, 0.027048]"
Squirrel,client,42,2062,0,MR,F,evaluation,1,0,0.5145377516746521,0,0.6547627449035645,True,0,,0,"[0.631418, 0.264538, 0.047399, 0.05053, 0.006114]"
Squirrel,client,42,2066,0,MR,F,evaluation,0,0,0.6443702578544617,0,0.870914101600647,False,0,,1,"[0.601393, 0.135958, 0.155194, 0.067185, 0.04027]"
Squirrel,client,42,2073,0,MR,F,evaluation,3,0,0.581447958946228,0,0.6547627449035645,True,1,0.0,1,"[0.052271, 0.002836, 0.296147, 0.596567, 0.052179]"
Squirrel,client,42,2078,0,MR,F,evaluation,0,0,0.7070446610450745,0,0.870914101600647,False,0,,1,"[0.687903, 0.158096, 0.063465, 0.079285, 0.011251]"
Squirrel,client,42,2083,0,MR,F,evaluation,0,0,0.2021889090538025,0,0.870914101600647,False,0,,0,"[0.095559, 0.059308, 0.612618, 0.205183, 0.027332]"
Squirrel,client,42,2084,0,MR,F,evaluation,4,0,0.42746400833129883,0,0.6547627449035645,True,2,0.0,0,"[0.561958, 0.042278, 0.143535, 0.122238, 0.129991]"
Squirrel,client,42,2093,0,MR,F,evaluation,4,0,0.6388356685638428,0,0.6547627449035645,True,5,0.4,0,"[0.000432, 0.002889, 0.04637, 0.935684, 0.014625]"
Squirrel,client,42,2095,0,MR,F,evaluation,4,0,0.5649746656417847,0,0.6547627449035645,True,0,,1,"[0.003522, 0.014408, 0.415887, 0.070385, 0.495798]"
Squirrel,client,42,2100,0,MR,F,evaluation,2,0,0.5420284867286682,0,0.5775445699691772,False,0,,0,"[0.151288, 0.004709, 0.373101, 0.044635, 0.426269]"
Squirrel,client,42,2101,0,MR,F,evaluation,2,0,0.8311081528663635,1,0.5775445699691772,False,0,,1,"[0.061744, 0.000389, 0.878148, 0.041843, 0.017875]"
Squirrel,client,42,2104,0,MR,F,evaluation,2,0,0.25772082805633545,0,0.5775445699691772,False,0,,0,"[0.610632, 0.136029, 0.080737, 0.126453, 0.046148]"
Squirrel,client,42,2112,0,MR,F,evaluation,1,0,0.5939663648605347,0,0.6547627449035645,True,0,,0,"[0.809731, 0.095392, 0.023396, 0.041545, 0.029936]"
Squirrel,client,42,2115,0,MR,F,evaluation,2,0,0.7298486232757568,1,0.5775445699691772,False,0,,1,"[0.207585, 0.046067, 0.587866, 0.10938, 0.049103]"
Squirrel,client,42,2118,0,MR,F,evaluation,0,0,0.4799269139766693,0,0.870914101600647,False,1,1.0,1,"[0.372634, 0.042188, 0.353215, 0.194557, 0.037406]"
Squirrel,client,42,2119,0,MR,F,evaluation,1,0,0.5307874083518982,0,0.6547627449035645,True,2,0.5,0,"[0.023937, 0.035969, 0.020276, 0.275685, 0.644134]"
Squirrel,client,42,2147,0,MR,F,evaluation,0,0,0.36112040281295776,0,0.870914101600647,False,0,,0,"[0.257361, 0.073278, 0.418892, 0.187929, 0.06254]"
Squirrel,client,42,2153,0,MR,F,evaluation,1,0,0.4059085249900818,0,0.6547627449035645,True,0,,0,"[0.381614, 0.022144, 0.063653, 0.376966, 0.155623]"
Squirrel,client,42,2163,0,MR,F,evaluation,4,0,0.5196268558502197,0,0.6547627449035645,True,0,,0,"[0.018673, 0.250211, 0.285613, 0.379511, 0.065993]"
Squirrel,client,42,2165,0,MR,F,evaluation,3,0,0.5348984599113464,0,0.6547627449035645,True,0,,0,"[0.777269, 0.028237, 0.137692, 0.021369, 0.035434]"
Squirrel,client,42,2167,0,MR,F,evaluation,1,0,0.5924577713012695,0,0.6547627449035645,True,0,,0,"[0.864076, 0.011201, 0.101488, 0.014388, 0.008847]"
Squirrel,client,42,2180,0,MR,F,evaluation,2,0,0.18668854236602783,0,0.5775445699691772,False,1,0.0,0,"[0.34667, 0.284973, 0.024896, 0.330473, 0.012989]"
Squirrel,client,42,2181,0,MR,F,evaluation,2,0,0.4213889241218567,0,0.5775445699691772,False,0,,1,"[0.287649, 0.018034, 0.332091, 0.325492, 0.036734]"
Squirrel,client,42,2186,0,MR,F,evaluation,2,0,0.16072936356067657,0,0.5775445699691772,False,0,,0,"[0.551871, 0.061764, 0.059241, 0.308829, 0.018295]"
Squirrel,client,42,2205,0,MR,F,evaluation,3,0,0.5799715518951416,0,0.6547627449035645,True,0,,0,"[0.828872, 0.030931, 0.015523, 0.109829, 0.014845]"
Squirrel,client,42,2207,0,MR,F,evaluation,3,0,0.6409833431243896,0,0.6547627449035645,True,1,0.0,1,"[3.7e-05, 0.001677, 0.042741, 0.948656, 0.006889]"
Squirrel,client,42,2213,0,MR,F,evaluation,2,0,0.16595658659934998,0,0.5775445699691772,False,0,,0,"[0.078987, 0.365811, 0.04705, 0.503846, 0.004306]"
Squirrel,client,42,2216,0,MR,F,evaluation,4,0,0.6252779960632324,0,0.6547627449035645,True,0,,0,"[0.000229, 0.015922, 0.161497, 0.808181, 0.014171]"
Squirrel,client,42,2222,0,MR,F,evaluation,1,0,0.4229656457901001,0,0.6547627449035645,True,0,,0,"[0.503135, 0.238286, 0.022178, 0.22791, 0.008491]"
Squirrel,client,42,1227,6,MR,F,evaluation,3,0,0.3947305381298065,0,0.6547627449035645,True,6,0.5,0,"[0.369057, 0.200467, 0.13942, 0.185231, 0.105825]"
Squirrel,client,42,1229,6,MR,F,evaluation,2,0,0.4016435444355011,0,0.5775445699691772,False,5,0.2,0,"[0.213598, 0.078027, 0.285803, 0.33211, 0.090461]"
Squirrel,client,42,1235,6,MR,F,evaluation,0,0,0.21300272643566132,0,0.870914101600647,False,2,0.0,0,"[0.259466, 0.563635, 0.05245, 0.064815, 0.059634]"
Squirrel,client,42,1258,6,MR,F,evaluation,0,0,0.6799038648605347,0,0.870914101600647,False,0,,1,"[0.6507, 0.174192, 0.078944, 0.048899, 0.047265]"
Squirrel,client,42,1280,6,MR,F,evaluation,0,0,0.7544893026351929,0,0.870914101600647,False,15,0.26666666666666666,1,"[0.715175, 0.111179, 0.071283, 0.056126, 0.046238]"
Squirrel,client,42,1281,6,MR,F,evaluation,0,0,0.13660384714603424,0,0.870914101600647,False,1,0.0,0,"[0.170925, 0.654448, 0.066234, 0.072231, 0.036162]"
Squirrel,client,42,1292,6,MR,F,evaluation,0,0,0.4788886308670044,0,0.870914101600647,False,5,0.0,1,"[0.470493, 0.30626, 0.077025, 0.115253, 0.030969]"
Squirrel,client,42,1293,6,MR,F,evaluation,1,0,0.39707016944885254,0,0.6547627449035645,True,1,0.0,0,"[0.376771, 0.156968, 0.156867, 0.165797, 0.143598]"
Squirrel,client,42,1324,6,MR,F,evaluation,0,0,0.5794253349304199,0,0.870914101600647,False,1,0.0,1,"[0.527735, 0.212569, 0.106378, 0.094675, 0.058643]"
Squirrel,client,42,1344,6,MR,F,evaluation,1,0,0.40041881799697876,0,0.6547627449035645,True,3,0.0,0,"[0.315481, 0.240694, 0.138966, 0.165106, 0.139754]"
Squirrel,client,42,1357,6,MR,F,evaluation,1,0,0.5551071166992188,0,0.6547627449035645,True,8,0.125,0,"[0.754665, 0.115287, 0.052727, 0.052696, 0.024625]"
Squirrel,client,42,1364,6,MR,F,evaluation,0,0,0.7386223673820496,0,0.870914101600647,False,12,0.08333333333333333,1,"[0.680782, 0.112502, 0.08135, 0.068023, 0.057342]"
Squirrel,client,42,1368,6,MR,F,evaluation,2,0,0.28199806809425354,0,0.5775445699691772,False,4,0.0,0,"[0.634555, 0.126608, 0.095095, 0.082499, 0.061243]"
Squirrel,client,42,1379,6,MR,F,evaluation,0,0,0.5245493054389954,0,0.870914101600647,False,1,0.0,0,"[0.349672, 0.082504, 0.068578, 0.414322, 0.084924]"
Squirrel,client,42,1382,6,MR,F,evaluation,0,0,0.5116733312606812,0,0.870914101600647,False,1,0.0,1,"[0.386021, 0.165316, 0.172467, 0.151239, 0.124956]"
Squirrel,client,42,1404,6,MR,F,evaluation,2,0,0.3087344765663147,0,0.5775445699691772,False,4,0.25,0,"[0.574587, 0.176016, 0.101163, 0.092334, 0.0559]"
Squirrel,client,42,1405,6,MR,F,evaluation,0,0,0.42199623584747314,0,0.870914101600647,False,2,0.0,1,"[0.29263, 0.206881, 0.169445, 0.197663, 0.133381]"
Squirrel,client,42,1406,6,MR,F,evaluation,0,0,0.5894922018051147,0,0.870914101600647,False,3,0.0,1,"[0.53817, 0.222363, 0.080293, 0.109339, 0.049834]"
Squirrel,client,42,1429,6,MR,F,evaluation,0,0,0.5532283186912537,0,0.870914101600647,False,5,0.0,1,"[0.526228, 0.258741, 0.066857, 0.123699, 0.024475]"
Squirrel,client,42,1440,6,MR,F,evaluation,0,0,0.5431455969810486,0,0.870914101600647,False,1,0.0,1,"[0.403352, 0.129458, 0.177665, 0.164906, 0.124619]"
Squirrel,client,42,1487,6,MR,F,evaluation,0,0,0.5960585474967957,0,0.870914101600647,False,1,0.0,1,"[0.574444, 0.23132, 0.081746, 0.06924, 0.04325]"
Squirrel,client,42,1499,6,MR,F,evaluation,0,0,0.8401992321014404,0,0.870914101600647,False,2,0.0,1,"[0.874675, 0.059746, 0.029746, 0.02314, 0.012693]"
Squirrel,client,42,1500,6,MR,F,evaluation,2,0,0.30525654554367065,0,0.5775445699691772,False,4,0.25,0,"[0.547479, 0.153388, 0.110299, 0.104141, 0.084693]"
Squirrel,client,42,1505,6,MR,F,evaluation,1,0,0.403683066368103,0,0.6547627449035645,True,2,0.0,0,"[0.448853, 0.187638, 0.138052, 0.133287, 0.09217]"
Squirrel,client,42,1508,6,MR,F,evaluation,2,0,0.28072282671928406,0,0.5775445699691772,False,3,0.0,0,"[0.632738, 0.131778, 0.092776, 0.086332, 0.056376]"
Squirrel,client,42,1541,6,MR,F,evaluation,2,0,0.1757858544588089,0,0.5775445699691772,False,17,0.4117647058823529,0,"[0.944477, 0.029045, 0.01172, 0.010069, 0.004689]"
Squirrel,client,42,1549,6,MR,F,evaluation,3,0,0.4613758623600006,0,0.6547627449035645,True,4,0.0,0,"[0.550152, 0.249256, 0.081605, 0.07078, 0.048206]"
Squirrel,client,42,1554,6,MR,F,evaluation,1,0,0.45334482192993164,0,0.6547627449035645,True,5,0.0,1,"[0.118345, 0.290739, 0.18845, 0.23942, 0.163046]"
Squirrel,client,42,1572,6,MR,F,evaluation,3,0,0.4394686222076416,0,0.6547627449035645,True,5,0.0,0,"[0.12706, 0.375652, 0.347837, 0.115729, 0.033722]"
Squirrel,client,42,1578,6,MR,F,evaluation,0,0,0.5714696645736694,0,0.870914101600647,False,1,0.0,1,"[0.447024, 0.154709, 0.136016, 0.156838, 0.105413]"
Squirrel,client,42,1581,6,MR,F,evaluation,0,0,0.5746220350265503,0,0.870914101600647,False,1,0.0,1,"[0.450388, 0.167606, 0.12134, 0.142568, 0.118098]"
Squirrel,client,42,1612,6,MR,F,evaluation,1,0,0.5094866752624512,0,0.6547627449035645,True,2,0.0,0,"[0.691896, 0.120731, 0.073951, 0.078346, 0.035076]"
Squirrel,client,42,1619,6,MR,F,evaluation,3,0,0.45396435260772705,0,0.6547627449035645,True,4,0.0,0,"[0.507003, 0.301441, 0.084854, 0.063588, 0.043114]"
Squirrel,client,42,1632,6,MR,F,evaluation,1,0,0.4740094542503357,0,0.6547627449035645,True,5,0.0,0,"[0.624993, 0.142443, 0.079566, 0.097044, 0.055954]"
Squirrel,client,42,1634,6,MR,F,evaluation,0,0,0.17210321128368378,0,0.870914101600647,False,7,0.14285714285714285,0,"[0.119116, 0.560862, 0.084824, 0.130425, 0.104773]"
Squirrel,client,42,1640,6,MR,F,evaluation,1,0,0.39304134249687195,0,0.6547627449035645,True,1,0.0,0,"[0.390593, 0.191091, 0.128101, 0.209649, 0.080565]"
Squirrel,client,42,1643,6,MR,F,evaluation,3,0,0.39924347400665283,0,0.6547627449035645,True,4,0.0,0,"[0.317505, 0.192044, 0.14506, 0.218299, 0.127092]"
Squirrel,client,42,1648,6,MR,F,evaluation,0,0,0.7752688527107239,0,0.870914101600647,False,1,0.0,1,"[0.797332, 0.14752, 0.012998, 0.034033, 0.008118]"
Squirrel,client,42,1673,6,MR,F,evaluation,2,0,0.25506994128227234,0,0.5775445699691772,False,6,0.5,0,"[0.701853, 0.097697, 0.082655, 0.079359, 0.038436]"
Squirrel,client,42,1676,6,MR,F,evaluation,2,0,0.28798243403434753,0,0.5775445699691772,False,7,0.2857142857142857,0,"[0.607721, 0.140635, 0.094212, 0.081572, 0.07586]"
Squirrel,client,42,1706,6,MR,F,evaluation,4,0,0.4818125367164612,0,0.6547627449035645,True,13,0.38461538461538464,0,"[0.159355, 0.591697, 0.046, 0.148387, 0.054561]"
Squirrel,client,42,1739,6,MR,F,evaluation,1,0,0.595751166343689,0,0.6547627449035645,True,2,0.0,0,"[0.846488, 0.027988, 0.052097, 0.040136, 0.03329]"
Squirrel,client,42,1752,6,MR,F,evaluation,1,0,0.5517808198928833,0,0.6547627449035645,True,2,0.0,1,"[0.088879, 0.746561, 0.080882, 0.04514, 0.038539]"
Squirrel,client,42,1778,6,MR,F,evaluation,3,0,0.5257481932640076,0,0.6547627449035645,True,0,,0,"[0.66524, 0.217673, 0.036857, 0.059625, 0.020605]"
Squirrel,client,42,1789,6,MR,F,evaluation,0,0,0.8089495897293091,0,0.870914101600647,False,0,,1,"[0.834337, 0.114941, 0.005106, 0.039948, 0.005668]"
Squirrel,client,42,1794,6,MR,F,evaluation,2,0,0.7435150146484375,1,0.5775445699691772,False,0,,1,"[0.223149, 0.055037, 0.604418, 0.096348, 0.021048]"
Squirrel,client,42,1826,6,MR,F,evaluation,0,0,0.5659345388412476,0,0.870914101600647,False,1,0.0,1,"[0.45041, 0.167849, 0.13592, 0.137984, 0.107837]"
Squirrel,client,42,1855,6,MR,F,evaluation,1,0,0.3955339193344116,0,0.6547627449035645,True,1,0.0,0,"[0.40484, 0.142484, 0.177367, 0.160354, 0.114955]"
Squirrel,client,42,1858,6,MR,F,evaluation,1,0,0.3955635130405426,0,0.6547627449035645,True,1,0.0,0,"[0.363872, 0.19144, 0.145153, 0.179626, 0.11991]"
Squirrel,client,42,1879,6,MR,F,evaluation,3,0,0.640203595161438,0,0.6547627449035645,True,0,,0,"[0.914756, 0.015419, 0.033777, 0.018105, 0.017943]"
Squirrel,client,42,1900,6,MR,F,evaluation,1,0,0.39623621106147766,0,0.6547627449035645,True,1,0.0,0,"[0.416844, 0.176793, 0.14288, 0.168677, 0.094807]"
Squirrel,client,42,1904,6,MR,F,evaluation,2,0,0.38674482703208923,0,0.5775445699691772,False,6,0.5,0,"[0.526644, 0.16329, 0.169436, 0.090237, 0.050393]"
Squirrel,client,42,1909,6,MR,F,evaluation,2,0,0.31132692098617554,0,0.5775445699691772,False,3,0.0,0,"[0.423752, 0.176953, 0.123365, 0.15744, 0.11849]"
Squirrel,client,42,1925,6,MR,F,evaluation,2,0,0.3114781975746155,0,0.5775445699691772,False,2,0.0,0,"[0.488994, 0.169443, 0.116391, 0.127232, 0.09794]"
Squirrel,client,42,1935,6,MR,F,evaluation,1,0,0.5495925545692444,0,0.6547627449035645,True,0,,0,"[0.748398, 0.113709, 0.076387, 0.030417, 0.031088]"
Squirrel,client,42,1937,6,MR,F,evaluation,2,0,0.21727199852466583,0,0.5775445699691772,False,8,0.25,0,"[0.827349, 0.093737, 0.03383, 0.02888, 0.016204]"
Squirrel,client,42,1945,6,MR,F,evaluation,0,0,0.7535542845726013,0,0.870914101600647,False,2,0.0,1,"[0.712732, 0.108026, 0.070794, 0.074655, 0.033793]"
Squirrel,client,42,1962,6,MR,F,evaluation,2,0,0.44081437587738037,0,0.5775445699691772,False,1,0.0,0,"[0.498253, 0.136618, 0.222655, 0.083948, 0.058525]"
Squirrel,client,42,1964,6,MR,F,evaluation,2,0,0.2154761552810669,0,0.5775445699691772,False,1,0.0,0,"[0.26753, 0.13409, 0.110366, 0.345565, 0.142448]"
Squirrel,client,42,1967,6,MR,F,evaluation,0,0,0.5279205441474915,0,0.870914101600647,False,2,0.0,1,"[0.414459, 0.210461, 0.114862, 0.132438, 0.12778]"
Squirrel,client,42,1968,6,MR,F,evaluation,1,0,0.40538057684898376,0,0.6547627449035645,True,1,0.0,0,"[0.453572, 0.170965, 0.12841, 0.137842, 0.109211]"
Squirrel,client,42,2003,6,MR,F,evaluation,0,0,0.6459912061691284,0,0.870914101600647,False,5,0.0,1,"[0.553485, 0.159343, 0.09836, 0.101851, 0.08696]"
Squirrel,client,42,2004,6,MR,F,evaluation,1,0,0.43956613540649414,0,0.6547627449035645,True,6,0.16666666666666666,0,"[0.537407, 0.187205, 0.086342, 0.109772, 0.079273]"
Squirrel,client,42,2006,6,MR,F,evaluation,0,0,0.13492202758789062,0,0.870914101600647,False,1,0.0,0,"[0.170781, 0.659177, 0.063909, 0.073011, 0.033122]"
Squirrel,client,42,2009,6,MR,F,evaluation,3,0,0.5226831436157227,0,0.6547627449035645,True,0,,0,"[0.712521, 0.101184, 0.078132, 0.054227, 0.053936]"
Squirrel,client,42,2015,6,MR,F,evaluation,0,0,0.5696039199829102,0,0.870914101600647,False,1,0.0,1,"[0.453572, 0.170965, 0.12841, 0.137842, 0.109211]"
Squirrel,client,42,2030,6,MR,F,evaluation,2,0,0.39932897686958313,0,0.5775445699691772,False,1,0.0,0,"[0.326301, 0.206783, 0.186948, 0.167293, 0.112675]"
Squirrel,client,42,2067,6,MR,F,evaluation,0,0,0.3131345510482788,0,0.870914101600647,False,1,0.0,0,"[0.189801, 0.299783, 0.092628, 0.346005, 0.071782]"
Squirrel,client,42,2076,6,MR,F,evaluation,1,0,0.4433533549308777,0,0.6547627449035645,True,0,,0,"[0.514147, 0.299718, 0.144025, 0.0398, 0.002311]"
Squirrel,client,42,2080,6,MR,F,evaluation,2,0,0.29504361748695374,0,0.5775445699691772,False,6,0.16666666666666666,0,"[0.218444, 0.419119, 0.082581, 0.155414, 0.124441]"
Squirrel,client,42,2081,6,MR,F,evaluation,0,0,0.5689384341239929,0,0.870914101600647,False,1,0.0,1,"[0.448711, 0.176938, 0.114872, 0.147635, 0.111844]"
Squirrel,client,42,2085,6,MR,F,evaluation,3,0,0.47047099471092224,0,0.6547627449035645,True,4,0.0,0,"[0.598843, 0.185063, 0.071785, 0.093843, 0.050466]"
Squirrel,client,42,2086,6,MR,F,evaluation,1,0,0.47844839096069336,0,0.6547627449035645,True,1,0.0,1,"[0.157297, 0.596902, 0.091944, 0.114635, 0.039222]"
Squirrel,client,42,2117,6,MR,F,evaluation,1,0,0.4001913368701935,0,0.6547627449035645,True,3,0.0,0,"[0.358931, 0.237705, 0.11393, 0.159046, 0.130389]"
Squirrel,client,42,2120,6,MR,F,evaluation,4,0,0.4562314450740814,0,0.6547627449035645,True,4,0.25,0,"[0.310591, 0.47665, 0.056152, 0.085559, 0.071047]"
Squirrel,client,42,2121,6,MR,F,evaluation,2,0,0.213221937417984,0,0.5775445699691772,False,5,0.2,0,"[0.836324, 0.107769, 0.022727, 0.02698, 0.0062]"
Squirrel,client,42,2125,6,MR,F,evaluation,4,0,0.4814959764480591,0,0.6547627449035645,True,4,0.25,0,"[0.568549, 0.282793, 0.055669, 0.070419, 0.02257]"
Squirrel,client,42,2137,6,MR,F,evaluation,4,0,0.6055791974067688,0,0.6547627449035645,True,11,0.18181818181818182,0,"[0.827151, 0.110683, 0.01785, 0.04281, 0.001507]"
Squirrel,client,42,2143,6,MR,F,evaluation,2,0,0.7538703680038452,1,0.5775445699691772,False,0,,1,"[0.224023, 0.111247, 0.559577, 0.057453, 0.047699]"
Squirrel,client,42,2150,6,MR,F,evaluation,2,0,0.2884446084499359,0,0.5775445699691772,False,0,,0,"[0.57485, 0.365289, 0.019317, 0.022796, 0.017748]"
Squirrel,client,42,2155,6,MR,F,evaluation,4,0,0.49120673537254333,0,0.6547627449035645,True,0,,0,"[0.67572, 0.129057, 0.147164, 0.029587, 0.018472]"
Squirrel,client,42,2159,6,MR,F,evaluation,0,0,0.7997928261756897,0,0.870914101600647,False,1,0.0,1,"[0.816171, 0.101145, 0.037218, 0.034993, 0.010473]"
Squirrel,client,42,2178,6,MR,F,evaluation,1,0,0.42040252685546875,0,0.6547627449035645,True,0,,1,"[0.359167, 0.389065, 0.057287, 0.165754, 0.028727]"
Squirrel,client,42,2190,6,MR,F,evaluation,1,0,0.5914435386657715,0,0.6547627449035645,True,0,,0,"[0.785049, 0.15879, 0.025775, 0.023018, 0.007368]"
Squirrel,client,42,2202,6,MR,F,evaluation,4,0,0.5672624707221985,0,0.6547627449035645,True,0,,0,"[0.020712, 0.005362, 0.264329, 0.358116, 0.351481]"
Squirrel,client,42,2203,6,MR,F,evaluation,2,0,0.3134179413318634,0,0.5775445699691772,False,0,,0,"[0.259041, 0.211575, 0.160923, 0.326088, 0.042374]"
Squirrel,client,42,2206,6,MR,F,evaluation,1,0,0.6225228905677795,0,0.6547627449035645,True,1,0.0,0,"[0.878794, 0.045674, 0.036351, 0.028495, 0.010685]"
Squirrel,client,42,2220,6,MR,F,evaluation,0,0,0.7312281727790833,0,0.870914101600647,False,0,,1,"[0.73602, 0.153876, 0.055689, 0.042706, 0.011709]"
Squirrel,client,42,544,0,MR,H,evaluation,4,0,0.5449442267417908,0,0.6547627449035645,True,7,0.42857142857142855,0,"[0.048278, 0.174446, 0.106816, 0.63034, 0.04012]"
Squirrel,client,42,556,0,MR,H,evaluation,1,0,0.41360193490982056,0,0.6547627449035645,True,6,0.16666666666666666,0,"[0.291311, 0.113715, 0.136877, 0.245728, 0.212369]"
Squirrel,client,42,565,0,MR,H,evaluation,3,0,0.6044487357139587,0,0.6547627449035645,True,10,0.1,1,"[0.00811, 0.033964, 0.220024, 0.684469, 0.053433]"
Squirrel,client,42,578,0,MR,H,evaluation,1,0,0.4349590241909027,0,0.6547627449035645,True,2,0.0,0,"[0.587781, 0.102943, 0.085104, 0.185503, 0.038669]"
Squirrel,client,42,615,0,MR,H,evaluation,2,0,0.21900469064712524,0,0.5775445699691772,False,7,0.42857142857142855,0,"[0.046039, 0.151082, 0.156188, 0.482909, 0.163782]"
Squirrel,client,42,642,0,MR,H,evaluation,0,0,0.33106470108032227,0,0.870914101600647,False,9,0.0,0,"[0.175211, 0.201334, 0.17575, 0.296082, 0.151623]"
Squirrel,client,42,645,0,MR,H,evaluation,3,0,0.5335195064544678,0,0.6547627449035645,True,5,0.4,1,"[0.068664, 0.128247, 0.129998, 0.561495, 0.111597]"
Squirrel,client,42,648,0,MR,H,evaluation,0,0,0.8356677293777466,0,0.870914101600647,False,2,0.0,1,"[0.798177, 0.042299, 0.022443, 0.109316, 0.027764]"
Squirrel,client,42,666,0,MR,H,evaluation,2,0,0.46324050426483154,0,0.5775445699691772,False,3,0.3333333333333333,1,"[0.326863, 0.061975, 0.327372, 0.266886, 0.016903]"
Squirrel,client,42,676,0,MR,H,evaluation,4,0,0.42225247621536255,0,0.6547627449035645,True,2,0.5,0,"[0.382294, 0.381313, 0.06808, 0.146974, 0.02134]"
Squirrel,client,42,684,0,MR,H,evaluation,0,0,0.37338683009147644,0,0.870914101600647,False,4,0.0,0,"[0.212649, 0.139689, 0.195875, 0.322686, 0.1291]"
Squirrel,client,42,704,0,MR,H,evaluation,1,0,0.4111749231815338,0,0.6547627449035645,True,5,0.4,0,"[0.511034, 0.145713, 0.117708, 0.172678, 0.052866]"
Squirrel,client,42,712,0,MR,H,evaluation,0,0,0.4352632164955139,0,0.870914101600647,False,2,0.0,0,"[0.270758, 0.045287, 0.258955, 0.355626, 0.069373]"
Squirrel,client,42,723,0,MR,H,evaluation,4,0,0.5714171528816223,0,0.6547627449035645,True,12,0.3333333333333333,0,"[0.022612, 0.084535, 0.283525, 0.522399, 0.086929]"
Squirrel,client,42,733,0,MR,H,evaluation,1,0,0.392254501581192,0,0.6547627449035645,True,2,0.0,0,"[0.423966, 0.123237, 0.143917, 0.253652, 0.055227]"
Squirrel,client,42,752,0,MR,H,evaluation,2,0,0.23219068348407745,0,0.5775445699691772,False,7,0.2857142857142857,0,"[0.025747, 0.120852, 0.178099, 0.467221, 0.208082]"
Squirrel,client,42,765,0,MR,H,evaluation,1,0,0.48208263516426086,0,0.6547627449035645,True,14,0.2857142857142857,0,"[0.135039, 0.139701, 0.296872, 0.296641, 0.131747]"
Squirrel,client,42,799,0,MR,H,evaluation,2,0,0.37278950214385986,0,0.5775445699691772,False,2,0.0,0,"[0.069143, 0.054638, 0.299425, 0.404601, 0.172193]"
Squirrel,client,42,811,0,MR,H,evaluation,0,0,0.536109983921051,0,0.870914101600647,False,4,0.0,1,"[0.483555, 0.088594, 0.29433, 0.114684, 0.018837]"
Squirrel,client,42,814,0,MR,H,evaluation,4,0,0.4763389229774475,0,0.6547627449035645,True,12,0.25,0,"[0.185452, 0.045576, 0.262062, 0.352745, 0.154165]"
Squirrel,client,42,822,0,MR,H,evaluation,4,0,0.48220959305763245,0,0.6547627449035645,True,4,0.25,0,"[0.236028, 0.59099, 0.076303, 0.086101, 0.010578]"
Squirrel,client,42,825,0,MR,H,evaluation,2,0,0.06656016409397125,0,0.5775445699691772,False,4,0.25,0,"[0.006302, 0.013272, 0.06675, 0.773181, 0.140495]"
Squirrel,client,42,827,0,MR,H,evaluation,2,0,0.4341803193092346,0,0.5775445699691772,False,1,0.0,0,"[0.451313, 0.136853, 0.235772, 0.153812, 0.022249]"
Squirrel,client,42,833,0,MR,H,evaluation,4,0,0.6594954133033752,1,0.6547627449035645,True,1,0.0,0,"[0.942397, 0.019169, 0.00404, 0.03069, 0.003703]"
Squirrel,client,42,843,0,MR,H,evaluation,0,0,0.38774240016937256,0,0.870914101600647,False,3,0.3333333333333333,1,"[0.298653, 0.189037, 0.258761, 0.178796, 0.074753]"
Squirrel,client,42,845,0,MR,H,evaluation,1,0,0.5262362360954285,0,0.6547627449035645,True,2,0.0,0,"[0.114218, 0.063448, 0.079058, 0.626642, 0.116633]"
Squirrel,client,42,848,0,MR,H,evaluation,4,0,0.6327057480812073,0,0.6547627449035645,True,9,0.2222222222222222,0,"[7.1e-05, 0.000206, 0.12333, 0.861442, 0.014951]"
Squirrel,client,42,861,0,MR,H,evaluation,4,0,0.6343442797660828,0,0.6547627449035645,True,5,0.2,0,"[0.000815, 0.003365, 0.089078, 0.890835, 0.015908]"
Squirrel,client,42,863,0,MR,H,evaluation,2,0,0.44025638699531555,0,0.5775445699691772,False,4,0.25,1,"[0.204155, 0.098146, 0.276938, 0.213374, 0.207387]"
Squirrel,client,42,881,0,MR,H,evaluation,1,0,0.6116441488265991,0,0.6547627449035645,True,4,0.0,0,"[0.001994, 0.009295, 0.279824, 0.657457, 0.05143]"
Squirrel,client,42,894,0,MR,H,evaluation,0,0,0.3396792411804199,0,0.870914101600647,False,8,0.0,0,"[0.183015, 0.201968, 0.170099, 0.283048, 0.16187]"
Squirrel,client,42,965,0,MR,H,evaluation,3,0,0.5419385433197021,0,0.6547627449035645,True,7,0.2857142857142857,1,"[0.067453, 0.09758, 0.181219, 0.549398, 0.10435]"
Squirrel,client,42,974,0,MR,H,evaluation,4,0,0.6039254665374756,0,0.6547627449035645,True,9,0.4444444444444444,0,"[0.045013, 0.006189, 0.109039, 0.824522, 0.015237]"
Squirrel,client,42,997,0,MR,H,evaluation,0,0,0.45849788188934326,0,0.870914101600647,False,7,0.2857142857142857,1,"[0.360064, 0.126559, 0.259597, 0.21783, 0.03595]"
Squirrel,client,42,1009,0,MR,H,evaluation,4,0,0.6245443224906921,0,0.6547627449035645,True,7,0.42857142857142855,0,"[0.011091, 0.00214, 0.123881, 0.842454, 0.020434]"
Squirrel,client,42,1028,0,MR,H,evaluation,2,0,0.4106553792953491,0,0.5775445699691772,False,0,,0,"[0.388168, 0.18537, 0.206401, 0.190824, 0.029238]"
Squirrel,client,42,1029,0,MR,H,evaluation,4,0,0.49503278732299805,0,0.6547627449035645,True,14,0.42857142857142855,0,"[0.08169, 0.212863, 0.299111, 0.319646, 0.086691]"
Squirrel,client,42,1033,0,MR,H,evaluation,0,0,0.6046459078788757,0,0.870914101600647,False,0,,1,"[0.627432, 0.177798, 0.165144, 0.01708, 0.012545]"
Squirrel,client,42,1034,0,MR,H,evaluation,3,0,0.4442083537578583,0,0.6547627449035645,True,20,0.15,1,"[0.224501, 0.114341, 0.045665, 0.481657, 0.133835]"
Squirrel,client,42,1045,0,MR,H,evaluation,3,0,0.5313037037849426,0,0.6547627449035645,True,4,0.25,0,"[0.149842, 0.001522, 0.794036, 0.044951, 0.009649]"
Squirrel,client,42,1089,0,MR,H,evaluation,3,0,0.6034278869628906,0,0.6547627449035645,True,2,0.5,1,"[0.008179, 0.010728, 0.247973, 0.640639, 0.092481]"
Squirrel,client,42,1108,0,MR,H,evaluation,0,0,0.4655144214630127,0,0.870914101600647,False,10,0.2,1,"[0.312011, 0.18764, 0.107639, 0.241, 0.15171]"
Squirrel,client,42,1120,0,MR,H,evaluation,0,0,0.27946868538856506,0,0.870914101600647,False,2,0.0,0,"[0.123057, 0.191557, 0.275359, 0.258367, 0.15166]"
Squirrel,client,42,1216,0,MR,H,evaluation,3,0,0.47955122590065,0,0.6547627449035645,True,2,0.5,0,"[0.706086, 0.031755, 0.18454, 0.051843, 0.025776]"
Squirrel,client,42,1217,0,MR,H,evaluation,3,0,0.5570749640464783,0,0.6547627449035645,True,1,0.0,0,"[0.003732, 0.016167, 0.365308, 0.049473, 0.565321]"
Squirrel,client,42,1237,0,MR,H,evaluation,1,0,0.42691558599472046,0,0.6547627449035645,True,1,0.0,0,"[0.286627, 0.071931, 0.254136, 0.333767, 0.053539]"
Squirrel,client,42,1244,0,MR,H,evaluation,2,0,0.6904885172843933,1,0.5775445699691772,False,4,0.0,1,"[0.104516, 0.130865, 0.48747, 0.204955, 0.072195]"
Squirrel,client,42,1255,0,MR,H,evaluation,0,0,0.5256962776184082,0,0.870914101600647,False,1,0.0,1,"[0.474783, 0.24634, 0.104531, 0.111901, 0.062445]"
Squirrel,client,42,1262,0,MR,H,evaluation,4,0,0.39963585138320923,0,0.6547627449035645,True,2,1.0,0,"[0.319408, 0.185318, 0.121462, 0.24313, 0.130683]"
Squirrel,client,42,1282,0,MR,H,evaluation,1,0,0.637498140335083,0,0.6547627449035645,True,3,0.0,0,"[0.000351, 0.011734, 0.041112, 0.934325, 0.012479]"
Squirrel,client,42,1283,0,MR,H,evaluation,0,0,0.3074932396411896,0,0.870914101600647,False,2,0.0,0,"[0.336797, 0.34451, 0.208611, 0.071742, 0.038339]"
Squirrel,client,42,1288,0,MR,H,evaluation,3,0,0.5196835994720459,0,0.6547627449035645,True,9,0.1111111111111111,0,"[0.064042, 0.15609, 0.399275, 0.257059, 0.123535]"
Squirrel,client,42,1303,0,MR,H,evaluation,3,0,0.493986576795578,0,0.6547627449035645,True,3,0.3333333333333333,0,"[0.689321, 0.102958, 0.161388, 0.014349, 0.031984]"
Squirrel,client,42,1312,0,MR,H,evaluation,3,0,0.5072107911109924,0,0.6547627449035645,True,1,0.0,1,"[0.012753, 0.293297, 0.311376, 0.312557, 0.070016]"
Squirrel,client,42,1314,0,MR,H,evaluation,0,0,0.2758430242538452,0,0.870914101600647,False,1,0.0,0,"[0.15218, 0.142405, 0.37272, 0.279614, 0.053081]"
Squirrel,client,42,1316,0,MR,H,evaluation,2,0,0.3128746747970581,0,0.5775445699691772,False,1,0.0,0,"[0.128191, 0.245997, 0.164829, 0.337823, 0.12316]"
Squirrel,client,42,1326,0,MR,H,evaluation,4,0,0.5096824765205383,0,0.6547627449035645,True,3,0.3333333333333333,0,"[0.105413, 0.130568, 0.486875, 0.202203, 0.07494]"
Squirrel,client,42,1332,0,MR,H,evaluation,2,0,0.47803542017936707,0,0.5775445699691772,False,2,0.0,0,"[0.512097, 0.111356, 0.25852, 0.054557, 0.06347]"
Squirrel,client,42,1337,0,MR,H,evaluation,2,0,0.2304864227771759,0,0.5775445699691772,False,10,0.0,0,"[0.521176, 0.147047, 0.067727, 0.185415, 0.078635]"
Squirrel,client,42,1338,0,MR,H,evaluation,2,0,0.3169194757938385,0,0.5775445699691772,False,13,0.15384615384615385,0,"[0.095252, 0.135435, 0.223116, 0.417955, 0.128241]"
Squirrel,client,42,1345,0,MR,H,evaluation,0,0,0.5224273800849915,0,0.870914101600647,False,0,,1,"[0.474101, 0.179235, 0.18598, 0.135667, 0.025018]"
Squirrel,client,42,1376,0,MR,H,evaluation,0,0,0.6707803010940552,0,0.870914101600647,False,0,,1,"[0.624287, 0.18772, 0.052059, 0.099576, 0.036358]"
Squirrel,client,42,1385,0,MR,H,evaluation,2,0,0.4879812002182007,0,0.5775445699691772,False,1,0.0,0,"[0.274254, 0.156265, 0.269604, 0.150127, 0.149751]"
Squirrel,client,42,1386,0,MR,H,evaluation,4,0,0.5444985032081604,0,0.6547627449035645,True,23,0.2608695652173913,0,"[0.03668, 0.150778, 0.255491, 0.486255, 0.070796]"
Squirrel,client,42,1410,0,MR,H,evaluation,0,0,0.5202865600585938,0,0.870914101600647,False,1,0.0,1,"[0.436204, 0.167212, 0.175278, 0.184282, 0.037025]"
Squirrel,client,42,1418,0,MR,H,evaluation,3,0,0.4123479723930359,0,0.6547627449035645,True,0,,0,"[0.514142, 0.032231, 0.270756, 0.011263, 0.171608]"
Squirrel,client,42,1435,0,MR,H,evaluation,1,0,0.6138821840286255,0,0.6547627449035645,True,0,,1,"[0.058505, 0.86979, 0.046188, 0.02367, 0.001848]"
Squirrel,client,42,1438,0,MR,H,evaluation,1,0,0.5104043483734131,0,0.6547627449035645,True,3,0.0,0,"[0.091383, 0.132094, 0.200763, 0.4365, 0.13926]"
Squirrel,client,42,1463,0,MR,H,evaluation,4,0,0.4154616594314575,0,0.6547627449035645,True,1,1.0,0,"[0.343104, 0.023886, 0.211283, 0.134215, 0.287513]"
Squirrel,client,42,1474,0,MR,H,evaluation,4,0,0.5279244780540466,0,0.6547627449035645,True,1,1.0,0,"[0.088276, 0.029146, 0.128785, 0.472618, 0.281176]"
Squirrel,client,42,1480,0,MR,H,evaluation,3,0,0.5064912438392639,0,0.6547627449035645,True,2,0.0,1,"[0.139629, 0.051362, 0.06388, 0.580418, 0.16471]"
Squirrel,client,42,1486,0,MR,H,evaluation,1,0,0.41748782992362976,0,0.6547627449035645,True,0,,0,"[0.523938, 0.155673, 0.029603, 0.252161, 0.038625]"
Squirrel,client,42,1490,0,MR,H,evaluation,1,0,0.41258564591407776,0,0.6547627449035645,True,0,,0,"[0.548317, 0.034591, 0.152542, 0.203624, 0.060925]"
Squirrel,client,42,1497,0,MR,H,evaluation,2,0,0.49730128049850464,0,0.5775445699691772,False,1,0.0,0,"[0.47356, 0.119579, 0.27014, 0.057789, 0.078933]"
Squirrel,client,42,1509,0,MR,H,evaluation,0,0,0.4499010443687439,0,0.870914101600647,False,0,,1,"[0.480789, 0.291723, 0.140216, 0.074732, 0.01254]"
Squirrel,client,42,1522,0,MR,H,evaluation,1,0,0.5589371919631958,0,0.6547627449035645,True,2,0.0,0,"[0.059039, 0.044515, 0.345749, 0.454862, 0.095835]"
Squirrel,client,42,1530,0,MR,H,evaluation,0,0,0.5750818252563477,0,0.870914101600647,False,1,0.0,1,"[0.602007, 0.28498, 0.039869, 0.067275, 0.005868]"
Squirrel,client,42,1531,0,MR,H,evaluation,4,0,0.5347087383270264,0,0.6547627449035645,True,17,0.29411764705882354,0,"[0.067754, 0.108074, 0.372265, 0.356962, 0.094946]"
Squirrel,client,42,1567,0,MR,H,evaluation,1,0,0.584102988243103,0,0.6547627449035645,True,2,0.0,0,"[0.046598, 0.002555, 0.327679, 0.572273, 0.050895]"
Squirrel,client,42,1587,0,MR,H,evaluation,3,0,0.5883192420005798,0,0.6547627449035645,True,9,0.0,1,"[0.014549, 0.090914, 0.182368, 0.67445, 0.037719]"
Squirrel,client,42,1605,0,MR,H,evaluation,0,0,0.6356136798858643,0,0.870914101600647,False,4,0.25,1,"[0.517491, 0.172903, 0.063064, 0.144154, 0.102387]"
Squirrel,client,42,1631,0,MR,H,evaluation,0,0,0.1974770724773407,0,0.870914101600647,False,3,0.3333333333333333,0,"[0.018625, 0.229625, 0.203099, 0.489527, 0.059123]"
Squirrel,client,42,1682,0,MR,H,evaluation,1,0,0.5395728349685669,0,0.6547627449035645,True,4,0.5,0,"[0.010533, 0.021835, 0.02837, 0.270208, 0.669054]"
Squirrel,client,42,1699,0,MR,H,evaluation,1,0,0.503933310508728,0,0.6547627449035645,True,1,0.0,0,"[0.127482, 0.038146, 0.254182, 0.324906, 0.255284]"
Squirrel,client,42,1707,0,MR,H,evaluation,2,0,0.24693453311920166,0,0.5775445699691772,False,1,0.0,0,"[0.271366, 0.104832, 0.149207, 0.341955, 0.132639]"
Squirrel,client,42,1712,0,MR,H,evaluation,1,0,0.4218041002750397,0,0.6547627449035645,True,5,0.4,0,"[0.220138, 0.225897, 0.159446, 0.254754, 0.139766]"
Squirrel,client,42,1740,0,MR,H,evaluation,1,0,0.6039453148841858,0,0.6547627449035645,True,1,1.0,1,"[0.04606, 0.851882, 0.070557, 0.006484, 0.025017]"
Squirrel,client,42,1741,0,MR,H,evaluation,4,0,0.4809562861919403,0,0.6547627449035645,True,0,,0,"[0.167453, 0.132366, 0.062911, 0.579642, 0.057628]"
Squirrel,client,42,1742,0,MR,H,evaluation,3,0,0.6444683074951172,0,0.6547627449035645,True,6,0.3333333333333333,1,"[6.9e-05, 0.000896, 0.017411, 0.980492, 0.001132]"
Squirrel,client,42,1743,0,MR,H,evaluation,0,0,0.42491772770881653,0,0.870914101600647,False,2,0.0,1,"[0.306373, 0.229634, 0.141131, 0.21273, 0.110131]"
Squirrel,client,42,1801,0,MR,H,evaluation,2,0,0.45667341351509094,0,0.5775445699691772,False,11,0.18181818181818182,0,"[0.069122, 0.101894, 0.346966, 0.430705, 0.051312]"
Squirrel,client,42,1824,0,MR,H,evaluation,3,0,0.5642282962799072,0,0.6547627449035645,True,5,0.4,1,"[0.026021, 0.083944, 0.171894, 0.555811, 0.16233]"
Squirrel,client,42,1825,0,MR,H,evaluation,4,0,0.4555267095565796,0,0.6547627449035645,True,0,,0,"[0.131608, 0.560073, 0.234114, 0.046231, 0.027975]"
Squirrel,client,42,1839,0,MR,H,evaluation,3,0,0.5606551766395569,0,0.6547627449035645,True,17,0.058823529411764705,1,"[0.093226, 0.036039, 0.104284, 0.735705, 0.030747]"
Squirrel,client,42,1841,0,MR,H,evaluation,1,0,0.45485836267471313,0,0.6547627449035645,True,1,0.0,0,"[0.169819, 0.137872, 0.181596, 0.238942, 0.271771]"
Squirrel,client,42,1871,0,MR,H,evaluation,3,0,0.45749446749687195,0,0.6547627449035645,True,8,0.125,1,"[0.168941, 0.167802, 0.194505, 0.353962, 0.11479]"
Squirrel,client,42,1875,0,MR,H,evaluation,3,0,0.45443326234817505,0,0.6547627449035645,True,2,0.0,1,"[0.183583, 0.146948, 0.256259, 0.297455, 0.115755]"
Squirrel,client,42,1880,0,MR,H,evaluation,4,0,0.5936289429664612,0,0.6547627449035645,True,1,1.0,0,"[0.037022, 0.045248, 0.072563, 0.78261, 0.062556]"
Squirrel,client,42,1881,0,MR,H,evaluation,2,0,0.1635027825832367,0,0.5775445699691772,False,2,0.5,0,"[0.000291, 0.006479, 0.22267, 0.745174, 0.025386]"
Squirrel,client,42,1892,0,MR,H,evaluation,3,0,0.5809102654457092,0,0.6547627449035645,True,5,0.0,0,"[0.038759, 0.03696, 0.615806, 0.238702, 0.069773]"
Squirrel,client,42,1898,0,MR,H,evaluation,2,0,0.20189975202083588,0,0.5775445699691772,False,1,0.0,0,"[0.076628, 0.083765, 0.169116, 0.510419, 0.160073]"
Squirrel,client,42,1924,0,MR,H,evaluation,0,0,0.24469447135925293,0,0.870914101600647,False,1,0.0,0,"[0.070348, 0.066035, 0.45034, 0.30867, 0.104606]"
Squirrel,client,42,1938,0,MR,H,evaluation,4,0,0.5427379608154297,0,0.6547627449035645,True,4,0.0,0,"[0.082703, 0.051828, 0.381038, 0.39173, 0.092701]"
Squirrel,client,42,1939,0,MR,H,evaluation,0,0,0.43156710267066956,0,0.870914101600647,False,1,0.0,1,"[0.353976, 0.23217, 0.160648, 0.208086, 0.04512]"
Squirrel,client,42,1943,0,MR,H,evaluation,0,0,0.22766894102096558,0,0.870914101600647,False,1,0.0,0,"[0.203778, 0.448856, 0.14795, 0.118063, 0.081353]"
Squirrel,client,42,1944,0,MR,H,evaluation,0,0,0.7786486148834229,0,0.870914101600647,False,0,,1,"[0.767061, 0.095075, 0.069781, 0.040547, 0.027535]"
Squirrel,client,42,1963,0,MR,H,evaluation,3,0,0.6377537250518799,0,0.6547627449035645,True,2,0.0,1,"[0.000161, 0.007225, 0.050204, 0.929031, 0.013379]"
Squirrel,client,42,1969,0,MR,H,evaluation,0,0,0.7516902685165405,0,0.870914101600647,False,1,0.0,1,"[0.698072, 0.090372, 0.088218, 0.09062, 0.032718]"
Squirrel,client,42,1978,0,MR,H,evaluation,4,0,0.6075304746627808,0,0.6547627449035645,True,5,0.2,0,"[0.014608, 0.0264, 0.227089, 0.7126, 0.019303]"
Squirrel,client,42,1979,0,MR,H,evaluation,2,0,0.23941347002983093,0,0.5775445699691772,False,3,0.0,0,"[0.051056, 0.108581, 0.198456, 0.524505, 0.117402]"
Squirrel,client,42,1988,0,MR,H,evaluation,1,0,0.41155850887298584,0,0.6547627449035645,True,1,0.0,0,"[0.265487, 0.185216, 0.214243, 0.205909, 0.129145]"
Squirrel,client,42,1996,0,MR,H,evaluation,0,0,0.3375978171825409,0,0.870914101600647,False,1,0.0,0,"[0.178786, 0.162112, 0.213748, 0.306218, 0.139136]"
Squirrel,client,42,2000,0,MR,H,evaluation,0,0,0.6480425000190735,0,0.870914101600647,False,0,,1,"[0.63393, 0.067653, 0.252467, 0.036883, 0.009066]"
Squirrel,client,42,2016,0,MR,H,evaluation,0,0,0.570245087146759,0,0.870914101600647,False,2,0.0,1,"[0.424478, 0.188279, 0.063529, 0.176906, 0.146808]"
Squirrel,client,42,2021,0,MR,H,evaluation,4,0,0.5129702091217041,0,0.6547627449035645,True,7,0.14285714285714285,0,"[0.747912, 0.031721, 0.013583, 0.196324, 0.010459]"
Squirrel,client,42,2023,0,MR,H,evaluation,3,0,0.41843411326408386,0,0.6547627449035645,True,0,,0,"[0.529586, 0.002148, 0.244296, 0.029729, 0.194241]"
Squirrel,client,42,2074,0,MR,H,evaluation,0,0,0.48620274662971497,0,0.870914101600647,False,0,,1,"[0.356951, 0.089253, 0.265736, 0.217385, 0.070675]"
Squirrel,client,42,2107,0,MR,H,evaluation,0,0,0.3089113235473633,0,0.870914101600647,False,0,,0,"[0.144402, 0.05186, 0.229724, 0.568588, 0.005425]"
Squirrel,client,42,2128,0,MR,H,evaluation,2,0,0.1444290727376938,0,0.5775445699691772,False,1,0.0,0,"[0.000257, 0.00911, 0.20273, 0.763993, 0.02391]"
Squirrel,client,42,2144,0,MR,H,evaluation,1,0,0.6351319551467896,0,0.6547627449035645,True,1,0.0,0,"[6.2e-05, 0.002219, 0.108221, 0.884369, 0.005129]"
Squirrel,client,42,2145,0,MR,H,evaluation,4,0,0.48579174280166626,0,0.6547627449035645,True,0,,0,"[0.057227, 0.645014, 0.139595, 0.116819, 0.041345]"
Squirrel,client,42,2149,0,MR,H,evaluation,2,0,0.6291026473045349,1,0.5775445699691772,False,1,0.0,1,"[0.075589, 0.104038, 0.456477, 0.285348, 0.078548]"
Squirrel,client,42,2164,0,MR,H,evaluation,4,0,0.5974963903427124,0,0.6547627449035645,True,1,0.0,0,"[0.017961, 0.00514, 0.812799, 0.022289, 0.141811]"
Squirrel,client,42,2171,0,MR,H,evaluation,0,0,0.8185403943061829,0,0.870914101600647,False,0,,1,"[0.840544, 0.08267, 0.033854, 0.030518, 0.012414]"
Squirrel,client,42,2182,0,MR,H,evaluation,1,0,0.4839008152484894,0,0.6547627449035645,True,0,,0,"[0.594467, 0.173221, 0.024428, 0.090056, 0.117829]"
Squirrel,client,42,1220,6,MR,H,evaluation,0,0,0.7555042505264282,0,0.870914101600647,False,2,0.0,1,"[0.730374, 0.113401, 0.076067, 0.034661, 0.045497]"
Squirrel,client,42,1306,6,MR,H,evaluation,1,0,0.5507636070251465,0,0.6547627449035645,True,7,0.42857142857142855,0,"[0.748876, 0.101273, 0.05603, 0.047407, 0.046415]"
Squirrel,client,42,1380,6,MR,H,evaluation,0,0,0.1690165251493454,0,0.870914101600647,False,1,0.0,0,"[0.189093, 0.598344, 0.068178, 0.08555, 0.058835]"
Squirrel,client,42,1426,6,MR,H,evaluation,3,0,0.45751139521598816,0,0.6547627449035645,True,10,0.2,1,"[0.150906, 0.225945, 0.174109, 0.384738, 0.064302]"
Squirrel,client,42,1439,6,MR,H,evaluation,3,0,0.4554201364517212,0,0.6547627449035645,True,14,0.21428571428571427,0,"[0.164659, 0.518457, 0.0526, 0.18689, 0.077393]"
Squirrel,client,42,1467,6,MR,H,evaluation,0,0,0.30378246307373047,0,0.870914101600647,False,1,0.0,0,"[0.270607, 0.341301, 0.194216, 0.103703, 0.090173]"
Squirrel,client,42,1472,6,MR,H,evaluation,0,0,0.5696039199829102,0,0.870914101600647,False,1,0.0,1,"[0.453572, 0.170965, 0.12841, 0.137842, 0.109211]"
Squirrel,client,42,1479,6,MR,H,evaluation,0,0,0.22053267061710358,0,0.870914101600647,False,12,0.0,0,"[0.218394, 0.533548, 0.050936, 0.134656, 0.062466]"
Squirrel,client,42,1540,6,MR,H,evaluation,2,0,0.31105366349220276,0,0.5775445699691772,False,3,0.0,0,"[0.349248, 0.210457, 0.120212, 0.171952, 0.148131]"
Squirrel,client,42,1543,6,MR,H,evaluation,1,0,0.39932015538215637,0,0.6547627449035645,True,2,0.0,0,"[0.335524, 0.160565, 0.175176, 0.180787, 0.147948]"
Squirrel,client,42,1593,6,MR,H,evaluation,0,0,0.804023802280426,0,0.870914101600647,False,5,0.0,1,"[0.810109, 0.089199, 0.043497, 0.040074, 0.017122]"
Squirrel,client,42,1599,6,MR,H,evaluation,1,0,0.5768946409225464,0,0.6547627449035645,True,0,,0,"[0.052522, 0.042414, 0.824776, 0.041604, 0.038684]"
Squirrel,client,42,1609,6,MR,H,evaluation,0,0,0.7497939467430115,0,0.870914101600647,False,0,,1,"[0.745845, 0.147217, 0.036618, 0.056682, 0.013637]"
Squirrel,client,42,1610,6,MR,H,evaluation,0,0,0.12425084412097931,0,0.870914101600647,False,1,0.0,0,"[0.1594, 0.696004, 0.048655, 0.052455, 0.043486]"
Squirrel,client,42,1617,6,MR,H,evaluation,4,0,0.5018777847290039,0,0.6547627449035645,True,13,0.23076923076923078,0,"[0.651393, 0.195855, 0.074512, 0.066018, 0.012222]"
Squirrel,client,42,1695,6,MR,H,evaluation,0,0,0.5083221793174744,0,0.870914101600647,False,0,,1,"[0.56107, 0.329185, 0.056058, 0.034554, 0.019134]"
Squirrel,client,42,1720,6,MR,H,evaluation,0,0,0.4903590679168701,0,0.870914101600647,False,2,0.0,1,"[0.442536, 0.264592, 0.090167, 0.179526, 0.023179]"
Squirrel,client,42,1725,6,MR,H,evaluation,3,0,0.4822859466075897,0,0.6547627449035645,True,5,0.0,0,"[0.649605, 0.128452, 0.085319, 0.094522, 0.042102]"
Squirrel,client,42,1774,6,MR,H,evaluation,0,0,0.19139355421066284,0,0.870914101600647,False,2,0.5,0,"[0.152738, 0.469663, 0.167475, 0.130764, 0.079361]"
Squirrel,client,42,1785,6,MR,H,evaluation,2,0,0.6696127653121948,1,0.5775445699691772,False,0,,1,"[0.068057, 0.005016, 0.576764, 0.288895, 0.061268]"
Squirrel,client,42,1788,6,MR,H,evaluation,1,0,0.46931692957878113,0,0.6547627449035645,True,2,0.0,0,"[0.620505, 0.127928, 0.100143, 0.078119, 0.073305]"
Squirrel,client,42,1821,6,MR,H,evaluation,3,0,0.5527676939964294,0,0.6547627449035645,True,2,0.0,1,"[0.049771, 0.008549, 0.286415, 0.332349, 0.322916]"
Squirrel,client,42,1853,6,MR,H,evaluation,4,0,0.4697674512863159,0,0.6547627449035645,True,9,0.3333333333333333,0,"[0.177346, 0.551084, 0.049102, 0.145597, 0.076871]"
Squirrel,client,42,1870,6,MR,H,evaluation,4,0,0.4494614899158478,0,0.6547627449035645,True,0,,0,"[0.227065, 0.077434, 0.357367, 0.19012, 0.148015]"
Squirrel,client,42,1953,6,MR,H,evaluation,1,0,0.3888460695743561,0,0.6547627449035645,True,1,0.0,0,"[0.364063, 0.211901, 0.147347, 0.246011, 0.030677]"
Squirrel,client,42,1981,6,MR,H,evaluation,4,0,0.43583691120147705,0,0.6547627449035645,True,12,0.3333333333333333,0,"[0.250584, 0.440033, 0.073696, 0.131526, 0.104161]"
Squirrel,client,42,1995,6,MR,H,evaluation,1,0,0.6033620238304138,0,0.6547627449035645,True,1,0.0,0,"[0.829592, 0.096525, 0.033919, 0.030851, 0.009112]"
Squirrel,client,42,2054,6,MR,H,evaluation,2,0,0.2399558573961258,0,0.5775445699691772,False,4,0.25,0,"[0.110777, 0.273431, 0.111328, 0.379354, 0.12511]"
Squirrel,client,42,2059,6,MR,H,evaluation,3,0,0.4623987078666687,0,0.6547627449035645,True,1,0.0,0,"[0.239971, 0.527708, 0.108649, 0.059059, 0.064613]"
Squirrel,client,42,2063,6,MR,H,evaluation,2,0,0.3159540593624115,0,0.5775445699691772,False,3,0.0,0,"[0.449182, 0.204624, 0.109237, 0.126284, 0.110673]"
Squirrel,client,42,2065,6,MR,H,evaluation,3,0,0.441310316324234,0,0.6547627449035645,True,8,0.375,0,"[0.151597, 0.448111, 0.076204, 0.218025, 0.106062]"
Squirrel,client,42,2174,6,MR,H,evaluation,2,0,0.30367380380630493,0,0.5775445699691772,False,0,,0,"[0.39201, 0.361139, 0.074241, 0.160845, 0.011765]"
Squirrel,client,42,2185,6,MR,H,evaluation,3,0,0.5432495474815369,0,0.6547627449035645,True,4,0.25,1,"[0.039348, 0.10785, 0.22617, 0.442986, 0.183646]"
Squirrel,client,42,2192,6,MR,H,evaluation,1,0,0.48074203729629517,0,0.6547627449035645,True,1,0.0,1,"[0.250556, 0.559239, 0.061618, 0.074002, 0.054585]"
Squirrel,client,42,2201,6,MR,H,evaluation,2,0,0.2963096499443054,0,0.5775445699691772,False,0,,0,"[0.165103, 0.604617, 0.081716, 0.088035, 0.060529]"
Squirrel,client,42,2208,6,MR,H,evaluation,2,0,0.23409825563430786,0,0.5775445699691772,False,0,,0,"[0.774466, 0.109499, 0.049235, 0.049177, 0.017622]"
Squirrel,client,42,2214,6,MR,H,evaluation,0,0,0.5802218914031982,0,0.870914101600647,False,0,,1,"[0.574787, 0.277321, 0.047171, 0.044703, 0.056017]"
